fold_name,control,embedding_control,xyz_control,num_eval_tokens,accuracy,kappa,nll,brier,ece,mean_confidence,mean_total_uncertainty,mean_aleatoric_uncertainty,mean_epistemic_uncertainty,error_auroc_total_uncertainty,error_auprc_total_uncertainty,error_auroc_epistemic,error_auprc_epistemic,accuracy_at_100pct_coverage,risk_at_100pct_coverage,accuracy_at_95pct_coverage,risk_at_95pct_coverage,accuracy_at_90pct_coverage,risk_at_90pct_coverage,accuracy_at_80pct_coverage,risk_at_80pct_coverage,accuracy_at_70pct_coverage,risk_at_70pct_coverage,accuracy_at_50pct_coverage,risk_at_50pct_coverage,aurc,agreement_with_true_labels,predicted_class_entropy,predicted_max_class_fraction,mean_variation_ratio,method
A1,real,gaussian_full,xyz_4sigma,26.0,0.8846153846153846,0.7111111111111112,0.1749564707279205,0.1059895381331443,0.0779775461325278,0.8874332904815674,0.2708106338977813,0.2533928155899048,0.0174178276211023,0.9855072463768116,0.9166666666666664,0.9855072463768116,0.9166666666666664,0.8846153846153846,0.1153846153846154,0.92,0.0799999999999999,0.9583333333333334,0.0416666666666666,1.0,0.0,1.0,0.0,1.0,0.0,0.0085706628934053,0.8846153846153846,0.7968838393163717,0.7307692307692307,0.112566766830591,MC dropout
A1,embedding_only,gaussian_full,xyz_4sigma,26.0,0.9230769230769232,0.8066914498141264,0.2068782895803451,0.1193807572126388,0.083545283629344,0.8956687450408936,0.2938199639320373,0.2783044576644897,0.0155155202373862,0.9375,0.5,0.9583333333333331,0.75,0.9230769230769232,0.0769230769230768,0.92,0.0799999999999999,0.9583333333333334,0.0416666666666666,1.0,0.0,1.0,0.0,1.0,0.0,0.0078310179229911,0.9230769230769232,0.7435648254271452,0.7307692307692307,0.1043313237336965,MC dropout
A1,xyz_only,gaussian_full,xyz_4sigma,26.0,0.8076923076923077,0.3896713615023475,0.406345397233963,0.2378050684928894,0.1038301174457256,0.8993313908576965,0.2533296644687652,0.2385355085134506,0.0147941503673791,0.9714285714285714,0.8766666666666667,0.9714285714285714,0.8766666666666667,0.8076923076923077,0.1923076923076923,0.84,0.16,0.875,0.125,0.9523809523809524,0.0476190476190476,1.0,0.0,1.0,0.0,0.0250044910496415,0.8076923076923077,0.3576271598532216,0.8846153846153846,0.1006685930948991,MC dropout
A1,embedding_and_xyz,gaussian_full,xyz_4sigma,26.0,0.7692307692307693,0.1958762886597937,0.4541749954223633,0.269698828458786,0.1462568308298404,0.8977622389793396,0.2546600103378296,0.2410863488912582,0.0135736083611845,1.0,1.0,1.0,1.0,0.7692307692307693,0.2307692307692307,0.8,0.1999999999999999,0.8333333333333334,0.1666666666666666,0.9523809523809524,0.0476190476190476,1.0,0.0,1.0,0.0,0.0288851616610813,0.7692307692307693,0.2711893730418441,0.9230769230769232,0.1022378183328188,MC dropout
A10,real,gaussian_full,xyz_4sigma,19.0,0.5789473684210527,0.3968253968253968,0.7156649231910706,0.4655060470104217,0.2352181814218822,0.7359440326690674,0.6690869331359863,0.6154193878173828,0.0536675080657005,0.7613636363636364,0.7018554362304362,0.7727272727272727,0.6613553113553113,0.5789473684210527,0.4210526315789473,0.5789473684210527,0.4210526315789473,0.6111111111111112,0.3888888888888888,0.625,0.375,0.5714285714285714,0.4285714285714286,0.8,0.1999999999999999,0.2019306929197755,0.5789473684210527,1.2381696412229657,0.3684210526315789,0.2640560049759714,MC dropout
A10,embedding_only,gaussian_full,xyz_4sigma,19.0,0.631578947368421,0.4316239316239315,0.6647655963897705,0.425010085105896,0.2987635072908903,0.7035674452781677,0.7278687953948975,0.6698452830314636,0.058023601770401,0.738095238095238,0.5304421768707483,0.7023809523809523,0.5421467421467421,0.631578947368421,0.368421052631579,0.631578947368421,0.368421052631579,0.6111111111111112,0.3888888888888888,0.625,0.375,0.6428571428571429,0.3571428571428571,0.8,0.1999999999999999,0.1697874690623591,0.631578947368421,1.2112144216250416,0.4210526315789473,0.2964325735443516,MC dropout
A10,xyz_only,gaussian_full,xyz_4sigma,19.0,0.3684210526315789,0.2549019607843137,2.386818647384644,1.1360182762145996,0.6267493900499845,0.866391658782959,0.430501788854599,0.4018234014511108,0.0286783948540687,0.1309523809523809,0.4918277925921114,0.1547619047619047,0.4881451326594516,0.3684210526315789,0.631578947368421,0.3684210526315789,0.631578947368421,0.3333333333333333,0.6666666666666667,0.3125,0.6875,0.2857142857142857,0.7142857142857143,0.1,0.9,0.825067843323913,0.3684210526315789,0.8092054732283176,0.631578947368421,0.1336083318057813,MC dropout
A10,embedding_and_xyz,gaussian_full,xyz_4sigma,19.0,0.2631578947368421,0.1335504885993486,2.066803216934204,1.1436132192611694,0.6127663019456361,0.7952819466590881,0.5771803855895996,0.5386511087417603,0.0385292656719684,0.3,0.7239777456191653,0.4142857142857143,0.7692223819352302,0.2631578947368421,0.736842105263158,0.2631578947368421,0.736842105263158,0.2777777777777778,0.7222222222222222,0.25,0.75,0.2857142857142857,0.7142857142857143,0.1,0.9,0.8265147097394123,0.2631578947368421,0.6236548495681085,0.6842105263157895,0.2047180000104402,MC dropout
A11,real,gaussian_full,xyz_4sigma,17.0,0.9411764705882352,0.8843537414965986,0.2439363151788711,0.1258544623851776,0.0973376491490532,0.8438388109207153,0.3855701982975006,0.3634411990642547,0.0221289619803428,1.0,1.0,0.9375,0.5,0.9411764705882352,0.0588235294117647,0.9411764705882352,0.0588235294117647,1.0,0.0,1.0,0.0,1.0,0.0,1.0,0.0,0.0017301038062283,0.9411764705882352,0.8463658296262874,0.5882352941176471,0.1561611540177289,MC dropout
A11,embedding_only,gaussian_full,xyz_4sigma,17.0,0.8235294117647058,0.6751592356687898,0.3532609641551971,0.2130004614591598,0.19055476083475,0.8287425637245178,0.4266198873519897,0.3992999494075775,0.0273199081420898,0.9761904761904764,0.9166666666666664,0.9523809523809524,0.8055555555555556,0.8235294117647058,0.1764705882352941,0.8235294117647058,0.1764705882352941,0.875,0.125,0.9285714285714286,0.0714285714285714,1.0,0.0,1.0,0.0,0.0206665018948756,0.8235294117647058,1.0375911080918452,0.5294117647058824,0.17125745380626,MC dropout
A11,xyz_only,gaussian_full,xyz_4sigma,17.0,0.5882352941176471,0.0,1.1179126501083374,0.623532235622406,0.3275406711241778,0.9157758951187134,0.2689847648143768,0.2575063109397888,0.0114784520119428,1.0,1.0,1.0,1.0,0.5882352941176471,0.4117647058823529,0.5882352941176471,0.4117647058823529,0.625,0.375,0.7142857142857143,0.2857142857142857,0.8333333333333334,0.1666666666666666,1.0,0.0,0.0993102917843402,0.5882352941176471,-0.0,1.0,0.0842240452766418,MC dropout
A11,embedding_and_xyz,gaussian_full,xyz_4sigma,17.0,0.5882352941176471,0.0,1.046829342842102,0.593025803565979,0.3021035439827863,0.8903388381004333,0.3114345669746399,0.2971027791500091,0.0143317822366952,1.0,1.0,1.0,1.0,0.5882352941176471,0.4117647058823529,0.5882352941176471,0.4117647058823529,0.625,0.375,0.7142857142857143,0.2857142857142857,0.8333333333333334,0.1666666666666666,1.0,0.0,0.0993102917843402,0.5882352941176471,-0.0,1.0,0.1096611794303445,MC dropout
A2,real,gaussian_full,xyz_4sigma,16.0,0.875,0.7837837837837838,0.317556083202362,0.188971534371376,0.210397308692336,0.8147299289703369,0.4607443213462829,0.4348228573799133,0.0259214397519826,0.7857142857142856,0.3928571428571428,0.7142857142857142,0.2916666666666666,0.875,0.125,0.875,0.125,0.8666666666666667,0.1333333333333333,0.9230769230769232,0.0769230769230768,0.9166666666666666,0.0833333333333333,1.0,0.0,0.0386517128704628,0.875,1.0408398374232388,0.625,0.1852700151503086,MC dropout
A2,embedding_only,gaussian_full,xyz_4sigma,16.0,0.9375,0.8896551724137931,0.2482924312353134,0.1302131116390228,0.1109112985432148,0.8265886902809143,0.45899099111557,0.4322939217090606,0.0266970917582511,0.6666666666666667,0.1666666666666666,0.7333333333333334,0.2,0.9375,0.0625,0.9375,0.0625,0.9333333333333332,0.0666666666666666,0.9230769230769232,0.0769230769230768,0.9166666666666666,0.0833333333333333,1.0,0.0,0.0262819212037962,0.9375,0.9214934308679616,0.625,0.1734113059937954,MC dropout
A2,xyz_only,gaussian_full,xyz_4sigma,16.0,0.6875,0.3548387096774194,0.6899370551109314,0.4273413121700287,0.2143310233950615,0.8339325189590454,0.3983459174633026,0.3772977888584137,0.0210481081157922,0.8545454545454545,0.6961904761904761,0.8545454545454545,0.6961904761904761,0.6875,0.3125,0.6875,0.3125,0.7333333333333333,0.2666666666666667,0.6923076923076923,0.3076923076923077,0.75,0.25,1.0,0.0,0.0967588401182151,0.6875,0.3767701612564367,0.875,0.1660674661397934,MC dropout
A2,embedding_and_xyz,gaussian_full,xyz_4sigma,16.0,0.6875,0.3846153846153846,0.5933319926261902,0.3732963800430298,0.1972711160778999,0.8203530311584473,0.4264372289180755,0.3992058038711548,0.0272314064204692,0.8909090909090909,0.7961904761904761,0.8727272727272727,0.6595238095238095,0.6875,0.3125,0.6875,0.3125,0.7333333333333333,0.2666666666666667,0.7692307692307693,0.2307692307692307,0.75,0.25,1.0,0.0,0.0874868620962371,0.6875,0.482577565177012,0.8125,0.1796470023691654,MC dropout
A3,real,gaussian_full,xyz_4sigma,14.0,0.7142857142857143,0.4814814814814814,0.4379240870475769,0.2492037266492843,0.2398416101932525,0.7783883810043335,0.611420214176178,0.5683934688568115,0.0430268086493015,1.0,1.0,1.0,1.0,0.7142857142857143,0.2857142857142857,0.7142857142857143,0.2857142857142857,0.7692307692307693,0.2307692307692307,0.8333333333333334,0.1666666666666666,1.0,0.0,1.0,0.0,0.0450858665144379,0.7142857142857143,0.6829081047004717,0.5714285714285714,0.2216116402830396,MC dropout
A3,embedding_only,gaussian_full,xyz_4sigma,14.0,0.7142857142857143,0.4814814814814814,0.5853985548019409,0.3266922533512115,0.2100405182157244,0.7380017638206482,0.7107725143432617,0.6544589400291443,0.0563135668635368,0.95,0.9166666666666666,0.925,0.8928571428571428,0.7142857142857143,0.2857142857142857,0.7142857142857143,0.2857142857142857,0.7692307692307693,0.2307692307692307,0.8333333333333334,0.1666666666666666,0.9,0.0999999999999999,1.0,0.0,0.060165231593803,0.7142857142857143,0.6829081047004717,0.5714285714285714,0.261998244694301,MC dropout
A3,xyz_only,gaussian_full,xyz_4sigma,14.0,0.7857142857142857,0.6612903225806452,0.7987883687019348,0.4516099393367767,0.2560596551213945,0.8009589314460754,0.536688506603241,0.4999237060546875,0.0367648303508758,0.3636363636363636,0.2157407407407407,0.393939393939394,0.2216931216931217,0.7857142857142857,0.2142857142857143,0.7857142857142857,0.2142857142857143,0.7692307692307693,0.2307692307692307,0.75,0.25,0.7,0.3,0.5714285714285714,0.4285714285714286,0.2022055325626754,0.7857142857142857,0.992281974852574,0.5,0.199041051524026,MC dropout
A3,embedding_and_xyz,gaussian_full,xyz_4sigma,14.0,0.7142857142857143,0.5625,0.8695842027664185,0.491643488407135,0.3768749705382755,0.7804778814315796,0.5844684839248657,0.5486816763877869,0.0357867553830146,0.5,0.3172619047619047,0.45,0.2956709956709957,0.7142857142857143,0.2857142857142857,0.7142857142857143,0.2857142857142857,0.6923076923076923,0.3076923076923077,0.6666666666666666,0.3333333333333333,0.7,0.3,0.7142857142857143,0.2857142857142857,0.2124928642785785,0.7142857142857143,0.9556998911125344,0.5714285714285714,0.2195221781730651,MC dropout
A4,real,gaussian_full,xyz_4sigma,21.0,0.8571428571428571,0.7319148936170212,0.3277890384197235,0.2009851634502411,0.1224930768921261,0.8670401573181152,0.374610424041748,0.3495945334434509,0.0250158626586198,0.8518518518518519,0.4206349206349206,0.9074074074074074,0.5555555555555556,0.8571428571428571,0.1428571428571429,0.85,0.15,0.8421052631578947,0.1578947368421053,0.9411764705882352,0.0588235294117647,0.9333333333333332,0.0666666666666666,1.0,0.0,0.0323059340695342,0.8571428571428571,0.9019513816860838,0.6666666666666666,0.1329598966098967,MC dropout
A4,embedding_only,gaussian_full,xyz_4sigma,21.0,0.8095238095238095,0.6394849785407726,0.3980192840099334,0.23432457447052,0.1079608145214262,0.8498326539993286,0.4723477065563202,0.4419388473033905,0.0304087735712528,0.9411764705882352,0.875,0.9117647058823528,0.775,0.8095238095238095,0.1904761904761904,0.85,0.15,0.8947368421052632,0.1052631578947368,0.9411764705882352,0.0588235294117647,0.9333333333333332,0.0666666666666666,1.0,0.0,0.0316893131521614,0.8095238095238095,0.8359373644898986,0.6666666666666666,0.1501672949109758,MC dropout
A4,xyz_only,gaussian_full,xyz_4sigma,21.0,0.7619047619047619,0.5138888888888888,0.5856677889823914,0.3480269908905029,0.0950874515942164,0.8479943871498108,0.3615708351135254,0.3351089060306549,0.026461936533451,0.85,0.5392857142857143,0.85,0.6192857142857143,0.7619047619047619,0.2380952380952381,0.75,0.25,0.7894736842105263,0.2105263157894736,0.8235294117647058,0.1764705882352941,0.8666666666666667,0.1333333333333333,1.0,0.0,0.0652632690503101,0.7619047619047619,0.7091152575824364,0.7619047619047619,0.1520056043352399,MC dropout
A4,embedding_and_xyz,gaussian_full,xyz_4sigma,21.0,0.7142857142857143,0.413953488372093,0.6341412663459778,0.3383110761642456,0.1836739423729124,0.8578950762748718,0.3468306064605713,0.3206875026226043,0.0261431895196437,0.9444444444444444,0.8773809523809524,0.9222222222222224,0.7166666666666667,0.7142857142857143,0.2857142857142857,0.75,0.25,0.7894736842105263,0.2105263157894736,0.8235294117647058,0.1764705882352941,0.8666666666666667,0.1333333333333333,1.0,0.0,0.0607753627766896,0.7142857142857143,0.7091152575824364,0.7619047619047619,0.1421050088746207,MC dropout
A5,real,gaussian_full,xyz_4sigma,16.0,0.625,0.3424657534246575,0.8640210032463074,0.5072181224822998,0.2357590924948454,0.8565282225608826,0.3745490312576294,0.3558836579322815,0.0186653677374124,0.9,0.8357142857142856,0.9166666666666669,0.8773809523809524,0.625,0.375,0.625,0.375,0.6666666666666666,0.3333333333333333,0.6923076923076923,0.3076923076923077,0.75,0.25,1.0,0.0,0.1160730762293262,0.625,0.6615632381579821,0.625,0.1434717439115047,MC dropout
A5,embedding_only,gaussian_full,xyz_4sigma,16.0,0.5625,0.2866242038216561,0.8445290923118591,0.5303353071212769,0.3031692430377006,0.8506015539169312,0.3939049839973449,0.3714039623737335,0.0225010141730308,0.9523809523809524,0.9379251700680272,0.9523809523809524,0.9379251700680272,0.5625,0.4375,0.5625,0.4375,0.6,0.4,0.6923076923076923,0.3076923076923077,0.75,0.25,1.0,0.0,0.1323389717920968,0.5625,0.8647400965276372,0.5625,0.1493984274566173,MC dropout
A5,xyz_only,gaussian_full,xyz_4sigma,16.0,0.6875,0.0,1.0884392261505127,0.4979951679706573,0.2599014192819595,0.9261258244514464,0.2477908134460449,0.2371617257595062,0.0106290793046355,1.0,1.0,1.0,1.0,0.6875,0.3125,0.6875,0.3125,0.7333333333333333,0.2666666666666667,0.8461538461538461,0.1538461538461538,0.9166666666666666,0.0833333333333333,1.0,0.0,0.0546488667582417,0.6875,-0.0,1.0,0.0738741308450698,MC dropout
A5,embedding_and_xyz,gaussian_full,xyz_4sigma,16.0,0.6875,0.0,1.0958037376403809,0.5072264671325684,0.2504998594522476,0.9316658973693848,0.2419915497303009,0.2317670583724975,0.0102244894951581,1.0,1.0,1.0,1.0,0.6875,0.3125,0.6875,0.3125,0.7333333333333333,0.2666666666666667,0.8461538461538461,0.1538461538461538,0.9166666666666666,0.0833333333333333,1.0,0.0,0.0546488667582417,0.6875,-0.0,1.0,0.068334087729454,MC dropout
A6,real,gaussian_full,xyz_4sigma,16.0,0.9375,0.8918918918918919,0.243679404258728,0.1316894292831421,0.0887753423303365,0.8487247228622437,0.4000045657157898,0.3770225644111633,0.022981995716691,0.9333333333333332,0.5,0.9333333333333332,0.5,0.9375,0.0625,0.9375,0.0625,0.9333333333333332,0.0666666666666666,1.0,0.0,1.0,0.0,1.0,0.0,0.0061197916666666,0.9375,1.0337005498525014,0.5625,0.1512753069400787,MC dropout
A6,embedding_only,gaussian_full,xyz_4sigma,16.0,1.0,1.0,0.2366609275341034,0.1239733323454856,0.1838019546121359,0.8161980509757996,0.4350046217441559,0.4099436402320862,0.0250609572976827,,,,,1.0,0.0,1.0,0.0,1.0,0.0,1.0,0.0,1.0,0.0,1.0,0.0,0.0,1.0,0.9470571522825082,0.5625,0.1838019676506519,MC dropout
A6,xyz_only,gaussian_full,xyz_4sigma,16.0,0.5625,0.0,0.9526277184486388,0.5881600379943848,0.3254075422883034,0.8879075050354004,0.32480588555336,0.3110727667808532,0.013733122497797,1.0,1.0,1.0,1.0,0.5625,0.4375,0.5625,0.4375,0.6,0.4,0.6923076923076923,0.3076923076923077,0.75,0.25,1.0,0.0,0.1134627091658341,0.5625,-0.0,1.0,0.1120924688875675,MC dropout
A6,embedding_and_xyz,gaussian_full,xyz_4sigma,16.0,0.5625,0.0,1.1092523336410522,0.6275522708892822,0.3459914326667785,0.9084914922714232,0.271930068731308,0.2592200636863708,0.0127099882811307,1.0,1.0,1.0,1.0,0.5625,0.4375,0.5625,0.4375,0.6,0.4,0.6923076923076923,0.3076923076923077,0.75,0.25,1.0,0.0,0.1134627091658341,0.5625,-0.0,1.0,0.0915085226297378,MC dropout
A7,real,gaussian_full,xyz_4sigma,17.0,0.8823529411764706,0.7671232876712328,0.4508363008499145,0.2388745993375778,0.1534994297167834,0.7746543288230896,0.6425501704216003,0.5878979563713074,0.0546521544456481,0.8,0.3333333333333333,0.6,0.2,0.8823529411764706,0.1176470588235294,0.8823529411764706,0.1176470588235294,0.875,0.125,0.9285714285714286,0.0714285714285714,0.9166666666666666,0.0833333333333333,1.0,0.0,0.0322848143782399,0.8823529411764706,0.6914160776171183,0.5294117647058824,0.2253457413000219,MC dropout
A7,embedding_only,gaussian_full,xyz_4sigma,17.0,0.7058823529411765,0.5277777777777778,0.6274523735046387,0.3669280409812927,0.2508400257895974,0.690708577632904,0.7194371819496155,0.6578487753868103,0.0615885332226753,0.8333333333333334,0.6644444444444444,0.65,0.399047619047619,0.7058823529411765,0.2941176470588235,0.7058823529411765,0.2941176470588235,0.75,0.25,0.7142857142857143,0.2857142857142857,0.8333333333333334,0.1666666666666666,0.8888888888888888,0.1111111111111111,0.0969938750215566,0.7058823529411765,1.205697772011519,0.4117647058823529,0.3092914644409628,MC dropout
A7,xyz_only,gaussian_full,xyz_4sigma,17.0,0.7647058823529411,0.5696202531645569,0.3634902536869049,0.2227457463741302,0.1754525216186747,0.8133841156959534,0.4855501055717468,0.4462549686431885,0.039295095950365,0.9615384615384616,0.8875,0.9615384615384616,0.8875,0.7647058823529411,0.2352941176470588,0.7647058823529411,0.2352941176470588,0.8125,0.1875,0.8571428571428571,0.1428571428571429,1.0,0.0,1.0,0.0,0.0387212124668872,0.7647058823529411,0.8938885362449964,0.6470588235294118,0.1866158913163577,MC dropout
A7,embedding_and_xyz,gaussian_full,xyz_4sigma,17.0,0.8235294117647058,0.6832298136645962,0.4031287431716919,0.2393897622823715,0.1513039119103375,0.8272090554237366,0.4818871319293976,0.4453155398368835,0.0365716181695461,0.8333333333333333,0.5138888888888888,0.9047619047619048,0.7,0.8235294117647058,0.1764705882352941,0.8235294117647058,0.1764705882352941,0.8125,0.1875,0.9285714285714286,0.0714285714285714,0.9166666666666666,0.0833333333333333,1.0,0.0,0.0489213352967678,0.8235294117647058,0.958691859325372,0.5882352941176471,0.1727908954900854,MC dropout
A8,real,gaussian_full,xyz_4sigma,13.0,0.8461538461538461,0.717391304347826,0.3261046707630157,0.193367063999176,0.1560206848841447,0.8360211253166199,0.461197555065155,0.4311860203742981,0.0300115682184696,0.9090909090909092,0.75,0.7727272727272727,0.6428571428571428,0.8461538461538461,0.1538461538461538,0.8461538461538461,0.1538461538461538,0.9166666666666666,0.0833333333333333,0.9090909090909092,0.0909090909090909,0.9,0.0999999999999999,1.0,0.0,0.0270127308588847,0.8461538461538461,0.8981370031878679,0.5384615384615384,0.1639788013238173,MC dropout
A8,embedding_only,gaussian_full,xyz_4sigma,13.0,0.9230769230769232,0.8470588235294118,0.3269741237163543,0.1814918518066406,0.194587196295078,0.8095169067382812,0.5477650165557861,0.5086016058921814,0.0391633696854114,0.5,0.1428571428571428,0.5,0.1428571428571428,0.9230769230769232,0.0769230769230768,0.9230769230769232,0.0769230769230768,0.9166666666666666,0.0833333333333333,0.9090909090909092,0.0909090909090909,0.9,0.0999999999999999,0.8571428571428571,0.1428571428571429,0.053205555128632,0.9230769230769232,0.6901856760188042,0.5384615384615384,0.1904831207715548,MC dropout
A8,xyz_only,gaussian_full,xyz_4sigma,13.0,0.8461538461538461,0.6976744186046511,0.5539854168891907,0.3309760391712188,0.2684150475722092,0.7664827704429626,0.6233922243118286,0.5753929018974304,0.0479993261396884,0.5454545454545454,0.2261904761904761,0.5,0.2111111111111111,0.8461538461538461,0.1538461538461538,0.8461538461538461,0.1538461538461538,0.8333333333333334,0.1666666666666666,0.8181818181818182,0.1818181818181817,0.8,0.1999999999999999,0.8571428571428571,0.1428571428571429,0.0954220992682531,0.8461538461538461,0.666278442414676,0.6153846153846154,0.2335172570668734,MC dropout
A8,embedding_and_xyz,gaussian_full,xyz_4sigma,13.0,0.6923076923076923,0.4090909090909091,0.5516038537025452,0.3478202819824219,0.104134935599107,0.7743688821792603,0.6177066564559937,0.574350118637085,0.0433565899729728,0.7222222222222222,0.6,0.7222222222222222,0.625,0.6923076923076923,0.3076923076923077,0.6923076923076923,0.3076923076923077,0.75,0.25,0.7272727272727273,0.2727272727272727,0.7,0.3,0.8571428571428571,0.1428571428571429,0.1438023514946591,0.6923076923076923,0.5402041423888608,0.7692307692307693,0.2256311407456031,MC dropout
A9,real,gaussian_full,xyz_4sigma,19.0,0.7894736842105263,0.6161616161616161,0.7253795862197876,0.3910846710205078,0.2186134332104733,0.8799319863319397,0.3801044523715973,0.3607545495033264,0.0193498991429805,0.4333333333333333,0.2202380952380952,0.3833333333333333,0.2060457516339869,0.7894736842105263,0.2105263157894736,0.7894736842105263,0.2105263157894736,0.7777777777777778,0.2222222222222222,0.75,0.25,0.7857142857142857,0.2142857142857143,0.7,0.3,0.1914999064990917,0.7894736842105263,0.7659373365785205,0.6842105263157895,0.1200680042568006,MC dropout
A9,embedding_only,gaussian_full,xyz_4sigma,19.0,0.6842105263157895,0.4,0.8078996539115906,0.4478443562984466,0.2551089462481047,0.8535231351852417,0.421047180891037,0.3958326876163482,0.0252144895493984,0.717948717948718,0.5387917637917639,0.7051282051282051,0.4963675213675213,0.6842105263157895,0.3157894736842105,0.6842105263157895,0.3157894736842105,0.6666666666666666,0.3333333333333333,0.75,0.25,0.7857142857142857,0.2142857142857143,0.7,0.3,0.1575372263208339,0.6842105263157895,0.5763341277567499,0.7368421052631579,0.1464768428551523,MC dropout
A9,xyz_only,gaussian_full,xyz_4sigma,19.0,0.6842105263157895,0.4000000000000001,1.004613161087036,0.5267876386642456,0.299444063713676,0.8105295896530151,0.5027241110801697,0.4660905599594116,0.0366335213184356,0.4615384615384615,0.4576388888888889,0.4615384615384615,0.4865196078431372,0.6842105263157895,0.3157894736842105,0.6842105263157895,0.3157894736842105,0.7222222222222222,0.2777777777777778,0.6875,0.3125,0.7142857142857143,0.2857142857142857,0.7,0.3,0.3405037481031452,0.6842105263157895,0.5146531654289292,0.7894736842105263,0.189470372701946,MC dropout
A9,embedding_and_xyz,gaussian_full,xyz_4sigma,19.0,0.5789473684210527,0.1999999999999998,1.091426134109497,0.5873615741729736,0.309118324204495,0.8204625248908997,0.4701971113681793,0.4386760294437408,0.0315211378037929,0.6477272727272727,0.5800575037707391,0.6477272727272727,0.6233173076923078,0.5789473684210527,0.4210526315789473,0.5789473684210527,0.4210526315789473,0.5555555555555556,0.4444444444444444,0.625,0.375,0.6428571428571429,0.3571428571428571,0.7,0.3,0.2947124209956212,0.5789473684210527,0.4361623253853443,0.8421052631578947,0.1795374876574466,MC dropout
C1,real,gaussian_full,xyz_4sigma,44.0,0.2272727272727272,0.1604938271604939,1.75042986869812,0.9414918422698976,0.4671858020804145,0.6731153130531311,0.8404777646064758,0.7843337655067444,0.0561439171433448,0.8147058823529412,0.9072639556235712,0.7529411764705882,0.8876601302033099,0.2272727272727272,0.7727272727272727,0.238095238095238,0.7619047619047619,0.25,0.75,0.25,0.75,0.2580645161290322,0.7419354838709677,0.3636363636363636,0.6363636363636364,0.515059617936816,0.2272727272727272,1.1647673106855776,0.5681818181818182,0.3268846557898955,MC dropout
C1,embedding_only,gaussian_full,xyz_4sigma,44.0,0.2727272727272727,0.1908045977011494,1.775314450263977,0.9149925708770752,0.418568795377558,0.6475765705108643,0.872907280921936,0.8137778639793396,0.0591294765472412,0.6380208333333334,0.7793241445764177,0.6041666666666666,0.7903120153716429,0.2727272727272727,0.7272727272727273,0.2857142857142857,0.7142857142857143,0.25,0.75,0.25,0.75,0.2580645161290322,0.7419354838709677,0.3636363636363636,0.6363636363636364,0.5468928600752133,0.2727272727272727,1.2711235898545463,0.5227272727272727,0.3524234958670356,MC dropout
C1,xyz_only,gaussian_full,xyz_4sigma,44.0,0.1363636363636363,0.1039657020364415,2.5784177780151367,1.2679787874221802,0.5923440063541586,0.7287076711654663,0.7544084787368774,0.7103610634803772,0.04404753819108,0.4166666666666666,0.851477273434322,0.0964912280701754,0.7547194021241589,0.1363636363636363,0.8636363636363636,0.1428571428571428,0.8571428571428572,0.125,0.875,0.1111111111111111,0.8888888888888888,0.1290322580645161,0.8709677419354839,0.1363636363636363,0.8636363636363636,0.8851625441026982,0.1363636363636363,0.8723222715410514,0.7045454545454546,0.2712923464449969,MC dropout
C1,embedding_and_xyz,gaussian_full,xyz_4sigma,44.0,0.1590909090909091,0.1275455519828507,2.54275131225586,1.2415893077850342,0.5718050145290114,0.7011232972145081,0.8114430904388428,0.7677025198936462,0.0437405705451965,0.3359073359073359,0.7840477586458412,0.1544401544401544,0.7445137988900343,0.1590909090909091,0.8409090909090909,0.1428571428571428,0.8571428571428572,0.15,0.85,0.1388888888888889,0.8611111111111112,0.0967741935483871,0.9032258064516128,0.1363636363636363,0.8636363636363636,0.8933536168679626,0.1590909090909091,0.9412174426332102,0.6818181818181818,0.2988767136227001,MC dropout
C1P,real,gaussian_full,xyz_4sigma,44.0,0.7727272727272727,0.6620583717357911,0.5113618969917297,0.2971572577953338,0.1115709705786271,0.7793074250221252,0.6252367496490479,0.5899250507354736,0.0353117622435092,0.65,0.3845882217621348,0.573529411764706,0.3727458527257439,0.7727272727272727,0.2272727272727273,0.7857142857142857,0.2142857142857143,0.8,0.1999999999999999,0.8055555555555556,0.1944444444444444,0.8387096774193549,0.1612903225806451,0.8181818181818182,0.1818181818181817,0.1527872884176878,0.7727272727272727,1.266855380299699,0.4545454545454545,0.2206925654953176,MC dropout
C1P,embedding_only,gaussian_full,xyz_4sigma,44.0,0.7727272727272727,0.6599690880989181,0.555648922920227,0.314094215631485,0.18893190337853,0.7421767711639404,0.7270157337188721,0.68327397108078,0.0437417477369308,0.6205882352941177,0.3249179028106236,0.55,0.3882432860043642,0.7727272727272727,0.2272727272727273,0.7619047619047619,0.2380952380952381,0.775,0.2249999999999999,0.7777777777777778,0.2222222222222222,0.8387096774193549,0.1612903225806451,0.8636363636363636,0.1363636363636363,0.1842420303868127,0.7727272727272727,1.2635568664849408,0.4545454545454545,0.2578232925046574,MC dropout
C1P,xyz_only,gaussian_full,xyz_4sigma,44.0,0.6136363636363636,0.4876712328767124,0.814316987991333,0.480150043964386,0.1624496118588881,0.668972373008728,0.8028374314308167,0.7385450005531311,0.0642924234271049,0.7276688453159043,0.616565192633304,0.6906318082788672,0.5114449310480843,0.6136363636363636,0.3863636363636363,0.6428571428571429,0.3571428571428571,0.65,0.35,0.6388888888888888,0.3611111111111111,0.6774193548387096,0.3225806451612903,0.7727272727272727,0.2272727272727273,0.1946075495376671,0.6136363636363636,1.305294985455714,0.3636363636363636,0.3310276134447618,MC dropout
C1P,embedding_and_xyz,gaussian_full,xyz_4sigma,44.0,0.5909090909090909,0.4655870445344129,0.9630598425865172,0.5224849581718445,0.2174082872542468,0.6749991178512573,0.8347495794296265,0.7711561322212219,0.0635934248566627,0.6752136752136753,0.5012673745198107,0.6987179487179487,0.5079665608228403,0.5909090909090909,0.409090909090909,0.5714285714285714,0.4285714285714286,0.575,0.425,0.6111111111111112,0.3888888888888888,0.6129032258064516,0.3870967741935484,0.7272727272727273,0.2727272727272727,0.2345250935377023,0.5909090909090909,1.1580101490379742,0.3863636363636363,0.325000910596414,MC dropout
C2,real,gaussian_full,xyz_4sigma,44.0,0.4318181818181818,0.2592592592592593,1.5667556524276731,0.7450219988822937,0.298109153454954,0.6932828426361084,0.7987870573997498,0.7345159649848938,0.0642711445689201,0.4736842105263158,0.6077351899909806,0.6568421052631579,0.7151526746372044,0.4318181818181818,0.5681818181818181,0.4523809523809524,0.5476190476190477,0.45,0.55,0.4166666666666667,0.5833333333333333,0.3870967741935484,0.6129032258064516,0.4545454545454545,0.5454545454545454,0.6135839290679206,0.4318181818181818,0.8422123172897906,0.5227272727272727,0.3067171492359855,MC dropout
C2,embedding_only,gaussian_full,xyz_4sigma,44.0,0.4090909090909091,0.2352941176470588,1.4728211164474487,0.7337934374809265,0.2717612900517203,0.6632777452468872,0.834011971950531,0.7643609642982483,0.0696511343121528,0.5064102564102564,0.5890136611651771,0.6132478632478633,0.6604634748339383,0.4090909090909091,0.5909090909090908,0.3809523809523809,0.6190476190476191,0.375,0.625,0.4166666666666667,0.5833333333333333,0.3870967741935484,0.6129032258064516,0.4545454545454545,0.5454545454545454,0.6067455550771763,0.4090909090909091,1.0856839167236558,0.4772727272727273,0.3367222384973006,MC dropout
C2,xyz_only,gaussian_full,xyz_4sigma,44.0,0.6363636363636364,0.464638783269962,1.2398784160614014,0.6102834939956665,0.3304077989675781,0.6280858516693115,0.9383670687675476,0.8541349172592163,0.0842322930693626,0.4040178571428571,0.3642360028581465,0.3995535714285714,0.3292117078089441,0.6363636363636364,0.3636363636363636,0.6428571428571429,0.3571428571428571,0.65,0.35,0.6388888888888888,0.3611111111111111,0.6451612903225806,0.3548387096774194,0.5909090909090909,0.409090909090909,0.4820585589622256,0.6363636363636364,1.2285832659263929,0.3409090909090909,0.3719141334295273,MC dropout
C2,embedding_and_xyz,gaussian_full,xyz_4sigma,44.0,0.5454545454545454,0.3567251461988303,1.1936649084091189,0.6161755919456482,0.2023257823152975,0.6068856716156006,0.9679134488105774,0.8795000314712524,0.0884134769439697,0.5020833333333333,0.5193043891372565,0.54375,0.5245596434543811,0.5454545454545454,0.4545454545454546,0.5476190476190477,0.4523809523809523,0.55,0.4499999999999999,0.5833333333333334,0.4166666666666666,0.5483870967741935,0.4516129032258065,0.5909090909090909,0.409090909090909,0.4938287461931624,0.5454545454545454,1.3026287065321798,0.3863636363636363,0.3931142565878955,MC dropout
C2P,real,gaussian_full,xyz_4sigma,44.0,0.9090909090909092,0.8450704225352113,0.2923828959465027,0.1352586597204208,0.1697781519456343,0.7772220373153687,0.6209102869033813,0.5807738304138184,0.0401365011930465,0.8687499999999999,0.4714646464646465,0.8625,0.3742997198879552,0.9090909090909092,0.0909090909090909,0.9285714285714286,0.0714285714285714,0.925,0.0749999999999999,0.9166666666666666,0.0833333333333333,1.0,0.0,1.0,0.0,0.0168559266376859,0.9090909090909092,1.0721715949429826,0.5227272727272727,0.2227779450741681,MC dropout
C2P,embedding_only,gaussian_full,xyz_4sigma,44.0,0.8181818181818182,0.6909569798068482,0.4816533029079437,0.2377867847681045,0.1876630153168331,0.7234864234924316,0.7488939166069031,0.7002889513969421,0.0486050099134445,0.8854166666666666,0.6015151515151516,0.8437500000000001,0.4500816993464052,0.8181818181818182,0.1818181818181817,0.8333333333333334,0.1666666666666666,0.85,0.15,0.8888888888888888,0.1111111111111111,0.935483870967742,0.0645161290322581,1.0,0.0,0.0392017596513682,0.8181818181818182,1.0849789069309004,0.5454545454545454,0.2765136022459377,MC dropout
C2P,xyz_only,gaussian_full,xyz_4sigma,44.0,0.5227272727272727,0.3727087576374746,0.9297656416893004,0.5668308138847351,0.1942838281393051,0.6990551352500916,0.7812411785125732,0.726604163646698,0.0546370521187782,0.5548654244306419,0.6153918795476465,0.577639751552795,0.5817602051555804,0.5227272727272727,0.4772727272727273,0.5476190476190477,0.4523809523809523,0.575,0.425,0.5555555555555556,0.4444444444444444,0.5161290322580645,0.4838709677419355,0.4545454545454545,0.5454545454545454,0.4195564310760357,0.5227272727272727,1.1837282094813142,0.4545454545454545,0.3009448552673513,MC dropout
C2P,embedding_and_xyz,gaussian_full,xyz_4sigma,44.0,0.4090909090909091,0.2537508153946509,1.3919870853424072,0.7491841912269592,0.3228940509937026,0.7059302926063538,0.7836913466453552,0.7321396470069885,0.0515515767037868,0.5811965811965811,0.6740557515789004,0.6666666666666667,0.6752000424986655,0.4090909090909091,0.5909090909090908,0.4285714285714285,0.5714285714285714,0.425,0.575,0.4166666666666667,0.5833333333333333,0.4193548387096774,0.5806451612903225,0.4545454545454545,0.5454545454545454,0.5086557203752864,0.4090909090909091,1.048548943220102,0.5454545454545454,0.2940696626901626,MC dropout
C3,real,gaussian_full,xyz_4sigma,44.0,0.75,0.5820379965457685,0.5226432085037231,0.3433840870857239,0.1538708155805414,0.7919929027557373,0.5668166875839233,0.5229063630104065,0.0439103730022907,0.7190082644628099,0.3699521512355737,0.71900826446281,0.4083191219554856,0.75,0.25,0.7380952380952381,0.2619047619047618,0.75,0.25,0.75,0.25,0.8064516129032258,0.1935483870967742,0.9090909090909092,0.0909090909090909,0.109325366631462,0.75,0.8070386621053083,0.6136363636363636,0.2080070715058933,MC dropout
C3,embedding_only,gaussian_full,xyz_4sigma,44.0,0.7272727272727273,0.5319148936170213,0.5579829812049866,0.3613224625587463,0.1548089276660572,0.7691798806190491,0.6090283393859863,0.5655319690704346,0.043496374040842,0.6901041666666666,0.3931354073707737,0.6979166666666666,0.4700758601074128,0.7272727272727273,0.2727272727272727,0.7142857142857143,0.2857142857142857,0.725,0.275,0.75,0.25,0.7741935483870968,0.2258064516129032,0.8181818181818182,0.1818181818181817,0.1387733164383442,0.7272727272727273,0.6554817739013927,0.6363636363636364,0.2308201898228038,MC dropout
C3,xyz_only,gaussian_full,xyz_4sigma,44.0,0.5454545454545454,0.1269841269841269,1.3796786069869995,0.718134880065918,0.4052845713767138,0.9014442563056946,0.2698319554328918,0.2529736459255218,0.0168583206832408,0.81875,0.693673667717146,0.8208333333333334,0.7295079757424711,0.5454545454545454,0.4545454545454546,0.5238095238095238,0.4761904761904761,0.55,0.4499999999999999,0.6111111111111112,0.3888888888888888,0.7096774193548387,0.2903225806451612,0.7272727272727273,0.2727272727272727,0.2003190554369716,0.5454545454545454,0.1849073991677756,0.9545454545454546,0.0985557355663993,MC dropout
C3,embedding_and_xyz,gaussian_full,xyz_4sigma,44.0,0.5,0.0,1.559685230255127,0.7996666431427002,0.4238247126340866,0.923824667930603,0.2350492924451828,0.2228678166866302,0.0121814524754881,0.9152892561983472,0.9201470671805598,0.9049586776859504,0.9131230673466872,0.5,0.5,0.5238095238095238,0.4761904761904761,0.55,0.4499999999999999,0.6111111111111112,0.3888888888888888,0.7096774193548387,0.2903225806451612,0.8181818181818182,0.1818181818181817,0.1943824372655453,0.5,-0.0,1.0,0.0761753320693969,MC dropout
C3P,real,gaussian_full,xyz_4sigma,44.0,0.8181818181818182,0.6631578947368422,0.4923175871372223,0.3027330040931701,0.1075112304904244,0.8647657632827759,0.3942171931266784,0.369151622056961,0.0250654928386211,0.6631944444444444,0.2630177081905324,0.6736111111111112,0.29320992332983,0.8181818181818182,0.1818181818181817,0.8095238095238095,0.1904761904761904,0.8,0.1999999999999999,0.8333333333333334,0.1666666666666666,0.8387096774193549,0.1612903225806451,0.9090909090909092,0.0909090909090909,0.0916039834037875,0.8181818181818182,0.7755029276062699,0.6590909090909091,0.1352343776009299,MC dropout
C3P,embedding_only,gaussian_full,xyz_4sigma,44.0,0.7954545454545454,0.6199616122840691,0.6359367966651917,0.345860093832016,0.1657351810823787,0.839093029499054,0.4511849284172058,0.4228759109973907,0.0283090341836214,0.5269841269841269,0.2742966641222782,0.4539682539682539,0.2201431223170353,0.7954545454545454,0.2045454545454545,0.8095238095238095,0.1904761904761904,0.8,0.1999999999999999,0.8055555555555556,0.1944444444444444,0.8064516129032258,0.1935483870967742,0.7727272727272727,0.2272727272727273,0.1713758262432619,0.7954545454545454,0.7559829155446122,0.6818181818181818,0.1609070287509398,MC dropout
C3P,xyz_only,gaussian_full,xyz_4sigma,44.0,0.5454545454545454,0.125248508946322,1.1853634119033811,0.6838341355323792,0.37759115208279,0.906748592853546,0.2487087398767471,0.2368703782558441,0.0118383551016449,0.9208333333333332,0.8142520083116059,0.91875,0.8146440237036212,0.5454545454545454,0.4545454545454546,0.5476190476190477,0.4523809523809523,0.55,0.4499999999999999,0.6111111111111112,0.3888888888888888,0.7096774193548387,0.2903225806451612,1.0,0.0,0.1512471233430926,0.5454545454545454,0.1849073991677756,0.9545454545454546,0.0932514857162128,MC dropout
C3P,embedding_and_xyz,gaussian_full,xyz_4sigma,44.0,0.5454545454545454,0.125248508946322,1.3995682001113892,0.7501735687255859,0.4223096384243532,0.9165239334106444,0.2263716161251068,0.215373620390892,0.0109980162233114,0.89375,0.7627087929063215,0.8520833333333333,0.7394601373298035,0.5454545454545454,0.4545454545454546,0.5238095238095238,0.4761904761904761,0.55,0.4499999999999999,0.6111111111111112,0.3888888888888888,0.7096774193548387,0.2903225806451612,0.9090909090909092,0.0909090909090909,0.1650244289952393,0.5454545454545454,0.1849073991677756,0.9545454545454546,0.0834761573509736,MC dropout
C4,real,gaussian_full,xyz_4sigma,44.0,0.8636363636363636,0.724713242961418,0.3265144824981689,0.2042311280965805,0.0600720684636723,0.9010300040245056,0.2886295318603515,0.2728812396526336,0.015748281031847,0.8201754385964912,0.465863997113997,0.7763157894736842,0.3550318102949681,0.8636363636363636,0.1363636363636363,0.8809523809523809,0.119047619047619,0.9,0.0999999999999999,0.8888888888888888,0.1111111111111111,0.935483870967742,0.0645161290322581,1.0,0.0,0.0373315838055672,0.8636363636363636,0.7338090498059543,0.7045454545454546,0.0989699783650311,MC dropout
C4,embedding_only,gaussian_full,xyz_4sigma,44.0,0.7954545454545454,0.5718918918918918,0.4273931384086609,0.2763119637966156,0.1130472868680953,0.892644464969635,0.309312492609024,0.2902637124061584,0.0190487783402204,0.8539682539682539,0.6431192264525598,0.8222222222222222,0.5900332782685724,0.7954545454545454,0.2045454545454545,0.8333333333333334,0.1666666666666666,0.85,0.15,0.8611111111111112,0.1388888888888888,0.935483870967742,0.0645161290322581,0.9545454545454546,0.0454545454545454,0.0567627445126437,0.7954545454545454,0.6384941689561179,0.75,0.1073555905710567,MC dropout
C4,xyz_only,gaussian_full,xyz_4sigma,44.0,0.5909090909090909,0.0,0.9746041893959044,0.5700427293777466,0.3263899345289577,0.9172990322113036,0.2110754996538162,0.199011892080307,0.0120635917410254,0.9871794871794872,0.9829475649909089,0.9893162393162394,0.9857090984541964,0.5909090909090909,0.409090909090909,0.6190476190476191,0.3809523809523809,0.65,0.35,0.7222222222222222,0.2777777777777778,0.8387096774193549,0.1612903225806451,1.0,0.0,0.1034280683370498,0.5909090909090909,-0.0,1.0,0.0827009583061391,MC dropout
C4,embedding_and_xyz,gaussian_full,xyz_4sigma,44.0,0.5909090909090909,0.0,1.1349183320999146,0.6297944784164429,0.3464830748059533,0.9373921751976012,0.1871786564588546,0.1764664053916931,0.0107122445479035,0.9957264957264956,0.9944444444444446,0.9893162393162394,0.986215538847118,0.5909090909090909,0.409090909090909,0.6190476190476191,0.3809523809523809,0.65,0.35,0.7222222222222222,0.2777777777777778,0.8387096774193549,0.1612903225806451,1.0,0.0,0.0999535336125151,0.5909090909090909,-0.0,1.0,0.062607778744264,MC dropout
C4P,real,gaussian_full,xyz_4sigma,44.0,0.9090909090909092,0.7643908969210174,0.2008183598518371,0.1200949475169181,0.0607398870316418,0.8850268721580505,0.2892177999019623,0.2711052596569061,0.0181125607341527,0.8562500000000001,0.457070707070707,0.93125,0.698051948051948,0.9090909090909092,0.0909090909090909,0.9285714285714286,0.0714285714285714,0.925,0.0749999999999999,0.9166666666666666,0.0833333333333333,1.0,0.0,1.0,0.0,0.0182130810697067,0.9090909090909092,0.6149885530856121,0.7954545454545454,0.1149731603535738,MC dropout
C4P,embedding_only,gaussian_full,xyz_4sigma,44.0,0.8409090909090909,0.5416666666666667,0.3381281197071075,0.1991047710180282,0.1379731859673153,0.8738186359405518,0.3016104996204376,0.2833970785140991,0.0182133950293064,0.8918918918918919,0.5366522366522366,0.8764478764478765,0.4708416700013338,0.8409090909090909,0.159090909090909,0.8571428571428571,0.1428571428571429,0.875,0.125,0.9166666666666666,0.0833333333333333,0.967741935483871,0.032258064516129,1.0,0.0,0.0314035934674686,0.8409090909090909,0.4597472786506893,0.8636363636363636,0.1261813261292197,MC dropout
C4P,xyz_only,gaussian_full,xyz_4sigma,44.0,0.7272727272727273,0.0,0.4958567321300506,0.3481971025466919,0.2142104289748451,0.929203987121582,0.2047008424997329,0.1939679086208343,0.0107329050078988,1.0,1.0,1.0,1.0,0.7272727272727273,0.2727272727272727,0.7619047619047619,0.2380952380952381,0.8,0.1999999999999999,0.8888888888888888,0.1111111111111111,1.0,0.0,1.0,0.0,0.0410966825244047,0.7272727272727273,-0.0,1.0,0.070796021006324,MC dropout
C4P,embedding_and_xyz,gaussian_full,xyz_4sigma,44.0,0.7272727272727273,0.0,0.6544966101646423,0.4014128446578979,0.2156724577600305,0.9429452419281006,0.1802444458007812,0.1716892421245575,0.0085552129894495,0.984375,0.9722222222222222,0.9869791666666666,0.9754901960784312,0.7272727272727273,0.2727272727272727,0.7619047619047619,0.2380952380952381,0.8,0.1999999999999999,0.8888888888888888,0.1111111111111111,0.967741935483871,0.032258064516129,1.0,0.0,0.0457347615976201,0.7272727272727273,-0.0,1.0,0.0570548407056114,MC dropout
C5,real,gaussian_full,xyz_4sigma,44.0,0.9545454545454546,0.8888888888888888,0.22929447889328,0.1037588864564895,0.1270967410369353,0.8703736662864685,0.4094264805316925,0.3877820670604706,0.0216444451361894,0.9285714285714286,0.3333333333333333,0.9047619047619048,0.6,0.9545454545454546,0.0454545454545454,0.9523809523809524,0.0476190476190476,0.975,0.025,1.0,0.0,1.0,0.0,1.0,0.0,0.00436111858629,0.9545454545454546,0.6870877444524535,0.7045454545454546,0.1296263919635252,MC dropout
C5,embedding_only,gaussian_full,xyz_4sigma,44.0,0.9318181818181818,0.8314176245210728,0.2319744229316711,0.1108946874737739,0.0846648703921924,0.8471533060073853,0.4258756935596466,0.4041114747524261,0.0217642541974782,0.9024390243902438,0.3777777777777777,0.902439024390244,0.55,0.9318181818181818,0.0681818181818182,0.9523809523809524,0.0476190476190476,0.95,0.05,0.9722222222222222,0.0277777777777777,1.0,0.0,1.0,0.0,0.0093461809206197,0.9318181818181818,0.6069636115082722,0.7045454545454546,0.1528466668995944,MC dropout
C5,xyz_only,gaussian_full,xyz_4sigma,44.0,0.8636363636363636,0.5755627009646302,0.2533327341079712,0.1625902503728866,0.1024581613865765,0.9037851095199584,0.2707975506782532,0.2603881061077118,0.01040945854038,0.9210526315789472,0.623015873015873,0.9166666666666664,0.6043290043290043,0.8636363636363636,0.1363636363636363,0.8809523809523809,0.119047619047619,0.9,0.0999999999999999,0.9444444444444444,0.0555555555555555,1.0,0.0,1.0,0.0,0.020660186712572,0.8636363636363636,0.3983071138052841,0.8636363636363636,0.096214931119572,MC dropout
C5,embedding_and_xyz,gaussian_full,xyz_4sigma,44.0,0.8636363636363636,0.5755627009646302,0.3497041761875152,0.221190869808197,0.1591650721701709,0.9041240215301514,0.2535973787307739,0.2442030310630798,0.0093943150714039,0.9035087719298246,0.5608164983164983,0.8728070175438597,0.4000050875050875,0.8636363636363636,0.1363636363636363,0.8809523809523809,0.119047619047619,0.9,0.0999999999999999,0.9166666666666666,0.0833333333333333,1.0,0.0,1.0,0.0,0.0229837056876839,0.8636363636363636,0.3983071138052841,0.8636363636363636,0.0958759595047343,MC dropout
C5P,real,gaussian_full,xyz_4sigma,44.0,0.8863636363636364,0.6428571428571428,0.2762573063373565,0.1656548529863357,0.0812425193461504,0.918684184551239,0.262703001499176,0.2496075183153152,0.0130954682826995,0.917948717948718,0.5131313131313131,0.9230769230769232,0.5222222222222221,0.8863636363636364,0.1136363636363636,0.9047619047619048,0.0952380952380952,0.925,0.0749999999999999,0.9444444444444444,0.0555555555555555,1.0,0.0,1.0,0.0,0.0162193985747364,0.8863636363636364,0.5623351446188083,0.75,0.0813158899545669,MC dropout
C5P,embedding_only,gaussian_full,xyz_4sigma,44.0,0.8863636363636364,0.6428571428571428,0.255462110042572,0.1478308588266372,0.0767358094453811,0.914145529270172,0.2758512794971466,0.2612670660018921,0.0145841799676418,0.958974358974359,0.7753968253968253,0.9384615384615383,0.6,0.8863636363636364,0.1136363636363636,0.9285714285714286,0.0714285714285714,0.95,0.05,0.9722222222222222,0.0277777777777777,1.0,0.0,1.0,0.0,0.0114354358136874,0.8863636363636364,0.5623351446188083,0.75,0.0858544490554116,MC dropout
C5P,xyz_only,gaussian_full,xyz_4sigma,44.0,0.9090909090909092,0.6986301369863014,0.1949865221977234,0.1141613200306892,0.0565102696418762,0.9080348610877992,0.2827727794647217,0.2699160873889923,0.0128567283973097,0.9625,0.7986111111111112,0.96875,0.8611111111111112,0.9090909090909092,0.0909090909090909,0.9523809523809524,0.0476190476190476,0.975,0.025,0.9722222222222222,0.0277777777777777,1.0,0.0,1.0,0.0,0.0078041623331466,0.9090909090909092,0.535959889216217,0.7727272727272727,0.0919651673598723,MC dropout
C5P,embedding_and_xyz,gaussian_full,xyz_4sigma,44.0,0.9545454545454546,0.8307692307692307,0.1769876778125763,0.0973302796483039,0.0972038277170874,0.904322624206543,0.2890259325504303,0.2757633328437805,0.013262590393424,0.880952380952381,0.225,0.9166666666666666,0.2916666666666666,0.9545454545454546,0.0454545454545454,0.9523809523809524,0.0476190476190476,0.95,0.05,1.0,0.0,1.0,0.0,1.0,0.0,0.0066959608681798,0.9545454545454546,0.4741393130578373,0.8181818181818182,0.0956773094155571,MC dropout
C6,real,gaussian_full,xyz_4sigma,44.0,0.9772727272727272,0.9518072289156626,0.1490246653556823,0.0682654306292533,0.1004950255155563,0.8780698180198669,0.3418094515800476,0.322651743888855,0.0191577803343534,1.0,1.0,0.813953488372093,0.1111111111111111,0.9772727272727272,0.0227272727272727,1.0,0.0,1.0,0.0,1.0,0.0,1.0,0.0,1.0,0.0,0.0002582644628099,0.9772727272727272,0.7404969225219233,0.6363636363636364,0.1219301724975759,MC dropout
C6,embedding_only,gaussian_full,xyz_4sigma,44.0,0.9545454545454546,0.8988505747126436,0.1677343398332595,0.0805991068482399,0.0830624943429773,0.8774085640907288,0.3637395203113556,0.3427173793315887,0.021022193133831,0.9642857142857144,0.7,0.9047619047619048,0.6,0.9545454545454546,0.0454545454545454,0.9761904761904762,0.0238095238095238,0.975,0.025,1.0,0.0,1.0,0.0,1.0,0.0,0.0027087012361982,0.9545454545454546,0.625491359725573,0.6818181818181818,0.1225913343104449,MC dropout
C6,xyz_only,gaussian_full,xyz_4sigma,44.0,0.75,0.3396998635743519,0.4095323383808136,0.2895871698856354,0.1631368669596585,0.8650724291801453,0.2961965501308441,0.2806442677974701,0.0155523121356964,0.8898071625344353,0.6236743054924873,0.90633608815427,0.7093344786526604,0.75,0.25,0.7619047619047619,0.2380952380952381,0.75,0.25,0.8055555555555556,0.1944444444444444,0.935483870967742,0.0645161290322581,1.0,0.0,0.0596538140346427,0.75,0.3557574741327661,0.9090909090909092,0.1349275694652037,MC dropout
C6,embedding_and_xyz,gaussian_full,xyz_4sigma,44.0,0.6590909090909091,0.0,0.5276657938957214,0.3696701824665069,0.2283932397311383,0.8874841332435608,0.267886221408844,0.2536925077438354,0.0141937229782342,0.9977011494252874,0.9958333333333332,0.993103448275862,0.986626984126984,0.6590909090909091,0.3409090909090909,0.6904761904761905,0.3095238095238095,0.725,0.275,0.8055555555555556,0.1944444444444444,0.935483870967742,0.0645161290322581,1.0,0.0,0.0668849417419754,0.6590909090909091,-0.0,1.0,0.1125158234076066,MC dropout
C7,real,gaussian_full,xyz_4sigma,44.0,0.7727272727272727,0.6567862714508581,0.9188215732574464,0.3902671635150909,0.221136059273373,0.8208946585655212,0.5416080951690674,0.510549783706665,0.0310583300888538,0.438235294117647,0.4255385289828672,0.3794117647058823,0.249251599538043,0.7727272727272727,0.2272727272727273,0.8095238095238095,0.1904761904761904,0.8,0.1999999999999999,0.8055555555555556,0.1944444444444444,0.8064516129032258,0.1935483870967742,0.7727272727272727,0.2272727272727273,0.3591802690916149,0.7727272727272727,1.0729208762973772,0.5,0.1791052046147259,MC dropout
C7,embedding_only,gaussian_full,xyz_4sigma,44.0,0.7272727272727273,0.5875,0.94150048494339,0.4093252122402191,0.2865656133402477,0.7872107028961182,0.6116028428077698,0.571012556552887,0.0405902117490768,0.546875,0.4921302149038961,0.53125,0.4769434538329887,0.7272727272727273,0.2727272727272727,0.7380952380952381,0.2619047619047618,0.775,0.2249999999999999,0.8333333333333334,0.1666666666666666,0.8387096774193549,0.1612903225806451,0.7727272727272727,0.2272727272727273,0.3603301734887765,0.7272727272727273,0.9959046197280051,0.5227272727272727,0.2127893174236471,MC dropout
C7,xyz_only,gaussian_full,xyz_4sigma,44.0,0.3409090909090909,0.1278195488721805,1.374213695526123,0.8585816025733948,0.3843735321001573,0.7188143730163574,0.7489526867866516,0.6939167976379395,0.055035937577486,0.3816091954022989,0.6134665811592728,0.4873563218390805,0.6913023811256795,0.3409090909090909,0.6590909090909092,0.3333333333333333,0.6666666666666667,0.35,0.65,0.3055555555555556,0.6944444444444444,0.3225806451612903,0.6774193548387097,0.2272727272727272,0.7727272727272727,0.7394790510160029,0.3409090909090909,1.1983110885754211,0.4545454545454545,0.2811856161464344,MC dropout
C7,embedding_and_xyz,gaussian_full,xyz_4sigma,44.0,0.2727272727272727,0.0402181322426722,1.4442332983016968,0.9188141226768494,0.4249280454082923,0.6908378601074219,0.7876110076904297,0.7332186102867126,0.0543923527002334,0.4583333333333333,0.7293227436704016,0.5026041666666666,0.7559167205800494,0.2727272727272727,0.7272727272727273,0.2619047619047619,0.7380952380952381,0.25,0.75,0.2777777777777778,0.7222222222222222,0.3225806451612903,0.6774193548387097,0.2272727272727272,0.7727272727272727,0.7615276376276634,0.2727272727272727,1.0644489114522828,0.5227272727272727,0.3091621155088598,MC dropout
FI10,real,gaussian_full,xyz_4sigma,16.0,0.5625,0.282051282051282,1.0131285190582275,0.595103919506073,0.2768599539995193,0.6925475597381592,0.7821222543716431,0.7268010973930359,0.0553212091326713,0.6507936507936508,0.6918650793650793,0.5555555555555556,0.4854024943310657,0.5625,0.4375,0.5625,0.4375,0.6,0.4,0.6153846153846154,0.3846153846153846,0.6666666666666666,0.3333333333333333,0.625,0.375,0.3445397918054168,0.5625,1.2123138802671547,0.4375,0.3074524439871311,MC dropout
FI10,embedding_only,gaussian_full,xyz_4sigma,16.0,0.1875,-0.1428571428571428,1.7334582805633545,0.9900760650634766,0.4657457247376442,0.6532456874847412,0.8354332447052002,0.7848687767982483,0.0505644343793392,0.7179487179487181,0.9351256649333572,0.5128205128205128,0.8309676434676435,0.1875,0.8125,0.1875,0.8125,0.2,0.8,0.2307692307692307,0.7692307692307692,0.25,0.75,0.25,0.75,0.7032970935314686,0.1875,1.103432909638192,0.5625,0.3467542789876461,MC dropout
FI10,xyz_only,gaussian_full,xyz_4sigma,16.0,0.5625,0.2727272727272727,0.827522873878479,0.4548816382884979,0.3074173964560032,0.6889714002609253,0.8264532089233398,0.7636680603027344,0.0627851635217666,0.8412698412698414,0.7738095238095238,0.8253968253968254,0.8119975262832405,0.5625,0.4375,0.5625,0.4375,0.6,0.4,0.6153846153846154,0.3846153846153846,0.6666666666666666,0.3333333333333333,0.75,0.25,0.178317299020424,0.5625,1.1626998334975678,0.4375,0.3110286742448807,MC dropout
FI10,embedding_and_xyz,gaussian_full,xyz_4sigma,16.0,0.5,0.1999999999999999,1.106717586517334,0.6490891575813293,0.3755591548979282,0.7172825336456299,0.8107458353042603,0.7415143251419067,0.0692314803600311,0.671875,0.6582656926406926,0.71875,0.6239448051948052,0.5,0.5,0.5,0.5,0.5333333333333333,0.4666666666666667,0.4615384615384615,0.5384615384615384,0.5,0.5,0.625,0.375,0.3030103576978577,0.5,1.2227793161934692,0.375,0.2827175036072731,MC dropout
FI2,real,gaussian_full,xyz_4sigma,15.0,0.8666666666666667,0.7457627118644068,0.2426370233297348,0.1168389394879341,0.1796281417210897,0.8317652940750122,0.5111289620399475,0.4793650805950165,0.0317638777196407,1.0,1.0,1.0,1.0,0.8666666666666667,0.1333333333333333,0.8666666666666667,0.1333333333333333,0.9285714285714286,0.0714285714285714,1.0,0.0,1.0,0.0,1.0,0.0,0.0092063492063492,0.8666666666666667,0.8532361505557784,0.6,0.1682347615559895,MC dropout
FI2,embedding_only,gaussian_full,xyz_4sigma,15.0,0.6666666666666666,0.4094488188976378,0.5310252904891968,0.2995627224445343,0.2458339750766754,0.6618649363517761,0.7876577377319336,0.735038161277771,0.0526196882128715,0.98,0.9666666666666666,0.86,0.7783333333333333,0.6666666666666666,0.3333333333333333,0.6666666666666666,0.3333333333333333,0.7142857142857143,0.2857142857142857,0.8333333333333334,0.1666666666666666,0.9090909090909092,0.0909090909090909,1.0,0.0,0.0693817293817293,0.6666666666666666,1.0832550105185086,0.4666666666666667,0.3381351153055826,MC dropout
FI2,xyz_only,gaussian_full,xyz_4sigma,15.0,0.5333333333333333,0.375,0.8996521234512329,0.587661623954773,0.3303148011366527,0.6982266306877136,0.7957153916358948,0.7479835152626038,0.0477319583296775,0.5357142857142857,0.5119880119880119,0.4464285714285714,0.4422601208315494,0.5333333333333333,0.4666666666666667,0.5333333333333333,0.4666666666666667,0.5,0.5,0.5,0.5,0.5454545454545454,0.4545454545454546,0.5,0.5,0.367051097051097,0.5333333333333333,0.891867395317251,0.4666666666666667,0.3017733573913574,MC dropout
FI2,embedding_and_xyz,gaussian_full,xyz_4sigma,15.0,0.4666666666666667,0.2899408284023668,1.1408721208572388,0.7131370306015015,0.2763279000918071,0.7350350022315979,0.7558987140655518,0.7087775468826294,0.0471211895346641,0.6607142857142857,0.7255952380952382,0.625,0.6453869047619047,0.4666666666666667,0.5333333333333333,0.4666666666666667,0.5333333333333333,0.5,0.5,0.5,0.5,0.5454545454545454,0.4545454545454546,0.625,0.375,0.401994116994117,0.4666666666666667,0.6909233093138181,0.5333333333333333,0.264965009689331,MC dropout
FI5,real,gaussian_full,xyz_4sigma,16.0,0.375,0.1256830601092896,1.3431336879730225,0.7431381344795227,0.2807942144572735,0.5303460955619812,0.9744235277175904,0.8971395492553711,0.0772839412093162,0.6833333333333332,0.8393162393162393,0.75,0.8773260073260073,0.375,0.625,0.375,0.625,0.4,0.6,0.4615384615384615,0.5384615384615384,0.5,0.5,0.5,0.5,0.4973454496891996,0.375,1.2281058514681362,0.4375,0.46965391933918,MC dropout
FI5,embedding_only,gaussian_full,xyz_4sigma,16.0,0.5,0.2558139534883721,1.1371243000030518,0.6136213541030884,0.2989881839603185,0.6140303611755371,0.9145078659057616,0.8463742733001709,0.0681336224079132,0.625,0.7042929292929293,0.484375,0.5679029304029304,0.5,0.5,0.5,0.5,0.5333333333333333,0.4666666666666667,0.5384615384615384,0.4615384615384615,0.5833333333333334,0.4166666666666666,0.5,0.5,0.3896461177711178,0.5,1.320888343149322,0.375,0.3859696723520756,MC dropout
FI5,xyz_only,gaussian_full,xyz_4sigma,16.0,0.75,0.5223880597014925,0.5793532133102417,0.2982745766639709,0.1497869472950697,0.7346786260604858,0.7912560701370239,0.7370929718017578,0.0541631318628788,0.9583333333333331,0.8875,0.7708333333333334,0.4583333333333333,0.75,0.25,0.75,0.25,0.8,0.1999999999999999,0.8461538461538461,0.1538461538461538,0.9166666666666666,0.0833333333333333,1.0,0.0,0.0440647893772893,0.75,0.7774621319109287,0.6875,0.2653213739395141,MC dropout
FI5,embedding_and_xyz,gaussian_full,xyz_4sigma,16.0,0.75,0.5151515151515151,0.6099274754524231,0.2984040677547455,0.2274423968046903,0.766417384147644,0.7089789509773254,0.661284327507019,0.0476945862174034,0.9583333333333331,0.8875,0.9375,0.8041666666666667,0.75,0.25,0.75,0.25,0.8,0.1999999999999999,0.8461538461538461,0.1538461538461538,0.9166666666666666,0.0833333333333333,1.0,0.0,0.0440647893772893,0.75,0.8314025204956377,0.6875,0.2335825748741626,MC dropout
FI8,real,gaussian_full,xyz_4sigma,16.0,0.75,0.6049382716049383,0.7699302434921265,0.4593837559223175,0.2934657521545887,0.6993829011917114,0.7401869297027588,0.6890208721160889,0.0511660277843475,0.5208333333333334,0.3479437229437229,0.75,0.6083333333333333,0.75,0.25,0.75,0.25,0.7333333333333333,0.2666666666666667,0.7692307692307693,0.2307692307692307,0.75,0.25,0.75,0.25,0.2146282536907537,0.75,1.0609581504393426,0.5,0.3006170876324177,MC dropout
FI8,embedding_only,gaussian_full,xyz_4sigma,16.0,0.5625,0.3,0.7668299674987793,0.4685705602169037,0.2722825165838003,0.6015201210975647,0.9136027097702026,0.8484123945236206,0.0651902854442596,0.873015873015873,0.8676870748299319,0.6984126984126984,0.6746864246864246,0.5625,0.4375,0.5625,0.4375,0.6,0.4,0.6923076923076923,0.3076923076923077,0.6666666666666666,0.3333333333333333,0.875,0.125,0.1772050432206682,0.5625,1.0239287996389363,0.5,0.3984798826277256,MC dropout
FI8,xyz_only,gaussian_full,xyz_4sigma,16.0,0.5625,0.0,1.0297505855560305,0.5245763063430786,0.2926057130098343,0.8551057577133179,0.4013039469718933,0.3767089545726776,0.0245950184762477,1.0,1.0,1.0,1.0,0.5625,0.4375,0.5625,0.4375,0.6,0.4,0.6923076923076923,0.3076923076923077,0.75,0.25,1.0,0.0,0.1134627091658341,0.5625,-0.0,1.0,0.1448942609131336,MC dropout
FI8,embedding_and_xyz,gaussian_full,xyz_4sigma,16.0,0.5625,0.0,1.3164048194885254,0.6933358907699585,0.3550356179475784,0.917535662651062,0.3177904486656189,0.2989542484283447,0.0188362132757902,0.888888888888889,0.913657770800628,0.8888888888888888,0.9004329004329005,0.5625,0.4375,0.5625,0.4375,0.6,0.4,0.6923076923076923,0.3076923076923077,0.75,0.25,0.875,0.125,0.1819398917055167,0.5625,-0.0,1.0,0.0824643969535827,MC dropout
FP1,real,gaussian_full,xyz_4sigma,16.0,0.8125,0.6799999999999999,0.4472031593322754,0.2778676152229309,0.1073456965386867,0.8922951221466064,0.3743629157543182,0.3495413064956665,0.0248216167092323,0.8461538461538461,0.5317460317460317,0.7692307692307692,0.4444444444444444,0.8125,0.1875,0.8125,0.1875,0.8,0.1999999999999999,0.9230769230769232,0.0769230769230768,0.9166666666666666,0.0833333333333333,1.0,0.0,0.0492357902514152,0.8125,0.9002560512685369,0.625,0.1077048815786838,MC dropout
FP1,embedding_only,gaussian_full,xyz_4sigma,16.0,0.6875,0.452054794520548,0.8004281520843506,0.4560683965682983,0.2600455172359943,0.8364025354385376,0.4878038763999939,0.452070415019989,0.0357334911823272,0.6363636363636364,0.6264285714285714,0.7454545454545455,0.6445421245421246,0.6875,0.3125,0.6875,0.3125,0.7333333333333333,0.2666666666666667,0.7692307692307693,0.2307692307692307,0.75,0.25,0.75,0.25,0.2193591564685314,0.6875,0.6615632381579821,0.625,0.1635974682867527,MC dropout
FP1,xyz_only,gaussian_full,xyz_4sigma,16.0,0.25,0.1829787234042553,1.7362284660339355,1.1058543920516968,0.5544680040329695,0.7355921268463135,0.7027313709259033,0.6645779013633728,0.0381534174084663,0.125,0.6068204943204943,0.2083333333333333,0.64633769008769,0.25,0.75,0.25,0.75,0.2,0.8,0.1538461538461538,0.8461538461538461,0.1666666666666666,0.8333333333333334,0.0,1.0,0.870613240925741,0.25,0.8314025204956377,0.6875,0.2644079327583313,MC dropout
FP1,embedding_and_xyz,gaussian_full,xyz_4sigma,16.0,0.125,0.0303030303030302,2.113974571228028,1.2573108673095703,0.6596331112086773,0.7846331000328064,0.6323526501655579,0.6023753881454468,0.0299772135913372,0.5357142857142857,0.927526243597672,0.2142857142857143,0.8195897356611643,0.125,0.875,0.125,0.875,0.1333333333333333,0.8666666666666667,0.1538461538461538,0.8461538461538461,0.1666666666666666,0.8333333333333334,0.125,0.875,0.8418061972749473,0.125,0.6210863745552451,0.6875,0.2153668813407421,MC dropout
FP11,real,gaussian_full,xyz_4sigma,16.0,0.9375,0.8926174496644296,0.3914903998374939,0.2000903338193893,0.2417693976312875,0.7460559606552124,0.695858359336853,0.6485435366630554,0.0473147593438625,0.6666666666666667,0.1666666666666666,1.0,1.0,0.9375,0.0625,0.9375,0.0625,0.9333333333333332,0.0666666666666666,0.9230769230769232,0.0769230769230768,0.9166666666666666,0.0833333333333333,1.0,0.0,0.0262819212037962,0.9375,1.103432909638192,0.5625,0.2539440207183361,MC dropout
FP11,embedding_only,gaussian_full,xyz_4sigma,16.0,0.625,0.4606741573033708,1.026286005973816,0.592373251914978,0.3253982849419117,0.607401430606842,0.9252384901046752,0.8567510843276978,0.0684874281287193,0.5166666666666666,0.4196581196581197,0.5333333333333333,0.5294705294705295,0.625,0.375,0.625,0.375,0.6,0.4,0.6153846153846154,0.3846153846153846,0.5833333333333334,0.4166666666666666,0.75,0.25,0.3385440080752581,0.625,1.2123138802671547,0.4375,0.3925985991954803,MC dropout
FP11,xyz_only,gaussian_full,xyz_4sigma,16.0,0.25,0.189873417721519,2.2144083976745605,1.143986463546753,0.5805812049657106,0.7880451679229736,0.6349631547927856,0.589148998260498,0.0458141267299652,0.5416666666666667,0.7930948680948681,0.5208333333333333,0.7866133866133866,0.25,0.75,0.25,0.75,0.2666666666666666,0.7333333333333334,0.2307692307692307,0.7692307692307692,0.25,0.75,0.25,0.75,0.6575939685314686,0.25,0.8647400965276372,0.5625,0.2119548581540584,MC dropout
FP11,embedding_and_xyz,gaussian_full,xyz_4sigma,16.0,0.25,0.1578947368421053,2.3917815685272217,1.1180334091186523,0.580414179712534,0.7695053219795227,0.6840872764587402,0.6224832534790039,0.0616041049361228,0.7291666666666666,0.8128276815776816,0.7291666666666667,0.8486182798682798,0.25,0.75,0.25,0.75,0.2,0.8,0.2307692307692307,0.7692307692307692,0.25,0.75,0.375,0.625,0.5158528971028972,0.25,0.8647400965276372,0.5625,0.2304946780204773,MC dropout
FP3,real,gaussian_full,xyz_4sigma,16.0,0.6875,0.4666666666666667,0.5845135450363159,0.349213570356369,0.224996643140912,0.671872079372406,0.7969019412994385,0.7438399791717529,0.0530620068311691,0.6363636363636364,0.5633333333333334,0.2727272727272727,0.2583549783549783,0.6875,0.3125,0.6875,0.3125,0.7333333333333333,0.2666666666666667,0.7692307692307693,0.2307692307692307,0.75,0.25,0.625,0.375,0.1951776088494838,0.6875,0.98689944883853,0.625,0.3281278982758522,MC dropout
FP3,embedding_only,gaussian_full,xyz_4sigma,16.0,0.4375,0.1111111111111111,1.19201397895813,0.7318236231803894,0.3043167665600776,0.6002776622772217,0.933208703994751,0.8636935949325562,0.069515123963356,0.6190476190476191,0.7519179894179895,0.6031746031746033,0.6084767084767084,0.4375,0.5625,0.4375,0.5625,0.4666666666666667,0.5333333333333333,0.4615384615384615,0.5384615384615384,0.5,0.5,0.5,0.5,0.4904545541264292,0.4375,1.103432909638192,0.5625,0.3997223079204559,MC dropout
FP3,xyz_only,gaussian_full,xyz_4sigma,16.0,0.3125,0.0736842105263158,3.320230484008789,1.0489307641983032,0.4146150611340999,0.6858869791030884,0.7734661102294922,0.7273942232131958,0.046071857213974,0.5454545454545454,0.6873903873903874,0.7636363636363637,0.918560606060606,0.3125,0.6875,0.3125,0.6875,0.2666666666666666,0.7333333333333334,0.2307692307692307,0.7692307692307692,0.25,0.75,0.375,0.625,0.5646438197219448,0.3125,0.7774621319109287,0.6875,0.3141130432486534,MC dropout
FP3,embedding_and_xyz,gaussian_full,xyz_4sigma,16.0,0.25,0.0204081632653061,3.957944393157959,1.099977970123291,0.4052608050405979,0.6552608013153076,0.8243037462234497,0.7778910994529724,0.0464126579463481,0.4166666666666667,0.706496743996744,0.4791666666666666,0.783278527028527,0.25,0.75,0.25,0.75,0.2,0.8,0.2307692307692307,0.7692307692307692,0.1666666666666666,0.8333333333333334,0.25,0.75,0.7379285644910646,0.25,0.9002560512685369,0.625,0.3447392135858536,MC dropout
FP4,real,gaussian_full,xyz_4sigma,15.0,0.8666666666666667,0.7457627118644068,0.3078632056713104,0.1684200167655944,0.0862111449241638,0.8384990692138672,0.478922963142395,0.4514336585998535,0.0274893324822187,0.9230769230769232,0.75,1.0,1.0,0.8666666666666667,0.1333333333333333,0.8666666666666667,0.1333333333333333,0.9285714285714286,0.0714285714285714,0.9166666666666666,0.0833333333333333,1.0,0.0,1.0,0.0,0.0198901098901098,0.8666666666666667,0.8532361505557784,0.6,0.1615009148915608,MC dropout
FP4,embedding_only,gaussian_full,xyz_4sigma,15.0,0.8,0.64,0.3584468960762024,0.1825290769338607,0.1640389045079549,0.7368676662445068,0.6601934432983398,0.6187800168991089,0.0414133705198764,0.9444444444444444,0.8055555555555556,0.8611111111111112,0.5333333333333333,0.8,0.1999999999999999,0.8,0.1999999999999999,0.8571428571428571,0.1428571428571429,0.9166666666666666,0.0833333333333333,1.0,0.0,1.0,0.0,0.032002442002442,0.8,0.9276173343271816,0.6,0.2631323496500651,MC dropout
FP4,xyz_only,gaussian_full,xyz_4sigma,15.0,0.7333333333333333,0.4444444444444444,0.6677199602127075,0.3851816952228546,0.2311333278814951,0.7834689021110535,0.5626296997070312,0.530741274356842,0.0318884439766407,0.6818181818181819,0.5769230769230769,0.6363636363636364,0.3916666666666666,0.7333333333333333,0.2666666666666667,0.7333333333333333,0.2666666666666667,0.7857142857142857,0.2142857142857143,0.75,0.25,0.8181818181818182,0.1818181818181817,0.875,0.125,0.1692783142783142,0.7333333333333333,0.5004024235381879,0.8,0.2165310740470886,MC dropout
FP4,embedding_and_xyz,gaussian_full,xyz_4sigma,15.0,0.8,0.5871559633027523,0.6685925126075745,0.3916842043399811,0.2772817850112914,0.750998318195343,0.663145899772644,0.6221942901611328,0.0409515276551246,0.5555555555555556,0.2619047619047619,0.6388888888888888,0.3222222222222222,0.8,0.1999999999999999,0.8,0.1999999999999999,0.7857142857142857,0.2142857142857143,0.75,0.25,0.7272727272727273,0.2727272727272727,0.875,0.125,0.1283018833018833,0.8,0.5799151714181009,0.7333333333333333,0.2490016818046569,MC dropout
FP6,real,gaussian_full,xyz_4sigma,16.0,0.125,0.0666666666666666,1.4666961431503296,0.8351873159408569,0.412954930216074,0.5379549264907837,0.8992161750793457,0.8314587473869324,0.0677574127912521,0.6785714285714286,0.9517547928262212,0.6071428571428571,0.9293952079666364,0.125,0.875,0.125,0.875,0.1333333333333333,0.8666666666666667,0.1538461538461538,0.8461538461538461,0.1666666666666666,0.8333333333333334,0.25,0.75,0.7954520306082807,0.125,0.6885673693022827,0.8125,0.4620450735092163,MC dropout
FP6,embedding_only,gaussian_full,xyz_4sigma,16.0,0.1875,0.1369294605809128,1.7440301179885864,0.9916053414344788,0.4130374044179916,0.6005374193191528,0.895312488079071,0.8306388854980469,0.0646736472845077,0.5897435897435898,0.8991136000751385,0.3076923076923077,0.7501431261046645,0.1875,0.8125,0.1875,0.8125,0.2,0.8,0.2307692307692307,0.7692307692307692,0.25,0.75,0.25,0.75,0.7654498713092464,0.1875,0.9470571522825084,0.5625,0.3994626104831695,MC dropout
FP6,xyz_only,gaussian_full,xyz_4sigma,16.0,0.0,0.0,6.445795059204102,1.6126775741577148,0.7311817146837711,0.7311817407608032,0.6517890691757202,0.6132074594497681,0.0385816879570484,,,,,0.0,1.0,0.0,1.0,0.0,1.0,0.0,1.0,0.0,1.0,0.0,1.0,0.9375,0.0,0.7774621319109287,0.6875,0.2688182890415191,MC dropout
FP6,embedding_and_xyz,gaussian_full,xyz_4sigma,16.0,0.0,0.0,6.814411163330078,1.576622486114502,0.6784133575856686,0.6784133911132812,0.7068736553192139,0.662339448928833,0.044534258544445,,,,,0.0,1.0,0.0,1.0,0.0,1.0,0.0,1.0,0.0,1.0,0.0,1.0,0.9375,0.0,0.9743147528693494,0.5,0.3215866386890411,MC dropout
FP7,real,gaussian_full,xyz_4sigma,18.0,0.3333333333333333,0.1849056603773584,1.454006552696228,0.8620682954788208,0.392950564622879,0.6328951120376587,0.8040695786476135,0.7537306547164917,0.0503388866782188,0.5972222222222223,0.8316993464052289,0.4861111111111112,0.6725806872865695,0.3333333333333333,0.6666666666666667,0.3333333333333333,0.6666666666666667,0.3529411764705882,0.6470588235294117,0.4,0.6,0.4615384615384615,0.5384615384615384,0.4444444444444444,0.5555555555555556,0.641976560113815,0.3333333333333333,1.223575654138956,0.5,0.3671048714054955,MC dropout
FP7,embedding_only,gaussian_full,xyz_4sigma,18.0,0.2222222222222222,-0.0120481927710842,1.5607753992080688,0.9323448538780212,0.4457337641053729,0.6506549715995789,0.8440380096435547,0.7804298400878906,0.0636082291603088,0.625,0.8355671114599686,0.75,0.9105460016174302,0.2222222222222222,0.7777777777777778,0.2222222222222222,0.7777777777777778,0.2352941176470588,0.7647058823529411,0.2,0.8,0.2307692307692307,0.7692307692307692,0.3333333333333333,0.6666666666666667,0.6631999037636294,0.2222222222222222,1.0114042647073518,0.5,0.3493450317117903,MC dropout
FP7,xyz_only,gaussian_full,xyz_4sigma,18.0,0.5,0.0,1.9082224369049072,0.8662334084510803,0.428051729996999,0.9280517101287842,0.2483533769845962,0.2365350127220153,0.0118183707818388,1.0,1.0,0.9753086419753086,0.97979797979798,0.5,0.5,0.5,0.5,0.5294117647058824,0.4705882352941176,0.6,0.4,0.6923076923076923,0.3076923076923077,1.0,0.0,0.1530411989970813,0.5,-0.0,1.0,0.0719481971528795,MC dropout
FP7,embedding_and_xyz,gaussian_full,xyz_4sigma,18.0,0.5,0.0,2.168800115585327,0.909204602241516,0.4536509282059139,0.9536510109901428,0.2006960660219192,0.1926698088645935,0.0080262720584869,0.8641975308641975,0.8954906204906206,0.8518518518518517,0.8913239538239539,0.5,0.5,0.5,0.5,0.5294117647058824,0.4705882352941176,0.6,0.4,0.6923076923076923,0.3076923076923077,0.7777777777777778,0.2222222222222222,0.2367072243297733,0.5,-0.0,1.0,0.0463491214646233,MC dropout
FP9,real,gaussian_full,xyz_4sigma,15.0,0.6666666666666666,0.5481927710843373,0.7580503821372986,0.4593275785446167,0.2417930603027343,0.7183760404586792,0.7544021010398865,0.7060086131095886,0.0483935512602329,0.7,0.5,0.62,0.449047619047619,0.6666666666666666,0.3333333333333333,0.6666666666666666,0.3333333333333333,0.6428571428571429,0.3571428571428571,0.6666666666666666,0.3333333333333333,0.7272727272727273,0.2727272727272727,0.75,0.25,0.1679538979538979,0.6666666666666666,1.1369165918330009,0.5333333333333333,0.2816239913304647,MC dropout
FP9,embedding_only,gaussian_full,xyz_4sigma,15.0,0.2666666666666666,-0.0060975609756099,1.3237011432647705,0.8790175914764404,0.4532585442066192,0.7120846509933472,0.7487741112709045,0.6969119310379028,0.0518621280789375,0.6363636363636364,0.811104552013643,0.7045454545454546,0.8354617604617603,0.2666666666666666,0.7333333333333334,0.2666666666666666,0.7333333333333334,0.2857142857142857,0.7142857142857143,0.25,0.75,0.2727272727272727,0.7272727272727273,0.375,0.625,0.5755605505605506,0.2666666666666666,0.5799151714181009,0.7333333333333333,0.2879153649012247,MC dropout
FP9,xyz_only,gaussian_full,xyz_4sigma,15.0,0.4666666666666667,0.3181818181818182,1.495879292488098,0.8301733732223511,0.4064429203669231,0.8199182152748108,0.5682750344276428,0.5326082706451416,0.0356667824089527,0.7321428571428571,0.7425976800976801,0.75,0.7260912698412698,0.4666666666666667,0.5333333333333333,0.4666666666666667,0.5333333333333333,0.5,0.5,0.5,0.5,0.5454545454545454,0.4545454545454546,0.625,0.375,0.3209888259888259,0.4666666666666667,0.5799151714181009,0.7333333333333333,0.1800818045934041,MC dropout
FP9,embedding_and_xyz,gaussian_full,xyz_4sigma,15.0,0.2,0.0,2.328443050384521,1.2486990690231323,0.6756372590859732,0.8756372332572937,0.3992649614810943,0.3786908090114593,0.020574152469635,0.8055555555555556,0.9546037296037296,0.861111111111111,0.965241702741703,0.2,0.8,0.2,0.8,0.2142857142857142,0.7857142857142857,0.25,0.75,0.2727272727272727,0.7272727272727273,0.375,0.625,0.6285764235764236,0.2,-0.0,1.0,0.1243627349535624,MC dropout
L1,real,gaussian_full,xyz_4sigma,16.0,0.6875,0.4838709677419355,0.5684592127799988,0.3770292997360229,0.2546715326607227,0.8530739545822144,0.3768171072006225,0.3556585907936096,0.0211585108190774,0.8727272727272728,0.7416666666666667,0.8,0.5726190476190476,0.6875,0.3125,0.6875,0.3125,0.7333333333333333,0.2666666666666667,0.7692307692307693,0.2307692307692307,0.8333333333333334,0.1666666666666666,1.0,0.0,0.0936872589216339,0.6875,0.8305236914828464,0.625,0.1469260826706886,MC dropout
L1,embedding_only,gaussian_full,xyz_4sigma,16.0,0.75,0.5949367088607596,0.6079525351524353,0.3891254365444183,0.1579077132046222,0.8378040194511414,0.4235915243625641,0.3992390930652618,0.0243524312973022,0.8124999999999999,0.6527777777777778,0.7708333333333334,0.4583333333333333,0.75,0.25,0.75,0.25,0.8,0.1999999999999999,0.8461538461538461,0.1538461538461538,0.8333333333333334,0.1666666666666666,0.875,0.125,0.0861079892329892,0.75,0.9470571522825082,0.5625,0.1621960029006004,MC dropout
L1,xyz_only,gaussian_full,xyz_4sigma,16.0,0.5,0.0,1.223793387413025,0.7134040594100952,0.3820546977221966,0.8820546865463257,0.3349952697753906,0.3195112347602844,0.0154840089380741,1.0,1.0,1.0,1.0,0.5,0.5,0.5,0.5,0.5333333333333333,0.4666666666666667,0.6153846153846154,0.3846153846153846,0.6666666666666666,0.3333333333333333,1.0,0.0,0.1529390748140748,0.5,-0.0,1.0,0.1179452948272228,MC dropout
L1,embedding_and_xyz,gaussian_full,xyz_4sigma,16.0,0.5,0.0,1.3031909465789795,0.7090603113174438,0.3737732414156198,0.8737732172012329,0.3391724824905395,0.3254387080669403,0.0137337958440184,0.984375,0.9861111111111112,0.984375,0.9861111111111112,0.5,0.5,0.5,0.5,0.5333333333333333,0.4666666666666667,0.6153846153846154,0.3846153846153846,0.6666666666666666,0.3333333333333333,0.875,0.125,0.1607515748140748,0.5,-0.0,1.0,0.1262267790734768,MC dropout
L2,real,gaussian_full,xyz_4sigma,16.0,0.75,0.5897435897435898,0.3888634443283081,0.2464062273502349,0.1617742124944925,0.8315815925598145,0.402326226234436,0.3811524510383606,0.0211737677454948,0.8958333333333334,0.8125,0.9166666666666669,0.875,0.75,0.25,0.75,0.25,0.8,0.1999999999999999,0.8461538461538461,0.1538461538461538,0.9166666666666666,0.0833333333333333,1.0,0.0,0.062941052003552,0.75,1.0408398374232388,0.625,0.1684184037148952,MC dropout
L2,embedding_only,gaussian_full,xyz_4sigma,16.0,0.75,0.5789473684210527,0.4623644053936004,0.2800770998001098,0.2063473854213953,0.8249581456184387,0.4357989430427551,0.41390261054039,0.0218963287770748,0.9166666666666669,0.875,0.9791666666666666,0.95,0.75,0.25,0.75,0.25,0.8,0.1999999999999999,0.9230769230769232,0.0769230769230768,0.9166666666666666,0.0833333333333333,1.0,0.0,0.0581333596958597,0.75,0.9002560512685369,0.625,0.1750418357551098,MC dropout
L2,xyz_only,gaussian_full,xyz_4sigma,16.0,0.5,0.0,1.556201696395874,0.7972431778907776,0.4087249226868152,0.9087250232696532,0.2787705361843109,0.2662155032157898,0.0125550366938114,1.0,1.0,1.0,1.0,0.5,0.5,0.5,0.5,0.5333333333333333,0.4666666666666667,0.6153846153846154,0.3846153846153846,0.6666666666666666,0.3333333333333333,1.0,0.0,0.1529390748140748,0.5,-0.0,1.0,0.091275006532669,MC dropout
L2,embedding_and_xyz,gaussian_full,xyz_4sigma,16.0,0.5,0.0,1.5921509265899658,0.7765905857086182,0.3919112011790275,0.8919112682342529,0.3101750612258911,0.2989114224910736,0.0112636378034949,1.0,1.0,1.0,1.0,0.5,0.5,0.5,0.5,0.5333333333333333,0.4666666666666667,0.6153846153846154,0.3846153846153846,0.6666666666666666,0.3333333333333333,1.0,0.0,0.1529390748140748,0.5,-0.0,1.0,0.1080887652933597,MC dropout
N1,real,gaussian_full,xyz_4sigma,14.0,0.7142857142857143,0.5409836065573771,0.5218588709831238,0.3095772564411163,0.1734163377966199,0.7621454000473022,0.6214814186096191,0.5802965760231018,0.04118487611413,0.9,0.7708333333333333,0.9,0.8166666666666667,0.7142857142857143,0.2857142857142857,0.7142857142857143,0.2857142857142857,0.7692307692307693,0.2307692307692307,0.75,0.25,0.9,0.0999999999999999,1.0,0.0,0.0726111190396904,0.7142857142857143,1.1032634988483545,0.4285714285714285,0.2378546638148171,MC dropout
N1,embedding_only,gaussian_full,xyz_4sigma,14.0,0.7857142857142857,0.5922330097087378,0.636106550693512,0.3236392140388489,0.3090517797640391,0.6573439240455627,0.8476061820983887,0.7800998091697693,0.0675063878297805,0.7878787878787878,0.4666666666666667,0.5757575757575757,0.2869047619047619,0.7857142857142857,0.2142857142857143,0.7857142857142857,0.2142857142857143,0.7692307692307693,0.2307692307692307,0.8333333333333334,0.1666666666666666,0.8,0.1999999999999999,1.0,0.0,0.0712505748220033,0.7857142857142857,0.8304717124362917,0.6428571428571429,0.3426560546670641,MC dropout
N1,xyz_only,gaussian_full,xyz_4sigma,14.0,0.2142857142857142,0.0,2.556161880493164,1.202961564064026,0.6356342222009386,0.8499199748039246,0.4257987141609192,0.4099981784820556,0.0158004574477672,1.0,1.0,1.0,1.0,0.2142857142857142,0.7857142857142857,0.2142857142857142,0.7857142857142857,0.2307692307692307,0.7692307692307692,0.25,0.75,0.3,0.7,0.4285714285714285,0.5714285714285714,0.4537468483897056,0.2142857142857142,-0.0,1.0,0.1500800337110246,MC dropout
N1,embedding_and_xyz,gaussian_full,xyz_4sigma,14.0,0.2142857142857142,0.0,2.3723316192626958,1.1369625329971311,0.6072795305933272,0.8215652108192444,0.4731668531894684,0.4562375247478485,0.0169292744249105,1.0,1.0,0.9696969696969696,0.9924242424242424,0.2142857142857142,0.7857142857142857,0.2142857142857142,0.7857142857142857,0.2307692307692307,0.7692307692307692,0.25,0.75,0.3,0.7,0.4285714285714285,0.5714285714285714,0.4537468483897056,0.2142857142857142,-0.0,1.0,0.1784347466060093,MC dropout
N2,real,gaussian_full,xyz_4sigma,11.0,0.3636363636363636,0.1538461538461537,1.8805629014968872,0.923832356929779,0.4187220633029938,0.7129446864128113,0.6737015247344971,0.6270307898521423,0.0466707088053226,0.5714285714285714,0.7858070500927643,0.5,0.6667594310451453,0.3636363636363636,0.6363636363636364,0.3636363636363636,0.6363636363636364,0.4,0.6,0.4444444444444444,0.5555555555555556,0.375,0.625,0.5,0.5,0.585166601075692,0.3636363636363636,0.6001660731596457,0.8181818181818182,0.2870553027499806,MC dropout
N2,embedding_only,gaussian_full,xyz_4sigma,11.0,0.2727272727272727,0.032967032967033,1.6565780639648438,0.9130902886390686,0.4422760226509787,0.6868599653244019,0.7906720638275146,0.7394163608551025,0.0512557029724121,0.7916666666666667,0.932426948051948,0.7916666666666667,0.9381313131313131,0.2727272727272727,0.7272727272727273,0.2727272727272727,0.7272727272727273,0.3,0.7,0.3333333333333333,0.6666666666666667,0.375,0.625,0.5,0.5,0.5327331759149941,0.2727272727272727,0.3046360973492381,0.9090909090909092,0.3131400509314103,MC dropout
N2,xyz_only,gaussian_full,xyz_4sigma,11.0,0.3636363636363636,0.1046511627906976,1.4057917594909668,0.8031866550445557,0.4026332226666537,0.7662696242332458,0.5599462389945984,0.5400040745735168,0.0199420768767595,0.7857142857142857,0.8260204081632654,0.8928571428571428,0.9379251700680272,0.3636363636363636,0.6363636363636364,0.3636363636363636,0.6363636363636364,0.4,0.6,0.3333333333333333,0.6666666666666667,0.375,0.625,0.5,0.5,0.3573888232979142,0.3636363636363636,0.3046360973492381,0.9090909090909092,0.2337304353713989,MC dropout
N2,embedding_and_xyz,gaussian_full,xyz_4sigma,11.0,0.6363636363636364,0.4499999999999999,1.2937041521072388,0.7167900800704956,0.4736816720529036,0.7825694680213928,0.5602732300758362,0.5379464030265808,0.0223267842084169,0.4285714285714286,0.3654761904761904,0.3928571428571429,0.3515873015873015,0.6363636363636364,0.3636363636363636,0.6363636363636364,0.3636363636363636,0.6,0.4,0.5555555555555556,0.4444444444444444,0.5,0.5,0.5,0.5,0.2952446543355634,0.6363636363636364,0.6554817739013927,0.6363636363636364,0.2174305753274397,MC dropout
N3,real,gaussian_full,xyz_4sigma,7.0,0.8571428571428571,0.588235294117647,0.3000442385673523,0.1500631868839264,0.1524591488497597,0.8388466835021973,0.4602458477020263,0.4365795254707336,0.0236663464456796,1.0,1.0,1.0,1.0,0.8571428571428571,0.1428571428571429,0.8571428571428571,0.1428571428571429,0.8571428571428571,0.1428571428571429,1.0,0.0,1.0,0.0,1.0,0.0,0.010204081632653,0.8571428571428571,0.410116318288409,0.8571428571428571,0.1611533250127519,MC dropout
N3,embedding_only,gaussian_full,xyz_4sigma,7.0,0.7142857142857143,0.0,0.65495765209198,0.3381640911102295,0.2798235033239637,0.7854943871498108,0.5904421210289001,0.5533531308174133,0.0370889045298099,0.9,0.8333333333333333,0.8,0.75,0.7142857142857143,0.2857142857142857,0.7142857142857143,0.2857142857142857,0.7142857142857143,0.2857142857142857,0.8333333333333334,0.1666666666666666,0.8,0.1999999999999999,1.0,0.0,0.0727891156462584,0.7142857142857143,-0.0,1.0,0.2145056383950369,MC dropout
N3,xyz_only,gaussian_full,xyz_4sigma,7.0,0.0,0.0,2.536724328994751,1.4374052286148071,0.7573387452534266,0.7573387026786804,0.6981166005134583,0.6701289415359497,0.0279875714331865,,,,,0.0,1.0,0.0,1.0,0.0,1.0,0.0,1.0,0.0,1.0,0.0,1.0,0.8571428571428571,0.0,-0.0,1.0,0.2426612632615225,MC dropout
N3,embedding_and_xyz,gaussian_full,xyz_4sigma,7.0,0.0,0.0,2.8641207218170166,1.511097073554993,0.8050796559878758,0.8050796389579773,0.6159828305244446,0.5877203941345215,0.0282624121755361,,,,,0.0,1.0,0.0,1.0,0.0,1.0,0.0,1.0,0.0,1.0,0.0,1.0,0.8571428571428571,0.0,-0.0,1.0,0.1949203440121241,MC dropout
P1,real,gaussian_full,xyz_4sigma,19.0,0.9473684210526316,0.903061224489796,0.17660953104496,0.0945168510079383,0.0661582821293881,0.8812101483345032,0.3112129271030426,0.292729377746582,0.0184835437685251,1.0,1.0,1.0,1.0,0.9473684210526316,0.0526315789473684,0.9473684210526316,0.0526315789473684,1.0,0.0,1.0,0.0,1.0,0.0,1.0,0.0,0.0013850415512465,0.9473684210526316,0.8392695557891106,0.5789473684210527,0.1187899206814013,MC dropout
P1,embedding_only,gaussian_full,xyz_4sigma,19.0,0.8421052631578947,0.7106598984771574,0.2822305560111999,0.1568127870559692,0.1264331105508302,0.8610746264457703,0.3995339572429657,0.3739054203033447,0.0256285145878791,1.0,1.0,0.875,0.4777777777777778,0.8421052631578947,0.1578947368421053,0.8421052631578947,0.1578947368421053,0.8888888888888888,0.1111111111111111,1.0,0.0,1.0,0.0,1.0,0.0,0.013099053102312,0.8421052631578947,0.6917614988524178,0.5263157894736842,0.138925248070767,MC dropout
P1,xyz_only,gaussian_full,xyz_4sigma,19.0,0.5789473684210527,0.0,1.1261301040649414,0.6338026523590088,0.3388537262615405,0.9178010821342468,0.2677225768566131,0.2595594525337219,0.008163122460246,1.0,1.0,1.0,1.0,0.5789473684210527,0.4210526315789473,0.5789473684210527,0.4210526315789473,0.6111111111111112,0.3888888888888888,0.6875,0.3125,0.7857142857142857,0.2142857142857143,1.0,0.0,0.1043678025937273,0.5789473684210527,-0.0,1.0,0.0821989178657531,MC dropout
P1,embedding_and_xyz,gaussian_full,xyz_4sigma,19.0,0.5789473684210527,0.0,1.0404620170593262,0.5960114598274231,0.321080672113519,0.9000280499458313,0.3068691790103912,0.2943114638328552,0.0125577244907617,1.0,1.0,1.0,1.0,0.5789473684210527,0.4210526315789473,0.5789473684210527,0.4210526315789473,0.6111111111111112,0.3888888888888888,0.6875,0.3125,0.7857142857142857,0.2142857142857143,1.0,0.0,0.1043678025937273,0.5789473684210527,-0.0,1.0,0.0999719531912552,MC dropout
P2,real,gaussian_full,xyz_4sigma,20.0,0.9,0.8148148148148149,0.3008990883827209,0.1489692330360412,0.1589419722557068,0.8038926124572754,0.5759371519088745,0.530895471572876,0.0450417809188365,0.9166666666666666,0.5,0.6944444444444444,0.5769230769230769,0.9,0.0999999999999999,0.8947368421052632,0.1052631578947368,0.9444444444444444,0.0555555555555555,1.0,0.0,1.0,0.0,1.0,0.0,0.0134821121431028,0.9,0.8556886672556694,0.5,0.1961074143648147,MC dropout
P2,embedding_only,gaussian_full,xyz_4sigma,20.0,0.85,0.7235023041474655,0.572895884513855,0.3166714012622833,0.3231783911585808,0.7313777804374695,0.7068274021148682,0.6489178538322449,0.0579094365239143,0.5686274509803921,0.456043956043956,0.4313725490196078,0.1643772893772893,0.85,0.15,0.8947368421052632,0.1052631578947368,0.8888888888888888,0.1111111111111111,0.875,0.125,0.8571428571428571,0.1428571428571429,0.8,0.1999999999999999,0.106381108571511,0.85,0.8556886672556694,0.5,0.2686221718788147,MC dropout
P2,xyz_only,gaussian_full,xyz_4sigma,20.0,0.6,0.0,0.6588480472564697,0.4484283030033111,0.2774142503738404,0.8686395883560181,0.3578458428382873,0.3412962257862091,0.0165496170520782,1.0,1.0,1.0,1.0,0.6,0.4,0.631578947368421,0.368421052631579,0.6666666666666666,0.3333333333333333,0.75,0.25,0.8571428571428571,0.1428571428571429,1.0,0.0,0.0932826126401977,0.6,-0.0,1.0,0.1313604444265365,MC dropout
P2,embedding_and_xyz,gaussian_full,xyz_4sigma,20.0,0.6,0.0,0.710730791091919,0.4583867192268371,0.2712184280157089,0.8583215475082397,0.3751623332500458,0.3575575351715088,0.017604786902666,1.0,1.0,1.0,1.0,0.6,0.4,0.631578947368421,0.368421052631579,0.6666666666666666,0.3333333333333333,0.75,0.25,0.8571428571428571,0.1428571428571429,1.0,0.0,0.0932826126401977,0.6,-0.0,1.0,0.1416784346103668,MC dropout
P3,real,gaussian_full,xyz_4sigma,15.0,1.0,1.0,0.4592437744140625,0.2257349193096161,0.3463935852050781,0.6536064147949219,0.8753079771995544,0.8201021552085876,0.0552057735621929,,,,,1.0,0.0,1.0,0.0,1.0,0.0,1.0,0.0,1.0,0.0,1.0,0.0,0.0,1.0,1.2454410537617744,0.4666666666666667,0.3463935653368632,MC dropout
P3,embedding_only,gaussian_full,xyz_4sigma,15.0,0.4,0.2105263157894736,1.1095004081726074,0.6881569027900696,0.3925756176312764,0.640221357345581,0.8717896342277527,0.8158074617385864,0.0559821166098117,0.611111111111111,0.6427689594356261,0.5555555555555556,0.6481379731379732,0.4,0.6,0.4,0.6,0.3571428571428571,0.6428571428571428,0.3333333333333333,0.6666666666666667,0.3636363636363636,0.6363636363636364,0.5,0.5,0.4425992525992526,0.4,0.9276173343271816,0.6,0.3597787181536356,MC dropout
P3,xyz_only,gaussian_full,xyz_4sigma,15.0,0.1333333333333333,0.0,2.3386855125427246,1.3296691179275513,0.7260997056961059,0.8594330549240112,0.4784711599349975,0.4515327215194702,0.0269384104758501,1.0,0.9999999999999998,1.0,0.9999999999999998,0.1333333333333333,0.8666666666666667,0.1333333333333333,0.8666666666666667,0.1428571428571428,0.8571428571428572,0.1666666666666666,0.8333333333333334,0.1818181818181818,0.8181818181818181,0.25,0.75,0.5953472453472453,0.1333333333333333,-0.0,1.0,0.1405669728914896,MC dropout
P3,embedding_and_xyz,gaussian_full,xyz_4sigma,15.0,0.1333333333333333,0.0,3.272779703140259,1.563958764076233,0.8042363007863363,0.9375696182250975,0.2832951247692108,0.2675687372684479,0.0157264042645692,0.7692307692307693,0.9627308588847048,0.8076923076923077,0.972344322344322,0.1333333333333333,0.8666666666666667,0.1333333333333333,0.8666666666666667,0.1428571428571428,0.8571428571428572,0.1666666666666666,0.8333333333333334,0.1818181818181818,0.8181818181818181,0.25,0.75,0.7253472453472454,0.1333333333333333,-0.0,1.0,0.0624303340911865,MC dropout
P4,real,gaussian_full,xyz_4sigma,20.0,0.8,0.641255605381166,0.5396090745925903,0.2713022828102112,0.2637936353683472,0.7583838701248169,0.6561023592948914,0.6095548868179321,0.0465475134551525,0.765625,0.6083333333333333,0.6875,0.5208333333333333,0.8,0.1999999999999999,0.8421052631578947,0.1578947368421053,0.8333333333333334,0.1666666666666666,0.875,0.125,0.9285714285714286,0.0714285714285714,0.9,0.0999999999999999,0.0884385394447313,0.8,0.8556886672556694,0.5,0.2416161209344864,MC dropout
P4,embedding_only,gaussian_full,xyz_4sigma,20.0,0.8,0.641255605381166,0.657528281211853,0.3565273582935333,0.2163706138730049,0.6825866103172302,0.8085827827453613,0.7495673298835754,0.0590154752135276,0.84375,0.5277777777777778,0.453125,0.2156926406926407,0.8,0.1999999999999999,0.7894736842105263,0.2105263157894736,0.8333333333333334,0.1666666666666666,0.875,0.125,0.9285714285714286,0.0714285714285714,1.0,0.0,0.0542429178148992,0.8,0.8556886672556694,0.5,0.3174133986234665,MC dropout
P4,xyz_only,gaussian_full,xyz_4sigma,20.0,0.65,0.0,0.7838544249534607,0.4605933725833893,0.2471509367227554,0.8873950242996216,0.322051852941513,0.3101738691329956,0.0118779595941305,1.0,0.9999999999999998,1.0,0.9999999999999998,0.65,0.35,0.6842105263157895,0.3157894736842105,0.7222222222222222,0.2777777777777778,0.8125,0.1875,0.9285714285714286,0.0714285714285714,1.0,0.0,0.0698061636935476,0.65,-0.0,1.0,0.1126050293445587,MC dropout
P4,embedding_and_xyz,gaussian_full,xyz_4sigma,20.0,0.65,0.0,0.7691629528999329,0.4426661431789398,0.2332053139805794,0.8736726641654968,0.3440903723239898,0.3322000801563263,0.0118902865797281,1.0,0.9999999999999998,1.0,0.9999999999999998,0.65,0.35,0.6842105263157895,0.3157894736842105,0.7222222222222222,0.2777777777777778,0.8125,0.1875,0.9285714285714286,0.0714285714285714,1.0,0.0,0.0698061636935476,0.65,-0.0,1.0,0.1263273179531097,MC dropout
S1,real,gaussian_full,xyz_4sigma,13.0,0.6923076923076923,0.4583333333333332,0.7070202231407166,0.4516374468803406,0.3161177176695603,0.8235308527946472,0.4707589149475097,0.4351785778999328,0.0355803184211254,0.5833333333333334,0.3779761904761904,0.638888888888889,0.4154761904761905,0.6923076923076923,0.3076923076923077,0.6923076923076923,0.3076923076923077,0.6666666666666666,0.3333333333333333,0.6363636363636364,0.3636363636363636,0.6,0.4,0.7142857142857143,0.2857142857142857,0.1855023181946259,0.6923076923076923,0.6172417697303416,0.6923076923076923,0.1764691930550795,MC dropout
S1,embedding_only,gaussian_full,xyz_4sigma,13.0,0.7692307692307693,0.5851063829787233,0.4992409944534302,0.3228113353252411,0.1393520327714773,0.791089653968811,0.5627610683441162,0.5164322853088379,0.0463287644088268,0.6666666666666666,0.3694444444444444,0.6,0.3206349206349206,0.7692307692307693,0.2307692307692307,0.7692307692307693,0.2307692307692307,0.75,0.25,0.7272727272727273,0.2727272727272727,0.8,0.1999999999999999,0.8571428571428571,0.1428571428571429,0.1149890707583015,0.7692307692307693,0.666278442414676,0.6153846153846154,0.2089102910115168,MC dropout
S1,xyz_only,gaussian_full,xyz_4sigma,13.0,0.3846153846153846,0.1937984496124031,1.210663676261902,0.7128200531005859,0.4200855264296899,0.735126256942749,0.7104088664054871,0.662988007068634,0.0474208667874336,1.0,1.0,1.0,1.0,0.3846153846153846,0.6153846153846154,0.3846153846153846,0.6153846153846154,0.4166666666666667,0.5833333333333333,0.4545454545454545,0.5454545454545454,0.5,0.5,0.7142857142857143,0.2857142857142857,0.2467927371773525,0.3846153846153846,0.666278442414676,0.6153846153846154,0.2648738072468684,MC dropout
S1,embedding_and_xyz,gaussian_full,xyz_4sigma,13.0,0.3846153846153846,0.2238805970149252,1.005703687667847,0.6418967843055725,0.4001261523136725,0.6710237264633179,0.8421570062637329,0.7934219837188721,0.0487350560724735,0.875,0.9381313131313131,0.95,0.975,0.3846153846153846,0.6153846153846154,0.3846153846153846,0.6153846153846154,0.4166666666666667,0.5833333333333333,0.4545454545454545,0.5454545454545454,0.5,0.5,0.7142857142857143,0.2857142857142857,0.335254275638891,0.3846153846153846,0.6901856760188042,0.5384615384615384,0.3289762368569007,MC dropout
S10,real,gaussian_full,xyz_4sigma,22.0,0.8636363636363636,0.7564575645756457,0.4771307110786438,0.2644494175910949,0.1904088177464225,0.7441974878311157,0.6500701308250427,0.6142433881759644,0.0358267612755298,0.6666666666666667,0.2611111111111111,0.6140350877192983,0.2208624708624708,0.8636363636363636,0.1363636363636363,0.8571428571428571,0.1428571428571429,0.85,0.15,0.8888888888888888,0.1111111111111111,0.9375,0.0625,0.9090909090909092,0.0909090909090909,0.0697983508267071,0.8636363636363636,1.0534722169054482,0.5454545454545454,0.2558025500991128,MC dropout
S10,embedding_only,gaussian_full,xyz_4sigma,22.0,0.5454545454545454,0.3015873015873016,1.2734817266464231,0.7770198583602905,0.4434019394896247,0.7611002326011658,0.6541590094566345,0.610344648361206,0.0438143461942672,0.425,0.413323854508065,0.4416666666666666,0.5164640914640914,0.5454545454545454,0.4545454545454546,0.5238095238095238,0.4761904761904761,0.5,0.5,0.4444444444444444,0.5555555555555556,0.4375,0.5625,0.4545454545454545,0.5454545454545454,0.4385555263528103,0.5454545454545454,0.6765259604934999,0.5909090909090909,0.2388996888290752,MC dropout
S10,xyz_only,gaussian_full,xyz_4sigma,22.0,0.5909090909090909,0.3443708609271523,0.9250803589820862,0.4963788092136383,0.2124854001131924,0.7594756484031677,0.6684186458587646,0.6266081929206848,0.0418103970587253,0.8888888888888888,0.8849258221807244,0.8632478632478632,0.8412750285299306,0.5909090909090909,0.409090909090909,0.6190476190476191,0.3809523809523809,0.65,0.35,0.7222222222222222,0.2777777777777778,0.75,0.25,0.9090909090909092,0.0909090909090909,0.1546531098916407,0.5909090909090909,0.6554817739013927,0.6363636363636364,0.2405243082479997,MC dropout
S10,embedding_and_xyz,gaussian_full,xyz_4sigma,22.0,0.5,0.2621951219512195,1.8501198291778564,0.8763153553009033,0.4356574822555888,0.8331155180931091,0.56894451379776,0.5311159491539001,0.0378286205232143,0.3057851239669421,0.4261765195588725,0.2975206611570248,0.4659984400626111,0.5,0.5,0.4761904761904761,0.5238095238095238,0.5,0.5,0.4444444444444444,0.5555555555555556,0.375,0.625,0.3636363636363636,0.6363636363636364,0.6095973002354934,0.5,0.6890092384766586,0.5454545454545454,0.1668845062906092,MC dropout
S11,real,gaussian_full,xyz_4sigma,20.0,0.8,0.5698924731182795,0.4499806761741638,0.2646922469139099,0.2584511816501617,0.7415739297866821,0.6944104433059692,0.642083466053009,0.0523269698023796,0.765625,0.4346590909090909,0.609375,0.2818452380952381,0.8,0.1999999999999999,0.7894736842105263,0.2105263157894736,0.8333333333333334,0.1666666666666666,0.875,0.125,0.8571428571428571,0.1428571428571429,0.9,0.0999999999999999,0.0741471312485244,0.8,0.8237197315118312,0.6,0.2584260106086731,MC dropout
S11,embedding_only,gaussian_full,xyz_4sigma,20.0,0.75,0.5073891625615763,0.6403058767318726,0.3631373941898346,0.2055670320987701,0.6500832438468933,0.89845210313797,0.8254585266113281,0.0729935988783836,0.6533333333333333,0.5203619909502262,0.6000000000000001,0.4627505827505828,0.75,0.25,0.7894736842105263,0.2105263157894736,0.7777777777777778,0.2222222222222222,0.8125,0.1875,0.8571428571428571,0.1428571428571429,0.8,0.1999999999999999,0.1628738416296466,0.75,0.9745701894462542,0.55,0.3499167144298553,MC dropout
S11,xyz_only,gaussian_full,xyz_4sigma,20.0,0.2,0.0643274853801167,1.7870250940322876,1.1035101413726809,0.6218060031533242,0.8218060731887817,0.4875892698764801,0.4568771421909332,0.0307120885699987,0.875,0.9618384832079684,0.921875,0.97897863472312,0.2,0.8,0.2105263157894736,0.7894736842105263,0.2222222222222222,0.7777777777777778,0.25,0.75,0.2857142857142857,0.7142857142857143,0.3,0.7,0.5364459358151309,0.2,0.1985152433458726,0.95,0.1781940042972564,MC dropout
S11,embedding_and_xyz,gaussian_full,xyz_4sigma,20.0,0.2,0.0643274853801167,1.9365463256835935,1.1655304431915283,0.5883400529623032,0.7883399724960327,0.587956428527832,0.5466426610946655,0.0413136631250381,0.75,0.8475279673349526,0.78125,0.899611300668286,0.2,0.8,0.1578947368421052,0.8421052631578947,0.1666666666666666,0.8333333333333334,0.1875,0.8125,0.2142857142857142,0.7857142857142857,0.3,0.7,0.5628390514284478,0.2,0.1985152433458726,0.95,0.2116599529981613,MC dropout
S12,real,gaussian_full,xyz_4sigma,25.0,0.96,0.931129476584022,0.2103506028652191,0.0999431237578392,0.1096754121780395,0.856100857257843,0.457082986831665,0.4236420094966888,0.0334409698843956,0.8333333333333334,0.2,0.9583333333333334,0.5,0.96,0.04,0.9583333333333334,0.0416666666666666,0.9565217391304348,0.0434782608695651,1.0,0.0,1.0,0.0,1.0,0.0,0.0079287408243929,0.96,1.038649536702367,0.52,0.1438991665840149,MC dropout
S12,embedding_only,gaussian_full,xyz_4sigma,25.0,0.84,0.7289972899728997,0.3337329030036926,0.1721662133932113,0.1460106182098388,0.7827134132385254,0.6271242499351501,0.578914999961853,0.0482092648744583,0.9404761904761904,0.8125,0.8690476190476191,0.65,0.84,0.16,0.875,0.125,0.9130434782608696,0.0869565217391304,0.95,0.05,0.9444444444444444,0.0555555555555555,1.0,0.0,0.0235468717908077,0.84,0.9743417807689858,0.56,0.2172865867614746,MC dropout
S12,xyz_only,gaussian_full,xyz_4sigma,25.0,0.88,0.7967479674796748,0.2946957349777221,0.1520574986934662,0.1391939449310303,0.8203527927398682,0.5469202399253845,0.5040814876556396,0.0428388118743896,0.8484848484848484,0.365079365079365,0.803030303030303,0.5194805194805194,0.88,0.12,0.875,0.125,0.8695652173913043,0.1304347826086956,0.9,0.0999999999999999,1.0,0.0,1.0,0.0,0.02616854190813,0.88,1.064315403907995,0.56,0.1796472716331482,MC dropout
S12,embedding_and_xyz,gaussian_full,xyz_4sigma,25.0,0.84,0.7289972899728997,0.4550969004631042,0.2412530481815338,0.1392279601097107,0.752510130405426,0.6837368607521057,0.6224569082260132,0.0612799674272537,0.8333333333333333,0.6706730769230769,0.8452380952380952,0.5185897435897435,0.84,0.16,0.875,0.125,0.9130434782608696,0.0869565217391304,0.9,0.0999999999999999,0.8888888888888888,0.1111111111111111,0.9230769230769232,0.0769230769230768,0.0452327928528897,0.84,0.9743417807689858,0.56,0.247489891052246,MC dropout
S13,real,gaussian_full,xyz_4sigma,22.0,0.3636363636363636,0.2413793103448275,1.758347988128662,0.9935808181762696,0.5055191665887833,0.8196359276771545,0.5942108631134033,0.5503724217414856,0.0438383929431438,0.6607142857142857,0.6944514635691105,0.7410714285714286,0.7933868710654426,0.3636363636363636,0.6363636363636364,0.3333333333333333,0.6666666666666667,0.35,0.65,0.3333333333333333,0.6666666666666667,0.375,0.625,0.4545454545454545,0.5454545454545454,0.4265139182673661,0.3636363636363636,0.8454652292345644,0.5,0.1803641319274902,MC dropout
S13,embedding_only,gaussian_full,xyz_4sigma,22.0,0.3181818181818182,0.1603053435114503,1.8316890001297,0.9814736843109132,0.514567104252902,0.7826451659202576,0.7121434807777405,0.6594556570053101,0.0526878722012043,0.7238095238095238,0.8345139120139121,0.7333333333333333,0.8394606428429959,0.3181818181818182,0.6818181818181819,0.3333333333333333,0.6666666666666667,0.35,0.65,0.3333333333333333,0.6666666666666667,0.375,0.625,0.4545454545454545,0.5454545454545454,0.4948088808805105,0.3181818181818182,0.6765259604934999,0.5909090909090909,0.2173549072308973,MC dropout
S13,xyz_only,gaussian_full,xyz_4sigma,22.0,0.3636363636363636,0.2413793103448275,1.7825233936309814,1.0038301944732666,0.5384429639036005,0.8189893960952759,0.6065624952316284,0.5630694031715393,0.0434931479394435,0.6428571428571429,0.6727802951017237,0.7232142857142858,0.7597312409812409,0.3636363636363636,0.6363636363636364,0.3333333333333333,0.6666666666666667,0.3,0.7,0.3333333333333333,0.6666666666666667,0.3125,0.6875,0.4545454545454545,0.5454545454545454,0.4270821000855479,0.3636363636363636,0.8454652292345644,0.5,0.1810106147419322,MC dropout
S13,embedding_and_xyz,gaussian_full,xyz_4sigma,22.0,0.3181818181818182,0.1603053435114503,1.809492230415344,0.9844200015068054,0.4989822208881378,0.7806494235992432,0.7275585532188416,0.6724770069122314,0.0550816170871257,0.7047619047619048,0.8160031743855273,0.780952380952381,0.8839949973773502,0.3181818181818182,0.6818181818181819,0.3333333333333333,0.6666666666666667,0.35,0.65,0.3333333333333333,0.6666666666666667,0.3125,0.6875,0.4545454545454545,0.5454545454545454,0.4948359371575668,0.3181818181818182,0.6765259604934999,0.5909090909090909,0.219350592656569,MC dropout
S14,real,gaussian_full,xyz_4sigma,19.0,0.8421052631578947,0.7348837209302326,0.3118188381195068,0.1737733036279678,0.2390056754413403,0.7862507700920105,0.528317928314209,0.4931824803352356,0.0351353622972965,0.9583333333333334,0.8055555555555556,0.8333333333333334,0.4428571428571428,0.8421052631578947,0.1578947368421053,0.8421052631578947,0.1578947368421053,0.8888888888888888,0.1111111111111111,0.9375,0.0625,1.0,0.0,1.0,0.0,0.0194845020187207,0.8421052631578947,0.955131195451464,0.4736842105263157,0.2137492016742104,MC dropout
S14,embedding_only,gaussian_full,xyz_4sigma,19.0,0.5789473684210527,0.3090909090909089,0.7094174027442932,0.4552707076072693,0.2575596210203673,0.7206735014915466,0.6429250836372375,0.5996196866035461,0.0433053523302078,0.7613636363636364,0.6849147992530346,0.6477272727272727,0.6514116704374058,0.5789473684210527,0.4210526315789473,0.5789473684210527,0.4210526315789473,0.6111111111111112,0.3888888888888888,0.5625,0.4375,0.6428571428571429,0.3571428571428571,0.9,0.0999999999999999,0.230226395325385,0.5789473684210527,0.9426749615639384,0.5263157894736842,0.2793264263554623,MC dropout
S14,xyz_only,gaussian_full,xyz_4sigma,19.0,0.4210526315789473,0.1803921568627451,1.1424998044967651,0.7803239822387695,0.4528751655628806,0.8197609782218933,0.4565308690071106,0.431271493434906,0.0252593904733657,0.7840909090909091,0.7384605293696203,0.8181818181818182,0.8382201132201132,0.4210526315789473,0.5789473684210527,0.4210526315789473,0.5789473684210527,0.3888888888888889,0.6111111111111112,0.4375,0.5625,0.4285714285714285,0.5714285714285714,0.6,0.4,0.303962077020982,0.4210526315789473,0.336495757583516,0.8947368421052632,0.1802389496251156,MC dropout
S14,embedding_and_xyz,gaussian_full,xyz_4sigma,19.0,0.3157894736842105,0.0,1.7011172771453855,1.0312304496765137,0.5532195881793374,0.8690091371536255,0.3961616456508636,0.3758321702480316,0.0203294716775417,0.8717948717948718,0.9443918072877346,0.858974358974359,0.93784516765286,0.3157894736842105,0.6842105263157895,0.3157894736842105,0.6842105263157895,0.3333333333333333,0.6666666666666667,0.375,0.625,0.4285714285714285,0.5714285714285714,0.5,0.5,0.4110499398669515,0.3157894736842105,-0.0,1.0,0.1309909161768461,MC dropout
S2,real,gaussian_full,xyz_4sigma,13.0,0.8461538461538461,0.7142857142857143,0.4736570119857788,0.2655010521411896,0.2423617748113779,0.6800581216812134,0.7484104633331299,0.6808294057846069,0.0675811097025871,0.7272727272727273,0.3333333333333333,0.6363636363636364,0.2916666666666666,0.8461538461538461,0.1538461538461538,0.8461538461538461,0.1538461538461538,0.8333333333333334,0.1666666666666666,0.8181818181818182,0.1818181818181817,0.9,0.0999999999999999,1.0,0.0,0.0585783874245412,0.8461538461538461,0.9110175397125628,0.4615384615384615,0.3199418645638686,MC dropout
S2,embedding_only,gaussian_full,xyz_4sigma,13.0,0.7692307692307693,0.5760869565217391,0.6435095071792603,0.3879050016403198,0.1951009654081784,0.6497055888175964,0.799423098564148,0.7431479096412659,0.056275151669979,0.7333333333333334,0.5,0.6333333333333333,0.3777777777777777,0.7692307692307693,0.2307692307692307,0.7692307692307693,0.2307692307692307,0.75,0.25,0.8181818181818182,0.1818181818181817,0.9,0.0999999999999999,0.8571428571428571,0.1428571428571429,0.1071413629105936,0.7692307692307693,0.8981370031878679,0.5384615384615384,0.3502943607477041,MC dropout
S2,xyz_only,gaussian_full,xyz_4sigma,13.0,0.2307692307692307,0.1390728476821191,3.592411994934082,1.3012980222702026,0.5801630730812366,0.7877302169799805,0.5421122312545776,0.4994202852249145,0.0426919087767601,0.3,0.7809598734598734,0.2,0.7309598734598735,0.2307692307692307,0.7692307692307692,0.2307692307692307,0.7692307692307692,0.25,0.75,0.2727272727272727,0.7272727272727273,0.3,0.7,0.0,1.0,0.8242050684358376,0.2307692307692307,1.0100997593541636,0.5384615384615384,0.2122697784350468,MC dropout
S2,embedding_and_xyz,gaussian_full,xyz_4sigma,13.0,0.2307692307692307,0.1390728476821191,3.718853950500488,1.3000344038009644,0.6098723457409786,0.766005277633667,0.5717254877090454,0.5275416970252991,0.0441838428378105,0.2333333333333333,0.7409598734598734,0.2,0.6726265401265401,0.2307692307692307,0.7692307692307692,0.2307692307692307,0.7692307692307692,0.25,0.75,0.2727272727272727,0.7272727272727273,0.2,0.8,0.0,1.0,0.8404443846751539,0.2307692307692307,1.0100997593541636,0.5384615384615384,0.2339947086114149,MC dropout
S3,real,gaussian_full,xyz_4sigma,13.0,0.6923076923076923,0.543859649122807,0.6324484348297119,0.3823681175708771,0.1836322293831752,0.7938103079795837,0.5599648952484131,0.5265920162200928,0.0333728864789009,0.8611111111111112,0.8125,0.8333333333333334,0.6220238095238095,0.6923076923076923,0.3076923076923077,0.6923076923076923,0.3076923076923077,0.75,0.25,0.8181818181818182,0.1818181818181817,0.8,0.1999999999999999,0.8571428571428571,0.1428571428571429,0.1024076350999427,0.6923076923076923,0.9110175397125628,0.4615384615384615,0.2061896324157714,MC dropout
S3,embedding_only,gaussian_full,xyz_4sigma,13.0,0.8461538461538461,0.7592592592592592,0.5167471766471863,0.2981772720813751,0.257657365157054,0.6915874481201172,0.7615363597869873,0.7131547331809998,0.0483816303312778,0.6363636363636364,0.2916666666666666,0.6363636363636364,0.2666666666666666,0.8461538461538461,0.1538461538461538,0.8461538461538461,0.1538461538461538,0.8333333333333334,0.1666666666666666,0.8181818181818182,0.1818181818181817,0.9,0.0999999999999999,0.8571428571428571,0.1428571428571429,0.082387911234065,0.8461538461538461,1.0905994737794786,0.5384615384615384,0.3084125335399921,MC dropout
S3,xyz_only,gaussian_full,xyz_4sigma,13.0,0.6153846153846154,0.2261904761904761,1.687644362449646,0.6526479721069336,0.3555993139743805,0.8718454837799072,0.3612034618854522,0.3421850800514221,0.0190183632075786,0.875,0.71,0.925,0.8766666666666667,0.6153846153846154,0.3846153846153846,0.6153846153846154,0.3846153846153846,0.5833333333333334,0.4166666666666666,0.6363636363636364,0.3636363636363636,0.7,0.3,1.0,0.0,0.1246025342179188,0.6153846153846154,0.2711893730418441,0.9230769230769232,0.1281546216744643,MC dropout
S3,embedding_and_xyz,gaussian_full,xyz_4sigma,13.0,0.6153846153846154,0.2261904761904761,1.5927159786224363,0.6414303183555603,0.2586364379295936,0.8529357314109802,0.398872047662735,0.3754021823406219,0.0234699547290802,0.9,0.81,0.9,0.81,0.6153846153846154,0.3846153846153846,0.6153846153846154,0.3846153846153846,0.6666666666666666,0.3333333333333333,0.6363636363636364,0.3636363636363636,0.7,0.3,1.0,0.0,0.1181922778076624,0.6153846153846154,0.2711893730418441,0.9230769230769232,0.1470642410791837,MC dropout
S4,real,gaussian_full,xyz_4sigma,21.0,0.7619047619047619,0.5,0.5032175183296204,0.3288301825523376,0.2119508300508771,0.8381626605987549,0.4684844315052032,0.4383006691932678,0.0301837213337421,0.775,0.4523809523809523,0.7125,0.4947186147186147,0.7619047619047619,0.2380952380952381,0.75,0.25,0.7894736842105263,0.2105263157894736,0.7647058823529411,0.2352941176470588,0.8,0.1999999999999999,1.0,0.0,0.0852478013247584,0.7619047619047619,0.7091152575824364,0.7619047619047619,0.1618373649460928,MC dropout
S4,embedding_only,gaussian_full,xyz_4sigma,21.0,0.6666666666666666,0.2575757575757575,0.5739011168479919,0.3692210018634796,0.1941615286327543,0.7789835333824158,0.5815078616142273,0.5379872918128967,0.0435205027461051,0.7346938775510203,0.5357452071737786,0.6224489795918368,0.4055856841571127,0.6666666666666666,0.3333333333333333,0.65,0.35,0.6842105263157895,0.3157894736842105,0.7058823529411765,0.2941176470588235,0.7333333333333333,0.2666666666666667,0.8181818181818182,0.1818181818181817,0.1590171244140726,0.6666666666666666,0.5010469137590966,0.8571428571428571,0.2210164609409514,MC dropout
S4,xyz_only,gaussian_full,xyz_4sigma,21.0,0.3809523809523809,0.09,1.469780206680298,0.9701997637748718,0.5410693600064233,0.888367772102356,0.3521265089511871,0.3353961408138275,0.0167304072529077,0.8653846153846154,0.856335864989711,0.8557692307692308,0.8512640137640137,0.3809523809523809,0.6190476190476191,0.4,0.6,0.3684210526315789,0.631578947368421,0.4117647058823529,0.5882352941176471,0.4666666666666667,0.5333333333333333,0.6363636363636364,0.3636363636363636,0.3111842866210402,0.3809523809523809,0.1914440819577173,0.9523809523809524,0.1116322108677455,MC dropout
S4,embedding_and_xyz,gaussian_full,xyz_4sigma,21.0,0.3333333333333333,0.0,1.5799134969711304,0.9849621057510376,0.5452047330992562,0.8785380125045776,0.3723723292350769,0.3532767295837402,0.0190955940634012,0.979591836734694,0.9901360544217686,0.979591836734694,0.9901360544217686,0.3333333333333333,0.6666666666666667,0.35,0.65,0.3684210526315789,0.631578947368421,0.4117647058823529,0.5882352941176471,0.4666666666666667,0.5333333333333333,0.6363636363636364,0.3636363636363636,0.3127148988659382,0.3333333333333333,-0.0,1.0,0.1214618938309805,MC dropout
S5,real,gaussian_full,xyz_4sigma,16.0,0.875,0.7922077922077921,0.4416042566299438,0.2530086636543274,0.2524707876145839,0.6868441104888916,0.7009382843971252,0.6534392833709717,0.0474990308284759,0.9642857142857144,0.8333333333333333,0.6785714285714286,0.5909090909090909,0.875,0.125,0.875,0.125,0.9333333333333332,0.0666666666666666,1.0,0.0,1.0,0.0,1.0,0.0,0.0125372023809523,0.875,0.9743147528693494,0.5,0.3131559044122696,MC dropout
S5,embedding_only,gaussian_full,xyz_4sigma,16.0,0.75,0.5524475524475525,0.7111425399780273,0.4082526266574859,0.2003890704363584,0.5979858040809631,0.9296795725822448,0.8610700368881226,0.0686095505952835,0.7916666666666667,0.6575757575757576,0.7916666666666666,0.4928571428571429,0.75,0.25,0.75,0.25,0.8,0.1999999999999999,0.8461538461538461,0.1538461538461538,0.8333333333333334,0.1666666666666666,0.875,0.125,0.0997714091464091,0.75,0.9507489270509152,0.6875,0.4020142182707786,MC dropout
S5,xyz_only,gaussian_full,xyz_4sigma,16.0,0.1875,0.1578947368421053,1.746047854423523,1.0534521341323853,0.5959724895656109,0.6860604286193848,0.8390210866928101,0.7817131280899048,0.057307943701744,0.4615384615384615,0.7862123987123988,0.5641025641025642,0.862436174936175,0.1875,0.8125,0.1875,0.8125,0.1333333333333333,0.8666666666666667,0.1538461538461538,0.8461538461538461,0.1666666666666666,0.8333333333333334,0.25,0.75,0.7845703341797092,0.1875,0.482577565177012,0.8125,0.313939593732357,MC dropout
S5,embedding_and_xyz,gaussian_full,xyz_4sigma,16.0,0.0625,0.0513833992094862,2.603850841522217,1.4163445234298706,0.7128303833305836,0.7558629512786865,0.6973400115966797,0.6494007110595703,0.0479392148554325,0.0666666666666666,0.8746180671180671,0.1333333333333333,0.8968402893402894,0.0625,0.9375,0.0625,0.9375,0.0666666666666666,0.9333333333333332,0.0,1.0,0.0,1.0,0.0,1.0,0.9313802083333332,0.0625,0.2337916587064593,0.9375,0.2441369891166687,MC dropout
S6,real,gaussian_full,xyz_4sigma,13.0,0.7692307692307693,0.5568181818181819,0.4247680008411407,0.2552612721920013,0.2063120236763587,0.7632851004600525,0.6060695052146912,0.5707281827926636,0.0353413261473178,0.8,0.4777777777777778,0.7666666666666666,0.4444444444444445,0.7692307692307693,0.2307692307692307,0.7692307692307693,0.2307692307692307,0.75,0.25,0.7272727272727273,0.2727272727272727,0.8,0.1999999999999999,1.0,0.0,0.0730171537863845,0.7692307692307693,0.6870920273799715,0.7692307692307693,0.2367148399353027,MC dropout
S6,embedding_only,gaussian_full,xyz_4sigma,13.0,0.7692307692307693,0.5568181818181819,0.5815403461456299,0.345996081829071,0.2203629888021029,0.631820023059845,0.8444541096687317,0.7853127121925354,0.0591413229703903,0.5333333333333333,0.2888888888888888,0.5333333333333333,0.3055555555555556,0.7692307692307693,0.2307692307692307,0.7692307692307693,0.2307692307692307,0.75,0.25,0.7272727272727273,0.2727272727272727,0.7,0.3,0.8571428571428571,0.1428571428571429,0.1562283869976178,0.7692307692307693,0.6870920273799715,0.7692307692307693,0.3681800273748544,MC dropout
S6,xyz_only,gaussian_full,xyz_4sigma,13.0,0.6153846153846154,0.2261904761904761,1.0573070049285889,0.6684831380844116,0.3975874185562134,0.922033190727234,0.2865576446056366,0.2719756364822387,0.0145820192992687,0.875,0.71,0.775,0.6783333333333332,0.6153846153846154,0.3846153846153846,0.6153846153846154,0.3846153846153846,0.5833333333333334,0.4166666666666666,0.6363636363636364,0.3636363636363636,0.7,0.3,1.0,0.0,0.1246025342179188,0.6153846153846154,0.2711893730418441,0.9230769230769232,0.0779668688774108,MC dropout
S6,embedding_and_xyz,gaussian_full,xyz_4sigma,13.0,0.5384615384615384,0.0,1.0733330249786377,0.7099018692970276,0.3831858680798458,0.8928279280662537,0.3858607709407806,0.3632418811321258,0.0226189084351062,0.7857142857142857,0.7329365079365079,0.8571428571428571,0.8416666666666666,0.5384615384615384,0.4615384615384615,0.5384615384615384,0.4615384615384615,0.5833333333333334,0.4166666666666666,0.5454545454545454,0.4545454545454546,0.6,0.4,0.7142857142857143,0.2857142857142857,0.2133697499082114,0.5384615384615384,-0.0,1.0,0.1071721361233637,MC dropout
S7,real,gaussian_full,xyz_4sigma,18.0,0.5,0.2394366197183098,1.0911991596221924,0.638765275478363,0.2559568319055769,0.6286144852638245,0.8716145753860474,0.8082191944122314,0.0633953437209129,0.6666666666666667,0.7037175787175787,0.6049382716049383,0.6119226452559785,0.5,0.5,0.5,0.5,0.5294117647058824,0.4705882352941176,0.5333333333333333,0.4666666666666667,0.5384615384615384,0.4615384615384615,0.5555555555555556,0.4444444444444444,0.3208755251647408,0.5,1.3650767235712218,0.4444444444444444,0.3713855279816521,MC dropout
S7,embedding_only,gaussian_full,xyz_4sigma,18.0,0.3888888888888889,0.0434782608695651,1.6895493268966677,0.8756247162818909,0.4236685898568895,0.6345716714859009,0.8814623951911926,0.8209506273269653,0.0605118535459041,0.4415584415584416,0.642748531919655,0.4155844155844156,0.625865800865801,0.3888888888888889,0.6111111111111112,0.3888888888888889,0.6111111111111112,0.4117647058823529,0.5882352941176471,0.4,0.6,0.3846153846153846,0.6153846153846154,0.3333333333333333,0.6666666666666667,0.6403606379096576,0.3888888888888889,0.8675632284814612,0.6666666666666666,0.3654282920890384,MC dropout
S7,xyz_only,gaussian_full,xyz_4sigma,18.0,0.3333333333333333,0.2145454545454546,3.5963566303253174,1.2108794450759888,0.5501925630701913,0.8122900724411011,0.5104441046714783,0.4795275330543518,0.0309165678918361,0.1944444444444444,0.5873004582563407,0.1944444444444444,0.5539671249230073,0.3333333333333333,0.6666666666666667,0.3333333333333333,0.6666666666666667,0.3529411764705882,0.6470588235294117,0.2666666666666666,0.7333333333333334,0.2307692307692307,0.7692307692307692,0.1111111111111111,0.8888888888888888,0.8189895933768483,0.3333333333333333,0.8544149816001841,0.5555555555555556,0.1877099441157447,MC dropout
S7,embedding_and_xyz,gaussian_full,xyz_4sigma,18.0,0.3333333333333333,0.2145454545454546,3.4151618480682373,1.1822375059127808,0.6212055368555917,0.8011047840118408,0.5624725222587585,0.5279982089996338,0.0344742015004158,0.1805555555555555,0.577644373600256,0.1666666666666666,0.5712470672029496,0.3333333333333333,0.6666666666666667,0.3333333333333333,0.6666666666666667,0.3529411764705882,0.6470588235294117,0.2666666666666666,0.7333333333333334,0.2307692307692307,0.7692307692307692,0.1111111111111111,0.8888888888888888,0.8220319214191764,0.3333333333333333,0.8544149816001841,0.5555555555555556,0.19889521267679,MC dropout
S8,real,gaussian_full,xyz_4sigma,19.0,0.8421052631578947,0.7178217821782178,0.3839091360569,0.2413215339183807,0.1356698117758098,0.8863208889961243,0.3553935587406158,0.3378368020057678,0.0175568014383316,0.7708333333333334,0.3555555555555555,0.7708333333333334,0.3555555555555555,0.8421052631578947,0.1578947368421053,0.8421052631578947,0.1578947368421053,0.8333333333333334,0.1666666666666666,0.875,0.125,0.9285714285714286,0.0714285714285714,1.0,0.0,0.0527901068026536,0.8421052631578947,0.8392695557891106,0.5789473684210527,0.1136791455118279,MC dropout
S8,embedding_only,gaussian_full,xyz_4sigma,19.0,0.7894736842105263,0.6062176165803108,0.5493221282958984,0.3035756349563598,0.1961997339600011,0.8533512949943542,0.3871769905090332,0.3674612641334533,0.0197157952934503,0.6833333333333333,0.5338235294117647,0.6833333333333335,0.5196428571428571,0.7894736842105263,0.2105263157894736,0.7894736842105263,0.2105263157894736,0.8333333333333334,0.1666666666666666,0.8125,0.1875,0.8571428571428571,0.1428571428571429,0.9,0.0999999999999999,0.1399416479361892,0.7894736842105263,0.6806294878916634,0.5789473684210527,0.1466487802957233,MC dropout
S8,xyz_only,gaussian_full,xyz_4sigma,19.0,0.4210526315789473,0.0,1.2613071203231812,0.7029449343681335,0.410070903991398,0.8311235308647156,0.4011345207691192,0.3817462027072906,0.0193883255124092,1.0,1.0,1.0,1.0,0.4210526315789473,0.5789473684210527,0.4210526315789473,0.5789473684210527,0.4444444444444444,0.5555555555555556,0.5,0.5,0.5714285714285714,0.4285714285714286,0.8,0.1999999999999999,0.21428769481564,0.4210526315789473,-0.0,1.0,0.1688764440385919,MC dropout
S8,embedding_and_xyz,gaussian_full,xyz_4sigma,19.0,0.4210526315789473,0.0,1.567596673965454,0.849431574344635,0.4696110424242521,0.8906636238098145,0.3308674097061157,0.3153527677059173,0.0155146401375532,0.9886363636363636,0.9924242424242424,0.9659090909090908,0.9805194805194806,0.4210526315789473,0.5789473684210527,0.4210526315789473,0.5789473684210527,0.4444444444444444,0.5555555555555556,0.5,0.5,0.5714285714285714,0.4285714285714286,0.8,0.1999999999999999,0.2208666421840611,0.4210526315789473,-0.0,1.0,0.1093363699160124,MC dropout
S9,real,gaussian_full,xyz_4sigma,26.0,0.7692307692307693,0.625,0.5120260119438171,0.2760901749134063,0.1354115055157588,0.8571997284889221,0.4444281458854675,0.4156472980976105,0.0287808496505022,0.95,0.8857142857142857,0.95,0.8416666666666666,0.7692307692307693,0.2307692307692307,0.8,0.1999999999999999,0.8333333333333334,0.1666666666666666,0.9047619047619048,0.0952380952380952,0.9473684210526316,0.0526315789473684,1.0,0.0,0.0409863044123789,0.7692307692307693,1.07047454517315,0.5384615384615384,0.1428003196532909,MC dropout
S9,embedding_only,gaussian_full,xyz_4sigma,26.0,0.6923076923076923,0.514018691588785,0.963097333908081,0.4478178322315216,0.1541262635817894,0.8303232789039612,0.5441545844078064,0.5087186694145203,0.0354359112679958,0.8402777777777778,0.7109068627450981,0.7777777777777779,0.5257215007215007,0.6923076923076923,0.3076923076923077,0.72,0.28,0.7083333333333334,0.2916666666666666,0.8095238095238095,0.1904761904761904,0.8421052631578947,0.1578947368421053,0.8461538461538461,0.1538461538461538,0.1086776469265571,0.6923076923076923,1.0017680654251162,0.5,0.1696767371434431,MC dropout
S9,xyz_only,gaussian_full,xyz_4sigma,26.0,0.8076923076923077,0.6774193548387097,0.6100854277610779,0.2754420638084411,0.1360652125798739,0.8276832103729248,0.5127077102661133,0.4745784401893616,0.0381292439997196,0.942857142857143,0.8083333333333333,0.980952380952381,0.9428571428571428,0.8076923076923077,0.1923076923076923,0.84,0.16,0.875,0.125,0.9047619047619048,0.0952380952380952,0.9473684210526316,0.0526315789473684,1.0,0.0,0.030783361302196,0.8076923076923077,1.0026127029794925,0.5769230769230769,0.1723168675716106,MC dropout
S9,embedding_and_xyz,gaussian_full,xyz_4sigma,26.0,0.7307692307692307,0.5392405063291139,0.9267330169677734,0.3699783682823181,0.1510079663533431,0.8009258508682251,0.5798864960670471,0.5382586121559143,0.0416278839111328,0.9172932330827068,0.7051948051948053,0.9473684210526316,0.8486394557823129,0.7307692307692307,0.2692307692307693,0.72,0.28,0.75,0.25,0.8571428571428571,0.1428571428571429,0.8947368421052632,0.1052631578947368,1.0,0.0,0.0611086252500227,0.7307692307692307,0.9012262508973272,0.6153846153846154,0.1990741032820481,MC dropout
SC1,real,gaussian_full,xyz_4sigma,38.0,0.631578947368421,0.4405888538380652,1.4568986892700195,0.544400691986084,0.2930417076537484,0.8217037916183472,0.4492612779140472,0.4136456549167633,0.0356156155467033,0.4761904761904762,0.4512969537405628,0.4761904761904761,0.4490985888693868,0.631578947368421,0.368421052631579,0.6486486486486487,0.3513513513513513,0.6285714285714286,0.3714285714285714,0.6451612903225806,0.3548387096774194,0.7037037037037037,0.2962962962962963,0.631578947368421,0.368421052631579,0.444644075689184,0.631578947368421,1.0374765659748235,0.5263157894736842,0.1782961895591334,MC dropout
SC1,embedding_only,gaussian_full,xyz_4sigma,38.0,0.6052631578947368,0.4037656903765689,1.541945457458496,0.628836452960968,0.2931861022585316,0.8239455223083496,0.4670129716396332,0.4357756078243255,0.0312373396009206,0.4492753623188406,0.4303864237972397,0.4869565217391305,0.4659380508941022,0.6052631578947368,0.3947368421052631,0.6216216216216216,0.3783783783783784,0.6,0.4,0.5806451612903226,0.4193548387096774,0.6296296296296297,0.3703703703703703,0.5789473684210527,0.4210526315789473,0.4276965538604372,0.6052631578947368,1.0644094536551667,0.5263157894736842,0.1760544965141698,MC dropout
SC1,xyz_only,gaussian_full,xyz_4sigma,38.0,0.7105263157894737,0.5139534883720931,1.5648226737976074,0.5356957316398621,0.2910438956398713,0.8227149844169617,0.4536806046962738,0.4175671637058258,0.0361134558916091,0.3535353535353535,0.3105930124605846,0.3265993265993266,0.2641320983049463,0.7105263157894737,0.2894736842105263,0.7027027027027027,0.2972972972972972,0.7428571428571429,0.2571428571428571,0.7096774193548387,0.2903225806451612,0.6666666666666666,0.3333333333333333,0.631578947368421,0.368421052631579,0.4222481768244068,0.7105263157894737,0.708018976056273,0.7368421052631579,0.1772850438168174,MC dropout
SC1,embedding_and_xyz,gaussian_full,xyz_4sigma,38.0,0.7105263157894737,0.5222857142857142,1.5938900709152222,0.5800888538360596,0.3182054263980765,0.8154972195625305,0.479096919298172,0.4392894804477691,0.0398074276745319,0.3333333333333333,0.2414801551683479,0.3131313131313131,0.2292933449085154,0.7105263157894737,0.2894736842105263,0.7027027027027027,0.2972972972972972,0.6857142857142857,0.3142857142857143,0.6774193548387096,0.3225806451612903,0.6666666666666666,0.3333333333333333,0.631578947368421,0.368421052631579,0.3875808719132659,0.7105263157894737,0.7587412805356828,0.7368421052631579,0.1845027584778635,MC dropout
SC2,real,gaussian_full,xyz_4sigma,31.0,0.8709677419354839,0.8037974683544304,0.3620935082435608,0.1962075382471084,0.1553966085756978,0.7440717220306396,0.6484994292259216,0.6055734753608704,0.0429259203374385,0.9722222222222222,0.8541666666666666,0.7222222222222222,0.2372294372294372,0.8709677419354839,0.1290322580645161,0.9,0.0999999999999999,0.9285714285714286,0.0714285714285714,1.0,0.0,1.0,0.0,1.0,0.0,0.0122712513935736,0.8709677419354839,1.049671776748878,0.4193548387096774,0.2559283318058137,MC dropout
SC2,embedding_only,gaussian_full,xyz_4sigma,31.0,0.9032258064516128,0.85423197492163,0.3298514485359192,0.1682286411523819,0.1898511936587672,0.7519193887710571,0.6406289935112,0.6022945046424866,0.0383344143629074,0.8452380952380952,0.3035714285714285,0.7499999999999999,0.2285714285714286,0.9032258064516128,0.0967741935483871,0.9,0.0999999999999999,0.8928571428571429,0.1071428571428571,0.92,0.0799999999999999,1.0,0.0,1.0,0.0,0.0203755499175141,0.9032258064516128,1.0914145617941,0.3870967741935484,0.2480806554517438,MC dropout
SC2,xyz_only,gaussian_full,xyz_4sigma,31.0,0.6451612903225806,0.4721362229102167,1.2077590227127075,0.5725499987602234,0.2895858768493898,0.8989012241363525,0.3819453120231628,0.357840895652771,0.024104468524456,0.9772727272727272,0.9653679653679654,0.9409090909090908,0.90725789362153,0.6451612903225806,0.3548387096774194,0.6666666666666666,0.3333333333333333,0.7142857142857143,0.2857142857142857,0.8,0.1999999999999999,0.9090909090909092,0.0909090909090909,1.0,0.0,0.0802669697234354,0.6451612903225806,0.6800829048357611,0.5806451612903226,0.101098725872655,MC dropout
SC2,embedding_and_xyz,gaussian_full,xyz_4sigma,31.0,0.6451612903225806,0.4737654320987655,1.077952861785889,0.5449573397636414,0.2405087332571706,0.885670006275177,0.4069168865680694,0.383446604013443,0.0234702732414007,0.9636363636363636,0.9527629233511588,0.9545454545454546,0.950826446280992,0.6451612903225806,0.3548387096774194,0.6666666666666666,0.3333333333333333,0.7142857142857143,0.2857142857142857,0.8,0.1999999999999999,0.9090909090909092,0.0909090909090909,0.9375,0.0625,0.0863311695969332,0.6451612903225806,0.6884572217893625,0.5483870967741935,0.1143299668065963,MC dropout
SC3,real,gaussian_full,xyz_4sigma,25.0,0.88,0.7800586510263929,0.3592053353786468,0.1725115031003952,0.2264882469177246,0.7384175658226013,0.7201695442199707,0.6614689826965332,0.0587005503475666,0.9242424242424242,0.7916666666666666,0.6666666666666666,0.2208624708624708,0.88,0.12,0.9166666666666666,0.0833333333333333,0.9565217391304348,0.0434782608695651,0.95,0.05,0.9444444444444444,0.0555555555555555,1.0,0.0,0.0175228928711766,0.88,0.9906979855077472,0.64,0.2615823817253113,MC dropout
SC3,embedding_only,gaussian_full,xyz_4sigma,25.0,0.8,0.648876404494382,0.7409052848815918,0.3874284327030182,0.2393696856498718,0.6479904055595398,0.8441330790519714,0.7719805836677551,0.0721524432301521,0.54,0.4273989898989899,0.36,0.181010101010101,0.8,0.1999999999999999,0.8333333333333334,0.1666666666666666,0.8260869565217391,0.1739130434782608,0.85,0.15,0.8333333333333334,0.1666666666666666,0.7692307692307693,0.2307692307692307,0.1721326110437027,0.8,1.0201306525013127,0.56,0.3520095777511596,MC dropout
SC3,xyz_only,gaussian_full,xyz_4sigma,25.0,0.6,0.1525423728813559,1.3183603286743164,0.6085078120231628,0.2993395268917083,0.899339497089386,0.2519698441028595,0.2406646162271499,0.0113052763044834,0.9933333333333334,0.9909090909090909,1.0,1.0,0.6,0.4,0.625,0.375,0.6521739130434783,0.3478260869565217,0.75,0.25,0.8333333333333334,0.1666666666666666,1.0,0.0,0.0960291559519584,0.6,0.3669249912727096,0.88,0.1006604290008544,MC dropout
SC3,embedding_and_xyz,gaussian_full,xyz_4sigma,25.0,0.6,0.0,1.4697787761688232,0.6100324392318726,0.2965230584144592,0.896523118019104,0.2506624460220337,0.240274429321289,0.0103880250826478,0.9866666666666668,0.9833333333333332,1.0,1.0,0.6,0.4,0.625,0.375,0.6521739130434783,0.3478260869565217,0.75,0.25,0.8333333333333334,0.1666666666666666,1.0,0.0,0.0988862988091013,0.6,-0.0,1.0,0.1034769225120544,MC dropout
SG1,real,gaussian_full,xyz_4sigma,19.0,1.0,1.0,0.1870310604572296,0.0760590061545372,0.1522800059694992,0.8477199673652649,0.4490401744842529,0.4154874980449676,0.0335526727139949,,,,,1.0,0.0,1.0,0.0,1.0,0.0,1.0,0.0,1.0,0.0,1.0,0.0,0.0,1.0,0.8392695557891106,0.5789473684210527,0.1522800138122157,MC dropout
SG1,embedding_only,gaussian_full,xyz_4sigma,19.0,0.8947368421052632,0.8109452736318408,0.3461825847625732,0.1713904291391372,0.1382890626003868,0.7564477920532227,0.6546494364738464,0.6098437309265137,0.0448056645691394,0.9117647058823528,0.5,0.5882352941176471,0.1742424242424242,0.8947368421052632,0.1052631578947368,0.8947368421052632,0.1052631578947368,0.8888888888888888,0.1111111111111111,0.9375,0.0625,1.0,0.0,1.0,0.0,0.015003485235276,0.8947368421052632,1.0156378226755116,0.5263157894736842,0.2435522487289027,MC dropout
SG1,xyz_only,gaussian_full,xyz_4sigma,19.0,0.5789473684210527,0.0,1.091569423675537,0.6106240749359131,0.3168582194729855,0.8958056569099426,0.3016464412212372,0.2880033254623413,0.0136431204155087,1.0,1.0,1.0,1.0,0.5789473684210527,0.4210526315789473,0.5789473684210527,0.4210526315789473,0.6111111111111112,0.3888888888888888,0.6875,0.3125,0.7857142857142857,0.2142857142857143,1.0,0.0,0.1043678025937273,0.5789473684210527,-0.0,1.0,0.1041943932834424,MC dropout
SG1,embedding_and_xyz,gaussian_full,xyz_4sigma,19.0,0.5789473684210527,0.1264367816091954,0.958531141281128,0.5431789755821228,0.2750743235412397,0.8540216684341431,0.3712143898010254,0.3548841774463653,0.0163302049040794,1.0,1.0,1.0,1.0,0.5789473684210527,0.4210526315789473,0.5789473684210527,0.4210526315789473,0.6111111111111112,0.3888888888888888,0.6875,0.3125,0.7857142857142857,0.2142857142857143,1.0,0.0,0.1043678025937273,0.5789473684210527,0.336495757583516,0.8947368421052632,0.1459783221545972,MC dropout
SG2,real,gaussian_full,xyz_4sigma,19.0,0.7894736842105263,0.638095238095238,0.4983459413051605,0.3019435107707977,0.2048157673133046,0.8835470080375671,0.3443917334079742,0.3225403726100921,0.0218513961881399,0.8833333333333334,0.6678571428571429,0.8666666666666667,0.6428571428571428,0.7894736842105263,0.2105263157894736,0.7894736842105263,0.2105263157894736,0.8333333333333334,0.1666666666666666,0.8125,0.1875,0.9285714285714286,0.0714285714285714,1.0,0.0,0.0482939681306146,0.7894736842105263,0.8392695557891106,0.5789473684210527,0.116452932357788,MC dropout
SG2,embedding_only,gaussian_full,xyz_4sigma,19.0,0.7368421052631579,0.5388349514563107,0.498626559972763,0.2971963584423065,0.1733623648944653,0.8406849503517151,0.450137734413147,0.4223128855228424,0.0278248153626918,1.0,1.0,0.9714285714285716,0.9428571428571428,0.7368421052631579,0.2631578947368421,0.7368421052631579,0.2631578947368421,0.7777777777777778,0.2222222222222222,0.875,0.125,1.0,0.0,1.0,0.0,0.0379967591838212,0.7368421052631579,0.6806294878916634,0.5789473684210527,0.1593150308257655,MC dropout
SG2,xyz_only,gaussian_full,xyz_4sigma,19.0,0.4736842105263157,0.0,1.9474502801895144,0.8643271923065186,0.4390163076551336,0.9127005338668824,0.2631462812423706,0.2532381117343902,0.0099081918597221,1.0,1.0,1.0,1.0,0.4736842105263157,0.5263157894736843,0.4736842105263157,0.5263157894736843,0.5,0.5,0.5625,0.4375,0.6428571428571429,0.3571428571428571,0.9,0.0999999999999999,0.171994709299174,0.4736842105263157,-0.0,1.0,0.0872994880927236,MC dropout
SG2,embedding_and_xyz,gaussian_full,xyz_4sigma,19.0,0.4736842105263157,0.0452261306532663,1.9111474752426147,0.8462092876434326,0.4239836350867622,0.8976678252220154,0.2886121869087219,0.2766407430171966,0.0119714559987187,1.0,1.0,0.9777777777777776,0.9809090909090908,0.4736842105263157,0.5263157894736843,0.4736842105263157,0.5263157894736843,0.5,0.5,0.5625,0.4375,0.6428571428571429,0.3571428571428571,0.9,0.0999999999999999,0.171994709299174,0.4736842105263157,0.2061920506332318,0.9473684210526316,0.1023321245845995,MC dropout
SG3,real,gaussian_full,xyz_4sigma,19.0,0.8947368421052632,0.7912087912087913,0.3014795780181885,0.161636471748352,0.1546459448964972,0.8745633363723755,0.3955905437469482,0.3717693388462066,0.0238211899995803,0.8529411764705882,0.4166666666666666,0.8235294117647058,0.3928571428571428,0.8947368421052632,0.1052631578947368,0.8947368421052632,0.1052631578947368,0.8888888888888888,0.1111111111111111,0.9375,0.0625,0.9285714285714286,0.0714285714285714,1.0,0.0,0.0222716556613411,0.8947368421052632,0.8392695557891106,0.5789473684210527,0.1254366730388842,MC dropout
SG3,embedding_only,gaussian_full,xyz_4sigma,19.0,0.8947368421052632,0.7912087912087913,0.4698611795902252,0.2355380803346634,0.1796478754595706,0.8484406471252441,0.4629253149032593,0.4325789511203766,0.0303463656455278,0.4705882352941176,0.15,0.3823529411764705,0.1388888888888889,0.8947368421052632,0.1052631578947368,0.8947368421052632,0.1052631578947368,0.8888888888888888,0.1111111111111111,0.875,0.125,0.8571428571428571,0.1428571428571429,0.9,0.0999999999999999,0.0936516129933108,0.8947368421052632,0.8392695557891106,0.5789473684210527,0.1515592462138126,MC dropout
SG3,xyz_only,gaussian_full,xyz_4sigma,19.0,0.6842105263157895,0.1023622047244094,0.6426723003387451,0.3665940463542938,0.185364450279035,0.8582141995429993,0.3324094712734222,0.313950628042221,0.0184588022530078,1.0,1.0,1.0,1.0,0.6842105263157895,0.3157894736842105,0.6842105263157895,0.3157894736842105,0.7222222222222222,0.2777777777777778,0.8125,0.1875,0.9285714285714286,0.0714285714285714,1.0,0.0,0.0559593966857287,0.6842105263157895,0.2061920506332318,0.9473684210526316,0.1417858318278664,MC dropout
SG3,embedding_and_xyz,gaussian_full,xyz_4sigma,19.0,0.6842105263157895,0.1857142857142857,0.6518502235412598,0.3584910929203033,0.1858603232785275,0.8488021492958069,0.3586340546607971,0.340465098619461,0.0181689672172069,1.0,1.0,1.0,1.0,0.6842105263157895,0.3157894736842105,0.6842105263157895,0.3157894736842105,0.7222222222222222,0.2777777777777778,0.8125,0.1875,0.9285714285714286,0.0714285714285714,1.0,0.0,0.0559593966857287,0.6842105263157895,0.336495757583516,0.8947368421052632,0.1511978601154528,MC dropout
SG4,real,gaussian_full,xyz_4sigma,19.0,0.8421052631578947,0.696808510638298,0.3906502723693847,0.2000357806682586,0.1506334574599014,0.8387584090232849,0.4795832335948944,0.4476062953472137,0.0319769307971,0.9375,0.8333333333333333,0.7916666666666666,0.3888888888888889,0.8421052631578947,0.1578947368421053,0.8421052631578947,0.1578947368421053,0.8888888888888888,0.1111111111111111,0.9375,0.0625,0.9285714285714286,0.0714285714285714,1.0,0.0,0.0236566972125877,0.8421052631578947,0.8392695557891106,0.5789473684210527,0.1612416192104941,MC dropout
SG4,embedding_only,gaussian_full,xyz_4sigma,19.0,0.6842105263157895,0.4411764705882353,0.681751012802124,0.3844007551670074,0.2065940326765963,0.77674800157547,0.6268041133880615,0.5809300541877747,0.0458740666508674,0.8461538461538461,0.8482142857142856,0.5128205128205128,0.3460470085470085,0.6842105263157895,0.3157894736842105,0.6842105263157895,0.3157894736842105,0.7222222222222222,0.2777777777777778,0.8125,0.1875,0.8571428571428571,0.1428571428571429,0.9,0.0999999999999999,0.1346516109042587,0.6842105263157895,0.6917614988524178,0.5263157894736842,0.2232520015616166,MC dropout
SG4,xyz_only,gaussian_full,xyz_4sigma,19.0,0.6842105263157895,0.0,0.7562810778617859,0.4151081144809723,0.2065813478670622,0.8835424184799194,0.2893368005752563,0.2776049375534057,0.0117318760603666,1.0,1.0,1.0,1.0,0.6842105263157895,0.3157894736842105,0.6842105263157895,0.3157894736842105,0.7222222222222222,0.2777777777777778,0.8125,0.1875,0.9285714285714286,0.0714285714285714,1.0,0.0,0.0559593966857287,0.6842105263157895,-0.0,1.0,0.1164576003425999,MC dropout
SG4,embedding_and_xyz,gaussian_full,xyz_4sigma,19.0,0.6842105263157895,0.2549019607843137,0.8078646659851074,0.4071081876754761,0.195436479229676,0.8675381541252136,0.3135335743427276,0.2979848384857178,0.0155487405136227,1.0,1.0,1.0,1.0,0.6842105263157895,0.3157894736842105,0.6842105263157895,0.3157894736842105,0.7222222222222222,0.2777777777777778,0.8125,0.1875,0.9285714285714286,0.0714285714285714,1.0,0.0,0.0559593966857287,0.6842105263157895,0.4361623253853443,0.8421052631578947,0.1324618301893535,MC dropout
SP1,real,gaussian_full,xyz_4sigma,6.0,1.0,1.0,0.0932551994919776,0.0212718192487955,0.0866934458414713,0.9133065342903136,0.3119774758815765,0.2940389811992645,0.0179384779185056,,,,,1.0,0.0,1.0,0.0,1.0,0.0,1.0,0.0,1.0,0.0,1.0,0.0,0.0,1.0,0.4505612088663046,0.8333333333333334,0.0866934557755788,MC dropout
SP1,embedding_only,gaussian_full,xyz_4sigma,6.0,1.0,1.0,0.205989733338356,0.0885088667273521,0.1735554635524749,0.8264445662498474,0.484669417142868,0.4528678655624389,0.0318015478551387,,,,,1.0,0.0,1.0,0.0,1.0,0.0,1.0,0.0,1.0,0.0,1.0,0.0,0.0,1.0,0.4505612088663046,0.8333333333333334,0.1735554635524749,MC dropout
SP1,xyz_only,gaussian_full,xyz_4sigma,6.0,0.8333333333333334,0.6,0.7350699305534363,0.4743001163005829,0.5132987598578135,0.5214630961418152,0.898578405380249,0.846248209476471,0.05233009532094,0.0,0.1666666666666666,0.6,0.3333333333333333,0.8333333333333334,0.1666666666666666,0.8333333333333334,0.1666666666666666,0.8333333333333334,0.1666666666666666,0.8,0.1999999999999999,0.8,0.1999999999999999,0.6666666666666666,0.3333333333333333,0.3111111111111111,0.8333333333333334,0.8675632284814612,0.6666666666666666,0.4785369038581848,MC dropout
SP1,embedding_and_xyz,gaussian_full,xyz_4sigma,6.0,0.1666666666666666,0.0322580645161291,0.9921695590019226,0.6845788955688477,0.39634237686793,0.5182037353515625,0.9189229607582092,0.8690690994262695,0.0498539097607135,0.2,0.81,0.2,0.81,0.1666666666666666,0.8333333333333334,0.1666666666666666,0.8333333333333334,0.1666666666666666,0.8333333333333334,0.2,0.8,0.2,0.8,0.0,1.0,0.7861111111111112,0.1666666666666666,0.4505612088663046,0.8333333333333334,0.481796274582545,MC dropout
SP2,real,gaussian_full,xyz_4sigma,6.0,1.0,1.0,0.0958641096949577,0.0265168845653533,0.087319274743398,0.912680685520172,0.3054822981357574,0.2886874675750732,0.0167948100715875,,,,,1.0,0.0,1.0,0.0,1.0,0.0,1.0,0.0,1.0,0.0,1.0,0.0,0.0,1.0,0.6365141682948128,0.6666666666666666,0.087319274743398,MC dropout
SP2,embedding_only,gaussian_full,xyz_4sigma,6.0,0.8333333333333334,0.5714285714285714,0.3751641511917114,0.2620953321456909,0.2190747360388437,0.8743422031402588,0.3387883603572845,0.3175019919872284,0.0212863534688949,0.8,0.5,0.8,0.5,0.8333333333333334,0.1666666666666666,0.8333333333333334,0.1666666666666666,0.8333333333333334,0.1666666666666666,0.8,0.1999999999999999,0.8,0.1999999999999999,1.0,0.0,0.0472222222222222,0.8333333333333334,0.4505612088663046,0.8333333333333334,0.1256578266620636,MC dropout
SP2,xyz_only,gaussian_full,xyz_4sigma,6.0,0.8333333333333334,0.7,0.6256331205368042,0.379606693983078,0.2423443347215652,0.5909889936447144,0.8585257530212402,0.8153354525566101,0.0431902706623077,0.0,0.1666666666666666,0.4,0.25,0.8333333333333334,0.1666666666666666,0.8333333333333334,0.1666666666666666,0.8333333333333334,0.1666666666666666,0.8,0.1999999999999999,0.8,0.1999999999999999,0.6666666666666666,0.3333333333333333,0.3111111111111111,0.8333333333333334,1.0114042647073516,0.5,0.4090110063552856,MC dropout
SP2,embedding_and_xyz,gaussian_full,xyz_4sigma,6.0,0.6666666666666666,0.2500000000000001,0.8318336606025696,0.4711967408657074,0.3661277691523233,0.5626096725463867,0.8559701442718506,0.8079085946083069,0.0480616278946399,1.0,1.0,1.0,1.0,0.6666666666666666,0.3333333333333333,0.6666666666666666,0.3333333333333333,0.6666666666666666,0.3333333333333333,0.8,0.1999999999999999,0.8,0.1999999999999999,1.0,0.0,0.0611111111111111,0.6666666666666666,0.4505612088663046,0.8333333333333334,0.4373902976512909,MC dropout
SP3,real,gaussian_full,xyz_4sigma,6.0,0.8333333333333334,0.0,0.2840352654457092,0.160224437713623,0.2092327376206715,0.8262866139411926,0.4867220818996429,0.4553855657577514,0.0313364751636981,1.0,1.0,1.0,1.0,0.8333333333333334,0.1666666666666666,0.8333333333333334,0.1666666666666666,0.8333333333333334,0.1666666666666666,1.0,0.0,1.0,0.0,1.0,0.0,0.0138888888888888,0.8333333333333334,0.4505612088663046,0.8333333333333334,0.1737133860588073,MC dropout
SP3,embedding_only,gaussian_full,xyz_4sigma,6.0,1.0,,0.1377642601728439,0.0594347678124904,0.1169373095035553,0.8830626606941223,0.3295763731002807,0.3116076290607452,0.0179687310010194,,,,,1.0,0.0,1.0,0.0,1.0,0.0,1.0,0.0,1.0,0.0,1.0,0.0,0.0,1.0,-0.0,1.0,0.1169373293717702,MC dropout
SP3,xyz_only,gaussian_full,xyz_4sigma,6.0,0.3333333333333333,0.0,1.012752890586853,0.6972207427024841,0.5261772225300471,0.5300915837287903,0.8818511962890625,0.8417374491691589,0.0401136875152587,0.5,0.8166666666666667,0.75,0.9166666666666666,0.3333333333333333,0.6666666666666667,0.3333333333333333,0.6666666666666667,0.3333333333333333,0.6666666666666667,0.4,0.6,0.4,0.6,0.3333333333333333,0.6666666666666667,0.6000000000000001,0.3333333333333333,0.6365141682948128,0.6666666666666666,0.4699084361394246,MC dropout
SP3,embedding_and_xyz,gaussian_full,xyz_4sigma,6.0,0.5,0.0,0.6989166140556335,0.4350332021713257,0.2735922336578369,0.5196769833564758,0.891049861907959,0.8399812579154968,0.0510687045753002,0.4444444444444444,0.6666666666666667,0.6666666666666666,0.8333333333333333,0.5,0.5,0.5,0.5,0.5,0.5,0.6,0.4,0.6,0.4,0.3333333333333333,0.6666666666666667,0.4694444444444444,0.5,0.6931471805599453,0.5,0.4803230166435241,MC dropout
T1,real,gaussian_full,xyz_4sigma,13.0,0.9230769230769232,0.8673469387755102,0.2201677709817886,0.1029028818011283,0.0939762821564307,0.8462426066398621,0.4658820331096649,0.4344229996204376,0.0314589887857437,1.0,1.0,1.0,1.0,0.9230769230769232,0.0769230769230768,0.9230769230769232,0.0769230769230768,1.0,0.0,1.0,0.0,1.0,0.0,1.0,0.0,0.0029585798816568,0.9230769230769232,0.8981370031878679,0.5384615384615384,0.1537573429254385,MC dropout
T1,embedding_only,gaussian_full,xyz_4sigma,13.0,0.7692307692307693,0.606060606060606,0.5240188837051392,0.2899911105632782,0.1981066304903764,0.7562422156333923,0.6989708542823792,0.6583804488182068,0.0405905060470104,0.9333333333333332,0.8055555555555556,0.7999999999999999,0.6333333333333333,0.7692307692307693,0.2307692307692307,0.7692307692307693,0.2307692307692307,0.8333333333333334,0.1666666666666666,0.8181818181818182,0.1818181818181817,0.9,0.0999999999999999,1.0,0.0,0.0433745741438049,0.7692307692307693,0.6901856760188042,0.5384615384615384,0.243757793536553,MC dropout
T1,xyz_only,gaussian_full,xyz_4sigma,13.0,0.8461538461538461,0.7291666666666667,0.5285842418670654,0.2614413499832153,0.1460124621024498,0.7665291428565979,0.6625807881355286,0.6189219355583191,0.0436587929725647,1.0,1.0,1.0,1.0,0.8461538461538461,0.1538461538461538,0.8461538461538461,0.1538461538461538,0.9166666666666666,0.0833333333333333,1.0,0.0,1.0,0.0,1.0,0.0,0.01232741617357,0.8461538461538461,0.6901856760188042,0.5384615384615384,0.2334708846532381,MC dropout
T1,embedding_and_xyz,gaussian_full,xyz_4sigma,13.0,0.7692307692307693,0.5806451612903226,0.687453031539917,0.3290471732616424,0.2454577867801372,0.7489871382713318,0.6852477192878723,0.6386883854866028,0.0465594083070755,1.0,1.0,1.0,1.0,0.7692307692307693,0.2307692307692307,0.7692307692307693,0.2307692307692307,0.8333333333333334,0.1666666666666666,0.9090909090909092,0.0909090909090909,1.0,0.0,1.0,0.0,0.0286892594584902,0.7692307692307693,0.666278442414676,0.6153846153846154,0.2510128938234769,MC dropout
T13,real,gaussian_full,xyz_4sigma,13.0,0.8461538461538461,0.7291666666666667,0.317533791065216,0.1770050823688507,0.1562802837445186,0.8101994395256042,0.5330688953399658,0.4939875304698944,0.0390813909471035,0.7727272727272727,0.4166666666666666,0.9090909090909092,0.75,0.8461538461538461,0.1538461538461538,0.8461538461538461,0.1538461538461538,0.8333333333333334,0.1666666666666666,0.9090909090909092,0.0909090909090909,0.9,0.0999999999999999,1.0,0.0,0.0515853804315342,0.8461538461538461,0.9110175397125628,0.4615384615384615,0.1898005008697509,MC dropout
T13,embedding_only,gaussian_full,xyz_4sigma,13.0,0.6153846153846154,0.3564356435643564,0.959911584854126,0.5371443033218384,0.267842567884005,0.7321695685386658,0.6898825764656067,0.634644627571106,0.0552378483116626,0.6,0.5131313131313131,0.6,0.5657142857142857,0.6153846153846154,0.3846153846153846,0.6153846153846154,0.3846153846153846,0.5833333333333334,0.4166666666666666,0.6363636363636364,0.3636363636363636,0.7,0.3,0.7142857142857143,0.2857142857142857,0.2756403852557699,0.6153846153846154,0.6172417697303416,0.6923076923076923,0.2678303810266348,MC dropout
T13,xyz_only,gaussian_full,xyz_4sigma,13.0,0.3076923076923077,0.1702127659574468,1.258312702178955,0.8263006210327148,0.4523785687409914,0.6778160929679871,0.831893265247345,0.7691712975502014,0.0627219751477241,0.6944444444444444,0.8764260430927098,0.9166666666666666,0.9674523007856344,0.3076923076923077,0.6923076923076923,0.3076923076923077,0.6923076923076923,0.3333333333333333,0.6666666666666667,0.3636363636363636,0.6363636363636364,0.4,0.6,0.4285714285714285,0.5714285714285714,0.5590642263719187,0.3076923076923077,0.8981370031878679,0.5384615384615384,0.3221838932770949,MC dropout
T13,embedding_and_xyz,gaussian_full,xyz_4sigma,13.0,0.1538461538461538,0.040268456375839,2.2785537242889404,1.1698098182678225,0.5943350883630606,0.726228654384613,0.6944564580917358,0.6507177352905273,0.0437386594712734,0.5909090909090908,0.9247880906971816,0.4090909090909091,0.8335182494273402,0.1538461538461538,0.8461538461538461,0.1538461538461538,0.8461538461538461,0.1666666666666666,0.8333333333333334,0.1818181818181818,0.8181818181818181,0.2,0.8,0.2857142857142857,0.7142857142857143,0.7884606846145308,0.1538461538461538,1.0733942812811266,0.3846153846153846,0.2737713914651137,MC dropout
T14,real,gaussian_full,xyz_4sigma,13.0,0.9230769230769232,0.865979381443299,0.2435957044363021,0.1295633912086486,0.179725903731126,0.8535792231559753,0.4548346102237701,0.4287894368171692,0.0260451603680849,0.9166666666666666,0.5,0.8333333333333334,0.3333333333333333,0.9230769230769232,0.0769230769230768,0.9230769230769232,0.0769230769230768,0.9166666666666666,0.0833333333333333,1.0,0.0,1.0,0.0,1.0,0.0,0.0093688362919132,0.9230769230769232,0.9839614460010256,0.5384615384615384,0.1464208914683415,MC dropout
T14,embedding_only,gaussian_full,xyz_4sigma,13.0,0.6153846153846154,0.4144144144144144,0.9644027352333068,0.5135067701339722,0.3869783809551825,0.7365631461143494,0.6709064245223999,0.6241675615310669,0.0467387586832046,0.65,0.6176190476190475,0.525,0.4579365079365078,0.6153846153846154,0.3846153846153846,0.6153846153846154,0.3846153846153846,0.6666666666666666,0.3333333333333333,0.6363636363636364,0.3636363636363636,0.6,0.4,0.7142857142857143,0.2857142857142857,0.2775634621788468,0.6153846153846154,0.8587409130062869,0.6153846153846154,0.2634368355457599,MC dropout
T14,xyz_only,gaussian_full,xyz_4sigma,13.0,0.3076923076923077,0.2302631578947369,1.4077937602996826,0.915275514125824,0.4256221239383404,0.6951024532318115,0.8024420142173767,0.7554080486297607,0.0470339432358741,0.6111111111111112,0.8077040243706912,0.7777777777777778,0.8984928651595319,0.3076923076923077,0.6923076923076923,0.3076923076923077,0.6923076923076923,0.3333333333333333,0.6666666666666667,0.3636363636363636,0.6363636363636364,0.3,0.7,0.2857142857142857,0.7142857142857143,0.5606515279592202,0.3076923076923077,1.118968866881627,0.4615384615384615,0.3048974917485164,MC dropout
T14,embedding_and_xyz,gaussian_full,xyz_4sigma,13.0,0.2307692307692307,0.1558441558441559,2.5720582008361816,1.2518426179885864,0.5362235674491296,0.7669928073883057,0.6382484436035156,0.5991595983505249,0.0390888191759586,0.5,0.8407614607614607,0.6666666666666667,0.8973595848595848,0.2307692307692307,0.7692307692307692,0.2307692307692307,0.7692307692307692,0.25,0.75,0.2727272727272727,0.7272727272727273,0.3,0.7,0.2857142857142857,0.7142857142857143,0.7451757644065335,0.2307692307692307,1.0123308391031731,0.4615384615384615,0.2330072155365577,MC dropout
T15,real,gaussian_full,xyz_4sigma,13.0,0.6923076923076923,0.5,0.5402132868766785,0.3547220826148987,0.2471002111068138,0.8132261037826538,0.4879460334777832,0.454082190990448,0.0338638573884964,0.9444444444444444,0.8875,0.8333333333333335,0.7095238095238094,0.6923076923076923,0.3076923076923077,0.6923076923076923,0.3076923076923077,0.75,0.25,0.8181818181818182,0.1818181818181817,0.8,0.1999999999999999,1.0,0.0,0.0689827266750343,0.6923076923076923,0.6901856760188042,0.5384615384615384,0.1867738411976741,MC dropout
T15,embedding_only,gaussian_full,xyz_4sigma,13.0,0.8461538461538461,0.7592592592592592,0.3645990788936615,0.2102221399545669,0.1762233193104083,0.7702041864395142,0.583166241645813,0.5423290729522705,0.0408371612429618,0.7727272727272727,0.3666666666666667,0.8636363636363636,0.7,0.8461538461538461,0.1538461538461538,0.8461538461538461,0.1538461538461538,0.8333333333333334,0.1666666666666666,0.8181818181818182,0.1818181818181817,0.9,0.0999999999999999,1.0,0.0,0.0489630028091566,0.8461538461538461,1.0123308391031731,0.4615384615384615,0.2297958502402672,MC dropout
T15,xyz_only,gaussian_full,xyz_4sigma,13.0,0.6153846153846154,0.4090909090909089,0.9619227647781372,0.5606899857521057,0.3876320352921119,0.7694486379623413,0.527708113193512,0.492197185754776,0.0355110056698322,0.7,0.5392857142857143,0.7,0.6253968253968254,0.6153846153846154,0.3846153846153846,0.6153846153846154,0.3846153846153846,0.5833333333333334,0.4166666666666666,0.6363636363636364,0.3636363636363636,0.6,0.4,0.7142857142857143,0.2857142857142857,0.194871154486539,0.6153846153846154,0.5402041423888608,0.7692307692307693,0.2305513345278226,MC dropout
T15,embedding_and_xyz,gaussian_full,xyz_4sigma,13.0,0.6923076923076923,0.5357142857142858,0.7873495817184448,0.4746008217334747,0.2489305253212268,0.8089558482170105,0.4968949556350708,0.4642875492572784,0.0326073542237281,0.638888888888889,0.4404761904761904,0.7222222222222222,0.6071428571428572,0.6923076923076923,0.3076923076923077,0.6923076923076923,0.3076923076923077,0.6666666666666666,0.3333333333333333,0.7272727272727273,0.2727272727272727,0.7,0.3,0.7142857142857143,0.2857142857142857,0.1708170035093112,0.6923076923076923,0.8587409130062869,0.6153846153846154,0.1910441242731534,MC dropout
T16,real,gaussian_full,xyz_4sigma,13.0,0.6153846153846154,0.3809523809523809,0.6693578958511353,0.4178019762039184,0.3074054580468398,0.7893567681312561,0.5105700492858887,0.4702104926109314,0.040359616279602,0.875,0.8711111111111112,0.9,0.911111111111111,0.6153846153846154,0.3846153846153846,0.6153846153846154,0.3846153846153846,0.6666666666666666,0.3333333333333333,0.7272727272727273,0.2727272727272727,0.8,0.1999999999999999,0.8571428571428571,0.1428571428571429,0.1427011023164869,0.6153846153846154,1.0579054247036734,0.4615384615384615,0.2106432272837712,MC dropout
T16,embedding_only,gaussian_full,xyz_4sigma,13.0,0.6923076923076923,0.4851485148514852,0.8314669132232666,0.4779379069805145,0.2567609090071458,0.8003031611442566,0.5260289311408997,0.4900816679000854,0.0359472259879112,0.75,0.7182539682539683,0.6666666666666666,0.6104166666666666,0.6923076923076923,0.3076923076923077,0.6923076923076923,0.3076923076923077,0.75,0.25,0.8181818181818182,0.1818181818181817,0.8,0.1999999999999999,0.7142857142857143,0.2857142857142857,0.1469436546359623,0.6923076923076923,1.0123308391031731,0.4615384615384615,0.1996968342707707,MC dropout
T16,xyz_only,gaussian_full,xyz_4sigma,13.0,0.6153846153846154,0.2696629213483147,0.7839843034744263,0.4202744364738464,0.2005002154753758,0.7915106415748596,0.5045881867408752,0.4782307744026184,0.026357440277934,1.0,1.0,1.0,1.0,0.6153846153846154,0.3846153846153846,0.6153846153846154,0.3846153846153846,0.6666666666666666,0.3333333333333333,0.7272727272727273,0.2727272727272727,0.8,0.1999999999999999,1.0,0.0,0.0853445699599545,0.6153846153846154,0.5402041423888608,0.7692307692307693,0.2084893079904409,MC dropout
T16,embedding_and_xyz,gaussian_full,xyz_4sigma,13.0,0.7692307692307693,0.597938144329897,0.7702926993370056,0.3923918604850769,0.1451881871773646,0.8183329105377197,0.4888227880001068,0.4635185897350311,0.0253041647374629,0.7999999999999999,0.5,0.7999999999999999,0.5,0.7692307692307693,0.2307692307692307,0.7692307692307693,0.2307692307692307,0.75,0.25,0.8181818181818182,0.1818181818181817,0.8,0.1999999999999999,1.0,0.0,0.0756395314087621,0.7692307692307693,0.9251290835720822,0.6153846153846154,0.1816671628218431,MC dropout
T17,real,gaussian_full,xyz_4sigma,9.0,0.5555555555555556,0.1818181818181818,0.8814884424209595,0.6207857728004456,0.4219948185814751,0.7994704842567444,0.5186373591423035,0.4877874553203583,0.0308498814702034,0.55,0.5178571428571428,0.75,0.6458333333333333,0.5555555555555556,0.4444444444444444,0.5555555555555556,0.4444444444444444,0.5555555555555556,0.4444444444444444,0.5,0.5,0.5714285714285714,0.4285714285714286,0.6,0.4,0.3204585537918871,0.5555555555555556,0.3488320958430319,0.8888888888888888,0.200529502497779,MC dropout
T17,embedding_only,gaussian_full,xyz_4sigma,9.0,1.0,1.0,0.2787667512893677,0.1198854148387909,0.2332016030947367,0.7667983770370483,0.6275004148483276,0.5965130925178528,0.0309873390942811,,,,,1.0,0.0,1.0,0.0,1.0,0.0,1.0,0.0,1.0,0.0,1.0,0.0,0.0,1.0,0.6869615765973234,0.5555555555555556,0.2332015964719984,MC dropout
T17,xyz_only,gaussian_full,xyz_4sigma,9.0,0.7777777777777778,0.5714285714285714,0.4911825358867645,0.2926426827907562,0.2265633477105034,0.7000304460525513,0.7650432586669922,0.7182337045669556,0.0468095578253269,0.5714285714285714,0.325,0.4285714285714286,0.2678571428571428,0.7777777777777778,0.2222222222222222,0.7777777777777778,0.2222222222222222,0.7777777777777778,0.2222222222222222,0.75,0.25,0.7142857142857143,0.2857142857142857,0.8,0.1999999999999999,0.1311287477954144,0.7777777777777778,0.6365141682948128,0.6666666666666666,0.2999696135520935,MC dropout
T17,embedding_and_xyz,gaussian_full,xyz_4sigma,9.0,1.0,1.0,0.2653719782829284,0.0894219875335693,0.2298271192444695,0.7701728940010071,0.7459715604782104,0.7052648663520813,0.0407066866755485,,,,,1.0,0.0,1.0,0.0,1.0,0.0,1.0,0.0,1.0,0.0,1.0,0.0,0.0,1.0,0.6869615765973234,0.5555555555555556,0.2298270993762546,MC dropout
T18,real,gaussian_full,xyz_4sigma,8.0,1.0,,0.1545584797859192,0.0398773364722728,0.141863152384758,0.8581368923187256,0.4655495882034302,0.4414577484130859,0.024091824889183,,,,,1.0,0.0,1.0,0.0,1.0,0.0,1.0,0.0,1.0,0.0,1.0,0.0,0.0,1.0,-0.0,1.0,0.1418631598353386,MC dropout
T18,embedding_only,gaussian_full,xyz_4sigma,8.0,0.625,0.0,0.6368550658226013,0.4024494290351867,0.2882943525910377,0.6211835741996765,0.8375597596168518,0.786238968372345,0.0513208284974098,0.4666666666666667,0.4111111111111111,0.8,0.7555555555555555,0.625,0.375,0.625,0.375,0.625,0.375,0.5714285714285714,0.4285714285714286,0.5,0.5,0.5,0.5,0.2936755952380953,0.625,0.9002560512685369,0.625,0.3788164332509041,MC dropout
T18,xyz_only,gaussian_full,xyz_4sigma,8.0,1.0,,0.2785756886005401,0.1072227954864502,0.2372869178652763,0.7627130746841431,0.7037192583084106,0.6542110443115234,0.049508199095726,,,,,1.0,0.0,1.0,0.0,1.0,0.0,1.0,0.0,1.0,0.0,1.0,0.0,0.0,1.0,-0.0,1.0,0.2372869327664375,MC dropout
T18,embedding_and_xyz,gaussian_full,xyz_4sigma,8.0,0.75,0.0,0.840221643447876,0.4673928320407867,0.3884032443165779,0.6009684205055237,1.0473028421401978,0.9787012338638306,0.068601556122303,0.5,0.325,0.6666666666666667,0.45,0.75,0.25,0.75,0.25,0.75,0.25,0.7142857142857143,0.2857142857142857,0.6666666666666666,0.3333333333333333,0.75,0.25,0.1742559523809523,0.75,0.5623351446188083,0.75,0.3990315869450569,MC dropout
T19,real,gaussian_full,xyz_4sigma,13.0,1.0,1.0,0.2695746123790741,0.1069037020206451,0.2302146233045138,0.7697853446006775,0.639837384223938,0.5974752902984619,0.0423621200025081,,,,,1.0,0.0,1.0,0.0,1.0,0.0,1.0,0.0,1.0,0.0,1.0,0.0,0.0,1.0,0.6901856760188042,0.5384615384615384,0.2302146278894864,MC dropout
T19,embedding_only,gaussian_full,xyz_4sigma,13.0,0.6923076923076923,0.4526315789473685,0.6649394631385803,0.444776713848114,0.320723648254688,0.7581669092178345,0.6279773116111755,0.5837922692298889,0.044185034930706,0.6944444444444444,0.4821428571428571,0.8055555555555556,0.7611111111111111,0.6923076923076923,0.3076923076923077,0.6923076923076923,0.3076923076923077,0.6666666666666666,0.3333333333333333,0.7272727272727273,0.2727272727272727,0.7,0.3,0.7142857142857143,0.2857142857142857,0.152654610346918,0.6923076923076923,1.0317671113505356,0.6153846153846154,0.2418331045370835,MC dropout
T19,xyz_only,gaussian_full,xyz_4sigma,13.0,0.6153846153846154,0.3157894736842106,0.8574954271316528,0.5370541214942932,0.2836568080461942,0.7025938630104065,0.8558279275894165,0.7831543684005737,0.0726735666394233,0.525,0.419047619047619,0.575,0.4746031746031746,0.6153846153846154,0.3846153846153846,0.6153846153846154,0.3846153846153846,0.5833333333333334,0.4166666666666666,0.5454545454545454,0.4545454545454546,0.6,0.4,0.5714285714285714,0.4285714285714286,0.2784514630668476,0.6153846153846154,0.9251290835720823,0.6153846153846154,0.2974061186497028,MC dropout
T19,embedding_and_xyz,gaussian_full,xyz_4sigma,13.0,0.4615384615384615,0.0899999999999999,1.63483989238739,0.8845402002334595,0.383773365846047,0.7186655402183533,0.831203043460846,0.7737771272659302,0.0574257746338844,0.3571428571428571,0.5054945054945055,0.2619047619047619,0.5273199023199022,0.4615384615384615,0.5384615384615384,0.4615384615384615,0.5384615384615384,0.4166666666666667,0.5833333333333333,0.4545454545454545,0.5454545454545454,0.4,0.6,0.4285714285714285,0.5714285714285714,0.6102566237181621,0.4615384615384615,0.937155853065701,0.6923076923076923,0.281334441441756,MC dropout
T2,real,gaussian_full,xyz_4sigma,6.0,0.6666666666666666,0.4,0.7969310879707336,0.4997362792491913,0.3910683840513229,0.7862358689308167,0.5348060727119446,0.5008759498596191,0.0339301154017448,0.625,0.5,0.625,0.5,0.6666666666666666,0.3333333333333333,0.6666666666666666,0.3333333333333333,0.6666666666666666,0.3333333333333333,0.6,0.4,0.6,0.4,0.6666666666666666,0.3333333333333333,0.1916666666666667,0.6666666666666666,0.4505612088663046,0.8333333333333334,0.2137641012668609,MC dropout
T2,embedding_only,gaussian_full,xyz_4sigma,6.0,0.3333333333333333,-0.1999999999999999,1.3431038856506348,0.6787529587745667,0.3618480463822682,0.6951813697814941,0.7706397175788879,0.7284501194953918,0.0421896241605281,0.75,0.9166666666666666,0.75,0.9166666666666666,0.3333333333333333,0.6666666666666667,0.3333333333333333,0.6666666666666667,0.3333333333333333,0.6666666666666667,0.4,0.6,0.4,0.6,0.6666666666666666,0.3333333333333333,0.4611111111111111,0.3333333333333333,0.4505612088663046,0.8333333333333334,0.3048186202843984,MC dropout
T2,xyz_only,gaussian_full,xyz_4sigma,6.0,0.6666666666666666,0.368421052631579,0.7770378589630127,0.4483043253421783,0.3665032883485157,0.7459840774536133,0.7410905361175537,0.6889548301696777,0.0521357394754886,0.875,0.8333333333333333,0.875,0.8333333333333333,0.6666666666666666,0.3333333333333333,0.6666666666666666,0.3333333333333333,0.6666666666666666,0.3333333333333333,0.8,0.1999999999999999,0.8,0.1999999999999999,1.0,0.0,0.1027777777777777,0.6666666666666666,0.4505612088663046,0.8333333333333334,0.2540159523487091,MC dropout
T2,embedding_and_xyz,gaussian_full,xyz_4sigma,6.0,0.6666666666666666,0.368421052631579,1.1271264553070068,0.5779280066490173,0.2194886902968089,0.6679210662841797,0.8980965614318848,0.828843891620636,0.0692526325583458,0.375,0.4166666666666666,0.5,0.6666666666666666,0.6666666666666666,0.3333333333333333,0.6666666666666666,0.3333333333333333,0.6666666666666666,0.3333333333333333,0.6,0.4,0.6,0.4,0.6666666666666666,0.3333333333333333,0.3583333333333334,0.6666666666666666,0.4505612088663046,0.8333333333333334,0.3320789237817128,MC dropout
T20,real,gaussian_full,xyz_4sigma,6.0,1.0,1.0,0.2262484580278396,0.0931285321712493,0.1825467298428217,0.8174533247947693,0.5176228880882263,0.4880400598049164,0.0295828375965356,,,,,1.0,0.0,1.0,0.0,1.0,0.0,1.0,0.0,1.0,0.0,1.0,0.0,0.0,1.0,0.4505612088663046,0.8333333333333334,0.182546724875768,MC dropout
T20,embedding_only,gaussian_full,xyz_4sigma,6.0,0.6666666666666666,-0.0909090909090908,0.4378228187561035,0.2505936324596405,0.2313032944997151,0.7359418272972107,0.6237316727638245,0.5866244435310364,0.0371071957051754,1.0,1.0,1.0,1.0,0.6666666666666666,0.3333333333333333,0.6666666666666666,0.3333333333333333,0.6666666666666666,0.3333333333333333,0.8,0.1999999999999999,0.8,0.1999999999999999,1.0,0.0,0.0611111111111111,0.6666666666666666,0.4505612088663046,0.8333333333333334,0.2640582025051117,MC dropout
T20,xyz_only,gaussian_full,xyz_4sigma,6.0,0.0,0.0,2.023711919784546,1.2319706678390503,0.6542377769947051,0.6542377471923828,0.9123381972312928,0.8774487376213074,0.0348893962800502,,,,,0.0,1.0,0.0,1.0,0.0,1.0,0.0,1.0,0.0,1.0,0.0,1.0,0.8333333333333334,0.0,-0.0,1.0,0.3457622230052948,MC dropout
T20,embedding_and_xyz,gaussian_full,xyz_4sigma,6.0,0.0,0.0,2.170210123062134,1.2468189001083374,0.629239097237587,0.6292391419410706,0.9255021214485168,0.8889703750610352,0.0365317277610302,,,,,0.0,1.0,0.0,1.0,0.0,1.0,0.0,1.0,0.0,1.0,0.0,1.0,0.8333333333333334,0.0,0.4505612088663046,0.8333333333333334,0.3707608977953593,MC dropout
T23,real,gaussian_full,xyz_4sigma,19.0,0.7368421052631579,0.5476190476190477,0.5436837673187256,0.3447793126106262,0.127111720411401,0.7748525738716125,0.5794245600700378,0.5392876267433167,0.0401369370520114,0.7285714285714286,0.4936507936507935,0.5857142857142856,0.3209090909090908,0.7368421052631579,0.2631578947368421,0.7368421052631579,0.2631578947368421,0.7222222222222222,0.2777777777777778,0.8125,0.1875,0.7857142857142857,0.2142857142857143,0.9,0.0999999999999999,0.1260211831602576,0.7368421052631579,0.8392695557891106,0.5789473684210527,0.2251474261283874,MC dropout
T23,embedding_only,gaussian_full,xyz_4sigma,19.0,0.631578947368421,0.400900900900901,1.0583568811416626,0.5808448791503906,0.3012411625761735,0.7180967330932617,0.7240943312644958,0.6701346635818481,0.05395969748497,0.4761904761904761,0.398335744554232,0.4047619047619047,0.3364151721294578,0.631578947368421,0.368421052631579,0.631578947368421,0.368421052631579,0.6111111111111112,0.3888888888888888,0.625,0.375,0.6428571428571429,0.3571428571428571,0.6,0.4,0.372043692371214,0.631578947368421,0.990365041474314,0.5789473684210527,0.281903254358392,MC dropout
T23,xyz_only,gaussian_full,xyz_4sigma,19.0,0.4210526315789473,0.1327800829875517,1.5428600311279297,0.8818117380142212,0.3538419808212079,0.6961612701416016,0.8156205415725708,0.7484393119812012,0.0671812370419502,0.3636363636363636,0.591091811525248,0.4659090909090909,0.684162800251317,0.4210526315789473,0.5789473684210527,0.4210526315789473,0.5789473684210527,0.4444444444444444,0.5555555555555556,0.4375,0.5625,0.4285714285714285,0.5714285714285714,0.3,0.7,0.6824505476147157,0.4210526315789473,0.955131195451464,0.4736842105263157,0.3038386828020999,MC dropout
T23,embedding_and_xyz,gaussian_full,xyz_4sigma,19.0,0.2105263157894736,0.053156146179402,2.476799964904785,1.1856448650360107,0.6240360360396535,0.7036375999450684,0.7905537486076355,0.7256671786308289,0.0648866295814514,0.3166666666666666,0.7972165147087747,0.3,0.7803911178833779,0.2105263157894736,0.7894736842105263,0.2105263157894736,0.7894736842105263,0.2222222222222222,0.7777777777777778,0.25,0.75,0.2142857142857142,0.7857142857142857,0.0,1.0,0.8535749017336112,0.2105263157894736,0.5763341277567499,0.7368421052631579,0.2963624314257973,MC dropout
T24,real,gaussian_full,xyz_4sigma,11.0,0.8181818181818182,-0.0476190476190476,0.291477233171463,0.1735304743051529,0.135663016275926,0.790856122970581,0.4619213938713074,0.4368178248405456,0.0251035913825035,1.0,1.0,0.8333333333333334,0.7,0.8181818181818182,0.1818181818181817,0.8181818181818182,0.1818181818181817,0.9,0.0999999999999999,1.0,0.0,1.0,0.0,1.0,0.0,0.0173553719008264,0.8181818181818182,0.3046360973492381,0.9090909090909092,0.2091439095410433,MC dropout
T24,embedding_only,gaussian_full,xyz_4sigma,11.0,0.5454545454545454,0.2142857142857142,0.9555509686470032,0.6055875420570374,0.3173615065487948,0.749140739440918,0.7235885858535767,0.6821141839027405,0.0414744466543197,0.7333333333333333,0.7116666666666667,0.5333333333333334,0.5109090909090909,0.5454545454545454,0.4545454545454546,0.5454545454545454,0.4545454545454546,0.6,0.4,0.5555555555555556,0.4444444444444444,0.625,0.375,0.6666666666666666,0.3333333333333333,0.2416929030565394,0.5454545454545454,0.9347698978582792,0.4545454545454545,0.2508592822334983,MC dropout
T24,xyz_only,gaussian_full,xyz_4sigma,11.0,0.9090909090909092,0.0,0.3406254351139068,0.1894672811031341,0.2409978292205117,0.7951101660728455,0.5790162086486816,0.5387648344039917,0.0402513779699802,0.7,0.25,0.7,0.25,0.9090909090909092,0.0909090909090909,0.9090909090909092,0.0909090909090909,0.9,0.0999999999999999,0.8888888888888888,0.1111111111111111,0.875,0.125,1.0,0.0,0.0346877869605142,0.9090909090909092,-0.0,1.0,0.2048898393457586,MC dropout
T24,embedding_and_xyz,gaussian_full,xyz_4sigma,11.0,0.6363636363636364,-0.0731707317073169,0.8760231137275696,0.4745628237724304,0.3441528515382246,0.5751610398292542,1.0697041749954224,0.9841709733009338,0.0855332687497139,0.7857142857142857,0.6083333333333333,0.7142857142857142,0.5595238095238095,0.6363636363636364,0.3636363636363636,0.6363636363636364,0.3636363636363636,0.6,0.4,0.6666666666666666,0.3333333333333333,0.75,0.25,0.8333333333333334,0.1666666666666666,0.1470484061393152,0.6363636363636364,0.7595473914748635,0.7272727272727273,0.4248389114033092,MC dropout
T25,real,gaussian_full,xyz_4sigma,9.0,0.7777777777777778,0.4193548387096774,0.4822115898132324,0.3362932801246643,0.2295306921005248,0.859986424446106,0.3811481297016144,0.3624882400035858,0.0186598934233188,0.7857142857142857,0.5,0.7142857142857143,0.4166666666666666,0.7777777777777778,0.2222222222222222,0.7777777777777778,0.2222222222222222,0.7777777777777778,0.2222222222222222,0.75,0.25,0.8571428571428571,0.1428571428571429,1.0,0.0,0.0745149911816578,0.7777777777777778,0.3488320958430319,0.8888888888888888,0.1400136219130622,MC dropout
T25,embedding_only,gaussian_full,xyz_4sigma,9.0,0.5555555555555556,0.28,0.6972315907478333,0.4446022808551788,0.2918250097168816,0.6450556516647339,0.8157801032066345,0.7642461061477661,0.0515339449048042,0.85,0.8541666666666666,0.5,0.6071428571428572,0.5555555555555556,0.4444444444444444,0.5555555555555556,0.4444444444444444,0.5555555555555556,0.4444444444444444,0.625,0.375,0.7142857142857143,0.2857142857142857,0.8,0.1999999999999999,0.1851410934744268,0.5555555555555556,1.0608569471580214,0.4444444444444444,0.3549443152215745,MC dropout
T25,xyz_only,gaussian_full,xyz_4sigma,9.0,0.7777777777777778,0.4193548387096774,0.5133866667747498,0.3119460046291351,0.3262023296621111,0.7446438670158386,0.6832790374755859,0.6329593658447266,0.0503196418285369,0.7857142857142857,0.5,0.7857142857142857,0.5,0.7777777777777778,0.2222222222222222,0.7777777777777778,0.2222222222222222,0.7777777777777778,0.2222222222222222,0.75,0.25,0.8571428571428571,0.1428571428571429,1.0,0.0,0.0745149911816578,0.7777777777777778,0.3488320958430319,0.8888888888888888,0.2553561660978529,MC dropout
T25,embedding_and_xyz,gaussian_full,xyz_4sigma,9.0,0.5555555555555556,0.28,1.035308003425598,0.5957601070404053,0.2917849653297,0.4575108289718628,1.2314292192459106,1.1267834901809692,0.1046458631753921,0.6,0.7321428571428572,0.8,0.7708333333333333,0.5555555555555556,0.4444444444444444,0.5555555555555556,0.4444444444444444,0.5555555555555556,0.4444444444444444,0.625,0.375,0.7142857142857143,0.2857142857142857,0.6,0.4,0.3647707231040564,0.5555555555555556,1.0608569471580214,0.4444444444444444,0.5424891180462308,MC dropout
T26,real,gaussian_full,xyz_4sigma,9.0,1.0,1.0,0.2404447942972183,0.114428125321865,0.1994305120574103,0.8005695343017578,0.4953669011592865,0.4680550396442413,0.0273118335753679,,,,,1.0,0.0,1.0,0.0,1.0,0.0,1.0,0.0,1.0,0.0,1.0,0.0,0.0,1.0,0.3488320958430319,0.8888888888888888,0.1994305120574103,MC dropout
T26,embedding_only,gaussian_full,xyz_4sigma,9.0,0.4444444444444444,0.0625,0.9452146887779236,0.639560341835022,0.3153542545106675,0.6005296111106873,0.8441240191459656,0.7893750071525574,0.0547489784657955,0.6,0.7753968253968253,0.95,0.9666666666666668,0.4444444444444444,0.5555555555555556,0.4444444444444444,0.5555555555555556,0.4444444444444444,0.5555555555555556,0.5,0.5,0.5714285714285714,0.4285714285714286,0.6,0.4,0.4747795414462081,0.4444444444444444,0.9649629230074276,0.4444444444444444,0.3994703756438361,MC dropout
T26,xyz_only,gaussian_full,xyz_4sigma,9.0,0.8888888888888888,0.0,0.334723949432373,0.1563412845134735,0.2447014848391214,0.7626512050628662,0.7062160968780518,0.6572209596633911,0.0489951074123382,1.0,1.0,1.0,1.0,0.8888888888888888,0.1111111111111111,0.8888888888888888,0.1111111111111111,0.8888888888888888,0.1111111111111111,1.0,0.0,1.0,0.0,1.0,0.0,0.0061728395061728,0.8888888888888888,-0.0,1.0,0.2373487287097507,MC dropout
T26,embedding_and_xyz,gaussian_full,xyz_4sigma,9.0,0.6666666666666666,-0.08,0.9651711583137512,0.5142143964767456,0.1562536789311303,0.5104129910469055,1.1688852310180664,1.080449461936951,0.0884356796741485,0.7777777777777779,0.5888888888888888,0.5,0.3833333333333333,0.6666666666666666,0.3333333333333333,0.6666666666666666,0.3333333333333333,0.6666666666666666,0.3333333333333333,0.625,0.375,0.7142857142857143,0.2857142857142857,0.8,0.1999999999999999,0.1326719576719576,0.6666666666666666,0.6837389058487535,0.7777777777777778,0.4895869890848796,MC dropout
T27,real,gaussian_full,xyz_4sigma,18.0,0.7777777777777778,0.5714285714285714,0.3920725882053375,0.2407336831092834,0.2813996374607086,0.7704610824584961,0.5822799205780029,0.5446409583091736,0.0376389101147651,0.8392857142857143,0.5178571428571428,0.9107142857142856,0.7470238095238095,0.7777777777777778,0.2222222222222222,0.7777777777777778,0.2222222222222222,0.7647058823529411,0.2352941176470588,0.8,0.1999999999999999,0.8461538461538461,0.1538461538461538,1.0,0.0,0.0618856588219333,0.7777777777777778,0.6365141682948128,0.6666666666666666,0.2295389374097188,MC dropout
T27,embedding_only,gaussian_full,xyz_4sigma,18.0,0.7777777777777778,0.5555555555555556,0.5481305122375488,0.3255692720413208,0.193777945306566,0.687718391418457,0.7813721895217896,0.7175374627113342,0.0638347566127777,0.75,0.44375,0.6428571428571428,0.4937499999999999,0.7777777777777778,0.2222222222222222,0.7777777777777778,0.2222222222222222,0.7647058823529411,0.2352941176470588,0.8,0.1999999999999999,0.8461538461538461,0.1538461538461538,0.8888888888888888,0.1111111111111111,0.0883446936143014,0.7777777777777778,0.7298429194806347,0.7222222222222222,0.3122816052701738,MC dropout
T27,xyz_only,gaussian_full,xyz_4sigma,18.0,0.4444444444444444,0.1176470588235294,1.1936124563217163,0.6866362690925598,0.3173146959808137,0.7285781502723694,0.8382469415664673,0.7719733715057373,0.0662735626101493,0.9875,0.9909090909090909,0.95,0.9572979797979796,0.4444444444444444,0.5555555555555556,0.4444444444444444,0.5555555555555556,0.4705882352941176,0.5294117647058824,0.5333333333333333,0.4666666666666667,0.6153846153846154,0.3846153846153846,0.8888888888888888,0.1111111111111111,0.2016230410838254,0.4444444444444444,0.4505612088663046,0.8333333333333334,0.2714218861526913,MC dropout
T27,embedding_and_xyz,gaussian_full,xyz_4sigma,18.0,0.3888888888888889,0.1315789473684211,1.3412340879440308,0.7468352317810059,0.2938100463814205,0.5461962223052979,1.1648401021957395,1.0739675760269165,0.0908723622560501,0.3766233766233766,0.5750143721400406,0.3506493506493506,0.5950910200910201,0.3888888888888889,0.6111111111111112,0.3888888888888889,0.6111111111111112,0.3529411764705882,0.6470588235294117,0.4,0.6,0.3076923076923077,0.6923076923076923,0.3333333333333333,0.6666666666666667,0.6813015869388418,0.3888888888888889,1.2283103521608822,0.3888888888888889,0.453803754515118,MC dropout
T28,real,gaussian_full,xyz_4sigma,9.0,0.6666666666666666,0.325,0.5694503784179688,0.3975350856781006,0.2797765533129374,0.8635033965110779,0.4182401299476623,0.3974712491035461,0.0207688529044389,0.888888888888889,0.8666666666666667,0.7777777777777779,0.5888888888888888,0.6666666666666666,0.3333333333333333,0.6666666666666666,0.3333333333333333,0.6666666666666666,0.3333333333333333,0.75,0.25,0.8571428571428571,0.1428571428571429,0.8,0.1999999999999999,0.1029100529100529,0.6666666666666666,0.3488320958430319,0.8888888888888888,0.1364965836207071,MC dropout
T28,embedding_only,gaussian_full,xyz_4sigma,9.0,0.7777777777777778,0.5714285714285714,0.5340385437011719,0.3125053644180298,0.2745142943329281,0.6383450031280518,0.8214389681816101,0.7620635628700256,0.0593754462897777,0.7142857142857142,0.45,0.2142857142857143,0.2083333333333333,0.7777777777777778,0.2222222222222222,0.7777777777777778,0.2222222222222222,0.7777777777777778,0.2222222222222222,0.75,0.25,0.8571428571428571,0.1428571428571429,0.8,0.1999999999999999,0.09673721340388,0.7777777777777778,0.6365141682948128,0.6666666666666666,0.3616549836264716,MC dropout
T28,xyz_only,gaussian_full,xyz_4sigma,9.0,0.6666666666666666,0.325,0.6571621298789978,0.3986023366451263,0.3520920607778761,0.7602822184562683,0.7410472631454468,0.690557599067688,0.0504897087812423,1.0,1.0,1.0,1.0,0.6666666666666666,0.3333333333333333,0.6666666666666666,0.3333333333333333,0.6666666666666666,0.3333333333333333,0.75,0.25,0.8571428571428571,0.1428571428571429,1.0,0.0,0.0621693121693121,0.6666666666666666,0.3488320958430319,0.8888888888888888,0.2397177815437317,MC dropout
T28,embedding_and_xyz,gaussian_full,xyz_4sigma,9.0,0.5555555555555556,0.217391304347826,0.901031732559204,0.5389124751091003,0.1097102959950765,0.4702636003494262,1.1483204364776611,1.047623634338379,0.1006968542933464,0.65,0.5845238095238094,0.9,0.8875,0.5555555555555556,0.4444444444444444,0.5555555555555556,0.4444444444444444,0.5555555555555556,0.4444444444444444,0.5,0.5,0.5714285714285714,0.4285714285714286,0.6,0.4,0.2741622574955908,0.5555555555555556,0.6869615765973234,0.5555555555555556,0.5297364327642653,MC dropout
T3,real,gaussian_full,xyz_4sigma,13.0,0.6923076923076923,0.4851485148514852,0.5658408403396606,0.3135891258716583,0.2115378471521231,0.848160445690155,0.3988855183124542,0.3791830837726593,0.0197024121880531,0.9444444444444444,0.9166666666666666,0.9444444444444444,0.9166666666666666,0.6923076923076923,0.3076923076923077,0.6923076923076923,0.3076923076923077,0.75,0.25,0.8181818181818182,0.1818181818181817,0.9,0.0999999999999999,1.0,0.0,0.0709058035981112,0.6923076923076923,0.6901856760188042,0.5384615384615384,0.1518395864046537,MC dropout
T3,embedding_only,gaussian_full,xyz_4sigma,13.0,0.6153846153846154,0.3925233644859812,0.9021677374839784,0.4969192147254944,0.2661528220543495,0.8445398807525635,0.4853579699993133,0.4564321339130401,0.0289258752018213,0.975,0.9666666666666666,0.975,0.9666666666666666,0.6153846153846154,0.3846153846153846,0.6153846153846154,0.3846153846153846,0.6666666666666666,0.3333333333333333,0.7272727272727273,0.2727272727272727,0.8,0.1999999999999999,1.0,0.0,0.0949599545753391,0.6153846153846154,0.6901856760188042,0.5384615384615384,0.1554601788520813,MC dropout
T3,xyz_only,gaussian_full,xyz_4sigma,13.0,0.6153846153846154,0.0,1.0478136539459229,0.462221622467041,0.232409642292903,0.8219072818756104,0.3708387017250061,0.34488645195961,0.0259521678090095,1.0,1.0,1.0,1.0,0.6153846153846154,0.3846153846153846,0.6153846153846154,0.3846153846153846,0.6666666666666666,0.3333333333333333,0.7272727272727273,0.2727272727272727,0.8,0.1999999999999999,1.0,0.0,0.0853445699599545,0.6153846153846154,-0.0,1.0,0.1780926814446082,MC dropout
T3,embedding_and_xyz,gaussian_full,xyz_4sigma,13.0,0.6153846153846154,0.0,1.2220228910446167,0.4924532771110534,0.2741995866482075,0.8382027745246887,0.3770609200000763,0.3526161909103393,0.0244446862488985,1.0,1.0,1.0,1.0,0.6153846153846154,0.3846153846153846,0.6153846153846154,0.3846153846153846,0.6666666666666666,0.3333333333333333,0.7272727272727273,0.2727272727272727,0.8,0.1999999999999999,1.0,0.0,0.0853445699599545,0.6153846153846154,-0.0,1.0,0.1617971979654752,MC dropout
T4,real,gaussian_full,xyz_4sigma,13.0,0.9230769230769232,0.8761904761904762,0.2983089387416839,0.1495705544948578,0.2168710140081552,0.8048593997955322,0.5579159259796143,0.5253814458847046,0.0325344204902648,0.8333333333333334,0.3333333333333333,1.0,1.0,0.9230769230769232,0.0769230769230768,0.9230769230769232,0.0769230769230768,0.9166666666666666,0.0833333333333333,0.9090909090909092,0.0909090909090909,1.0,0.0,1.0,0.0,0.0163618432849202,0.9230769230769232,1.0905994737794786,0.5384615384615384,0.1951406139593858,MC dropout
T4,embedding_only,gaussian_full,xyz_4sigma,13.0,0.6923076923076923,0.5315315315315315,0.7397326827049255,0.4206867218017578,0.1012941323793851,0.5910135507583618,0.9126036763191224,0.8569613695144653,0.0556422099471092,0.7777777777777779,0.6428571428571428,0.6944444444444444,0.475,0.6923076923076923,0.3076923076923077,0.6923076923076923,0.3076923076923077,0.75,0.25,0.7272727272727273,0.2727272727272727,0.7,0.3,0.8571428571428571,0.1428571428571429,0.1224348301271378,0.6923076923076923,1.230931623047922,0.4615384615384615,0.4089864584115835,MC dropout
T4,xyz_only,gaussian_full,xyz_4sigma,13.0,0.5384615384615384,0.0,0.924438774585724,0.5529429912567139,0.2924056442884298,0.8308672308921814,0.4529061615467071,0.4237855672836303,0.0291205532848835,1.0,1.0,1.0,1.0,0.5384615384615384,0.4615384615384615,0.5384615384615384,0.4615384615384615,0.5833333333333334,0.4166666666666666,0.6363636363636364,0.3636363636363636,0.7,0.3,1.0,0.0,0.1275611140995756,0.5384615384615384,-0.0,1.0,0.1691327920326819,MC dropout
T4,embedding_and_xyz,gaussian_full,xyz_4sigma,13.0,0.5384615384615384,0.0,1.2653037309646606,0.6595044732093811,0.3278030867759998,0.8662646412849426,0.4134993851184845,0.3860573470592499,0.0274419914931058,0.9761904761904764,0.976190476190476,0.9285714285714286,0.9444444444444444,0.5384615384615384,0.4615384615384615,0.5384615384615384,0.4615384615384615,0.5833333333333334,0.4166666666666666,0.6363636363636364,0.3636363636363636,0.7,0.3,0.8571428571428571,0.1428571428571429,0.1385501250885866,0.5384615384615384,-0.0,1.0,0.1337353541300847,MC dropout
T5,real,gaussian_full,xyz_4sigma,13.0,0.4615384615384615,0.3,0.8987478017807007,0.5832300782203674,0.3529811043005724,0.6343732476234436,0.8504178524017334,0.7904148697853088,0.0600029975175857,0.5952380952380952,0.5992424242424242,0.7857142857142858,0.7798185941043083,0.4615384615384615,0.5384615384615384,0.4615384615384615,0.5384615384615384,0.4166666666666667,0.5833333333333333,0.4545454545454545,0.5454545454545454,0.4,0.6,0.5714285714285714,0.4285714285714286,0.3819599204214589,0.4615384615384615,1.2711814802605796,0.4615384615384615,0.3656267569615291,MC dropout
T5,embedding_only,gaussian_full,xyz_4sigma,13.0,0.3846153846153846,0.1746031746031746,1.097196102142334,0.669190526008606,0.3797991367486807,0.5376859307289124,0.9889773726463318,0.9167234897613524,0.0722538456320762,0.3999999999999999,0.6287518037518037,0.425,0.5703869047619047,0.3846153846153846,0.6153846153846154,0.3846153846153846,0.6153846153846154,0.4166666666666667,0.5833333333333333,0.3636363636363636,0.6363636363636364,0.3,0.7,0.2857142857142857,0.7142857142857143,0.5955134608980763,0.3846153846153846,1.230931623047922,0.4615384615384615,0.4623141334607051,MC dropout
T5,xyz_only,gaussian_full,xyz_4sigma,13.0,0.5384615384615384,0.4135338345864662,1.1901755332946775,0.6510112285614014,0.4122841724982628,0.5435822010040283,1.1402102708816528,1.0718644857406616,0.0683457925915718,0.6190476190476191,0.6259259259259259,0.5238095238095238,0.5975228475228476,0.5384615384615384,0.4615384615384615,0.5384615384615384,0.4615384615384615,0.5833333333333334,0.4166666666666666,0.5454545454545454,0.4545454545454546,0.5,0.5,0.5714285714285714,0.4285714285714286,0.3076920942305557,0.5384615384615384,0.9839614460010256,0.5384615384615384,0.456417808165917,MC dropout
T5,embedding_and_xyz,gaussian_full,xyz_4sigma,13.0,0.3076923076923077,0.0859375,1.2813644409179688,0.699481725692749,0.2926973104476928,0.4774179458618164,1.2353157997131348,1.1576368808746338,0.0776788741350174,0.9444444444444444,0.97979797979798,0.8888888888888888,0.9598765432098768,0.3076923076923077,0.6923076923076923,0.3076923076923077,0.6923076923076923,0.3333333333333333,0.6666666666666667,0.3636363636363636,0.6363636363636364,0.4,0.6,0.5714285714285714,0.4285714285714286,0.3730752153829077,0.3076923076923077,1.2658567518727373,0.3846153846153846,0.5225820403832656,MC dropout
U1,real,gaussian_full,xyz_4sigma,19.0,0.7894736842105263,0.6142131979695431,0.5336143374443054,0.2495847046375274,0.2000346121035123,0.7988198399543762,0.5440486073493958,0.5108830332756042,0.0331655777990818,0.9833333333333334,0.95,0.9833333333333334,0.95,0.7894736842105263,0.2105263157894736,0.7894736842105263,0.2105263157894736,0.8333333333333334,0.1666666666666666,0.9375,0.0625,1.0,0.0,1.0,0.0,0.0273022921079789,0.7894736842105263,0.9097077103274986,0.631578947368421,0.201180100440979,MC dropout
U1,embedding_only,gaussian_full,xyz_4sigma,19.0,0.5263157894736842,0.3346303501945524,1.866463303565979,0.8866758942604065,0.5348334139899203,0.7537170648574829,0.563422679901123,0.5294888615608215,0.0339337773621082,0.2222222222222222,0.3719010531188034,0.2777777777777777,0.3949375754200315,0.5263157894736842,0.4736842105263158,0.5263157894736842,0.4736842105263158,0.5,0.5,0.5,0.5,0.4285714285714285,0.5714285714285714,0.4,0.6,0.6559600114187045,0.5263157894736842,0.955131195451464,0.4736842105263157,0.2462829539650365,MC dropout
U1,xyz_only,gaussian_full,xyz_4sigma,19.0,0.631578947368421,0.1419354838709676,1.0386781692504885,0.558334231376648,0.3211838916728371,0.9022175669670104,0.2601397335529327,0.2456225156784057,0.0145172318443655,0.9166666666666666,0.7545918367346939,0.9166666666666666,0.7545918367346939,0.631578947368421,0.368421052631579,0.631578947368421,0.368421052631579,0.6111111111111112,0.3888888888888888,0.6875,0.3125,0.7857142857142857,0.2142857142857143,1.0,0.0,0.1029827610424807,0.631578947368421,0.2061920506332318,0.9473684210526316,0.0977824204846432,MC dropout
U1,embedding_and_xyz,gaussian_full,xyz_4sigma,19.0,0.5789473684210527,0.0,1.4828462600708008,0.6006279587745667,0.2793922440001839,0.8328171372413635,0.4368369877338409,0.4144108891487121,0.0224261917173862,0.943181818181818,0.9381313131313131,0.943181818181818,0.9206845238095238,0.5789473684210527,0.4210526315789473,0.5789473684210527,0.4210526315789473,0.6111111111111112,0.3888888888888888,0.6875,0.3125,0.7857142857142857,0.2142857142857143,0.9,0.0999999999999999,0.1294342566075497,0.5789473684210527,-0.0,1.0,0.1671828627586364,MC dropout
U2,real,gaussian_full,xyz_4sigma,19.0,0.7368421052631579,0.4602272727272727,0.5452335476875305,0.287041574716568,0.1946676765617571,0.7354431748390198,0.6763432025909424,0.6215159296989441,0.05482729524374,1.0,1.0,0.9428571428571428,0.81,0.7368421052631579,0.2631578947368421,0.7368421052631579,0.2631578947368421,0.7777777777777778,0.2222222222222222,0.875,0.125,1.0,0.0,1.0,0.0,0.0379967591838212,0.7368421052631579,0.9591824302739718,0.5789473684210527,0.2645568565318459,MC dropout
U2,embedding_only,gaussian_full,xyz_4sigma,19.0,0.3157894736842105,0.1115107913669064,1.745019793510437,1.0312738418579102,0.4866783603241569,0.7494006752967834,0.6144254207611084,0.5709596276283264,0.043465718626976,0.2692307692307692,0.5999938571919997,0.2179487179487179,0.6340459162440586,0.3157894736842105,0.6842105263157895,0.3157894736842105,0.6842105263157895,0.2777777777777778,0.7222222222222222,0.3125,0.6875,0.2857142857142857,0.7142857142857143,0.2,0.8,0.7966313390319419,0.3157894736842105,0.7659373365785205,0.6842105263157895,0.2505993058806972,MC dropout
U2,xyz_only,gaussian_full,xyz_4sigma,19.0,1.0,1.0,0.0813477784395217,0.0309663917869329,0.0702802319275705,0.9297197461128236,0.2191229611635208,0.2087753564119339,0.0103476038202643,,,,,1.0,0.0,1.0,0.0,1.0,0.0,1.0,0.0,1.0,0.0,1.0,0.0,0.0,1.0,0.4361623253853443,0.8421052631578947,0.0702803072176481,MC dropout
U2,embedding_and_xyz,gaussian_full,xyz_4sigma,19.0,0.8421052631578947,0.0,0.4146308004856109,0.2160366922616958,0.1507430107969986,0.828258752822876,0.4644214212894439,0.4439124166965484,0.0205090660601854,0.9791666666666666,0.9166666666666664,1.0,1.0,0.8421052631578947,0.1578947368421053,0.8421052631578947,0.1578947368421053,0.8888888888888888,0.1111111111111111,0.9375,0.0625,1.0,0.0,1.0,0.0,0.0163885267865225,0.8421052631578947,-0.0,1.0,0.1717412503142106,MC dropout
U3,real,gaussian_full,xyz_4sigma,19.0,0.4736842105263157,0.0865384615384614,0.7006099820137024,0.4938570857048034,0.3082391682424042,0.733893096446991,0.6357638239860535,0.5823810696601868,0.0533827431499958,0.9444444444444444,0.949722222222222,0.8888888888888888,0.9139285714285712,0.4736842105263157,0.5263157894736843,0.4736842105263157,0.5263157894736843,0.5,0.5,0.5625,0.4375,0.6428571428571429,0.3571428571428571,0.8,0.1999999999999999,0.1988554216862021,0.4736842105263157,0.9097077103274986,0.631578947368421,0.2661069004159224,MC dropout
U3,embedding_only,gaussian_full,xyz_4sigma,19.0,0.6842105263157895,0.5107296137339056,0.6806063055992126,0.4430360794067383,0.2527047144739251,0.7739143371582031,0.6364445686340332,0.5889913439750671,0.0474532023072242,0.4358974358974359,0.3224147992530345,0.6538461538461539,0.5498829873829874,0.6842105263157895,0.3157894736842105,0.6842105263157895,0.3157894736842105,0.6666666666666666,0.3333333333333333,0.625,0.375,0.7142857142857143,0.2857142857142857,0.7,0.3,0.3164798402944077,0.6842105263157895,0.8785250991271565,0.631578947368421,0.2260856628417968,MC dropout
U3,xyz_only,gaussian_full,xyz_4sigma,19.0,0.6842105263157895,0.40625,1.3849365711212158,0.6456465125083923,0.3588761530424419,0.913862645626068,0.2560697197914123,0.2398001551628112,0.016269527375698,0.3974358974358974,0.2877418877418877,0.4102564102564102,0.2944116069116069,0.6842105263157895,0.3157894736842105,0.6842105263157895,0.3157894736842105,0.6666666666666666,0.3333333333333333,0.625,0.375,0.5714285714285714,0.4285714285714286,0.6,0.4,0.2886798624944298,0.6842105263157895,0.4361623253853443,0.8421052631578947,0.0861374704461348,MC dropout
U3,embedding_and_xyz,gaussian_full,xyz_4sigma,19.0,0.5263157894736842,0.0,0.973493993282318,0.6501901745796204,0.3462305884612234,0.8540779948234558,0.4400271475315094,0.4135532081127167,0.0264739170670509,0.8666666666666666,0.8622895622895623,0.8888888888888888,0.8845068511735179,0.5263157894736842,0.4736842105263158,0.5263157894736842,0.4736842105263158,0.5555555555555556,0.4444444444444444,0.625,0.375,0.6428571428571429,0.3571428571428571,0.7,0.3,0.1957632937916464,0.5263157894736842,-0.0,1.0,0.1459220051765442,MC dropout
U4,real,gaussian_full,xyz_4sigma,16.0,0.0625,0.0551181102362204,7.019706726074219,1.5501759052276611,0.7090971432626247,0.771597146987915,0.584010124206543,0.5448243618011475,0.0391857773065567,1.0,1.0,1.0,1.0,0.0625,0.9375,0.0625,0.9375,0.0666666666666666,0.9333333333333332,0.0769230769230769,0.9230769230769232,0.0833333333333333,0.9166666666666666,0.125,0.875,0.7594075629231878,0.0625,0.9470571522825082,0.5625,0.2284028679132461,MC dropout
U4,embedding_only,gaussian_full,xyz_4sigma,16.0,0.0625,0.0588235294117647,4.701225757598877,1.5985865592956543,0.7089566849172115,0.7714566588401794,0.5238296985626221,0.4865856468677521,0.0372440814971923,0.0,0.8412847337847338,0.2,0.913506956006956,0.0625,0.9375,0.0625,0.9375,0.0,1.0,0.0,1.0,0.0,1.0,0.0,1.0,0.935546875,0.0625,0.7029189307735104,0.75,0.2285433262586593,MC dropout
U4,xyz_only,gaussian_full,xyz_4sigma,16.0,0.0625,0.0588235294117647,8.5957612991333,1.7854406833648682,0.8798658922314644,0.9423660039901732,0.2253306210041046,0.2140447497367859,0.0112858461216092,0.0666666666666666,0.8746180671180671,0.1333333333333333,0.8968402893402894,0.0625,0.9375,0.0625,0.9375,0.0666666666666666,0.9333333333333332,0.0,1.0,0.0,1.0,0.0,1.0,0.9313802083333332,0.0625,0.2337916587064593,0.9375,0.0576340220868587,MC dropout
U4,embedding_and_xyz,gaussian_full,xyz_4sigma,16.0,0.0,0.0,6.080159187316895,1.5915254354476929,0.7200666349381208,0.7200666069984436,0.6186384558677673,0.5749316215515137,0.043706864118576,,,,,0.0,1.0,0.0,1.0,0.0,1.0,0.0,1.0,0.0,1.0,0.0,1.0,0.9375,0.0,0.6615632381579821,0.625,0.2799333743751049,MC dropout
U5,real,gaussian_full,xyz_4sigma,16.0,1.0,1.0,0.2568404078483581,0.1170238628983497,0.1977102514356374,0.8022897243499756,0.5337910652160645,0.4931534826755523,0.0406374894082546,,,,,1.0,0.0,1.0,0.0,1.0,0.0,1.0,0.0,1.0,0.0,1.0,0.0,0.0,1.0,0.3767701612564367,0.875,0.1977102681994438,MC dropout
U5,embedding_only,gaussian_full,xyz_4sigma,16.0,0.25,0.1351351351351351,1.4663434028625488,1.0005064010620115,0.5179724059998989,0.7306705117225647,0.6327100992202759,0.5903811454772949,0.0423288941383361,0.3125,0.7054015429015428,0.3333333333333333,0.675487012987013,0.25,0.75,0.25,0.75,0.2666666666666666,0.7333333333333334,0.1538461538461538,0.8461538461538461,0.1666666666666666,0.8333333333333334,0.125,0.875,0.8021856615606616,0.25,0.8314025204956377,0.6875,0.2693294696509838,MC dropout
U5,xyz_only,gaussian_full,xyz_4sigma,16.0,1.0,1.0,0.0871802270412445,0.0248735770583152,0.0786107629537582,0.9213892221450806,0.2698836922645569,0.2524690628051758,0.0174146387726068,,,,,1.0,0.0,1.0,0.0,1.0,0.0,1.0,0.0,1.0,0.0,1.0,0.0,0.0,1.0,0.3767701612564367,0.875,0.0786107406020164,MC dropout
U5,embedding_and_xyz,gaussian_full,xyz_4sigma,16.0,0.875,0.0,0.4543062448501587,0.256302535533905,0.2436690926551818,0.6954362392425537,0.659023642539978,0.6160886287689209,0.0429350137710571,1.0,1.0,0.8214285714285714,0.4166666666666666,0.875,0.125,0.875,0.125,0.9333333333333332,0.0666666666666666,1.0,0.0,1.0,0.0,1.0,0.0,0.0080729166666666,0.875,-0.0,1.0,0.3045637682080269,MC dropout
U6,real,gaussian_full,xyz_4sigma,16.0,1.0,1.0,0.2361677139997482,0.0858552083373069,0.1960206087678671,0.8039793968200684,0.6167039275169373,0.5705278515815735,0.0461760759353637,,,,,1.0,0.0,1.0,0.0,1.0,0.0,1.0,0.0,1.0,0.0,1.0,0.0,0.0,1.0,0.6210863745552451,0.6875,0.1960206180810928,MC dropout
U6,embedding_only,gaussian_full,xyz_4sigma,16.0,0.5,0.2888888888888888,1.1219509840011597,0.6603894233703613,0.2000523097813129,0.6913095116615295,0.8071527481079102,0.7463505268096924,0.0608022511005401,0.703125,0.7616529304029305,0.8125,0.8333333333333333,0.5,0.5,0.5,0.5,0.5333333333333333,0.4666666666666667,0.5384615384615384,0.4615384615384615,0.5833333333333334,0.4166666666666666,0.625,0.375,0.3369156884781885,0.5,0.9743147528693494,0.5,0.3086904771625995,MC dropout
U6,xyz_only,gaussian_full,xyz_4sigma,16.0,0.875,0.6734693877551021,0.2500611245632171,0.1554272174835205,0.0557881407439708,0.8813313841819763,0.3487008810043335,0.3315016031265259,0.0171992853283882,0.9285714285714286,0.5833333333333333,0.9642857142857144,0.8333333333333333,0.875,0.125,0.875,0.125,0.8666666666666667,0.1333333333333333,1.0,0.0,1.0,0.0,1.0,0.0,0.016703869047619,0.875,0.482577565177012,0.8125,0.1186686307191848,MC dropout
U6,embedding_and_xyz,gaussian_full,xyz_4sigma,16.0,0.6875,0.0,0.734952449798584,0.3581690788269043,0.2055616937577724,0.8020128011703491,0.5601862668991089,0.5291011333465576,0.0310851410031318,0.9818181818181818,0.9666666666666668,0.8909090909090909,0.8083333333333333,0.6875,0.3125,0.6875,0.3125,0.7333333333333333,0.2666666666666667,0.8461538461538461,0.1538461538461538,0.9166666666666666,0.0833333333333333,1.0,0.0,0.0603306849400599,0.6875,-0.0,1.0,0.1979871839284896,MC dropout
V1,real,gaussian_full,xyz_4sigma,9.0,0.4444444444444444,-0.0975609756097561,1.1089272499084473,0.6515302062034607,0.3691570957501729,0.7213074564933777,0.6889773607254028,0.6449859142303467,0.0439914651215076,0.8,0.885,0.8,0.885,0.4444444444444444,0.5555555555555556,0.4444444444444444,0.5555555555555556,0.4444444444444444,0.5555555555555556,0.5,0.5,0.5714285714285714,0.4285714285714286,0.6,0.4,0.3358906525573192,0.4444444444444444,0.3488320958430319,0.8888888888888888,0.2786925964885288,MC dropout
V1,embedding_only,gaussian_full,xyz_4sigma,9.0,0.4444444444444444,0.0425531914893615,1.102191925048828,0.6446545124053955,0.2695894406901465,0.6943480968475342,0.7383177280426025,0.6918410062789917,0.0464766845107078,0.7000000000000001,0.8211111111111111,0.8,0.885,0.4444444444444444,0.5555555555555556,0.4444444444444444,0.5555555555555556,0.4444444444444444,0.5555555555555556,0.5,0.5,0.5714285714285714,0.4285714285714286,0.6,0.4,0.4099647266313933,0.4444444444444444,1.002718264517516,0.6666666666666666,0.305651949511634,MC dropout
V1,xyz_only,gaussian_full,xyz_4sigma,9.0,0.1111111111111111,-0.0140845070422535,2.736786127090454,1.2618120908737185,0.6870592402087318,0.7230620384216309,0.7310717105865479,0.6848339438438416,0.0462378002703189,0.25,0.8755456349206349,0.375,0.9067956349206348,0.1111111111111111,0.8888888888888888,0.1111111111111111,0.8888888888888888,0.1111111111111111,0.8888888888888888,0.125,0.875,0.1428571428571428,0.8571428571428572,0.0,1.0,0.8529541446208113,0.1111111111111111,1.0608569471580214,0.4444444444444444,0.2769379218419392,MC dropout
V1,embedding_and_xyz,gaussian_full,xyz_4sigma,9.0,0.1111111111111111,-0.090909090909091,2.566411018371582,1.2450462579727173,0.606840733024809,0.7179518938064575,0.7429895997047424,0.6978470683097839,0.0451425313949584,0.5,0.9317956349206348,0.625,0.9526289682539684,0.1111111111111111,0.8888888888888888,0.1111111111111111,0.8888888888888888,0.1111111111111111,0.8888888888888888,0.125,0.875,0.1428571428571428,0.8571428571428572,0.2,0.8,0.8122134038800706,0.1111111111111111,1.0608569471580214,0.4444444444444444,0.2820481459299723,MC dropout
V2,real,gaussian_full,xyz_4sigma,9.0,0.8888888888888888,0.7954545454545454,0.2865608930587768,0.138918399810791,0.2292369272973802,0.7814171314239502,0.5893452763557434,0.5500420331954956,0.0393033139407634,0.875,0.5,0.625,0.25,0.8888888888888888,0.1111111111111111,0.8888888888888888,0.1111111111111111,0.8888888888888888,0.1111111111111111,0.875,0.125,1.0,0.0,1.0,0.0,0.0200617283950617,0.8888888888888888,0.936888307539016,0.5555555555555556,0.2185829414261711,MC dropout
V2,embedding_only,gaussian_full,xyz_4sigma,9.0,0.8888888888888888,0.7954545454545454,0.3115355670452118,0.1474021971225738,0.251332680384318,0.7581875324249268,0.6545319557189941,0.6146921515464783,0.0398397855460643,0.75,0.3333333333333333,0.625,0.25,0.8888888888888888,0.1111111111111111,0.8888888888888888,0.1111111111111111,0.8888888888888888,0.1111111111111111,0.875,0.125,0.8571428571428571,0.1428571428571429,1.0,0.0,0.0359347442680776,0.8888888888888888,0.936888307539016,0.5555555555555556,0.24181244108412,MC dropout
V2,xyz_only,gaussian_full,xyz_4sigma,9.0,0.7777777777777778,0.5384615384615385,0.4036006331443786,0.197890505194664,0.2629558576477898,0.7120616436004639,0.7685117125511169,0.7186524868011475,0.0498591884970665,1.0,1.0,1.0,1.0,0.7777777777777778,0.2222222222222222,0.7777777777777778,0.2222222222222222,0.7777777777777778,0.2222222222222222,0.875,0.125,1.0,0.0,1.0,0.0,0.0262345679012345,0.7777777777777778,0.6365141682948128,0.6666666666666666,0.287938396135966,MC dropout
V2,embedding_and_xyz,gaussian_full,xyz_4sigma,9.0,0.7777777777777778,0.5384615384615385,0.4690589904785156,0.2513338327407837,0.2858427961667378,0.7130270600318909,0.7529731392860413,0.7016141414642334,0.051359012722969,1.0,1.0,0.9285714285714286,0.8333333333333333,0.7777777777777778,0.2222222222222222,0.7777777777777778,0.2222222222222222,0.7777777777777778,0.2222222222222222,0.875,0.125,1.0,0.0,1.0,0.0,0.0262345679012345,0.7777777777777778,0.6365141682948128,0.6666666666666666,0.2869729465908474,MC dropout
V3,real,gaussian_full,xyz_4sigma,13.0,0.8461538461538461,0.6976744186046511,0.4174162447452545,0.231966495513916,0.1122229741169856,0.7339308857917786,0.6588329672813416,0.5971701741218567,0.0616627857089042,0.9090909090909092,0.5833333333333333,0.6818181818181818,0.3095238095238095,0.8461538461538461,0.1538461538461538,0.8461538461538461,0.1538461538461538,0.8333333333333334,0.1666666666666666,0.9090909090909092,0.0909090909090909,1.0,0.0,1.0,0.0,0.0257306795768334,0.8461538461538461,0.6901856760188042,0.5384615384615384,0.2660691233781668,MC dropout
V3,embedding_only,gaussian_full,xyz_4sigma,13.0,0.8461538461538461,0.6976744186046511,0.4398324191570282,0.2542622685432434,0.1531307582671826,0.7503169178962708,0.673561692237854,0.6155376434326172,0.0580240860581398,0.7272727272727273,0.3333333333333333,0.5454545454545454,0.2361111111111111,0.8461538461538461,0.1538461538461538,0.8461538461538461,0.1538461538461538,0.8333333333333334,0.1666666666666666,0.8181818181818182,0.1818181818181817,0.9,0.0999999999999999,1.0,0.0,0.0585783874245412,0.8461538461538461,0.6901856760188042,0.5384615384615384,0.2496831233684833,MC dropout
V3,xyz_only,gaussian_full,xyz_4sigma,13.0,0.4615384615384615,0.2479338842975206,1.224930763244629,0.7958084940910339,0.3378812533158523,0.7091990113258362,0.8035815358161926,0.7391992807388306,0.0643824487924575,0.2142857142857142,0.4525724275724275,0.119047619047619,0.4001914751914751,0.4615384615384615,0.5384615384615384,0.4615384615384615,0.5384615384615384,0.4166666666666667,0.5833333333333333,0.4545454545454545,0.5454545454545454,0.4,0.6,0.2857142857142857,0.7142857142857143,0.7028695663311049,0.4615384615384615,0.6901856760188042,0.5384615384615384,0.2908009657493004,MC dropout
V3,embedding_and_xyz,gaussian_full,xyz_4sigma,13.0,0.5384615384615384,0.2641509433962263,0.913298487663269,0.5764554738998413,0.2294929027557373,0.6047850251197815,0.9266844391822816,0.847467303276062,0.0792170614004135,0.5238095238095237,0.5221611721611721,0.5952380952380953,0.6306267806267807,0.5384615384615384,0.4615384615384615,0.5384615384615384,0.4615384615384615,0.5,0.5,0.5454545454545454,0.4545454545454546,0.5,0.5,0.5714285714285714,0.4285714285714286,0.4230767096151712,0.5384615384615384,1.0579054247036734,0.4615384615384615,0.3952149840501638,MC dropout
A1,real,gaussian_full,xyz_4sigma,26.0,0.8846153846153846,0.7111111111111112,0.1738204658031463,0.1167041808366775,0.0529183149337768,0.9071582555770874,0.2125346064567566,0.2116729170083999,0.0008617115090601,0.9855072463768116,0.9166666666666664,0.9130434782608696,0.5,0.8846153846153846,0.1153846153846154,0.92,0.0799999999999999,0.9583333333333334,0.0416666666666666,1.0,0.0,1.0,0.0,1.0,0.0,0.0085706628934053,0.8846153846153846,0.7968838393163717,0.7307692307692307,0.0928417123281038,Deep ensemble
A1,embedding_only,gaussian_full,xyz_4sigma,26.0,0.9230769230769232,0.8066914498141264,0.2220081537961959,0.1353420615196228,0.1108087713901813,0.9061905145645142,0.2428745627403259,0.2411622405052185,0.0017123265424743,0.875,0.3928571428571428,0.8541666666666667,0.2916666666666666,0.9230769230769232,0.0769230769230768,0.92,0.0799999999999999,0.9583333333333334,0.0416666666666666,0.9523809523809524,0.0476190476190476,1.0,0.0,1.0,0.0,0.0133338484258216,0.9230769230769232,0.7435648254271452,0.7307692307692307,0.0938095267002399,Deep ensemble
A1,xyz_only,gaussian_full,xyz_4sigma,26.0,0.8076923076923077,0.4396551724137931,0.4132362902164459,0.2394914329051971,0.1398561711494739,0.9070761203765868,0.2382894456386566,0.2355629354715347,0.0027265271637588,0.9714285714285714,0.8766666666666667,1.0,1.0,0.8076923076923077,0.1923076923076923,0.84,0.16,0.875,0.125,0.9523809523809524,0.0476190476190476,1.0,0.0,1.0,0.0,0.0250044910496415,0.8076923076923077,0.4293230219306162,0.8461538461538461,0.0929239208881671,Deep ensemble
A1,embedding_and_xyz,gaussian_full,xyz_4sigma,26.0,0.7692307692307693,0.267605633802817,0.469972163438797,0.2746360003948211,0.1543984550696153,0.9101390838623048,0.2365387380123138,0.2329797595739364,0.0035589651670306,1.0,1.0,1.0,1.0,0.7692307692307693,0.2307692307692307,0.8,0.1999999999999999,0.8333333333333334,0.1666666666666666,0.9523809523809524,0.0476190476190476,1.0,0.0,1.0,0.0,0.0288851616610813,0.7692307692307693,0.3576271598532216,0.8846153846153846,0.0898608909203456,Deep ensemble
A10,real,gaussian_full,xyz_4sigma,19.0,0.631578947368421,0.4526748971193416,0.6268830895423889,0.4163634181022644,0.2869980743056849,0.7909401655197144,0.5176512598991394,0.5103947520256042,0.0072565264999866,0.8571428571428571,0.7806122448979591,0.8095238095238095,0.6401360544217687,0.631578947368421,0.368421052631579,0.631578947368421,0.368421052631579,0.6666666666666666,0.3333333333333333,0.6875,0.3125,0.7142857142857143,0.2857142857142857,0.9,0.0999999999999999,0.1316315030813157,0.631578947368421,1.2381696412229657,0.3684210526315789,0.2090598282061125,Deep ensemble
A10,embedding_only,gaussian_full,xyz_4sigma,19.0,0.631578947368421,0.4088888888888888,0.6277955770492554,0.4133080542087555,0.2016568779945373,0.7606320977210999,0.5622698068618774,0.5546402931213379,0.0076295076869428,0.761904761904762,0.5523036487322202,0.6666666666666666,0.5914242620124973,0.631578947368421,0.368421052631579,0.631578947368421,0.368421052631579,0.6111111111111112,0.3888888888888888,0.625,0.375,0.7142857142857143,0.2857142857142857,0.8,0.1999999999999999,0.1594491231976974,0.631578947368421,1.1355506971603728,0.5263157894736842,0.2393678928676404,Deep ensemble
A10,xyz_only,gaussian_full,xyz_4sigma,19.0,0.3684210526315789,0.2549019607843137,2.310781717300415,1.12956702709198,0.6260356714850978,0.8758530616760254,0.3850056231021881,0.3773734271526336,0.0076322383247315,0.1666666666666666,0.5014868835012023,0.3095238095238095,0.5911849169492358,0.3684210526315789,0.631578947368421,0.3684210526315789,0.631578947368421,0.3333333333333333,0.6666666666666667,0.3125,0.6875,0.2857142857142857,0.7142857142857143,0.1,0.9,0.8078562537439024,0.3684210526315789,0.8092054732283176,0.631578947368421,0.1241469383239746,Deep ensemble
A10,embedding_and_xyz,gaussian_full,xyz_4sigma,19.0,0.3157894736842105,0.1711409395973154,2.103235244750977,1.1510590314865112,0.5790500170306155,0.8150143623352051,0.5097558498382568,0.4970258474349975,0.0127300657331943,0.2820512820512821,0.660644744765964,0.4871794871794871,0.7480402552383976,0.3157894736842105,0.6842105263157895,0.3157894736842105,0.6842105263157895,0.3333333333333333,0.6666666666666667,0.3125,0.6875,0.2857142857142857,0.7142857142857143,0.2,0.8,0.7981301841840378,0.3157894736842105,0.6581099875431143,0.631578947368421,0.1849856000197561,Deep ensemble
A11,real,gaussian_full,xyz_4sigma,17.0,0.9411764705882352,0.8843537414965986,0.2303973734378814,0.1208823546767234,0.0699977383894079,0.8711787462234497,0.3040469884872436,0.3021993637084961,0.0018476699478924,1.0,1.0,0.6875,0.1666666666666666,0.9411764705882352,0.0588235294117647,0.9411764705882352,0.0588235294117647,1.0,0.0,1.0,0.0,1.0,0.0,1.0,0.0,0.0017301038062283,0.9411764705882352,0.8463658296262874,0.5882352941176471,0.1288213063688839,Deep ensemble
A11,embedding_only,gaussian_full,xyz_4sigma,17.0,0.8235294117647058,0.6751592356687898,0.3328975737094879,0.1970599889755249,0.0835026537670808,0.8577138185501099,0.3279618322849273,0.3242215812206268,0.0037402783054858,1.0,1.0,0.8333333333333333,0.4666666666666667,0.8235294117647058,0.1764705882352941,0.8235294117647058,0.1764705882352941,0.875,0.125,1.0,0.0,1.0,0.0,1.0,0.0,0.0164648212226066,0.8235294117647058,0.9560443809671456,0.5294117647058824,0.1422861569068011,Deep ensemble
A11,xyz_only,gaussian_full,xyz_4sigma,17.0,0.5882352941176471,0.0,1.2454516887664795,0.6554763317108154,0.3394647976931403,0.9277001023292542,0.2402910888195037,0.2346575856208801,0.0056335027329623,1.0,1.0,1.0,1.0,0.5882352941176471,0.4117647058823529,0.5882352941176471,0.4117647058823529,0.625,0.375,0.7142857142857143,0.2857142857142857,0.8333333333333334,0.1666666666666666,1.0,0.0,0.0993102917843402,0.5882352941176471,-0.0,1.0,0.0722999187076793,Deep ensemble
A11,embedding_and_xyz,gaussian_full,xyz_4sigma,17.0,0.5882352941176471,0.0,1.1880788803100586,0.6281698346138,0.3132451983059154,0.9014804363250732,0.2822876572608948,0.2763087749481201,0.0059788860380649,1.0,1.0,1.0,1.0,0.5882352941176471,0.4117647058823529,0.5882352941176471,0.4117647058823529,0.625,0.375,0.7142857142857143,0.2857142857142857,0.8333333333333334,0.1666666666666666,1.0,0.0,0.0993102917843402,0.5882352941176471,-0.0,1.0,0.0985195461441488,Deep ensemble
A2,real,gaussian_full,xyz_4sigma,16.0,0.9375,0.8896551724137931,0.2255955040454864,0.1266260743141174,0.1677503362298011,0.8530034422874451,0.376111626625061,0.3720962405204773,0.0040153753943741,0.6666666666666667,0.1666666666666666,0.8,0.25,0.9375,0.0625,0.9375,0.0625,0.9333333333333332,0.0666666666666666,0.9230769230769232,0.0769230769230768,0.9166666666666666,0.0833333333333333,1.0,0.0,0.0262819212037962,0.9375,0.9214934308679616,0.625,0.1469965800642967,Deep ensemble
A2,embedding_only,gaussian_full,xyz_4sigma,16.0,0.9375,0.8896551724137931,0.1683020591735839,0.082777515053749,0.1339996755123138,0.8720884323120117,0.3411349356174469,0.3379919230937958,0.0031430013477802,0.9333333333333332,0.5,0.8666666666666667,0.3333333333333333,0.9375,0.0625,0.9375,0.0625,0.9333333333333332,0.0666666666666666,1.0,0.0,1.0,0.0,1.0,0.0,0.0061197916666666,0.9375,0.9214934308679616,0.625,0.127911526709795,Deep ensemble
A2,xyz_only,gaussian_full,xyz_4sigma,16.0,0.75,0.5076923076923077,0.6565114259719849,0.3980734646320343,0.2659423779696226,0.8448261022567749,0.3704806268215179,0.3658258020877838,0.0046548135578632,0.8125,0.6178571428571429,0.8958333333333333,0.7928571428571428,0.75,0.25,0.75,0.25,0.8,0.1999999999999999,0.7692307692307693,0.2307692307692307,0.75,0.25,1.0,0.0,0.0813670704295704,0.75,0.482577565177012,0.8125,0.1551738604903221,Deep ensemble
A2,embedding_and_xyz,gaussian_full,xyz_4sigma,16.0,0.75,0.5294117647058824,0.5438295602798462,0.3365631103515625,0.1269298940896988,0.8419092893600464,0.3824851512908935,0.3773334324359894,0.0051517346873879,0.8958333333333334,0.7470238095238095,0.9375,0.8928571428571428,0.75,0.25,0.75,0.25,0.8,0.1999999999999999,0.8461538461538461,0.1538461538461538,0.9166666666666666,0.0833333333333333,1.0,0.0,0.0604608932733932,0.75,0.5623351446188083,0.75,0.1580906882882118,Deep ensemble
A3,real,gaussian_full,xyz_4sigma,14.0,0.7142857142857143,0.4814814814814814,0.4258711636066437,0.2584933340549469,0.2241947118725095,0.8142125010490417,0.4925463795661926,0.4885280728340149,0.0040182550437748,0.975,0.95,0.95,0.8875,0.7142857142857143,0.2857142857142857,0.7142857142857143,0.2857142857142857,0.7692307692307693,0.2307692307692307,0.8333333333333334,0.1666666666666666,0.9,0.0999999999999999,1.0,0.0,0.052228723657295,0.7142857142857143,0.6829081047004717,0.5714285714285714,0.1857874776635851,Deep ensemble
A3,embedding_only,gaussian_full,xyz_4sigma,14.0,0.7857142857142857,0.5961538461538461,0.5734750032424927,0.3300624787807464,0.1688551583460399,0.7934287786483765,0.568446159362793,0.5613543391227722,0.0070918253622949,0.8484848484848484,0.5333333333333333,0.7575757575757576,0.4428571428571428,0.7857142857142857,0.2142857142857143,0.7857142857142857,0.2142857142857143,0.7692307692307693,0.2307692307692307,0.8333333333333334,0.1666666666666666,0.9,0.0999999999999999,1.0,0.0,0.0561712097426383,0.7857142857142857,0.6517565611726531,0.6428571428571429,0.2065712000642504,Deep ensemble
A3,xyz_only,gaussian_full,xyz_4sigma,14.0,0.6428571428571429,0.4776119402985074,0.9177981615066528,0.480073481798172,0.3265851863792964,0.8241074681282043,0.4662992656230926,0.4557693600654602,0.0105298459529876,0.6666666666666666,0.6638888888888889,0.7111111111111111,0.6888888888888889,0.6428571428571429,0.3571428571428571,0.6428571428571429,0.3571428571428571,0.6923076923076923,0.3076923076923077,0.75,0.25,0.7,0.3,0.5714285714285714,0.4285714285714286,0.2128020788735074,0.6428571428571429,0.9799711820833056,0.5714285714285714,0.1758926127638135,Deep ensemble
A3,embedding_and_xyz,gaussian_full,xyz_4sigma,14.0,0.6428571428571429,0.4776119402985074,0.9645413160324096,0.4995899200439453,0.342891548361097,0.8120860457420349,0.4936182796955108,0.4812918603420257,0.0123264174908399,0.6444444444444444,0.5079365079365079,0.6444444444444445,0.5972222222222221,0.6428571428571429,0.3571428571428571,0.6428571428571429,0.3571428571428571,0.6153846153846154,0.3846153846153846,0.6666666666666666,0.3333333333333333,0.7,0.3,0.7142857142857143,0.2857142857142857,0.2140448836877408,0.6428571428571429,0.9799711820833056,0.5714285714285714,0.1879140606948307,Deep ensemble
A4,real,gaussian_full,xyz_4sigma,21.0,0.8571428571428571,0.7319148936170212,0.3204123973846435,0.2013605684041977,0.1325334395681108,0.8983477354049683,0.2753176093101501,0.2732565402984619,0.0020610536448657,0.8518518518518519,0.4206349206349206,0.8703703703703705,0.6666666666666666,0.8571428571428571,0.1428571428571429,0.85,0.15,0.8421052631578947,0.1578947368421053,0.9411764705882352,0.0588235294117647,0.9333333333333332,0.0666666666666666,1.0,0.0,0.0323059340695342,0.8571428571428571,0.9019513816860838,0.6666666666666666,0.1016522106670198,Deep ensemble
A4,embedding_only,gaussian_full,xyz_4sigma,21.0,0.8095238095238095,0.6394849785407726,0.3563906848430633,0.2299167364835739,0.1370971429915655,0.8911044597625732,0.3381038010120392,0.3342873156070709,0.0038164374418556,0.9411764705882352,0.8166666666666667,1.0,1.0,0.8095238095238095,0.1904761904761904,0.85,0.15,0.8947368421052632,0.1052631578947368,0.8823529411764706,0.1176470588235294,1.0,0.0,1.0,0.0,0.0305599725270225,0.8095238095238095,0.8359373644898986,0.6666666666666666,0.1088955402374267,Deep ensemble
A4,xyz_only,gaussian_full,xyz_4sigma,21.0,0.7619047619047619,0.5138888888888888,0.5574822425842285,0.3344984650611877,0.1477306229727608,0.8827840089797974,0.3081834614276886,0.3041042685508728,0.004079237114638,0.8625,0.5726190476190476,0.85,0.5392857142857143,0.7619047619047619,0.2380952380952381,0.75,0.25,0.7894736842105263,0.2105263157894736,0.8235294117647058,0.1764705882352941,0.8666666666666667,0.1333333333333333,1.0,0.0,0.0626177664048075,0.7619047619047619,0.7091152575824364,0.7619047619047619,0.1172159370921906,Deep ensemble
A4,embedding_and_xyz,gaussian_full,xyz_4sigma,21.0,0.8095238095238095,0.6129032258064516,0.6029017567634583,0.3223448097705841,0.1992137659163702,0.8846846222877502,0.2968875765800476,0.2915912866592407,0.0052962694317102,0.8235294117647058,0.4571428571428572,0.838235294117647,0.4821428571428571,0.8095238095238095,0.1904761904761904,0.8,0.1999999999999999,0.8421052631578947,0.1578947368421053,0.8235294117647058,0.1764705882352941,0.8666666666666667,0.1333333333333333,1.0,0.0,0.0536205710354317,0.8095238095238095,0.6680178186607535,0.7619047619047619,0.115315420286996,Deep ensemble
A5,real,gaussian_full,xyz_4sigma,16.0,0.625,0.3424657534246575,1.0057429075241089,0.5622724294662476,0.3086234666407108,0.8735780715942383,0.3180397748947143,0.3148396611213684,0.0032000774517655,0.8666666666666666,0.7996031746031746,0.8333333333333333,0.7688492063492063,0.625,0.375,0.625,0.375,0.6666666666666666,0.3333333333333333,0.6923076923076923,0.3076923076923077,0.75,0.25,0.875,0.125,0.1295673944111444,0.625,0.6615632381579821,0.625,0.1264219544827938,Deep ensemble
A5,embedding_only,gaussian_full,xyz_4sigma,16.0,0.5625,0.2866242038216561,0.9904818534851074,0.5980109572410583,0.3672165647149086,0.8776289820671082,0.3241517245769501,0.3212590515613556,0.0028926562517881,0.9206349206349206,0.8736394557823131,0.8412698412698413,0.8123376623376624,0.5625,0.4375,0.5625,0.4375,0.6,0.4,0.6153846153846154,0.3846153846153846,0.6666666666666666,0.3333333333333333,1.0,0.0,0.1423549974331224,0.5625,0.8647400965276372,0.5625,0.1223710104823112,Deep ensemble
A5,xyz_only,gaussian_full,xyz_4sigma,16.0,0.6875,0.0,1.0927095413208008,0.4771510660648346,0.2243426442146301,0.8987607955932617,0.2835954427719116,0.2784450948238373,0.0051503148861229,1.0,1.0,0.9818181818181818,0.9666666666666668,0.6875,0.3125,0.6875,0.3125,0.7333333333333333,0.2666666666666667,0.8461538461538461,0.1538461538461538,0.9166666666666666,0.0833333333333333,1.0,0.0,0.0546488667582417,0.6875,-0.0,1.0,0.1012392006814479,Deep ensemble
A5,embedding_and_xyz,gaussian_full,xyz_4sigma,16.0,0.6875,0.0,1.058506965637207,0.4809595346450805,0.2405471988022327,0.9066706895828248,0.2895611524581909,0.2849423587322235,0.004618801176548,1.0,1.0,1.0,1.0,0.6875,0.3125,0.6875,0.3125,0.7333333333333333,0.2666666666666667,0.8461538461538461,0.1538461538461538,0.9166666666666666,0.0833333333333333,1.0,0.0,0.0546488667582417,0.6875,-0.0,1.0,0.093329332768917,Deep ensemble
A6,real,gaussian_full,xyz_4sigma,16.0,0.9375,0.8918918918918919,0.2434442341327667,0.1415668278932571,0.0911163780838251,0.858091413974762,0.3554955124855041,0.3523556888103485,0.0031398094724863,0.9333333333333332,0.5,0.6,0.1428571428571428,0.9375,0.0625,0.9375,0.0625,0.9333333333333332,0.0666666666666666,1.0,0.0,1.0,0.0,1.0,0.0,0.0061197916666666,0.9375,1.0337005498525014,0.5625,0.1419085934758186,Deep ensemble
A6,embedding_only,gaussian_full,xyz_4sigma,16.0,0.9375,0.8926174496644296,0.2184930890798568,0.1163977980613708,0.1638926416635513,0.8358884453773499,0.387347936630249,0.3824634552001953,0.0048844777047634,1.0,1.0,1.0,1.0,0.9375,0.0625,0.9375,0.0625,1.0,0.0,1.0,0.0,1.0,0.0,1.0,0.0,0.001953125,0.9375,0.9840865030829146,0.5625,0.1641115620732307,Deep ensemble
A6,xyz_only,gaussian_full,xyz_4sigma,16.0,0.5625,0.0,0.9425836801528932,0.5873017311096191,0.3263242915272712,0.8888242840766907,0.3276442289352417,0.3239178657531738,0.0037263506092131,1.0,1.0,1.0,1.0,0.5625,0.4375,0.5625,0.4375,0.6,0.4,0.6923076923076923,0.3076923076923077,0.75,0.25,1.0,0.0,0.1134627091658341,0.5625,-0.0,1.0,0.1111756823956966,Deep ensemble
A6,embedding_and_xyz,gaussian_full,xyz_4sigma,16.0,0.5625,0.0,1.1132473945617676,0.636961817741394,0.3493140414357185,0.9118140935897828,0.2716968655586242,0.2688184380531311,0.002878441940993,1.0,1.0,1.0,1.0,0.5625,0.4375,0.5625,0.4375,0.6,0.4,0.6923076923076923,0.3076923076923077,0.75,0.25,1.0,0.0,0.1134627091658341,0.5625,-0.0,1.0,0.0881859436631202,Deep ensemble
A7,real,gaussian_full,xyz_4sigma,17.0,0.8823529411764706,0.7671232876712328,0.4954754412174225,0.2568512260913849,0.2325879230218775,0.8244999647140503,0.5035022497177124,0.4923878908157348,0.0111144082620739,0.7000000000000001,0.2428571428571428,0.5,0.1666666666666666,0.8823529411764706,0.1176470588235294,0.8823529411764706,0.1176470588235294,0.875,0.125,0.8571428571428571,0.1428571428571429,0.9166666666666666,0.0833333333333333,1.0,0.0,0.0463589755112246,0.8823529411764706,0.6914160776171183,0.5294117647058824,0.1755000422982608,Deep ensemble
A7,embedding_only,gaussian_full,xyz_4sigma,17.0,0.4705882352941176,0.3045454545454545,0.8187236785888672,0.4955421388149261,0.3226987702005049,0.7265575528144836,0.6162038445472717,0.5970262289047241,0.0191776435822248,0.9722222222222222,0.97979797979798,0.8333333333333334,0.8233605900272567,0.4705882352941176,0.5294117647058824,0.4705882352941176,0.5294117647058824,0.5,0.5,0.5714285714285714,0.4285714285714286,0.6666666666666666,0.3333333333333333,0.8888888888888888,0.1111111111111111,0.1899757777785459,0.4705882352941176,1.1491523765330234,0.4117647058823529,0.2734424471855163,Deep ensemble
A7,xyz_only,gaussian_full,xyz_4sigma,17.0,0.7647058823529411,0.5696202531645569,0.3363321423530578,0.2156941145658493,0.2035575158455792,0.8459669351577759,0.389329582452774,0.381681889295578,0.0076476810500025,1.0,1.0,0.9615384615384616,0.9166666666666666,0.7647058823529411,0.2352941176470588,0.7647058823529411,0.2352941176470588,0.8125,0.1875,0.9285714285714286,0.0714285714285714,1.0,0.0,1.0,0.0,0.0299946449167902,0.7647058823529411,0.8938885362449964,0.6470588235294118,0.1540330718545352,Deep ensemble
A7,embedding_and_xyz,gaussian_full,xyz_4sigma,17.0,0.8235294117647058,0.6832298136645962,0.3745493292808532,0.2313176393508911,0.1283988496836494,0.864331066608429,0.385970264673233,0.3788424134254455,0.0071278545074164,0.7857142857142856,0.4027777777777778,0.9523809523809524,0.8055555555555556,0.8235294117647058,0.1764705882352941,0.8235294117647058,0.1764705882352941,0.8125,0.1875,0.8571428571428571,0.1428571428571429,0.9166666666666666,0.0833333333333333,1.0,0.0,0.0570445845964877,0.8235294117647058,0.958691859325372,0.5882352941176471,0.1356689053423264,Deep ensemble
A8,real,gaussian_full,xyz_4sigma,13.0,0.8461538461538461,0.717391304347826,0.2978484034538269,0.1963410377502441,0.1804437958277188,0.8769773244857788,0.3268829584121704,0.3251041173934936,0.0017788714030757,0.9545454545454544,0.8333333333333333,0.7727272727272727,0.6428571428571428,0.8461538461538461,0.1538461538461538,0.8461538461538461,0.1538461538461538,0.9166666666666666,0.0833333333333333,0.9090909090909092,0.0909090909090909,1.0,0.0,1.0,0.0,0.019320423166577,0.8461538461538461,0.8981370031878679,0.5384615384615384,0.1230225838147676,Deep ensemble
A8,embedding_only,gaussian_full,xyz_4sigma,13.0,0.9230769230769232,0.8470588235294118,0.2774120271205902,0.1623168736696243,0.133565774330726,0.8606850504875183,0.4039925038814544,0.401137501001358,0.0028551055584102,0.75,0.25,0.5,0.1428571428571428,0.9230769230769232,0.0769230769230768,0.9230769230769232,0.0769230769230768,0.9166666666666666,0.0833333333333333,0.9090909090909092,0.0909090909090909,0.9,0.0999999999999999,1.0,0.0,0.0240541509772279,0.9230769230769232,0.6901856760188042,0.5384615384615384,0.1393149816072904,Deep ensemble
A8,xyz_only,gaussian_full,xyz_4sigma,13.0,0.8461538461538461,0.6976744186046511,0.4208296537399292,0.2410868108272552,0.1894086874448336,0.8156129121780396,0.5453351140022278,0.5242205262184143,0.0211144909262657,0.8181818181818182,0.45,0.1818181818181818,0.1388888888888889,0.8461538461538461,0.1538461538461538,0.8461538461538461,0.1538461538461538,0.8333333333333334,0.1666666666666666,0.9090909090909092,0.0909090909090909,0.9,0.0999999999999999,1.0,0.0,0.0419699958161496,0.8461538461538461,0.666278442414676,0.6153846153846154,0.1843870832369877,Deep ensemble
A8,embedding_and_xyz,gaussian_full,xyz_4sigma,13.0,0.8461538461538461,0.6976744186046511,0.4129802584648132,0.2446412444114685,0.1764403123121995,0.8159096240997314,0.5345289707183838,0.5193868279457092,0.0151422386988997,0.6363636363636364,0.2916666666666666,0.1363636363636363,0.1324786324786324,0.8461538461538461,0.1538461538461538,0.8461538461538461,0.1538461538461538,0.8333333333333334,0.1666666666666666,0.8181818181818182,0.1818181818181817,0.9,0.0999999999999999,0.8571428571428571,0.1428571428571429,0.082387911234065,0.8461538461538461,0.666278442414676,0.6153846153846154,0.1840904171650226,Deep ensemble
A9,real,gaussian_full,xyz_4sigma,19.0,0.7894736842105263,0.6161616161616161,0.7539900541305542,0.3843697607517242,0.1821698609151337,0.9088178873062134,0.2770745158195495,0.2742281258106231,0.002846349729225,0.4833333333333333,0.2590811965811965,0.6166666666666667,0.4681818181818181,0.7894736842105263,0.2105263157894736,0.7894736842105263,0.2105263157894736,0.7777777777777778,0.2222222222222222,0.8125,0.1875,0.7857142857142857,0.2142857142857143,0.8,0.1999999999999999,0.1838244679026005,0.7894736842105263,0.7659373365785205,0.6842105263157895,0.0911821252421328,Deep ensemble
A9,embedding_only,gaussian_full,xyz_4sigma,19.0,0.6842105263157895,0.4,0.8828208446502686,0.4503715336322784,0.270957212699087,0.8832226991653442,0.311942845582962,0.3058642148971557,0.006078606005758,0.6923076923076923,0.5296296296296297,0.7435897435897436,0.5444444444444444,0.6842105263157895,0.3157894736842105,0.6842105263157895,0.3157894736842105,0.6666666666666666,0.3333333333333333,0.75,0.25,0.7857142857142857,0.2142857142857143,0.8,0.1999999999999999,0.1781512614085532,0.6842105263157895,0.5763341277567499,0.7368421052631579,0.1167772412300109,Deep ensemble
A9,xyz_only,gaussian_full,xyz_4sigma,19.0,0.6842105263157895,0.4000000000000001,1.0959882736206057,0.5490791201591492,0.3333736062049866,0.8086873888969421,0.4810973107814789,0.4733252227306366,0.0077721239067614,0.4358974358974358,0.4340458152958153,0.4743589743589743,0.4338235294117647,0.6842105263157895,0.3157894736842105,0.6842105263157895,0.3157894736842105,0.7222222222222222,0.2777777777777778,0.6875,0.3125,0.7142857142857143,0.2857142857142857,0.6,0.4,0.3445973153546071,0.6842105263157895,0.5146531654289292,0.7894736842105263,0.1913126205143175,Deep ensemble
A9,embedding_and_xyz,gaussian_full,xyz_4sigma,19.0,0.631578947368421,0.3000000000000001,1.2769066095352173,0.619809091091156,0.3725305607444361,0.8318049311637878,0.4337610006332397,0.4251033365726471,0.0086575848981738,0.5357142857142857,0.4559323729491796,0.5119047619047619,0.416298185941043,0.631578947368421,0.368421052631579,0.631578947368421,0.368421052631579,0.6111111111111112,0.3888888888888888,0.625,0.375,0.6428571428571429,0.3571428571428571,0.7,0.3,0.3259039188320596,0.631578947368421,0.5146531654289292,0.7894736842105263,0.168195084521645,Deep ensemble
C1,real,gaussian_full,xyz_4sigma,44.0,0.2727272727272727,0.180442374854482,1.7611362934112549,0.9782867431640624,0.4530545385046439,0.7157037258148193,0.7149350047111511,0.6834837198257446,0.031451229006052,0.7317708333333333,0.8516872034395402,0.5963541666666666,0.8015158853380173,0.2727272727272727,0.7272727272727273,0.2857142857142857,0.7142857142857143,0.3,0.7,0.2777777777777778,0.7222222222222222,0.3225806451612903,0.6774193548387097,0.3636363636363636,0.6363636363636364,0.5050025028708467,0.2727272727272727,1.285129066922189,0.5,0.2842963392084295,Deep ensemble
C1,embedding_only,gaussian_full,xyz_4sigma,44.0,0.2727272727272727,0.1861271676300578,1.80707585811615,0.9293606281280518,0.4226579307155175,0.695385217666626,0.7396878600120544,0.7093198895454407,0.0303680021315813,0.734375,0.8767044764656806,0.5703125,0.7925972265831702,0.2727272727272727,0.7272727272727273,0.2857142857142857,0.7142857142857143,0.3,0.7,0.3055555555555556,0.6944444444444444,0.3548387096774194,0.6451612903225806,0.3636363636363636,0.6363636363636364,0.5210396845080736,0.2727272727272727,1.2986816445116205,0.4545454545454545,0.3046147863973271,Deep ensemble
C1,xyz_only,gaussian_full,xyz_4sigma,44.0,0.1363636363636363,0.1039657020364417,2.6683783531188965,1.3074408769607544,0.6287533979524266,0.7651170492172241,0.6194002628326416,0.5907849669456482,0.0286152493208646,0.6447368421052632,0.9387783696177994,0.3859649122807018,0.8743139571382823,0.1363636363636363,0.8636363636363636,0.1428571428571428,0.8571428571428572,0.15,0.85,0.1666666666666666,0.8333333333333334,0.1935483870967742,0.8064516129032258,0.2272727272727272,0.7727272727272727,0.835935231518603,0.1363636363636363,0.9456823349095762,0.6590909090909091,0.2348829711025411,Deep ensemble
C1,embedding_and_xyz,gaussian_full,xyz_4sigma,44.0,0.1590909090909091,0.1275455519828511,2.6668806076049805,1.2762796878814695,0.6034447923302649,0.7352575063705444,0.6772687435150146,0.6447555422782898,0.0325131751596927,0.5057915057915058,0.8375512742396094,0.3281853281853282,0.8320114588126502,0.1590909090909091,0.8409090909090909,0.1428571428571428,0.8571428571428572,0.15,0.85,0.1666666666666666,0.8333333333333334,0.1612903225806451,0.8387096774193549,0.1363636363636363,0.8636363636363636,0.8404814133398553,0.1590909090909091,1.0130359354455345,0.6363636363636364,0.2647425004027106,Deep ensemble
C1P,real,gaussian_full,xyz_4sigma,44.0,0.7954545454545454,0.695852534562212,0.4520841538906097,0.269890695810318,0.0952210033481771,0.8213892579078674,0.4887966811656952,0.4811911284923553,0.0076055615209043,0.7047619047619047,0.374062049062049,0.7333333333333333,0.5011034165456953,0.7954545454545454,0.2045454545454545,0.7857142857142857,0.2142857142857143,0.825,0.175,0.8611111111111112,0.1388888888888888,0.8709677419354839,0.1290322580645161,0.8636363636363636,0.1363636363636363,0.1007167311716954,0.7954545454545454,1.293490341304894,0.4545454545454545,0.1786107569932937,Deep ensemble
C1P,embedding_only,gaussian_full,xyz_4sigma,44.0,0.7727272727272727,0.6599690880989181,0.5271562337875366,0.3053513765335083,0.1753254383802413,0.7950039505958557,0.5667995810508728,0.55569988489151,0.0110997296869754,0.5970588235294118,0.2838200536353751,0.6735294117647059,0.4058791792891463,0.7727272727272727,0.2272727272727273,0.7619047619047619,0.2380952380952381,0.75,0.25,0.75,0.25,0.8064516129032258,0.1935483870967742,0.9090909090909092,0.0909090909090909,0.1806578541656426,0.7727272727272727,1.2635568664849408,0.4545454545454545,0.2049961225552992,Deep ensemble
C1P,xyz_only,gaussian_full,xyz_4sigma,44.0,0.5454545454545454,0.388038942976356,0.7783417105674744,0.4922819435596466,0.2039576254107735,0.6887417435646057,0.687536895275116,0.6661806106567383,0.0213562473654747,0.7833333333333332,0.7121971402846562,0.8083333333333333,0.661754154567542,0.5454545454545454,0.4545454545454546,0.5714285714285714,0.4285714285714286,0.575,0.425,0.6111111111111112,0.3888888888888888,0.6451612903225806,0.3548387096774194,0.7272727272727273,0.2727272727272727,0.2178676420735553,0.5454545454545454,1.407739100676597,0.3863636363636363,0.3112582225691188,Deep ensemble
C1P,embedding_and_xyz,gaussian_full,xyz_4sigma,44.0,0.5454545454545454,0.4233289646133683,1.017126441001892,0.587170422077179,0.2986745969815688,0.7181439995765686,0.7041336894035339,0.6815223097801208,0.0226114429533481,0.6583333333333333,0.5215373864140129,0.8187500000000001,0.7528260977657648,0.5454545454545454,0.4545454545454546,0.5238095238095238,0.4761904761904761,0.5,0.5,0.5277777777777778,0.4722222222222222,0.5161290322580645,0.4838709677419355,0.7272727272727273,0.2727272727272727,0.2750156242345408,0.5454545454545454,1.1497124941747057,0.4318181818181818,0.2818559868769212,Deep ensemble
C2,real,gaussian_full,xyz_4sigma,44.0,0.4318181818181818,0.2557510148849797,1.7184845209121704,0.7672898769378662,0.3402898799289356,0.733451247215271,0.680103063583374,0.6657726168632507,0.0143304942175745,0.4694736842105264,0.5732281394220106,0.5831578947368421,0.6820820691414538,0.4318181818181818,0.5681818181818181,0.4285714285714285,0.5714285714285714,0.425,0.575,0.4166666666666667,0.5833333333333333,0.3870967741935484,0.6129032258064516,0.4545454545454545,0.5454545454545454,0.6085780832420769,0.4318181818181818,0.97562530025166,0.5227272727272727,0.2665487080812454,Deep ensemble
C2,embedding_only,gaussian_full,xyz_4sigma,44.0,0.4090909090909091,0.2363150867823765,1.6573410034179688,0.7720995545387268,0.3296235772696408,0.7187283635139465,0.6915562748908997,0.6743214130401611,0.017234805971384,0.5405982905982906,0.6964884415088628,0.4679487179487179,0.6912321490186195,0.4090909090909091,0.5909090909090908,0.4285714285714285,0.5714285714285714,0.45,0.55,0.4444444444444444,0.5555555555555556,0.3870967741935484,0.6129032258064516,0.5,0.5,0.6099491377574331,0.4090909090909091,0.9356994307554154,0.5,0.2812716310674494,Deep ensemble
C2,xyz_only,gaussian_full,xyz_4sigma,44.0,0.5909090909090909,0.4058514628657165,1.3078668117523191,0.6067644953727722,0.2244013900106603,0.6747515201568604,0.8087434768676758,0.7818143963813782,0.026929086074233,0.4935897435897436,0.4913930309573313,0.3376068376068376,0.3383886224773687,0.5909090909090909,0.409090909090909,0.5952380952380952,0.4047619047619047,0.6,0.4,0.6388888888888888,0.3611111111111111,0.6774193548387096,0.3225806451612903,0.5909090909090909,0.409090909090909,0.496623292210861,0.5909090909090909,1.2720581852311803,0.3181818181818182,0.3252485299652273,Deep ensemble
C2,embedding_and_xyz,gaussian_full,xyz_4sigma,44.0,0.5681818181818182,0.3728432108027006,1.2692832946777344,0.6262537240982056,0.2322838706049051,0.653597891330719,0.8212669491767883,0.7911863327026367,0.0300806574523448,0.4989473684210526,0.5621395432755394,0.3073684210526315,0.4133807086078774,0.5681818181818182,0.4318181818181817,0.5952380952380952,0.4047619047619047,0.6,0.4,0.6111111111111112,0.3888888888888888,0.6129032258064516,0.3870967741935484,0.5909090909090909,0.409090909090909,0.5019874064462331,0.5681818181818182,1.2545564437292969,0.3636363636363636,0.3464020422913811,Deep ensemble
C2P,real,gaussian_full,xyz_4sigma,44.0,0.9090909090909092,0.8450704225352113,0.3005572557449341,0.1609310209751129,0.145925911990079,0.8252952694892883,0.5066819787025452,0.4987883865833282,0.0078935101628303,0.8374999999999999,0.4416666666666666,0.85,0.3374999999999999,0.9090909090909092,0.0909090909090909,0.9285714285714286,0.0714285714285714,0.925,0.0749999999999999,0.9444444444444444,0.0555555555555555,0.967741935483871,0.032258064516129,1.0,0.0,0.0204714140327684,0.9090909090909092,1.0721715949429826,0.5227272727272727,0.1747048077258196,Deep ensemble
C2P,embedding_only,gaussian_full,xyz_4sigma,44.0,0.8181818181818182,0.6909569798068482,0.5004710555076599,0.2625933885574341,0.1373509642752734,0.7802217602729797,0.6258418560028076,0.6148960590362549,0.0109458770602941,0.8298611111111112,0.5657207569262523,0.8194444444444444,0.4463118580765639,0.8181818181818182,0.1818181818181817,0.8571428571428571,0.1428571428571429,0.85,0.15,0.8611111111111112,0.1388888888888888,0.9032258064516128,0.0967741935483871,1.0,0.0,0.0509156188339129,0.8181818181818182,1.0849789069309004,0.5454545454545454,0.2197783128781752,Deep ensemble
C2P,xyz_only,gaussian_full,xyz_4sigma,44.0,0.5681818181818182,0.4289617486338798,1.004851222038269,0.5759386420249939,0.2112001133236018,0.7288684248924255,0.6743446588516235,0.6598637700080872,0.0144808776676654,0.5873684210526315,0.5150760616753833,0.5578947368421052,0.4381455609818143,0.5681818181818182,0.4318181818181817,0.5714285714285714,0.4285714285714286,0.575,0.425,0.6111111111111112,0.3888888888888888,0.5483870967741935,0.4516129032258065,0.6363636363636364,0.3636363636363636,0.3356308070137795,0.5681818181818182,1.2050464173253737,0.4318181818181818,0.2711315764622254,Deep ensemble
C2P,embedding_and_xyz,gaussian_full,xyz_4sigma,44.0,0.4545454545454545,0.29973474801061,1.511409878730774,0.7644286751747131,0.318347269161181,0.7465457916259766,0.6655591130256653,0.6500160098075867,0.0155430920422077,0.6,0.6465931597903882,0.6729166666666666,0.6246131959478136,0.4545454545454545,0.5454545454545454,0.4761904761904761,0.5238095238095238,0.475,0.525,0.4444444444444444,0.5555555555555556,0.4516129032258064,0.5483870967741935,0.5454545454545454,0.4545454545454546,0.4438653599217941,0.4545454545454545,1.1325788031776565,0.5,0.2534541894089092,Deep ensemble
C3,real,gaussian_full,xyz_4sigma,44.0,0.75,0.5820379965457685,0.4910098314285278,0.3324204683303833,0.1706041165373542,0.8431650400161743,0.4441832304000854,0.4375419616699219,0.0066413092426955,0.7851239669421487,0.4410616092166894,0.8650137741046833,0.6549242424242425,0.75,0.25,0.7380952380952381,0.2619047619047618,0.75,0.25,0.7777777777777778,0.2222222222222222,0.8387096774193549,0.1612903225806451,0.9545454545454546,0.0454545454545454,0.0902299246953263,0.75,0.8070386621053083,0.6136363636363636,0.1568349518559195,Deep ensemble
C3,embedding_only,gaussian_full,xyz_4sigma,44.0,0.7272727272727273,0.5319148936170213,0.536315381526947,0.3547115623950958,0.1495964310385964,0.8033357858657837,0.502051055431366,0.4942488968372345,0.0078021408990025,0.7109375,0.392720469983401,0.7109375,0.4405098888135524,0.7272727272727273,0.2727272727272727,0.7142857142857143,0.2857142857142857,0.7,0.3,0.75,0.25,0.7741935483870968,0.2258064516129032,0.8636363636363636,0.1363636363636363,0.1269554003505363,0.7272727272727273,0.6554817739013927,0.6363636363636364,0.1966642290353775,Deep ensemble
C3,xyz_only,gaussian_full,xyz_4sigma,44.0,0.5227272727272727,0.0647773279352226,1.447497010231018,0.69903165102005,0.3734807683662934,0.8962080478668213,0.2444210201501846,0.241025909781456,0.0033951110672205,0.824016563146998,0.7882288018974564,0.8530020703933747,0.8203840079905242,0.5227272727272727,0.4772727272727273,0.5238095238095238,0.4761904761904761,0.55,0.4499999999999999,0.6111111111111112,0.3888888888888888,0.7096774193548387,0.2903225806451612,0.7272727272727273,0.2727272727272727,0.2261336679620013,0.5227272727272727,0.108471339035916,0.9772727272727272,0.1037919440052726,Deep ensemble
C3,embedding_and_xyz,gaussian_full,xyz_4sigma,44.0,0.5,0.0,1.6691994667053225,0.8051471710205078,0.4292215677824887,0.9292215704917908,0.205194890499115,0.2016324400901794,0.0035624301526695,0.8553719008264462,0.878708440489083,0.8574380165289256,0.8817244481043596,0.5,0.5,0.5238095238095238,0.4761904761904761,0.55,0.4499999999999999,0.6111111111111112,0.3888888888888888,0.7096774193548387,0.2903225806451612,0.6818181818181818,0.3181818181818182,0.2291597502842195,0.5,-0.0,1.0,0.0707784295082092,Deep ensemble
C3P,real,gaussian_full,xyz_4sigma,44.0,0.8181818181818182,0.6631578947368422,0.5316813588142395,0.3142233192920685,0.1325718177990479,0.9017298221588136,0.2952158749103546,0.2925646007061004,0.0026512378826737,0.6631944444444444,0.2608967869048514,0.65625,0.283733652057661,0.8181818181818182,0.1818181818181817,0.8095238095238095,0.1904761904761904,0.8,0.1999999999999999,0.8333333333333334,0.1666666666666666,0.8387096774193549,0.1612903225806451,0.9545454545454546,0.0454545454545454,0.0910379246564595,0.8181818181818182,0.7755029276062699,0.6590909090909091,0.0982701372016559,Deep ensemble
C3P,embedding_only,gaussian_full,xyz_4sigma,44.0,0.7954545454545454,0.6199616122840691,0.6736387610435486,0.3492425680160522,0.1702409969134764,0.8757308721542358,0.3412192165851593,0.3352582156658172,0.0059609990566968,0.5396825396825397,0.2750250751448069,0.5650793650793651,0.2503124801975376,0.7954545454545454,0.2045454545454545,0.7857142857142857,0.2142857142857143,0.8,0.1999999999999999,0.8055555555555556,0.1944444444444444,0.8387096774193549,0.1612903225806451,0.7727272727272727,0.2272727272727273,0.171013020509952,0.7954545454545454,0.7559829155446122,0.6818181818181818,0.1242691468108784,Deep ensemble
C3P,xyz_only,gaussian_full,xyz_4sigma,44.0,0.5454545454545454,0.125248508946322,1.4468566179275513,0.7691209316253662,0.4272145236080343,0.9366167187690736,0.1837254613637924,0.1810809969902038,0.0026444520335644,0.9145833333333332,0.7789423903932923,0.9166666666666666,0.7809186749782726,0.5454545454545454,0.4545454545454546,0.5238095238095238,0.4761904761904761,0.55,0.4499999999999999,0.6111111111111112,0.3888888888888888,0.7096774193548387,0.2903225806451612,0.9545454545454546,0.0454545454545454,0.1533498479616735,0.5454545454545454,0.1849073991677756,0.9545454545454546,0.0633834045041691,Deep ensemble
C3P,embedding_and_xyz,gaussian_full,xyz_4sigma,44.0,0.5,0.0,1.6838816404342651,0.8246208429336548,0.4417967972430315,0.9417968392372132,0.166651964187622,0.1641906052827835,0.0024613686837255,0.9731404958677684,0.9801136363636362,0.9586776859504132,0.9646179837775426,0.5,0.5,0.5238095238095238,0.4761904761904761,0.55,0.4499999999999999,0.6111111111111112,0.3888888888888888,0.7096774193548387,0.2903225806451612,0.9090909090909092,0.0909090909090909,0.169819915397491,0.5,-0.0,1.0,0.0582031865011562,Deep ensemble
C4,real,gaussian_full,xyz_4sigma,44.0,0.8863636363636364,0.7734294541709578,0.3412330448627472,0.2083390653133392,0.0948826535181565,0.9205509424209596,0.2297060936689376,0.2279866635799408,0.0017194206593558,0.7846153846153847,0.2616883116883117,0.5692307692307692,0.1577237851662404,0.8863636363636364,0.1136363636363636,0.8809523809523809,0.119047619047619,0.9,0.0999999999999999,0.9166666666666666,0.0833333333333333,0.935483870967742,0.0645161290322581,1.0,0.0,0.0339537616973376,0.8863636363636364,0.7665693808504357,0.7045454545454546,0.0794489776546304,Deep ensemble
C4,embedding_only,gaussian_full,xyz_4sigma,44.0,0.8181818181818182,0.624332977588047,0.4389449059963226,0.2773980796337127,0.1414489908651872,0.9143844842910768,0.2450494915246963,0.2421890348196029,0.0028604750987142,0.8263888888888888,0.4643458393458393,0.7881944444444444,0.4119929130009775,0.8181818181818182,0.1818181818181817,0.8333333333333334,0.1666666666666666,0.85,0.15,0.8888888888888888,0.1111111111111111,0.935483870967742,0.0645161290322581,0.9545454545454546,0.0454545454545454,0.0540889751343289,0.8181818181818182,0.6808699728832677,0.75,0.0856154777786948,Deep ensemble
C4,xyz_only,gaussian_full,xyz_4sigma,44.0,0.6136363636363636,0.0822085889570553,1.1228959560394287,0.6073904633522034,0.3201393539255316,0.9337757229804992,0.1777741760015487,0.1747553944587707,0.0030187792144715,0.954248366013072,0.8688764752619241,0.9128540305010892,0.8313742658063145,0.6136363636363636,0.3863636363636363,0.6190476190476191,0.3809523809523809,0.65,0.35,0.7222222222222222,0.2777777777777778,0.8387096774193549,0.1612903225806451,1.0,0.0,0.1018295743363359,0.6136363636363636,0.108471339035916,0.9772727272727272,0.0662242959846149,Deep ensemble
C4,embedding_and_xyz,gaussian_full,xyz_4sigma,44.0,0.5909090909090909,0.0,1.2670005559921265,0.6614022850990295,0.3588015721602874,0.9497106671333312,0.1570739150047302,0.154077410697937,0.0029964996501803,0.9957264957264956,0.9944444444444446,0.9850427350427352,0.9844444444444446,0.5909090909090909,0.409090909090909,0.6190476190476191,0.3809523809523809,0.65,0.35,0.7222222222222222,0.2777777777777778,0.8387096774193549,0.1612903225806451,1.0,0.0,0.0999535336125151,0.5909090909090909,-0.0,1.0,0.0502894222736358,Deep ensemble
C4P,real,gaussian_full,xyz_4sigma,44.0,0.9545454545454546,0.8890290037831021,0.140586256980896,0.0732286125421524,0.0801721133969046,0.902769148349762,0.2490854412317276,0.244424432516098,0.0046609728597104,0.9761904761904762,0.75,0.8690476190476191,0.2575757575757575,0.9545454545454546,0.0454545454545454,0.9761904761904762,0.0238095238095238,1.0,0.0,1.0,0.0,1.0,0.0,1.0,0.0,0.0021405194180164,0.9545454545454546,0.6808699728832677,0.75,0.0972308191386136,Deep ensemble
C4P,embedding_only,gaussian_full,xyz_4sigma,44.0,0.8863636363636364,0.7031039136302294,0.2675541639328003,0.1544368714094162,0.0862368365580385,0.8850048184394836,0.2727159559726715,0.2672668397426605,0.0054491739720106,0.917948717948718,0.6754901960784314,0.9128205128205128,0.6515262515262515,0.8863636363636364,0.1136363636363636,0.9047619047619048,0.0952380952380952,0.95,0.05,0.9722222222222222,0.0277777777777777,0.967741935483871,0.032258064516129,1.0,0.0,0.0171813085432469,0.8863636363636364,0.5779915774280756,0.7954545454545454,0.1149951869791204,Deep ensemble
C4P,xyz_only,gaussian_full,xyz_4sigma,44.0,0.7272727272727273,0.0,0.4318638145923614,0.309031218290329,0.2013558278029615,0.914604127407074,0.2159164547920227,0.2131878286600113,0.0027286275289952,1.0,1.0,1.0,1.0,0.7272727272727273,0.2727272727272727,0.7619047619047619,0.2380952380952381,0.8,0.1999999999999999,0.8888888888888888,0.1111111111111111,1.0,0.0,1.0,0.0,0.0410966825244047,0.7272727272727273,-0.0,1.0,0.0853959023952484,Deep ensemble
C4P,embedding_and_xyz,gaussian_full,xyz_4sigma,44.0,0.7272727272727273,0.0,0.5834893584251404,0.368815153837204,0.2035537700761447,0.9308264255523682,0.1915206015110016,0.1892063617706298,0.0023142823483794,0.9869791666666666,0.9754901960784312,0.9921875,0.9811507936507938,0.7272727272727273,0.2727272727272727,0.7619047619047619,0.2380952380952381,0.8,0.1999999999999999,0.8888888888888888,0.1111111111111111,0.967741935483871,0.032258064516129,1.0,0.0,0.0448930107558692,0.7272727272727273,-0.0,1.0,0.069173512133685,Deep ensemble
C5,real,gaussian_full,xyz_4sigma,44.0,0.9545454545454546,0.8888888888888888,0.1986798346042633,0.091485857963562,0.0835801064968109,0.9096328616142272,0.3023017644882202,0.2989929616451263,0.0033088086638599,0.9166666666666669,0.375,0.8333333333333333,0.3166666666666666,0.9545454545454546,0.0454545454545454,0.9761904761904762,0.0238095238095238,0.975,0.025,1.0,0.0,1.0,0.0,1.0,0.0,0.005032329783817,0.9545454545454546,0.6870877444524535,0.7045454545454546,0.0903671140020543,Deep ensemble
C5,embedding_only,gaussian_full,xyz_4sigma,44.0,0.9318181818181818,0.8314176245210728,0.1976873725652694,0.0986876785755157,0.0648522539572282,0.8780974745750427,0.3403948843479156,0.3360066413879394,0.0043882573954761,0.9268292682926828,0.4444444444444444,0.8943089430894309,0.3035714285714285,0.9318181818181818,0.0681818181818182,0.9523809523809524,0.0476190476190476,0.975,0.025,0.9722222222222222,0.0277777777777777,1.0,0.0,1.0,0.0,0.0075458978703366,0.9318181818181818,0.6069636115082722,0.7045454545454546,0.1219025660644878,Deep ensemble
C5,xyz_only,gaussian_full,xyz_4sigma,44.0,0.8636363636363636,0.5755627009646302,0.2883501350879669,0.1884274929761886,0.0894464552402496,0.919205904006958,0.2195944786071777,0.2173308730125427,0.0022636146750301,0.9035087719298244,0.5621693121693122,0.9429824561403508,0.7120370370370369,0.8636363636363636,0.1363636363636363,0.8809523809523809,0.119047619047619,0.9,0.0999999999999999,0.9166666666666666,0.0833333333333333,1.0,0.0,1.0,0.0,0.0230581603075931,0.8636363636363636,0.3983071138052841,0.8636363636363636,0.0807940377430482,Deep ensemble
C5,embedding_and_xyz,gaussian_full,xyz_4sigma,44.0,0.8636363636363636,0.5755627009646302,0.379417210817337,0.2367473989725113,0.1345170038667592,0.915548861026764,0.2091753631830215,0.2073011398315429,0.0018742580432444,0.8903508771929824,0.5251022126022126,0.9078947368421052,0.564983164983165,0.8636363636363636,0.1363636363636363,0.8809523809523809,0.119047619047619,0.875,0.125,0.9166666666666666,0.0833333333333333,1.0,0.0,1.0,0.0,0.0247327242130182,0.8636363636363636,0.3983071138052841,0.8636363636363636,0.0844512839208949,Deep ensemble
C5P,real,gaussian_full,xyz_4sigma,44.0,0.8863636363636364,0.6428571428571428,0.2556480169296264,0.1570199728012085,0.0672560727054422,0.9299741983413696,0.2171351760625839,0.2135337442159652,0.0036014406941831,0.9282051282051282,0.6366666666666667,0.9025641025641024,0.4714285714285714,0.8863636363636364,0.1136363636363636,0.9047619047619048,0.0952380952380952,0.925,0.0749999999999999,0.9722222222222222,0.0277777777777777,1.0,0.0,1.0,0.0,0.0151654988686168,0.8863636363636364,0.5623351446188083,0.75,0.0700258016586303,Deep ensemble
C5P,embedding_only,gaussian_full,xyz_4sigma,44.0,0.9090909090909092,0.6986301369863014,0.2319595217704773,0.1397654414176941,0.0895541405135935,0.9272361397743224,0.22316475212574,0.2194954007863998,0.0036693431902676,0.925,0.5821428571428571,0.925,0.5682539682539682,0.9090909090909092,0.0909090909090909,0.9285714285714286,0.0714285714285714,0.95,0.05,0.9722222222222222,0.0277777777777777,1.0,0.0,1.0,0.0,0.0112979807740125,0.9090909090909092,0.535959889216217,0.7727272727272727,0.0727637721733613,Deep ensemble
C5P,xyz_only,gaussian_full,xyz_4sigma,44.0,0.9318181818181818,0.7608695652173914,0.1700527369976043,0.1015378981828689,0.0981121970848603,0.9147803783416748,0.2485796809196472,0.2441087663173675,0.0044709146022796,0.91869918699187,0.3694444444444444,0.91869918699187,0.3694444444444444,0.9318181818181818,0.0681818181818182,0.9285714285714286,0.0714285714285714,0.95,0.05,1.0,0.0,1.0,0.0,1.0,0.0,0.0080238920983309,0.9318181818181818,0.5066395578238191,0.7954545454545454,0.0852196731350638,Deep ensemble
C5P,embedding_and_xyz,gaussian_full,xyz_4sigma,44.0,0.9545454545454546,0.8307692307692307,0.1611400693655014,0.09136763215065,0.0735631436109542,0.9111404418945312,0.2555561661720276,0.2510755658149719,0.0044805821962654,0.880952380952381,0.225,0.9047619047619048,0.2678571428571428,0.9545454545454546,0.0454545454545454,0.9523809523809524,0.0476190476190476,0.95,0.05,1.0,0.0,1.0,0.0,1.0,0.0,0.0066959608681798,0.9545454545454546,0.4741393130578373,0.8181818181818182,0.0888596420938318,Deep ensemble
C6,real,gaussian_full,xyz_4sigma,44.0,0.9772727272727272,0.9518072289156626,0.116251990199089,0.0520465224981308,0.0979245697910135,0.9027292728424072,0.2661297619342804,0.263938158750534,0.0021915917750447,1.0,1.0,0.8837209302325582,0.1666666666666666,0.9772727272727272,0.0227272727272727,1.0,0.0,1.0,0.0,1.0,0.0,1.0,0.0,1.0,0.0,0.0002582644628099,0.9772727272727272,0.7404969225219233,0.6363636363636364,0.0972706214948134,Deep ensemble
C6,embedding_only,gaussian_full,xyz_4sigma,44.0,0.9545454545454546,0.8988505747126436,0.1302649825811386,0.0641267299652099,0.0725846087390726,0.909862458705902,0.2705910503864288,0.2680534124374389,0.0025376118719577,0.9761904761904762,0.75,0.9523809523809524,0.4166666666666666,0.9545454545454546,0.0454545454545454,0.9761904761904762,0.0238095238095238,1.0,0.0,1.0,0.0,1.0,0.0,1.0,0.0,0.0021405194180164,0.9545454545454546,0.625491359725573,0.6818181818181818,0.0901374803348021,Deep ensemble
C6,xyz_only,gaussian_full,xyz_4sigma,44.0,0.7045454545454546,0.1863442389758178,0.4919910728931427,0.3479270040988922,0.1821878125721758,0.8867332339286804,0.2538693249225616,0.2482437193393707,0.0056256088428199,0.9429280397022332,0.784375026682719,0.9751861042183624,0.9340725513802436,0.7045454545454546,0.2954545454545454,0.7142857142857143,0.2857142857142857,0.725,0.275,0.8055555555555556,0.1944444444444444,0.935483870967742,0.0645161290322581,1.0,0.0,0.0634321820381822,0.7045454545454546,0.2164140891932277,0.9545454545454546,0.1132667335596951,Deep ensemble
C6,embedding_and_xyz,gaussian_full,xyz_4sigma,44.0,0.6590909090909091,0.0,0.6270055174827576,0.4281243979930877,0.2549756182865663,0.9140665531158448,0.2189930826425552,0.2150439172983169,0.003949150443077,0.9954022988505746,0.992156862745098,0.9977011494252874,0.9958333333333332,0.6590909090909091,0.3409090909090909,0.6904761904761905,0.3095238095238095,0.725,0.275,0.8055555555555556,0.1944444444444444,0.935483870967742,0.0645161290322581,1.0,0.0,0.0676966300536637,0.6590909090909091,-0.0,1.0,0.0859334482388062,Deep ensemble
C7,real,gaussian_full,xyz_4sigma,44.0,0.7954545454545454,0.6930232558139534,1.0063109397888184,0.375841736793518,0.1619572273709557,0.8737586736679077,0.3852410614490509,0.381589412689209,0.0036516620311886,0.3841269841269841,0.3741221491229832,0.3396825396825397,0.2224047221733582,0.7954545454545454,0.2045454545454545,0.8333333333333334,0.1666666666666666,0.825,0.175,0.8055555555555556,0.1944444444444444,0.8064516129032258,0.1935483870967742,0.7727272727272727,0.2272727272727273,0.351117851706246,0.7954545454545454,1.1010721131522043,0.5,0.1262412558902393,Deep ensemble
C7,embedding_only,gaussian_full,xyz_4sigma,44.0,0.7272727272727273,0.5875,0.9968453049659728,0.3935267329216003,0.2354036190293051,0.8463817834854126,0.4502692520618438,0.4443351626396179,0.0059341611340641,0.5651041666666667,0.554624569014104,0.5104166666666667,0.4053253728399077,0.7272727272727273,0.2727272727272727,0.7380952380952381,0.2619047619047618,0.775,0.2249999999999999,0.8333333333333334,0.1666666666666666,0.8387096774193549,0.1612903225806451,0.7727272727272727,0.2272727272727273,0.3468576271811894,0.7272727272727273,0.9959046197280051,0.5227272727272727,0.1536181718111038,Deep ensemble
C7,xyz_only,gaussian_full,xyz_4sigma,44.0,0.3636363636363636,0.1538461538461539,1.5729193687438965,0.9273473620414734,0.4829587171023543,0.7880172729492188,0.5813465118408203,0.5684760808944702,0.0128704011440277,0.3883928571428571,0.5746558877865982,0.5044642857142857,0.6454979119082562,0.3636363636363636,0.6363636363636364,0.3571428571428571,0.6428571428571428,0.325,0.675,0.3333333333333333,0.6666666666666667,0.3225806451612903,0.6774193548387097,0.3181818181818182,0.6818181818181819,0.7098077246867965,0.3636363636363636,1.220041624413284,0.4318181818181818,0.2119826403531161,Deep ensemble
C7,embedding_and_xyz,gaussian_full,xyz_4sigma,44.0,0.25,0.0095497953615277,1.7667412757873535,1.0541590452194214,0.5270615870302374,0.7648047804832458,0.609976053237915,0.5976526737213135,0.0123233534395694,0.4738292011019284,0.7412887204361581,0.4352617079889807,0.6934816959251504,0.25,0.75,0.238095238095238,0.7619047619047619,0.25,0.75,0.25,0.75,0.2580645161290322,0.7419354838709677,0.2727272727272727,0.7272727272727273,0.7711194707998166,0.25,1.061150397637525,0.5227272727272727,0.2351953333074396,Deep ensemble
FI10,real,gaussian_full,xyz_4sigma,16.0,0.6875,0.4594594594594594,1.0019961595535278,0.5609166026115417,0.3242016583681106,0.7489278316497803,0.6247365474700928,0.6173631548881531,0.0073734242469072,0.4909090909090909,0.3429653679653679,0.4363636363636363,0.4529761904761905,0.6875,0.3125,0.6875,0.3125,0.6666666666666666,0.3333333333333333,0.6923076923076923,0.3076923076923077,0.6666666666666666,0.3333333333333333,0.75,0.25,0.2648189050532801,0.6875,1.1246702892376166,0.5625,0.2510721795260906,Deep ensemble
FI10,embedding_only,gaussian_full,xyz_4sigma,16.0,0.1875,-0.1063829787234043,2.0016772747039795,1.0881223678588867,0.5611222200095654,0.7092955708503723,0.6838011741638184,0.6762794852256775,0.0075216740369796,0.6666666666666667,0.9177846725923648,0.4358974358974359,0.8067651365728289,0.1875,0.8125,0.1875,0.8125,0.2,0.8,0.2307692307692307,0.7692307692307692,0.25,0.75,0.25,0.75,0.7019082046425797,0.1875,1.1432752061942135,0.5,0.2907044142484665,Deep ensemble
FI10,xyz_only,gaussian_full,xyz_4sigma,16.0,0.625,0.36,0.7688555717468262,0.4244739413261413,0.1356466002762317,0.7484651803970337,0.6279941201210022,0.6155465841293335,0.0124475266784429,0.8333333333333334,0.7051587301587301,0.65,0.4675925925925926,0.625,0.375,0.625,0.375,0.6666666666666666,0.3333333333333333,0.6153846153846154,0.3846153846153846,0.6666666666666666,0.3333333333333333,1.0,0.0,0.1362352057664557,0.625,1.0433534269422904,0.4375,0.2515348307788372,Deep ensemble
FI10,embedding_and_xyz,gaussian_full,xyz_4sigma,16.0,0.5,0.1999999999999999,1.2150768041610718,0.702406644821167,0.3839642666280269,0.8069276809692383,0.5670437812805176,0.5573855638504028,0.0096581820398569,0.71875,0.7510732323232323,0.578125,0.567227910977911,0.5,0.5,0.5,0.5,0.5333333333333333,0.4666666666666667,0.5384615384615384,0.4615384615384615,0.5833333333333334,0.4166666666666666,0.5,0.5,0.2933392995892996,0.5,1.0821955300387671,0.375,0.1930722892284393,Deep ensemble
FI2,real,gaussian_full,xyz_4sigma,15.0,0.8666666666666667,0.7457627118644068,0.2393994182348251,0.1376896798610687,0.1641438762346903,0.8719338774681091,0.3897887766361236,0.3869882225990295,0.0028005188796669,1.0,1.0,0.8461538461538461,0.4166666666666666,0.8666666666666667,0.1333333333333333,0.8666666666666667,0.1333333333333333,0.9285714285714286,0.0714285714285714,1.0,0.0,1.0,0.0,1.0,0.0,0.0092063492063492,0.8666666666666667,0.8532361505557784,0.6,0.1280661424001058,Deep ensemble
FI2,embedding_only,gaussian_full,xyz_4sigma,15.0,0.8,0.6218487394957983,0.4054416120052337,0.2345563918352127,0.2157782991727193,0.740630567073822,0.6169614195823669,0.6087691187858582,0.0081923520192503,0.888888888888889,0.7,0.7222222222222222,0.3694444444444444,0.8,0.1999999999999999,0.8,0.1999999999999999,0.8571428571428571,0.1428571428571429,0.8333333333333334,0.1666666666666666,0.9090909090909092,0.0909090909090909,1.0,0.0,0.0436186036186036,0.8,0.8823109245150755,0.5333333333333333,0.2593694368998209,Deep ensemble
FI2,xyz_only,gaussian_full,xyz_4sigma,15.0,0.4666666666666667,0.3181818181818182,1.1048825979232788,0.7497432827949524,0.3838107128938038,0.7110437154769897,0.7504625916481018,0.7204992771148682,0.0299632884562015,0.3035714285714286,0.4470425407925408,0.3571428571428572,0.4875457875457875,0.4666666666666667,0.5333333333333333,0.4666666666666667,0.5333333333333333,0.4285714285714285,0.5714285714285714,0.3333333333333333,0.6666666666666667,0.3636363636363636,0.6363636363636364,0.375,0.625,0.5801959151959153,0.4666666666666667,0.6909233093138181,0.5333333333333333,0.2889561812082926,Deep ensemble
FI2,embedding_and_xyz,gaussian_full,xyz_4sigma,15.0,0.4,0.2329545454545455,1.3763853311538696,0.8669546842575073,0.4971054077148438,0.7458198666572571,0.6893136501312256,0.662891149520874,0.0264226198196411,0.4259259259259259,0.6602872436205769,0.3703703703703703,0.6414159914159914,0.4,0.6,0.4,0.6,0.4285714285714285,0.5714285714285714,0.4166666666666667,0.5833333333333333,0.3636363636363636,0.6363636363636364,0.25,0.75,0.5895915195915196,0.4,0.6909233093138181,0.5333333333333333,0.2541801253954569,Deep ensemble
FI5,real,gaussian_full,xyz_4sigma,16.0,0.3125,0.0588235294117647,1.458930253982544,0.7696250081062317,0.3115446921437979,0.5690920948982239,0.8883177042007446,0.8744174242019653,0.013900239020586,0.6909090909090909,0.8454974318610683,0.9272727272727274,0.964967860422406,0.3125,0.6875,0.3125,0.6875,0.3333333333333333,0.6666666666666667,0.3846153846153846,0.6153846153846154,0.3333333333333333,0.6666666666666667,0.375,0.625,0.5014795534326785,0.3125,1.2511559833636317,0.375,0.4309079423546791,Deep ensemble
FI5,embedding_only,gaussian_full,xyz_4sigma,16.0,0.5625,0.3212121212121211,1.0910911560058594,0.5699246525764465,0.2959858924150467,0.704997718334198,0.7230889201164246,0.7137346863746643,0.0093542356044054,0.873015873015873,0.8687074829931972,0.4444444444444445,0.450511988011988,0.5625,0.4375,0.5625,0.4375,0.6,0.4,0.6923076923076923,0.3076923076923077,0.75,0.25,0.75,0.25,0.1700869876651126,0.5625,1.2820462400528452,0.4375,0.2950022742152214,Deep ensemble
FI5,xyz_only,gaussian_full,xyz_4sigma,16.0,0.75,0.5223880597014925,0.6046788692474365,0.320507675409317,0.1868217084556818,0.730877161026001,0.7841602563858032,0.7252619862556458,0.0588982664048671,0.9166666666666669,0.7708333333333333,0.7291666666666666,0.4571428571428571,0.75,0.25,0.75,0.25,0.8,0.1999999999999999,0.8461538461538461,0.1538461538461538,0.9166666666666666,0.0833333333333333,1.0,0.0,0.0542108932733932,0.75,0.7774621319109287,0.6875,0.2691228464245796,Deep ensemble
FI5,embedding_and_xyz,gaussian_full,xyz_4sigma,16.0,0.6875,0.4405594405594405,0.618100643157959,0.3110018372535705,0.1817699987441301,0.7673181295394897,0.6736530065536499,0.62508225440979,0.0485707819461822,1.0,1.0,0.9818181818181818,0.9666666666666668,0.6875,0.3125,0.6875,0.3125,0.7333333333333333,0.2666666666666667,0.8461538461538461,0.1538461538461538,0.9166666666666666,0.0833333333333333,1.0,0.0,0.0546488667582417,0.6875,0.9214934308679616,0.625,0.2326818890869617,Deep ensemble
FI8,real,gaussian_full,xyz_4sigma,16.0,0.75,0.6049382716049383,0.8397247791290283,0.4682491421699524,0.2489835973829031,0.7655291557312012,0.5863101482391357,0.5795664191246033,0.0067437067627906,0.3958333333333333,0.3076923076923077,0.2916666666666666,0.228525641025641,0.75,0.25,0.75,0.25,0.7333333333333333,0.2666666666666667,0.7692307692307693,0.2307692307692307,0.75,0.25,0.75,0.25,0.3184476981351982,0.75,1.0609581504393426,0.5,0.2344708368182182,Deep ensemble
FI8,embedding_only,gaussian_full,xyz_4sigma,16.0,0.5625,0.3,0.7355626821517944,0.4683018922805786,0.3117524087429046,0.6545445322990417,0.7741864919662476,0.7594156861305237,0.0147707741707563,0.8095238095238095,0.8347247990105132,0.5714285714285714,0.5469387755102041,0.5625,0.4375,0.5625,0.4375,0.6,0.4,0.6923076923076923,0.3076923076923077,0.75,0.25,0.75,0.25,0.2123488924270174,0.5625,1.0239287996389363,0.5,0.3454554714262485,Deep ensemble
FI8,xyz_only,gaussian_full,xyz_4sigma,16.0,0.5625,0.0,1.083131194114685,0.6311407089233398,0.3326660580933094,0.8951660394668579,0.3316965997219085,0.2999179363250732,0.0317786708474159,0.984126984126984,0.9821428571428572,0.9365079365079364,0.9325396825396826,0.5625,0.4375,0.5625,0.4375,0.6,0.4,0.6923076923076923,0.3076923076923077,0.75,0.25,1.0,0.0,0.1204071536102786,0.5625,-0.0,1.0,0.1048339307308197,Deep ensemble
FI8,embedding_and_xyz,gaussian_full,xyz_4sigma,16.0,0.5625,0.0,1.4215233325958252,0.7461391091346741,0.3733497448265552,0.935849666595459,0.2429015189409256,0.215270310640335,0.0276312064379453,1.0,1.0,0.9206349206349208,0.9214285714285716,0.5625,0.4375,0.5625,0.4375,0.6,0.4,0.6923076923076923,0.3076923076923077,0.75,0.25,1.0,0.0,0.1134627091658341,0.5625,-0.0,1.0,0.0641502812504768,Deep ensemble
FP1,real,gaussian_full,xyz_4sigma,16.0,0.8125,0.6799999999999999,0.4776167273521423,0.2938725352287292,0.1380622200667858,0.9293957948684692,0.2443575114011764,0.242627739906311,0.0017297603189945,0.846153846153846,0.6333333333333333,0.6923076923076924,0.3194444444444444,0.8125,0.1875,0.8125,0.1875,0.8666666666666667,0.1333333333333333,0.8461538461538461,0.1538461538461538,0.8333333333333334,0.1666666666666666,1.0,0.0,0.0488351492257742,0.8125,0.9002560512685369,0.625,0.0706042274832725,Deep ensemble
FP1,embedding_only,gaussian_full,xyz_4sigma,16.0,0.75,0.5704697986577181,0.872795045375824,0.4462082982063293,0.2413067761808633,0.872219443321228,0.3527631759643554,0.3497684597969055,0.0029946938157081,0.4166666666666666,0.3096764346764347,0.4583333333333333,0.3255952380952381,0.75,0.25,0.75,0.25,0.7333333333333333,0.2666666666666667,0.7692307692307693,0.2307692307692307,0.75,0.25,0.625,0.375,0.2637601981351982,0.75,0.6853142072764582,0.5625,0.1277805268764495,Deep ensemble
FP1,xyz_only,gaussian_full,xyz_4sigma,16.0,0.25,0.1829787234042553,2.0730793476104736,1.2350072860717771,0.6677208449691534,0.7797830104827881,0.5889853239059448,0.5803367495536804,0.0086485780775547,0.125,0.6044395419395419,0.0625,0.5842014467014467,0.25,0.75,0.25,0.75,0.2,0.8,0.1538461538461538,0.8461538461538461,0.1666666666666666,0.8333333333333334,0.0,1.0,0.8693506146631147,0.25,0.8314025204956377,0.6875,0.220217015594244,Deep ensemble
FP1,embedding_and_xyz,gaussian_full,xyz_4sigma,16.0,0.125,0.0303030303030302,2.521988868713379,1.379845142364502,0.7279331833124161,0.8294546008110046,0.5114326477050781,0.5010520219802856,0.010380589403212,0.4285714285714285,0.90530402137545,0.1428571428571428,0.7753720485863344,0.125,0.875,0.125,0.875,0.1333333333333333,0.8666666666666667,0.1538461538461538,0.8461538461538461,0.1666666666666666,0.8333333333333334,0.0,1.0,0.8654917131479632,0.125,0.6210863745552451,0.6875,0.170545395463705,Deep ensemble
FP11,real,gaussian_full,xyz_4sigma,16.0,0.9375,0.8926174496644296,0.3180467486381531,0.1623282581567764,0.1582012586295604,0.8230417966842651,0.5137197971343994,0.5076475739479065,0.0060722418129444,0.6,0.1428571428571428,0.2666666666666667,0.0833333333333333,0.9375,0.0625,0.9375,0.0625,0.9333333333333332,0.0666666666666666,0.9230769230769232,0.0769230769230768,0.9166666666666666,0.0833333333333333,1.0,0.0,0.0325319212037962,0.9375,1.103432909638192,0.5625,0.1769582331180572,Deep ensemble
FP11,embedding_only,gaussian_full,xyz_4sigma,16.0,0.625,0.4606741573033708,1.0925520658493042,0.6059991121292114,0.2769530862569809,0.6819409132003784,0.7705418467521667,0.759328305721283,0.0112135838717222,0.5166666666666666,0.401984126984127,0.4499999999999999,0.4826298701298701,0.625,0.375,0.625,0.375,0.6,0.4,0.5384615384615384,0.4615384615384615,0.5833333333333334,0.4166666666666666,0.75,0.25,0.3167418518981019,0.625,1.2123138802671547,0.4375,0.3180591203272342,Deep ensemble
FP11,xyz_only,gaussian_full,xyz_4sigma,16.0,0.25,0.189873417721519,2.414186477661133,1.1872777938842771,0.5812092814594507,0.8312093019485474,0.5105727910995483,0.500621497631073,0.0099513344466686,0.6875,0.855857337107337,0.5625,0.8240833240833241,0.25,0.75,0.25,0.75,0.2666666666666666,0.7333333333333334,0.2307692307692307,0.7692307692307692,0.25,0.75,0.375,0.625,0.5546921828171829,0.25,0.8647400965276372,0.5625,0.1687906943261623,Deep ensemble
FP11,embedding_and_xyz,gaussian_full,xyz_4sigma,16.0,0.25,0.1578947368421053,2.673908472061157,1.177154302597046,0.5597078129649162,0.8097078204154968,0.5412213802337646,0.5317002534866333,0.0095211109146475,0.75,0.8544943482443482,0.6666666666666666,0.8477554852554852,0.25,0.75,0.25,0.75,0.2666666666666666,0.7333333333333334,0.2307692307692307,0.7692307692307692,0.25,0.75,0.375,0.625,0.5116862304362305,0.25,0.8647400965276372,0.5625,0.1902921684086322,Deep ensemble
FP3,real,gaussian_full,xyz_4sigma,16.0,0.75,0.5555555555555556,0.4619897007942199,0.277190089225769,0.1981264501810073,0.7197146415710449,0.6540035009384155,0.6470283269882202,0.0069752242416143,0.7708333333333334,0.4511904761904762,0.875,0.6220238095238095,0.75,0.25,0.75,0.25,0.7333333333333333,0.2666666666666667,0.7692307692307693,0.2307692307692307,0.75,0.25,1.0,0.0,0.0899980228105228,0.75,1.0408398374232388,0.625,0.2802853547036648,Deep ensemble
FP3,embedding_only,gaussian_full,xyz_4sigma,16.0,0.375,0.0476190476190476,1.1566593647003174,0.7309436798095703,0.3233321700245142,0.639622151851654,0.8187565803527832,0.8067101240158081,0.0120464079082012,0.6333333333333333,0.8044352869352869,0.4666666666666667,0.6847322122322121,0.375,0.625,0.375,0.625,0.4,0.6,0.4615384615384615,0.5384615384615384,0.4166666666666667,0.5833333333333333,0.5,0.5,0.5407482274669775,0.375,1.2130075659799042,0.5,0.3603778406977653,Deep ensemble
FP3,xyz_only,gaussian_full,xyz_4sigma,16.0,0.25,0.1272727272727273,4.266497611999512,1.1622838973999023,0.4806627463549375,0.6407427787780762,0.8510332107543945,0.770413875579834,0.0806193798780441,0.0625,0.5842014467014467,0.375,0.7811591186591187,0.25,0.75,0.25,0.75,0.2,0.8,0.1538461538461538,0.8461538461538461,0.0833333333333333,0.9166666666666666,0.0,1.0,0.8877533924408925,0.25,0.9743147528693494,0.5,0.3592571765184402,Deep ensemble
FP3,embedding_and_xyz,gaussian_full,xyz_4sigma,16.0,0.25,0.0769230769230768,4.901770114898682,1.234391689300537,0.4666598197072744,0.6186127066612244,0.9041366577148438,0.8205691576004028,0.0835675150156021,0.0208333333333333,0.5717014467014467,0.0625,0.5832093832093832,0.25,0.75,0.25,0.75,0.2,0.8,0.0769230769230769,0.9230769230769232,0.0833333333333333,0.9166666666666666,0.0,1.0,0.8982429029304031,0.25,0.9743147528693494,0.5,0.3813872672617435,Deep ensemble
FP4,real,gaussian_full,xyz_4sigma,15.0,0.8666666666666667,0.7457627118644068,0.2602558135986328,0.1584148854017257,0.1592919429143269,0.8865088224411011,0.338412880897522,0.3360247313976288,0.0023881485685706,0.9230769230769232,0.75,0.8846153846153846,0.7,0.8666666666666667,0.1333333333333333,0.8666666666666667,0.1333333333333333,0.9285714285714286,0.0714285714285714,0.9166666666666666,0.0833333333333333,1.0,0.0,1.0,0.0,0.0198901098901098,0.8666666666666667,0.8532361505557784,0.6,0.1134912053743998,Deep ensemble
FP4,embedding_only,gaussian_full,xyz_4sigma,15.0,0.8666666666666667,0.7457627118644068,0.2945203483104706,0.1609005779027938,0.2054687897364298,0.7987022995948792,0.4994907081127167,0.4949409067630768,0.0045497929677367,0.8846153846153846,0.5,0.6538461538461539,0.5909090909090909,0.8666666666666667,0.1333333333333333,0.8666666666666667,0.1333333333333333,0.8571428571428571,0.1428571428571429,0.9166666666666666,0.0833333333333333,1.0,0.0,1.0,0.0,0.0246520146520146,0.8666666666666667,0.8532361505557784,0.6,0.201297660668691,Deep ensemble
FP4,xyz_only,gaussian_full,xyz_4sigma,15.0,0.8,0.5871559633027523,0.6196895837783813,0.3672296106815338,0.1804234166940053,0.8273006677627563,0.4469188749790191,0.4324822127819061,0.0144366109743714,0.5833333333333333,0.2777777777777778,0.6388888888888888,0.3027777777777777,0.8,0.1999999999999999,0.8,0.1999999999999999,0.7857142857142857,0.2142857142857143,0.75,0.25,0.7272727272727273,0.2727272727272727,0.875,0.125,0.1208944758944759,0.8,0.5799151714181009,0.7333333333333333,0.1726994037628174,Deep ensemble
FP4,embedding_and_xyz,gaussian_full,xyz_4sigma,15.0,0.8,0.5871559633027523,0.6430770754814148,0.3905877768993377,0.2892963647842407,0.8106083273887634,0.5131006240844727,0.4964159429073334,0.0166846867650747,0.5833333333333334,0.273015873015873,0.6111111111111112,0.2888888888888888,0.8,0.1999999999999999,0.8,0.1999999999999999,0.7857142857142857,0.2142857142857143,0.75,0.25,0.7272727272727273,0.2727272727272727,0.875,0.125,0.1171907721907722,0.8,0.5799151714181009,0.7333333333333333,0.1893916686375935,Deep ensemble
FP6,real,gaussian_full,xyz_4sigma,16.0,0.125,0.081967213114754,1.6933221817016602,0.8843196630477905,0.5263338387012482,0.5564262866973877,0.8300440311431885,0.8179634809494019,0.0120805352926254,0.8928571428571428,0.985969387755102,0.0,0.7313244295387152,0.125,0.875,0.125,0.875,0.1333333333333333,0.8666666666666667,0.1538461538461538,0.8461538461538461,0.1666666666666666,0.8333333333333334,0.25,0.75,0.6958984591797093,0.125,0.7774621319109287,0.6875,0.4435736909508705,Deep ensemble
FP6,embedding_only,gaussian_full,xyz_4sigma,16.0,0.1875,0.1148936170212766,1.934887409210205,1.0475918054580688,0.5285812206566334,0.6551432013511658,0.7740857601165771,0.7632044553756714,0.0108813066035509,0.6923076923076923,0.9274000572077494,0.0512820512820512,0.6621394631010016,0.1875,0.8125,0.1875,0.8125,0.2,0.8,0.2307692307692307,0.7692307692307692,0.25,0.75,0.25,0.75,0.6949637601981352,0.1875,0.9832739442463888,0.4375,0.3448568135499954,Deep ensemble
FP6,xyz_only,gaussian_full,xyz_4sigma,16.0,0.0,0.0,7.569374084472656,1.6367878913879397,0.7412001714110374,0.7412002086639404,0.602717936038971,0.5629271268844604,0.0397908240556716,,,,,0.0,1.0,0.0,1.0,0.0,1.0,0.0,1.0,0.0,1.0,0.0,1.0,0.9375,0.0,0.8305236914828463,0.625,0.2587998285889625,Deep ensemble
FP6,embedding_and_xyz,gaussian_full,xyz_4sigma,16.0,0.0,0.0,7.8549885749816895,1.6156518459320068,0.7129400167614222,0.712939977645874,0.6386227011680603,0.610217273235321,0.0284054726362228,,,,,0.0,1.0,0.0,1.0,0.0,1.0,0.0,1.0,0.0,1.0,0.0,1.0,0.9375,0.0,0.9743147528693494,0.5,0.2870599962770939,Deep ensemble
FP7,real,gaussian_full,xyz_4sigma,18.0,0.2777777777777778,0.075098814229249,1.6488158702850342,0.9263736009597778,0.469140264723036,0.6948258876800537,0.6767980456352234,0.6705885529518127,0.0062095285393297,0.6000000000000001,0.8571715175221961,0.5692307692307692,0.7562302579270904,0.2777777777777778,0.7222222222222222,0.2777777777777778,0.7222222222222222,0.2941176470588235,0.7058823529411764,0.3333333333333333,0.6666666666666667,0.3846153846153846,0.6153846153846154,0.4444444444444444,0.5555555555555556,0.686700377509201,0.2777777777777778,1.2228533796175998,0.3888888888888889,0.3051741454336378,Deep ensemble
FP7,embedding_only,gaussian_full,xyz_4sigma,18.0,0.2222222222222222,-0.0120481927710842,1.7598870992660522,1.0214407444000244,0.5459741089079115,0.7103415727615356,0.7105808258056641,0.7002288103103638,0.0103520415723323,0.5535714285714286,0.7898800429262613,0.5,0.8130154392759434,0.2222222222222222,0.7777777777777778,0.2222222222222222,0.7777777777777778,0.1764705882352941,0.8235294117647058,0.2,0.8,0.2307692307692307,0.7692307692307692,0.3333333333333333,0.6666666666666667,0.7298276659796268,0.2222222222222222,1.0114042647073518,0.5,0.2896584139929877,Deep ensemble
FP7,xyz_only,gaussian_full,xyz_4sigma,18.0,0.5,0.0,1.9777913093566892,0.8760704398155212,0.4360810750060611,0.9360811710357666,0.2312211245298385,0.2165633589029312,0.014657761901617,1.0,1.0,1.0,1.0,0.5,0.5,0.5,0.5,0.5294117647058824,0.4705882352941176,0.6,0.4,0.6923076923076923,0.3076923076923077,1.0,0.0,0.1530411989970813,0.5,-0.0,1.0,0.0639189316166771,Deep ensemble
FP7,embedding_and_xyz,gaussian_full,xyz_4sigma,18.0,0.5,0.0,2.245449542999268,0.9264029264450072,0.4631629685560862,0.9631630778312684,0.1718600988388061,0.1638509631156921,0.0080091375857591,0.888888888888889,0.9194444444444444,0.888888888888889,0.9194444444444444,0.5,0.5,0.5,0.5,0.5294117647058824,0.4705882352941176,0.6,0.4,0.6923076923076923,0.3076923076923077,0.7777777777777778,0.2222222222222222,0.2251331502556992,0.5,-0.0,1.0,0.0368370248211754,Deep ensemble
FP9,real,gaussian_full,xyz_4sigma,15.0,0.6,0.4705882352941176,0.9679476022720336,0.5598061084747314,0.2706255435943603,0.7791299223899841,0.5918229818344116,0.5830370783805847,0.0087859071791172,0.7962962962962963,0.707936507936508,0.8888888888888888,0.7345238095238095,0.6,0.4,0.6,0.4,0.6428571428571429,0.3571428571428571,0.6666666666666666,0.3333333333333333,0.6363636363636364,0.3636363636363636,0.875,0.125,0.173031598031598,0.6,1.0625354080615974,0.5333333333333333,0.220870037873586,Deep ensemble
FP9,embedding_only,gaussian_full,xyz_4sigma,15.0,0.2666666666666666,-0.0060975609756099,1.5761033296585083,1.022661566734314,0.5307851672172545,0.7897294163703918,0.5806335806846619,0.5750604867935181,0.0055731930769979,0.7045454545454546,0.8696293605384515,0.8636363636363636,0.9543335452426362,0.2666666666666666,0.7333333333333334,0.2666666666666666,0.7333333333333334,0.2857142857142857,0.7142857142857143,0.3333333333333333,0.6666666666666667,0.2727272727272727,0.7272727272727273,0.375,0.625,0.5315434565434566,0.2666666666666666,0.5799151714181009,0.7333333333333333,0.2102705558141072,Deep ensemble
FP9,xyz_only,gaussian_full,xyz_4sigma,15.0,0.4666666666666667,0.3181818181818182,2.021639347076416,0.956079363822937,0.4755277554194133,0.8829814791679382,0.3828674256801605,0.374032199382782,0.0088351815938949,0.6607142857142858,0.6307921245421245,0.6428571428571429,0.6084145021645021,0.4666666666666667,0.5333333333333333,0.4666666666666667,0.5333333333333333,0.4285714285714285,0.5714285714285714,0.4166666666666667,0.5833333333333333,0.4545454545454545,0.5454545454545454,0.625,0.375,0.3484780034780034,0.4666666666666667,0.5799151714181009,0.7333333333333333,0.1170184095700581,Deep ensemble
FP9,embedding_and_xyz,gaussian_full,xyz_4sigma,15.0,0.2666666666666666,0.0782122905027933,2.7295379638671875,1.2976373434066772,0.6979932069778443,0.908158838748932,0.2848952412605285,0.2756830751895904,0.0092121083289384,0.6363636363636364,0.7711445120536029,0.5909090909090909,0.7598225007315915,0.2666666666666666,0.7333333333333334,0.2666666666666666,0.7333333333333334,0.2142857142857142,0.7857142857142857,0.25,0.75,0.2727272727272727,0.7272727272727273,0.375,0.625,0.546989121989122,0.2666666666666666,0.2449300267946353,0.9333333333333332,0.0918411970138549,Deep ensemble
L1,real,gaussian_full,xyz_4sigma,16.0,0.6875,0.4838709677419355,0.5910136699676514,0.3947106003761291,0.2659892849624157,0.8670953512191772,0.330815315246582,0.3290175795555115,0.0017977199750021,0.8727272727272728,0.7416666666666667,0.9090909090909092,0.71,0.6875,0.3125,0.6875,0.3125,0.7333333333333333,0.2666666666666667,0.7692307692307693,0.2307692307692307,0.8333333333333334,0.1666666666666666,1.0,0.0,0.0936872589216339,0.6875,0.8305236914828464,0.625,0.1329046711325645,Deep ensemble
L1,embedding_only,gaussian_full,xyz_4sigma,16.0,0.75,0.5949367088607596,0.6328425407409668,0.398887425661087,0.2319614998996258,0.8642445802688599,0.353078544139862,0.3501709103584289,0.0029076538048684,0.8125,0.5416666666666666,0.8333333333333334,0.6666666666666666,0.75,0.25,0.75,0.25,0.7333333333333333,0.2666666666666667,0.8461538461538461,0.1538461538461538,0.8333333333333334,0.1666666666666666,1.0,0.0,0.0824621558996559,0.75,0.9470571522825082,0.5625,0.1357554197311401,Deep ensemble
L1,xyz_only,gaussian_full,xyz_4sigma,16.0,0.5,0.0,1.4109699726104736,0.7799417972564697,0.4152234420180321,0.9152234792709352,0.2682769000530243,0.2649358808994293,0.0033409819006919,1.0,1.0,1.0,1.0,0.5,0.5,0.5,0.5,0.5333333333333333,0.4666666666666667,0.6153846153846154,0.3846153846153846,0.6666666666666666,0.3333333333333333,1.0,0.0,0.1529390748140748,0.5,-0.0,1.0,0.0847765281796455,Deep ensemble
L1,embedding_and_xyz,gaussian_full,xyz_4sigma,16.0,0.5,0.0,1.4270226955413818,0.7485120296478271,0.3999120183289051,0.8999119997024536,0.2910724878311157,0.2868750691413879,0.0041974121704697,1.0,1.0,1.0,1.0,0.5,0.5,0.5,0.5,0.5333333333333333,0.4666666666666667,0.6153846153846154,0.3846153846153846,0.6666666666666666,0.3333333333333333,1.0,0.0,0.1529390748140748,0.5,-0.0,1.0,0.100087996572256,Deep ensemble
L2,real,gaussian_full,xyz_4sigma,16.0,0.8125,0.6883116883116883,0.4062499403953552,0.2554005682468414,0.0977597199380397,0.8529481291770935,0.355587363243103,0.3523339927196502,0.0032533635385334,0.8205128205128205,0.625,0.7948717948717949,0.5916666666666666,0.8125,0.1875,0.8125,0.1875,0.8666666666666667,0.1333333333333333,0.8461538461538461,0.1538461538461538,0.9166666666666666,0.0833333333333333,1.0,0.0,0.0568212603368853,0.8125,1.0408398374232388,0.625,0.1470518931746482,Deep ensemble
L2,embedding_only,gaussian_full,xyz_4sigma,16.0,0.75,0.5789473684210527,0.4808352589607239,0.2937729954719543,0.2256242744624614,0.8471602201461792,0.3809245228767395,0.3779721558094024,0.0029523754492402,0.9166666666666669,0.875,0.8333333333333334,0.5595238095238095,0.75,0.25,0.75,0.25,0.8,0.1999999999999999,0.9230769230769232,0.0769230769230768,0.9166666666666666,0.0833333333333333,1.0,0.0,0.0581333596958597,0.75,0.9002560512685369,0.625,0.1528397835791111,Deep ensemble
L2,xyz_only,gaussian_full,xyz_4sigma,16.0,0.5,0.0,1.5862843990325928,0.801030158996582,0.40667375177145,0.9066737294197084,0.278926819562912,0.2771801054477691,0.0017467394936829,1.0,1.0,1.0,1.0,0.5,0.5,0.5,0.5,0.5333333333333333,0.4666666666666667,0.6153846153846154,0.3846153846153846,0.6666666666666666,0.3333333333333333,1.0,0.0,0.1529390748140748,0.5,-0.0,1.0,0.093326274305582,Deep ensemble
L2,embedding_and_xyz,gaussian_full,xyz_4sigma,16.0,0.5,0.0,1.6308114528656006,0.7876366376876831,0.3947631083428859,0.8947631120681763,0.2984570264816284,0.2966285645961761,0.0018284558318555,1.0,1.0,1.0,1.0,0.5,0.5,0.5,0.5,0.5333333333333333,0.4666666666666667,0.6153846153846154,0.3846153846153846,0.6666666666666666,0.3333333333333333,1.0,0.0,0.1529390748140748,0.5,-0.0,1.0,0.105236891657114,Deep ensemble
N1,real,gaussian_full,xyz_4sigma,14.0,0.7142857142857143,0.504424778761062,0.5999945402145386,0.3662843108177185,0.2207874017102377,0.8424023389816284,0.4234562218189239,0.4172146916389465,0.0062415678985416,0.8500000000000001,0.7291666666666666,0.8500000000000001,0.6916666666666667,0.7142857142857143,0.2857142857142857,0.7142857142857143,0.2857142857142857,0.7692307692307693,0.2307692307692307,0.75,0.25,0.9,0.0999999999999999,0.8571428571428571,0.1428571428571429,0.0917437721009149,0.7142857142857143,0.8982053397041498,0.5,0.1575976908206939,Deep ensemble
N1,embedding_only,gaussian_full,xyz_4sigma,14.0,0.7857142857142857,0.5531914893617023,0.6084070801734924,0.3218298256397247,0.1411802789994648,0.707725465297699,0.6934806108474731,0.6820039749145508,0.0114766554906964,0.8484848484848484,0.5333333333333333,0.696969696969697,0.3595238095238095,0.7857142857142857,0.2142857142857143,0.7857142857142857,0.2142857142857143,0.7692307692307693,0.2307692307692307,0.8333333333333334,0.1666666666666666,0.9,0.0999999999999999,1.0,0.0,0.0561712097426383,0.7857142857142857,0.5982695885852573,0.7142857142857143,0.2922745176724025,Deep ensemble
N1,xyz_only,gaussian_full,xyz_4sigma,14.0,0.2142857142857142,0.0,2.7497031688690186,1.2533531188964844,0.654587128332683,0.8688728213310242,0.3849171996116638,0.3819818496704101,0.0029353133868426,1.0,1.0,1.0,1.0,0.2142857142857142,0.7857142857142857,0.2142857142857142,0.7857142857142857,0.2307692307692307,0.7692307692307692,0.25,0.75,0.3,0.7,0.4285714285714285,0.5714285714285714,0.4537468483897056,0.2142857142857142,-0.0,1.0,0.1311271573816027,Deep ensemble
N1,embedding_and_xyz,gaussian_full,xyz_4sigma,14.0,0.2142857142857142,0.0,2.619903802871704,1.185657620429993,0.6177054601056235,0.8319911360740662,0.4448006749153137,0.4398570358753204,0.004943654872477,1.0,1.0,1.0,1.0,0.2142857142857142,0.7857142857142857,0.2142857142857142,0.7857142857142857,0.2307692307692307,0.7692307692307692,0.25,0.75,0.3,0.7,0.4285714285714285,0.5714285714285714,0.4537468483897056,0.2142857142857142,-0.0,1.0,0.1680088468960353,Deep ensemble
N2,real,gaussian_full,xyz_4sigma,11.0,0.4545454545454545,0.2747252747252746,2.0883493423461914,0.914358377456665,0.4490150971846147,0.7625455856323242,0.5678887367248535,0.5622572898864746,0.0056314449757337,0.3999999999999999,0.5361471861471861,0.3,0.4704064454064454,0.4545454545454545,0.5454545454545454,0.4545454545454545,0.5454545454545454,0.4,0.6,0.4444444444444444,0.5555555555555556,0.375,0.625,0.5,0.5,0.5810343696707333,0.4545454545454545,0.7595473914748635,0.7272727272727273,0.2374544252048839,Deep ensemble
N2,embedding_only,gaussian_full,xyz_4sigma,11.0,0.2727272727272727,0.0,1.744494915008545,0.9446872472763062,0.4555260376496748,0.7135843634605408,0.7082456946372986,0.6908307075500488,0.0174149628728628,0.7916666666666667,0.932426948051948,0.4166666666666667,0.6940836940836942,0.2727272727272727,0.7272727272727273,0.2727272727272727,0.7272727272727273,0.3,0.7,0.3333333333333333,0.6666666666666667,0.375,0.625,0.5,0.5,0.5327331759149941,0.2727272727272727,-0.0,1.0,0.2864156094464389,Deep ensemble
N2,xyz_only,gaussian_full,xyz_4sigma,11.0,0.2727272727272727,0.0,1.521443247795105,0.88076251745224,0.5203267877752131,0.7930541634559631,0.5102927088737488,0.5033140182495117,0.0069787274114787,1.0,1.0,1.0,1.0,0.2727272727272727,0.7272727272727273,0.2727272727272727,0.7272727272727273,0.3,0.7,0.3333333333333333,0.6666666666666667,0.375,0.625,0.5,0.5,0.370611963793782,0.2727272727272727,-0.0,1.0,0.206945923241702,Deep ensemble
N2,embedding_and_xyz,gaussian_full,xyz_4sigma,11.0,0.5454545454545454,0.3292682926829269,1.299937725067139,0.7349430322647095,0.39327457818118,0.7744522094726562,0.5489688515663147,0.5424866080284119,0.0064822887070477,0.5,0.4692857142857143,0.6666666666666667,0.6592857142857143,0.5454545454545454,0.4545454545454546,0.5454545454545454,0.4545454545454546,0.5,0.5,0.4444444444444444,0.5555555555555556,0.375,0.625,0.5,0.5,0.3299324412960777,0.5454545454545454,0.5859526183035508,0.7272727272727273,0.2255477634343234,Deep ensemble
N3,real,gaussian_full,xyz_4sigma,7.0,0.8571428571428571,0.588235294117647,0.2764986455440521,0.1503799855709076,0.1287128244127546,0.8869339823722839,0.3396053314208984,0.3382243514060974,0.0013810449745506,1.0,1.0,1.0,1.0,0.8571428571428571,0.1428571428571429,0.8571428571428571,0.1428571428571429,0.8571428571428571,0.1428571428571429,1.0,0.0,1.0,0.0,1.0,0.0,0.010204081632653,0.8571428571428571,0.410116318288409,0.8571428571428571,0.1130660091127668,Deep ensemble
N3,embedding_only,gaussian_full,xyz_4sigma,7.0,0.7142857142857143,0.0,0.7153267860412598,0.3472746312618255,0.2322737744876316,0.8312165141105652,0.4406627714633941,0.4380150139331817,0.0026476916391402,0.9,0.8333333333333333,0.7,0.5,0.7142857142857143,0.2857142857142857,0.7142857142857143,0.2857142857142857,0.7142857142857143,0.2857142857142857,0.8333333333333334,0.1666666666666666,0.8,0.1999999999999999,1.0,0.0,0.0727891156462584,0.7142857142857143,-0.0,1.0,0.168783494404384,Deep ensemble
N3,xyz_only,gaussian_full,xyz_4sigma,7.0,0.0,0.0,2.805229663848877,1.5032650232315063,0.7761328560965401,0.7761328816413879,0.6409692168235779,0.6306217908859253,0.0103474557399749,,,,,0.0,1.0,0.0,1.0,0.0,1.0,0.0,1.0,0.0,1.0,0.0,1.0,0.8571428571428571,0.0,-0.0,1.0,0.2238671268735613,Deep ensemble
N3,embedding_and_xyz,gaussian_full,xyz_4sigma,7.0,0.0,0.0,3.169865131378174,1.578176498413086,0.8289467777524675,0.8289467692375183,0.5539197325706482,0.5465821027755737,0.0073376256041228,,,,,0.0,1.0,0.0,1.0,0.0,1.0,0.0,1.0,0.0,1.0,0.0,1.0,0.8571428571428571,0.0,-0.0,1.0,0.1710532052176339,Deep ensemble
P1,real,gaussian_full,xyz_4sigma,19.0,0.9473684210526316,0.903061224489796,0.1388710588216781,0.0759792327880859,0.0923986905499508,0.9083653688430786,0.2338268905878067,0.2318571209907531,0.001969733973965,1.0,1.0,0.9444444444444444,0.5,0.9473684210526316,0.0526315789473684,0.9473684210526316,0.0526315789473684,1.0,0.0,1.0,0.0,1.0,0.0,1.0,0.0,0.0013850415512465,0.9473684210526316,0.8392695557891106,0.5789473684210527,0.09163456841519,Deep ensemble
P1,embedding_only,gaussian_full,xyz_4sigma,19.0,0.8947368421052632,0.8109452736318408,0.2631217837333679,0.1559813469648361,0.1125945856696681,0.8883119821548462,0.3135085999965668,0.3089105188846588,0.0045980811119079,0.9117647058823528,0.5,0.9117647058823528,0.5,0.8947368421052632,0.1052631578947368,0.8947368421052632,0.1052631578947368,0.8888888888888888,0.1111111111111111,0.9375,0.0625,1.0,0.0,1.0,0.0,0.015003485235276,0.8947368421052632,0.8569977547780645,0.5263157894736842,0.1116879833372015,Deep ensemble
P1,xyz_only,gaussian_full,xyz_4sigma,19.0,0.5789473684210527,0.0,1.1317275762557983,0.6285889744758606,0.333672843481365,0.91262024641037,0.2691056728363037,0.2659196555614471,0.0031860340386629,1.0,1.0,1.0,1.0,0.5789473684210527,0.4210526315789473,0.5789473684210527,0.4210526315789473,0.6111111111111112,0.3888888888888888,0.6875,0.3125,0.7857142857142857,0.2142857142857143,1.0,0.0,0.1043678025937273,0.5789473684210527,-0.0,1.0,0.0873797598638032,Deep ensemble
P1,embedding_and_xyz,gaussian_full,xyz_4sigma,19.0,0.5789473684210527,0.0,1.0568519830703735,0.5918784737586975,0.314415925427487,0.8933632373809814,0.3110046684741974,0.3068673610687256,0.0041373465210199,1.0,1.0,1.0,1.0,0.5789473684210527,0.4210526315789473,0.5789473684210527,0.4210526315789473,0.6111111111111112,0.3888888888888888,0.6875,0.3125,0.7857142857142857,0.2142857142857143,1.0,0.0,0.1043678025937273,0.5789473684210527,-0.0,1.0,0.1066366998772872,Deep ensemble
P2,real,gaussian_full,xyz_4sigma,20.0,0.9,0.8148148148148149,0.2353964298963546,0.1216299757361412,0.1436982929706573,0.8617178201675415,0.4138922691345215,0.4108462929725647,0.0030460064299404,0.9166666666666666,0.5,0.9722222222222222,0.8333333333333333,0.9,0.0999999999999999,0.8947368421052632,0.1052631578947368,0.9444444444444444,0.0555555555555555,1.0,0.0,1.0,0.0,1.0,0.0,0.0134821121431028,0.9,0.8556886672556694,0.5,0.1382822126150131,Deep ensemble
P2,embedding_only,gaussian_full,xyz_4sigma,20.0,0.8,0.6428571428571428,0.5027077794075012,0.2767327129840851,0.1695180714130401,0.8010756373405457,0.5386806130409241,0.5348944664001465,0.0037861138116568,0.75,0.6515151515151515,0.515625,0.2348776223776223,0.8,0.1999999999999999,0.8421052631578947,0.1578947368421053,0.8888888888888888,0.1111111111111111,0.875,0.125,0.8571428571428571,0.1428571428571429,0.8,0.1999999999999999,0.0850642748204667,0.8,0.9433483923290392,0.5,0.1989243507385253,Deep ensemble
P2,xyz_only,gaussian_full,xyz_4sigma,20.0,0.6,0.0,0.6119410991668701,0.4296712875366211,0.2782178610563278,0.8719609379768372,0.3281832635402679,0.3232206404209137,0.004962661769241,1.0,1.0,1.0,1.0,0.6,0.4,0.631578947368421,0.368421052631579,0.6666666666666666,0.3333333333333333,0.75,0.25,0.8571428571428571,0.1428571428571429,1.0,0.0,0.0932826126401977,0.6,-0.0,1.0,0.1280390381813049,Deep ensemble
P2,embedding_and_xyz,gaussian_full,xyz_4sigma,20.0,0.65,0.1515151515151517,0.6235048770904541,0.4179081916809082,0.2661344528198243,0.856306254863739,0.3581795692443847,0.3533916175365448,0.0047879582270979,0.956043956043956,0.9093537414965986,0.967032967032967,0.9379251700680272,0.65,0.35,0.6842105263157895,0.3157894736842105,0.7222222222222222,0.2777777777777778,0.75,0.25,0.8571428571428571,0.1428571428571429,1.0,0.0,0.0836820794444633,0.65,0.1985152433458726,0.95,0.1436937808990478,Deep ensemble
P3,real,gaussian_full,xyz_4sigma,15.0,0.8666666666666667,0.8026315789473684,0.4501127004623413,0.2360388487577438,0.1964859406153361,0.67018061876297,0.7683314681053162,0.7533224821090698,0.0150089999660849,0.7692307692307692,0.325,0.8076923076923077,0.4166666666666666,0.8666666666666667,0.1333333333333333,0.8666666666666667,0.1333333333333333,0.8571428571428571,0.1428571428571429,0.8333333333333334,0.1666666666666666,0.9090909090909092,0.0909090909090909,1.0,0.0,0.0413963813963814,0.8666666666666667,1.2454410537617744,0.4666666666666667,0.3298192898432414,Deep ensemble
P3,embedding_only,gaussian_full,xyz_4sigma,15.0,0.3333333333333333,0.1379310344827586,1.267668604850769,0.8051031231880188,0.4620291829109192,0.7256650328636169,0.6910296082496643,0.6816514730453491,0.0093781948089599,0.68,0.7546428571428572,0.52,0.651078921078921,0.3333333333333333,0.6666666666666667,0.3333333333333333,0.6666666666666667,0.2857142857142857,0.7142857142857143,0.3333333333333333,0.6666666666666667,0.3636363636363636,0.6363636363636364,0.5,0.5,0.4906944906944907,0.3333333333333333,0.9502705392332348,0.6,0.2743350187937418,Deep ensemble
P3,xyz_only,gaussian_full,xyz_4sigma,15.0,0.1333333333333333,0.0,2.4690237045288086,1.3858561515808103,0.7511228402455647,0.884456217288971,0.3998953402042389,0.3706908822059631,0.0292044840753078,1.0,0.9999999999999998,1.0,0.9999999999999998,0.1333333333333333,0.8666666666666667,0.1333333333333333,0.8666666666666667,0.1428571428571428,0.8571428571428572,0.1666666666666666,0.8333333333333334,0.1818181818181818,0.8181818181818181,0.25,0.75,0.5953472453472453,0.1333333333333333,-0.0,1.0,0.1155438145001729,Deep ensemble
P3,embedding_and_xyz,gaussian_full,xyz_4sigma,15.0,0.1333333333333333,0.0,3.2583718299865723,1.5537375211715698,0.8025073647499084,0.9358407258987428,0.2720000445842743,0.252101868391037,0.0198981538414955,0.9230769230769232,0.9885883347421808,0.9230769230769232,0.9897435897435896,0.1333333333333333,0.8666666666666667,0.1333333333333333,0.8666666666666667,0.1428571428571428,0.8571428571428572,0.1666666666666666,0.8333333333333334,0.1818181818181818,0.8181818181818181,0.25,0.75,0.650902800902801,0.1333333333333333,-0.0,1.0,0.0641593098640442,Deep ensemble
P4,real,gaussian_full,xyz_4sigma,20.0,0.9,0.8165137614678899,0.4776162505149841,0.2370024025440216,0.1263857364654541,0.8283487558364868,0.4912999272346496,0.4886942505836487,0.0026056028436869,0.4722222222222222,0.1458333333333333,0.5,0.1428571428571428,0.9,0.0999999999999999,0.8947368421052632,0.1052631578947368,0.8888888888888888,0.1111111111111111,0.875,0.125,0.9285714285714286,0.0714285714285714,0.9,0.0999999999999999,0.0905291827195852,0.9,0.926506603289533,0.55,0.1716512709856033,Deep ensemble
P4,embedding_only,gaussian_full,xyz_4sigma,20.0,0.8,0.641255605381166,0.5862395763397217,0.3156009316444397,0.1852600589394569,0.745425820350647,0.67006915807724,0.6620521545410156,0.008017006330192,0.890625,0.5845238095238094,0.59375,0.2875,0.8,0.1999999999999999,0.7894736842105263,0.2105263157894736,0.8333333333333334,0.1666666666666666,0.875,0.125,0.9285714285714286,0.0714285714285714,1.0,0.0,0.0428967639687453,0.8,0.8556886672556694,0.5,0.2545741736888885,Deep ensemble
P4,xyz_only,gaussian_full,xyz_4sigma,20.0,0.65,0.0,0.8734986186027527,0.4877952039241791,0.2451126456260681,0.8951126337051392,0.2850576341152191,0.2823283672332763,0.0027292736340314,1.0,0.9999999999999998,1.0,0.9999999999999998,0.65,0.35,0.6842105263157895,0.3157894736842105,0.7222222222222222,0.2777777777777778,0.8125,0.1875,0.9285714285714286,0.0714285714285714,1.0,0.0,0.0698061636935476,0.65,-0.0,1.0,0.1048873126506805,Deep ensemble
P4,embedding_and_xyz,gaussian_full,xyz_4sigma,20.0,0.65,0.0,0.8609488606452942,0.4712233543395996,0.2291094422340392,0.8791095018386841,0.3044267892837524,0.3015946447849273,0.0028322041034698,1.0,0.9999999999999998,1.0,0.9999999999999998,0.65,0.35,0.6842105263157895,0.3157894736842105,0.7222222222222222,0.2777777777777778,0.8125,0.1875,0.9285714285714286,0.0714285714285714,1.0,0.0,0.0698061636935476,0.65,-0.0,1.0,0.1208905339241027,Deep ensemble
S1,real,gaussian_full,xyz_4sigma,13.0,0.7692307692307693,0.61,0.8431650400161743,0.4929899871349334,0.3422632721754221,0.8439128398895264,0.3894599676132202,0.383272647857666,0.0061873029917478,0.5,0.2757936507936508,0.5,0.2757936507936508,0.7692307692307693,0.2307692307692307,0.7692307692307693,0.2307692307692307,0.75,0.25,0.7272727272727273,0.2727272727272727,0.7,0.3,0.7142857142857143,0.2857142857142857,0.161448167217398,0.7692307692307693,0.8587409130062869,0.6153846153846154,0.1560871738653916,Deep ensemble
S1,embedding_only,gaussian_full,xyz_4sigma,13.0,0.7692307692307693,0.5851063829787233,0.4588837325572967,0.3063958287239074,0.1855219556735112,0.8301674723625183,0.4519227743148803,0.4462443888187408,0.0056783878244459,0.7333333333333333,0.4206349206349206,0.9,0.6388888888888888,0.7692307692307693,0.2307692307692307,0.7692307692307693,0.2307692307692307,0.75,0.25,0.7272727272727273,0.2727272727272727,0.8,0.1999999999999999,0.8571428571428571,0.1428571428571429,0.0936215493907801,0.7692307692307693,0.666278442414676,0.6153846153846154,0.1698325138825636,Deep ensemble
S1,xyz_only,gaussian_full,xyz_4sigma,13.0,0.3846153846153846,0.1612903225806451,1.1901476383209229,0.7063071727752686,0.4075302344102127,0.7506450414657593,0.6545385718345642,0.6274898052215576,0.0270488262176513,1.0,1.0,1.0,1.0,0.3846153846153846,0.6153846153846154,0.3846153846153846,0.6153846153846154,0.4166666666666667,0.5833333333333333,0.4545454545454545,0.5454545454545454,0.5,0.5,0.7142857142857143,0.2857142857142857,0.2467927371773525,0.3846153846153846,0.6172417697303416,0.6923076923076923,0.2493549447793226,Deep ensemble
S1,embedding_and_xyz,gaussian_full,xyz_4sigma,13.0,0.3846153846153846,0.1937984496124031,1.004159927368164,0.6459874510765076,0.4311803441781264,0.7004526853561401,0.784050703048706,0.7585246562957764,0.0255259871482849,1.0,1.0,0.925,0.9526289682539684,0.3846153846153846,0.6153846153846154,0.3846153846153846,0.6153846153846154,0.4166666666666667,0.5833333333333333,0.4545454545454545,0.5454545454545454,0.5,0.5,0.7142857142857143,0.2857142857142857,0.2467927371773525,0.3846153846153846,0.666278442414676,0.6153846153846154,0.2995473788334773,Deep ensemble
S10,real,gaussian_full,xyz_4sigma,22.0,0.8181818181818182,0.681159420289855,0.5046412348747253,0.2907532453536987,0.1866683092984286,0.7721381783485413,0.5631234645843506,0.5413545966148376,0.0217689350247383,0.6666666666666667,0.3192401960784313,0.625,0.2972222222222221,0.8181818181818182,0.1818181818181817,0.8095238095238095,0.1904761904761904,0.8,0.1999999999999999,0.8333333333333334,0.1666666666666666,0.875,0.125,0.9090909090909092,0.0909090909090909,0.1004081636223488,0.8181818181818182,1.072920876297377,0.5,0.2278618920933116,Deep ensemble
S10,embedding_only,gaussian_full,xyz_4sigma,22.0,0.4545454545454545,0.1876923076923077,1.3368935585021973,0.8005468845367432,0.4315405149351466,0.7742888927459717,0.5481765270233154,0.5202726125717163,0.0279038492590188,0.5333333333333334,0.5572837980732718,0.6416666666666666,0.700184647224121,0.4545454545454545,0.5454545454545454,0.4285714285714285,0.5714285714285714,0.4,0.6,0.3888888888888889,0.6111111111111112,0.4375,0.5625,0.4545454545454545,0.5454545454545454,0.483634477173388,0.4545454545454545,0.930216837088864,0.5,0.2257110693237998,Deep ensemble
S10,xyz_only,gaussian_full,xyz_4sigma,22.0,0.5909090909090909,0.3443708609271523,1.0423046350479126,0.5724897384643555,0.2836725847287612,0.7930038571357727,0.5802822113037109,0.5383239388465881,0.0419582389295101,0.7008547008547008,0.58997113997114,0.6923076923076923,0.5900701694819341,0.5909090909090909,0.409090909090909,0.5714285714285714,0.4285714285714286,0.6,0.4,0.6111111111111112,0.3888888888888888,0.6875,0.3125,0.8181818181818182,0.1818181818181817,0.2916872153942939,0.5909090909090909,0.6554817739013927,0.6363636363636364,0.2069961374456232,Deep ensemble
S10,embedding_and_xyz,gaussian_full,xyz_4sigma,22.0,0.5,0.2621951219512195,2.0375452041625977,0.9381722807884216,0.4799653020772067,0.8504661321640015,0.4759352803230285,0.4426635503768921,0.0332717485725879,0.1487603305785123,0.3591788328630434,0.2727272727272727,0.4587305445594215,0.5,0.5,0.4761904761904761,0.5238095238095238,0.45,0.55,0.3888888888888889,0.6111111111111112,0.375,0.625,0.1818181818181818,0.8181818181818181,0.7191302314191421,0.5,0.6890092384766586,0.5454545454545454,0.1495339491150596,Deep ensemble
S11,real,gaussian_full,xyz_4sigma,20.0,0.8,0.5698924731182795,0.4525615274906158,0.2896605730056762,0.1454097211360931,0.8010345697402954,0.5335079431533813,0.5246455669403076,0.008862386457622,0.734375,0.3992424242424243,0.578125,0.4625,0.8,0.1999999999999999,0.7894736842105263,0.2105263157894736,0.8333333333333334,0.1666666666666666,0.8125,0.1875,0.8571428571428571,0.1428571428571429,0.9,0.0999999999999999,0.0814387979151911,0.8,0.8237197315118312,0.6,0.198965448141098,Deep ensemble
S11,embedding_only,gaussian_full,xyz_4sigma,20.0,0.75,0.5073891625615763,0.6626511812210083,0.3972514867782593,0.155926901102066,0.7322571873664856,0.7162472605705261,0.6956545114517212,0.0205927230417728,0.5333333333333333,0.4267676767676768,0.5466666666666666,0.2893939393939394,0.75,0.25,0.7894736842105263,0.2105263157894736,0.7777777777777778,0.2222222222222222,0.75,0.25,0.7142857142857143,0.2857142857142857,0.7,0.3,0.2082961276769326,0.75,0.9745701894462542,0.55,0.2677428513765335,Deep ensemble
S11,xyz_only,gaussian_full,xyz_4sigma,20.0,0.2,0.0643274853801167,2.4052844047546387,1.3092262744903564,0.7000689744949342,0.9000689387321472,0.3245627284049988,0.3179010450839996,0.00666164746508,0.84375,0.947081538763524,0.859375,0.954894038763524,0.2,0.8,0.2105263157894736,0.7894736842105263,0.2222222222222222,0.7777777777777778,0.25,0.75,0.2857142857142857,0.7142857142857143,0.3,0.7,0.5444587563279514,0.2,0.1985152433458726,0.95,0.0999310433864593,Deep ensemble
S11,embedding_and_xyz,gaussian_full,xyz_4sigma,20.0,0.15,0.0,2.5346360206604004,1.3602334260940552,0.7161478340625763,0.8661478757858276,0.4001407623291015,0.3895787596702575,0.0105619747191667,1.0,1.0,1.0,1.0,0.15,0.85,0.1578947368421052,0.8421052631578947,0.1666666666666666,0.8333333333333334,0.1875,0.8125,0.2142857142857142,0.7857142857142857,0.3,0.7,0.5640890514284478,0.15,-0.0,1.0,0.1338521838188171,Deep ensemble
S12,real,gaussian_full,xyz_4sigma,25.0,0.96,0.931129476584022,0.1671501100063324,0.0917172059416771,0.0809189343452453,0.9010745882987976,0.2970709204673767,0.2932988405227661,0.0037720852997153,0.875,0.25,0.7916666666666666,0.1666666666666666,0.96,0.04,0.9583333333333334,0.0416666666666666,0.9565217391304348,0.0434782608695651,1.0,0.0,1.0,0.0,1.0,0.0,0.006023978919631,0.96,1.038649536702367,0.52,0.0989254164695739,Deep ensemble
S12,embedding_only,gaussian_full,xyz_4sigma,25.0,0.84,0.7289972899728997,0.2574462294578552,0.1468001753091812,0.1122891139984131,0.8391554951667786,0.4352491497993469,0.4277496039867401,0.0074995313771069,0.9285714285714286,0.7678571428571428,0.7857142857142857,0.4754901960784313,0.84,0.16,0.875,0.125,0.9130434782608696,0.0869565217391304,0.9,0.0999999999999999,1.0,0.0,1.0,0.0,0.0252294114733474,0.84,0.9743417807689858,0.56,0.1608444666862487,Deep ensemble
S12,xyz_only,gaussian_full,xyz_4sigma,25.0,0.92,0.8611111111111112,0.2639497220516205,0.152707889676094,0.1141451907157898,0.8650364875793457,0.3944308161735534,0.3858519494533539,0.0085789030417799,0.8043478260869564,0.25,0.8043478260869564,0.25,0.92,0.0799999999999999,0.9166666666666666,0.0833333333333333,0.9130434782608696,0.0869565217391304,0.95,0.05,0.9444444444444444,0.0555555555555555,1.0,0.0,0.020280205124141,0.92,1.0201306525013127,0.56,0.1349634790420532,Deep ensemble
S12,embedding_and_xyz,gaussian_full,xyz_4sigma,25.0,0.8,0.6468926553672316,0.4221635162830353,0.2397693246603012,0.132813937664032,0.7937735915184021,0.5188891887664795,0.5044764876365662,0.0144127095118165,0.9,0.7976190476190477,0.95,0.8711111111111112,0.8,0.1999999999999999,0.8333333333333334,0.1666666666666666,0.8695652173913043,0.1304347826086956,0.9,0.0999999999999999,0.9444444444444444,0.0555555555555555,1.0,0.0,0.0441394446551937,0.8,0.8825632953798344,0.64,0.2062264442443847,Deep ensemble
S13,real,gaussian_full,xyz_4sigma,22.0,0.3636363636363636,0.2413793103448275,1.894277572631836,1.0708099603652954,0.5738504136150534,0.8693668842315674,0.437175303697586,0.4315754771232605,0.0055999611504375,0.6696428571428572,0.7272020638092065,0.6160714285714286,0.6586521438412194,0.3636363636363636,0.6363636363636364,0.3809523809523809,0.6190476190476191,0.35,0.65,0.3333333333333333,0.6666666666666667,0.375,0.625,0.4545454545454545,0.5454545454545454,0.4198039615574093,0.3636363636363636,0.8454652292345644,0.5,0.1306330886754122,Deep ensemble
S13,embedding_only,gaussian_full,xyz_4sigma,22.0,0.3181818181818182,0.1749999999999999,2.0068883895874023,1.0815081596374512,0.5554145574569702,0.838229775428772,0.5212562084197998,0.5109308958053589,0.0103253610432147,0.6952380952380952,0.8119738703562233,0.7142857142857143,0.8415128226892933,0.3181818181818182,0.6818181818181819,0.3333333333333333,0.6666666666666667,0.35,0.65,0.3333333333333333,0.6666666666666667,0.3125,0.6875,0.4545454545454545,0.5454545454545454,0.4998864422080718,0.3181818181818182,0.6890092384766586,0.5454545454545454,0.1617702570828524,Deep ensemble
S13,xyz_only,gaussian_full,xyz_4sigma,22.0,0.3636363636363636,0.2542372881355932,1.8664650917053225,1.064476490020752,0.5701144567944787,0.8636087775230408,0.453648179769516,0.4477753937244415,0.0058727753348648,0.6607142857142857,0.6914877780949208,0.6071428571428571,0.6515092866983623,0.3636363636363636,0.6363636363636364,0.3333333333333333,0.6666666666666667,0.35,0.65,0.3333333333333333,0.6666666666666667,0.375,0.625,0.4545454545454545,0.5454545454545454,0.4219684637219115,0.3636363636363636,0.8454652292345644,0.5,0.1363912278955633,Deep ensemble
S13,embedding_and_xyz,gaussian_full,xyz_4sigma,22.0,0.3181818181818182,0.1749999999999999,1.9728327989578247,1.0767580270767212,0.5523438534953378,0.8343879580497742,0.5411282181739807,0.5304561257362366,0.0106721147894859,0.6761904761904761,0.79881147719383,0.7047619047619048,0.8381794893559599,0.3181818181818182,0.6818181818181819,0.3333333333333333,0.6666666666666667,0.35,0.65,0.3333333333333333,0.6666666666666667,0.3125,0.6875,0.4545454545454545,0.5454545454545454,0.5071056935449703,0.3181818181818182,0.6890092384766586,0.5454545454545454,0.1656120256944136,Deep ensemble
S14,real,gaussian_full,xyz_4sigma,19.0,0.8947368421052632,0.819047619047619,0.2446617633104324,0.1286609172821045,0.1511180589073582,0.8171876668930054,0.4450649321079254,0.4368622303009033,0.0082026878371834,1.0,1.0,0.9705882352941176,0.8333333333333333,0.8947368421052632,0.1052631578947368,0.8947368421052632,0.1052631578947368,0.9444444444444444,0.0555555555555555,1.0,0.0,1.0,0.0,1.0,0.0,0.0056940597106802,0.8947368421052632,0.955131195451464,0.4736842105263157,0.1828123989858125,Deep ensemble
S14,embedding_only,gaussian_full,xyz_4sigma,19.0,0.6842105263157895,0.4571428571428572,0.6469706296920776,0.4263092279434204,0.1843905888105693,0.7457893490791321,0.5627607703208923,0.5512058734893799,0.0115549014881253,0.6666666666666666,0.526984126984127,0.782051282051282,0.5945767195767196,0.6842105263157895,0.3157894736842105,0.6842105263157895,0.3157894736842105,0.7222222222222222,0.2777777777777778,0.6875,0.3125,0.6428571428571429,0.3571428571428571,0.8,0.1999999999999999,0.1798900927526477,0.6842105263157895,0.955131195451464,0.4736842105263157,0.2542106132758291,Deep ensemble
S14,xyz_only,gaussian_full,xyz_4sigma,19.0,0.5263157894736842,0.3020408163265307,1.0435092449188232,0.7085073590278625,0.3787147418448799,0.7977756261825562,0.4665721654891968,0.4602547287940979,0.0063174339011311,0.6333333333333333,0.5458664791998126,0.7666666666666666,0.7473655973655975,0.5263157894736842,0.4736842105263158,0.5263157894736842,0.4736842105263158,0.5,0.5,0.5,0.5,0.4285714285714285,0.5714285714285714,0.6,0.4,0.2858626165535079,0.5263157894736842,0.6605788876520756,0.7894736842105263,0.2022243738174438,Deep ensemble
S14,embedding_and_xyz,gaussian_full,xyz_4sigma,19.0,0.3157894736842105,0.0,1.5869930982589722,0.9826291799545288,0.5542105624550268,0.8511220216751099,0.4201940596103668,0.4132884740829468,0.0069055762141942,0.8974358974358975,0.9548877216298028,0.8333333333333334,0.8975311892732705,0.3157894736842105,0.6842105263157895,0.3157894736842105,0.6842105263157895,0.3333333333333333,0.6666666666666667,0.375,0.625,0.4285714285714285,0.5714285714285714,0.5,0.5,0.3947592130499089,0.3157894736842105,-0.0,1.0,0.1488779971474095,Deep ensemble
S2,real,gaussian_full,xyz_4sigma,13.0,0.8461538461538461,0.7142857142857143,0.4914392828941345,0.3003008067607879,0.2363806183521564,0.714040219783783,0.6521673202514648,0.643314003944397,0.0088532613590359,0.7272727272727273,0.325,0.4090909090909091,0.1825396825396825,0.8461538461538461,0.1538461538461538,0.8461538461538461,0.1538461538461538,0.8333333333333334,0.1666666666666666,0.8181818181818182,0.1818181818181817,0.8,0.1999999999999999,1.0,0.0,0.0566553105014643,0.8461538461538461,0.9110175397125628,0.4615384615384615,0.2859596931017362,Deep ensemble
S2,embedding_only,gaussian_full,xyz_4sigma,13.0,0.6153846153846154,0.35,0.6727635860443115,0.426414430141449,0.2169632430259997,0.690589964389801,0.6841259002685547,0.6785476207733154,0.0055782725103199,0.8,0.8142857142857143,0.65,0.5911111111111111,0.6153846153846154,0.3846153846153846,0.6153846153846154,0.3846153846153846,0.6666666666666666,0.3333333333333333,0.7272727272727273,0.2727272727272727,0.8,0.1999999999999999,0.7142857142857143,0.2857142857142857,0.1825362671516517,0.6153846153846154,1.0317671113505356,0.6153846153846154,0.3094099851754995,Deep ensemble
S2,xyz_only,gaussian_full,xyz_4sigma,13.0,0.2307692307692307,0.1390728476821191,4.029262065887451,1.3202935457229614,0.6428476709585924,0.8381202220916748,0.4452345073223114,0.4376130700111389,0.0076214526779949,0.3,0.7809598734598734,0.2,0.6671503496503496,0.2307692307692307,0.7692307692307692,0.2307692307692307,0.7692307692307692,0.25,0.75,0.2727272727272727,0.7272727272727273,0.3,0.7,0.0,1.0,0.8242050684358376,0.2307692307692307,1.0100997593541636,0.5384615384615384,0.1618797687383798,Deep ensemble
S2,embedding_and_xyz,gaussian_full,xyz_4sigma,13.0,0.2307692307692307,0.1390728476821191,4.180771827697754,1.3208078145980835,0.6198996901512146,0.8120892643928528,0.4946863055229187,0.4837756752967834,0.0109106004238128,0.1666666666666666,0.6909598734598734,0.1666666666666666,0.6976265401265401,0.2307692307692307,0.7692307692307692,0.2307692307692307,0.7692307692307692,0.25,0.75,0.1818181818181818,0.8181818181818181,0.1,0.9,0.0,1.0,0.8551296993604686,0.2307692307692307,1.0100997593541636,0.5384615384615384,0.18791080896671,Deep ensemble
S3,real,gaussian_full,xyz_4sigma,13.0,0.7692307692307693,0.6422018348623852,0.5692206025123596,0.3526280522346496,0.1892524269910959,0.8407869935035706,0.4234709441661834,0.4203388094902038,0.0031320797279477,0.8333333333333333,0.6666666666666667,0.4333333333333333,0.25,0.7692307692307693,0.2307692307692307,0.7692307692307693,0.2307692307692307,0.8333333333333334,0.1666666666666666,0.8181818181818182,0.1818181818181817,0.8,0.1999999999999999,1.0,0.0,0.0692292749985057,0.7692307692307693,0.8981370031878679,0.5384615384615384,0.1592130340062655,Deep ensemble
S3,embedding_only,gaussian_full,xyz_4sigma,13.0,0.8461538461538461,0.7592592592592592,0.4434244036674499,0.2566871345043182,0.2415715524783501,0.7440691590309143,0.6478917598724365,0.6400086879730225,0.0078830802813172,0.7727272727272727,0.3666666666666667,0.8636363636363636,0.7,0.8461538461538461,0.1538461538461538,0.8461538461538461,0.1538461538461538,0.8333333333333334,0.1666666666666666,0.8181818181818182,0.1818181818181817,0.9,0.0999999999999999,1.0,0.0,0.0489630028091566,0.8461538461538461,1.0905994737794786,0.5384615384615384,0.2559307951193589,Deep ensemble
S3,xyz_only,gaussian_full,xyz_4sigma,13.0,0.5384615384615384,0.0,1.9491623640060425,0.7214798331260681,0.3697384504171518,0.9082000255584716,0.2751434743404388,0.2668488621711731,0.0082946186885237,1.0,1.0,1.0,1.0,0.5384615384615384,0.4615384615384615,0.5384615384615384,0.4615384615384615,0.5833333333333334,0.4166666666666666,0.6363636363636364,0.3636363636363636,0.7,0.3,1.0,0.0,0.1275611140995756,0.5384615384615384,-0.0,1.0,0.0917999836114736,Deep ensemble
S3,embedding_and_xyz,gaussian_full,xyz_4sigma,13.0,0.5384615384615384,0.0,1.77237868309021,0.6859269738197327,0.3381664844659658,0.8766279816627502,0.3325634300708771,0.320796936750412,0.0117665035650134,1.0,1.0,1.0,1.0,0.5384615384615384,0.4615384615384615,0.5384615384615384,0.4615384615384615,0.5833333333333334,0.4166666666666666,0.6363636363636364,0.3636363636363636,0.7,0.3,1.0,0.0,0.1275611140995756,0.5384615384615384,-0.0,1.0,0.1233719908274137,Deep ensemble
S4,real,gaussian_full,xyz_4sigma,21.0,0.7142857142857143,0.3823529411764707,0.5481781959533691,0.3644585013389587,0.1953818939981006,0.8796011805534363,0.2962502837181091,0.2935240268707275,0.0027262275107204,0.8777777777777778,0.6357142857142858,0.8222222222222223,0.6398508898508898,0.7142857142857143,0.2857142857142857,0.7,0.3,0.7368421052631579,0.2631578947368421,0.7647058823529411,0.2352941176470588,0.8666666666666667,0.1333333333333333,1.0,0.0,0.0777483980546784,0.7142857142857143,0.6189407438569727,0.8095238095238095,0.1203987825484503,Deep ensemble
S4,embedding_only,gaussian_full,xyz_4sigma,21.0,0.6666666666666666,0.2575757575757575,0.6269871592521667,0.406683474779129,0.1983093647729782,0.8331092596054077,0.4025480151176452,0.3979895412921905,0.0045584267936646,0.7857142857142856,0.5639455782312925,0.8979591836734694,0.8690476190476191,0.6666666666666666,0.3333333333333333,0.65,0.35,0.631578947368421,0.368421052631579,0.7058823529411765,0.2941176470588235,0.8,0.1999999999999999,0.9090909090909092,0.0909090909090909,0.1386882226002084,0.6666666666666666,0.5010469137590966,0.8571428571428571,0.166890697819846,Deep ensemble
S4,xyz_only,gaussian_full,xyz_4sigma,21.0,0.3809523809523809,0.09,1.475906491279602,0.9867805242538452,0.5523932178815205,0.8995123505592346,0.3195727169513702,0.3149828612804413,0.004589797463268,0.875,0.8268028979567441,0.8846153846153846,0.8652644364182827,0.3809523809523809,0.6190476190476191,0.35,0.65,0.3684210526315789,0.631578947368421,0.4117647058823529,0.5882352941176471,0.4666666666666667,0.5333333333333333,0.6363636363636364,0.3636363636363636,0.2988260099770493,0.3809523809523809,0.1914440819577173,0.9523809523809524,0.1004877317519415,Deep ensemble
S4,embedding_and_xyz,gaussian_full,xyz_4sigma,21.0,0.3333333333333333,0.0,1.7178819179534912,1.0505731105804443,0.5711539756684076,0.904487133026123,0.3090761601924896,0.3052784204483032,0.0037977639585733,0.979591836734694,0.9901360544217686,0.9693877551020408,0.9846415489272632,0.3333333333333333,0.6666666666666667,0.35,0.65,0.3684210526315789,0.631578947368421,0.4117647058823529,0.5882352941176471,0.4666666666666667,0.5333333333333333,0.6363636363636364,0.3636363636363636,0.3127148988659382,0.3333333333333333,-0.0,1.0,0.0955127420879545,Deep ensemble
S5,real,gaussian_full,xyz_4sigma,16.0,0.875,0.7922077922077921,0.3815235197544098,0.2229048013687133,0.2817503772675991,0.7215949296951294,0.5779047608375549,0.5724400281906128,0.0054647019132971,0.9642857142857144,0.8333333333333333,0.8571428571428572,0.4166666666666666,0.875,0.125,0.875,0.125,0.9333333333333332,0.0666666666666666,1.0,0.0,1.0,0.0,1.0,0.0,0.0125372023809523,0.875,0.9743147528693494,0.5,0.2784050218760967,Deep ensemble
S5,embedding_only,gaussian_full,xyz_4sigma,16.0,0.6875,0.3548387096774194,0.6574006080627441,0.3892054557800293,0.2252118028700351,0.6965556740760803,0.729621946811676,0.7200661301612854,0.0095557905733585,0.6909090909090909,0.4442857142857143,0.7090909090909091,0.5166666666666666,0.6875,0.3125,0.6875,0.3125,0.6666666666666666,0.3333333333333333,0.6153846153846154,0.3846153846153846,0.6666666666666666,0.3333333333333333,0.875,0.125,0.1510231521950271,0.6875,0.3767701612564367,0.875,0.3034443520009517,Deep ensemble
S5,xyz_only,gaussian_full,xyz_4sigma,16.0,0.125,0.1039999999999999,1.7009010314941406,1.0636948347091677,0.5696033649146557,0.6946033835411072,0.7627096772193909,0.7190268039703369,0.0436828210949897,0.75,0.965391156462585,0.8928571428571428,0.985969387755102,0.125,0.875,0.125,0.875,0.1333333333333333,0.8666666666666667,0.1538461538461538,0.8461538461538461,0.1666666666666666,0.8333333333333334,0.25,0.75,0.7761067925130426,0.125,0.3767701612564367,0.875,0.305396631360054,Deep ensemble
S5,embedding_and_xyz,gaussian_full,xyz_4sigma,16.0,0.0625,0.0513833992094862,2.750058174133301,1.4313747882843018,0.6952065099030733,0.7577065229415894,0.6206226348876953,0.5934445858001709,0.0271779708564281,0.0666666666666666,0.8746180671180671,0.4,0.94747520997521,0.0625,0.9375,0.0625,0.9375,0.0666666666666666,0.9333333333333332,0.0,1.0,0.0,1.0,0.0,1.0,0.9313802083333332,0.0625,0.2337916587064593,0.9375,0.2422934733331203,Deep ensemble
S6,real,gaussian_full,xyz_4sigma,13.0,0.7692307692307693,0.5568181818181819,0.471692830324173,0.3191673457622528,0.2824384684746082,0.8285439610481262,0.4579027891159057,0.4519144892692566,0.0059883156791329,0.8,0.4777777777777778,0.8,0.4777777777777778,0.7692307692307693,0.2307692307692307,0.7692307692307693,0.2307692307692307,0.75,0.25,0.7272727272727273,0.2727272727272727,0.8,0.1999999999999999,1.0,0.0,0.0730171537863845,0.7692307692307693,0.6870920273799715,0.7692307692307693,0.1714559518373929,Deep ensemble
S6,embedding_only,gaussian_full,xyz_4sigma,13.0,0.7692307692307693,0.5568181818181819,0.5176968574523926,0.3272854685783386,0.2874673788364117,0.740585446357727,0.6557537317276001,0.6458081603050232,0.0099455052986741,0.6666666666666666,0.3595238095238095,0.8666666666666667,0.8095238095238095,0.7692307692307693,0.2307692307692307,0.7692307692307693,0.2307692307692307,0.75,0.25,0.7272727272727273,0.2727272727272727,0.7,0.3,0.8571428571428571,0.1428571428571429,0.1098608656300964,0.7692307692307693,0.6870920273799715,0.7692307692307693,0.2594145490573002,Deep ensemble
S6,xyz_only,gaussian_full,xyz_4sigma,13.0,0.6153846153846154,0.2261904761904761,1.0698673725128174,0.6731573939323425,0.390345220382397,0.9187653660774232,0.2950651943683624,0.2647098004817962,0.0303553957492113,0.75,0.5628571428571428,0.725,0.5592857142857143,0.6153846153846154,0.3846153846153846,0.6153846153846154,0.3846153846153846,0.5833333333333334,0.4166666666666666,0.5454545454545454,0.4545454545454546,0.6,0.4,0.8571428571428571,0.1428571428571429,0.1684392530546377,0.6153846153846154,0.2711893730418441,0.9230769230769232,0.0812346476774949,Deep ensemble
S6,embedding_and_xyz,gaussian_full,xyz_4sigma,13.0,0.5384615384615384,0.0,1.07829749584198,0.7150812745094299,0.4186874307118929,0.8879017233848572,0.3891558349132538,0.3453903496265411,0.0437654219567775,0.7857142857142857,0.7329365079365079,0.7380952380952381,0.707936507936508,0.5384615384615384,0.4615384615384615,0.5384615384615384,0.4615384615384615,0.5833333333333334,0.4166666666666666,0.5454545454545454,0.4545454545454546,0.6,0.4,0.7142857142857143,0.2857142857142857,0.2133697499082114,0.5384615384615384,-0.0,1.0,0.1120982399353614,Deep ensemble
S7,real,gaussian_full,xyz_4sigma,18.0,0.5555555555555556,0.2871287128712871,1.1352993249893188,0.6542112827301025,0.2476634962691201,0.6700313687324524,0.7438617944717407,0.7334425449371338,0.0104191852733492,0.65,0.6721688034188034,0.45,0.4166853979353979,0.5555555555555556,0.4444444444444444,0.5555555555555556,0.4444444444444444,0.5882352941176471,0.4117647058823529,0.6,0.4,0.6153846153846154,0.3846153846153846,0.6666666666666666,0.3333333333333333,0.2967886325729463,0.5555555555555556,1.2919060073446698,0.4444444444444444,0.329968574974272,Deep ensemble
S7,embedding_only,gaussian_full,xyz_4sigma,18.0,0.3888888888888889,0.057142857142857,1.918091058731079,0.9467675685882568,0.3839951124456193,0.7058741450309753,0.7154035568237305,0.7027649283409119,0.0126385875046253,0.2597402597402597,0.4981384702641387,0.2337662337662337,0.4941702162958847,0.3888888888888889,0.6111111111111112,0.3888888888888889,0.6111111111111112,0.3529411764705882,0.6470588235294117,0.2666666666666666,0.7333333333333334,0.2307692307692307,0.7692307692307692,0.3333333333333333,0.6666666666666667,0.7196269190141739,0.3888888888888889,0.9950269901795212,0.5555555555555556,0.2941258119212256,Deep ensemble
S7,xyz_only,gaussian_full,xyz_4sigma,18.0,0.3333333333333333,0.2340425531914893,4.011938571929932,1.2533642053604126,0.6634248710340924,0.8419452905654907,0.4276896715164184,0.4183213114738464,0.0093683218583464,0.1666666666666666,0.577644373600256,0.2083333333333333,0.6252634212193037,0.3333333333333333,0.6666666666666667,0.3333333333333333,0.6666666666666667,0.3529411764705882,0.6470588235294117,0.2666666666666666,0.7333333333333334,0.2307692307692307,0.7692307692307692,0.0,1.0,0.8297920625126507,0.3333333333333333,0.82773815699892,0.6111111111111112,0.1580547160572475,Deep ensemble
S7,embedding_and_xyz,gaussian_full,xyz_4sigma,18.0,0.3333333333333333,0.2145454545454546,3.8411593437194815,1.2456445693969729,0.6296739727258682,0.8354108929634094,0.4637173116207123,0.4537049531936645,0.0100123584270477,0.1666666666666666,0.5720888180447004,0.1249999999999999,0.5176245323304147,0.3333333333333333,0.6666666666666667,0.3333333333333333,0.6666666666666667,0.3529411764705882,0.6470588235294117,0.2666666666666666,0.7333333333333334,0.1538461538461538,0.8461538461538461,0.1111111111111111,0.8888888888888888,0.8263054256926806,0.3333333333333333,0.8544149816001841,0.5555555555555556,0.1645890474319458,Deep ensemble
S8,real,gaussian_full,xyz_4sigma,19.0,0.8421052631578947,0.7178217821782178,0.377987265586853,0.2349806576967239,0.0878849374620537,0.9199468493461608,0.2485268265008926,0.2458821088075637,0.0026447027921676,0.8125,0.4249999999999999,0.6875,0.2777777777777778,0.8421052631578947,0.1578947368421053,0.8421052631578947,0.1578947368421053,0.8333333333333334,0.1666666666666666,0.875,0.125,0.9285714285714286,0.0714285714285714,1.0,0.0,0.0449094425752402,0.8421052631578947,0.8392695557891106,0.5789473684210527,0.0800531381054928,Deep ensemble
S8,embedding_only,gaussian_full,xyz_4sigma,19.0,0.7894736842105263,0.6062176165803108,0.5941335558891296,0.3171456754207611,0.1952724143078452,0.8830849528312683,0.3077870309352875,0.3037526607513428,0.0040343389846384,0.7833333333333333,0.5833333333333333,0.8166666666666668,0.65,0.7894736842105263,0.2105263157894736,0.7894736842105263,0.2105263157894736,0.8333333333333334,0.1666666666666666,0.8125,0.1875,0.8571428571428571,0.1428571428571429,0.9,0.0999999999999999,0.0789140790138834,0.7894736842105263,0.6806294878916634,0.5789473684210527,0.1169150220720391,Deep ensemble
S8,xyz_only,gaussian_full,xyz_4sigma,19.0,0.4210526315789473,0.0,1.3620457649230957,0.7407879829406738,0.4355521547166924,0.8566047549247742,0.3505064249038696,0.3469323813915252,0.0035740481689572,1.0,1.0,1.0,1.0,0.4210526315789473,0.5789473684210527,0.4210526315789473,0.5789473684210527,0.4444444444444444,0.5555555555555556,0.5,0.5,0.5714285714285714,0.4285714285714286,0.8,0.1999999999999999,0.21428769481564,0.4210526315789473,-0.0,1.0,0.1433952388010527,Deep ensemble
S8,embedding_and_xyz,gaussian_full,xyz_4sigma,19.0,0.4210526315789473,0.0,1.7800471782684326,0.9321842193603516,0.5047736858066759,0.9258263111114502,0.2505060732364654,0.2477853149175644,0.0027207802049815,0.9886363636363636,0.9924242424242424,1.0,1.0,0.4210526315789473,0.5789473684210527,0.4210526315789473,0.5789473684210527,0.4444444444444444,0.5555555555555556,0.5,0.5,0.5714285714285714,0.4285714285714286,0.8,0.1999999999999999,0.2208666421840611,0.4210526315789473,-0.0,1.0,0.0741736920256363,Deep ensemble
S9,real,gaussian_full,xyz_4sigma,26.0,0.8076923076923077,0.683698296836983,0.5967955589294434,0.316290020942688,0.1081593953646146,0.8878535628318787,0.3208152949810028,0.3143524825572967,0.0064628245308995,0.819047619047619,0.5767857142857142,0.8666666666666667,0.5251948051948052,0.8076923076923077,0.1923076923076923,0.84,0.16,0.8333333333333334,0.1666666666666666,0.8571428571428571,0.1428571428571429,0.9473684210526316,0.0526315789473684,0.9230769230769232,0.0769230769230768,0.0613356053344223,0.8076923076923077,1.023168916030733,0.5384615384615384,0.1121464004883399,Deep ensemble
S9,embedding_only,gaussian_full,xyz_4sigma,26.0,0.6538461538461539,0.4620689655172413,1.1404504776000977,0.5052472949028015,0.2417728327787839,0.8653538823127747,0.3807088136672973,0.3697091937065124,0.0109995556995272,0.8823529411764706,0.8146723646723648,0.8104575163398693,0.6923026048026049,0.6538461538461539,0.3461538461538461,0.68,0.3199999999999999,0.7083333333333334,0.2916666666666666,0.7619047619047619,0.2380952380952381,0.8421052631578947,0.1578947368421053,0.9230769230769232,0.0769230769230768,0.1101826106656837,0.6538461538461539,0.96995943555062,0.4615384615384615,0.1346460695450122,Deep ensemble
S9,xyz_only,gaussian_full,xyz_4sigma,26.0,0.8076923076923077,0.6774193548387097,0.6081087589263916,0.2798994183540344,0.1612323774741246,0.8826932907104492,0.3753550350666046,0.3633208870887756,0.0120341125875711,0.9333333333333332,0.7892857142857141,0.9047619047619048,0.6726190476190477,0.8076923076923077,0.1923076923076923,0.84,0.16,0.875,0.125,0.9047619047619048,0.0952380952380952,0.9473684210526316,0.0526315789473684,1.0,0.0,0.0327064382252729,0.8076923076923077,1.0026127029794925,0.5769230769230769,0.1173066611473376,Deep ensemble
S9,embedding_and_xyz,gaussian_full,xyz_4sigma,26.0,0.7692307692307693,0.6148148148148148,0.9652220606803894,0.3804192543029785,0.1527754733195671,0.8615401387214661,0.4322277903556824,0.4173538982868194,0.0148739498108625,0.8583333333333333,0.6160714285714285,0.775,0.4391534391534392,0.7692307692307693,0.2307692307692307,0.8,0.1999999999999999,0.7916666666666666,0.2083333333333333,0.8095238095238095,0.1904761904761904,0.8947368421052632,0.1052631578947368,1.0,0.0,0.0620081744188027,0.7692307692307693,0.9291687604839372,0.5769230769230769,0.1384599048357743,Deep ensemble
SC1,real,gaussian_full,xyz_4sigma,38.0,0.6578947368421053,0.4778012684989429,1.623498558998108,0.548748791217804,0.2846096981512872,0.8639388084411621,0.3397021889686584,0.3344784677028656,0.0052236658520996,0.4338461538461538,0.4387305692692956,0.3661538461538462,0.2950961522809499,0.6578947368421053,0.3421052631578947,0.6756756756756757,0.3243243243243243,0.6857142857142857,0.3142857142857143,0.6774193548387096,0.3225806451612903,0.7037037037037037,0.2962962962962963,0.631578947368421,0.368421052631579,0.4425781079146571,0.6578947368421053,1.0018681346817075,0.5263157894736842,0.1360611523452558,Deep ensemble
SC1,embedding_only,gaussian_full,xyz_4sigma,38.0,0.631578947368421,0.4405888538380652,1.737617254257202,0.647568941116333,0.294993395083829,0.8647644519805908,0.3439049422740936,0.3374739587306976,0.0064309663139283,0.4047619047619047,0.3760172421852416,0.3333333333333333,0.3526284051632348,0.631578947368421,0.368421052631579,0.6216216216216216,0.3783783783783784,0.6571428571428571,0.3428571428571428,0.6129032258064516,0.3870967741935484,0.6296296296296297,0.3703703703703703,0.5789473684210527,0.4210526315789473,0.4277320301508299,0.631578947368421,1.0374765659748235,0.5263157894736842,0.135235552725039,Deep ensemble
SC1,xyz_only,gaussian_full,xyz_4sigma,38.0,0.7368421052631579,0.5632183908045978,1.7699156999588013,0.5697566866874695,0.3446474859589025,0.8367470502853394,0.3790839612483978,0.3669030368328094,0.0121808964759111,0.2357142857142856,0.1936389565027336,0.325,0.2107950787921997,0.7368421052631579,0.2631578947368421,0.7297297297297297,0.2702702702702703,0.7142857142857143,0.2857142857142857,0.6774193548387096,0.3225806451612903,0.6666666666666666,0.3333333333333333,0.631578947368421,0.368421052631579,0.439554390942757,0.7368421052631579,0.7534424611802384,0.7368421052631579,0.1632529654000934,Deep ensemble
SC1,embedding_and_xyz,gaussian_full,xyz_4sigma,38.0,0.631578947368421,0.3821138211382114,1.812857151031494,0.605341374874115,0.3147944015891928,0.8405986428260803,0.3800804018974304,0.3685842752456665,0.011496084742248,0.4642857142857143,0.4231452473747835,0.5446428571428572,0.5209231724477247,0.631578947368421,0.368421052631579,0.6216216216216216,0.3783783783783784,0.6571428571428571,0.3428571428571428,0.6451612903225806,0.3548387096774194,0.6666666666666666,0.3333333333333333,0.631578947368421,0.368421052631579,0.4029278603037041,0.631578947368421,0.7197720607698448,0.7894736842105263,0.1594013524682898,Deep ensemble
SC2,real,gaussian_full,xyz_4sigma,31.0,0.8064516129032258,0.7098283931357254,0.3971947431564331,0.24884594976902,0.0880025663683491,0.7904300689697266,0.5167208313941956,0.5052773952484131,0.0114433839917182,0.9266666666666666,0.7132936507936508,0.8333333333333333,0.6815998329156223,0.8064516129032258,0.1935483870967742,0.8333333333333334,0.1666666666666666,0.8571428571428571,0.1428571428571429,0.88,0.12,1.0,0.0,1.0,0.0,0.0339361005443313,0.8064516129032258,1.1368771720133242,0.4193548387096774,0.209569965639422,Deep ensemble
SC2,embedding_only,gaussian_full,xyz_4sigma,31.0,0.9032258064516128,0.85423197492163,0.2617257833480835,0.1320127844810485,0.171814965624963,0.8002206087112427,0.5082906484603882,0.5020840167999268,0.00620673969388,0.9642857142857144,0.6388888888888888,0.7738095238095238,0.2341269841269841,0.9032258064516128,0.0967741935483871,0.9,0.0999999999999999,0.9642857142857144,0.0357142857142857,1.0,0.0,1.0,0.0,1.0,0.0,0.0081634483783825,0.9032258064516128,1.0914145617941,0.3870967741935484,0.1997793566796087,Deep ensemble
SC2,xyz_only,gaussian_full,xyz_4sigma,31.0,0.6451612903225806,0.4721362229102167,1.1923038959503174,0.5873985886573792,0.2717681334864709,0.9169294238090516,0.3200602233409881,0.3139376938343048,0.0061225281096994,0.9363636363636364,0.864134855043946,0.8090909090909091,0.596607803960745,0.6451612903225806,0.3548387096774194,0.6666666666666666,0.3333333333333333,0.7142857142857143,0.2857142857142857,0.76,0.24,0.8181818181818182,0.1818181818181817,1.0,0.0,0.0926105149631938,0.6451612903225806,0.6800829048357611,0.5806451612903226,0.0830705569636437,Deep ensemble
SC2,embedding_and_xyz,gaussian_full,xyz_4sigma,31.0,0.6451612903225806,0.4737654320987655,1.000235080718994,0.5528182983398438,0.2965573495434176,0.9085565209388732,0.3465082347393036,0.3396155536174774,0.0068926648236811,0.9863636363636364,0.9777495232040688,0.9136363636363636,0.8450104188740553,0.6451612903225806,0.3548387096774194,0.6666666666666666,0.3333333333333333,0.7142857142857143,0.2857142857142857,0.8,0.1999999999999999,0.9090909090909092,0.0909090909090909,1.0,0.0,0.0768619518022884,0.6451612903225806,0.6884572217893625,0.5483870967741935,0.0914434982884314,Deep ensemble
SC3,real,gaussian_full,xyz_4sigma,25.0,0.88,0.7800586510263929,0.2919122874736786,0.1523416638374328,0.1718438649177551,0.8215227723121643,0.5164743065834045,0.5084392428398132,0.0080350516363978,0.8939393939393939,0.4444444444444445,0.9545454545454544,0.7555555555555555,0.88,0.12,0.875,0.125,0.8695652173913043,0.1304347826086956,0.95,0.05,1.0,0.0,1.0,0.0,0.0201585168454733,0.88,0.9906979855077472,0.64,0.1784772157669067,Deep ensemble
SC3,embedding_only,gaussian_full,xyz_4sigma,25.0,0.84,0.7067448680351907,0.6723766922950745,0.3278653621673584,0.2159226202964783,0.7433960437774658,0.6557021141052246,0.6414645910263062,0.0142374895513057,0.6071428571428572,0.244047619047619,0.5476190476190476,0.3726449275362318,0.84,0.16,0.8333333333333334,0.1666666666666666,0.8260869565217391,0.1739130434782608,0.85,0.15,0.8888888888888888,0.1111111111111111,0.9230769230769232,0.0769230769230768,0.1075769059644682,0.84,0.9286244108693272,0.6,0.2566039967536926,Deep ensemble
SC3,xyz_only,gaussian_full,xyz_4sigma,25.0,0.6,0.1071428571428571,1.3886011838912964,0.6201691031455994,0.3016352498531341,0.9016352891921996,0.2367391735315323,0.2347015738487243,0.0020375801250338,1.0,1.0,0.9666666666666668,0.954040404040404,0.6,0.4,0.625,0.375,0.6521739130434783,0.3478260869565217,0.75,0.25,0.8333333333333334,0.1666666666666666,1.0,0.0,0.0933624892852918,0.6,0.2787693717685874,0.92,0.0983647584915161,Deep ensemble
SC3,embedding_and_xyz,gaussian_full,xyz_4sigma,25.0,0.6,0.0,1.549450397491455,0.6236698031425476,0.3060633277893066,0.9060633778572084,0.2314812690019607,0.2294643521308899,0.0020169301424175,0.9866666666666668,0.9833333333333332,0.9666666666666668,0.9614285714285714,0.6,0.4,0.625,0.375,0.6521739130434783,0.3478260869565217,0.75,0.25,0.8333333333333334,0.1666666666666666,1.0,0.0,0.0988862988091013,0.6,-0.0,1.0,0.0939366030693054,Deep ensemble
SG1,real,gaussian_full,xyz_4sigma,19.0,1.0,1.0,0.1433494091033935,0.0629163011908531,0.114585878033387,0.8854142427444458,0.3265946805477142,0.3237923085689544,0.0028023105114698,,,,,1.0,0.0,1.0,0.0,1.0,0.0,1.0,0.0,1.0,0.0,1.0,0.0,0.0,1.0,0.8392695557891106,0.5789473684210527,0.1145858043118527,Deep ensemble
SG1,embedding_only,gaussian_full,xyz_4sigma,19.0,0.8947368421052632,0.8109452736318408,0.2487791180610656,0.1207605525851249,0.1259629208790628,0.8253082633018494,0.4817266464233398,0.4783975780010223,0.0033291061408817,1.0,1.0,1.0,1.0,0.8947368421052632,0.1052631578947368,0.8947368421052632,0.1052631578947368,0.9444444444444444,0.0555555555555555,1.0,0.0,1.0,0.0,1.0,0.0,0.0056940597106802,0.8947368421052632,1.0156378226755116,0.5263157894736842,0.1746917272868909,Deep ensemble
SG1,xyz_only,gaussian_full,xyz_4sigma,19.0,0.5789473684210527,0.0,1.269377827644348,0.665610134601593,0.3412029994161505,0.9201502799987792,0.2395111620426178,0.2377849817276001,0.0017261381726711,1.0,1.0,0.9886363636363636,0.9861111111111112,0.5789473684210527,0.4210526315789473,0.5789473684210527,0.4210526315789473,0.6111111111111112,0.3888888888888888,0.6875,0.3125,0.7857142857142857,0.2142857142857143,1.0,0.0,0.1043678025937273,0.5789473684210527,-0.0,1.0,0.079849688630355,Deep ensemble
SG1,embedding_and_xyz,gaussian_full,xyz_4sigma,19.0,0.5789473684210527,0.1264367816091954,1.0862308740615845,0.5896443724632263,0.2907874725366893,0.8697348237037659,0.3190405070781708,0.3170750439167022,0.0019654247444123,1.0,1.0,1.0,1.0,0.5789473684210527,0.4210526315789473,0.5789473684210527,0.4210526315789473,0.6111111111111112,0.3888888888888888,0.6875,0.3125,0.7857142857142857,0.2142857142857143,1.0,0.0,0.1043678025937273,0.5789473684210527,0.336495757583516,0.8947368421052632,0.1302651574737147,Deep ensemble
SG2,real,gaussian_full,xyz_4sigma,19.0,0.7368421052631579,0.5432692307692308,0.580386221408844,0.339442104101181,0.1780493667251185,0.9148914217948914,0.2392349243164062,0.2380884885787964,0.0011464690323919,0.942857142857143,0.8528571428571428,0.8571428571428572,0.8102564102564103,0.7368421052631579,0.2631578947368421,0.7368421052631579,0.2631578947368421,0.7777777777777778,0.2222222222222222,0.8125,0.1875,0.9285714285714286,0.0714285714285714,1.0,0.0,0.0526029862900483,0.7368421052631579,0.8092054732283176,0.631578947368421,0.0851085625196758,Deep ensemble
SG2,embedding_only,gaussian_full,xyz_4sigma,19.0,0.7368421052631579,0.5388349514563107,0.6249420046806335,0.3763140439987182,0.2166794914948312,0.8906712532043457,0.3005777597427368,0.2983008623123169,0.0022769093047827,0.9571428571428572,0.8766666666666667,0.8571428571428572,0.5628571428571428,0.7368421052631579,0.2631578947368421,0.7368421052631579,0.2631578947368421,0.7777777777777778,0.2222222222222222,0.8125,0.1875,0.9285714285714286,0.0714285714285714,1.0,0.0,0.0485544032940969,0.7368421052631579,0.6806294878916634,0.5789473684210527,0.1093286715055766,Deep ensemble
SG2,xyz_only,gaussian_full,xyz_4sigma,19.0,0.4736842105263157,0.0,1.9896453619003296,0.8546623587608337,0.4252147800044009,0.8988989591598511,0.2756749391555786,0.2729885578155517,0.0026863669045269,1.0,1.0,0.9888888888888888,0.9909090909090909,0.4736842105263157,0.5263157894736843,0.4736842105263157,0.5263157894736843,0.5,0.5,0.5625,0.4375,0.6428571428571429,0.3571428571428571,0.9,0.0999999999999999,0.171994709299174,0.4736842105263157,-0.0,1.0,0.1011009341792056,Deep ensemble
SG2,embedding_and_xyz,gaussian_full,xyz_4sigma,19.0,0.4736842105263157,0.0452261306532663,1.9879062175750728,0.8364188075065613,0.4144494564909683,0.888133704662323,0.2958669066429138,0.292469173669815,0.003397790249437,0.9888888888888888,0.9909090909090909,0.9555555555555556,0.9622222222222222,0.4736842105263157,0.5263157894736843,0.4736842105263157,0.5263157894736843,0.5,0.5,0.5625,0.4375,0.6428571428571429,0.3571428571428571,0.9,0.0999999999999999,0.1778426625155482,0.4736842105263157,0.2061920506332318,0.9473684210526316,0.1118663141601964,Deep ensemble
SG3,real,gaussian_full,xyz_4sigma,19.0,0.8947368421052632,0.7912087912087913,0.2769834101200104,0.1568607538938522,0.0857123795308564,0.9180757403373718,0.2577652931213379,0.2554620802402496,0.0023031663149595,0.8529411764705882,0.4166666666666666,0.8529411764705882,0.4166666666666666,0.8947368421052632,0.1052631578947368,0.8947368421052632,0.1052631578947368,0.8888888888888888,0.1111111111111111,0.9375,0.0625,0.9285714285714286,0.0714285714285714,1.0,0.0,0.0222716556613411,0.8947368421052632,0.8392695557891106,0.5789473684210527,0.0819242188805028,Deep ensemble
SG3,embedding_only,gaussian_full,xyz_4sigma,19.0,0.8947368421052632,0.7912087912087913,0.4362294673919678,0.228260263800621,0.1500852986385948,0.8901429176330566,0.3150947988033294,0.3108777403831482,0.0042170104570686,0.6470588235294118,0.2,0.6176470588235294,0.1833333333333333,0.8947368421052632,0.1052631578947368,0.8947368421052632,0.1052631578947368,0.8888888888888888,0.1111111111111111,0.875,0.125,0.9285714285714286,0.0714285714285714,0.9,0.0999999999999999,0.0506482713057586,0.8947368421052632,0.8392695557891106,0.5789473684210527,0.1098570698185971,Deep ensemble
SG3,xyz_only,gaussian_full,xyz_4sigma,19.0,0.6842105263157895,0.0,0.7267189621925354,0.4058313965797424,0.200258311472441,0.8774290680885315,0.2914176285266876,0.2895585894584656,0.0018590327817946,1.0,1.0,1.0,1.0,0.6842105263157895,0.3157894736842105,0.6842105263157895,0.3157894736842105,0.7222222222222222,0.2777777777777778,0.8125,0.1875,0.9285714285714286,0.0714285714285714,1.0,0.0,0.0559593966857287,0.6842105263157895,-0.0,1.0,0.1225710040644595,Deep ensemble
SG3,embedding_and_xyz,gaussian_full,xyz_4sigma,19.0,0.6842105263157895,0.1857142857142857,0.7389199137687683,0.3964215815067291,0.1953468699204294,0.8659443259239197,0.3177834451198578,0.3159894347190857,0.001793939853087,1.0,1.0,1.0,1.0,0.6842105263157895,0.3157894736842105,0.6842105263157895,0.3157894736842105,0.7222222222222222,0.2777777777777778,0.8125,0.1875,0.9285714285714286,0.0714285714285714,1.0,0.0,0.0559593966857287,0.6842105263157895,0.336495757583516,0.8947368421052632,0.1340557117211191,Deep ensemble
SG4,real,gaussian_full,xyz_4sigma,19.0,0.8947368421052632,0.8,0.3646989166736603,0.1836391389369964,0.1508517296690689,0.8712930083274841,0.3806982040405273,0.3780228793621063,0.0026753167621791,0.8529411764705882,0.4166666666666666,0.5588235294117647,0.1769230769230769,0.8947368421052632,0.1052631578947368,0.8947368421052632,0.1052631578947368,0.8888888888888888,0.1111111111111111,0.9375,0.0625,0.9285714285714286,0.0714285714285714,1.0,0.0,0.0222716556613411,0.8947368421052632,0.9174021803627408,0.5789473684210527,0.1287069728499964,Deep ensemble
SG4,embedding_only,gaussian_full,xyz_4sigma,19.0,0.7368421052631579,0.5388349514563107,0.6888890266418457,0.3761786818504333,0.2815613495676141,0.8234487175941467,0.4963120818138122,0.4901310801506042,0.006181017961353,0.7714285714285714,0.5791666666666666,0.7000000000000001,0.7203619909502261,0.7368421052631579,0.2631578947368421,0.7368421052631579,0.2631578947368421,0.7222222222222222,0.2777777777777778,0.8125,0.1875,0.8571428571428571,0.1428571428571429,0.9,0.0999999999999999,0.1292179863570608,0.7368421052631579,0.8628578006373905,0.4736842105263157,0.1765512228012085,Deep ensemble
SG4,xyz_only,gaussian_full,xyz_4sigma,19.0,0.6842105263157895,0.1857142857142857,0.7881475687026978,0.4082341194152832,0.1935329970560575,0.8728165626525879,0.2843881845474243,0.2805820405483246,0.0038061612285673,1.0,1.0,1.0,1.0,0.6842105263157895,0.3157894736842105,0.6842105263157895,0.3157894736842105,0.7222222222222222,0.2777777777777778,0.8125,0.1875,0.9285714285714286,0.0714285714285714,1.0,0.0,0.0559593966857287,0.6842105263157895,0.336495757583516,0.8947368421052632,0.1271834216619792,Deep ensemble
SG4,embedding_and_xyz,gaussian_full,xyz_4sigma,19.0,0.6842105263157895,0.2549019607843137,0.8726304769515991,0.4123326241970062,0.2026335597038268,0.8774327635765076,0.2937832474708557,0.2871097922325134,0.0066734435968101,1.0,1.0,1.0,1.0,0.6842105263157895,0.3157894736842105,0.6842105263157895,0.3157894736842105,0.7222222222222222,0.2777777777777778,0.8125,0.1875,0.9285714285714286,0.0714285714285714,1.0,0.0,0.0559593966857287,0.6842105263157895,0.4361623253853443,0.8421052631578947,0.1225672301493192,Deep ensemble
SP1,real,gaussian_full,xyz_4sigma,6.0,1.0,1.0,0.0641842037439346,0.0142579339444637,0.0600939591725667,0.9399060606956482,0.2079903483390808,0.206769660115242,0.0012206770479679,,,,,1.0,0.0,1.0,0.0,1.0,0.0,1.0,0.0,1.0,0.0,1.0,0.0,0.0,1.0,0.4505612088663046,0.8333333333333334,0.0600939492384592,Deep ensemble
SP1,embedding_only,gaussian_full,xyz_4sigma,6.0,1.0,1.0,0.1329431980848312,0.0596408881247043,0.1124416192372639,0.8875584006309509,0.2986139059066772,0.296170026063919,0.002443915233016,,,,,1.0,0.0,1.0,0.0,1.0,0.0,1.0,0.0,1.0,0.0,1.0,0.0,0.0,1.0,0.4505612088663046,0.8333333333333334,0.1124416093031565,Deep ensemble
SP1,xyz_only,gaussian_full,xyz_4sigma,6.0,0.6666666666666666,0.4,0.7110249996185303,0.4631496965885162,0.3338548342386881,0.536029040813446,0.8682469725608826,0.8637530207633972,0.0044940612278878,0.125,0.2916666666666666,0.25,0.325,0.6666666666666666,0.3333333333333333,0.6666666666666666,0.3333333333333333,0.6666666666666666,0.3333333333333333,0.6,0.4,0.6,0.4,0.3333333333333333,0.6666666666666667,0.4555555555555556,0.6666666666666666,1.0114042647073518,0.5,0.4639709591865539,Deep ensemble
SP1,embedding_and_xyz,gaussian_full,xyz_4sigma,6.0,0.1666666666666666,0.0322580645161291,0.971967875957489,0.6778183579444885,0.3720311125119526,0.5368818640708923,0.8729615807533264,0.8688719868659973,0.0040895640850067,0.2,0.81,1.0,1.0,0.1666666666666666,0.8333333333333334,0.1666666666666666,0.8333333333333334,0.1666666666666666,0.8333333333333334,0.2,0.8,0.2,0.8,0.0,1.0,0.7861111111111112,0.1666666666666666,0.4505612088663046,0.8333333333333334,0.46311816573143,Deep ensemble
SP2,real,gaussian_full,xyz_4sigma,6.0,1.0,1.0,0.0813771560788154,0.0323219411075115,0.0709835390249888,0.929016411304474,0.2061922401189804,0.2038583159446716,0.0023339197505265,,,,,1.0,0.0,1.0,0.0,1.0,0.0,1.0,0.0,1.0,0.0,1.0,0.0,0.0,1.0,0.6365141682948128,0.6666666666666666,0.0709835588932037,Deep ensemble
SP2,embedding_only,gaussian_full,xyz_4sigma,6.0,0.8333333333333334,0.5714285714285714,0.4336623251438141,0.3086073100566864,0.2200289765993754,0.8998188376426697,0.2286618500947952,0.2271406650543213,0.0015211598947644,0.8,0.5,1.0,1.0,0.8333333333333334,0.1666666666666666,0.8333333333333334,0.1666666666666666,0.8333333333333334,0.1666666666666666,0.8,0.1999999999999999,0.8,0.1999999999999999,1.0,0.0,0.0472222222222222,0.8333333333333334,0.4505612088663046,0.8333333333333334,0.1001811325550079,Deep ensemble
SP2,xyz_only,gaussian_full,xyz_4sigma,6.0,0.8333333333333334,0.7,0.6563369631767273,0.4074363708496094,0.2573190033435821,0.5760143399238586,0.8442420959472656,0.8345534205436707,0.0096886754035949,0.0,0.1666666666666666,0.4,0.25,0.8333333333333334,0.1666666666666666,0.8333333333333334,0.1666666666666666,0.8333333333333334,0.1666666666666666,0.8,0.1999999999999999,0.8,0.1999999999999999,0.6666666666666666,0.3333333333333333,0.3111111111111111,0.8333333333333334,1.0114042647073516,0.5,0.4239856799443562,Deep ensemble
SP2,embedding_and_xyz,gaussian_full,xyz_4sigma,6.0,0.6666666666666666,0.2500000000000001,0.8045057654380798,0.4445037841796875,0.3486607770125071,0.607172429561615,0.8014602661132812,0.7940301299095154,0.0074301362037658,1.0,1.0,0.5,0.6666666666666666,0.6666666666666666,0.3333333333333333,0.6666666666666666,0.3333333333333333,0.6666666666666666,0.3333333333333333,0.8,0.1999999999999999,0.8,0.1999999999999999,1.0,0.0,0.0611111111111111,0.6666666666666666,0.4505612088663046,0.8333333333333334,0.3928275903065999,Deep ensemble
SP3,real,gaussian_full,xyz_4sigma,6.0,0.8333333333333334,0.0,0.287692666053772,0.1843428462743759,0.1887177526950836,0.8765285611152649,0.3748877942562103,0.3733771741390228,0.0015105741331353,1.0,1.0,1.0,1.0,0.8333333333333334,0.1666666666666666,0.8333333333333334,0.1666666666666666,0.8333333333333334,0.1666666666666666,1.0,0.0,1.0,0.0,1.0,0.0,0.0138888888888888,0.8333333333333334,0.4505612088663046,0.8333333333333334,0.1234713494777679,Deep ensemble
SP3,embedding_only,gaussian_full,xyz_4sigma,6.0,1.0,,0.1449228972196579,0.0794217586517334,0.115071028470993,0.8849289417266846,0.2684045433998108,0.2655530869960785,0.002851492492482,,,,,1.0,0.0,1.0,0.0,1.0,0.0,1.0,0.0,1.0,0.0,1.0,0.0,0.0,1.0,-0.0,1.0,0.1150710185368855,Deep ensemble
SP3,xyz_only,gaussian_full,xyz_4sigma,6.0,0.3333333333333333,0.0,1.107317566871643,0.7609121203422546,0.551490306854248,0.5656116008758545,0.8548181056976318,0.8452821373939514,0.0095359282568097,0.5,0.8166666666666667,0.0,0.525,0.3333333333333333,0.6666666666666667,0.3333333333333333,0.6666666666666667,0.3333333333333333,0.6666666666666667,0.4,0.6,0.4,0.6,0.3333333333333333,0.6666666666666667,0.6000000000000001,0.3333333333333333,0.6365141682948128,0.6666666666666666,0.4343884388605754,Deep ensemble
SP3,embedding_and_xyz,gaussian_full,xyz_4sigma,6.0,0.6666666666666666,0.0,0.7406213283538818,0.4730989933013916,0.2527922391891479,0.5440576672554016,0.8746069073677063,0.8639069199562073,0.0107000470161437,0.5,0.6666666666666666,1.0,1.0,0.6666666666666666,0.3333333333333333,0.6666666666666666,0.3333333333333333,0.6666666666666666,0.3333333333333333,0.8,0.1999999999999999,0.8,0.1999999999999999,0.6666666666666666,0.3333333333333333,0.325,0.6666666666666666,0.6365141682948128,0.6666666666666666,0.455942302942276,Deep ensemble
T1,real,gaussian_full,xyz_4sigma,13.0,0.9230769230769232,0.8673469387755102,0.1775844246149063,0.0933284685015678,0.129471861399137,0.8824726343154907,0.3329574167728424,0.3296692073345184,0.0032882518135011,1.0,1.0,1.0,1.0,0.9230769230769232,0.0769230769230768,0.9230769230769232,0.0769230769230768,1.0,0.0,1.0,0.0,1.0,0.0,1.0,0.0,0.0029585798816568,0.9230769230769232,0.8981370031878679,0.5384615384615384,0.1175273473446185,Deep ensemble
T1,embedding_only,gaussian_full,xyz_4sigma,13.0,0.7692307692307693,0.606060606060606,0.4549649059772491,0.2548252046108246,0.1918629912229685,0.7885672450065613,0.5766843557357788,0.5695633292198181,0.0071210311725735,0.9666666666666668,0.9166666666666664,0.8666666666666667,0.5888888888888889,0.7692307692307693,0.2307692307692307,0.7692307692307693,0.2307692307692307,0.8333333333333334,0.1666666666666666,0.9090909090909092,0.0909090909090909,0.9,0.0999999999999999,1.0,0.0,0.0363815671507979,0.7692307692307693,0.6901856760188042,0.5384615384615384,0.211432736653548,Deep ensemble
T1,xyz_only,gaussian_full,xyz_4sigma,13.0,0.7692307692307693,0.5806451612903226,0.6122156381607056,0.2979248762130737,0.2072161527780386,0.8298041820526123,0.5089302659034729,0.5015650391578674,0.0073652472347021,0.9666666666666668,0.9166666666666664,0.6,0.5285714285714286,0.7692307692307693,0.2307692307692307,0.7692307692307693,0.2307692307692307,0.8333333333333334,0.1666666666666666,0.9090909090909092,0.0909090909090909,0.9,0.0999999999999999,1.0,0.0,0.0363815671507979,0.7692307692307693,0.666278442414676,0.6153846153846154,0.1701958087774423,Deep ensemble
T1,embedding_and_xyz,gaussian_full,xyz_4sigma,13.0,0.8461538461538461,0.7291666666666667,0.7712501883506775,0.3357591927051544,0.2351809717141665,0.7977721691131592,0.5287924408912659,0.5223672389984131,0.0064252591691911,0.8636363636363636,0.7,0.9545454545454544,0.8333333333333333,0.8461538461538461,0.1538461538461538,0.8461538461538461,0.1538461538461538,0.9166666666666666,0.0833333333333333,0.9090909090909092,0.0909090909090909,0.9,0.0999999999999999,1.0,0.0,0.0355597394058932,0.8461538461538461,0.6901856760188042,0.5384615384615384,0.2022277804521414,Deep ensemble
T13,real,gaussian_full,xyz_4sigma,13.0,0.8461538461538461,0.7291666666666667,0.2804746329784393,0.1678608953952789,0.1582688872630779,0.8632676601409912,0.3845685124397278,0.382409393787384,0.0021591323893517,0.8636363636363636,0.7,0.5909090909090908,0.2428571428571428,0.8461538461538461,0.1538461538461538,0.8461538461538461,0.1538461538461538,0.9166666666666666,0.0833333333333333,0.9090909090909092,0.0909090909090909,0.9,0.0999999999999999,1.0,0.0,0.0355597394058932,0.8461538461538461,0.9110175397125628,0.4615384615384615,0.1367323536139268,Deep ensemble
T13,embedding_only,gaussian_full,xyz_4sigma,13.0,0.6153846153846154,0.3564356435643564,1.0566821098327637,0.572437584400177,0.3383297049082243,0.7797170877456665,0.5435689687728882,0.5384571552276611,0.0051117585971951,0.6,0.5242424242424242,0.525,0.4547979797979797,0.6153846153846154,0.3846153846153846,0.6153846153846154,0.3846153846153846,0.5833333333333334,0.4166666666666666,0.6363636363636364,0.3636363636363636,0.7,0.3,0.7142857142857143,0.2857142857142857,0.2852557698711545,0.6153846153846154,0.6172417697303416,0.6923076923076923,0.2202828801595247,Deep ensemble
T13,xyz_only,gaussian_full,xyz_4sigma,13.0,0.3076923076923077,0.193103448275862,1.6133897304534912,1.0051558017730713,0.5231945445904366,0.7727946043014526,0.6375221014022827,0.6279255747795105,0.0095965201035141,0.5555555555555556,0.8136955636955638,0.5277777777777778,0.7749879749879751,0.3076923076923077,0.6923076923076923,0.3076923076923077,0.6923076923076923,0.3333333333333333,0.6666666666666667,0.3636363636363636,0.6363636363636364,0.4,0.6,0.2857142857142857,0.7142857142857143,0.6491130664207587,0.3076923076923077,0.9110175397125628,0.4615384615384615,0.2272054094534654,Deep ensemble
T13,embedding_and_xyz,gaussian_full,xyz_4sigma,13.0,0.1538461538461538,0.013793103448276,2.7283132076263428,1.256157159805298,0.6501564910778632,0.7687375545501709,0.5438187122344971,0.5356006026268005,0.0082181775942444,0.5909090909090908,0.9247880906971816,0.409090909090909,0.8557404716495626,0.1538461538461538,0.8461538461538461,0.1538461538461538,0.8461538461538461,0.1666666666666666,0.8333333333333334,0.1818181818181818,0.8181818181818181,0.2,0.8,0.2857142857142857,0.7142857142857143,0.7884606846145308,0.1538461538461538,1.0123308391031731,0.4615384615384615,0.2312625050544738,Deep ensemble
T14,real,gaussian_full,xyz_4sigma,13.0,0.9230769230769232,0.865979381443299,0.1802611649036407,0.104356937110424,0.127557296019334,0.9062958359718324,0.2980043292045593,0.2963581383228302,0.0016462304629385,0.9166666666666666,0.5,1.0,1.0,0.9230769230769232,0.0769230769230768,0.9230769230769232,0.0769230769230768,0.9166666666666666,0.0833333333333333,1.0,0.0,1.0,0.0,1.0,0.0,0.0093688362919132,0.9230769230769232,0.9839614460010256,0.5384615384615384,0.0937040998385502,Deep ensemble
T14,embedding_only,gaussian_full,xyz_4sigma,13.0,0.7692307692307693,0.6138613861386139,0.9206815958023072,0.4672436118125915,0.2790205066020672,0.790831983089447,0.5411795377731323,0.5332974195480347,0.0078821713104844,0.4333333333333333,0.2611111111111111,0.3666666666666666,0.2435897435897436,0.7692307692307693,0.2307692307692307,0.7692307692307693,0.2307692307692307,0.75,0.25,0.7272727272727273,0.2727272727272727,0.7,0.3,0.8571428571428571,0.1428571428571429,0.2395617203309511,0.7692307692307693,0.9110175397125628,0.4615384615384615,0.2091679939856896,Deep ensemble
T14,xyz_only,gaussian_full,xyz_4sigma,13.0,0.2307692307692307,0.1558441558441559,1.2153102159500122,0.8492896556854248,0.4661369828077463,0.6837241649627686,0.7697617411613464,0.7309086918830872,0.0388530120253562,0.8333333333333334,0.9430122655122654,0.9,0.9697979797979798,0.2307692307692307,0.7692307692307692,0.2307692307692307,0.7692307692307692,0.25,0.75,0.2727272727272727,0.7272727272727273,0.3,0.7,0.2857142857142857,0.7142857142857143,0.5129108071415764,0.2307692307692307,1.0123308391031731,0.4615384615384615,0.3162757616776686,Deep ensemble
T14,embedding_and_xyz,gaussian_full,xyz_4sigma,13.0,0.1538461538461538,0.0891719745222929,2.548840045928955,1.298674464225769,0.6255766245035025,0.7794227600097656,0.6050685048103333,0.5849839448928833,0.0200846586376428,0.5454545454545454,0.9118010777101686,0.6363636363636364,0.9328688987779898,0.1538461538461538,0.8461538461538461,0.1538461538461538,0.8461538461538461,0.1666666666666666,0.8333333333333334,0.1818181818181818,0.8181818181818181,0.2,0.8,0.1428571428571428,0.8571428571428572,0.7994496956035417,0.1538461538461538,1.0579054247036734,0.4615384615384615,0.220577217065371,Deep ensemble
T15,real,gaussian_full,xyz_4sigma,13.0,0.7692307692307693,0.6320754716981132,0.4813966751098633,0.3279543220996856,0.2546174251116239,0.8362247943878174,0.38876673579216,0.3864407539367676,0.0023260130546987,0.8666666666666667,0.7,0.8333333333333334,0.5333333333333333,0.7692307692307693,0.2307692307692307,0.7692307692307693,0.2307692307692307,0.8333333333333334,0.1666666666666666,0.8181818181818182,0.1818181818181817,0.8,0.1999999999999999,1.0,0.0,0.0596138903831211,0.7692307692307693,0.9110175397125628,0.4615384615384615,0.1637751872722919,Deep ensemble
T15,embedding_only,gaussian_full,xyz_4sigma,13.0,0.8461538461538461,0.7592592592592592,0.3164827525615692,0.1888787746429443,0.1137781097338749,0.8015175461769104,0.4791782200336456,0.475598931312561,0.0035792721901088,0.7727272727272727,0.3666666666666667,1.0,1.0,0.8461538461538461,0.1538461538461538,0.8461538461538461,0.1538461538461538,0.8333333333333334,0.1666666666666666,0.8181818181818182,0.1818181818181817,0.9,0.0999999999999999,1.0,0.0,0.0489630028091566,0.8461538461538461,1.0123308391031731,0.4615384615384615,0.1984824813329256,Deep ensemble
T15,xyz_only,gaussian_full,xyz_4sigma,13.0,0.6153846153846154,0.4090909090909089,1.0324652194976809,0.5785384774208069,0.3169051821415241,0.7776312232017517,0.4857122600078583,0.4763162732124328,0.0093959793448448,0.7,0.5392857142857143,0.675,0.5192857142857144,0.6153846153846154,0.3846153846153846,0.6153846153846154,0.3846153846153846,0.5833333333333334,0.4166666666666666,0.6363636363636364,0.3636363636363636,0.6,0.4,0.7142857142857143,0.2857142857142857,0.194871154486539,0.6153846153846154,0.5402041423888608,0.7692307692307693,0.2223687997231116,Deep ensemble
T15,embedding_and_xyz,gaussian_full,xyz_4sigma,13.0,0.6923076923076923,0.5357142857142858,0.8470865488052368,0.4953923523426056,0.3137826438133533,0.8453902006149292,0.4175218939781189,0.4125854671001434,0.0049363523721694,0.638888888888889,0.4404761904761904,0.7222222222222222,0.5238095238095238,0.6923076923076923,0.3076923076923077,0.6923076923076923,0.3076923076923077,0.6666666666666666,0.3333333333333333,0.7272727272727273,0.2727272727272727,0.7,0.3,0.7142857142857143,0.2857142857142857,0.1708170035093112,0.6923076923076923,0.8587409130062869,0.6153846153846154,0.1546098268949068,Deep ensemble
T16,real,gaussian_full,xyz_4sigma,13.0,0.6153846153846154,0.3809523809523809,0.7039244771003723,0.4378606677055359,0.2586750800792987,0.8377940654754639,0.4080893099308014,0.405254989862442,0.0028343251906335,0.9,0.911111111111111,0.85,0.7595238095238095,0.6153846153846154,0.3846153846153846,0.6153846153846154,0.3846153846153846,0.6666666666666666,0.3333333333333333,0.7272727272727273,0.2727272727272727,0.8,0.1999999999999999,0.8571428571428571,0.1428571428571429,0.1341540937694783,0.6153846153846154,1.0579054247036734,0.4615384615384615,0.1622058749198913,Deep ensemble
T16,embedding_only,gaussian_full,xyz_4sigma,13.0,0.6923076923076923,0.4851485148514852,0.913273274898529,0.5235136151313782,0.2908686147286342,0.8514891862869263,0.3929173648357391,0.3885478973388672,0.0043694623745977,0.6944444444444444,0.6215277777777778,0.7222222222222222,0.7071428571428571,0.6923076923076923,0.3076923076923077,0.6923076923076923,0.3076923076923077,0.75,0.25,0.7272727272727273,0.2727272727272727,0.8,0.1999999999999999,0.7142857142857143,0.2857142857142857,0.1667571744494821,0.6923076923076923,1.0123308391031731,0.4615384615384615,0.1485108458078824,Deep ensemble
T16,xyz_only,gaussian_full,xyz_4sigma,13.0,0.6153846153846154,0.3298969072164949,0.9322863817214966,0.4676544964313507,0.2466515256808354,0.8230008482933044,0.4389915764331817,0.4316429495811462,0.0073486310429871,1.0,1.0,1.0,1.0,0.6153846153846154,0.3846153846153846,0.6153846153846154,0.3846153846153846,0.6666666666666666,0.3333333333333333,0.7272727272727273,0.2727272727272727,0.8,0.1999999999999999,1.0,0.0,0.0853445699599545,0.6153846153846154,0.6172417697303416,0.6923076923076923,0.1769992113113403,Deep ensemble
T16,embedding_and_xyz,gaussian_full,xyz_4sigma,13.0,0.6923076923076923,0.4851485148514852,0.9216766953468324,0.4488662183284759,0.1767762028253995,0.836560845375061,0.4359649121761322,0.4288938641548157,0.0070711076259613,0.8888888888888888,0.7708333333333333,0.8611111111111112,0.7333333333333333,0.6923076923076923,0.3076923076923077,0.6923076923076923,0.3076923076923077,0.75,0.25,0.7272727272727273,0.2727272727272727,0.8,0.1999999999999999,1.0,0.0,0.0855911182834259,0.6923076923076923,0.8587409130062869,0.6153846153846154,0.1634391500399662,Deep ensemble
T17,real,gaussian_full,xyz_4sigma,9.0,0.5555555555555556,0.1818181818181818,0.9768435955047609,0.6673480272293091,0.4194147984186808,0.8316602110862732,0.4207688868045807,0.4107123017311096,0.0100565748289227,0.6,0.5428571428571429,0.8,0.6791666666666667,0.5555555555555556,0.4444444444444444,0.5555555555555556,0.4444444444444444,0.5555555555555556,0.4444444444444444,0.5,0.5,0.5714285714285714,0.4285714285714286,0.6,0.4,0.2926807760141093,0.5555555555555556,0.3488320958430319,0.8888888888888888,0.1683397822909885,Deep ensemble
T17,embedding_only,gaussian_full,xyz_4sigma,9.0,0.8888888888888888,0.7804878048780488,0.2640780210494995,0.1393240094184875,0.2100382182333204,0.7955236434936523,0.4914380609989166,0.4859559237957001,0.0054821353405714,0.75,0.3333333333333333,0.875,0.5,0.8888888888888888,0.1111111111111111,0.8888888888888888,0.1111111111111111,0.8888888888888888,0.1111111111111111,0.875,0.125,0.8571428571428571,0.1428571428571429,1.0,0.0,0.0359347442680776,0.8888888888888888,0.6869615765973234,0.5555555555555556,0.204476343260871,Deep ensemble
T17,xyz_only,gaussian_full,xyz_4sigma,9.0,0.7777777777777778,0.5714285714285714,0.4315483570098877,0.2657694220542907,0.1455135875278048,0.7407893538475037,0.6327381134033203,0.5924838185310364,0.0402542613446712,0.6428571428571428,0.3666666666666667,1.0,1.0,0.7777777777777778,0.2222222222222222,0.7777777777777778,0.2222222222222222,0.7777777777777778,0.2222222222222222,0.75,0.25,0.7142857142857143,0.2857142857142857,0.8,0.1999999999999999,0.1126102292768959,0.7777777777777778,0.6365141682948128,0.6666666666666666,0.2592106925116645,Deep ensemble
T17,embedding_and_xyz,gaussian_full,xyz_4sigma,9.0,1.0,1.0,0.1958570480346679,0.063835434615612,0.173283146487342,0.8267168998718262,0.5564048290252686,0.5334593057632446,0.0229455772787332,,,,,1.0,0.0,1.0,0.0,1.0,0.0,1.0,0.0,1.0,0.0,1.0,0.0,0.0,1.0,0.6869615765973234,0.5555555555555556,0.173283146487342,Deep ensemble
T18,real,gaussian_full,xyz_4sigma,8.0,1.0,,0.1008752509951591,0.0211193617433309,0.0945120379328727,0.9054879546165466,0.3325481414794922,0.3286588788032532,0.0038892831653356,,,,,1.0,0.0,1.0,0.0,1.0,0.0,1.0,0.0,1.0,0.0,1.0,0.0,0.0,1.0,-0.0,1.0,0.0945120453834533,Deep ensemble
T18,embedding_only,gaussian_full,xyz_4sigma,8.0,0.625,0.0,0.5647974014282227,0.3742228746414184,0.2188034355640411,0.6931527853012085,0.6816832423210144,0.6751863956451416,0.0064968280494213,0.6,0.6333333333333333,0.8,0.6388888888888888,0.625,0.375,0.625,0.375,0.625,0.375,0.7142857142857143,0.2857142857142857,0.6666666666666666,0.3333333333333333,0.5,0.5,0.254985119047619,0.625,0.9002560512685369,0.625,0.3068472519516945,Deep ensemble
T18,xyz_only,gaussian_full,xyz_4sigma,8.0,1.0,,0.2715235948562622,0.1218511238694191,0.2273672595620155,0.7726327776908875,0.6059267520904541,0.5821431279182434,0.0237836055457592,,,,,1.0,0.0,1.0,0.0,1.0,0.0,1.0,0.0,1.0,0.0,1.0,0.0,0.0,1.0,-0.0,1.0,0.2273672595620155,Deep ensemble
T18,embedding_and_xyz,gaussian_full,xyz_4sigma,8.0,0.5,0.0,1.0045338869094849,0.583343505859375,0.3593456409871578,0.6400800943374634,0.9504676461219788,0.9298082590103148,0.0206593200564384,0.75,0.8303571428571428,1.0,1.0,0.5,0.5,0.5,0.5,0.5,0.5,0.5714285714285714,0.4285714285714286,0.6666666666666666,0.3333333333333333,0.75,0.25,0.3119047619047619,0.5,0.6931471805599453,0.5,0.359919935464859,Deep ensemble
T19,real,gaussian_full,xyz_4sigma,13.0,1.0,1.0,0.1836151927709579,0.0620906352996826,0.1631407462633573,0.8368593454360962,0.4816581904888153,0.4692111611366272,0.0124470889568328,,,,,1.0,0.0,1.0,0.0,1.0,0.0,1.0,0.0,1.0,0.0,1.0,0.0,0.0,1.0,0.6901856760188042,0.5384615384615384,0.16314075084833,Deep ensemble
T19,embedding_only,gaussian_full,xyz_4sigma,13.0,0.6923076923076923,0.4526315789473685,0.6803778409957886,0.4620939791202545,0.2653252574113699,0.8000154495239258,0.4975645244121551,0.4893589615821838,0.0082055255770683,0.638888888888889,0.4404761904761904,0.638888888888889,0.4125,0.6923076923076923,0.3076923076923077,0.6923076923076923,0.3076923076923077,0.6666666666666666,0.3333333333333333,0.7272727272727273,0.2727272727272727,0.7,0.3,0.7142857142857143,0.2857142857142857,0.1708170035093112,0.6923076923076923,1.0317671113505356,0.6153846153846154,0.1999845229662381,Deep ensemble
T19,xyz_only,gaussian_full,xyz_4sigma,13.0,0.6153846153846154,0.3157894736842106,0.8021196126937866,0.5150325298309326,0.2907243004212013,0.7644712924957275,0.6565511226654053,0.6387027502059937,0.0178484041243791,0.55,0.4268253968253968,0.75,0.6726190476190477,0.6153846153846154,0.3846153846153846,0.6153846153846154,0.3846153846153846,0.5833333333333334,0.4166666666666666,0.5454545454545454,0.4545454545454546,0.5,0.5,0.5714285714285714,0.4285714285714286,0.2572976169130015,0.6153846153846154,0.9251290835720823,0.6153846153846154,0.2355286203897916,Deep ensemble
T19,embedding_and_xyz,gaussian_full,xyz_4sigma,13.0,0.3846153846153846,0.0188679245283017,1.8458950519561768,0.9358447790145874,0.4081408564861005,0.7668308615684509,0.6808673143386841,0.6634222269058228,0.017445083707571,0.475,0.711298076923077,0.4249999999999999,0.6957993395493396,0.3846153846153846,0.6153846153846154,0.3846153846153846,0.6153846153846154,0.4166666666666667,0.5833333333333333,0.4545454545454545,0.5454545454545454,0.4,0.6,0.4285714285714285,0.5714285714285714,0.6217622121468275,0.3846153846153846,0.7902679680745903,0.6923076923076923,0.2331690879968496,Deep ensemble
T2,real,gaussian_full,xyz_4sigma,6.0,0.6666666666666666,0.4,0.8118631839752197,0.4904826581478119,0.3497706453005473,0.8110480904579163,0.4172732830047607,0.4150546491146087,0.0022186748683452,0.625,0.5,0.375,0.3666666666666667,0.6666666666666666,0.3333333333333333,0.6666666666666666,0.3333333333333333,0.6666666666666666,0.3333333333333333,0.6,0.4,0.6,0.4,0.6666666666666666,0.3333333333333333,0.1916666666666667,0.6666666666666666,0.4505612088663046,0.8333333333333334,0.1889519393444061,Deep ensemble
T2,embedding_only,gaussian_full,xyz_4sigma,6.0,0.3333333333333333,-0.1999999999999999,1.4384692907333374,0.7312667965888977,0.4241723467906316,0.7575056552886963,0.6083545684814453,0.601059079170227,0.0072955065406858,0.75,0.9166666666666666,0.875,0.95,0.3333333333333333,0.6666666666666667,0.3333333333333333,0.6666666666666667,0.3333333333333333,0.6666666666666667,0.4,0.6,0.4,0.6,0.6666666666666666,0.3333333333333333,0.4611111111111111,0.3333333333333333,0.4505612088663046,0.8333333333333334,0.2424942851066589,Deep ensemble
T2,xyz_only,gaussian_full,xyz_4sigma,6.0,0.6666666666666666,0.368421052631579,0.7309839725494385,0.4188973009586334,0.2340933084487914,0.7728868126869202,0.6489483118057251,0.6211798787117004,0.0277683828026056,0.875,0.8333333333333333,0.875,0.8333333333333333,0.6666666666666666,0.3333333333333333,0.6666666666666666,0.3333333333333333,0.6666666666666666,0.3333333333333333,0.8,0.1999999999999999,0.8,0.1999999999999999,1.0,0.0,0.1027777777777777,0.6666666666666666,0.4505612088663046,0.8333333333333334,0.2271131177743276,Deep ensemble
T2,embedding_and_xyz,gaussian_full,xyz_4sigma,6.0,0.6666666666666666,0.368421052631579,1.1652933359146118,0.5750970244407654,0.1854391098022461,0.7061395049095154,0.7388756275177002,0.7056154608726501,0.0332602299749851,0.375,0.4166666666666666,0.375,0.4166666666666666,0.6666666666666666,0.3333333333333333,0.6666666666666666,0.3333333333333333,0.6666666666666666,0.3333333333333333,0.6,0.4,0.6,0.4,0.6666666666666666,0.3333333333333333,0.3583333333333334,0.6666666666666666,0.4505612088663046,0.8333333333333334,0.2938605149586995,Deep ensemble
T20,real,gaussian_full,xyz_4sigma,6.0,0.8333333333333334,0.6,0.2807151675224304,0.1391296535730362,0.1568287909030914,0.8015952110290527,0.4867235124111175,0.4745111167430877,0.0122124180197715,1.0,1.0,1.0,1.0,0.8333333333333334,0.1666666666666666,0.8333333333333334,0.1666666666666666,0.8333333333333334,0.1666666666666666,1.0,0.0,1.0,0.0,1.0,0.0,0.0138888888888888,0.8333333333333334,0.8675632284814612,0.6666666666666666,0.1984047790368398,Deep ensemble
T20,embedding_only,gaussian_full,xyz_4sigma,6.0,0.8333333333333334,0.6,0.3370402157306671,0.1888148039579391,0.2269399811824162,0.7673482894897461,0.5213848352432251,0.5178950428962708,0.0034897688310593,0.8,0.5,0.8,0.5,0.8333333333333334,0.1666666666666666,0.8333333333333334,0.1666666666666666,0.8333333333333334,0.1666666666666666,0.8,0.1999999999999999,0.8,0.1999999999999999,1.0,0.0,0.0472222222222222,0.8333333333333334,0.8675632284814612,0.6666666666666666,0.2326517403125763,Deep ensemble
T20,xyz_only,gaussian_full,xyz_4sigma,6.0,0.0,0.0,1.973580241203308,1.2073758840560913,0.6459422806898752,0.6459422707557678,0.9138977527618408,0.9061172604560852,0.0077805668115615,,,,,0.0,1.0,0.0,1.0,0.0,1.0,0.0,1.0,0.0,1.0,0.0,1.0,0.8333333333333334,0.0,-0.0,1.0,0.3540577391783396,Deep ensemble
T20,embedding_and_xyz,gaussian_full,xyz_4sigma,6.0,0.0,0.0,2.2263920307159424,1.291480541229248,0.6590182930231093,0.659018337726593,0.8548529744148254,0.8479087352752686,0.006944254040718,,,,,0.0,1.0,0.0,1.0,0.0,1.0,0.0,1.0,0.0,1.0,0.0,1.0,0.8333333333333334,0.0,0.4505612088663046,0.8333333333333334,0.3409817020098368,Deep ensemble
T23,real,gaussian_full,xyz_4sigma,19.0,0.7368421052631579,0.5077720207253886,0.5553004741668701,0.3567983508110046,0.2249556434781928,0.8410439491271973,0.408617615699768,0.4062097668647766,0.0024078246206045,0.7714285714285714,0.6247619047619049,0.4857142857142857,0.3626143790849673,0.7368421052631579,0.2631578947368421,0.7368421052631579,0.2631578947368421,0.7777777777777778,0.2222222222222222,0.8125,0.1875,0.8571428571428571,0.1428571428571429,0.9,0.0999999999999999,0.1145531190606145,0.7368421052631579,0.6917614988524178,0.5263157894736842,0.1589561418483132,Deep ensemble
T23,embedding_only,gaussian_full,xyz_4sigma,19.0,0.631578947368421,0.400900900900901,1.18882155418396,0.6135368943214417,0.2900965527484291,0.7703845500946045,0.5729002952575684,0.5655628442764282,0.0073374737985432,0.4523809523809524,0.4307058855931036,0.5,0.4044714057871952,0.631578947368421,0.368421052631579,0.631578947368421,0.368421052631579,0.6111111111111112,0.3888888888888888,0.6875,0.3125,0.6428571428571429,0.3571428571428571,0.6,0.4,0.430716722986969,0.631578947368421,0.990365041474314,0.5789473684210527,0.2296154467683089,Deep ensemble
T23,xyz_only,gaussian_full,xyz_4sigma,19.0,0.3684210526315789,0.0769230769230767,1.6488275527954102,0.9308715462684632,0.4910129685150949,0.7719908356666565,0.6071949601173401,0.5882439017295837,0.0189511775970459,0.5357142857142857,0.7613615336332056,0.4880952380952381,0.685712182983855,0.3684210526315789,0.631578947368421,0.3684210526315789,0.631578947368421,0.3888888888888889,0.6111111111111112,0.4375,0.5625,0.4285714285714285,0.5714285714285714,0.4,0.6,0.6056192148969566,0.3684210526315789,1.01986521427793,0.4210526315789473,0.2280091423737375,Deep ensemble
T23,embedding_and_xyz,gaussian_full,xyz_4sigma,19.0,0.2631578947368421,0.0397111913357399,2.741339921951294,1.1934547424316406,0.4915653294638583,0.738705575466156,0.6554770469665527,0.6298696994781494,0.025607394054532,0.2714285714285714,0.659692031333451,0.1857142857142857,0.6202079043493242,0.2631578947368421,0.736842105263158,0.2631578947368421,0.736842105263158,0.2222222222222222,0.7777777777777778,0.25,0.75,0.2142857142857142,0.7857142857142857,0.2,0.8,0.8310309021813014,0.2631578947368421,0.9174021803627408,0.5789473684210527,0.2612944276709306,Deep ensemble
T24,real,gaussian_full,xyz_4sigma,11.0,0.9090909090909092,0.6333333333333333,0.260122001171112,0.1631575375795364,0.1954649090766906,0.8191492557525635,0.3738124072551727,0.3727272152900696,0.001085250172764,0.8,0.3333333333333333,0.9,0.5,0.9090909090909092,0.0909090909090909,0.9090909090909092,0.0909090909090909,0.9,0.0999999999999999,0.8888888888888888,0.1111111111111111,1.0,0.0,1.0,0.0,0.0233241505968778,0.9090909090909092,0.6001660731596457,0.8181818181818182,0.1808506738055836,Deep ensemble
T24,embedding_only,gaussian_full,xyz_4sigma,11.0,0.5454545454545454,0.2142857142857142,1.1717089414596558,0.7172330021858215,0.3660917986523022,0.8360347151756287,0.5081836581230164,0.5024778842926025,0.0057058143429458,0.6333333333333333,0.5592857142857143,0.8,0.7683333333333333,0.5454545454545454,0.4545454545454546,0.5454545454545454,0.4545454545454546,0.5,0.5,0.5555555555555556,0.4444444444444444,0.5,0.5,0.6666666666666666,0.3333333333333333,0.280329266692903,0.5454545454545454,0.9347698978582792,0.4545454545454545,0.1639653010801835,Deep ensemble
T24,xyz_only,gaussian_full,xyz_4sigma,11.0,0.9090909090909092,0.0,0.2844729423522949,0.1622513979673385,0.145257603038441,0.8277091383934021,0.4658847749233246,0.4593591392040252,0.0065255966037511,1.0,1.0,0.8,0.3333333333333333,0.9090909090909092,0.0909090909090909,0.9090909090909092,0.0909090909090909,1.0,0.0,1.0,0.0,1.0,0.0,1.0,0.0,0.0041322314049586,0.9090909090909092,-0.0,1.0,0.1722908670252019,Deep ensemble
T24,embedding_and_xyz,gaussian_full,xyz_4sigma,11.0,0.4545454545454545,-0.0819672131147541,0.9384722113609314,0.5212457776069641,0.340823159976439,0.634673535823822,0.9183084964752196,0.8997299671173096,0.0185784697532653,0.9666666666666668,0.976190476190476,0.7333333333333334,0.8214646464646465,0.4545454545454545,0.5454545454545454,0.4545454545454545,0.5454545454545454,0.5,0.5,0.5555555555555556,0.4444444444444444,0.625,0.375,0.8333333333333334,0.1666666666666666,0.2040502426866063,0.4545454545454545,0.9949236325717752,0.5454545454545454,0.3653265346180309,Deep ensemble
T25,real,gaussian_full,xyz_4sigma,9.0,0.7777777777777778,0.4193548387096774,0.4924143552780151,0.3440014123916626,0.2285469902886284,0.8989372253417969,0.2832230627536773,0.2805996537208557,0.002623425098136,0.8571428571428572,0.5833333333333333,0.7857142857142857,0.5,0.7777777777777778,0.2222222222222222,0.7777777777777778,0.2222222222222222,0.7777777777777778,0.2222222222222222,0.75,0.25,0.8571428571428571,0.1428571428571429,1.0,0.0,0.0559964726631393,0.7777777777777778,0.3488320958430319,0.8888888888888888,0.1010627812809414,Deep ensemble
T25,embedding_only,gaussian_full,xyz_4sigma,9.0,0.6666666666666666,0.4,0.6623098254203796,0.4453648328781128,0.2961828443739149,0.6692516803741455,0.6982112526893616,0.6741910576820374,0.0240202452987432,0.8333333333333333,0.8333333333333333,0.7777777777777778,0.8095238095238095,0.6666666666666666,0.3333333333333333,0.6666666666666666,0.3333333333333333,0.6666666666666666,0.3333333333333333,0.75,0.25,0.8571428571428571,0.1428571428571429,0.8,0.1999999999999999,0.1306878306878307,0.6666666666666666,0.9950269901795212,0.5555555555555556,0.3307482865121629,Deep ensemble
T25,xyz_only,gaussian_full,xyz_4sigma,9.0,0.7777777777777778,0.4193548387096774,0.5214354991912842,0.353900671005249,0.2918596996201409,0.8353272080421448,0.4526260197162628,0.4336278438568115,0.018998185172677,0.7857142857142857,0.5,0.6428571428571429,0.4166666666666666,0.7777777777777778,0.2222222222222222,0.7777777777777778,0.2222222222222222,0.7777777777777778,0.2222222222222222,0.75,0.25,0.8571428571428571,0.1428571428571429,1.0,0.0,0.0745149911816578,0.7777777777777778,0.3488320958430319,0.8888888888888888,0.1646728184488084,Deep ensemble
T25,embedding_and_xyz,gaussian_full,xyz_4sigma,9.0,0.5555555555555556,0.0999999999999998,0.781967043876648,0.4702241122722626,0.2165373961130778,0.5601085424423218,0.9936282634735109,0.94843852519989,0.0451897792518138,1.0,1.0,0.85,0.8541666666666666,0.5555555555555556,0.4444444444444444,0.5555555555555556,0.4444444444444444,0.5555555555555556,0.4444444444444444,0.625,0.375,0.7142857142857143,0.2857142857142857,1.0,0.0,0.1166225749559082,0.5555555555555556,0.8486855577264172,0.6666666666666666,0.4398914509349399,Deep ensemble
T26,real,gaussian_full,xyz_4sigma,9.0,1.0,1.0,0.1507662981748581,0.0628838837146759,0.1296539704004923,0.8703460097312927,0.3492120504379272,0.348358005285263,0.0008540302515029,,,,,1.0,0.0,1.0,0.0,1.0,0.0,1.0,0.0,1.0,0.0,1.0,0.0,0.0,1.0,0.3488320958430319,0.8888888888888888,0.1296539968914455,Deep ensemble
T26,embedding_only,gaussian_full,xyz_4sigma,9.0,0.4444444444444444,-0.125,0.8411774039268494,0.5746980309486389,0.3576421770784589,0.6682701706886292,0.7166823148727417,0.7089908719062805,0.0076914229430258,0.75,0.835,0.85,0.8766666666666667,0.4444444444444444,0.5555555555555556,0.4444444444444444,0.5555555555555556,0.4444444444444444,0.5555555555555556,0.5,0.5,0.5714285714285714,0.4285714285714286,0.6,0.4,0.3544091710758377,0.4444444444444444,0.936888307539016,0.5555555555555556,0.331729875670539,Deep ensemble
T26,xyz_only,gaussian_full,xyz_4sigma,9.0,0.8888888888888888,0.0,0.2252223193645477,0.1087212115526199,0.1710277795791625,0.8334792852401733,0.4826051890850067,0.4732747673988342,0.0093304282054305,1.0,1.0,0.625,0.25,0.8888888888888888,0.1111111111111111,0.8888888888888888,0.1111111111111111,0.8888888888888888,0.1111111111111111,1.0,0.0,1.0,0.0,1.0,0.0,0.0061728395061728,0.8888888888888888,-0.0,1.0,0.16652070151435,Deep ensemble
T26,embedding_and_xyz,gaussian_full,xyz_4sigma,9.0,0.5555555555555556,-0.090909090909091,0.8770800828933716,0.4683115184307098,0.2301127579477098,0.6063901782035828,0.9865432381629944,0.9558196663856506,0.0307235922664403,0.75,0.7333333333333333,0.75,0.8125,0.5555555555555556,0.4444444444444444,0.5555555555555556,0.4444444444444444,0.5555555555555556,0.4444444444444444,0.625,0.375,0.5714285714285714,0.4285714285714286,0.6,0.4,0.2232363315696649,0.5555555555555556,0.8486855577264172,0.6666666666666666,0.3936098284191555,Deep ensemble
T27,real,gaussian_full,xyz_4sigma,18.0,0.7777777777777778,0.5714285714285714,0.3214010000228882,0.2081288546323776,0.1482059359550475,0.8206830620765686,0.4335187375545501,0.4285578429698944,0.0049608871340751,0.8750000000000001,0.5666666666666667,0.9642857142857144,0.9166666666666666,0.7777777777777778,0.2222222222222222,0.7777777777777778,0.2222222222222222,0.7647058823529411,0.2352941176470588,0.8,0.1999999999999999,0.9230769230769232,0.0769230769230768,1.0,0.0,0.0529825249187994,0.7777777777777778,0.6365141682948128,0.6666666666666666,0.1793169379234314,Deep ensemble
T27,embedding_only,gaussian_full,xyz_4sigma,18.0,0.7222222222222222,0.4705882352941176,0.4561316668987274,0.2739178538322449,0.1977708836396535,0.7492291927337646,0.6134431958198547,0.6019032597541809,0.0115399369969964,0.9384615384615383,0.8528571428571428,0.6307692307692307,0.4093040293040293,0.7222222222222222,0.2777777777777778,0.7222222222222222,0.2777777777777778,0.7647058823529411,0.2352941176470588,0.8,0.1999999999999999,0.9230769230769232,0.0769230769230768,1.0,0.0,0.0591553644249722,0.7222222222222222,0.7777899315559316,0.7222222222222222,0.2507708105776045,Deep ensemble
T27,xyz_only,gaussian_full,xyz_4sigma,18.0,0.4444444444444444,0.1176470588235294,0.9552646279335022,0.6172197461128235,0.346780366367764,0.7492021322250366,0.7177796363830566,0.699439287185669,0.0183402989059686,0.975,0.9833333333333332,1.0,1.0,0.4444444444444444,0.5555555555555556,0.4444444444444444,0.5555555555555556,0.4705882352941176,0.5294117647058824,0.5333333333333333,0.4666666666666667,0.6153846153846154,0.3846153846153846,0.8888888888888888,0.1111111111111111,0.2095595490203333,0.4444444444444444,0.4505612088663046,0.8333333333333334,0.2507978479067485,Deep ensemble
T27,embedding_and_xyz,gaussian_full,xyz_4sigma,18.0,0.4444444444444444,0.1666666666666666,1.1805944442749023,0.7293666005134583,0.3318129860692554,0.6086065173149109,0.9838879108428956,0.9505883455276488,0.0332995317876338,0.275,0.4617717903012021,0.35,0.5273856209150327,0.4444444444444444,0.5555555555555556,0.4444444444444444,0.5555555555555556,0.4117647058823529,0.5882352941176471,0.3333333333333333,0.6666666666666667,0.3846153846153846,0.6153846153846154,0.3333333333333333,0.6666666666666667,0.6944391211548074,0.4444444444444444,1.0986122886681096,0.3333333333333333,0.3913934826850891,Deep ensemble
T28,real,gaussian_full,xyz_4sigma,9.0,0.6666666666666666,0.325,0.6580493450164795,0.4471732676029205,0.2751585377587212,0.901988685131073,0.2993874251842499,0.2965758144855499,0.0028116090688854,0.888888888888889,0.8666666666666667,0.9444444444444444,0.9166666666666664,0.6666666666666666,0.3333333333333333,0.6666666666666666,0.3333333333333333,0.6666666666666666,0.3333333333333333,0.75,0.25,0.8571428571428571,0.1428571428571429,0.8,0.1999999999999999,0.1029100529100529,0.6666666666666666,0.3488320958430319,0.8888888888888888,0.0980113479826185,Deep ensemble
T28,embedding_only,gaussian_full,xyz_4sigma,9.0,0.7777777777777778,0.625,0.4981566071510315,0.3054637610912323,0.2685196730825636,0.6959097385406494,0.6857272982597351,0.6713752150535583,0.014352043159306,0.7857142857142857,0.7,0.4285714285714286,0.2678571428571428,0.7777777777777778,0.2222222222222222,0.7777777777777778,0.2222222222222222,0.7777777777777778,0.2222222222222222,0.875,0.125,0.8571428571428571,0.1428571428571429,0.8,0.1999999999999999,0.0828483245149911,0.7777777777777778,0.9950269901795212,0.5555555555555556,0.3040902415911357,Deep ensemble
T28,xyz_only,gaussian_full,xyz_4sigma,9.0,0.6666666666666666,0.325,0.6955492496490479,0.4399574697017669,0.1846457057529025,0.8139703869819641,0.5988774299621582,0.578084409236908,0.0207930300384759,0.888888888888889,0.8666666666666667,0.8333333333333333,0.8333333333333333,0.6666666666666666,0.3333333333333333,0.6666666666666666,0.3333333333333333,0.6666666666666666,0.3333333333333333,0.75,0.25,0.8571428571428571,0.1428571428571429,0.8,0.1999999999999999,0.1029100529100529,0.6666666666666666,0.3488320958430319,0.8888888888888888,0.1860295666588677,Deep ensemble
T28,embedding_and_xyz,gaussian_full,xyz_4sigma,9.0,0.5555555555555556,0.2340425531914893,0.8308240175247192,0.4981830418109894,0.2481174733903672,0.4905198514461517,1.0689927339553833,1.0334763526916504,0.0355164557695388,0.8,0.6791666666666667,0.75,0.8125,0.5555555555555556,0.4444444444444444,0.5555555555555556,0.4444444444444444,0.5555555555555556,0.4444444444444444,0.5,0.5,0.5714285714285714,0.4285714285714286,0.8,0.1999999999999999,0.1871252204585538,0.5555555555555556,0.936888307539016,0.5555555555555556,0.5094801452424791,Deep ensemble
T3,real,gaussian_full,xyz_4sigma,13.0,0.6923076923076923,0.4851485148514852,0.6519280672073364,0.3575994372367859,0.2215682910038875,0.8835709691047668,0.302114874124527,0.2991570830345154,0.0029577857349067,0.9444444444444444,0.9166666666666666,0.9722222222222222,0.95,0.6923076923076923,0.3076923076923077,0.6923076923076923,0.3076923076923077,0.75,0.25,0.8181818181818182,0.1818181818181817,0.9,0.0999999999999999,1.0,0.0,0.0709058035981112,0.6923076923076923,0.6901856760188042,0.5384615384615384,0.1164290400651785,Deep ensemble
T3,embedding_only,gaussian_full,xyz_4sigma,13.0,0.6153846153846154,0.3925233644859812,0.9646797776222228,0.5343654155731201,0.2883929243454566,0.8867397308349609,0.3596958816051483,0.3576674163341522,0.0020284377969801,0.975,0.9666666666666666,0.85,0.7961904761904761,0.6153846153846154,0.3846153846153846,0.6153846153846154,0.3846153846153846,0.6666666666666666,0.3333333333333333,0.7272727272727273,0.2727272727272727,0.8,0.1999999999999999,1.0,0.0,0.0949599545753391,0.6153846153846154,0.6901856760188042,0.5384615384615384,0.1132602462401757,Deep ensemble
T3,xyz_only,gaussian_full,xyz_4sigma,13.0,0.6153846153846154,0.1558441558441559,1.0991501808166504,0.4635181725025177,0.2339530495496897,0.8316287398338318,0.3447757363319397,0.3422972857952118,0.0024784316774457,1.0,1.0,1.0,1.0,0.6153846153846154,0.3846153846153846,0.6153846153846154,0.3846153846153846,0.6666666666666666,0.3333333333333333,0.7272727272727273,0.2727272727272727,0.8,0.1999999999999999,1.0,0.0,0.0853445699599545,0.6153846153846154,0.4293230219306162,0.8461538461538461,0.1683712509962228,Deep ensemble
T3,embedding_and_xyz,gaussian_full,xyz_4sigma,13.0,0.6153846153846154,0.0,1.2928566932678225,0.5136098265647888,0.2804390237881587,0.8656251430511475,0.328534334897995,0.3247448205947876,0.0037894358392804,1.0,1.0,1.0,1.0,0.6153846153846154,0.3846153846153846,0.6153846153846154,0.3846153846153846,0.6666666666666666,0.3333333333333333,0.7272727272727273,0.2727272727272727,0.8,0.1999999999999999,1.0,0.0,0.0853445699599545,0.6153846153846154,-0.0,1.0,0.1343748202690711,Deep ensemble
T4,real,gaussian_full,xyz_4sigma,13.0,0.9230769230769232,0.8761904761904762,0.236547976732254,0.1287846714258194,0.1256563342534578,0.8593184947967529,0.3940687775611877,0.3923265635967254,0.0017421947559341,0.8333333333333334,0.3333333333333333,0.4166666666666666,0.125,0.9230769230769232,0.0769230769230768,0.9230769230769232,0.0769230769230768,0.9166666666666666,0.0833333333333333,0.9090909090909092,0.0909090909090909,1.0,0.0,1.0,0.0,0.0163618432849202,0.9230769230769232,1.0905994737794786,0.5384615384615384,0.1406815281281104,Deep ensemble
T4,embedding_only,gaussian_full,xyz_4sigma,13.0,0.6153846153846154,0.409090909090909,0.6356451511383057,0.3645654022693634,0.3137241487319653,0.6695226430892944,0.7447116374969482,0.737384557723999,0.0073271770961582,0.9,0.885,0.525,0.5433333333333333,0.6153846153846154,0.3846153846153846,0.6153846153846154,0.3846153846153846,0.6666666666666666,0.3333333333333333,0.7272727272727273,0.2727272727272727,0.8,0.1999999999999999,0.8571428571428571,0.1428571428571429,0.1273164869318715,0.6153846153846154,1.2047933096947845,0.4615384615384615,0.3304772927210881,Deep ensemble
T4,xyz_only,gaussian_full,xyz_4sigma,13.0,0.5384615384615384,0.0,0.8633273243904114,0.534576416015625,0.2920920161100535,0.8305534720420837,0.43893563747406,0.4222845733165741,0.0166510660201311,1.0,1.0,1.0,1.0,0.5384615384615384,0.4615384615384615,0.5384615384615384,0.4615384615384615,0.5833333333333334,0.4166666666666666,0.6363636363636364,0.3636363636363636,0.7,0.3,1.0,0.0,0.1275611140995756,0.5384615384615384,-0.0,1.0,0.1694464408434354,Deep ensemble
T4,embedding_and_xyz,gaussian_full,xyz_4sigma,13.0,0.5384615384615384,0.0,1.1691237688064575,0.641258955001831,0.3268885704187246,0.865350067615509,0.4113088250160217,0.3942387700080871,0.0170701183378696,0.9761904761904764,0.976190476190476,0.9761904761904764,0.976190476190476,0.5384615384615384,0.4615384615384615,0.5384615384615384,0.4615384615384615,0.5833333333333334,0.4166666666666666,0.6363636363636364,0.3636363636363636,0.7,0.3,0.8571428571428571,0.1428571428571429,0.1385501250885866,0.5384615384615384,-0.0,1.0,0.1346498957047095,Deep ensemble
T5,real,gaussian_full,xyz_4sigma,13.0,0.6923076923076923,0.5873015873015872,0.9335726499557496,0.6004852652549744,0.425849043405973,0.7200076580047607,0.675175130367279,0.6658435463905334,0.0093316491693258,0.3055555555555556,0.2714646464646464,0.4444444444444444,0.3179563492063492,0.6923076923076923,0.3076923076923077,0.6923076923076923,0.3076923076923077,0.6666666666666666,0.3333333333333333,0.6363636363636364,0.3636363636363636,0.6,0.4,0.5714285714285714,0.4285714285714286,0.3409357736280812,0.6923076923076923,1.118968866881627,0.4615384615384615,0.279992387844966,Deep ensemble
T5,embedding_only,gaussian_full,xyz_4sigma,13.0,0.3076923076923077,0.0249999999999999,1.096487045288086,0.6871826648712158,0.3927286863327026,0.5863568782806396,0.8733212947845459,0.8620335459709167,0.0112879481166601,0.4722222222222222,0.6823953823953824,0.7777777777777777,0.9094356261022928,0.3076923076923077,0.6923076923076923,0.3076923076923077,0.6923076923076923,0.25,0.75,0.2727272727272727,0.7272727272727273,0.3,0.7,0.2857142857142857,0.7142857142857143,0.6182855605932529,0.3076923076923077,1.2047933096947845,0.4615384615384615,0.413643126304333,Deep ensemble
T5,xyz_only,gaussian_full,xyz_4sigma,13.0,0.5384615384615384,0.4135338345864662,1.1961678266525269,0.6427685618400574,0.3427006258414342,0.5779988765716553,1.0580612421035769,0.9435727000236512,0.1144884899258613,0.5714285714285714,0.5973544973544973,0.9523809523809524,0.9484126984126984,0.5384615384615384,0.4615384615384615,0.5384615384615384,0.4615384615384615,0.5833333333333334,0.4166666666666666,0.5454545454545454,0.4545454545454546,0.5,0.5,0.4285714285714285,0.5714285714285714,0.3282964898349514,0.5384615384615384,0.9839614460010256,0.5384615384615384,0.4220011371832627,Deep ensemble
T5,embedding_and_xyz,gaussian_full,xyz_4sigma,13.0,0.3846153846153846,0.1612903225806451,1.296244502067566,0.7155392169952393,0.207348298567992,0.48127481341362,1.1684894561767578,1.0173099040985107,0.151179552078247,0.6749999999999999,0.7708333333333334,0.725,0.8677780552780553,0.3846153846153846,0.6153846153846154,0.3846153846153846,0.6153846153846154,0.4166666666666667,0.5833333333333333,0.3636363636363636,0.6363636363636364,0.4,0.6,0.5714285714285714,0.4285714285714286,0.4496038149884304,0.3846153846153846,1.204793309694784,0.4615384615384615,0.5187252026337844,Deep ensemble
U1,real,gaussian_full,xyz_4sigma,19.0,0.8421052631578947,0.6984126984126984,0.5181505084037781,0.2245876342058181,0.1146822963890276,0.837195634841919,0.4196537733078003,0.4140598773956299,0.0055939112789928,0.9583333333333334,0.8055555555555556,0.75,0.4166666666666666,0.8421052631578947,0.1578947368421053,0.8421052631578947,0.1578947368421053,0.8888888888888888,0.1111111111111111,0.9375,0.0625,1.0,0.0,1.0,0.0,0.0194845020187207,0.8421052631578947,0.8785250991271565,0.631578947368421,0.1628043369243019,Deep ensemble
U1,embedding_only,gaussian_full,xyz_4sigma,19.0,0.3684210526315789,0.205574912891986,2.340578556060791,0.9860514402389526,0.5115171890509755,0.7944322824478149,0.4517713785171509,0.4448077976703644,0.0069635747931897,0.2976190476190476,0.580386456150775,0.5238095238095238,0.759410679476469,0.3684210526315789,0.631578947368421,0.3684210526315789,0.631578947368421,0.3333333333333333,0.6666666666666667,0.375,0.625,0.3571428571428571,0.6428571428571428,0.2,0.8,0.7593540980049045,0.3684210526315789,0.8092054732283177,0.631578947368421,0.2055676955925791,Deep ensemble
U1,xyz_only,gaussian_full,xyz_4sigma,19.0,0.6842105263157895,0.2784810126582279,1.0514626502990725,0.5226443409919739,0.2596752549472608,0.9026414155960084,0.2460355013608932,0.2434873878955841,0.0025481355842202,0.8717948717948718,0.7051587301587301,0.8846153846153846,0.7329365079365079,0.6842105263157895,0.3157894736842105,0.6842105263157895,0.3157894736842105,0.7222222222222222,0.2777777777777778,0.6875,0.3125,0.7857142857142857,0.2142857142857143,1.0,0.0,0.0926537910426618,0.6842105263157895,0.336495757583516,0.8947368421052632,0.0973586063635976,Deep ensemble
U1,embedding_and_xyz,gaussian_full,xyz_4sigma,19.0,0.5789473684210527,0.0,1.692643165588379,0.6128312945365906,0.2598281361554798,0.799323320388794,0.4560078084468841,0.4493612051010132,0.0066465139389038,0.931818181818182,0.9202741702741704,0.8522727272727273,0.7885281385281385,0.5789473684210527,0.4210526315789473,0.5789473684210527,0.4210526315789473,0.6111111111111112,0.3888888888888888,0.6875,0.3125,0.7857142857142857,0.2142857142857143,0.9,0.0999999999999999,0.1334828396035011,0.5789473684210527,-0.0,1.0,0.2006766670628597,Deep ensemble
U2,real,gaussian_full,xyz_4sigma,19.0,0.7368421052631579,0.4602272727272727,0.503426194190979,0.2829430699348449,0.1841044457335221,0.802111804485321,0.5332592129707336,0.5240751504898071,0.0091840028762817,1.0,1.0,1.0,1.0,0.7368421052631579,0.2631578947368421,0.7368421052631579,0.2631578947368421,0.7777777777777778,0.2222222222222222,0.875,0.125,1.0,0.0,1.0,0.0,0.0379967591838212,0.7368421052631579,0.9591824302739718,0.5789473684210527,0.1978881202246013,Deep ensemble
U2,embedding_only,gaussian_full,xyz_4sigma,19.0,0.2105263157894736,0.0806451612903225,2.0491764545440674,1.1278376579284668,0.5754852828226591,0.7860115766525269,0.4961834847927093,0.4887537658214569,0.0074297073297202,0.2833333333333333,0.7216609591532192,0.3,0.7447423222345823,0.2105263157894736,0.7894736842105263,0.2105263157894736,0.7894736842105263,0.1666666666666666,0.8333333333333334,0.1875,0.8125,0.2142857142857142,0.7857142857142857,0.1,0.9,0.8563452522980795,0.2105263157894736,0.6330395116644678,0.7894736842105263,0.2139884076620403,Deep ensemble
U2,xyz_only,gaussian_full,xyz_4sigma,19.0,1.0,1.0,0.0698205456137657,0.0321220010519027,0.0586875614367033,0.9413124918937684,0.1587179005146026,0.1555948406457901,0.0031230554450303,,,,,1.0,0.0,1.0,0.0,1.0,0.0,1.0,0.0,1.0,0.0,1.0,0.0,0.0,1.0,0.4361623253853443,0.8421052631578947,0.0586875426141839,Deep ensemble
U2,embedding_and_xyz,gaussian_full,xyz_4sigma,19.0,0.8421052631578947,0.0,0.4019560217857361,0.212832823395729,0.1442504807522422,0.8776616454124451,0.3690087795257568,0.3638974130153656,0.0051113413646817,1.0,1.0,1.0,1.0,0.8421052631578947,0.1578947368421053,0.8421052631578947,0.1578947368421053,0.8888888888888888,0.1111111111111111,1.0,0.0,1.0,0.0,1.0,0.0,0.013099053102312,0.8421052631578947,-0.0,1.0,0.1223384204663728,Deep ensemble
U3,real,gaussian_full,xyz_4sigma,19.0,0.4736842105263157,0.0865384615384614,0.6464858651161194,0.4756367802619934,0.3288355014826122,0.758953332901001,0.536812961101532,0.5322850346565247,0.0045278640463948,0.9555555555555556,0.9572979797979796,0.9444444444444444,0.949722222222222,0.4736842105263157,0.5263157894736843,0.4736842105263157,0.5263157894736843,0.5,0.5,0.5625,0.4375,0.6428571428571429,0.3571428571428571,0.8,0.1999999999999999,0.1922764743177811,0.4736842105263157,0.9097077103274986,0.631578947368421,0.2410467580745094,Deep ensemble
U3,embedding_only,gaussian_full,xyz_4sigma,19.0,0.6842105263157895,0.5107296137339056,0.8527477383613586,0.5432912111282349,0.2904438815618816,0.8245237469673157,0.4876218736171722,0.4798559844493866,0.0077658663503825,0.3205128205128205,0.2715469228627123,0.2564102564102564,0.2570653396311291,0.6842105263157895,0.3157894736842105,0.6842105263157895,0.3157894736842105,0.6666666666666666,0.3333333333333333,0.625,0.375,0.5714285714285714,0.4285714285714286,0.7,0.3,0.432433185195121,0.6842105263157895,0.8785250991271565,0.631578947368421,0.175476218524732,Deep ensemble
U3,xyz_only,gaussian_full,xyz_4sigma,19.0,0.6842105263157895,0.40625,1.4861942529678345,0.6508201956748962,0.3501881674716347,0.9312880635261536,0.1959655880928039,0.1946780383586883,0.001287521328777,0.3461538461538461,0.2721153846153846,0.5512820512820512,0.3507575757575757,0.6842105263157895,0.3157894736842105,0.6842105263157895,0.3157894736842105,0.6666666666666666,0.3333333333333333,0.625,0.375,0.5714285714285714,0.4285714285714286,0.5,0.5,0.3242061782839035,0.6842105263157895,0.4361623253853443,0.8421052631578947,0.0687120086268374,Deep ensemble
U3,embedding_and_xyz,gaussian_full,xyz_4sigma,19.0,0.5263157894736842,0.0,1.0557513236999512,0.7025193572044373,0.371084639900609,0.882340669631958,0.3738374710083008,0.3658596873283386,0.0079777427017688,0.8444444444444443,0.83980278980279,0.8666666666666667,0.877545294211961,0.5263157894736842,0.4736842105263158,0.5263157894736842,0.4736842105263158,0.5555555555555556,0.4444444444444444,0.625,0.375,0.6428571428571429,0.3571428571428571,0.7,0.3,0.2045965657828131,0.5263157894736842,-0.0,1.0,0.1176593397793017,Deep ensemble
U4,real,gaussian_full,xyz_4sigma,16.0,0.0625,0.0551181102362204,8.086034774780273,1.6083883047103882,0.7442992404103279,0.8067992925643921,0.4702700972557068,0.4643323719501495,0.0059377555735409,1.0,1.0,0.9333333333333332,0.9958333333333332,0.0625,0.9375,0.0625,0.9375,0.0666666666666666,0.9333333333333332,0.0769230769230769,0.9230769230769232,0.0833333333333333,0.9166666666666666,0.125,0.875,0.7594075629231878,0.0625,0.9002560512685369,0.625,0.1932007446885109,Deep ensemble
U4,embedding_only,gaussian_full,xyz_4sigma,16.0,0.0625,0.0551181102362204,5.513057708740234,1.634425163269043,0.7899154238402843,0.8048062324523926,0.4352693259716034,0.4287217259407043,0.0065475814044475,0.0666666666666666,0.8746180671180671,0.0666666666666666,0.8746180671180671,0.0625,0.9375,0.0625,0.9375,0.0666666666666666,0.9333333333333332,0.0,1.0,0.0,1.0,0.0,1.0,0.9313802083333332,0.0625,0.7356219397587946,0.75,0.1951937712728977,Deep ensemble
U4,xyz_only,gaussian_full,xyz_4sigma,16.0,0.0625,0.0588235294117647,9.900107383728027,1.820991039276123,0.9119827151298524,0.9628013372421264,0.1462476551532745,0.1453155279159546,0.0009321272373199,0.0666666666666666,0.8746180671180671,0.0,0.8412847337847338,0.0625,0.9375,0.0625,0.9375,0.0666666666666666,0.9333333333333332,0.0,1.0,0.0,1.0,0.0,1.0,0.9313802083333332,0.0625,0.2337916587064593,0.9375,0.0371986962854862,Deep ensemble
U4,embedding_and_xyz,gaussian_full,xyz_4sigma,16.0,0.0625,0.0551181102362204,7.318763732910156,1.6289644241333008,0.7679427061229944,0.7565865516662598,0.5329957008361816,0.5228222012519836,0.0101734828203916,0.0666666666666666,0.8746180671180671,0.6666666666666666,0.9759432234432234,0.0625,0.9375,0.0625,0.9375,0.0666666666666666,0.9333333333333332,0.0,1.0,0.0,1.0,0.0,1.0,0.9313802083333332,0.0625,0.7356219397587946,0.75,0.2434134297072887,Deep ensemble
U5,real,gaussian_full,xyz_4sigma,16.0,1.0,1.0,0.2374141961336136,0.1179702579975128,0.1816632244735956,0.8183367848396301,0.4474555850028991,0.4422410726547241,0.0052145035006105,,,,,1.0,0.0,1.0,0.0,1.0,0.0,1.0,0.0,1.0,0.0,1.0,0.0,0.0,1.0,0.3767701612564367,0.875,0.1816632337868213,Deep ensemble
U5,embedding_only,gaussian_full,xyz_4sigma,16.0,0.25,0.1351351351351351,1.853759765625,1.169114351272583,0.609560314565897,0.803963840007782,0.4924050867557525,0.4852330684661865,0.0071720285341143,0.1875,0.6657821345321344,0.3125,0.7570519758019757,0.25,0.75,0.25,0.75,0.2666666666666666,0.7333333333333334,0.1538461538461538,0.8461538461538461,0.1666666666666666,0.8333333333333334,0.125,0.875,0.8529071622821622,0.25,0.8314025204956377,0.6875,0.1960361637175083,Deep ensemble
U5,xyz_only,gaussian_full,xyz_4sigma,16.0,1.0,1.0,0.0648435652256012,0.0152334999293088,0.0598551295697689,0.9401448965072632,0.2176394462585449,0.2148911654949188,0.0027482747100293,,,,,1.0,0.0,1.0,0.0,1.0,0.0,1.0,0.0,1.0,0.0,1.0,0.0,0.0,1.0,0.3767701612564367,0.875,0.059855081140995,Deep ensemble
U5,embedding_and_xyz,gaussian_full,xyz_4sigma,16.0,0.875,0.0,0.4472733438014984,0.2561397850513458,0.3053544797003269,0.6670395135879517,0.6628987789154053,0.6488063335418701,0.0140924174338579,1.0,1.0,0.75,0.2916666666666666,0.875,0.125,0.875,0.125,0.9333333333333332,0.0666666666666666,1.0,0.0,1.0,0.0,1.0,0.0,0.0080729166666666,0.875,-0.0,1.0,0.3329604864120483,Deep ensemble
U6,real,gaussian_full,xyz_4sigma,16.0,1.0,1.0,0.1526260673999786,0.0467726066708564,0.1322384215891361,0.8677616119384766,0.4455643892288208,0.438833087682724,0.0067312936298549,,,,,1.0,0.0,1.0,0.0,1.0,0.0,1.0,0.0,1.0,0.0,1.0,0.0,0.0,1.0,0.6210863745552451,0.6875,0.1322384104132652,Deep ensemble
U6,embedding_only,gaussian_full,xyz_4sigma,16.0,0.4375,0.2460732984293193,1.435888409614563,0.846345067024231,0.4313028007745743,0.7440897226333618,0.6448339223861694,0.6321579813957214,0.0126759391278028,0.4603174603174603,0.5535273368606702,0.3015873015873016,0.479690371357038,0.4375,0.5625,0.4375,0.5625,0.4,0.6,0.3846153846153846,0.6153846153846154,0.4166666666666667,0.5833333333333333,0.375,0.625,0.5254006843850594,0.4375,0.9470571522825084,0.5625,0.255910325795412,Deep ensemble
U6,xyz_only,gaussian_full,xyz_4sigma,16.0,0.875,0.6734693877551021,0.1878615617752075,0.1141598597168922,0.0886327177286148,0.8951839208602905,0.2912299036979675,0.2846973538398742,0.0065325247123837,1.0,1.0,1.0,1.0,0.875,0.125,0.875,0.125,0.9333333333333332,0.0666666666666666,1.0,0.0,1.0,0.0,1.0,0.0,0.0080729166666666,0.875,0.482577565177012,0.8125,0.1048160940408706,Deep ensemble
U6,embedding_and_xyz,gaussian_full,xyz_4sigma,16.0,0.6875,0.0,0.8486942052841187,0.3806415796279907,0.2712256014347076,0.7976641654968262,0.5340110063552856,0.516045331954956,0.0179656241089105,0.9818181818181818,0.9666666666666668,0.5454545454545454,0.3959706959706959,0.6875,0.3125,0.6875,0.3125,0.7333333333333333,0.2666666666666667,0.8461538461538461,0.1538461538461538,0.9166666666666666,0.0833333333333333,1.0,0.0,0.0603306849400599,0.6875,-0.0,1.0,0.2023358643054962,Deep ensemble
V1,real,gaussian_full,xyz_4sigma,9.0,0.5555555555555556,0.0,1.141785979270935,0.6585602164268494,0.3892738388644324,0.7711065411567688,0.5582961440086365,0.5506303310394287,0.0076657850295305,0.7000000000000001,0.7095238095238094,0.5,0.4833333333333333,0.5555555555555556,0.4444444444444444,0.5555555555555556,0.4444444444444444,0.5555555555555556,0.4444444444444444,0.625,0.375,0.5714285714285714,0.4285714285714286,0.6,0.4,0.2602733686067019,0.5555555555555556,-0.0,1.0,0.2288934257295396,Deep ensemble
V1,embedding_only,gaussian_full,xyz_4sigma,9.0,0.5555555555555556,0.1428571428571429,1.1767868995666504,0.6459518671035767,0.3007717993524339,0.748280942440033,0.5927779674530029,0.5835832953453064,0.009194697253406,0.6499999999999999,0.7611111111111111,0.6,0.6777777777777778,0.5555555555555556,0.4444444444444444,0.5555555555555556,0.4444444444444444,0.5555555555555556,0.4444444444444444,0.625,0.375,0.7142857142857143,0.2857142857142857,0.6,0.4,0.3555114638447971,0.5555555555555556,0.6837389058487535,0.7777777777777778,0.2517190443144904,Deep ensemble
V1,xyz_only,gaussian_full,xyz_4sigma,9.0,0.2222222222222222,0.0454545454545454,2.974993228912353,1.2972654104232788,0.6524788538614908,0.7684080004692078,0.6085100769996643,0.5950024127960205,0.0135076511651277,0.2857142857142857,0.7869614512471654,0.0714285714285714,0.6441043083900226,0.2222222222222222,0.7777777777777778,0.2222222222222222,0.7777777777777778,0.2222222222222222,0.7777777777777778,0.25,0.75,0.2857142857142857,0.7142857142857143,0.0,1.0,0.7985008818342152,0.2222222222222222,1.0986122886681096,0.3333333333333333,0.2315919929080539,Deep ensemble
V1,embedding_and_xyz,gaussian_full,xyz_4sigma,9.0,0.1111111111111111,-0.090909090909091,2.8601808547973637,1.3131814002990725,0.6572904321882459,0.7684015035629272,0.6070200800895691,0.594196081161499,0.0128239523619413,0.5,0.9317956349206348,0.5,0.9317956349206348,0.1111111111111111,0.8888888888888888,0.1111111111111111,0.8888888888888888,0.1111111111111111,0.8888888888888888,0.125,0.875,0.1428571428571428,0.8571428571428572,0.2,0.8,0.8122134038800706,0.1111111111111111,1.0608569471580214,0.4444444444444444,0.2315984765688578,Deep ensemble
V2,real,gaussian_full,xyz_4sigma,9.0,1.0,1.0,0.1903980076313018,0.0824446603655815,0.1609903044170803,0.839009702205658,0.4315859675407409,0.4284307956695556,0.0031552000436931,,,,,1.0,0.0,1.0,0.0,1.0,0.0,1.0,0.0,1.0,0.0,1.0,0.0,0.0,1.0,0.8486855577264172,0.6666666666666666,0.1609902911716037,Deep ensemble
V2,embedding_only,gaussian_full,xyz_4sigma,9.0,0.8888888888888888,0.7954545454545454,0.2352182865142822,0.1083399429917335,0.1928815576765272,0.8144404888153076,0.5069729089736938,0.4996306002140045,0.0073423236608505,1.0,1.0,1.0,1.0,0.8888888888888888,0.1111111111111111,0.8888888888888888,0.1111111111111111,0.8888888888888888,0.1111111111111111,1.0,0.0,1.0,0.0,1.0,0.0,0.0061728395061728,0.8888888888888888,0.936888307539016,0.5555555555555556,0.1855595575438605,Deep ensemble
V2,xyz_only,gaussian_full,xyz_4sigma,9.0,0.8888888888888888,0.7428571428571429,0.380915492773056,0.1974009424448013,0.1433421572049458,0.7455467581748962,0.6633312702178955,0.6432799696922302,0.0200512781739234,1.0,1.0,0.625,0.25,0.8888888888888888,0.1111111111111111,0.8888888888888888,0.1111111111111111,0.8888888888888888,0.1111111111111111,1.0,0.0,1.0,0.0,1.0,0.0,0.0061728395061728,0.8888888888888888,0.5297061990576545,0.7777777777777778,0.2544532683160569,Deep ensemble
V2,embedding_and_xyz,gaussian_full,xyz_4sigma,9.0,0.7777777777777778,0.5384615384615385,0.4292676150798797,0.2338820546865463,0.2553625769085354,0.764807939529419,0.6328074932098389,0.6144658327102661,0.0183417070657014,1.0,1.0,0.7142857142857142,0.45,0.7777777777777778,0.2222222222222222,0.7777777777777778,0.2222222222222222,0.7777777777777778,0.2222222222222222,0.875,0.125,1.0,0.0,1.0,0.0,0.0262345679012345,0.7777777777777778,0.6365141682948128,0.6666666666666666,0.235192060470581,Deep ensemble
V3,real,gaussian_full,xyz_4sigma,13.0,0.8461538461538461,0.6976744186046511,0.3755480051040649,0.218455970287323,0.1771947351785806,0.7984957098960876,0.5144466757774353,0.5090945959091187,0.0053520542569458,0.9090909090909092,0.5833333333333333,0.7272727272727273,0.3928571428571428,0.8461538461538461,0.1538461538461538,0.8461538461538461,0.1538461538461538,0.8333333333333334,0.1666666666666666,0.9090909090909092,0.0909090909090909,1.0,0.0,1.0,0.0,0.0257306795768334,0.8461538461538461,0.6901856760188042,0.5384615384615384,0.2015042763489943,Deep ensemble
V3,embedding_only,gaussian_full,xyz_4sigma,13.0,0.7692307692307693,0.5851063829787234,0.4021162688732147,0.2502627968788147,0.1502769956221947,0.8223156332969666,0.4858258664608001,0.4742840528488159,0.0115417353808879,0.9333333333333332,0.8666666666666667,0.9333333333333332,0.8666666666666667,0.7692307692307693,0.2307692307692307,0.7692307692307693,0.2307692307692307,0.8333333333333334,0.1666666666666666,0.9090909090909092,0.0909090909090909,0.9,0.0999999999999999,1.0,0.0,0.0449285756978064,0.7692307692307693,0.8981370031878679,0.5384615384615384,0.177684330023252,Deep ensemble
V3,xyz_only,gaussian_full,xyz_4sigma,13.0,0.4615384615384615,0.2479338842975206,1.281170129776001,0.8223863244056702,0.4874944618115058,0.7741913199424744,0.6408296823501587,0.6258522868156433,0.0149773815646767,0.3095238095238095,0.491064491064491,0.2142857142857142,0.430860409431838,0.4615384615384615,0.5384615384615384,0.4615384615384615,0.5384615384615384,0.4166666666666667,0.5833333333333333,0.4545454545454545,0.5454545454545454,0.4,0.6,0.4285714285714285,0.5714285714285714,0.6512822647438032,0.4615384615384615,0.6901856760188042,0.5384615384615384,0.2258086617176349,Deep ensemble
V3,embedding_and_xyz,gaussian_full,xyz_4sigma,13.0,0.5384615384615384,0.3097345132743363,0.9880777597427368,0.6390352249145508,0.3229968020549187,0.6739173531532288,0.7698004245758057,0.7457981705665588,0.0240022223442792,0.4285714285714286,0.4534743034743035,0.1904761904761905,0.3558552558552559,0.5384615384615384,0.4615384615384615,0.5384615384615384,0.4615384615384615,0.5,0.5,0.4545454545454545,0.5454545454545454,0.5,0.5,0.5714285714285714,0.4285714285714286,0.4738731354115969,0.5384615384615384,0.6901856760188042,0.5384615384615384,0.3260826376768259,Deep ensemble
A1,real,gaussian_full,xyz_4sigma,26.0,0.8846153846153846,0.7111111111111112,0.1605716496706009,0.1047255545854568,0.0759129638855274,0.9092686772346495,0.2120673507452011,0.2043216377496719,0.007745704613626,0.9855072463768116,0.9166666666666664,1.0,1.0,0.8846153846153846,0.1153846153846154,0.92,0.0799999999999999,0.9583333333333334,0.0416666666666666,1.0,0.0,1.0,0.0,1.0,0.0,0.0085706628934053,0.8846153846153846,0.7968838393163717,0.7307692307692307,0.0907313365202683,Subsample ensemble
A1,embedding_only,gaussian_full,xyz_4sigma,26.0,0.9230769230769232,0.8066914498141264,0.2176826149225235,0.1328262090682983,0.0745812998368189,0.9011301398277284,0.2512981593608856,0.2411084920167923,0.0101896431297063,0.8958333333333334,0.4166666666666666,0.8541666666666667,0.2916666666666666,0.9230769230769232,0.0769230769230768,0.92,0.0799999999999999,0.9583333333333334,0.0416666666666666,0.9523809523809524,0.0476190476190476,1.0,0.0,1.0,0.0,0.0114107715027447,0.9230769230769232,0.7435648254271452,0.7307692307692307,0.098869862464758,Subsample ensemble
A1,xyz_only,gaussian_full,xyz_4sigma,26.0,0.8076923076923077,0.4396551724137931,0.3989446759223938,0.2335078716278076,0.1028341467563922,0.8995839357376099,0.2476990073919296,0.2252245992422104,0.0224744081497192,0.9809523809523808,0.9266666666666664,0.9809523809523808,0.9266666666666664,0.8076923076923077,0.1923076923076923,0.84,0.16,0.875,0.125,0.9523809523809524,0.0476190476190476,1.0,0.0,1.0,0.0,0.0233322502469659,0.8076923076923077,0.4293230219306162,0.8461538461538461,0.1004160413375267,Subsample ensemble
A1,embedding_and_xyz,gaussian_full,xyz_4sigma,26.0,0.7692307692307693,0.267605633802817,0.4545750021934509,0.2632535099983215,0.1499884655842414,0.9036251306533812,0.249520868062973,0.223865270614624,0.0256556048989295,1.0,1.0,1.0,1.0,0.7692307692307693,0.2307692307692307,0.8,0.1999999999999999,0.8333333333333334,0.1666666666666666,0.9523809523809524,0.0476190476190476,1.0,0.0,1.0,0.0,0.0288851616610813,0.7692307692307693,0.3576271598532216,0.8846153846153846,0.0963747982795421,Subsample ensemble
A10,real,gaussian_full,xyz_4sigma,19.0,0.631578947368421,0.4526748971193416,0.5822690725326538,0.3958200812339782,0.2074444733167949,0.7758777737617493,0.5370597839355469,0.4911142289638519,0.0459456034004688,0.8809523809523809,0.7869614512471654,0.869047619047619,0.8392857142857142,0.631578947368421,0.368421052631579,0.631578947368421,0.368421052631579,0.6666666666666666,0.3333333333333333,0.6875,0.3125,0.7142857142857143,0.2857142857142857,1.0,0.0,0.117450216531608,0.631578947368421,1.2381696412229657,0.3684210526315789,0.2241221980044716,Subsample ensemble
A10,embedding_only,gaussian_full,xyz_4sigma,19.0,0.631578947368421,0.4088888888888888,0.6362565755844116,0.4186545014381408,0.2067345882716931,0.760901927947998,0.5645328164100647,0.5253182649612427,0.0392145812511444,0.7500000000000001,0.5380179344465059,0.8809523809523808,0.8166666666666667,0.631578947368421,0.368421052631579,0.631578947368421,0.368421052631579,0.6111111111111112,0.3888888888888888,0.625,0.375,0.6428571428571429,0.3571428571428571,0.8,0.1999999999999999,0.163208521693938,0.631578947368421,1.1355506971603728,0.5263157894736842,0.239098100285781,Subsample ensemble
A10,xyz_only,gaussian_full,xyz_4sigma,19.0,0.4210526315789473,0.2962962962962963,1.975650429725647,1.0749554634094238,0.569530355302911,0.8510451912879944,0.4409776031970978,0.3994413912296295,0.0415361747145652,0.1704545454545454,0.4432563136897502,0.1477272727272727,0.4295866500200866,0.4210526315789473,0.5789473684210527,0.4210526315789473,0.5789473684210527,0.3888888888888889,0.6111111111111112,0.375,0.625,0.2857142857142857,0.7142857142857143,0.2,0.8,0.7696845339586094,0.4210526315789473,0.8392695557891106,0.5789473684210527,0.1489547930265727,Subsample ensemble
A10,embedding_and_xyz,gaussian_full,xyz_4sigma,19.0,0.3684210526315789,0.2110726643598615,1.723679542541504,1.0512566566467283,0.4728487667284513,0.7727149724960327,0.6091843843460083,0.5285573601722717,0.0806269794702529,0.25,0.5726002608645797,0.261904761904762,0.5300580876238771,0.3684210526315789,0.631578947368421,0.3684210526315789,0.631578947368421,0.3888888888888889,0.6111111111111112,0.3125,0.6875,0.2857142857142857,0.7142857142857143,0.2,0.8,0.7743590491940664,0.3684210526315789,0.6806294878916634,0.5789473684210527,0.2272850180927076,Subsample ensemble
A11,real,gaussian_full,xyz_4sigma,17.0,0.9411764705882352,0.8843537414965986,0.2238185554742813,0.1190636605024337,0.068994476514704,0.8721820712089539,0.3044144511222839,0.2903696298599243,0.0140448175370693,1.0,1.0,0.875,0.3333333333333333,0.9411764705882352,0.0588235294117647,0.9411764705882352,0.0588235294117647,1.0,0.0,1.0,0.0,1.0,0.0,1.0,0.0,0.0017301038062283,0.9411764705882352,0.8463658296262874,0.5882352941176471,0.1278179883956909,Subsample ensemble
A11,embedding_only,gaussian_full,xyz_4sigma,17.0,0.8823529411764706,0.7792207792207793,0.3035202920436859,0.1763524264097213,0.1088695263161378,0.8554698824882507,0.3241832256317138,0.308297723531723,0.0158855188637971,1.0,1.0,0.9666666666666668,0.8333333333333333,0.8823529411764706,0.1176470588235294,0.8823529411764706,0.1176470588235294,0.9375,0.0625,1.0,0.0,1.0,0.0,1.0,0.0,0.007136678200692,0.8823529411764706,0.923840705630872,0.5882352941176471,0.1445301701040829,Subsample ensemble
A11,xyz_only,gaussian_full,xyz_4sigma,17.0,0.5882352941176471,0.0,1.413257360458374,0.7029093503952026,0.3603509629473966,0.9485862851142884,0.1944995075464248,0.1826667338609695,0.0118327746167778,1.0,1.0,1.0,1.0,0.5882352941176471,0.4117647058823529,0.5882352941176471,0.4117647058823529,0.625,0.375,0.7142857142857143,0.2857142857142857,0.8333333333333334,0.1666666666666666,1.0,0.0,0.0993102917843402,0.5882352941176471,-0.0,1.0,0.0514137639718897,Subsample ensemble
A11,embedding_and_xyz,gaussian_full,xyz_4sigma,17.0,0.5882352941176471,0.0,1.3168243169784546,0.6684800982475281,0.3366642944953021,0.9248995780944824,0.2452726662158966,0.2262428104877472,0.01902986317873,1.0,1.0,1.0,1.0,0.5882352941176471,0.4117647058823529,0.5882352941176471,0.4117647058823529,0.625,0.375,0.7142857142857143,0.2857142857142857,0.8333333333333334,0.1666666666666666,1.0,0.0,0.0993102917843402,0.5882352941176471,-0.0,1.0,0.0751003938562729,Subsample ensemble
A2,real,gaussian_full,xyz_4sigma,16.0,0.875,0.7777777777777778,0.2311198264360427,0.13612762093544,0.1100499331951141,0.8531440496444702,0.3590158820152282,0.3385887742042541,0.0204271208494901,0.8571428571428572,0.4166666666666666,0.8214285714285714,0.3666666666666667,0.875,0.125,0.875,0.125,0.8666666666666667,0.1333333333333333,0.9230769230769232,0.0769230769230768,1.0,0.0,1.0,0.0,0.025975847069597,0.875,0.9002560512685369,0.625,0.1468560136854648,Subsample ensemble
A2,embedding_only,gaussian_full,xyz_4sigma,16.0,1.0,1.0,0.1783556938171386,0.0926074907183647,0.1407835148274898,0.8592164516448975,0.3370372056961059,0.3191025853157043,0.0179345868527889,,,,,1.0,0.0,1.0,0.0,1.0,0.0,1.0,0.0,1.0,0.0,1.0,0.0,0.0,1.0,0.9840865030829146,0.5625,0.1407834999263286,Subsample ensemble
A2,xyz_only,gaussian_full,xyz_4sigma,16.0,0.875,0.7714285714285715,0.4852758944034576,0.3115347623825073,0.2736523617058992,0.8022583723068237,0.4279019832611084,0.3965899646282196,0.0313120074570179,0.6428571428571428,0.2261904761904761,0.6428571428571428,0.2261904761904761,0.875,0.125,0.875,0.125,0.8666666666666667,0.1333333333333333,0.8461538461538461,0.1538461538461538,0.8333333333333334,0.1666666666666666,1.0,0.0,0.0588138424075924,0.875,0.8314025204956377,0.6875,0.1977416761219501,Subsample ensemble
A2,embedding_and_xyz,gaussian_full,xyz_4sigma,16.0,0.9375,0.8896551724137931,0.388021171092987,0.2384330928325653,0.2392736785113811,0.8071044683456421,0.4284822940826416,0.3978743553161621,0.0306079499423503,0.6,0.1428571428571428,0.6,0.1428571428571428,0.9375,0.0625,0.9375,0.0625,0.9333333333333332,0.0666666666666666,0.9230769230769232,0.0769230769230768,0.9166666666666666,0.0833333333333333,1.0,0.0,0.0325319212037962,0.9375,0.9214934308679616,0.625,0.1928955689072609,Subsample ensemble
A3,real,gaussian_full,xyz_4sigma,14.0,0.7142857142857143,0.4814814814814814,0.4621726870536804,0.2811981439590454,0.1893881389072963,0.8169654607772827,0.5053342580795288,0.4731513559818268,0.0321829132735729,0.95,0.8875,0.825,0.7611111111111111,0.7142857142857143,0.2857142857142857,0.7142857142857143,0.2857142857142857,0.7692307692307693,0.2307692307692307,0.8333333333333334,0.1666666666666666,0.9,0.0999999999999999,1.0,0.0,0.0587222301508015,0.7142857142857143,0.6829081047004717,0.5714285714285714,0.1830345434801919,Subsample ensemble
A3,embedding_only,gaussian_full,xyz_4sigma,14.0,0.7857142857142857,0.5961538461538461,0.5718069076538086,0.3325853943824768,0.1700193136930465,0.7672743797302246,0.6120314598083496,0.5567916631698608,0.0552398040890693,0.8181818181818181,0.5,0.6060606060606061,0.3611111111111111,0.7857142857142857,0.2142857142857143,0.7857142857142857,0.2142857142857143,0.7692307692307693,0.2307692307692307,0.8333333333333334,0.1666666666666666,0.9,0.0999999999999999,1.0,0.0,0.0641077176791462,0.7857142857142857,0.6517565611726531,0.6428571428571429,0.2327256713594709,Subsample ensemble
A3,xyz_only,gaussian_full,xyz_4sigma,14.0,0.7857142857142857,0.6612903225806452,0.7839428186416626,0.4349670708179474,0.3077503996235983,0.8181295394897461,0.4889302849769592,0.4599363505840301,0.0289939381182193,0.4545454545454545,0.2407407407407407,0.5757575757575757,0.35,0.7857142857142857,0.2142857142857143,0.7857142857142857,0.2142857142857143,0.7692307692307693,0.2307692307692307,0.75,0.25,0.7,0.3,0.7142857142857143,0.2857142857142857,0.175136371564943,0.7857142857142857,0.992281974852574,0.5,0.1818704860551016,Subsample ensemble
A3,embedding_and_xyz,gaussian_full,xyz_4sigma,14.0,0.7857142857142857,0.6612903225806452,0.7915137410163879,0.4373281002044678,0.3177783404077802,0.7977219223976135,0.5307959318161011,0.4893998801708221,0.0413959845900535,0.4848484848484848,0.25,0.6363636363636364,0.3777777777777777,0.7857142857142857,0.2142857142857143,0.7857142857142857,0.2142857142857143,0.7692307692307693,0.2307692307692307,0.75,0.25,0.7,0.3,0.7142857142857143,0.2857142857142857,0.163231609660181,0.7857142857142857,0.992281974852574,0.5,0.202278094632285,Subsample ensemble
A4,real,gaussian_full,xyz_4sigma,21.0,0.8571428571428571,0.7319148936170212,0.3079880177974701,0.1926016360521316,0.10258016983668,0.8977449536323547,0.2724068462848663,0.2617509663105011,0.0106558883562684,0.8518518518518519,0.4206349206349206,0.925925925925926,0.7222222222222222,0.8571428571428571,0.1428571428571429,0.85,0.15,0.8421052631578947,0.1578947368421053,0.9411764705882352,0.0588235294117647,0.9333333333333332,0.0666666666666666,1.0,0.0,0.0323059340695342,0.8571428571428571,0.9019513816860838,0.6666666666666666,0.1022550435293288,Subsample ensemble
A4,embedding_only,gaussian_full,xyz_4sigma,21.0,0.8095238095238095,0.6394849785407726,0.3487608134746551,0.2256191968917846,0.1367971414611453,0.896009087562561,0.3247592747211456,0.3109719455242157,0.0137873664498329,0.9705882352941176,0.9166666666666666,1.0,1.0,0.8095238095238095,0.1904761904761904,0.85,0.15,0.8947368421052632,0.1052631578947368,0.9411764705882352,0.0588235294117647,1.0,0.0,1.0,0.0,0.0251133494333405,0.8095238095238095,0.8359373644898986,0.6666666666666666,0.1039908954075404,Subsample ensemble
A4,xyz_only,gaussian_full,xyz_4sigma,21.0,0.7619047619047619,0.5138888888888888,0.5591101050376892,0.333524078130722,0.222655557450794,0.8745164275169373,0.3161922097206116,0.2910939455032348,0.0250982325524091,0.875,0.6726190476190477,0.8875,0.6226190476190475,0.7619047619047619,0.2380952380952381,0.8,0.1999999999999999,0.7894736842105263,0.2105263157894736,0.8235294117647058,0.1764705882352941,0.8666666666666667,0.1333333333333333,1.0,0.0,0.0602368140238551,0.7619047619047619,0.7091152575824364,0.7619047619047619,0.1254834844952538,Subsample ensemble
A4,embedding_and_xyz,gaussian_full,xyz_4sigma,21.0,0.8095238095238095,0.6129032258064516,0.612622857093811,0.324398934841156,0.1465432473591395,0.8819881677627563,0.304932028055191,0.2808634340763092,0.0240686647593975,0.7941176470588235,0.3946428571428572,0.8529411764705882,0.5,0.8095238095238095,0.1904761904761904,0.8,0.1999999999999999,0.7894736842105263,0.2105263157894736,0.8235294117647058,0.1764705882352941,0.8666666666666667,0.1333333333333333,1.0,0.0,0.0587723393450947,0.8095238095238095,0.6680178186607535,0.7619047619047619,0.1180118662970406,Subsample ensemble
A5,real,gaussian_full,xyz_4sigma,16.0,0.625,0.3424657534246575,0.9422963857650756,0.5493155121803284,0.3297835178673267,0.8660250306129456,0.3309722542762756,0.3120563626289367,0.0189159065485,0.8666666666666666,0.7996031746031746,0.8666666666666666,0.7662698412698412,0.625,0.375,0.625,0.375,0.6666666666666666,0.3333333333333333,0.6923076923076923,0.3076923076923077,0.75,0.25,0.875,0.125,0.1295673944111444,0.625,0.6615632381579821,0.625,0.1339749805629253,Subsample ensemble
A5,embedding_only,gaussian_full,xyz_4sigma,16.0,0.5625,0.2866242038216561,0.9686304330825806,0.5985420942306519,0.3688538447022438,0.8783894777297974,0.3279089033603668,0.3089722394943237,0.0189366750419139,0.9206349206349206,0.8736394557823131,0.9365079365079364,0.9093537414965986,0.5625,0.4375,0.5625,0.4375,0.6,0.4,0.6153846153846154,0.3846153846153846,0.6666666666666666,0.3333333333333333,1.0,0.0,0.1423549974331224,0.5625,0.8647400965276372,0.5625,0.1216105669736862,Subsample ensemble
A5,xyz_only,gaussian_full,xyz_4sigma,16.0,0.6875,0.0,1.0333201885223389,0.4597624540328979,0.2319377735257148,0.880045473575592,0.3151270151138305,0.2959955334663391,0.0191314704716205,1.0,1.0,0.9818181818181818,0.9666666666666668,0.6875,0.3125,0.6875,0.3125,0.7333333333333333,0.2666666666666667,0.8461538461538461,0.1538461538461538,0.9166666666666666,0.0833333333333333,1.0,0.0,0.0546488667582417,0.6875,-0.0,1.0,0.1199545301496982,Subsample ensemble
A5,embedding_and_xyz,gaussian_full,xyz_4sigma,16.0,0.6875,0.0,1.0003101825714111,0.4590657353401184,0.2481043934822082,0.8857443332672119,0.3276852667331695,0.3082149028778076,0.0194703675806522,1.0,1.0,1.0,1.0,0.6875,0.3125,0.6875,0.3125,0.7333333333333333,0.2666666666666667,0.8461538461538461,0.1538461538461538,0.9166666666666666,0.0833333333333333,1.0,0.0,0.0546488667582417,0.6875,-0.0,1.0,0.1142556518316268,Subsample ensemble
A6,real,gaussian_full,xyz_4sigma,16.0,0.9375,0.8918918918918919,0.268292486667633,0.1602056324481964,0.1821549888700246,0.8478776216506958,0.3691047430038452,0.3517176508903503,0.017387107014656,0.8666666666666667,0.3333333333333333,0.5333333333333333,0.125,0.9375,0.0625,0.9375,0.0625,0.9333333333333332,0.0666666666666666,1.0,0.0,1.0,0.0,1.0,0.0,0.0105840773809523,0.9375,1.0337005498525014,0.5625,0.1521223485469818,Subsample ensemble
A6,embedding_only,gaussian_full,xyz_4sigma,16.0,0.9375,0.8926174496644296,0.2271079123020172,0.1187798231840133,0.1683887913823127,0.834530234336853,0.4049151539802551,0.3822056353092193,0.022709522396326,1.0,1.0,0.9333333333333332,0.5,0.9375,0.0625,0.9375,0.0625,1.0,0.0,1.0,0.0,1.0,0.0,1.0,0.0,0.001953125,0.9375,0.9840865030829146,0.5625,0.1654697805643081,Subsample ensemble
A6,xyz_only,gaussian_full,xyz_4sigma,16.0,0.5625,0.0,0.8973881602287292,0.5690711736679077,0.3164417408406734,0.8789417147636414,0.3522175550460815,0.3269563615322113,0.0252611748874187,1.0,1.0,1.0,1.0,0.5625,0.4375,0.5625,0.4375,0.6,0.4,0.6923076923076923,0.3076923076923077,0.75,0.25,1.0,0.0,0.1134627091658341,0.5625,-0.0,1.0,0.1210582889616489,Subsample ensemble
A6,embedding_and_xyz,gaussian_full,xyz_4sigma,16.0,0.5625,0.0,1.0518596172332764,0.623382568359375,0.3433972187340259,0.9058972001075744,0.2917520403861999,0.2708294689655304,0.0209225714206695,1.0,1.0,1.0,1.0,0.5625,0.4375,0.5625,0.4375,0.6,0.4,0.6923076923076923,0.3076923076923077,0.75,0.25,1.0,0.0,0.1134627091658341,0.5625,-0.0,1.0,0.0941027961671352,Subsample ensemble
A7,real,gaussian_full,xyz_4sigma,17.0,0.8235294117647058,0.6577181208053692,0.5112767815589905,0.266760766506195,0.1286162698970121,0.8117886781692505,0.5248246788978577,0.4908059537410736,0.0340188257396221,0.8333333333333334,0.6095238095238096,0.8809523809523809,0.6666666666666667,0.8235294117647058,0.1764705882352941,0.8235294117647058,0.1764705882352941,0.875,0.125,0.8571428571428571,0.1428571428571429,0.9166666666666666,0.0833333333333333,1.0,0.0,0.048089079317453,0.8235294117647058,0.6774944044487072,0.5882352941176471,0.188211300793816,Subsample ensemble
A7,embedding_only,gaussian_full,xyz_4sigma,17.0,0.5294117647058824,0.3615023474178404,0.9069042205810548,0.563535213470459,0.3099057078361511,0.7416204810142517,0.603969931602478,0.5685122013092041,0.0354577526450157,0.8055555555555556,0.7010281385281385,0.9583333333333331,0.9526289682539684,0.5294117647058824,0.4705882352941176,0.5294117647058824,0.4705882352941176,0.5,0.5,0.5714285714285714,0.4285714285714286,0.6666666666666666,0.3333333333333333,0.7777777777777778,0.2222222222222222,0.2133645093852706,0.5294117647058824,0.9718487712358768,0.4705882352941176,0.2583795224919039,Subsample ensemble
A7,xyz_only,gaussian_full,xyz_4sigma,17.0,0.8235294117647058,0.6622516556291391,0.3143540322780609,0.1932578533887863,0.1979546231382033,0.8404777646064758,0.4147559404373169,0.3787972629070282,0.0359586887061595,0.9523809523809524,0.8055555555555556,0.8095238095238095,0.4111111111111111,0.8235294117647058,0.1764705882352941,0.8235294117647058,0.1764705882352941,0.875,0.125,0.9285714285714286,0.0714285714285714,1.0,0.0,1.0,0.0,0.0245880705223265,0.8235294117647058,0.8739004142690673,0.6470588235294118,0.1595222108504351,Subsample ensemble
A7,embedding_and_xyz,gaussian_full,xyz_4sigma,17.0,0.8823529411764706,0.7792207792207793,0.3428702354431152,0.2025938928127288,0.1617279718903934,0.8518669009208679,0.4186608791351318,0.3857632875442505,0.0328976213932037,0.7666666666666666,0.375,0.6666666666666666,0.225,0.8823529411764706,0.1176470588235294,0.8823529411764706,0.1176470588235294,0.875,0.125,0.9285714285714286,0.0714285714285714,0.9166666666666666,0.0833333333333333,1.0,0.0,0.0395931922748531,0.8823529411764706,0.923840705630872,0.5882352941176471,0.1481331341406878,Subsample ensemble
A8,real,gaussian_full,xyz_4sigma,13.0,0.8461538461538461,0.717391304347826,0.3042344748973846,0.2030902057886123,0.1648108775799091,0.877116858959198,0.3269899189472198,0.3172577321529388,0.0097321504727005,0.9545454545454544,0.8333333333333333,0.9090909090909092,0.75,0.8461538461538461,0.1538461538461538,0.8461538461538461,0.1538461538461538,0.9166666666666666,0.0833333333333333,0.9090909090909092,0.0909090909090909,1.0,0.0,1.0,0.0,0.019320423166577,0.8461538461538461,0.8981370031878679,0.5384615384615384,0.1228832098153921,Subsample ensemble
A8,embedding_only,gaussian_full,xyz_4sigma,13.0,0.9230769230769232,0.8470588235294118,0.282666951417923,0.1656689345836639,0.1174976000419029,0.8570444583892822,0.4078420102596283,0.3917865753173828,0.0160553678870201,0.75,0.25,0.5833333333333333,0.1666666666666666,0.9230769230769232,0.0769230769230768,0.9230769230769232,0.0769230769230768,0.9166666666666666,0.0833333333333333,0.9090909090909092,0.0909090909090909,0.9,0.0999999999999999,1.0,0.0,0.0240541509772279,0.9230769230769232,0.6901856760188042,0.5384615384615384,0.1429555599506084,Subsample ensemble
A8,xyz_only,gaussian_full,xyz_4sigma,13.0,0.8461538461538461,0.6976744186046511,0.4113295972347259,0.2339476644992828,0.0944482821684617,0.7990125417709351,0.5893102884292603,0.5257240533828735,0.0635862424969673,0.8181818181818182,0.45,0.7272727272727273,0.3928571428571428,0.8461538461538461,0.1538461538461538,0.8461538461538461,0.1538461538461538,0.8333333333333334,0.1666666666666666,0.9090909090909092,0.0909090909090909,0.9,0.0999999999999999,1.0,0.0,0.0419699958161496,0.8461538461538461,0.666278442414676,0.6153846153846154,0.2009873940394475,Subsample ensemble
A8,embedding_and_xyz,gaussian_full,xyz_4sigma,13.0,0.8461538461538461,0.6976744186046511,0.4178263247013092,0.244251862168312,0.2337010227716886,0.7961138486862183,0.5922413468360901,0.5295184254646301,0.0627229213714599,0.6363636363636364,0.2916666666666666,0.2727272727272727,0.1555555555555555,0.8461538461538461,0.1538461538461538,0.8461538461538461,0.1538461538461538,0.8333333333333334,0.1666666666666666,0.8181818181818182,0.1818181818181817,0.9,0.0999999999999999,0.8571428571428571,0.1428571428571429,0.082387911234065,0.8461538461538461,0.666278442414676,0.6153846153846154,0.2038861238039457,Subsample ensemble
A9,real,gaussian_full,xyz_4sigma,19.0,0.7894736842105263,0.6161616161616161,0.7535922527313232,0.3840509057044983,0.2273850723316794,0.8976230621337891,0.3008045256137848,0.2464497685432434,0.0543547943234443,0.4833333333333334,0.2576923076923076,0.2833333333333333,0.1786151960784313,0.7894736842105263,0.2105263157894736,0.7894736842105263,0.2105263157894736,0.7777777777777778,0.2222222222222222,0.8125,0.1875,0.7857142857142857,0.2142857142857143,0.7,0.3,0.1759297310604952,0.7894736842105263,0.7659373365785205,0.6842105263157895,0.1023769064953452,Subsample ensemble
A9,embedding_only,gaussian_full,xyz_4sigma,19.0,0.7894736842105263,0.6,0.8956578969955444,0.4472514688968658,0.2685496995323582,0.8756546974182129,0.3380044996738434,0.285138338804245,0.0528661720454692,0.3833333333333333,0.2167780748663101,0.2333333333333333,0.1714781746031746,0.7894736842105263,0.2105263157894736,0.7894736842105263,0.2105263157894736,0.7777777777777778,0.2222222222222222,0.75,0.25,0.7857142857142857,0.2142857142857143,0.7,0.3,0.23506715796108,0.7894736842105263,0.6581099875431143,0.631578947368421,0.1243453308155662,Subsample ensemble
A9,xyz_only,gaussian_full,xyz_4sigma,19.0,0.6842105263157895,0.4000000000000001,1.1025978326797483,0.5624992847442627,0.2986406197673396,0.7771248817443848,0.5400000810623169,0.4237228333950043,0.1162771955132484,0.3974358974358974,0.4240196078431372,0.2307692307692307,0.2514005602240896,0.6842105263157895,0.3157894736842105,0.6842105263157895,0.3157894736842105,0.7222222222222222,0.2777777777777778,0.6875,0.3125,0.7142857142857143,0.2857142857142857,0.6,0.4,0.3792464381616247,0.6842105263157895,0.5146531654289292,0.7894736842105263,0.2228751527635674,Subsample ensemble
A9,embedding_and_xyz,gaussian_full,xyz_4sigma,19.0,0.631578947368421,0.3000000000000001,1.2791452407836914,0.6218380928039551,0.3199639351744401,0.8017937541007996,0.4961666762828827,0.3863623142242431,0.1098043695092201,0.5238095238095237,0.4457282913165266,0.2499999999999999,0.2883428196453407,0.631578947368421,0.368421052631579,0.631578947368421,0.368421052631579,0.6111111111111112,0.3888888888888888,0.625,0.375,0.6428571428571429,0.3571428571428571,0.7,0.3,0.3302898837443403,0.631578947368421,0.5146531654289292,0.7894736842105263,0.198206227076681,Subsample ensemble
C1,real,gaussian_full,xyz_4sigma,44.0,0.3181818181818182,0.2019347037484885,1.1641206741333008,0.7687602639198303,0.3582764945246956,0.6611217856407166,0.8173507452011108,0.6134204268455505,0.2039302885532379,0.7642857142857142,0.8697855073703258,0.861904761904762,0.92965676647621,0.3181818181818182,0.6818181818181819,0.3333333333333333,0.6666666666666667,0.35,0.65,0.3611111111111111,0.6388888888888888,0.3870967741935484,0.6129032258064516,0.4545454545454545,0.5454545454545454,0.4491566163853617,0.3181818181818182,1.3695319109277464,0.4318181818181818,0.3388782563534649,Subsample ensemble
C1,embedding_only,gaussian_full,xyz_4sigma,44.0,0.3409090909090909,0.2190942472460221,1.217255711555481,0.7554285526275635,0.3491586284203963,0.65207839012146,0.8280368447303772,0.6299006938934326,0.198136031627655,0.7218390804597701,0.7983780393805425,0.8114942528735632,0.9079479436291812,0.3409090909090909,0.6590909090909092,0.3333333333333333,0.6666666666666667,0.35,0.65,0.3888888888888889,0.6111111111111112,0.4193548387096774,0.5806451612903225,0.4545454545454545,0.5454545454545454,0.447430945358065,0.3409090909090909,1.3963020688925327,0.3863636363636363,0.3479215936227278,Subsample ensemble
C1,xyz_only,gaussian_full,xyz_4sigma,44.0,0.1363636363636363,0.1039657020364417,1.6456013917922974,1.0494250059127808,0.559846003624526,0.6962096691131592,0.7948526740074158,0.5595690608024597,0.2352837175130844,0.8289473684210527,0.97076163296698,0.9956140350877194,0.9993252361673411,0.1363636363636363,0.8636363636363636,0.1428571428571428,0.8571428571428572,0.15,0.85,0.1666666666666666,0.8333333333333334,0.1935483870967742,0.8064516129032258,0.2727272727272727,0.7272727272727273,0.6978559693076288,0.1363636363636363,0.9456823349095762,0.6590909090909091,0.3037903525612571,Subsample ensemble
C1,embedding_and_xyz,gaussian_full,xyz_4sigma,44.0,0.1590909090909091,0.1275455519828511,1.6895838975906372,1.0354312658309937,0.5206720727411183,0.6701683402061462,0.836405336856842,0.5967735052108765,0.2396318316459655,0.6718146718146718,0.8761207066245706,0.9034749034749034,0.975095627499648,0.1590909090909091,0.8409090909090909,0.1428571428571428,0.8571428571428572,0.15,0.85,0.1666666666666666,0.8333333333333334,0.1935483870967742,0.8064516129032258,0.2727272727272727,0.7272727272727273,0.7269048968358345,0.1590909090909091,1.0130359354455345,0.6363636363636364,0.3298316611485047,Subsample ensemble
C1P,real,gaussian_full,xyz_4sigma,44.0,0.8409090909090909,0.7483660130718954,0.4456432461738586,0.2673040330410003,0.1274114779450676,0.8258920907974243,0.4748258292675018,0.4271900355815887,0.0476358272135257,0.6370656370656371,0.3522475987913775,0.5984555984555984,0.2611928871165324,0.8409090909090909,0.159090909090909,0.8571428571428571,0.1428571428571429,0.85,0.15,0.8611111111111112,0.1388888888888888,0.8709677419354839,0.1290322580645161,0.8636363636363636,0.1363636363636363,0.0909430947750696,0.8409090909090909,1.0784824180400552,0.5454545454545454,0.1741078672083941,Subsample ensemble
C1P,embedding_only,gaussian_full,xyz_4sigma,44.0,0.7727272727272727,0.6445880452342487,0.5230333805084229,0.3009752333164215,0.1699954948642036,0.7996232509613037,0.5545856952667236,0.5018844604492188,0.052701212465763,0.6970588235294117,0.5028053645700704,0.6088235294117647,0.3948561288432769,0.7727272727272727,0.2272727272727273,0.7857142857142857,0.2142857142857143,0.8,0.1999999999999999,0.8333333333333334,0.1666666666666666,0.8709677419354839,0.1290322580645161,0.9090909090909092,0.0909090909090909,0.1691261311151863,0.7727272727272727,1.1225905624829302,0.5227272727272727,0.2003767815503207,Subsample ensemble
C1P,xyz_only,gaussian_full,xyz_4sigma,44.0,0.6590909090909091,0.4992412746585736,0.5963378548622131,0.3571920990943908,0.1201189851219003,0.6468309760093689,0.784584641456604,0.5985427498817444,0.1860418915748596,0.8597701149425288,0.6735590163763538,0.9333333333333332,0.8469345469345468,0.6590909090909091,0.3409090909090909,0.6666666666666666,0.3333333333333333,0.7,0.3,0.75,0.25,0.8064516129032258,0.1935483870967742,0.9545454545454546,0.0454545454545454,0.113004075111668,0.6590909090909091,1.343677651255862,0.5,0.3531690388917923,Subsample ensemble
C1P,embedding_and_xyz,gaussian_full,xyz_4sigma,44.0,0.6590909090909091,0.5074626865671641,0.7010654807090759,0.4061563313007355,0.1663211313160983,0.636677086353302,0.8561782836914062,0.6356475353240967,0.2205307930707931,0.8873563218390805,0.7401289015994899,0.9540229885057472,0.9092096792096792,0.6590909090909091,0.3409090909090909,0.6666666666666666,0.3333333333333333,0.7,0.3,0.7777777777777778,0.2222222222222222,0.8709677419354839,0.1290322580645161,0.9090909090909092,0.0909090909090909,0.1063940585420038,0.6590909090909091,1.2623679497531153,0.5,0.3633229488676244,Subsample ensemble
C2,real,gaussian_full,xyz_4sigma,44.0,0.4090909090909091,0.2337575351640991,1.7437983751296997,0.831369161605835,0.3949917141686786,0.7469848394393921,0.7014630436897278,0.5947668552398682,0.1066962033510208,0.4572649572649572,0.6255537677605728,0.3247863247863248,0.4915846939159288,0.4090909090909091,0.5909090909090908,0.4285714285714285,0.5714285714285714,0.425,0.575,0.4166666666666667,0.5833333333333333,0.3870967741935484,0.6129032258064516,0.4090909090909091,0.5909090909090908,0.6476202384942513,0.4090909090909091,0.8878511004067671,0.5227272727272727,0.253015094182708,Subsample ensemble
C2,embedding_only,gaussian_full,xyz_4sigma,44.0,0.4090909090909091,0.2363150867823765,1.6807167530059814,0.8302252292633057,0.3472176830876957,0.7193551063537598,0.7214739322662354,0.6133970022201538,0.1080769225955009,0.4594017094017094,0.6506881183896135,0.2585470085470085,0.4929289257367744,0.4090909090909091,0.5909090909090908,0.4285714285714285,0.5714285714285714,0.425,0.575,0.4444444444444444,0.5555555555555556,0.4193548387096774,0.5806451612903225,0.4090909090909091,0.5909090909090908,0.6625275459766955,0.4090909090909091,0.9356994307554154,0.5,0.2806449139660055,Subsample ensemble
C2,xyz_only,gaussian_full,xyz_4sigma,44.0,0.4090909090909091,0.2126634549208532,1.426030158996582,0.702406108379364,0.2607887990095399,0.6273887157440186,0.8973739147186279,0.7222371697425842,0.1751366704702377,0.4743589743589743,0.5945609463068762,0.3055555555555556,0.4834084942948821,0.4090909090909091,0.5909090909090908,0.4047619047619047,0.5952380952380952,0.425,0.575,0.3888888888888889,0.6111111111111112,0.3870967741935484,0.6129032258064516,0.5,0.5,0.6442599346226192,0.4090909090909091,1.129370393991506,0.4318181818181818,0.372611253099008,Subsample ensemble
C2,embedding_and_xyz,gaussian_full,xyz_4sigma,44.0,0.4772727272727273,0.28125,1.3710803985595703,0.7123467922210693,0.2201275561343539,0.616725742816925,0.9003034830093384,0.7261534333229065,0.1741499006748199,0.4803312629399586,0.5755086705245783,0.370600414078675,0.5214876066837424,0.4772727272727273,0.5227272727272727,0.4761904761904761,0.5238095238095238,0.5,0.5,0.5,0.5,0.5483870967741935,0.4516129032258065,0.4545454545454545,0.5454545454545454,0.5926088426431677,0.4772727272727273,1.2305637177093371,0.4318181818181818,0.383274262601679,Subsample ensemble
C2P,real,gaussian_full,xyz_4sigma,44.0,0.9090909090909092,0.8450704225352113,0.2923375964164734,0.1573102474212646,0.1511592445048418,0.8271135091781616,0.4947225749492645,0.4634862840175628,0.0312362909317016,0.84375,0.3269230769230769,0.61875,0.3466622458001768,0.9090909090909092,0.0909090909090909,0.9285714285714286,0.0714285714285714,0.925,0.0749999999999999,0.9444444444444444,0.0555555555555555,1.0,0.0,1.0,0.0,0.0195092416714962,0.9090909090909092,1.0721715949429826,0.5227272727272727,0.1728865260427648,Subsample ensemble
C2P,embedding_only,gaussian_full,xyz_4sigma,44.0,0.8181818181818182,0.6909569798068482,0.4654929935932159,0.2392720282077789,0.1750059405511075,0.7648470401763916,0.6346918344497681,0.5660924315452576,0.0685994327068328,0.8819444444444444,0.6337777418659771,0.8993055555555556,0.670281862745098,0.8181818181818182,0.1818181818181817,0.8571428571428571,0.1428571428571429,0.85,0.15,0.8888888888888888,0.1111111111111111,0.935483870967742,0.0645161290322581,1.0,0.0,0.0400104915680547,0.8181818181818182,1.0849789069309004,0.5454545454545454,0.2351529435677961,Subsample ensemble
C2P,xyz_only,gaussian_full,xyz_4sigma,44.0,0.5,0.3498992612491606,0.9246238470077516,0.574453592300415,0.2581634819507599,0.7494375109672546,0.6560416221618652,0.5582789182662964,0.0977626964449882,0.731404958677686,0.7064152932073111,0.9834710743801652,0.9860291223927586,0.5,0.5,0.5238095238095238,0.4761904761904761,0.525,0.475,0.5555555555555556,0.4444444444444444,0.5483870967741935,0.4516129032258065,0.6818181818181818,0.3181818181818182,0.2815179536053923,0.5,1.150338742752066,0.4772727272727273,0.250562539154833,Subsample ensemble
C2P,embedding_and_xyz,gaussian_full,xyz_4sigma,44.0,0.4090909090909091,0.2347826086956521,1.374064564704895,0.7693014144897461,0.3633930967612699,0.7621232867240906,0.6551985144615173,0.5397846698760986,0.1154138296842575,0.6923076923076923,0.7282836593121299,0.905982905982906,0.9202641709257178,0.4090909090909091,0.5909090909090908,0.4285714285714285,0.5714285714285714,0.425,0.575,0.4166666666666667,0.5833333333333333,0.4516129032258064,0.5483870967741935,0.5,0.5,0.385190369571701,0.4090909090909091,0.9959046197280051,0.5227272727272727,0.2378767566247419,Subsample ensemble
C3,real,gaussian_full,xyz_4sigma,44.0,0.75,0.5820379965457685,0.4924710094928741,0.3305004239082336,0.133303092284636,0.8198530673980713,0.4660041928291321,0.4265735447406769,0.0394307039678096,0.7493112947658402,0.4133495317318846,0.8126721763085399,0.6533654356584468,0.75,0.25,0.7380952380952381,0.2619047619047618,0.75,0.25,0.7777777777777778,0.2222222222222222,0.8387096774193549,0.1612903225806451,0.8636363636363636,0.1363636363636363,0.1031774390118481,0.75,0.8070386621053083,0.6136363636363636,0.1801469339565797,Subsample ensemble
C3,embedding_only,gaussian_full,xyz_4sigma,44.0,0.75,0.5591985428051002,0.5520251989364624,0.3648321330547333,0.164461693980477,0.7909700274467468,0.5133506059646606,0.4646654427051544,0.048685148358345,0.6446280991735537,0.320403644929046,0.6060606060606061,0.330016698124867,0.75,0.25,0.7380952380952381,0.2619047619047618,0.725,0.275,0.75,0.25,0.7741935483870968,0.2258064516129032,0.8636363636363636,0.1363636363636363,0.1376277445367845,0.75,0.6069636115082722,0.7045454545454546,0.2090300037102266,Subsample ensemble
C3,xyz_only,gaussian_full,xyz_4sigma,44.0,0.6136363636363636,0.2793834296724469,1.301646113395691,0.6468680500984192,0.3576031889427792,0.8750109076499939,0.2873455882072449,0.2289921790361404,0.0583534240722656,0.6187363834422658,0.4555910858988405,0.6143790849673202,0.5737743503894029,0.6136363636363636,0.3863636363636363,0.5952380952380952,0.4047619047619047,0.575,0.425,0.6111111111111112,0.3888888888888888,0.7096774193548387,0.2903225806451612,0.6363636363636364,0.3636363636363636,0.2549825273650654,0.6136363636363636,0.4305297378687059,0.8863636363636364,0.1249890828674489,Subsample ensemble
C3,embedding_and_xyz,gaussian_full,xyz_4sigma,44.0,0.5,0.0,1.4605754613876345,0.7366138696670532,0.3979472585699775,0.8979472517967224,0.2681220173835754,0.2099795937538147,0.0581424124538898,0.8243801652892562,0.8660681635792262,0.7210743801652892,0.813889468523928,0.5,0.5,0.5238095238095238,0.4761904761904761,0.55,0.4499999999999999,0.6111111111111112,0.3888888888888888,0.7096774193548387,0.2903225806451612,0.6363636363636364,0.3636363636363636,0.2535997097705094,0.5,-0.0,1.0,0.1020527265288613,Subsample ensemble
C3P,real,gaussian_full,xyz_4sigma,44.0,0.8181818181818182,0.6631578947368422,0.5847391486167908,0.3375355005264282,0.1806399361653761,0.8961137533187866,0.2868045270442962,0.266429454088211,0.0203751046210527,0.6215277777777778,0.2331405960553557,0.5902777777777778,0.2209880246565029,0.8181818181818182,0.1818181818181817,0.8095238095238095,0.1904761904761904,0.8,0.1999999999999999,0.7777777777777778,0.2222222222222222,0.8064516129032258,0.1935483870967742,0.9090909090909092,0.0909090909090909,0.1003878682466792,0.8181818181818182,0.7755029276062699,0.6590909090909091,0.1038862683556296,Subsample ensemble
C3P,embedding_only,gaussian_full,xyz_4sigma,44.0,0.7954545454545454,0.6199616122840691,0.723513126373291,0.3675829768180847,0.1505221101370724,0.8725925087928772,0.3308048546314239,0.3063839972019195,0.0244208164513111,0.5079365079365079,0.2337797971617241,0.5523809523809524,0.3482460941626095,0.7954545454545454,0.2045454545454545,0.7857142857142857,0.2142857142857143,0.8,0.1999999999999999,0.8055555555555556,0.1944444444444444,0.7741935483870968,0.2258064516129032,0.7727272727272727,0.2272727272727273,0.1807485363813846,0.7954545454545454,0.7559829155446122,0.6818181818181818,0.1274074600501493,Subsample ensemble
C3P,xyz_only,gaussian_full,xyz_4sigma,44.0,0.5454545454545454,0.125248508946322,1.302648425102234,0.7035893201828003,0.3904545320705934,0.9167579412460328,0.2195520550012588,0.1994392275810241,0.0201128646731376,0.9208333333333332,0.8142520083116059,0.94375,0.9006246634342612,0.5454545454545454,0.4545454545454546,0.5476190476190477,0.4523809523809523,0.55,0.4499999999999999,0.6111111111111112,0.3888888888888888,0.7096774193548387,0.2903225806451612,1.0,0.0,0.1512471233430926,0.5454545454545454,0.1849073991677756,0.9545454545454546,0.0832421860911629,Subsample ensemble
C3P,embedding_and_xyz,gaussian_full,xyz_4sigma,44.0,0.5227272727272727,0.0638297872340426,1.559000015258789,0.7741729617118835,0.4280070262876424,0.9251699447631836,0.1974670439958572,0.1826294809579849,0.0148375537246465,0.9316770186335404,0.8758020798185548,0.9440993788819876,0.9102568563528246,0.5227272727272727,0.4772727272727273,0.5238095238095238,0.4761904761904761,0.55,0.4499999999999999,0.6111111111111112,0.3888888888888888,0.7096774193548387,0.2903225806451612,0.9090909090909092,0.0909090909090909,0.1690331097084655,0.5227272727272727,0.108471339035916,0.9772727272727272,0.0748300660740245,Subsample ensemble
C4,real,gaussian_full,xyz_4sigma,44.0,0.8409090909090909,0.6751054852320675,0.346069723367691,0.2119974941015243,0.1046953363852067,0.9189502596855164,0.2295517027378082,0.2168511897325515,0.012700499035418,0.8764478764478765,0.6389952153110048,0.8108108108108107,0.4424178578313916,0.8409090909090909,0.159090909090909,0.8809523809523809,0.119047619047619,0.9,0.0999999999999999,0.9166666666666666,0.0833333333333333,0.935483870967742,0.0645161290322581,1.0,0.0,0.0348473166976579,0.8409090909090909,0.7088329479943613,0.7272727272727273,0.0810497999191284,Subsample ensemble
C4,embedding_only,gaussian_full,xyz_4sigma,44.0,0.7954545454545454,0.5718918918918918,0.4292200207710266,0.2765780687332153,0.1312372488054362,0.9141988158226012,0.2426756471395492,0.2318075150251388,0.0108680967241525,0.8857142857142858,0.6896031746031746,0.8571428571428571,0.6420631412010722,0.7954545454545454,0.2045454545454545,0.8333333333333334,0.1666666666666666,0.85,0.15,0.8888888888888888,0.1111111111111111,0.935483870967742,0.0645161290322581,0.9545454545454546,0.0454545454545454,0.0487828536748475,0.7954545454545454,0.6384941689561179,0.75,0.0858012451366944,Subsample ensemble
C4,xyz_only,gaussian_full,xyz_4sigma,44.0,0.6136363636363636,0.0822085889570553,1.0598217248916626,0.5806236863136292,0.3100335489619862,0.9235950112342834,0.1939331442117691,0.1828807741403579,0.0110523616895079,0.9520697167755992,0.8663996950761655,0.9651416122004356,0.9207826247186108,0.6136363636363636,0.3863636363636363,0.6190476190476191,0.3809523809523809,0.65,0.35,0.7222222222222222,0.2777777777777778,0.8387096774193549,0.1612903225806451,1.0,0.0,0.1027386652454268,0.6136363636363636,0.108471339035916,0.9772727272727272,0.0764049250971187,Subsample ensemble
C4,embedding_and_xyz,gaussian_full,xyz_4sigma,44.0,0.5909090909090909,0.0,1.1894811391830444,0.6310019493103027,0.3482899584553459,0.939198911190033,0.1751765757799148,0.1646788567304611,0.01049773581326,0.9935897435897436,0.992063492063492,0.9850427350427352,0.9844444444444446,0.5909090909090909,0.409090909090909,0.6190476190476191,0.3809523809523809,0.65,0.35,0.7222222222222222,0.2777777777777778,0.8387096774193549,0.1612903225806451,1.0,0.0,0.1009005033094848,0.5909090909090909,-0.0,1.0,0.0608009546995162,Subsample ensemble
C4P,real,gaussian_full,xyz_4sigma,44.0,0.9545454545454546,0.8890290037831021,0.1484000533819198,0.0770694687962532,0.0954412980513139,0.8966733813285828,0.261600524187088,0.2422235161066055,0.01937697827816,0.9761904761904762,0.75,0.8690476190476191,0.5769230769230769,0.9545454545454546,0.0454545454545454,0.9761904761904762,0.0238095238095238,1.0,0.0,1.0,0.0,1.0,0.0,1.0,0.0,0.0021405194180164,0.9545454545454546,0.6808699728832677,0.75,0.1033266701481559,Subsample ensemble
C4P,embedding_only,gaussian_full,xyz_4sigma,44.0,0.8636363636363636,0.6408163265306122,0.2656930685043335,0.1556520611047744,0.1065653399987654,0.8796557784080505,0.281351238489151,0.261013776063919,0.0203374605625867,0.9649122807017544,0.8824786324786325,0.9166666666666669,0.653078403078403,0.8636363636363636,0.1363636363636363,0.9047619047619048,0.0952380952380952,0.95,0.05,0.9722222222222222,0.0277777777777777,1.0,0.0,1.0,0.0,0.0148820132735353,0.8636363636363636,0.5066395578238191,0.7954545454545454,0.1203442839058962,Subsample ensemble
C4P,xyz_only,gaussian_full,xyz_4sigma,44.0,0.7272727272727273,0.0,0.3856875598430633,0.2769685983657837,0.1933651322668249,0.8987054824829102,0.2477896213531494,0.2192917913198471,0.0284977778792381,1.0,1.0,1.0,1.0,0.7272727272727273,0.2727272727272727,0.7619047619047619,0.2380952380952381,0.8,0.1999999999999999,0.8888888888888888,0.1111111111111111,1.0,0.0,1.0,0.0,0.0410966825244047,0.7272727272727273,-0.0,1.0,0.1012946434996344,Subsample ensemble
C4P,embedding_and_xyz,gaussian_full,xyz_4sigma,44.0,0.7272727272727273,0.0,0.5140636563301086,0.3376435935497284,0.1965243078090927,0.9153153896331788,0.2256855964660644,0.2002571523189544,0.0254283901304006,0.9869791666666666,0.9754901960784312,0.9947916666666666,0.9880952380952382,0.7272727272727273,0.2727272727272727,0.7619047619047619,0.2380952380952381,0.8,0.1999999999999999,0.8888888888888888,0.1111111111111111,0.967741935483871,0.032258064516129,1.0,0.0,0.0448930107558692,0.7272727272727273,-0.0,1.0,0.0846846997737884,Subsample ensemble
C5,real,gaussian_full,xyz_4sigma,44.0,0.9545454545454546,0.8888888888888888,0.1888750940561294,0.0840532705187797,0.0958588624542409,0.9087045788764954,0.310284286737442,0.2973034083843231,0.0129809146746993,0.9404761904761904,0.4166666666666666,0.9285714285714286,0.3928571428571428,0.9545454545454546,0.0454545454545454,0.9761904761904762,0.0238095238095238,0.975,0.025,1.0,0.0,1.0,0.0,1.0,0.0,0.0038199930451644,0.9545454545454546,0.6870877444524535,0.7045454545454546,0.0912953655828129,Subsample ensemble
C5,embedding_only,gaussian_full,xyz_4sigma,44.0,0.9318181818181818,0.8314176245210728,0.1841856390237808,0.0893226638436317,0.119876583868807,0.8728874325752258,0.3477910459041595,0.3329334557056427,0.0148575594648718,0.959349593495935,0.7916666666666666,0.8617886178861788,0.5254901960784314,0.9318181818181818,0.0681818181818182,0.9761904761904762,0.0238095238095238,0.975,0.025,1.0,0.0,1.0,0.0,1.0,0.0,0.0052905942466269,0.9318181818181818,0.6069636115082722,0.7045454545454546,0.1271125755526802,Subsample ensemble
C5,xyz_only,gaussian_full,xyz_4sigma,44.0,0.8863636363636364,0.6513470681458002,0.3116710484027862,0.1989396661520004,0.1478563818064603,0.9262707233428956,0.2019018679857254,0.1966090649366378,0.00529281841591,0.8512820512820513,0.32,0.8358974358974358,0.3012987012987013,0.8863636363636364,0.1136363636363636,0.8809523809523809,0.119047619047619,0.875,0.125,0.9166666666666666,0.0833333333333333,1.0,0.0,1.0,0.0,0.0239823282772156,0.8863636363636364,0.4597472786506893,0.8636363636363636,0.0737292861396616,Subsample ensemble
C5,embedding_and_xyz,gaussian_full,xyz_4sigma,44.0,0.8409090909090909,0.4858096828046744,0.418483704328537,0.2517823278903961,0.1331005109982057,0.9191760420799256,0.1923829168081283,0.1855395287275314,0.0068433959968388,0.915057915057915,0.60292723149866,0.8957528957528957,0.4719748505462791,0.8409090909090909,0.159090909090909,0.8571428571428571,0.1428571428571429,0.875,0.125,0.9166666666666666,0.0833333333333333,1.0,0.0,1.0,0.0,0.0266149791682248,0.8409090909090909,0.3540511393449268,0.8863636363636364,0.0808240093968131,Subsample ensemble
C5P,real,gaussian_full,xyz_4sigma,44.0,0.9090909090909092,0.6986301369863014,0.2043022066354751,0.1311167627573013,0.0600819357416846,0.9273311495780944,0.2189991921186447,0.1933562606573104,0.0256429240107536,0.925,0.4444444444444444,0.9875,0.8875,0.9090909090909092,0.0909090909090909,0.9047619047619048,0.0952380952380952,0.95,0.05,0.9722222222222222,0.0277777777777777,1.0,0.0,1.0,0.0,0.0111202107676011,0.9090909090909092,0.535959889216217,0.7727272727272727,0.0726688016544688,Subsample ensemble
C5P,embedding_only,gaussian_full,xyz_4sigma,44.0,0.9090909090909092,0.6986301369863014,0.1915201693773269,0.1190158650279045,0.1005451625043695,0.9227328896522522,0.2276486456394195,0.201599970459938,0.0260486546903848,0.94375,0.5178571428571428,0.98125,0.8041666666666667,0.9090909090909092,0.0909090909090909,0.9285714285714286,0.0714285714285714,0.95,0.05,1.0,0.0,1.0,0.0,1.0,0.0,0.0093335214809118,0.9090909090909092,0.535959889216217,0.7727272727272727,0.0772671740163456,Subsample ensemble
C5P,xyz_only,gaussian_full,xyz_4sigma,44.0,0.9318181818181818,0.7608695652173914,0.1537611633539199,0.088493674993515,0.0596998875791376,0.9082152843475342,0.2514710128307342,0.2160704135894775,0.0354006178677082,0.934959349593496,0.4428571428571428,0.8861788617886178,0.2896825396825396,0.9318181818181818,0.0681818181818182,0.9523809523809524,0.0476190476190476,0.95,0.05,1.0,0.0,1.0,0.0,1.0,0.0,0.0068685159429547,0.9318181818181818,0.5066395578238191,0.7954545454545454,0.0917846844954924,Subsample ensemble
C5P,embedding_and_xyz,gaussian_full,xyz_4sigma,44.0,0.9545454545454546,0.8307692307692307,0.1498776227235794,0.0828012749552726,0.0791235092011365,0.9046834707260132,0.2580908536911011,0.2248894125223159,0.0332014523446559,0.9166666666666666,0.2916666666666666,0.9047619047619048,0.2666666666666666,0.9545454545454546,0.0454545454545454,0.9523809523809524,0.0476190476190476,0.975,0.025,1.0,0.0,1.0,0.0,1.0,0.0,0.0049154423113454,0.9545454545454546,0.4741393130578373,0.8181818181818182,0.0953165116635235,Subsample ensemble
C6,real,gaussian_full,xyz_4sigma,44.0,0.9772727272727272,0.9518072289156626,0.1106292754411697,0.0505489148199558,0.0927217765287919,0.9078275561332704,0.2507861852645874,0.239923283457756,0.0108628682792186,1.0,1.0,0.7906976744186046,0.1,0.9772727272727272,0.0227272727272727,1.0,0.0,1.0,0.0,1.0,0.0,1.0,0.0,1.0,0.0,0.0002582644628099,0.9772727272727272,0.7404969225219233,0.6363636363636364,0.0921724316748705,Subsample ensemble
C6,embedding_only,gaussian_full,xyz_4sigma,44.0,0.9545454545454546,0.8988505747126436,0.1216032207012176,0.0612997971475124,0.06476614150134,0.9185171723365784,0.2492531239986419,0.236217200756073,0.0130359530448913,0.9761904761904762,0.5833333333333333,0.9761904761904762,0.5833333333333333,0.9545454545454546,0.0454545454545454,0.9761904761904762,0.0238095238095238,1.0,0.0,1.0,0.0,1.0,0.0,1.0,0.0,0.0021147369191766,0.9545454545454546,0.625491359725573,0.6818181818181818,0.0814827978610992,Subsample ensemble
C6,xyz_only,gaussian_full,xyz_4sigma,44.0,0.75,0.3396998635743519,0.4007078409194946,0.2771872878074646,0.1845629892565987,0.8684774041175842,0.2762119472026825,0.2559447586536407,0.0202671457082033,0.8925619834710744,0.6297349115530934,0.9476584022038568,0.8567583931220295,0.75,0.25,0.7619047619047619,0.2380952380952381,0.75,0.25,0.8055555555555556,0.1944444444444444,0.935483870967742,0.0645161290322581,1.0,0.0,0.0590710634518922,0.75,0.3557574741327661,0.9090909090909092,0.1315226568417115,Subsample ensemble
C6,embedding_and_xyz,gaussian_full,xyz_4sigma,44.0,0.6590909090909091,0.0,0.5174566507339478,0.3595766723155975,0.2287729009985924,0.8878638744354248,0.2475092858076095,0.2317377179861068,0.015771547332406,1.0,1.0,1.0,1.0,0.6590909090909091,0.3409090909090909,0.6904761904761905,0.3095238095238095,0.725,0.275,0.8055555555555556,0.1944444444444444,0.935483870967742,0.0645161290322581,1.0,0.0,0.0661012426824143,0.6590909090909091,-0.0,1.0,0.1121361282738772,Subsample ensemble
C7,real,gaussian_full,xyz_4sigma,44.0,0.7954545454545454,0.691348402182385,1.0469038486480713,0.3881426751613617,0.1739356842907992,0.8656208515167236,0.4057168066501617,0.3840677142143249,0.0216491222381591,0.3555555555555555,0.2493057346006864,0.2952380952380952,0.1746592699542217,0.7954545454545454,0.2045454545454545,0.8095238095238095,0.1904761904761904,0.8,0.1999999999999999,0.8055555555555556,0.1944444444444444,0.8064516129032258,0.1935483870967742,0.7727272727272727,0.2272727272727273,0.3617662075273557,0.7954545454545454,1.080643559788077,0.5,0.1343791511925784,Subsample ensemble
C7,embedding_only,gaussian_full,xyz_4sigma,44.0,0.7272727272727273,0.5875,1.0382211208343506,0.4044684171676636,0.2144643474708903,0.8267379403114319,0.4934321641921997,0.4538168609142303,0.0396152883768081,0.5546875,0.5569806422543234,0.4375,0.3042019151334911,0.7272727272727273,0.2727272727272727,0.7619047619047619,0.2380952380952381,0.775,0.2249999999999999,0.8055555555555556,0.1944444444444444,0.8387096774193549,0.1612903225806451,0.7727272727272727,0.2272727272727273,0.3584071887307509,0.7272727272727273,0.9959046197280051,0.5227272727272727,0.1732619892467152,Subsample ensemble
C7,xyz_only,gaussian_full,xyz_4sigma,44.0,0.3409090909090909,0.1132731063238359,1.697835922241211,0.970264494419098,0.4995008104226806,0.8017672896385193,0.5368437767028809,0.5085049271583557,0.0283388271927833,0.4528735632183908,0.6687742862716064,0.503448275862069,0.6894805380643343,0.3409090909090909,0.6590909090909092,0.3571428571428571,0.6428571428571428,0.35,0.65,0.3055555555555556,0.6944444444444444,0.2903225806451613,0.7096774193548387,0.3181818181818182,0.6818181818181819,0.6923721164638802,0.3409090909090909,1.1799414449352137,0.4318181818181818,0.1982327564196153,Subsample ensemble
C7,embedding_and_xyz,gaussian_full,xyz_4sigma,44.0,0.2272727272727272,-0.0324361628709455,1.9236633777618408,1.0933574438095093,0.5593015348369424,0.7865743041038513,0.5615481734275818,0.5248491168022156,0.0366990529000759,0.588235294117647,0.8604643735097028,0.6205882352941177,0.8639896493676078,0.2272727272727272,0.7727272727272727,0.238095238095238,0.7619047619047619,0.25,0.75,0.2777777777777778,0.7222222222222222,0.2580645161290322,0.7419354838709677,0.2727272727272727,0.7272727272727273,0.7505089340276522,0.2272727272727272,0.9776515248666264,0.5227272727272727,0.2134257514368404,Subsample ensemble
FI10,real,gaussian_full,xyz_4sigma,16.0,0.5625,0.282051282051282,0.9584843516349792,0.570429265499115,0.2426217682659626,0.7393759489059448,0.6489485502243042,0.6103363037109375,0.0386122874915599,0.746031746031746,0.7051543694400837,0.5873015873015873,0.608531746031746,0.5625,0.4375,0.5625,0.4375,0.6,0.4,0.6153846153846154,0.3846153846153846,0.6666666666666666,0.3333333333333333,0.75,0.25,0.2377193552974802,0.5625,1.2123138802671547,0.4375,0.260624062269926,Subsample ensemble
FI10,embedding_only,gaussian_full,xyz_4sigma,16.0,0.1875,-0.1428571428571428,1.9661773443222048,1.0656362771987915,0.5074647590517998,0.6949647665023804,0.7154815196990967,0.6225379705429077,0.0929435044527053,0.6923076923076924,0.9255102803179728,0.5384615384615385,0.8894926654542039,0.1875,0.8125,0.1875,0.8125,0.2,0.8,0.2307692307692307,0.7692307692307692,0.25,0.75,0.25,0.75,0.710241537975913,0.1875,1.103432909638192,0.5625,0.3050352334976196,Subsample ensemble
FI10,xyz_only,gaussian_full,xyz_4sigma,16.0,0.5625,0.2727272727272727,0.7872041463851929,0.4511583745479584,0.246694091707468,0.701004683971405,0.7890951037406921,0.6450335383415222,0.1440615653991699,0.8571428571428572,0.8214285714285714,0.7301587301587302,0.6213512677798392,0.5625,0.4375,0.5625,0.4375,0.6,0.4,0.6153846153846154,0.3846153846153846,0.6666666666666666,0.3333333333333333,0.75,0.25,0.1738530133061383,0.5625,1.0433534269422906,0.4375,0.2989953346550464,Subsample ensemble
FI10,embedding_and_xyz,gaussian_full,xyz_4sigma,16.0,0.4375,0.1219512195121951,1.2733631134033203,0.720059871673584,0.3750330060720444,0.7228206992149353,0.7892224192619324,0.6385461091995239,0.1506763696670532,0.6349206349206349,0.7287758537758537,0.4761904761904761,0.6220156386823052,0.4375,0.5625,0.4375,0.5625,0.4666666666666667,0.5333333333333333,0.4615384615384615,0.5384615384615384,0.5,0.5,0.5,0.5,0.4041224834193584,0.4375,1.0717300941124526,0.4375,0.2771792821586132,Subsample ensemble
FI2,real,gaussian_full,xyz_4sigma,15.0,0.8666666666666667,0.7457627118644068,0.328233927488327,0.1811288297176361,0.1834237535794576,0.8159418106079102,0.5083783864974976,0.4616700410842895,0.0467083379626274,0.846153846153846,0.45,0.7692307692307693,0.3928571428571428,0.8666666666666667,0.1333333333333333,0.8666666666666667,0.1333333333333333,0.8571428571428571,0.1428571428571429,0.9166666666666666,0.0833333333333333,0.9090909090909092,0.0909090909090909,1.0,0.0,0.0307126207126207,0.8666666666666667,0.8532361505557784,0.6,0.1840581774711608,Subsample ensemble
FI2,embedding_only,gaussian_full,xyz_4sigma,15.0,0.7333333333333333,0.5238095238095238,0.4877222180366516,0.2798055708408355,0.257535849014918,0.7111297845840454,0.7038043737411499,0.6303657293319702,0.0734387189149856,0.9545454545454544,0.8875,0.5681818181818181,0.4019230769230769,0.7333333333333333,0.2666666666666667,0.7333333333333333,0.2666666666666667,0.7857142857142857,0.2142857142857143,0.8333333333333334,0.1666666666666666,0.9090909090909092,0.0909090909090909,1.0,0.0,0.0506027306027306,0.7333333333333333,0.970115783986938,0.5333333333333333,0.2888702670733133,Subsample ensemble
FI2,xyz_only,gaussian_full,xyz_4sigma,15.0,0.4,0.2622950819672131,1.2960736751556396,0.8081096410751343,0.4165574252605438,0.6802061796188354,0.8419449329376221,0.6758041381835938,0.1661406606435775,0.3888888888888888,0.6079062912396247,0.9074074074074074,0.9459876543209876,0.4,0.6,0.4,0.6,0.4285714285714285,0.5714285714285714,0.3333333333333333,0.6666666666666667,0.3636363636363636,0.6363636363636364,0.375,0.625,0.6252752802752802,0.4,0.6730116670092565,0.6,0.3197938601175944,Subsample ensemble
FI2,embedding_and_xyz,gaussian_full,xyz_4sigma,15.0,0.4,0.2622950819672131,1.5672279596328735,0.8990761041641235,0.418366022904714,0.7057936787605286,0.7780546545982361,0.6231144070625305,0.1549402326345443,0.3703703703703703,0.6444684944684946,0.8148148148148149,0.8551858635191969,0.4,0.6,0.4,0.6,0.4285714285714285,0.5714285714285714,0.4166666666666667,0.5833333333333333,0.3636363636363636,0.6363636363636364,0.25,0.75,0.6673692973692974,0.4,0.6730116670092565,0.6,0.2942062695821126,Subsample ensemble
FI5,real,gaussian_full,xyz_4sigma,16.0,0.4375,0.1627906976744185,1.21895170211792,0.6629306077957153,0.2090656701475381,0.5550657510757446,0.899354100227356,0.8066048622131348,0.0927492752671241,0.6984126984126984,0.763083213083213,0.4603174603174603,0.6403425278425278,0.4375,0.5625,0.4375,0.5625,0.4666666666666667,0.5333333333333333,0.4615384615384615,0.5384615384615384,0.5,0.5,0.5,0.5,0.3680113723082472,0.4375,1.2123138802671547,0.4375,0.4449342750012874,Subsample ensemble
FI5,embedding_only,gaussian_full,xyz_4sigma,16.0,0.5625,0.3043478260869565,0.9384050965309144,0.5024153590202332,0.3167952373623848,0.6747865676879883,0.7528694272041321,0.6833931803703308,0.0694762468338012,0.888888888888889,0.8806122448979592,0.5714285714285714,0.6225579975579976,0.5625,0.4375,0.5625,0.4375,0.6,0.4,0.6923076923076923,0.3076923076923077,0.75,0.25,0.875,0.125,0.1622744876651126,0.5625,1.2820462400528452,0.4375,0.3252134323120117,Subsample ensemble
FI5,xyz_only,gaussian_full,xyz_4sigma,16.0,0.75,0.5223880597014925,0.7183370590209961,0.3795979619026184,0.3005290292203426,0.5725737810134888,1.1129374504089355,0.6649665236473083,0.4479709565639496,0.8958333333333334,0.7333333333333333,0.2083333333333333,0.1975912975912976,0.75,0.25,0.75,0.25,0.8,0.1999999999999999,0.8461538461538461,0.1538461538461538,0.8333333333333334,0.1666666666666666,1.0,0.0,0.0594192266067266,0.75,0.7774621319109287,0.6875,0.4274262525141239,Subsample ensemble
FI5,embedding_and_xyz,gaussian_full,xyz_4sigma,16.0,0.75,0.518796992481203,0.715296745300293,0.3485536575317383,0.2385291568934917,0.6021743416786194,1.0867549180984497,0.6876336932182312,0.3991212844848633,0.9791666666666666,0.95,0.4583333333333333,0.3076923076923076,0.75,0.25,0.75,0.25,0.8,0.1999999999999999,0.9230769230769232,0.0769230769230768,0.9166666666666666,0.0833333333333333,1.0,0.0,0.039257097069597,0.75,0.8314025204956377,0.6875,0.3978256471455097,Subsample ensemble
FI8,real,gaussian_full,xyz_4sigma,16.0,0.6875,0.5238095238095238,0.9761621356010436,0.527947187423706,0.3119812831282615,0.7476905584335327,0.5810428857803345,0.5346555709838867,0.0463873296976089,0.5090909090909091,0.5838095238095238,0.6,0.6438095238095238,0.6875,0.3125,0.6875,0.3125,0.7333333333333333,0.2666666666666667,0.7692307692307693,0.2307692307692307,0.75,0.25,0.625,0.375,0.3267252278971029,0.6875,1.1626998334975678,0.4375,0.2523094341158867,Subsample ensemble
FI8,embedding_only,gaussian_full,xyz_4sigma,16.0,0.625,0.3766233766233766,0.7335938215255737,0.4662371277809143,0.1903625428676605,0.6499745845794678,0.77660071849823,0.7207525968551636,0.0558481365442276,0.8,0.8257575757575757,0.6,0.5853174603174602,0.625,0.375,0.625,0.375,0.6666666666666666,0.3333333333333333,0.7692307692307693,0.2307692307692307,0.8333333333333334,0.1666666666666666,0.75,0.25,0.1798169712232211,0.625,0.9840865030829148,0.5625,0.3500253781676292,Subsample ensemble
FI8,xyz_only,gaussian_full,xyz_4sigma,16.0,0.625,0.1864406779661016,0.7793513536453247,0.4521999955177307,0.2497805394232273,0.8143657445907593,0.4864935576915741,0.3513748943805694,0.1351186633110046,0.9,0.7345238095238095,0.9,0.7345238095238095,0.625,0.375,0.625,0.375,0.6,0.4,0.6923076923076923,0.3076923076923077,0.75,0.25,1.0,0.0,0.1115095841658341,0.625,0.2337916587064593,0.9375,0.1856342107057571,Subsample ensemble
FI8,embedding_and_xyz,gaussian_full,xyz_4sigma,16.0,0.5625,0.0,1.125564455986023,0.63362717628479,0.3245738483965397,0.8870738744735718,0.357709676027298,0.2664210796356201,0.0912886187434196,0.9523809523809524,0.947845804988662,0.9206349206349208,0.9087301587301588,0.5625,0.4375,0.5625,0.4375,0.6,0.4,0.6923076923076923,0.3076923076923077,0.75,0.25,0.875,0.125,0.1344696536102786,0.5625,-0.0,1.0,0.1129260957241058,Subsample ensemble
FP1,real,gaussian_full,xyz_4sigma,16.0,0.8125,0.6799999999999999,0.4464297294616699,0.2762545943260193,0.1961049363017082,0.9145404100418092,0.2783995568752289,0.2655474245548248,0.0128521425649523,0.8205128205128205,0.6095238095238096,0.923076923076923,0.8333333333333333,0.8125,0.1875,0.8125,0.1875,0.8666666666666667,0.1333333333333333,0.8461538461538461,0.1538461538461538,0.8333333333333334,0.1666666666666666,1.0,0.0,0.0550851492257742,0.8125,0.9002560512685369,0.625,0.0854595936834812,Subsample ensemble
FP1,embedding_only,gaussian_full,xyz_4sigma,16.0,0.75,0.5704697986577181,0.8416777849197388,0.4333235025405884,0.1794986054301262,0.8651979565620422,0.3819116055965423,0.3606553077697754,0.0212562717497348,0.4375,0.3146103896103895,0.375,0.2535714285714285,0.75,0.25,0.75,0.25,0.7333333333333333,0.2666666666666667,0.7692307692307693,0.2307692307692307,0.75,0.25,0.625,0.375,0.2445637695637696,0.75,0.6853142072764582,0.5625,0.1348020248115062,Subsample ensemble
FP1,xyz_only,gaussian_full,xyz_4sigma,16.0,0.25,0.1829787234042553,1.9884898662567136,1.1914091110229492,0.5993414334952831,0.7685312628746033,0.6159800291061401,0.5755137205123901,0.0404662862420082,0.1666666666666666,0.6185599123099124,0.4583333333333333,0.8269383394383395,0.25,0.75,0.25,0.75,0.2,0.8,0.1538461538461538,0.8461538461538461,0.1666666666666666,0.8333333333333334,0.125,0.875,0.8558562964812966,0.25,0.8314025204956377,0.6875,0.2314687557518482,Subsample ensemble
FP1,embedding_and_xyz,gaussian_full,xyz_4sigma,16.0,0.125,0.0303030303030302,2.4106240272521973,1.3296430110931396,0.6935735382139683,0.8185735940933228,0.5409454703330994,0.4934082329273224,0.0475372225046157,0.5,0.9211770372484658,0.6785714285714286,0.9538610199324484,0.125,0.875,0.125,0.875,0.1333333333333333,0.8666666666666667,0.1538461538461538,0.8461538461538461,0.1666666666666666,0.8333333333333334,0.125,0.875,0.8507347687035188,0.125,0.6210863745552451,0.6875,0.1814264506101608,Subsample ensemble
FP11,real,gaussian_full,xyz_4sigma,16.0,0.9375,0.8926174496644296,0.3615244030952453,0.18582284450531,0.2005874440073967,0.8030846118927002,0.550727128982544,0.5168761610984802,0.033850971609354,0.4666666666666667,0.1111111111111111,0.3333333333333333,0.0909090909090909,0.9375,0.0625,0.9375,0.0625,0.9333333333333332,0.0666666666666666,0.9230769230769232,0.0769230769230768,0.9166666666666666,0.0833333333333333,0.875,0.125,0.0472888656482406,0.9375,1.103432909638192,0.5625,0.1969153918325901,Subsample ensemble
FP11,embedding_only,gaussian_full,xyz_4sigma,16.0,0.5,0.3333333333333333,1.2898688316345217,0.6885793805122375,0.2275961618870496,0.6631309986114502,0.7919260859489441,0.7310159802436829,0.0609101094305515,0.59375,0.6412518037518038,0.5625,0.6928758741258741,0.5,0.5,0.5,0.5,0.5333333333333333,0.4666666666666667,0.5384615384615384,0.4615384615384615,0.5,0.5,0.5,0.5,0.4139020701520702,0.5,1.1246702892376166,0.5625,0.3368689902126789,Subsample ensemble
FP11,xyz_only,gaussian_full,xyz_4sigma,16.0,0.25,0.189873417721519,2.2057645320892334,1.152414321899414,0.6055879481136799,0.8115834593772888,0.5560058355331421,0.4476775825023651,0.1083282977342605,0.7291666666666667,0.8486182798682798,0.9583333333333334,0.9866452991452992,0.25,0.75,0.25,0.75,0.2666666666666666,0.7333333333333334,0.2307692307692307,0.7692307692307692,0.25,0.75,0.375,0.625,0.5273112304362305,0.25,0.8647400965276372,0.5625,0.1884165331721305,Subsample ensemble
FP11,embedding_and_xyz,gaussian_full,xyz_4sigma,16.0,0.25,0.1578947368421053,2.562062263488769,1.1582520008087158,0.5485937930643559,0.7985937595367432,0.5669539570808411,0.4717872440814972,0.0951666980981826,0.75,0.8544943482443482,0.875,0.9559824434824434,0.25,0.75,0.25,0.75,0.2666666666666666,0.7333333333333334,0.2307692307692307,0.7692307692307692,0.25,0.75,0.375,0.625,0.5116862304362305,0.25,0.8647400965276372,0.5625,0.2014062106609344,Subsample ensemble
FP3,real,gaussian_full,xyz_4sigma,16.0,0.6875,0.4666666666666667,0.5583692193031311,0.3525416553020477,0.2903053611516952,0.707672655582428,0.6861266493797302,0.6561938524246216,0.0299327634274959,0.6545454545454545,0.4321789321789321,0.4363636363636363,0.3481351981351981,0.6875,0.3125,0.6875,0.3125,0.6666666666666666,0.3333333333333333,0.6923076923076923,0.3076923076923077,0.75,0.25,0.75,0.25,0.1724307376651126,0.6875,0.98689944883853,0.625,0.2923273295164108,Subsample ensemble
FP3,embedding_only,gaussian_full,xyz_4sigma,16.0,0.375,0.0476190476190476,1.1480915546417236,0.7313604354858398,0.3178383111953735,0.6312112212181091,0.8241498470306396,0.7606320977210999,0.0635177493095398,0.6666666666666667,0.8440384615384615,0.3666666666666667,0.5845940170940171,0.375,0.625,0.375,0.625,0.4,0.6,0.4615384615384615,0.5384615384615384,0.5,0.5,0.5,0.5,0.531842202935953,0.375,1.2130075659799042,0.5,0.3687887862324714,Subsample ensemble
FP3,xyz_only,gaussian_full,xyz_4sigma,16.0,0.25,0.0495049504950495,4.077607154846191,1.086638569831848,0.2976865451782942,0.5251420140266418,1.052795171737671,0.711601972579956,0.3411931991577148,0.0625,0.59253478003478,0.8333333333333334,0.9569444444444444,0.25,0.75,0.25,0.75,0.2,0.8,0.1538461538461538,0.8461538461538461,0.0833333333333333,0.9166666666666666,0.0,1.0,0.888970924908425,0.25,0.9470571522825084,0.5625,0.4748579896986484,Subsample ensemble
FP3,embedding_and_xyz,gaussian_full,xyz_4sigma,16.0,0.25,0.0495049504950495,4.693187713623047,1.1443099975585938,0.4413631185889244,0.5385185480117798,1.0425372123718262,0.7268375158309937,0.3156997263431549,0.0416666666666666,0.5786458911458912,0.5208333333333334,0.8547161172161172,0.25,0.75,0.25,0.75,0.2,0.8,0.1538461538461538,0.8461538461538461,0.0833333333333333,0.9166666666666666,0.0,1.0,0.8934352106227108,0.25,0.9470571522825084,0.5625,0.4614814221858978,Subsample ensemble
FP4,real,gaussian_full,xyz_4sigma,15.0,0.8666666666666667,0.7457627118644068,0.2569920718669891,0.1531459987163543,0.1196400125821431,0.874509871006012,0.3632891476154327,0.3378986716270447,0.025390500202775,0.9230769230769232,0.75,0.9230769230769232,0.75,0.8666666666666667,0.1333333333333333,0.8666666666666667,0.1333333333333333,0.9285714285714286,0.0714285714285714,0.9166666666666666,0.0833333333333333,1.0,0.0,1.0,0.0,0.0198901098901098,0.8666666666666667,0.8532361505557784,0.6,0.1254900733629862,Subsample ensemble
FP4,embedding_only,gaussian_full,xyz_4sigma,15.0,0.8666666666666667,0.7457627118644068,0.3080662488937378,0.166535809636116,0.1548788746198018,0.7841697335243225,0.5276040434837341,0.4820793569087982,0.0455247089266777,0.8846153846153846,0.5,0.9230769230769232,0.75,0.8666666666666667,0.1333333333333333,0.8666666666666667,0.1333333333333333,0.8571428571428571,0.1428571428571429,0.9166666666666666,0.0833333333333333,1.0,0.0,1.0,0.0,0.0246520146520146,0.8666666666666667,0.8532361505557784,0.6,0.2158302466074625,Subsample ensemble
FP4,xyz_only,gaussian_full,xyz_4sigma,15.0,0.8,0.5871559633027523,0.5703763961791992,0.3518194556236267,0.1946770310401916,0.7786638736724854,0.5495901703834534,0.4380039274692535,0.111586220562458,0.6388888888888888,0.3027777777777777,0.5833333333333333,0.2777777777777778,0.8,0.1999999999999999,0.8,0.1999999999999999,0.7857142857142857,0.2142857142857143,0.75,0.25,0.7272727272727273,0.2727272727272727,0.875,0.125,0.1002595552595552,0.8,0.5799151714181009,0.7333333333333333,0.2213361422220865,Subsample ensemble
FP4,embedding_and_xyz,gaussian_full,xyz_4sigma,15.0,0.8,0.5871559633027523,0.5971464514732361,0.3660082221031189,0.2822526852289835,0.7480373382568359,0.6492769718170166,0.5038235187530518,0.1454534083604812,0.6388888888888888,0.3027777777777777,0.4166666666666667,0.2126022126022126,0.8,0.1999999999999999,0.8,0.1999999999999999,0.7857142857142857,0.2142857142857143,0.75,0.25,0.7272727272727273,0.2727272727272727,0.875,0.125,0.1002595552595552,0.8,0.5799151714181009,0.7333333333333333,0.2519627332687378,Subsample ensemble
FP6,real,gaussian_full,xyz_4sigma,16.0,0.375,0.101123595505618,1.4109454154968262,0.7834119200706482,0.339810149744153,0.5535174608230591,0.8415983319282532,0.7512460947036743,0.0903522372245788,0.4666666666666667,0.660064935064935,0.4666666666666667,0.7263677988677988,0.375,0.625,0.375,0.625,0.4,0.6,0.3846153846153846,0.6153846153846154,0.3333333333333333,0.6666666666666667,0.375,0.625,0.5975693577256079,0.375,0.8647400965276372,0.5625,0.4464825056493282,Subsample ensemble
FP6,embedding_only,gaussian_full,xyz_4sigma,16.0,0.125,0.0705394190871369,1.7043988704681396,0.9427607655525208,0.4798481501638889,0.6048481464385986,0.8200885653495789,0.7497700452804565,0.0703185349702835,0.7142857142857143,0.960354526425955,0.75,0.9636072261072262,0.125,0.875,0.125,0.875,0.1333333333333333,0.8666666666666667,0.1538461538461538,0.8461538461538461,0.1666666666666666,0.8333333333333334,0.25,0.75,0.7917317925130426,0.125,0.9470571522825084,0.5625,0.395151849836111,Subsample ensemble
FP6,xyz_only,gaussian_full,xyz_4sigma,16.0,0.0,0.0,6.609262943267822,1.5995054244995115,0.7169771119952202,0.7169771194458008,0.6582250595092773,0.5701985955238342,0.0880264714360237,,,,,0.0,1.0,0.0,1.0,0.0,1.0,0.0,1.0,0.0,1.0,0.0,1.0,0.9375,0.0,0.8305236914828463,0.625,0.2830228917300701,Subsample ensemble
FP6,embedding_and_xyz,gaussian_full,xyz_4sigma,16.0,0.0,0.0,7.119088649749756,1.5939432382583618,0.6971825361251831,0.6971825361251831,0.6718090772628784,0.6033689975738525,0.0684400200843811,,,,,0.0,1.0,0.0,1.0,0.0,1.0,0.0,1.0,0.0,1.0,0.0,1.0,0.9375,0.0,0.9743147528693494,0.5,0.3028174564242363,Subsample ensemble
FP7,real,gaussian_full,xyz_4sigma,18.0,0.3888888888888889,0.1818181818181818,1.30766761302948,0.7875905632972717,0.3263294994831085,0.6691391468048096,0.7277565598487854,0.6848726272583008,0.042883925139904,0.6493506493506493,0.8210444783974196,0.6753246753246753,0.8261073448239225,0.3888888888888889,0.6111111111111112,0.3888888888888889,0.6111111111111112,0.4117647058823529,0.5882352941176471,0.4666666666666667,0.5333333333333333,0.4615384615384615,0.5384615384615384,0.5555555555555556,0.4444444444444444,0.5508428254751784,0.3888888888888889,1.310783678099714,0.3333333333333333,0.3308608432610829,Subsample ensemble
FP7,embedding_only,gaussian_full,xyz_4sigma,18.0,0.2777777777777778,0.0330578512396694,1.4448933601379397,0.8735550045967102,0.3912676208549075,0.6690453290939331,0.7661620378494263,0.7211047410964966,0.0450573414564132,0.6000000000000001,0.7868170291247214,0.4769230769230769,0.750221234271008,0.2777777777777778,0.7222222222222222,0.2777777777777778,0.7222222222222222,0.2941176470588235,0.7058823529411764,0.2666666666666666,0.7333333333333334,0.3076923076923077,0.6923076923076923,0.3333333333333333,0.6666666666666667,0.6146641575563144,0.2777777777777778,1.0608569471580214,0.4444444444444444,0.3309546046786838,Subsample ensemble
FP7,xyz_only,gaussian_full,xyz_4sigma,18.0,0.5,0.0526315789473684,1.5764241218566897,0.7527098059654236,0.3444972485303879,0.829429030418396,0.4569085538387298,0.3531469702720642,0.1037615239620208,0.9753086419753086,0.97979797979798,0.925925925925926,0.9435897435897438,0.5,0.5,0.5,0.5,0.5294117647058824,0.4705882352941176,0.6,0.4,0.6923076923076923,0.3076923076923077,0.8888888888888888,0.1111111111111111,0.1661584829476986,0.5,0.2145591551764051,0.9444444444444444,0.1705710159407721,Subsample ensemble
FP7,embedding_and_xyz,gaussian_full,xyz_4sigma,18.0,0.5,0.0,1.768951416015625,0.7876735329627991,0.359674314657847,0.8521872162818909,0.4522259533405304,0.3506883382797241,0.1015376299619674,0.8641975308641975,0.9128205128205128,0.8395061728395062,0.8940476190476192,0.5,0.5,0.5,0.5,0.5294117647058824,0.4705882352941176,0.6,0.4,0.6923076923076923,0.3076923076923077,0.7777777777777778,0.2222222222222222,0.2442228568454059,0.5,-0.0,1.0,0.147812760538525,Subsample ensemble
FP9,real,gaussian_full,xyz_4sigma,15.0,0.5333333333333333,0.396551724137931,0.9644004702568054,0.5468471050262451,0.2459015667438507,0.7480990290641785,0.648542582988739,0.5899890065193176,0.0585535354912281,0.9285714285714286,0.9480519480519478,0.9285714285714286,0.9480519480519478,0.5333333333333333,0.4666666666666667,0.5333333333333333,0.4666666666666667,0.5714285714285714,0.4285714285714286,0.6666666666666666,0.3333333333333333,0.7272727272727273,0.2727272727272727,0.875,0.125,0.1732143782143782,0.5333333333333333,0.8823109245150755,0.5333333333333333,0.2519009868303934,Subsample ensemble
FP9,embedding_only,gaussian_full,xyz_4sigma,15.0,0.2666666666666666,-0.0060975609756099,1.473075270652771,0.980288863182068,0.5170665860176087,0.7750298976898193,0.6052805781364441,0.5703175663948059,0.0349629558622837,0.6818181818181819,0.8254374413465323,0.75,0.8966495625586535,0.2666666666666666,0.7333333333333334,0.2666666666666666,0.7333333333333334,0.2857142857142857,0.7142857142857143,0.25,0.75,0.2727272727272727,0.7272727272727273,0.375,0.625,0.5327034077034077,0.2666666666666666,0.5799151714181009,0.7333333333333333,0.2249702056248982,Subsample ensemble
FP9,xyz_only,gaussian_full,xyz_4sigma,15.0,0.4666666666666667,0.3181818181818182,1.476498246192932,0.7708085179328918,0.323061329126358,0.7371998429298401,0.6591252088546753,0.434304803609848,0.2248203605413437,0.9107142857142856,0.9381313131313131,0.7857142857142857,0.7842261904761906,0.4666666666666667,0.5333333333333333,0.4666666666666667,0.5333333333333333,0.5,0.5,0.5833333333333334,0.4166666666666666,0.6363636363636364,0.3636363636363636,0.75,0.25,0.2288740888740889,0.4666666666666667,0.5799151714181009,0.7333333333333333,0.262800129254659,Subsample ensemble
FP9,embedding_and_xyz,gaussian_full,xyz_4sigma,15.0,0.3333333333333333,0.1573033707865169,1.587671160697937,0.9249290227890016,0.4397529721260071,0.7730863094329834,0.6163964867591858,0.427891194820404,0.1885053366422653,0.72,0.8645959595959595,0.62,0.7610245310245309,0.3333333333333333,0.6666666666666667,0.3333333333333333,0.6666666666666667,0.3571428571428571,0.6428571428571428,0.4166666666666667,0.5833333333333333,0.4545454545454545,0.5454545454545454,0.375,0.625,0.5037120287120286,0.3333333333333333,0.3926744672275521,0.8666666666666667,0.2269136905670166,Subsample ensemble
L1,real,gaussian_full,xyz_4sigma,16.0,0.75,0.5897435897435898,0.5158066749572754,0.3457466959953308,0.2523770853877067,0.8579438924789429,0.3479700088500976,0.3229719400405884,0.0249980501830577,0.7708333333333334,0.4583333333333333,0.7916666666666667,0.5,0.75,0.25,0.75,0.25,0.7333333333333333,0.2666666666666667,0.7692307692307693,0.2307692307692307,0.8333333333333334,0.1666666666666666,1.0,0.0,0.0917341339216339,0.75,0.98689944883853,0.625,0.142056081444025,Subsample ensemble
L1,embedding_only,gaussian_full,xyz_4sigma,16.0,0.75,0.5949367088607596,0.5639299750328064,0.3505337238311767,0.2495727613568306,0.8542690873146057,0.371304452419281,0.338523656129837,0.0327807888388633,0.8541666666666667,0.75,0.8541666666666667,0.6916666666666667,0.75,0.25,0.75,0.25,0.8,0.1999999999999999,0.8461538461538461,0.1538461538461538,0.8333333333333334,0.1666666666666666,1.0,0.0,0.0738312035187035,0.75,0.9470571522825082,0.5625,0.1457309052348137,Subsample ensemble
L1,xyz_only,gaussian_full,xyz_4sigma,16.0,0.5,0.0,1.3382500410079956,0.7255183458328247,0.3959090635180473,0.8959090113639832,0.2980632781982422,0.2750360369682312,0.0230272263288497,1.0,1.0,1.0,1.0,0.5,0.5,0.5,0.5,0.5333333333333333,0.4666666666666667,0.6153846153846154,0.3846153846153846,0.6666666666666666,0.3333333333333333,1.0,0.0,0.1529390748140748,0.5,-0.0,1.0,0.1040909960865974,Subsample ensemble
L1,embedding_and_xyz,gaussian_full,xyz_4sigma,16.0,0.5,0.0,1.3579535484313965,0.6826281547546387,0.3725909814238548,0.8725910186767578,0.3264700174331665,0.2969214022159576,0.029548617079854,0.984375,0.9861111111111112,0.984375,0.9861111111111112,0.5,0.5,0.5,0.5,0.5333333333333333,0.4666666666666667,0.6153846153846154,0.3846153846153846,0.6666666666666666,0.3333333333333333,0.875,0.125,0.1607515748140748,0.5,-0.0,1.0,0.1274089962244033,Subsample ensemble
L2,real,gaussian_full,xyz_4sigma,16.0,0.8125,0.6883116883116883,0.3997129201889038,0.2487611770629882,0.1777373980730772,0.8424761295318604,0.3872557878494262,0.3530640602111816,0.0341917350888252,0.7948717948717949,0.5916666666666666,0.8205128205128205,0.5138888888888888,0.8125,0.1875,0.8125,0.1875,0.8666666666666667,0.1333333333333333,0.8461538461538461,0.1538461538461538,0.8333333333333334,0.1666666666666666,1.0,0.0,0.0620295936702186,0.8125,1.0408398374232388,0.625,0.157523863017559,Subsample ensemble
L2,embedding_only,gaussian_full,xyz_4sigma,16.0,0.75,0.5789473684210527,0.4582917690277099,0.2807597219944,0.2044915854930877,0.8304013013839722,0.4146029055118561,0.3743638396263122,0.0402390584349632,0.8958333333333334,0.8125,0.8750000000000001,0.7291666666666666,0.75,0.25,0.75,0.25,0.8,0.1999999999999999,0.8461538461538461,0.1538461538461538,0.9166666666666666,0.0833333333333333,1.0,0.0,0.062941052003552,0.75,0.9002560512685369,0.625,0.1695986650884151,Subsample ensemble
L2,xyz_only,gaussian_full,xyz_4sigma,16.0,0.5,0.0,1.6112444400787354,0.8227035999298096,0.4218119382858276,0.9218119382858276,0.2601531744003296,0.2426406592130661,0.0175125189125537,1.0,1.0,1.0,1.0,0.5,0.5,0.5,0.5,0.5333333333333333,0.4666666666666667,0.6153846153846154,0.3846153846153846,0.6666666666666666,0.3333333333333333,1.0,0.0,0.1529390748140748,0.5,-0.0,1.0,0.0781880430877208,Subsample ensemble
L2,embedding_and_xyz,gaussian_full,xyz_4sigma,16.0,0.5,0.0,1.627059817314148,0.8020594120025635,0.4063311628997326,0.906331181526184,0.2898128926753998,0.2647345662117004,0.0250783152878284,1.0,1.0,1.0,1.0,0.5,0.5,0.5,0.5,0.5333333333333333,0.4666666666666667,0.6153846153846154,0.3846153846153846,0.6666666666666666,0.3333333333333333,1.0,0.0,0.1529390748140748,0.5,-0.0,1.0,0.0936687998473644,Subsample ensemble
N1,real,gaussian_full,xyz_4sigma,14.0,0.7142857142857143,0.504424778761062,0.5729692578315735,0.3596570789813995,0.2139113289969308,0.8382014632225037,0.42115119099617,0.3868639469146728,0.0342872366309165,0.8500000000000001,0.7291666666666666,0.9,0.8166666666666667,0.7142857142857143,0.2857142857142857,0.7142857142857143,0.2857142857142857,0.7692307692307693,0.2307692307692307,0.75,0.25,0.9,0.0999999999999999,0.8571428571428571,0.1428571428571429,0.0917437721009149,0.7142857142857143,0.8982053397041498,0.5,0.1617984856878008,Subsample ensemble
N1,embedding_only,gaussian_full,xyz_4sigma,14.0,0.7857142857142857,0.5531914893617023,0.5890113711357117,0.3125956654548645,0.1251255593129566,0.7085228562355042,0.6923761367797852,0.6384680867195129,0.0539080984890461,0.8787878787878787,0.5888888888888889,0.6363636363636362,0.3194444444444444,0.7857142857142857,0.2142857142857143,0.7857142857142857,0.2142857142857143,0.7692307692307693,0.2307692307692307,0.8333333333333334,0.1666666666666666,0.9,0.0999999999999999,1.0,0.0,0.0496777032491318,0.7857142857142857,0.5982695885852573,0.7142857142857143,0.2914771352495466,Subsample ensemble
N1,xyz_only,gaussian_full,xyz_4sigma,14.0,0.2142857142857142,0.0,2.739191770553589,1.271390676498413,0.6730063983372279,0.8872920870780945,0.3541135489940643,0.3324334025382995,0.0216800849884748,1.0,1.0,1.0,1.0,0.2142857142857142,0.7857142857142857,0.2142857142857142,0.7857142857142857,0.2307692307692307,0.7692307692307692,0.25,0.75,0.3,0.7,0.4285714285714285,0.5714285714285714,0.4537468483897056,0.2142857142857142,-0.0,1.0,0.11270786183221,Subsample ensemble
N1,embedding_and_xyz,gaussian_full,xyz_4sigma,14.0,0.2142857142857142,0.0,2.5917952060699463,1.199878454208374,0.6360426459993636,0.8503283858299255,0.4223228394985199,0.3924566209316253,0.0298661570996046,1.0,1.0,1.0,1.0,0.2142857142857142,0.7857142857142857,0.2142857142857142,0.7857142857142857,0.2307692307692307,0.7692307692307692,0.25,0.75,0.3,0.7,0.4285714285714285,0.5714285714285714,0.4537468483897056,0.2142857142857142,-0.0,1.0,0.1496715928827013,Subsample ensemble
N2,real,gaussian_full,xyz_4sigma,11.0,0.4545454545454545,0.2747252747252746,2.023722648620605,0.8972848653793335,0.4438799971883947,0.7648744583129883,0.5663068890571594,0.5402584671974182,0.0260484535247087,0.5,0.6565175565175565,0.3333333333333333,0.5742424242424242,0.4545454545454545,0.5454545454545454,0.4545454545454545,0.5454545454545454,0.5,0.5,0.4444444444444444,0.5555555555555556,0.5,0.5,0.5,0.5,0.5151252787616425,0.4545454545454545,0.7595473914748635,0.7272727272727273,0.2351255362684076,Subsample ensemble
N2,embedding_only,gaussian_full,xyz_4sigma,11.0,0.2727272727272727,0.032967032967033,1.5969741344451904,0.8801600933074951,0.4383020157163793,0.7110292911529541,0.7151386737823486,0.6622357368469238,0.0529029481112957,0.8333333333333334,0.9502840909090908,0.7916666666666667,0.932426948051948,0.2727272727272727,0.7272727272727273,0.2727272727272727,0.7272727272727273,0.3,0.7,0.3333333333333333,0.6666666666666667,0.375,0.625,0.5,0.5,0.514551357733176,0.2727272727272727,0.3046360973492381,0.9090909090909092,0.2889707034284418,Subsample ensemble
N2,xyz_only,gaussian_full,xyz_4sigma,11.0,0.2727272727272727,0.0,1.521596908569336,0.9357885122299194,0.5248433730819009,0.7975706458091736,0.5584601759910583,0.4778181910514831,0.0806419625878334,1.0,1.0,1.0,1.0,0.2727272727272727,0.7272727272727273,0.2727272727272727,0.7272727272727273,0.3,0.7,0.3333333333333333,0.6666666666666667,0.375,0.625,0.5,0.5,0.370611963793782,0.2727272727272727,-0.0,1.0,0.2024293650280345,Subsample ensemble
N2,embedding_and_xyz,gaussian_full,xyz_4sigma,11.0,0.2727272727272727,0.0,1.314581274986267,0.8092641830444336,0.4631013111634688,0.7358285784721375,0.6305500864982605,0.5384272933006287,0.092122845351696,1.0,1.0,1.0,1.0,0.2727272727272727,0.7272727272727273,0.2727272727272727,0.7272727272727273,0.3,0.7,0.3333333333333333,0.6666666666666667,0.375,0.625,0.5,0.5,0.370611963793782,0.2727272727272727,-0.0,1.0,0.2641714161092585,Subsample ensemble
N3,real,gaussian_full,xyz_4sigma,7.0,0.8571428571428571,0.588235294117647,0.2521946132183075,0.1396504193544387,0.1263989721025739,0.8901544213294983,0.3352641761302948,0.3173233568668365,0.0179407931864261,1.0,1.0,1.0,1.0,0.8571428571428571,0.1428571428571429,0.8571428571428571,0.1428571428571429,0.8571428571428571,0.1428571428571429,1.0,0.0,1.0,0.0,1.0,0.0,0.010204081632653,0.8571428571428571,0.410116318288409,0.8571428571428571,0.1098456127302987,Subsample ensemble
N3,embedding_only,gaussian_full,xyz_4sigma,7.0,0.8571428571428571,0.588235294117647,0.6562936902046204,0.3292368054389953,0.2323225651468549,0.841961681842804,0.4266906678676605,0.411930114030838,0.0147605761885643,0.6666666666666667,0.3333333333333333,0.5,0.25,0.8571428571428571,0.1428571428571429,0.8571428571428571,0.1428571428571429,0.8571428571428571,0.1428571428571429,0.8333333333333334,0.1666666666666666,0.8,0.1999999999999999,1.0,0.0,0.0625850340136054,0.8571428571428571,0.410116318288409,0.8571428571428571,0.1580383777618408,Subsample ensemble
N3,xyz_only,gaussian_full,xyz_4sigma,7.0,0.0,0.0,3.163787364959717,1.6041780710220337,0.8181311062404089,0.8181310892105103,0.5600248575210571,0.520126461982727,0.0398983880877494,,,,,0.0,1.0,0.0,1.0,0.0,1.0,0.0,1.0,0.0,1.0,0.0,1.0,0.8571428571428571,0.0,-0.0,1.0,0.1818688937595912,Subsample ensemble
N3,embedding_and_xyz,gaussian_full,xyz_4sigma,7.0,0.0,0.0,3.4984583854675293,1.6591918468475342,0.8552185126713343,0.8552184700965881,0.4940917193889618,0.4596599638462066,0.0344317145645618,,,,,0.0,1.0,0.0,1.0,0.0,1.0,0.0,1.0,0.0,1.0,0.0,1.0,0.8571428571428571,0.0,-0.0,1.0,0.1447814702987671,Subsample ensemble
P1,real,gaussian_full,xyz_4sigma,19.0,0.9473684210526316,0.903061224489796,0.1297294497489929,0.0695008859038353,0.0883196921725022,0.907939910888672,0.2304611206054687,0.2197506874799728,0.0107104107737541,1.0,1.0,1.0,1.0,0.9473684210526316,0.0526315789473684,0.9473684210526316,0.0526315789473684,1.0,0.0,1.0,0.0,1.0,0.0,1.0,0.0,0.0013850415512465,0.9473684210526316,0.8392695557891106,0.5789473684210527,0.0920601298934535,Subsample ensemble
P1,embedding_only,gaussian_full,xyz_4sigma,19.0,0.8947368421052632,0.8109452736318408,0.2725219130516052,0.161500409245491,0.0745910813933924,0.8818158507347107,0.326127827167511,0.3070723116397857,0.0190555304288864,0.8823529411764706,0.45,0.9411764705882352,0.5833333333333333,0.8947368421052632,0.1052631578947368,0.8947368421052632,0.1052631578947368,0.8888888888888888,0.1111111111111111,0.9375,0.0625,1.0,0.0,1.0,0.0,0.0185122571651005,0.8947368421052632,0.8569977547780645,0.5263157894736842,0.1181840896606445,Subsample ensemble
P1,xyz_only,gaussian_full,xyz_4sigma,19.0,0.5789473684210527,0.0,0.873851478099823,0.5298672914505005,0.2951626589423732,0.8741100430488586,0.3460195064544678,0.3153744339942932,0.030645040795207,1.0,1.0,1.0,1.0,0.5789473684210527,0.4210526315789473,0.5789473684210527,0.4210526315789473,0.6111111111111112,0.3888888888888888,0.6875,0.3125,0.7857142857142857,0.2142857142857143,1.0,0.0,0.1043678025937273,0.5789473684210527,-0.0,1.0,0.1258899757736607,Subsample ensemble
P1,embedding_and_xyz,gaussian_full,xyz_4sigma,19.0,0.5789473684210527,0.0,0.7949739694595337,0.4727377593517303,0.2720490333281065,0.8388171195983887,0.4113421142101288,0.376434177160263,0.0349079482257366,1.0,1.0,1.0,1.0,0.5789473684210527,0.4210526315789473,0.5789473684210527,0.4210526315789473,0.6111111111111112,0.3888888888888888,0.6875,0.3125,0.7857142857142857,0.2142857142857143,1.0,0.0,0.1043678025937273,0.5789473684210527,-0.0,1.0,0.1611828082486202,Subsample ensemble
P2,real,gaussian_full,xyz_4sigma,20.0,0.95,0.90521327014218,0.2332843095064163,0.1175827160477638,0.1515024662017822,0.851055920124054,0.43289715051651,0.4018820822238922,0.031015072017908,0.8947368421052632,0.3333333333333333,0.9473684210526316,0.5,0.95,0.05,0.9473684210526316,0.0526315789473684,0.9444444444444444,0.0555555555555555,1.0,0.0,1.0,0.0,1.0,0.0,0.0066593567251462,0.95,0.8451132568429528,0.55,0.1489441484212875,Subsample ensemble
P2,embedding_only,gaussian_full,xyz_4sigma,20.0,0.8,0.6428571428571428,0.4912797808647156,0.2753396928310394,0.2453312113881111,0.778876543045044,0.5702230930328369,0.5265375375747681,0.0436855629086494,0.71875,0.6396103896103896,0.84375,0.7071428571428571,0.8,0.1999999999999999,0.8421052631578947,0.1578947368421053,0.8888888888888888,0.1111111111111111,0.875,0.125,0.8571428571428571,0.1428571428571429,0.8,0.1999999999999999,0.0984571319633239,0.8,0.9433483923290392,0.5,0.2211234807968139,Subsample ensemble
P2,xyz_only,gaussian_full,xyz_4sigma,20.0,0.6,0.0,0.5347135663032532,0.386400043964386,0.2703529536724091,0.8541733026504517,0.3625025451183319,0.2861776947975158,0.0763248354196548,1.0,1.0,1.0,1.0,0.6,0.4,0.631578947368421,0.368421052631579,0.6666666666666666,0.3333333333333333,0.75,0.25,0.8571428571428571,0.1428571428571429,1.0,0.0,0.0932826126401977,0.6,-0.0,1.0,0.1458266615867614,Subsample ensemble
P2,embedding_and_xyz,gaussian_full,xyz_4sigma,20.0,0.65,0.1515151515151517,0.5526289343833923,0.3706279695034027,0.2125214636325836,0.8372334241867065,0.3991378247737884,0.3170227408409118,0.0821150690317154,0.967032967032967,0.9379251700680272,1.0,0.9999999999999998,0.65,0.35,0.6842105263157895,0.3157894736842105,0.7222222222222222,0.2777777777777778,0.8125,0.1875,0.8571428571428571,0.1428571428571429,1.0,0.0,0.0805570794444633,0.65,0.1985152433458726,0.95,0.1627665787935256,Subsample ensemble
P3,real,gaussian_full,xyz_4sigma,15.0,0.8666666666666667,0.7945205479452055,0.464091956615448,0.2388144582509994,0.2481837590535481,0.6641274094581604,0.7958046197891235,0.6797695159912109,0.1160351559519767,0.8846153846153846,0.7,0.9230769230769232,0.75,0.8666666666666667,0.1333333333333333,0.8666666666666667,0.1333333333333333,0.9285714285714286,0.0714285714285714,0.9166666666666666,0.0833333333333333,0.9090909090909092,0.0909090909090909,1.0,0.0,0.0259507159507159,0.8666666666666667,1.1124565824765005,0.6,0.3358725746472676,Subsample ensemble
P3,embedding_only,gaussian_full,xyz_4sigma,15.0,0.3333333333333333,0.1379310344827586,1.32924485206604,0.8500410318374634,0.4758334676424663,0.733195424079895,0.690906822681427,0.650414228439331,0.0404926128685474,0.62,0.7343894993894994,0.36,0.6488988788988789,0.3333333333333333,0.6666666666666667,0.3333333333333333,0.6666666666666667,0.2857142857142857,0.7142857142857143,0.3333333333333333,0.6666666666666667,0.3636363636363636,0.6363636363636364,0.5,0.5,0.5557738557738557,0.3333333333333333,0.9502705392332348,0.6,0.266804583867391,Subsample ensemble
P3,xyz_only,gaussian_full,xyz_4sigma,15.0,0.1333333333333333,0.0,2.1654298305511475,1.2848126888275146,0.7083768129348755,0.8328325152397156,0.5601689219474792,0.3940779864788055,0.1660909056663513,1.0,0.9999999999999998,0.8846153846153846,0.983826429980276,0.1333333333333333,0.8666666666666667,0.1333333333333333,0.8666666666666667,0.1428571428571428,0.8571428571428572,0.1666666666666666,0.8333333333333334,0.1818181818181818,0.8181818181818181,0.25,0.75,0.5953472453472453,0.1333333333333333,-0.0,1.0,0.1671673973401387,Subsample ensemble
P3,embedding_and_xyz,gaussian_full,xyz_4sigma,15.0,0.1333333333333333,0.0,3.0771713256835938,1.5037049055099487,0.777126141389211,0.9104595184326172,0.3633700609207153,0.2779752612113952,0.0853948146104812,0.9230769230769232,0.9885883347421808,0.8461538461538461,0.9787545787545784,0.1333333333333333,0.8666666666666667,0.1333333333333333,0.8666666666666667,0.1428571428571428,0.8571428571428572,0.1666666666666666,0.8333333333333334,0.1818181818181818,0.8181818181818181,0.25,0.75,0.650902800902801,0.1333333333333333,-0.0,1.0,0.0895405093828837,Subsample ensemble
P4,real,gaussian_full,xyz_4sigma,20.0,0.9,0.8165137614678899,0.4946843683719635,0.2435022145509719,0.2015597358345985,0.7989648580551147,0.5483090877532959,0.5207722187042236,0.0275368634611368,0.5,0.1625,0.4166666666666666,0.1302521008403361,0.9,0.0999999999999999,0.8947368421052632,0.1052631578947368,0.8888888888888888,0.1111111111111111,0.875,0.125,0.9285714285714286,0.0714285714285714,0.9,0.0999999999999999,0.0871958493862518,0.9,0.926506603289533,0.55,0.2010351598262786,Subsample ensemble
P4,embedding_only,gaussian_full,xyz_4sigma,20.0,0.8,0.641255605381166,0.6251341104507446,0.3431873917579651,0.1600365370512008,0.7153416275978088,0.698031485080719,0.6708129644393921,0.0272184703499078,0.890625,0.5845238095238094,0.734375,0.4791666666666666,0.8,0.1999999999999999,0.7894736842105263,0.2105263157894736,0.8333333333333334,0.1666666666666666,0.875,0.125,0.9285714285714286,0.0714285714285714,1.0,0.0,0.0428967639687453,0.8,0.8556886672556694,0.5,0.2846584528684616,Subsample ensemble
P4,xyz_only,gaussian_full,xyz_4sigma,20.0,0.65,0.0,0.8717418909072876,0.482117235660553,0.2457435190677642,0.8957435488700867,0.2887687087059021,0.2578705549240112,0.0308981500566005,1.0,0.9999999999999998,1.0,0.9999999999999998,0.65,0.35,0.6842105263157895,0.3157894736842105,0.7222222222222222,0.2777777777777778,0.8125,0.1875,0.9285714285714286,0.0714285714285714,1.0,0.0,0.0698061636935476,0.65,-0.0,1.0,0.1042564809322357,Subsample ensemble
P4,embedding_and_xyz,gaussian_full,xyz_4sigma,20.0,0.65,0.0,0.8375304341316223,0.4593729376792907,0.237417584657669,0.8820220232009888,0.3105928897857666,0.2741954922676086,0.0363974198698997,1.0,0.9999999999999998,1.0,0.9999999999999998,0.65,0.35,0.6842105263157895,0.3157894736842105,0.7222222222222222,0.2777777777777778,0.8125,0.1875,0.9285714285714286,0.0714285714285714,1.0,0.0,0.0698061636935476,0.65,-0.0,1.0,0.1179780095815658,Subsample ensemble
S1,real,gaussian_full,xyz_4sigma,13.0,0.7692307692307693,0.61,0.6275837421417236,0.421879231929779,0.303868999847999,0.8156233429908752,0.4413980841636657,0.3727205097675323,0.068677581846714,0.5,0.2757936507936508,0.7666666666666666,0.4761904761904761,0.7692307692307693,0.2307692307692307,0.7692307692307693,0.2307692307692307,0.75,0.25,0.7272727272727273,0.2727272727272727,0.7,0.3,0.7142857142857143,0.2857142857142857,0.161448167217398,0.7692307692307693,0.8587409130062869,0.6153846153846154,0.1843766661790701,Subsample ensemble
S1,embedding_only,gaussian_full,xyz_4sigma,13.0,0.7692307692307693,0.5851063829787233,0.3961216509342193,0.2600240409374237,0.121747076511383,0.8018277883529663,0.4848190546035766,0.4258095324039459,0.059009488672018,0.8666666666666667,0.5888888888888889,0.7666666666666666,0.5138888888888888,0.7692307692307693,0.2307692307692307,0.7692307692307693,0.2307692307692307,0.75,0.25,0.8181818181818182,0.1818181818181817,0.9,0.0999999999999999,1.0,0.0,0.0583318391010698,0.7692307692307693,0.666278442414676,0.6153846153846154,0.198172220816979,Subsample ensemble
S1,xyz_only,gaussian_full,xyz_4sigma,13.0,0.3846153846153846,0.1260504201680672,0.9326988458633424,0.5818519592285156,0.3614689524357135,0.7032426595687866,0.7169239521026611,0.6265661716461182,0.0903577655553817,1.0,1.0,1.0,1.0,0.3846153846153846,0.6153846153846154,0.3846153846153846,0.6153846153846154,0.4166666666666667,0.5833333333333333,0.4545454545454545,0.5454545454545454,0.5,0.5,0.7142857142857143,0.2857142857142857,0.2467927371773525,0.3846153846153846,0.5402041423888608,0.7692307692307693,0.2967572533167325,Subsample ensemble
S1,embedding_and_xyz,gaussian_full,xyz_4sigma,13.0,0.3846153846153846,0.1612903225806451,0.8109942674636841,0.5093393325805664,0.3798311719527611,0.6454411745071411,0.8453417420387268,0.7470719218254089,0.0982697531580925,1.0,1.0,0.975,0.9861111111111112,0.3846153846153846,0.6153846153846154,0.3846153846153846,0.6153846153846154,0.4166666666666667,0.5833333333333333,0.4545454545454545,0.5454545454545454,0.5,0.5,0.7142857142857143,0.2857142857142857,0.2467927371773525,0.3846153846153846,0.6172417697303416,0.6923076923076923,0.3545587704731868,Subsample ensemble
S10,real,gaussian_full,xyz_4sigma,22.0,0.6818181818181818,0.4761904761904761,0.6840343475341797,0.4287267923355102,0.1978105902671813,0.7081174850463867,0.649320125579834,0.5484564304351807,0.1008637398481369,0.6285714285714286,0.442063492063492,0.7714285714285715,0.6922007399451007,0.6818181818181818,0.3181818181818182,0.6666666666666666,0.3333333333333333,0.7,0.3,0.6666666666666666,0.3333333333333333,0.75,0.25,0.8181818181818182,0.1818181818181817,0.2219263224188639,0.6818181818181818,1.1435024870830304,0.4090909090909091,0.2918825447559356,Subsample ensemble
S10,embedding_only,gaussian_full,xyz_4sigma,22.0,0.3181818181818182,0.0517241379310344,1.4593920707702637,0.8949823379516602,0.4943078756332397,0.7791393399238586,0.5680721998214722,0.4652057588100433,0.102866530418396,0.6476190476190476,0.8347741147741147,0.8,0.9197169187881262,0.3181818181818182,0.6818181818181819,0.3333333333333333,0.6666666666666667,0.35,0.65,0.3888888888888889,0.6111111111111112,0.375,0.625,0.4545454545454545,0.5454545454545454,0.5982203730690925,0.3181818181818182,1.0361987848192835,0.4545454545454545,0.2208606627854434,Subsample ensemble
S10,xyz_only,gaussian_full,xyz_4sigma,22.0,0.5454545454545454,0.3529411764705882,1.1305049657821655,0.694296658039093,0.3524183888326991,0.7214699387550354,0.7013393640518188,0.5476652979850769,0.1536741256713867,0.475,0.5270995670995671,0.725,0.6784262469556587,0.5454545454545454,0.4545454545454546,0.5714285714285714,0.4285714285714286,0.55,0.4499999999999999,0.5555555555555556,0.4444444444444444,0.5,0.5,0.5454545454545454,0.4545454545454546,0.4747662315949679,0.5454545454545454,0.8454652292345644,0.5,0.2785300585356625,Subsample ensemble
S10,embedding_and_xyz,gaussian_full,xyz_4sigma,22.0,0.3636363636363636,0.1225071225071225,1.924354076385498,1.0221184492111206,0.4723674031821164,0.7623578906059265,0.626669704914093,0.5052611827850342,0.1214085891842842,0.2678571428571428,0.6207527189504191,0.5535714285714285,0.7560248857241337,0.3636363636363636,0.6363636363636364,0.3809523809523809,0.6190476190476191,0.4,0.6,0.3888888888888889,0.6111111111111112,0.3125,0.6875,0.1818181818181818,0.8181818181818181,0.7870989373153038,0.3636363636363636,0.930216837088864,0.5,0.2376420823010531,Subsample ensemble
S11,real,gaussian_full,xyz_4sigma,20.0,0.75,0.5024875621890548,0.4406851828098297,0.2736881375312805,0.1300088971853256,0.7577835917472839,0.6124132871627808,0.5501371622085571,0.0622760541737079,0.8133333333333334,0.633131313131313,0.6533333333333333,0.3597619047619047,0.75,0.25,0.7894736842105263,0.2105263157894736,0.7777777777777778,0.2222222222222222,0.8125,0.1875,0.8571428571428571,0.1428571428571429,0.9,0.0999999999999999,0.0854665756929688,0.75,0.926506603289533,0.55,0.2422164261341094,Subsample ensemble
S11,embedding_only,gaussian_full,xyz_4sigma,20.0,0.75,0.5073891625615763,0.6414679288864136,0.3801138997077942,0.1519230008125305,0.7039770483970642,0.7705276608467102,0.6846519112586975,0.0858757868409156,0.52,0.2966013071895425,0.52,0.285021645021645,0.75,0.25,0.7368421052631579,0.2631578947368421,0.7222222222222222,0.2777777777777778,0.75,0.25,0.7142857142857143,0.2857142857142857,0.8,0.1999999999999999,0.1962054844020788,0.75,0.9745701894462542,0.55,0.2960229933261871,Subsample ensemble
S11,xyz_only,gaussian_full,xyz_4sigma,20.0,0.2,0.0643274853801167,1.7597334384918213,1.1500422954559326,0.642883625626564,0.8428837060928345,0.4576478004455566,0.3287667632102966,0.1288810074329376,0.859375,0.954894038763524,0.96875,0.9924172794117648,0.2,0.8,0.2105263157894736,0.7894736842105263,0.2222222222222222,0.7777777777777778,0.25,0.75,0.2857142857142857,0.7142857142857143,0.3,0.7,0.5406126024817975,0.2,0.1985152433458726,0.95,0.1571163654327392,Subsample ensemble
S11,embedding_and_xyz,gaussian_full,xyz_4sigma,20.0,0.15,0.0058479532163741,1.89642870426178,1.1865476369857788,0.6498548343777656,0.7998548746109009,0.5562406778335571,0.4170162677764892,0.1392244100570678,1.0,1.0,1.0,1.0,0.15,0.85,0.1578947368421052,0.8421052631578947,0.1666666666666666,0.8333333333333334,0.1875,0.8125,0.2142857142857142,0.7857142857142857,0.3,0.7,0.5640890514284478,0.15,0.1985152433458726,0.95,0.2001451581716537,Subsample ensemble
S12,real,gaussian_full,xyz_4sigma,25.0,0.92,0.8655913978494624,0.1945786625146865,0.1043672114610672,0.1217906689643859,0.8852173686027527,0.3555870056152344,0.3254939317703247,0.0300930831581354,0.8695652173913043,0.3333333333333333,0.826086956521739,0.2916666666666666,0.92,0.0799999999999999,0.9166666666666666,0.0833333333333333,0.9130434782608696,0.0869565217391304,0.95,0.05,1.0,0.0,1.0,0.0,0.0141345379258422,0.92,1.087847391010481,0.52,0.1147826385498047,Subsample ensemble
S12,embedding_only,gaussian_full,xyz_4sigma,25.0,0.84,0.7289972899728997,0.2662805318832397,0.139680802822113,0.1171873652935028,0.8176422715187073,0.5142291784286499,0.4612561166286468,0.0529730804264545,0.9523809523809524,0.8303571428571428,0.9166666666666666,0.7152777777777777,0.84,0.16,0.875,0.125,0.9130434782608696,0.0869565217391304,0.95,0.05,1.0,0.0,1.0,0.0,0.0213246495685855,0.84,0.9743417807689858,0.56,0.1823577308654785,Subsample ensemble
S12,xyz_only,gaussian_full,xyz_4sigma,25.0,0.92,0.8611111111111112,0.2781540751457214,0.1469556093215942,0.162857129573822,0.8313837647438049,0.5007579922676086,0.4451761245727539,0.0555818974971771,0.8260869565217391,0.2666666666666666,0.8913043478260869,0.4166666666666666,0.92,0.0799999999999999,0.9166666666666666,0.0833333333333333,0.9130434782608696,0.0869565217391304,0.95,0.05,1.0,0.0,1.0,0.0,0.017857481648786,0.92,1.0201306525013127,0.56,0.1686162304878234,Subsample ensemble
S12,embedding_and_xyz,gaussian_full,xyz_4sigma,25.0,0.88,0.7916666666666666,0.4032470285892486,0.211088091135025,0.1795203304290771,0.7609845995903015,0.6506463885307312,0.5567619800567627,0.0938844084739685,0.7878787878787878,0.5075757575757576,0.7727272727272726,0.3055555555555556,0.88,0.12,0.9166666666666666,0.0833333333333333,0.9130434782608696,0.0869565217391304,0.9,0.0999999999999999,0.8888888888888888,0.1111111111111111,1.0,0.0,0.0368320602521571,0.88,0.9437489523059353,0.56,0.2390154433250427,Subsample ensemble
S13,real,gaussian_full,xyz_4sigma,22.0,0.3636363636363636,0.2542372881355932,1.500627040863037,0.9365047216415404,0.5273908295414664,0.8229846954345703,0.5660008788108826,0.4469000101089477,0.1191008761525154,0.6785714285714286,0.7335796148296148,0.9285714285714286,0.9637980192076828,0.3636363636363636,0.6363636363636364,0.3809523809523809,0.6190476190476191,0.35,0.65,0.3333333333333333,0.6666666666666667,0.375,0.625,0.4545454545454545,0.5454545454545454,0.4167736585271063,0.3636363636363636,0.8454652292345644,0.5,0.1770152910189195,Subsample ensemble
S13,embedding_only,gaussian_full,xyz_4sigma,22.0,0.3181818181818182,0.1749999999999999,1.667372465133667,0.9640086889266968,0.4820044230331075,0.8001862168312073,0.6277943849563599,0.498319923877716,0.1294744908809662,0.7142857142857143,0.8198126981950512,0.8761904761904763,0.953637566137566,0.3181818181818182,0.6818181818181819,0.3333333333333333,0.6666666666666667,0.35,0.65,0.3333333333333333,0.6666666666666667,0.3125,0.6875,0.4545454545454545,0.5454545454545454,0.4891541189757486,0.3181818181818182,0.6890092384766586,0.5454545454545454,0.1998137642036784,Subsample ensemble
S13,xyz_only,gaussian_full,xyz_4sigma,22.0,0.3636363636363636,0.2542372881355932,1.4807978868484497,0.927203357219696,0.536688423969529,0.8161316514015198,0.5936300754547119,0.4665493071079254,0.1270807832479477,0.6785714285714286,0.7304700376654156,0.9375,0.9685075953458304,0.3636363636363636,0.6363636363636364,0.3809523809523809,0.6190476190476191,0.35,0.65,0.3333333333333333,0.6666666666666667,0.375,0.625,0.4545454545454545,0.5454545454545454,0.4107130524665002,0.3636363636363636,0.8454652292345644,0.5,0.183868410912427,Subsample ensemble
S13,embedding_and_xyz,gaussian_full,xyz_4sigma,22.0,0.3181818181818182,0.1749999999999999,1.6419696807861328,0.9572654366493224,0.4735476090149445,0.7917293906211853,0.6579976081848145,0.5210108757019043,0.1369868218898773,0.7047619047619048,0.8109238093061623,0.8857142857142858,0.956687675070028,0.3181818181818182,0.6818181818181819,0.3333333333333333,0.6666666666666667,0.35,0.65,0.3333333333333333,0.6666666666666667,0.3125,0.6875,0.4545454545454545,0.5454545454545454,0.4918279157671925,0.3181818181818182,0.6890092384766586,0.5454545454545454,0.2082705741578882,Subsample ensemble
S14,real,gaussian_full,xyz_4sigma,19.0,0.8947368421052632,0.819047619047619,0.2676036059856415,0.1418735384941101,0.1225627001963163,0.7983281016349792,0.4798465073108673,0.4131674468517303,0.0666790902614593,0.9705882352941176,0.8333333333333333,0.8529411764705882,0.3666666666666667,0.8947368421052632,0.1052631578947368,0.8947368421052632,0.1052631578947368,0.9444444444444444,0.0555555555555555,1.0,0.0,1.0,0.0,1.0,0.0,0.0087900349428783,0.8947368421052632,0.955131195451464,0.4736842105263157,0.201671910913367,Subsample ensemble
S14,embedding_only,gaussian_full,xyz_4sigma,19.0,0.6842105263157895,0.4571428571428572,0.6275765895843506,0.4075027406215668,0.1915996764835558,0.7281995415687561,0.5956028699874878,0.5173837542533875,0.0782190784811973,0.6923076923076923,0.5598544973544973,0.5897435897435898,0.4217171717171716,0.6842105263157895,0.3157894736842105,0.6842105263157895,0.3157894736842105,0.7222222222222222,0.2777777777777778,0.6875,0.3125,0.7142857142857143,0.2857142857142857,0.9,0.0999999999999999,0.1805166591686878,0.6842105263157895,0.955131195451464,0.4736842105263157,0.2718004051007722,Subsample ensemble
S14,xyz_only,gaussian_full,xyz_4sigma,19.0,0.3684210526315789,0.0916334661354582,1.0362919569015503,0.7245720624923706,0.4432396104461268,0.7905814051628113,0.4745170176029205,0.4303066432476043,0.0442104190587997,0.880952380952381,0.8877666315166315,0.8928571428571429,0.9085999648499647,0.3684210526315789,0.631578947368421,0.3684210526315789,0.631578947368421,0.3888888888888889,0.6111111111111112,0.375,0.625,0.4285714285714285,0.5714285714285714,0.6,0.4,0.3121453641862637,0.3684210526315789,0.2061920506332318,0.9473684210526316,0.2094186324822275,Subsample ensemble
S14,embedding_and_xyz,gaussian_full,xyz_4sigma,19.0,0.3157894736842105,0.0,1.5181888341903689,0.9633784294128418,0.5314367664487739,0.8472262024879456,0.4308088719844818,0.3899758458137512,0.0408330336213111,0.8974358974358975,0.9548877216298028,0.8974358974358975,0.9548877216298028,0.3157894736842105,0.6842105263157895,0.3157894736842105,0.6842105263157895,0.3333333333333333,0.6666666666666667,0.375,0.625,0.4285714285714285,0.5714285714285714,0.5,0.5,0.3947592130499089,0.3157894736842105,-0.0,1.0,0.152773778689535,Subsample ensemble
S2,real,gaussian_full,xyz_4sigma,13.0,0.7692307692307693,0.6020408163265306,0.5481957793235779,0.3504074215888977,0.2378275898786691,0.6917807459831238,0.6621415019035339,0.6178601384162903,0.0442813821136951,0.5333333333333333,0.2896825396825396,0.4666666666666667,0.2619047619047619,0.7692307692307693,0.2307692307692307,0.7692307692307693,0.2307692307692307,0.75,0.25,0.7272727272727273,0.2727272727272727,0.7,0.3,0.7142857142857143,0.2857142857142857,0.1586703894396202,0.7692307692307693,1.118968866881627,0.4615384615384615,0.3082192540168762,Subsample ensemble
S2,embedding_only,gaussian_full,xyz_4sigma,13.0,0.4615384615384615,0.2017543859649123,0.747374951839447,0.4838528037071228,0.325683410351093,0.6879618167877197,0.6874271631240845,0.6518197655677795,0.0356074497103691,0.9047619047619048,0.9367346938775508,0.9047619047619048,0.9240362811791384,0.4615384615384615,0.5384615384615384,0.4615384615384615,0.5384615384615384,0.5,0.5,0.5454545454545454,0.4545454545454546,0.6,0.4,0.7142857142857143,0.2857142857142857,0.2391915776531161,0.4615384615384615,1.0317671113505356,0.6153846153846154,0.312038215307089,Subsample ensemble
S2,xyz_only,gaussian_full,xyz_4sigma,13.0,0.2307692307692307,0.1390728476821191,3.374058723449707,1.2487969398498535,0.6532647930658781,0.8217785954475403,0.4825457036495209,0.4469166100025177,0.0356290377676487,0.3666666666666667,0.8038170163170163,0.4,0.8238170163170163,0.2307692307692307,0.7692307692307692,0.2307692307692307,0.7692307692307692,0.25,0.75,0.2727272727272727,0.7272727272727273,0.3,0.7,0.1428571428571428,0.8571428571428572,0.803600672831442,0.2307692307692307,1.0100997593541636,0.5384615384615384,0.1782213907975416,Subsample ensemble
S2,embedding_and_xyz,gaussian_full,xyz_4sigma,13.0,0.2307692307692307,0.1390728476821191,3.665611267089844,1.2569421529769895,0.6956001199208773,0.8014203310012817,0.5209043025970459,0.4799166321754455,0.0409876480698585,0.3,0.7654836829836829,0.3,0.7654836829836829,0.2307692307692307,0.7692307692307692,0.2307692307692307,0.7692307692307692,0.25,0.75,0.2727272727272727,0.7272727272727273,0.2,0.8,0.1428571428571428,0.8571428571428572,0.8209083651391343,0.2307692307692307,1.0100997593541636,0.5384615384615384,0.1985796048091008,Subsample ensemble
S3,real,gaussian_full,xyz_4sigma,13.0,0.7692307692307693,0.6422018348623852,0.6164935827255249,0.3740009665489197,0.1504415502915016,0.8316174149513245,0.4500505626201629,0.4199097752571106,0.0301408860832452,0.7333333333333334,0.5916666666666666,0.6333333333333333,0.3888888888888888,0.7692307692307693,0.2307692307692307,0.7692307692307693,0.2307692307692307,0.8333333333333334,0.1666666666666666,0.8181818181818182,0.1818181818181817,0.8,0.1999999999999999,0.8571428571428571,0.1428571428571429,0.1015858073550381,0.7692307692307693,0.8981370031878679,0.5384615384615384,0.1683825804637028,Subsample ensemble
S3,embedding_only,gaussian_full,xyz_4sigma,13.0,0.7692307692307693,0.6454545454545455,0.4972921013832092,0.298782467842102,0.1824022256411039,0.751885175704956,0.6345763802528381,0.5997658967971802,0.0348104573786258,0.8,0.6428571428571428,0.6,0.373015873015873,0.7692307692307693,0.2307692307692307,0.7692307692307693,0.2307692307692307,0.8333333333333334,0.1666666666666666,0.8181818181818182,0.1818181818181817,0.8,0.1999999999999999,0.8571428571428571,0.1428571428571429,0.0802182859875167,0.7692307692307693,0.9839614460010256,0.5384615384615384,0.2481148105401259,Subsample ensemble
S3,xyz_only,gaussian_full,xyz_4sigma,13.0,0.5384615384615384,0.0602409638554216,1.4904513359069824,0.6051278710365295,0.2960265026642726,0.8142143487930298,0.4095344841480255,0.3762030601501465,0.0333314314484596,1.0,1.0,1.0,1.0,0.5384615384615384,0.4615384615384615,0.5384615384615384,0.4615384615384615,0.5833333333333334,0.4166666666666666,0.6363636363636364,0.3636363636363636,0.7,0.3,1.0,0.0,0.1275611140995756,0.5384615384615384,0.2711893730418441,0.9230769230769232,0.1857857337364783,Subsample ensemble
S3,embedding_and_xyz,gaussian_full,xyz_4sigma,13.0,0.5384615384615384,0.1612903225806451,1.4019221067428589,0.5953850746154785,0.2835580660746647,0.8042620420455933,0.4292249381542206,0.3900245130062103,0.0392004698514938,1.0,1.0,1.0,1.0,0.5384615384615384,0.4615384615384615,0.5384615384615384,0.4615384615384615,0.5833333333333334,0.4166666666666666,0.6363636363636364,0.3636363636363636,0.7,0.3,1.0,0.0,0.1275611140995756,0.5384615384615384,0.5402041423888608,0.7692307692307693,0.1957379854642428,Subsample ensemble
S4,real,gaussian_full,xyz_4sigma,21.0,0.7142857142857143,0.3823529411764707,0.5414755940437317,0.3642009198665619,0.2048938075701395,0.8779147863388062,0.2982137203216553,0.2785452306270599,0.0196684729307889,0.8666666666666667,0.607936507936508,0.8666666666666667,0.607936507936508,0.7142857142857143,0.2857142857142857,0.7,0.3,0.7368421052631579,0.2631578947368421,0.7647058823529411,0.2352941176470588,0.8666666666666667,0.1333333333333333,1.0,0.0,0.0803939007001811,0.7142857142857143,0.6189407438569727,0.8095238095238095,0.1220853527386983,Subsample ensemble
S4,embedding_only,gaussian_full,xyz_4sigma,21.0,0.6666666666666666,0.2575757575757575,0.6175940632820129,0.4039675891399383,0.1957561685925438,0.8347324132919312,0.3969637453556061,0.3702725768089294,0.0266911666840314,0.7755102040816326,0.5423469387755102,0.8673469387755102,0.8044217687074828,0.6666666666666666,0.3333333333333333,0.65,0.35,0.631578947368421,0.368421052631579,0.7058823529411765,0.2941176470588235,0.7333333333333333,0.2666666666666667,0.9090909090909092,0.0909090909090909,0.1384614652305939,0.6666666666666666,0.5010469137590966,0.8571428571428571,0.1652675356183733,Subsample ensemble
S4,xyz_only,gaussian_full,xyz_4sigma,21.0,0.3809523809523809,0.09,1.2818946838378906,0.9033215641975404,0.5267106862295241,0.8728398680686951,0.3716067671775818,0.3436261713504791,0.0279805269092321,0.875,0.8268028979567441,0.9807692307692308,0.9885883347421808,0.3809523809523809,0.6190476190476191,0.35,0.65,0.3684210526315789,0.631578947368421,0.4117647058823529,0.5882352941176471,0.4666666666666667,0.5333333333333333,0.6363636363636364,0.3636363636363636,0.2988260099770493,0.3809523809523809,0.1914440819577173,0.9523809523809524,0.1271600751649765,Subsample ensemble
S4,embedding_and_xyz,gaussian_full,xyz_4sigma,21.0,0.3333333333333333,0.0,1.426166534423828,0.9465991258621216,0.5361761876514979,0.8695094585418701,0.3792254328727722,0.3459153175354004,0.0333101190626621,0.979591836734694,0.9901360544217686,0.979591836734694,0.9901360544217686,0.3333333333333333,0.6666666666666667,0.35,0.65,0.3684210526315789,0.631578947368421,0.4117647058823529,0.5882352941176471,0.4666666666666667,0.5333333333333333,0.6363636363636364,0.3636363636363636,0.3127148988659382,0.3333333333333333,-0.0,1.0,0.1304905130749657,Subsample ensemble
S5,real,gaussian_full,xyz_4sigma,16.0,0.875,0.7922077922077921,0.3778768181800842,0.2242755889892578,0.2025867141783237,0.7374298572540283,0.559698760509491,0.5179438591003418,0.0417549312114715,0.9285714285714286,0.75,0.6428571428571429,0.2666666666666666,0.875,0.125,0.875,0.125,0.9333333333333332,0.0666666666666666,0.9230769230769232,0.0769230769230768,1.0,0.0,1.0,0.0,0.0173448946886446,0.875,0.9743147528693494,0.5,0.2625701650977134,Subsample ensemble
S5,embedding_only,gaussian_full,xyz_4sigma,16.0,0.8125,0.6417910447761195,0.5758568048477173,0.3241121768951416,0.1639333069324493,0.686504602432251,0.7544815540313721,0.6836272478103638,0.0708543509244918,0.7692307692307692,0.3833333333333333,0.6153846153846154,0.3452380952380952,0.8125,0.1875,0.8125,0.1875,0.8,0.1999999999999999,0.7692307692307693,0.2307692307692307,0.8333333333333334,0.1666666666666666,1.0,0.0,0.0622737939144189,0.8125,0.7356219397587946,0.75,0.3134953416883945,Subsample ensemble
S5,xyz_only,gaussian_full,xyz_4sigma,16.0,0.1875,0.1578947368421053,1.309213161468506,0.8649258613586426,0.4369620364159345,0.6244620680809021,0.8504912853240967,0.5421009063720703,0.3083904385566711,0.5641025641025641,0.8073784121861045,0.9487179487179488,0.9885883347421808,0.1875,0.8125,0.1875,0.8125,0.1333333333333333,0.8666666666666667,0.1538461538461538,0.8461538461538461,0.1666666666666666,0.8333333333333334,0.25,0.75,0.7095703341797093,0.1875,0.482577565177012,0.8125,0.3755379691720009,Subsample ensemble
S5,embedding_and_xyz,gaussian_full,xyz_4sigma,16.0,0.125,0.1039999999999999,2.015885829925537,1.174594521522522,0.625041127204895,0.6715717315673828,0.7804336547851562,0.5213683843612671,0.2590653300285339,0.1071428571428571,0.7908482390625248,0.7142857142857143,0.960354526425955,0.125,0.875,0.125,0.875,0.1333333333333333,0.8666666666666667,0.0769230769230769,0.9230769230769232,0.0,1.0,0.0,1.0,0.9159884386446886,0.125,0.3767701612564367,0.875,0.3284282609820366,Subsample ensemble
S6,real,gaussian_full,xyz_4sigma,13.0,0.6923076923076923,0.3953488372093023,0.5170034766197205,0.3624809682369232,0.2284141412148109,0.8408097624778748,0.4343894124031067,0.3884807825088501,0.0459086559712886,0.8888888888888888,0.6791666666666667,1.0,1.0,0.6923076923076923,0.3076923076923077,0.6923076923076923,0.3076923076923077,0.6666666666666666,0.3333333333333333,0.7272727272727273,0.2727272727272727,0.8,0.1999999999999999,1.0,0.0,0.0823859900782977,0.6923076923076923,0.5359610497090694,0.8461538461538461,0.1591902054273165,Subsample ensemble
S6,embedding_only,gaussian_full,xyz_4sigma,13.0,0.7692307692307693,0.5568181818181819,0.5153729915618896,0.33343106508255,0.3028051715630752,0.7605420351028442,0.619515061378479,0.5692751407623291,0.0502399764955043,0.6666666666666666,0.3595238095238095,0.7333333333333333,0.4583333333333332,0.7692307692307693,0.2307692307692307,0.7692307692307693,0.2307692307692307,0.75,0.25,0.7272727272727273,0.2727272727272727,0.7,0.3,0.8571428571428571,0.1428571428571429,0.1098608656300964,0.7692307692307693,0.6870920273799715,0.7692307692307693,0.239457932802347,Subsample ensemble
S6,xyz_only,gaussian_full,xyz_4sigma,13.0,0.5384615384615384,0.0,0.9930395483970642,0.6605370044708252,0.3531658832843487,0.8712953329086304,0.3993909060955047,0.2055657058954239,0.1938251852989196,0.880952380952381,0.8178571428571427,0.9523809523809524,0.9583333333333331,0.5384615384615384,0.4615384615384615,0.5384615384615384,0.4615384615384615,0.5833333333333334,0.4166666666666666,0.5454545454545454,0.4545454545454546,0.6,0.4,0.8571428571428571,0.1428571428571429,0.1713978329362945,0.5384615384615384,-0.0,1.0,0.128704676261315,Subsample ensemble
S6,embedding_and_xyz,gaussian_full,xyz_4sigma,13.0,0.5384615384615384,0.0,1.071204662322998,0.711198091506958,0.3329893625699557,0.8714509606361389,0.4589921832084656,0.2383757978677749,0.220616415143013,0.7857142857142857,0.7329365079365079,0.8095238095238095,0.7996031746031745,0.5384615384615384,0.4615384615384615,0.5384615384615384,0.4615384615384615,0.5833333333333334,0.4166666666666666,0.5454545454545454,0.4545454545454546,0.6,0.4,0.7142857142857143,0.2857142857142857,0.2133697499082114,0.5384615384615384,-0.0,1.0,0.1285490806286151,Subsample ensemble
S7,real,gaussian_full,xyz_4sigma,18.0,0.5555555555555556,0.2871287128712871,1.161180019378662,0.6671159267425537,0.2358302358123991,0.6566370725631714,0.7584539651870728,0.7205372452735901,0.037916675209999,0.6875,0.7096688034188035,0.8250000000000001,0.8817401960784315,0.5555555555555556,0.4444444444444444,0.5555555555555556,0.4444444444444444,0.5882352941176471,0.4117647058823529,0.6,0.4,0.6923076923076923,0.3076923076923077,0.6666666666666666,0.3333333333333333,0.2828349936193073,0.5555555555555556,1.2919060073446698,0.4444444444444444,0.343362957239151,Subsample ensemble
S7,embedding_only,gaussian_full,xyz_4sigma,18.0,0.3888888888888889,0.0747663551401869,1.9543402194976809,0.93031907081604,0.3377523753378126,0.6743379831314087,0.7610999941825867,0.7146934270858765,0.0464064814150333,0.4025974025974026,0.583969053821995,0.4935064935064935,0.711760075931199,0.3888888888888889,0.6111111111111112,0.3888888888888889,0.6111111111111112,0.3529411764705882,0.6470588235294117,0.4,0.6,0.3076923076923077,0.6923076923076923,0.3333333333333333,0.6666666666666667,0.6632460313832863,0.3888888888888889,0.933823851714722,0.6111111111111112,0.3256620897187127,Subsample ensemble
S7,xyz_only,gaussian_full,xyz_4sigma,18.0,0.3333333333333333,0.2340425531914893,1.7267866134643557,0.8501229882240295,0.4629836827516556,0.6824526190757751,0.7642664909362793,0.4314985871315002,0.3327678740024566,0.6388888888888888,0.7428062678062678,0.9861111111111112,0.9935897435897436,0.3333333333333333,0.6666666666666667,0.3333333333333333,0.6666666666666667,0.3529411764705882,0.6470588235294117,0.2666666666666666,0.7333333333333334,0.3076923076923077,0.6923076923076923,0.4444444444444444,0.5555555555555556,0.4715462959335508,0.3333333333333333,0.82773815699892,0.6111111111111112,0.3175474107265472,Subsample ensemble
S7,embedding_and_xyz,gaussian_full,xyz_4sigma,18.0,0.3333333333333333,0.2145454545454546,1.899574279785156,0.8483937382698059,0.4873222559690475,0.6884996891021729,0.7793398499488831,0.4526392519474029,0.3267005681991577,0.5555555555555556,0.703776085026085,0.9305555555555556,0.9722222222222224,0.3333333333333333,0.6666666666666667,0.3333333333333333,0.6666666666666667,0.3529411764705882,0.6470588235294117,0.2666666666666666,0.7333333333333334,0.3076923076923077,0.6923076923076923,0.3333333333333333,0.6666666666666667,0.5184177886383768,0.3333333333333333,0.8544149816001841,0.5555555555555556,0.3115003009637196,Subsample ensemble
S8,real,gaussian_full,xyz_4sigma,19.0,0.8421052631578947,0.7178217821782178,0.3203629553318023,0.2044979482889175,0.1501585715695431,0.8955938220024109,0.3275597095489502,0.2882049977779388,0.0393546894192695,0.8541666666666666,0.4761904761904761,1.0,1.0,0.8421052631578947,0.1578947368421053,0.8421052631578947,0.1578947368421053,0.8333333333333334,0.1666666666666666,0.875,0.125,0.9285714285714286,0.0714285714285714,1.0,0.0,0.0370147057331349,0.8421052631578947,0.8392695557891106,0.5789473684210527,0.1044060964333383,Subsample ensemble
S8,embedding_only,gaussian_full,xyz_4sigma,19.0,0.7894736842105263,0.6062176165803108,0.5023564100265503,0.2922963201999664,0.1462853958732203,0.8659178018569946,0.3700871169567108,0.3324676156044006,0.0376195013523101,0.75,0.6083333333333333,0.8333333333333334,0.7644230769230769,0.7894736842105263,0.2105263157894736,0.7894736842105263,0.2105263157894736,0.8333333333333334,0.1666666666666666,0.875,0.125,0.8571428571428571,0.1428571428571429,0.9,0.0999999999999999,0.1024416479361892,0.7894736842105263,0.6806294878916634,0.5789473684210527,0.1340821918688322,Subsample ensemble
S8,xyz_only,gaussian_full,xyz_4sigma,19.0,0.631578947368421,0.3666666666666667,0.7993416786193848,0.5115424394607544,0.23862896938073,0.7805502414703369,0.5188726186752319,0.4135788977146148,0.1052936241030693,0.738095238095238,0.6191609977324264,0.8095238095238095,0.7328231292517007,0.631578947368421,0.368421052631579,0.631578947368421,0.368421052631579,0.6666666666666666,0.3333333333333333,0.6875,0.3125,0.6428571428571429,0.3571428571428571,0.8,0.1999999999999999,0.1736972804412107,0.631578947368421,0.6330395116644678,0.7894736842105263,0.2194498087230481,Subsample ensemble
S8,embedding_and_xyz,gaussian_full,xyz_4sigma,19.0,0.4210526315789473,0.0,1.052452564239502,0.6544917225837708,0.3905448882203353,0.8115975260734558,0.485435277223587,0.3838813304901123,0.1015539392828941,0.9204545454545454,0.9646464646464648,0.9204545454545454,0.9646464646464648,0.4210526315789473,0.5789473684210527,0.4210526315789473,0.5789473684210527,0.4444444444444444,0.5555555555555556,0.5,0.5,0.5714285714285714,0.4285714285714286,0.8,0.1999999999999999,0.3047012286502266,0.4210526315789473,-0.0,1.0,0.1884025178457561,Subsample ensemble
S9,real,gaussian_full,xyz_4sigma,26.0,0.8076923076923077,0.683698296836983,0.5526551604270935,0.3031499981880188,0.130038355405514,0.8794746398925781,0.3421219289302826,0.3136536180973053,0.0284682828933,0.8761904761904763,0.6385281385281385,0.8857142857142858,0.7176190476190476,0.8076923076923077,0.1923076923076923,0.84,0.16,0.8333333333333334,0.1666666666666666,0.8571428571428571,0.1428571428571429,0.9473684210526316,0.0526315789473684,1.0,0.0,0.0446917976371029,0.8076923076923077,1.023168916030733,0.5384615384615384,0.1205253119652087,Subsample ensemble
S9,embedding_only,gaussian_full,xyz_4sigma,26.0,0.6923076923076923,0.514018691588785,1.0711880922317505,0.4882909059524536,0.1564267186018136,0.8487344980239868,0.4101645052433014,0.3666334450244903,0.0435310527682304,0.8125,0.6070172882672883,0.6805555555555556,0.4655257936507936,0.6923076923076923,0.3076923076923077,0.68,0.3199999999999999,0.7083333333333334,0.2916666666666666,0.8095238095238095,0.1904761904761904,0.7894736842105263,0.2105263157894736,0.9230769230769232,0.0769230769230768,0.1141617848877729,0.6923076923076923,1.0017680654251162,0.5,0.1512655913829803,Subsample ensemble
S9,xyz_only,gaussian_full,xyz_4sigma,26.0,0.8076923076923077,0.6774193548387097,0.5695862174034119,0.2711888551712036,0.1041557284501882,0.8618737459182739,0.4197601675987243,0.3685535192489624,0.0512066446244716,0.9333333333333332,0.7892857142857141,0.9428571428571428,0.7595238095238095,0.8076923076923077,0.1923076923076923,0.84,0.16,0.875,0.125,0.9047619047619048,0.0952380952380952,0.9473684210526316,0.0526315789473684,1.0,0.0,0.0327064382252729,0.8076923076923077,1.0026127029794925,0.5769230769230769,0.1381262242794037,Subsample ensemble
S9,embedding_and_xyz,gaussian_full,xyz_4sigma,26.0,0.7307692307692307,0.5614457831325301,0.9023957848548888,0.3700133562088012,0.1786022782325744,0.8453652262687683,0.4680981636047363,0.4064436256885528,0.061654582619667,0.9323308270676692,0.8242424242424242,0.8872180451127819,0.8278388278388278,0.7307692307692307,0.2692307692307693,0.76,0.24,0.7916666666666666,0.2083333333333333,0.8571428571428571,0.1428571428571429,0.8947368421052632,0.1052631578947368,1.0,0.0,0.0579675996089971,0.7307692307692307,0.9497249735351774,0.5384615384615384,0.1546348837705758,Subsample ensemble
SC1,real,gaussian_full,xyz_4sigma,38.0,0.7105263157894737,0.5495689655172413,1.5529500246047974,0.5098350644111633,0.2369770768441652,0.8405870795249939,0.3664885461330414,0.3182241320610046,0.0482643879950046,0.4646464646464647,0.3084214820084385,0.4747474747474747,0.2894446759836279,0.7105263157894737,0.2894736842105263,0.7027027027027027,0.2972972972972972,0.7142857142857143,0.2857142857142857,0.7096774193548387,0.2903225806451612,0.7407407407407407,0.2592592592592593,0.631578947368421,0.368421052631579,0.2955552298885193,0.7105263157894737,0.97659535348051,0.5789473684210527,0.1594129440031553,Subsample ensemble
SC1,embedding_only,gaussian_full,xyz_4sigma,38.0,0.6052631578947368,0.4031413612565445,1.636518120765686,0.6065990328788757,0.2663180232048034,0.8526106476783752,0.3636659979820251,0.3218588232994079,0.041807185858488,0.536231884057971,0.51817687621372,0.5217391304347826,0.4483728031679862,0.6052631578947368,0.3947368421052631,0.6216216216216216,0.3783783783783784,0.6285714285714286,0.3714285714285714,0.6129032258064516,0.3870967741935484,0.6666666666666666,0.3333333333333333,0.631578947368421,0.368421052631579,0.3558357420118586,0.6052631578947368,1.0601883085368065,0.5263157894736842,0.1473892942855232,Subsample ensemble
SC1,xyz_only,gaussian_full,xyz_4sigma,38.0,0.6842105263157895,0.4722222222222222,1.762557029724121,0.5763205289840698,0.3480153907286493,0.8316627740859985,0.405785858631134,0.326482206583023,0.0793036296963691,0.4775641025641025,0.3957972250035068,0.4615384615384615,0.3073134730603423,0.6842105263157895,0.3157894736842105,0.6756756756756757,0.3243243243243243,0.7142857142857143,0.2857142857142857,0.7096774193548387,0.2903225806451612,0.6666666666666666,0.3333333333333333,0.631578947368421,0.368421052631579,0.3505094651272464,0.6842105263157895,0.7445004066120595,0.7368421052631579,0.1683371867004194,Subsample ensemble
SC1,embedding_and_xyz,gaussian_full,xyz_4sigma,38.0,0.7105263157894737,0.5189873417721519,1.7539821863174438,0.5846715569496155,0.3505616195892033,0.8241286873817444,0.4219104945659637,0.3390974998474121,0.0828129649162292,0.3838383838383838,0.3024906883704241,0.4107744107744108,0.2876653137522703,0.7105263157894737,0.2894736842105263,0.7027027027027027,0.2972972972972972,0.7142857142857143,0.2857142857142857,0.7096774193548387,0.2903225806451612,0.6666666666666666,0.3333333333333333,0.631578947368421,0.368421052631579,0.3539853723773919,0.7105263157894737,0.7873390100049964,0.7368421052631579,0.1758713330093183,Subsample ensemble
SC2,real,gaussian_full,xyz_4sigma,31.0,0.8387096774193549,0.7581903276131046,0.398542046546936,0.251024067401886,0.1427072998016111,0.8000082969665527,0.4978703260421753,0.4742061197757721,0.0236642360687255,0.7923076923076924,0.4282051282051282,0.7538461538461538,0.4638235294117647,0.8387096774193549,0.1612903225806451,0.8333333333333334,0.1666666666666666,0.8928571428571429,0.1071428571428571,0.88,0.12,0.9090909090909092,0.0909090909090909,1.0,0.0,0.0516163115385893,0.8387096774193549,1.1368771720133242,0.4193548387096774,0.1999917395653263,Subsample ensemble
SC2,embedding_only,gaussian_full,xyz_4sigma,31.0,0.9032258064516128,0.8537735849056604,0.2465644031763076,0.1265920549631118,0.1581291402539899,0.8167791962623596,0.4755430221557617,0.4525007009506225,0.0230423025786876,0.9761904761904762,0.8055555555555556,0.8690476190476191,0.3888888888888888,0.9032258064516128,0.0967741935483871,0.9333333333333332,0.0666666666666666,0.9642857142857144,0.0357142857142857,1.0,0.0,1.0,0.0,1.0,0.0,0.0070881795611782,0.9032258064516128,1.0845917163665408,0.3870967741935484,0.1832207575921089,Subsample ensemble
SC2,xyz_only,gaussian_full,xyz_4sigma,31.0,0.6451612903225806,0.4704968944099379,0.9371265769004822,0.5337395668029785,0.2606546080881549,0.8748860955238342,0.4185225069522857,0.3509647250175476,0.0675577670335769,0.8909090909090909,0.7844598583234947,0.9272727272727272,0.870940170940171,0.6451612903225806,0.3548387096774194,0.6666666666666666,0.3333333333333333,0.6785714285714286,0.3214285714285714,0.76,0.24,0.7727272727272727,0.2272727272727273,0.9375,0.0625,0.1085280462612196,0.6451612903225806,0.667431707658747,0.6129032258064516,0.1251139121670876,Subsample ensemble
SC2,embedding_and_xyz,gaussian_full,xyz_4sigma,31.0,0.6451612903225806,0.4737654320987655,0.8460137844085693,0.5008977055549622,0.2761199637766807,0.8678757548332214,0.4381462931632995,0.3630218207836151,0.075124517083168,0.9454545454545454,0.8932224341315251,0.9818181818181818,0.9686586141131596,0.6451612903225806,0.3548387096774194,0.6666666666666666,0.3333333333333333,0.7142857142857143,0.2857142857142857,0.76,0.24,0.8181818181818182,0.1818181818181817,1.0,0.0,0.0897270483700498,0.6451612903225806,0.6884572217893625,0.5483870967741935,0.1321242297849347,Subsample ensemble
SC3,real,gaussian_full,xyz_4sigma,25.0,0.92,0.8466257668711656,0.2491059750318527,0.1290458738803863,0.1302384734153747,0.8404687643051147,0.4661379158496856,0.4441546201705932,0.0219833068549633,0.8913043478260869,0.3666666666666667,0.8913043478260869,0.3666666666666667,0.92,0.0799999999999999,0.9166666666666666,0.0833333333333333,0.9130434782608696,0.0869565217391304,1.0,0.0,1.0,0.0,1.0,0.0,0.0121345379258422,0.92,0.8385696937829805,0.68,0.1595312547683715,Subsample ensemble
SC3,embedding_only,gaussian_full,xyz_4sigma,25.0,0.84,0.7067448680351907,0.5779298543930054,0.2755748033523559,0.142367296218872,0.766837477684021,0.6196691989898682,0.5745946764945984,0.0450745187699794,0.6785714285714286,0.3029761904761904,0.5833333333333333,0.4268115942028985,0.84,0.16,0.8333333333333334,0.1666666666666666,0.8260869565217391,0.1739130434782608,0.85,0.15,0.9444444444444444,0.0555555555555555,0.9230769230769232,0.0769230769230768,0.0884917175031187,0.84,0.9286244108693272,0.6,0.2331625628471374,Subsample ensemble
SC3,xyz_only,gaussian_full,xyz_4sigma,25.0,0.6,0.0,1.3990468978881836,0.6187724471092224,0.3060153865814209,0.906015396118164,0.2380225509405136,0.215863436460495,0.0221590921282768,0.9933333333333334,0.9909090909090909,0.9533333333333334,0.9464285714285714,0.6,0.4,0.625,0.375,0.6521739130434783,0.3478260869565217,0.75,0.25,0.8333333333333334,0.1666666666666666,1.0,0.0,0.0960291559519584,0.6,-0.0,1.0,0.0939846038818359,Subsample ensemble
SC3,embedding_and_xyz,gaussian_full,xyz_4sigma,25.0,0.6,0.0,1.5501753091812134,0.6234508156776428,0.3100037360191345,0.9100037217140198,0.2291438281536102,0.2061818242073059,0.0229619909077882,0.9866666666666668,0.9833333333333332,0.9266666666666667,0.9267857142857144,0.6,0.4,0.625,0.375,0.6521739130434783,0.3478260869565217,0.75,0.25,0.8333333333333334,0.1666666666666666,1.0,0.0,0.0988862988091013,0.6,-0.0,1.0,0.089996268749237,Subsample ensemble
SG1,real,gaussian_full,xyz_4sigma,19.0,1.0,1.0,0.1417799443006515,0.0586320646107196,0.11582140546096,0.884178638458252,0.3378492593765259,0.3200708925724029,0.017778405919671,,,,,1.0,0.0,1.0,0.0,1.0,0.0,1.0,0.0,1.0,0.0,1.0,0.0,0.0,1.0,0.8392695557891106,0.5789473684210527,0.1158213364450555,Subsample ensemble
SG1,embedding_only,gaussian_full,xyz_4sigma,19.0,0.8947368421052632,0.8109452736318408,0.2457712590694427,0.1152485013008117,0.1797520141852529,0.8166706562042236,0.5021856427192688,0.477979451417923,0.0242061112076044,1.0,1.0,1.0,1.0,0.8947368421052632,0.1052631578947368,0.8947368421052632,0.1052631578947368,0.9444444444444444,0.0555555555555555,1.0,0.0,1.0,0.0,1.0,0.0,0.0056940597106802,0.8947368421052632,1.0156378226755116,0.5263157894736842,0.183329375166642,Subsample ensemble
SG1,xyz_only,gaussian_full,xyz_4sigma,19.0,0.5789473684210527,0.0,1.1837263107299805,0.63299959897995,0.3229935671153821,0.9019410014152528,0.2733140289783478,0.2652630805969238,0.0080509530380368,1.0,1.0,1.0,1.0,0.5789473684210527,0.4210526315789473,0.5789473684210527,0.4210526315789473,0.6111111111111112,0.3888888888888888,0.6875,0.3125,0.7857142857142857,0.2142857142857143,1.0,0.0,0.1043678025937273,0.5789473684210527,-0.0,1.0,0.0980590174072667,Subsample ensemble
SG1,embedding_and_xyz,gaussian_full,xyz_4sigma,19.0,0.5789473684210527,0.1783783783783783,1.048980712890625,0.5739074349403381,0.2859878665522525,0.8649352192878723,0.340813398361206,0.3325532972812652,0.008260078728199,1.0,1.0,1.0,1.0,0.5789473684210527,0.4210526315789473,0.5789473684210527,0.4210526315789473,0.6111111111111112,0.3888888888888888,0.6875,0.3125,0.7857142857142857,0.2142857142857143,1.0,0.0,0.1043678025937273,0.5789473684210527,0.4361623253853443,0.8421052631578947,0.1350648152200799,Subsample ensemble
SG2,real,gaussian_full,xyz_4sigma,19.0,0.7894736842105263,0.638095238095238,0.5254269242286682,0.3056075870990753,0.2057010845134133,0.9096477627754213,0.252094954252243,0.2452281713485717,0.0068667498417198,0.9,0.6916666666666667,0.8833333333333334,0.5666666666666667,0.7894736842105263,0.2105263157894736,0.7894736842105263,0.2105263157894736,0.8333333333333334,0.1666666666666666,0.8125,0.1875,0.9285714285714286,0.0714285714285714,1.0,0.0,0.0442453851346632,0.7894736842105263,0.8392695557891106,0.5789473684210527,0.0903521650715878,Subsample ensemble
SG2,embedding_only,gaussian_full,xyz_4sigma,19.0,0.7368421052631579,0.5388349514563107,0.6021220684051514,0.3613868355751037,0.1867662605486418,0.8922178149223328,0.3105563819408417,0.295122742652893,0.0154336374253034,0.9714285714285714,0.9266666666666664,0.942857142857143,0.8761904761904762,0.7368421052631579,0.2631578947368421,0.7368421052631579,0.2631578947368421,0.7777777777777778,0.2222222222222222,0.875,0.125,0.9285714285714286,0.0714285714285714,1.0,0.0,0.0452649296098864,0.7368421052631579,0.6806294878916634,0.5789473684210527,0.1077821223359359,Subsample ensemble
SG2,xyz_only,gaussian_full,xyz_4sigma,19.0,0.4736842105263157,0.0,1.7115209102630615,0.7709188461303711,0.3910257157526517,0.8647099733352661,0.3365080952644348,0.3008058667182922,0.0357022248208522,1.0,1.0,1.0,1.0,0.4736842105263157,0.5263157894736843,0.4736842105263157,0.5263157894736843,0.5,0.5,0.5625,0.4375,0.6428571428571429,0.3571428571428571,0.9,0.0999999999999999,0.171994709299174,0.4736842105263157,-0.0,1.0,0.1352900768581189,Subsample ensemble
SG2,embedding_and_xyz,gaussian_full,xyz_4sigma,19.0,0.4736842105263157,0.0452261306532663,1.7448716163635254,0.7578361630439758,0.3882775526297719,0.8619617819786072,0.3416941463947296,0.3045287728309631,0.037165343761444,1.0,1.0,1.0,1.0,0.4736842105263157,0.5263157894736843,0.4736842105263157,0.5263157894736843,0.5,0.5,0.5625,0.4375,0.6428571428571429,0.3571428571428571,0.9,0.0999999999999999,0.171994709299174,0.4736842105263157,0.2061920506332318,0.9473684210526316,0.1380382462551719,Subsample ensemble
SG3,real,gaussian_full,xyz_4sigma,19.0,0.8947368421052632,0.7912087912087913,0.319188505411148,0.1789177656173706,0.1303213019120065,0.918423593044281,0.2549100518226623,0.2462104260921478,0.0086996266618371,0.8529411764705882,0.4166666666666666,0.8823529411764706,0.6666666666666666,0.8947368421052632,0.1052631578947368,0.8947368421052632,0.1052631578947368,0.8888888888888888,0.1111111111111111,0.9375,0.0625,0.9285714285714286,0.0714285714285714,1.0,0.0,0.0222716556613411,0.8947368421052632,0.8392695557891106,0.5789473684210527,0.081576406955719,Subsample ensemble
SG3,embedding_only,gaussian_full,xyz_4sigma,19.0,0.8947368421052632,0.7912087912087913,0.4657647907733917,0.2336388081312179,0.1622138023376464,0.8901854157447815,0.3189152777194977,0.3053058385848999,0.0136094549670815,0.5882352941176471,0.1742424242424242,0.6176470588235294,0.1909090909090909,0.8947368421052632,0.1052631578947368,0.8947368421052632,0.1052631578947368,0.8888888888888888,0.1111111111111111,0.875,0.125,0.8571428571428571,0.1428571428571429,0.9,0.0999999999999999,0.0602556230183735,0.8947368421052632,0.8392695557891106,0.5789473684210527,0.1098146156260841,Subsample ensemble
SG3,xyz_only,gaussian_full,xyz_4sigma,19.0,0.6842105263157895,0.1023622047244094,0.7113732695579529,0.3962330818176269,0.1931767557796678,0.8693777322769165,0.303654283285141,0.2880497574806213,0.0156045258045196,1.0,1.0,1.0,1.0,0.6842105263157895,0.3157894736842105,0.6842105263157895,0.3157894736842105,0.7222222222222222,0.2777777777777778,0.8125,0.1875,0.9285714285714286,0.0714285714285714,1.0,0.0,0.0559593966857287,0.6842105263157895,0.2061920506332318,0.9473684210526316,0.1306221861588327,Subsample ensemble
SG3,embedding_and_xyz,gaussian_full,xyz_4sigma,19.0,0.6842105263157895,0.2549019607843137,0.7212992906570435,0.3906509578227997,0.1924844744958375,0.8619766235351562,0.3254848420619964,0.3087200820446014,0.0167647842317819,1.0,1.0,1.0,1.0,0.6842105263157895,0.3157894736842105,0.6842105263157895,0.3157894736842105,0.7222222222222222,0.2777777777777778,0.8125,0.1875,0.9285714285714286,0.0714285714285714,1.0,0.0,0.0559593966857287,0.6842105263157895,0.4361623253853443,0.8421052631578947,0.1380233356827183,Subsample ensemble
SG4,real,gaussian_full,xyz_4sigma,19.0,0.8947368421052632,0.8,0.3673712015151977,0.1874692887067794,0.1451690761666549,0.8733882904052734,0.3755322396755218,0.3593485653400421,0.0161836836487054,0.8235294117647058,0.3928571428571428,0.8235294117647058,0.625,0.8947368421052632,0.1052631578947368,0.8947368421052632,0.1052631578947368,0.8888888888888888,0.1111111111111111,0.9375,0.0625,0.9285714285714286,0.0714285714285714,1.0,0.0,0.0263202386572925,0.8947368421052632,0.9174021803627408,0.5789473684210527,0.1266116970463802,Subsample ensemble
SG4,embedding_only,gaussian_full,xyz_4sigma,19.0,0.7368421052631579,0.5388349514563107,0.6929394006729126,0.3792835772037506,0.2638069940240759,0.8250967860221863,0.4872651398181915,0.4641588628292084,0.0231062714010477,0.7857142857142858,0.6058333333333333,0.6428571428571429,0.4975,0.7368421052631579,0.2631578947368421,0.7368421052631579,0.2631578947368421,0.7222222222222222,0.2777777777777778,0.8125,0.1875,0.9285714285714286,0.0714285714285714,0.9,0.0999999999999999,0.1254585878608202,0.7368421052631579,0.8628578006373905,0.4736842105263157,0.1749032453486794,Subsample ensemble
SG4,xyz_only,gaussian_full,xyz_4sigma,19.0,0.6842105263157895,0.1857142857142857,0.6885097622871399,0.3658597469329834,0.1816163345387107,0.8586497902870178,0.3119085133075714,0.28814697265625,0.0237615518271923,1.0,1.0,1.0,1.0,0.6842105263157895,0.3157894736842105,0.6842105263157895,0.3157894736842105,0.7222222222222222,0.2777777777777778,0.8125,0.1875,0.9285714285714286,0.0714285714285714,1.0,0.0,0.0559593966857287,0.6842105263157895,0.336495757583516,0.8947368421052632,0.1413501720679433,Subsample ensemble
SG4,embedding_and_xyz,gaussian_full,xyz_4sigma,19.0,0.6842105263157895,0.3132530120481928,0.7583497762680054,0.3621648550033569,0.1853262782096862,0.8567162752151489,0.3296177089214325,0.2970210909843445,0.0325966104865074,1.0,1.0,1.0,1.0,0.6842105263157895,0.3157894736842105,0.6842105263157895,0.3157894736842105,0.7222222222222222,0.2777777777777778,0.8125,0.1875,0.9285714285714286,0.0714285714285714,1.0,0.0,0.0559593966857287,0.6842105263157895,0.5146531654289292,0.7894736842105263,0.1432837122365048,Subsample ensemble
SP1,real,gaussian_full,xyz_4sigma,6.0,1.0,1.0,0.0785932838916778,0.0197780802845954,0.0727216800053914,0.9272782802581788,0.243843674659729,0.234315276145935,0.0095284022390842,,,,,1.0,0.0,1.0,0.0,1.0,0.0,1.0,0.0,1.0,0.0,1.0,0.0,0.0,1.0,0.4505612088663046,0.8333333333333334,0.0727216899394989,Subsample ensemble
SP1,embedding_only,gaussian_full,xyz_4sigma,6.0,1.0,1.0,0.1396795362234115,0.0615745671093463,0.1181606650352477,0.8818392753601074,0.3204869925975799,0.306413471698761,0.0140735320746898,,,,,1.0,0.0,1.0,0.0,1.0,0.0,1.0,0.0,1.0,0.0,1.0,0.0,0.0,1.0,0.4505612088663046,0.8333333333333334,0.1181606948375701,Subsample ensemble
SP1,xyz_only,gaussian_full,xyz_4sigma,6.0,0.6666666666666666,0.4,0.7655628323554993,0.5122788548469543,0.3696901500225067,0.5133470296859741,0.8685601353645325,0.8202835917472839,0.0482766032218933,0.125,0.2916666666666666,0.25,0.325,0.6666666666666666,0.3333333333333333,0.6666666666666666,0.3333333333333333,0.6666666666666666,0.3333333333333333,0.6,0.4,0.6,0.4,0.3333333333333333,0.6666666666666667,0.4555555555555556,0.6666666666666666,1.0114042647073518,0.5,0.4866529603799184,Subsample ensemble
SP1,embedding_and_xyz,gaussian_full,xyz_4sigma,6.0,0.3333333333333333,0.0769230769230768,0.9628316760063172,0.6684706807136536,0.536610056956609,0.5324628949165344,0.8628909587860107,0.8070356845855713,0.055855244398117,0.375,0.7333333333333333,0.25,0.6916666666666667,0.3333333333333333,0.6666666666666667,0.3333333333333333,0.6666666666666667,0.3333333333333333,0.6666666666666667,0.4,0.6,0.4,0.6,0.3333333333333333,0.6666666666666667,0.6416666666666667,0.3333333333333333,0.6365141682948128,0.6666666666666666,0.4675370554129283,Subsample ensemble
SP2,real,gaussian_full,xyz_4sigma,6.0,1.0,1.0,0.1089913919568061,0.0530091486871242,0.0906053086121876,0.9093947410583496,0.2328713983297348,0.2236043214797973,0.0092670479789376,,,,,1.0,0.0,1.0,0.0,1.0,0.0,1.0,0.0,1.0,0.0,1.0,0.0,0.0,1.0,0.6365141682948128,0.6666666666666666,0.0906053185462951,Subsample ensemble
SP2,embedding_only,gaussian_full,xyz_4sigma,6.0,0.8333333333333334,0.5714285714285714,0.4401421248912811,0.3162591159343719,0.2257617612679799,0.892751157283783,0.2358100861310959,0.2320911735296249,0.0037188979331403,0.8,0.5,0.8,0.5,0.8333333333333334,0.1666666666666666,0.8333333333333334,0.1666666666666666,0.8333333333333334,0.1666666666666666,0.8,0.1999999999999999,0.8,0.1999999999999999,1.0,0.0,0.0472222222222222,0.8333333333333334,0.4505612088663046,0.8333333333333334,0.1072488526503245,Subsample ensemble
SP2,xyz_only,gaussian_full,xyz_4sigma,6.0,0.6666666666666666,0.3333333333333333,0.5917780995368958,0.3366420269012451,0.3740094204743703,0.570984423160553,0.8568931221961975,0.7753839492797852,0.0815092027187347,0.75,0.75,0.875,0.8333333333333333,0.6666666666666666,0.3333333333333333,0.6666666666666666,0.3333333333333333,0.6666666666666666,0.3333333333333333,0.8,0.1999999999999999,0.8,0.1999999999999999,0.6666666666666666,0.3333333333333333,0.1583333333333333,0.6666666666666666,0.8675632284814612,0.6666666666666666,0.4290156165758769,Subsample ensemble
SP2,embedding_and_xyz,gaussian_full,xyz_4sigma,6.0,0.6666666666666666,0.0,0.7464231848716736,0.4040224552154541,0.3197175165017445,0.6386345028877258,0.7858054637908936,0.720329761505127,0.0654757022857666,1.0,1.0,0.75,0.5833333333333333,0.6666666666666666,0.3333333333333333,0.6666666666666666,0.3333333333333333,0.6666666666666666,0.3333333333333333,0.8,0.1999999999999999,0.8,0.1999999999999999,1.0,0.0,0.0611111111111111,0.6666666666666666,-0.0,1.0,0.3613654573758443,Subsample ensemble
SP3,real,gaussian_full,xyz_4sigma,6.0,0.8333333333333334,0.0,0.3412726819515228,0.2096338868141174,0.2239802678426107,0.8473512530326843,0.4607529640197754,0.4390420913696289,0.0217108894139528,1.0,1.0,0.6,0.3333333333333333,0.8333333333333334,0.1666666666666666,0.8333333333333334,0.1666666666666666,0.8333333333333334,0.1666666666666666,1.0,0.0,1.0,0.0,1.0,0.0,0.0138888888888888,0.8333333333333334,0.4505612088663046,0.8333333333333334,0.1526487270991007,Subsample ensemble
SP3,embedding_only,gaussian_full,xyz_4sigma,6.0,0.8333333333333334,0.0,0.1594040393829345,0.0908630713820457,0.12128513554732,0.8780925273895264,0.2853085696697235,0.2786444127559662,0.0066641555167734,1.0,1.0,1.0,1.0,0.8333333333333334,0.1666666666666666,0.8333333333333334,0.1666666666666666,0.8333333333333334,0.1666666666666666,1.0,0.0,1.0,0.0,1.0,0.0,0.0138888888888888,0.8333333333333334,0.4505612088663046,0.8333333333333334,0.1219074527422587,Subsample ensemble
SP3,xyz_only,gaussian_full,xyz_4sigma,6.0,0.0,0.0,1.159919261932373,0.8089743256568909,0.5611028373241425,0.5611028075218201,0.8659961819648743,0.7802760004997253,0.085720270872116,,,,,0.0,1.0,0.0,1.0,0.0,1.0,0.0,1.0,0.0,1.0,0.0,1.0,0.8333333333333334,0.0,-0.0,1.0,0.438897172609965,Subsample ensemble
SP3,embedding_and_xyz,gaussian_full,xyz_4sigma,6.0,0.5,0.0,0.7589409351348877,0.489450067281723,0.0986077636480331,0.5343021750450134,0.8814277052879333,0.7959386706352234,0.0854890570044517,0.3333333333333333,0.6333333333333333,0.888888888888889,0.9166666666666664,0.5,0.5,0.5,0.5,0.5,0.5,0.6,0.4,0.6,0.4,0.3333333333333333,0.6666666666666667,0.5527777777777778,0.5,0.6931471805599453,0.5,0.4656978746255238,Subsample ensemble
T1,real,gaussian_full,xyz_4sigma,13.0,0.9230769230769232,0.8673469387755102,0.155385285615921,0.0757762119174003,0.1168039899605971,0.8849294185638428,0.3238023221492767,0.3112780153751373,0.0125243198126554,1.0,1.0,1.0,1.0,0.9230769230769232,0.0769230769230768,0.9230769230769232,0.0769230769230768,1.0,0.0,1.0,0.0,1.0,0.0,1.0,0.0,0.0029585798816568,0.9230769230769232,0.8981370031878679,0.5384615384615384,0.1150706502107473,Subsample ensemble
T1,embedding_only,gaussian_full,xyz_4sigma,13.0,0.7692307692307693,0.606060606060606,0.4256643652915954,0.2371067851781845,0.237339253608997,0.7563734650611877,0.6038523316383362,0.5571818351745605,0.0466704554855823,0.9666666666666668,0.9166666666666664,0.7666666666666666,0.4444444444444445,0.7692307692307693,0.2307692307692307,0.7692307692307693,0.2307692307692307,0.8333333333333334,0.1666666666666666,0.9090909090909092,0.0909090909090909,0.9,0.0999999999999999,1.0,0.0,0.0363815671507979,0.7692307692307693,0.6901856760188042,0.5384615384615384,0.2436265120139489,Subsample ensemble
T1,xyz_only,gaussian_full,xyz_4sigma,13.0,0.7692307692307693,0.5806451612903226,0.695645272731781,0.3074479699134826,0.2368577718734741,0.7331368923187256,0.6990684866905212,0.5250676870346069,0.1740008443593979,1.0,1.0,0.8333333333333333,0.7916666666666666,0.7692307692307693,0.2307692307692307,0.7692307692307693,0.2307692307692307,0.8333333333333334,0.1666666666666666,0.9090909090909092,0.0909090909090909,1.0,0.0,1.0,0.0,0.0286892594584902,0.7692307692307693,0.666278442414676,0.6153846153846154,0.2668631214361924,Subsample ensemble
T1,embedding_and_xyz,gaussian_full,xyz_4sigma,13.0,0.7692307692307693,0.5806451612903226,0.8162109851837158,0.3460116684436798,0.2984501306827252,0.7099853157997131,0.7008516788482666,0.5370582342147827,0.163793459534645,0.8999999999999999,0.8333333333333333,0.9333333333333332,0.8666666666666667,0.7692307692307693,0.2307692307692307,0.7692307692307693,0.2307692307692307,0.8333333333333334,0.1666666666666666,0.9090909090909092,0.0909090909090909,0.9,0.0999999999999999,1.0,0.0,0.054543960313191,0.7692307692307693,0.666278442414676,0.6153846153846154,0.2900147300500136,Subsample ensemble
T13,real,gaussian_full,xyz_4sigma,13.0,0.8461538461538461,0.7291666666666667,0.3232870101928711,0.1851113736629486,0.1107813211587759,0.8144358992576599,0.4938418567180633,0.3979932963848114,0.0958485975861549,0.7727272727272727,0.4166666666666666,0.5,0.2083333333333333,0.8461538461538461,0.1538461538461538,0.8461538461538461,0.1538461538461538,0.8333333333333334,0.1666666666666666,0.9090909090909092,0.0909090909090909,0.9,0.0999999999999999,1.0,0.0,0.0515853804315342,0.8461538461538461,0.9110175397125628,0.4615384615384615,0.185564086987422,Subsample ensemble
T13,embedding_only,gaussian_full,xyz_4sigma,13.0,0.5384615384615384,0.2844036697247707,1.1382073163986206,0.661243200302124,0.3692934994514172,0.7423169016838074,0.5926975011825562,0.5357733368873596,0.0569241791963577,0.5714285714285714,0.548941798941799,0.5714285714285714,0.6001683501683501,0.5384615384615384,0.4615384615384615,0.5384615384615384,0.4615384615384615,0.5,0.5,0.5454545454545454,0.4545454545454546,0.6,0.4,0.5714285714285714,0.4285714285714286,0.3673074788459403,0.5384615384615384,0.7902679680745903,0.6923076923076923,0.2576831120711106,Subsample ensemble
T13,xyz_only,gaussian_full,xyz_4sigma,13.0,0.3076923076923077,0.193103448275862,1.514825701713562,0.9750159382820128,0.4828084409236909,0.7481865286827087,0.6861425638198853,0.601597249507904,0.0845453068614006,0.5555555555555556,0.8198523698523699,0.8055555555555556,0.9170113836780504,0.3076923076923077,0.6923076923076923,0.3076923076923077,0.6923076923076923,0.3333333333333333,0.6666666666666667,0.3636363636363636,0.6363636363636364,0.4,0.6,0.4285714285714285,0.5714285714285714,0.6637650810727733,0.3076923076923077,0.9110175397125628,0.4615384615384615,0.2518134162976191,Subsample ensemble
T13,embedding_and_xyz,gaussian_full,xyz_4sigma,13.0,0.1538461538461538,0.0653594771241831,2.7217533588409424,1.2619322538375854,0.6693382950929495,0.7670065760612488,0.5668917894363403,0.5224121809005737,0.0444796159863472,0.5454545454545454,0.9118010777101686,0.5909090909090908,0.9247880906971816,0.1538461538461538,0.8461538461538461,0.1538461538461538,0.8461538461538461,0.1666666666666666,0.8333333333333334,0.1818181818181818,0.8181818181818181,0.2,0.8,0.1428571428571428,0.8571428571428572,0.7994496956035417,0.1538461538461538,1.0579054247036734,0.4615384615384615,0.2329934239387512,Subsample ensemble
T14,real,gaussian_full,xyz_4sigma,13.0,0.9230769230769232,0.865979381443299,0.1388035863637924,0.071078211069107,0.1074652396715604,0.9092658758163452,0.2889502644538879,0.2777145504951477,0.0112356794998049,1.0,1.0,1.0,1.0,0.9230769230769232,0.0769230769230768,0.9230769230769232,0.0769230769230768,1.0,0.0,1.0,0.0,1.0,0.0,1.0,0.0,0.0029585798816568,0.9230769230769232,0.9839614460010256,0.5384615384615384,0.09073406457901,Subsample ensemble
T14,embedding_only,gaussian_full,xyz_4sigma,13.0,0.6923076923076923,0.5094339622641508,0.9124369025230408,0.4682223498821258,0.2166875784213726,0.7630885243415833,0.5951744318008423,0.5599960088729858,0.0351784378290176,0.5555555555555556,0.3784090909090909,0.7222222222222223,0.6416666666666666,0.6923076923076923,0.3076923076923077,0.6923076923076923,0.3076923076923077,0.6666666666666666,0.3333333333333333,0.6363636363636364,0.3636363636363636,0.6,0.4,0.8571428571428571,0.1428571428571429,0.2251543328466405,0.6923076923076923,0.8981370031878679,0.5384615384615384,0.2369114022988539,Subsample ensemble
T14,xyz_only,gaussian_full,xyz_4sigma,13.0,0.3076923076923077,0.1986301369863012,0.916279137134552,0.630560576915741,0.4355055024990669,0.6067261099815369,0.8754307627677917,0.7091836333274841,0.1662470400333404,0.6944444444444444,0.8114558281224948,0.75,0.8592953342953344,0.3076923076923077,0.6923076923076923,0.3076923076923077,0.6923076923076923,0.3333333333333333,0.6666666666666667,0.2727272727272727,0.7272727272727273,0.3,0.7,0.4285714285714285,0.5714285714285714,0.4797324470401393,0.3076923076923077,1.2202821662722372,0.3846153846153846,0.3932738808485178,Subsample ensemble
T14,embedding_and_xyz,gaussian_full,xyz_4sigma,13.0,0.1538461538461538,0.0891719745222929,2.0510237216949463,1.1483995914459229,0.65798403437321,0.7269200682640076,0.7317310571670532,0.625116765499115,0.1066143438220024,0.6363636363636364,0.9328688987779898,0.9545454545454546,0.9924242424242424,0.1538461538461538,0.8461538461538461,0.1538461538461538,0.8461538461538461,0.1666666666666666,0.8333333333333334,0.1818181818181818,0.8181818181818181,0.2,0.8,0.2857142857142857,0.7142857142857143,0.7692299153837614,0.1538461538461538,1.0579054247036734,0.4615384615384615,0.2730799684157738,Subsample ensemble
T15,real,gaussian_full,xyz_4sigma,13.0,0.6923076923076923,0.5,0.5173816084861755,0.3481003046035766,0.2426273455986609,0.8415085077285767,0.3928174674510956,0.3663172125816345,0.026500292122364,0.9444444444444444,0.8875,0.9166666666666666,0.8041666666666667,0.6923076923076923,0.3076923076923077,0.6923076923076923,0.3076923076923077,0.75,0.25,0.8181818181818182,0.1818181818181817,0.8,0.1999999999999999,1.0,0.0,0.0689827266750343,0.6923076923076923,0.6901856760188042,0.5384615384615384,0.1584915472910954,Subsample ensemble
T15,embedding_only,gaussian_full,xyz_4sigma,13.0,0.8461538461538461,0.7592592592592592,0.3330220580101013,0.1971556991338729,0.1086223400556124,0.7948649525642395,0.5046921968460083,0.4697233438491821,0.0349688082933425,0.7727272727272727,0.3666666666666667,0.9090909090909092,0.75,0.8461538461538461,0.1538461538461538,0.8461538461538461,0.1538461538461538,0.8333333333333334,0.1666666666666666,0.8181818181818182,0.1818181818181817,0.9,0.0999999999999999,1.0,0.0,0.0489630028091566,0.8461538461538461,1.0123308391031731,0.4615384615384615,0.2051350657756512,Subsample ensemble
T15,xyz_only,gaussian_full,xyz_4sigma,13.0,0.6923076923076923,0.5272727272727273,0.9958013892173768,0.5513514876365662,0.3976020033542926,0.7707535028457642,0.5058861374855042,0.475688636302948,0.0301975030452013,0.5833333333333334,0.3779761904761904,0.5555555555555556,0.3654761904761904,0.6923076923076923,0.3076923076923077,0.6923076923076923,0.3076923076923077,0.6666666666666666,0.3333333333333333,0.6363636363636364,0.3636363636363636,0.6,0.4,0.7142857142857143,0.2857142857142857,0.1855023181946259,0.6923076923076923,0.7902679680745903,0.6923076923076923,0.2292464696443998,Subsample ensemble
T15,embedding_and_xyz,gaussian_full,xyz_4sigma,13.0,0.6923076923076923,0.5357142857142858,0.7752500176429749,0.4666288197040558,0.2695374397131113,0.8313553333282471,0.4486322999000549,0.4207139611244201,0.0279183853417634,0.638888888888889,0.4404761904761904,0.638888888888889,0.4404761904761904,0.6923076923076923,0.3076923076923077,0.6923076923076923,0.3076923076923077,0.6666666666666666,0.3333333333333333,0.7272727272727273,0.2727272727272727,0.7,0.3,0.7142857142857143,0.2857142857142857,0.1708170035093112,0.6923076923076923,0.8587409130062869,0.6153846153846154,0.1686447171064523,Subsample ensemble
T16,real,gaussian_full,xyz_4sigma,13.0,0.6153846153846154,0.3809523809523809,0.6701043844223022,0.4243172109127044,0.2847184584690975,0.8352934718132019,0.4077441096305847,0.3896312415599823,0.0181129556149244,0.925,0.925,0.95,0.9428571428571428,0.6153846153846154,0.3846153846153846,0.6153846153846154,0.3846153846153846,0.6666666666666666,0.3333333333333333,0.7272727272727273,0.2727272727272727,0.8,0.1999999999999999,0.8571428571428571,0.1428571428571429,0.1187694783848629,0.6153846153846154,1.0579054247036734,0.4615384615384615,0.1647065648665795,Subsample ensemble
T16,embedding_only,gaussian_full,xyz_4sigma,13.0,0.6923076923076923,0.4851485148514852,0.8589511513710022,0.4901328384876251,0.229812924678509,0.8484466075897217,0.3973102271556854,0.3778132200241089,0.0194969214498996,0.7777777777777778,0.7361111111111112,0.7777777777777778,0.7361111111111112,0.6923076923076923,0.3076923076923077,0.6923076923076923,0.3076923076923077,0.75,0.25,0.8181818181818182,0.1818181818181817,0.8,0.1999999999999999,0.8571428571428571,0.1428571428571429,0.1359546436469513,0.6923076923076923,1.0123308391031731,0.4615384615384615,0.1515534061651963,Subsample ensemble
T16,xyz_only,gaussian_full,xyz_4sigma,13.0,0.6153846153846154,0.2696629213483147,0.9149852991104126,0.4563043415546417,0.2293700529978825,0.8112102746963501,0.4467204809188843,0.4065236747264862,0.0401967950165271,1.0,1.0,1.0,1.0,0.6153846153846154,0.3846153846153846,0.6153846153846154,0.3846153846153846,0.6666666666666666,0.3333333333333333,0.7272727272727273,0.2727272727272727,0.8,0.1999999999999999,1.0,0.0,0.0853445699599545,0.6153846153846154,0.5402041423888608,0.7692307692307693,0.1887896932088411,Subsample ensemble
T16,embedding_and_xyz,gaussian_full,xyz_4sigma,13.0,0.6923076923076923,0.4851485148514852,0.8607801198959351,0.4186733663082123,0.2274826673360971,0.8141670227050781,0.4661239087581634,0.4200053513050079,0.0461185574531555,0.9166666666666666,0.8041666666666667,0.9722222222222222,0.95,0.6923076923076923,0.3076923076923077,0.6923076923076923,0.3076923076923077,0.75,0.25,0.7272727272727273,0.2727272727272727,0.8,0.1999999999999999,1.0,0.0,0.0759757336680413,0.6923076923076923,0.8587409130062869,0.6153846153846154,0.1858328810104957,Subsample ensemble
T17,real,gaussian_full,xyz_4sigma,9.0,0.5555555555555556,0.1818181818181818,0.8805881142616272,0.6187097430229187,0.3628918859693739,0.8061873912811279,0.4617520868778229,0.4081411957740783,0.0536109209060668,0.6,0.5428571428571429,0.8,0.6791666666666667,0.5555555555555556,0.4444444444444444,0.5555555555555556,0.4444444444444444,0.5555555555555556,0.4444444444444444,0.5,0.5,0.5714285714285714,0.4285714285714286,0.6,0.4,0.2926807760141093,0.5555555555555556,0.3488320958430319,0.8888888888888888,0.193812542491489,Subsample ensemble
T17,embedding_only,gaussian_full,xyz_4sigma,9.0,1.0,1.0,0.2542166709899902,0.1225952804088592,0.2085959911346435,0.7914040088653564,0.511474609375,0.4839748740196228,0.027499783784151,,,,,1.0,0.0,1.0,0.0,1.0,0.0,1.0,0.0,1.0,0.0,1.0,0.0,0.0,1.0,0.6869615765973234,0.5555555555555556,0.2085959911346435,Subsample ensemble
T17,xyz_only,gaussian_full,xyz_4sigma,9.0,0.7777777777777778,0.5714285714285714,0.4411717057228088,0.2594093978404999,0.1879785524474249,0.704177737236023,0.7054125070571899,0.5707039833068848,0.1347084790468216,0.5714285714285714,0.325,0.8571428571428572,0.5833333333333333,0.7777777777777778,0.2222222222222222,0.7777777777777778,0.2222222222222222,0.7777777777777778,0.2222222222222222,0.75,0.25,0.7142857142857143,0.2857142857142857,0.8,0.1999999999999999,0.1311287477954144,0.7777777777777778,0.6365141682948128,0.6666666666666666,0.2958222495185004,Subsample ensemble
T17,embedding_and_xyz,gaussian_full,xyz_4sigma,9.0,1.0,1.0,0.2551155984401703,0.0974008738994598,0.2181444697909884,0.7818555235862732,0.6548073291778564,0.5754124522209167,0.0793949216604232,,,,,1.0,0.0,1.0,0.0,1.0,0.0,1.0,0.0,1.0,0.0,1.0,0.0,0.0,1.0,0.6869615765973234,0.5555555555555556,0.2181444499227735,Subsample ensemble
T18,real,gaussian_full,xyz_4sigma,8.0,1.0,,0.1308356672525406,0.0343959480524063,0.1204205006361007,0.879579484462738,0.385847806930542,0.3506481647491455,0.0351996310055255,,,,,1.0,0.0,1.0,0.0,1.0,0.0,1.0,0.0,1.0,0.0,1.0,0.0,0.0,1.0,-0.0,1.0,0.1204205155372619,Subsample ensemble
T18,embedding_only,gaussian_full,xyz_4sigma,8.0,0.5,0.0,0.7415670156478882,0.5195416808128357,0.3530484810471535,0.6770247220993042,0.7182621359825134,0.6670046448707581,0.0512574911117553,0.5625,0.5666666666666667,0.875,0.9166666666666666,0.5,0.5,0.5,0.5,0.5,0.5,0.4285714285714285,0.5714285714285714,0.5,0.5,0.5,0.5,0.3443452380952381,0.5,0.9743147528693494,0.5,0.3229752331972122,Subsample ensemble
T18,xyz_only,gaussian_full,xyz_4sigma,8.0,0.875,0.0,0.3977676033973694,0.2135466486215591,0.3150844126939773,0.6855635643005371,0.7218760251998901,0.5640674829483032,0.1578084826469421,0.7142857142857143,0.3333333333333333,0.4285714285714286,0.2,0.875,0.125,0.875,0.125,0.875,0.125,0.8571428571428571,0.1428571428571429,0.8333333333333334,0.1666666666666666,1.0,0.0,0.0465029761904761,0.875,0.3767701612564367,0.875,0.3144364282488823,Subsample ensemble
T18,embedding_and_xyz,gaussian_full,xyz_4sigma,8.0,0.5,0.0,1.1924474239349363,0.7346179485321045,0.2719088047742843,0.6380597949028015,0.917397439479828,0.8178985118865967,0.0994988903403282,0.375,0.5238095238095237,0.5,0.7321428571428572,0.5,0.5,0.5,0.5,0.5,0.5,0.4285714285714285,0.5714285714285714,0.5,0.5,0.5,0.5,0.5485119047619048,0.5,0.6931471805599453,0.5,0.3619401901960373,Subsample ensemble
T19,real,gaussian_full,xyz_4sigma,13.0,1.0,1.0,0.2061534076929092,0.0766322091221809,0.180008209668673,0.8199917674064636,0.5118695497512817,0.4781566262245178,0.0337129682302475,,,,,1.0,0.0,1.0,0.0,1.0,0.0,1.0,0.0,1.0,0.0,1.0,0.0,0.0,1.0,0.6901856760188042,0.5384615384615384,0.1800082280085637,Subsample ensemble
T19,embedding_only,gaussian_full,xyz_4sigma,13.0,0.6923076923076923,0.4526315789473685,0.6677672863006592,0.4552507102489471,0.2604190707206726,0.7746749520301819,0.5418976545333862,0.5043720602989197,0.0375255122780799,0.638888888888889,0.4404761904761904,0.638888888888889,0.4154761904761905,0.6923076923076923,0.3076923076923077,0.6923076923076923,0.3076923076923077,0.6666666666666666,0.3333333333333333,0.7272727272727273,0.2727272727272727,0.7,0.3,0.7142857142857143,0.2857142857142857,0.1708170035093112,0.6923076923076923,1.0317671113505356,0.6153846153846154,0.2253251075744629,Subsample ensemble
T19,xyz_only,gaussian_full,xyz_4sigma,13.0,0.5384615384615384,0.2277227722772277,0.8016737699508667,0.5092776417732239,0.391456860762376,0.6838017106056213,0.8046604990959167,0.6664483547210693,0.1382121294736862,0.7142857142857142,0.6882936507936507,0.9523809523809524,0.9583333333333331,0.5384615384615384,0.4615384615384615,0.5384615384615384,0.4615384615384615,0.5833333333333334,0.4166666666666666,0.5454545454545454,0.4545454545454546,0.6,0.4,0.5714285714285714,0.4285714285714286,0.2525638891023506,0.5384615384615384,1.072016968563193,0.6153846153846154,0.3161983581689688,Subsample ensemble
T19,embedding_and_xyz,gaussian_full,xyz_4sigma,13.0,0.3846153846153846,0.0188679245283017,1.6280077695846558,0.8603693842887878,0.398052256840926,0.6947659254074097,0.8463166356086731,0.690828263759613,0.1554883122444152,0.6,0.7625811688311688,0.75,0.8015241702741703,0.3846153846153846,0.6153846153846154,0.3846153846153846,0.6153846153846154,0.4166666666666667,0.5833333333333333,0.4545454545454545,0.5454545454545454,0.4,0.6,0.4285714285714285,0.5714285714285714,0.50424084462546,0.3846153846153846,0.8305178252872478,0.6923076923076923,0.3052341296122624,Subsample ensemble
T2,real,gaussian_full,xyz_4sigma,6.0,0.6666666666666666,0.4,0.7307648062705994,0.4423010647296905,0.3324248989423116,0.8071433901786804,0.4660787880420685,0.4524043798446655,0.013674434274435,0.625,0.5,0.75,0.75,0.6666666666666666,0.3333333333333333,0.6666666666666666,0.3333333333333333,0.6666666666666666,0.3333333333333333,0.6,0.4,0.6,0.4,0.6666666666666666,0.3333333333333333,0.1916666666666667,0.6666666666666666,0.4505612088663046,0.8333333333333334,0.192856619755427,Subsample ensemble
T2,embedding_only,gaussian_full,xyz_4sigma,6.0,0.3333333333333333,-0.1999999999999999,1.3512312173843384,0.7021288275718689,0.4571760694185892,0.7268123030662537,0.6800454258918762,0.6455026268959045,0.0345427989959716,0.75,0.9166666666666666,0.75,0.9166666666666666,0.3333333333333333,0.6666666666666667,0.3333333333333333,0.6666666666666667,0.3333333333333333,0.6666666666666667,0.4,0.6,0.4,0.6,0.6666666666666666,0.3333333333333333,0.4611111111111111,0.3333333333333333,0.4505612088663046,0.8333333333333334,0.2731877068678538,Subsample ensemble
T2,xyz_only,gaussian_full,xyz_4sigma,6.0,0.8333333333333334,0.7,0.6943468451499939,0.351462572813034,0.3441807727018992,0.6415151953697205,0.8454461097717285,0.7215027213096619,0.1239435449242591,1.0,1.0,1.0,1.0,0.8333333333333334,0.1666666666666666,0.8333333333333334,0.1666666666666666,0.8333333333333334,0.1666666666666666,1.0,0.0,1.0,0.0,1.0,0.0,0.0138888888888888,0.8333333333333334,0.6365141682948128,0.6666666666666666,0.358484794696172,Subsample ensemble
T2,embedding_and_xyz,gaussian_full,xyz_4sigma,6.0,0.5,0.1428571428571429,1.13456928730011,0.582941472530365,0.3306403011083602,0.6175442337989807,0.8859050273895264,0.7294160723686218,0.1564890295267105,0.7777777777777778,0.8666666666666667,0.6666666666666666,0.8333333333333333,0.5,0.5,0.5,0.5,0.5,0.5,0.6,0.4,0.6,0.4,0.6666666666666666,0.3333333333333333,0.2888888888888889,0.5,0.6931471805599453,0.5,0.3824558158715566,Subsample ensemble
T20,real,gaussian_full,xyz_4sigma,6.0,1.0,1.0,0.219871386885643,0.0985658541321754,0.168959895769755,0.8310401439666748,0.4481569230556488,0.4023517072200775,0.0458052344620227,,,,,1.0,0.0,1.0,0.0,1.0,0.0,1.0,0.0,1.0,0.0,1.0,0.0,0.0,1.0,0.4505612088663046,0.8333333333333334,0.1689599057038625,Subsample ensemble
T20,embedding_only,gaussian_full,xyz_4sigma,6.0,1.0,1.0,0.3127320110797882,0.1680714339017868,0.2307792007923126,0.769220769405365,0.5221982598304749,0.4841441214084625,0.0380541048943996,,,,,1.0,0.0,1.0,0.0,1.0,0.0,1.0,0.0,1.0,0.0,1.0,0.0,0.0,1.0,0.4505612088663046,0.8333333333333334,0.2307792206605275,Subsample ensemble
T20,xyz_only,gaussian_full,xyz_4sigma,6.0,0.0,0.0,2.0995137691497803,1.2463438510894775,0.6489301522572835,0.6489301919937134,0.8992290496826172,0.8399564623832703,0.0592726059257984,,,,,0.0,1.0,0.0,1.0,0.0,1.0,0.0,1.0,0.0,1.0,0.0,1.0,0.8333333333333334,0.0,-0.0,1.0,0.3510698278745015,Subsample ensemble
T20,embedding_and_xyz,gaussian_full,xyz_4sigma,6.0,0.0,0.0,2.288764715194702,1.2873578071594238,0.6455543438593546,0.6455543041229248,0.872209370136261,0.8075950741767883,0.0646142736077308,,,,,0.0,1.0,0.0,1.0,0.0,1.0,0.0,1.0,0.0,1.0,0.0,1.0,0.8333333333333334,0.0,0.4505612088663046,0.8333333333333334,0.3544456660747528,Subsample ensemble
T23,real,gaussian_full,xyz_4sigma,19.0,0.6842105263157895,0.4271356783919598,0.5592436790466309,0.3661210834980011,0.1582264335531937,0.8029128909111023,0.4860714375972748,0.4416073262691498,0.0444641672074794,0.7948717948717949,0.7467592592592592,0.8461538461538461,0.8482142857142856,0.6842105263157895,0.3157894736842105,0.6842105263157895,0.3157894736842105,0.7222222222222222,0.2777777777777778,0.75,0.25,0.8571428571428571,0.1428571428571429,0.9,0.0999999999999999,0.1506205104257898,0.6842105263157895,0.6806294878916634,0.5789473684210527,0.197087077718032,Subsample ensemble
T23,embedding_only,gaussian_full,xyz_4sigma,19.0,0.5263157894736842,0.2692307692307694,1.3719733953475952,0.7471664547920227,0.3856944347682752,0.7123447060585022,0.6513134837150574,0.5892586708068848,0.0620548613369464,0.3444444444444444,0.4101913031737593,0.4,0.4462573918456272,0.5263157894736842,0.4736842105263158,0.5263157894736842,0.4736842105263158,0.5,0.5,0.5,0.5,0.4285714285714285,0.5714285714285714,0.4,0.6,0.5556258426634831,0.5263157894736842,1.0596846673731528,0.5789473684210527,0.2876552625706321,Subsample ensemble
T23,xyz_only,gaussian_full,xyz_4sigma,19.0,0.2631578947368421,-0.051383399209486,1.7107421159744265,1.0651487112045288,0.5237184323762591,0.7662583589553833,0.6422625780105591,0.5722140073776245,0.0700484365224838,0.4714285714285713,0.8021588898717381,0.7285714285714286,0.897353341103341,0.2631578947368421,0.736842105263158,0.2631578947368421,0.736842105263158,0.2777777777777778,0.7222222222222222,0.3125,0.6875,0.2857142857142857,0.7142857142857143,0.3,0.7,0.7627211202879282,0.2631578947368421,1.0958871542125534,0.3684210526315789,0.2337416284962704,Subsample ensemble
T23,embedding_and_xyz,gaussian_full,xyz_4sigma,19.0,0.1578947368421052,-0.0742049469964665,2.985163450241089,1.3005828857421875,0.5849644212346328,0.7127988338470459,0.6938737034797668,0.6084402799606323,0.0854334607720375,0.2291666666666666,0.7907759968252422,0.0625,0.7004238142855597,0.1578947368421052,0.8421052631578947,0.1578947368421052,0.8421052631578947,0.1666666666666666,0.8333333333333334,0.125,0.875,0.0714285714285714,0.9285714285714286,0.1,0.9,0.8928239282850657,0.1578947368421052,1.017164350924834,0.5263157894736842,0.2872011096853959,Subsample ensemble
T24,real,gaussian_full,xyz_4sigma,11.0,0.9090909090909092,0.6333333333333333,0.2429580688476562,0.1484035402536392,0.1052884513681585,0.8223734498023987,0.3655906021595001,0.3505273163318634,0.0150633193552494,0.9,0.5,1.0,1.0,0.9090909090909092,0.0909090909090909,0.9090909090909092,0.0909090909090909,0.9,0.0999999999999999,1.0,0.0,1.0,0.0,1.0,0.0,0.0132231404958677,0.9090909090909092,0.6001660731596457,0.8181818181818182,0.1776266152208501,Subsample ensemble
T24,embedding_only,gaussian_full,xyz_4sigma,11.0,0.5454545454545454,0.2142857142857142,1.0221154689788818,0.6593394875526428,0.3615186593749306,0.8278160095214844,0.5071302652359009,0.4678533375263214,0.0392769947648048,0.6666666666666667,0.5926190476190476,0.8,0.7595238095238095,0.5454545454545454,0.4545454545454546,0.5454545454545454,0.4545454545454546,0.5,0.5,0.5555555555555556,0.4444444444444444,0.625,0.375,0.6666666666666666,0.3333333333333333,0.2689656303292667,0.5454545454545454,0.9347698978582792,0.4545454545454545,0.1721839362924749,Subsample ensemble
T24,xyz_only,gaussian_full,xyz_4sigma,11.0,0.9090909090909092,0.0,0.2727373242378235,0.1494719237089157,0.0762332894585349,0.8328575491905212,0.4739757776260376,0.4379434883594513,0.0360322408378124,1.0,1.0,1.0,1.0,0.9090909090909092,0.0909090909090909,0.9090909090909092,0.0909090909090909,1.0,0.0,1.0,0.0,1.0,0.0,1.0,0.0,0.0041322314049586,0.9090909090909092,-0.0,1.0,0.1671424074606462,Subsample ensemble
T24,embedding_and_xyz,gaussian_full,xyz_4sigma,11.0,0.5454545454545454,-0.0784313725490195,0.7638464570045471,0.430888682603836,0.1959110823544588,0.6360048055648804,0.931839883327484,0.8145506381988525,0.1172891780734062,0.9000000000000001,0.9028571428571428,0.9,0.8766666666666667,0.5454545454545454,0.4545454545454546,0.5454545454545454,0.4545454545454546,0.6,0.4,0.6666666666666666,0.3333333333333333,0.75,0.25,0.8333333333333334,0.1666666666666666,0.1693624557260921,0.5454545454545454,0.6554817739013927,0.6363636363636364,0.3639952865513888,Subsample ensemble
T25,real,gaussian_full,xyz_4sigma,9.0,0.7777777777777778,0.4193548387096774,0.4784266054630279,0.3407082557678222,0.2514969110488891,0.8903970718383789,0.2981459498405456,0.2860538065433502,0.0120921414345502,0.8571428571428572,0.5833333333333333,0.7857142857142857,0.5,0.7777777777777778,0.2222222222222222,0.7777777777777778,0.2222222222222222,0.7777777777777778,0.2222222222222222,0.75,0.25,0.8571428571428571,0.1428571428571429,1.0,0.0,0.0559964726631393,0.7777777777777778,0.3488320958430319,0.8888888888888888,0.1096029546525743,Subsample ensemble
T25,embedding_only,gaussian_full,xyz_4sigma,9.0,0.5555555555555556,0.28,0.7169272899627686,0.4821115732192993,0.1828220817777845,0.6789252758026123,0.7104307413101196,0.6450908184051514,0.065339908003807,0.75,0.8125,0.6,0.525,0.5555555555555556,0.4444444444444444,0.5555555555555556,0.4444444444444444,0.5555555555555556,0.4444444444444444,0.625,0.375,0.7142857142857143,0.2857142857142857,0.8,0.1999999999999999,0.2777336860670194,0.5555555555555556,1.0608569471580214,0.4444444444444444,0.3210747241973877,Subsample ensemble
T25,xyz_only,gaussian_full,xyz_4sigma,9.0,0.7777777777777778,0.4193548387096774,0.5281332731246948,0.336462140083313,0.2578915192021264,0.7596132159233093,0.6167303323745728,0.4851303100585937,0.1316000521183014,0.7857142857142857,0.5,0.6428571428571428,0.6428571428571428,0.7777777777777778,0.2222222222222222,0.7777777777777778,0.2222222222222222,0.7777777777777778,0.2222222222222222,0.75,0.25,0.8571428571428571,0.1428571428571429,1.0,0.0,0.0745149911816578,0.7777777777777778,0.3488320958430319,0.8888888888888888,0.240386770831214,Subsample ensemble
T25,embedding_and_xyz,gaussian_full,xyz_4sigma,9.0,0.5555555555555556,0.28,0.9755885004997252,0.5869931578636169,0.1855579349729749,0.4754328727722168,1.1535334587097168,0.8973437547683716,0.2561897933483124,0.75,0.7928571428571429,0.45,0.4511904761904762,0.5555555555555556,0.4444444444444444,0.5555555555555556,0.4444444444444444,0.5555555555555556,0.4444444444444444,0.625,0.375,0.7142857142857143,0.2857142857142857,0.6,0.4,0.244400352733686,0.5555555555555556,1.0608569471580214,0.4444444444444444,0.52456710073683,Subsample ensemble
T26,real,gaussian_full,xyz_4sigma,9.0,0.8888888888888888,0.625,0.1916704177856445,0.097781017422676,0.1557197835710313,0.8469688296318054,0.3668280243873596,0.3570167124271393,0.009811352007091,1.0,1.0,1.0,1.0,0.8888888888888888,0.1111111111111111,0.8888888888888888,0.1111111111111111,0.8888888888888888,0.1111111111111111,1.0,0.0,1.0,0.0,1.0,0.0,0.0061728395061728,0.8888888888888888,0.6837389058487535,0.7777777777777778,0.1530312101046244,Subsample ensemble
T26,embedding_only,gaussian_full,xyz_4sigma,9.0,0.5555555555555556,-0.090909090909091,0.886693000793457,0.5990076065063477,0.458102309041553,0.6792044043540955,0.6957027316093445,0.6454129219055176,0.0502898246049881,0.4999999999999999,0.5111111111111111,0.5,0.6349206349206349,0.5555555555555556,0.4444444444444444,0.5555555555555556,0.4444444444444444,0.5555555555555556,0.4444444444444444,0.5,0.5,0.5714285714285714,0.4285714285714286,0.6,0.4,0.4037918871252204,0.5555555555555556,0.6365141682948128,0.6666666666666666,0.3207956155141194,Subsample ensemble
T26,xyz_only,gaussian_full,xyz_4sigma,9.0,0.7777777777777778,-0.0588235294117647,0.4651641249656677,0.2697754502296448,0.3105590608384874,0.7134650945663452,0.7280216813087463,0.6350431442260742,0.0929786264896392,0.9285714285714286,0.8333333333333333,0.7142857142857142,0.45,0.7777777777777778,0.2222222222222222,0.7777777777777778,0.2222222222222222,0.7777777777777778,0.2222222222222222,0.875,0.125,0.8571428571428571,0.1428571428571429,1.0,0.0,0.0421075837742504,0.7777777777777778,0.3488320958430319,0.8888888888888888,0.2865348524517483,Subsample ensemble
T26,embedding_and_xyz,gaussian_full,xyz_4sigma,9.0,0.4444444444444444,-0.0975609756097561,1.3503175973892212,0.754397988319397,0.2235656248198614,0.5317704081535339,1.127632737159729,0.9458298087120056,0.1818029284477234,0.4499999999999999,0.5944444444444444,0.4,0.5644444444444444,0.4444444444444444,0.5555555555555556,0.4444444444444444,0.5555555555555556,0.4444444444444444,0.5555555555555556,0.375,0.625,0.4285714285714285,0.5714285714285714,0.6,0.4,0.5600970017636684,0.4444444444444444,0.9950269901795212,0.5555555555555556,0.4682296249601576,Subsample ensemble
T27,real,gaussian_full,xyz_4sigma,18.0,1.0,1.0,0.248256653547287,0.1254041641950607,0.2035300301180946,0.7964699864387512,0.4787982702255249,0.4297684133052826,0.0490298420190811,,,,,1.0,0.0,1.0,0.0,1.0,0.0,1.0,0.0,1.0,0.0,1.0,0.0,0.0,1.0,0.6869615765973234,0.5555555555555556,0.203530020183987,Subsample ensemble
T27,embedding_only,gaussian_full,xyz_4sigma,18.0,0.7222222222222222,0.4705882352941176,0.5212094783782959,0.3246948719024658,0.1583638075325224,0.7452201843261719,0.6317922472953796,0.5680353045463562,0.0637568533420562,0.8923076923076922,0.7783333333333333,0.4923076923076923,0.3092463092463092,0.7222222222222222,0.2777777777777778,0.7222222222222222,0.2777777777777778,0.7647058823529411,0.2352941176470588,0.8,0.1999999999999999,0.8461538461538461,0.1538461538461538,1.0,0.0,0.0724476277172355,0.7222222222222222,0.7777899315559316,0.7222222222222222,0.2547798587216271,Subsample ensemble
T27,xyz_only,gaussian_full,xyz_4sigma,18.0,0.5555555555555556,0.3076923076923077,0.6806442737579346,0.4013751745223999,0.2613555325402154,0.5447914004325867,0.9887177348136902,0.7295722961425781,0.2591453790664673,0.85,0.729301948051948,0.8625,0.78234126984127,0.5555555555555556,0.4444444444444444,0.5555555555555556,0.4444444444444444,0.5294117647058824,0.4705882352941176,0.6,0.4,0.6923076923076923,0.3076923076923077,0.7777777777777778,0.2222222222222222,0.1763436681328838,0.5555555555555556,0.8486855577264172,0.6666666666666666,0.4552085763878292,Subsample ensemble
T27,embedding_and_xyz,gaussian_full,xyz_4sigma,18.0,0.2777777777777778,-0.0353982300884956,1.0911576747894287,0.7034996747970581,0.3426500889990065,0.5837743878364563,1.0620343685150146,0.8727731108665466,0.189261332154274,0.4769230769230769,0.7444917827270767,0.3692307692307692,0.6978613832120619,0.2777777777777778,0.7222222222222222,0.2777777777777778,0.7222222222222222,0.2941176470588235,0.7058823529411764,0.2666666666666666,0.7333333333333334,0.2307692307692307,0.7692307692307692,0.3333333333333333,0.6666666666666667,0.7069667623589192,0.2777777777777778,1.1174899594231538,0.5,0.4162256320317586,Subsample ensemble
T28,real,gaussian_full,xyz_4sigma,9.0,0.6666666666666666,0.325,0.6607458591461182,0.4534299671649933,0.278293510278066,0.9029941558837892,0.3037033379077911,0.2862531542778015,0.0174501612782478,0.9444444444444444,0.9166666666666664,0.9444444444444444,0.9166666666666664,0.6666666666666666,0.3333333333333333,0.6666666666666666,0.3333333333333333,0.6666666666666666,0.3333333333333333,0.75,0.25,0.8571428571428571,0.1428571428571429,1.0,0.0,0.0806878306878307,0.6666666666666666,0.3488320958430319,0.8888888888888888,0.0970058308707343,Subsample ensemble
T28,embedding_only,gaussian_full,xyz_4sigma,9.0,0.8888888888888888,0.7954545454545454,0.5038082003593445,0.304782509803772,0.3664542867077721,0.6722829341888428,0.7151699066162109,0.6458613276481628,0.0693086087703704,0.5,0.2,0.5,0.2,0.8888888888888888,0.1111111111111111,0.8888888888888888,0.1111111111111111,0.8888888888888888,0.1111111111111111,0.875,0.125,0.8571428571428571,0.1428571428571429,0.8,0.1999999999999999,0.0766754850088183,0.8888888888888888,0.8486855577264172,0.6666666666666666,0.3277170856793721,Subsample ensemble
T28,xyz_only,gaussian_full,xyz_4sigma,9.0,0.6666666666666666,0.325,0.6017158031463623,0.3699862062931061,0.3312152292993333,0.7603281140327454,0.7002518773078918,0.6152927875518799,0.0849591568112373,0.888888888888889,0.8666666666666667,0.9444444444444444,0.9166666666666664,0.6666666666666666,0.3333333333333333,0.6666666666666666,0.3333333333333333,0.6666666666666666,0.3333333333333333,0.75,0.25,0.8571428571428571,0.1428571428571429,0.8,0.1999999999999999,0.1029100529100529,0.6666666666666666,0.3488320958430319,0.8888888888888888,0.2396718594763014,Subsample ensemble
T28,embedding_and_xyz,gaussian_full,xyz_4sigma,9.0,0.6666666666666666,0.4375,0.8363844156265259,0.5060140490531921,0.398571620384852,0.493036150932312,1.0990784168243408,0.920836865901947,0.1782414317131042,0.5,0.3873015873015873,0.3888888888888889,0.3472222222222222,0.6666666666666666,0.3333333333333333,0.6666666666666666,0.3333333333333333,0.6666666666666666,0.3333333333333333,0.625,0.375,0.5714285714285714,0.4285714285714286,0.6,0.4,0.2541005291005291,0.6666666666666666,0.6365141682948128,0.6666666666666666,0.5069638093312582,Subsample ensemble
T3,real,gaussian_full,xyz_4sigma,13.0,0.6923076923076923,0.4851485148514852,0.6601989269256592,0.3517677187919616,0.1958812475204467,0.8757515549659729,0.3169151842594147,0.305712342262268,0.011202816851437,0.9444444444444444,0.9166666666666666,0.8611111111111112,0.7470238095238095,0.6923076923076923,0.3076923076923077,0.6923076923076923,0.3076923076923077,0.75,0.25,0.8181818181818182,0.1818181818181817,0.9,0.0999999999999999,1.0,0.0,0.0709058035981112,0.6923076923076923,0.6901856760188042,0.5384615384615384,0.1242484083542456,Subsample ensemble
T3,embedding_only,gaussian_full,xyz_4sigma,13.0,0.6153846153846154,0.3925233644859812,0.8971821069717407,0.4859366118907928,0.2724223916347211,0.8697304129600525,0.3841559588909149,0.3655185997486114,0.0186374373733997,1.0,1.0,0.875,0.7861904761904761,0.6153846153846154,0.3846153846153846,0.6153846153846154,0.3846153846153846,0.6666666666666666,0.3333333333333333,0.7272727272727273,0.2727272727272727,0.8,0.1999999999999999,1.0,0.0,0.0853445699599545,0.6153846153846154,0.6901856760188042,0.5384615384615384,0.1302695366052481,Subsample ensemble
T3,xyz_only,gaussian_full,xyz_4sigma,13.0,0.6153846153846154,0.0,1.2066365480422974,0.473948210477829,0.2417366733917823,0.8368227481842041,0.3404199481010437,0.296791672706604,0.0436283387243747,1.0,1.0,1.0,1.0,0.6153846153846154,0.3846153846153846,0.6153846153846154,0.3846153846153846,0.6666666666666666,0.3333333333333333,0.7272727272727273,0.2727272727272727,0.8,0.1999999999999999,1.0,0.0,0.0853445699599545,0.6153846153846154,-0.0,1.0,0.1631772243059598,Subsample ensemble
T3,embedding_and_xyz,gaussian_full,xyz_4sigma,13.0,0.6153846153846154,0.0,1.3771146535873413,0.5288100838661194,0.2931654957624582,0.8779164552688599,0.3173884153366089,0.2834925949573517,0.0338958762586116,1.0,1.0,1.0,1.0,0.6153846153846154,0.3846153846153846,0.6153846153846154,0.3846153846153846,0.6666666666666666,0.3333333333333333,0.7272727272727273,0.2727272727272727,0.8,0.1999999999999999,1.0,0.0,0.0853445699599545,0.6153846153846154,-0.0,1.0,0.1220834988814133,Subsample ensemble
T4,real,gaussian_full,xyz_4sigma,13.0,0.9230769230769232,0.8761904761904762,0.2347692549228668,0.1231869757175445,0.1704235558326428,0.8526844382286072,0.4158901572227478,0.3959514796733856,0.0199386700987815,0.9166666666666666,0.5,1.0,1.0,0.9230769230769232,0.0769230769230768,0.9230769230769232,0.0769230769230768,0.9166666666666666,0.0833333333333333,1.0,0.0,1.0,0.0,1.0,0.0,0.0093688362919132,0.9230769230769232,1.0905994737794786,0.5384615384615384,0.1473155205066387,Subsample ensemble
T4,embedding_only,gaussian_full,xyz_4sigma,13.0,0.6153846153846154,0.409090909090909,0.5961416363716125,0.3438722789287567,0.2397133020254282,0.6577780246734619,0.7609164118766785,0.7134692072868347,0.0474472045898437,0.925,0.925,0.725,0.5644444444444444,0.6153846153846154,0.3846153846153846,0.6153846153846154,0.3846153846153846,0.6666666666666666,0.3333333333333333,0.7272727272727273,0.2727272727272727,0.8,0.1999999999999999,0.8571428571428571,0.1428571428571429,0.1187694783848629,0.6153846153846154,1.2047933096947845,0.4615384615384615,0.3422220211762648,Subsample ensemble
T4,xyz_only,gaussian_full,xyz_4sigma,13.0,0.5384615384615384,0.0,0.8528617024421692,0.5240883231163025,0.2864662546377916,0.8249277472496033,0.4401505887508392,0.3911117315292358,0.049038890749216,1.0,1.0,1.0,1.0,0.5384615384615384,0.4615384615384615,0.5384615384615384,0.4615384615384615,0.5833333333333334,0.4166666666666666,0.6363636363636364,0.3636363636363636,0.7,0.3,1.0,0.0,0.1275611140995756,0.5384615384615384,-0.0,1.0,0.1750721977307246,Subsample ensemble
T4,embedding_and_xyz,gaussian_full,xyz_4sigma,13.0,0.5384615384615384,0.0,1.1111254692077637,0.6106661558151245,0.3102372632576869,0.8486987352371216,0.4357673823833465,0.3823175430297851,0.0534498244524002,0.9761904761904764,0.976190476190476,0.9523809523809524,0.9583333333333331,0.5384615384615384,0.4615384615384615,0.5384615384615384,0.4615384615384615,0.5833333333333334,0.4166666666666666,0.6363636363636364,0.3636363636363636,0.7,0.3,0.8571428571428571,0.1428571428571429,0.1385501250885866,0.5384615384615384,-0.0,1.0,0.1513012189131516,Subsample ensemble
T5,real,gaussian_full,xyz_4sigma,13.0,0.6923076923076923,0.5873015873015872,0.8708055019378662,0.565490186214447,0.4252578891240634,0.724295973777771,0.6829385161399841,0.6493772864341736,0.0335611850023269,0.3055555555555556,0.2714646464646464,0.8333333333333334,0.6220238095238095,0.6923076923076923,0.3076923076923077,0.6923076923076923,0.3076923076923077,0.6666666666666666,0.3333333333333333,0.6363636363636364,0.3636363636363636,0.6,0.4,0.5714285714285714,0.4285714285714286,0.3409357736280812,0.6923076923076923,1.118968866881627,0.4615384615384615,0.2757039757875296,Subsample ensemble
T5,embedding_only,gaussian_full,xyz_4sigma,13.0,0.4615384615384615,0.2777777777777777,1.0475982427597046,0.6695687770843506,0.4499333661336164,0.5836392641067505,0.8767933249473572,0.815186083316803,0.0616073049604892,0.2857142857142857,0.4687950937950937,0.4761904761904761,0.6317159031444746,0.4615384615384615,0.5384615384615384,0.4615384615384615,0.5384615384615384,0.4166666666666667,0.5833333333333333,0.4545454545454545,0.5454545454545454,0.4,0.6,0.2857142857142857,0.7142857142857143,0.5906900791516176,0.4615384615384615,1.2047933096947845,0.4615384615384615,0.4163607175533588,Subsample ensemble
T5,xyz_only,gaussian_full,xyz_4sigma,13.0,0.2307692307692307,-0.0077519379844961,1.1131727695465088,0.6357106566429138,0.3632182731078222,0.5047110319137573,1.1630419492721558,0.7575091123580933,0.4055329859256744,0.9333333333333332,0.9809090909090908,0.9666666666666668,0.9909090909090909,0.2307692307692307,0.7692307692307692,0.2307692307692307,0.7692307692307692,0.25,0.75,0.2727272727272727,0.7272727272727273,0.3,0.7,0.4285714285714285,0.5714285714285714,0.4737166679474371,0.2307692307692307,0.8981370031878679,0.5384615384615384,0.4952889864261334,Subsample ensemble
T5,embedding_and_xyz,gaussian_full,xyz_4sigma,13.0,0.3076923076923077,0.0714285714285714,1.1721335649490356,0.6815718412399292,0.311915411398961,0.4501097500324249,1.25586199760437,0.8012968301773071,0.4545650482177734,0.25,0.6064925814925816,0.4166666666666666,0.6618927368927369,0.3076923076923077,0.6923076923076923,0.3076923076923077,0.6923076923076923,0.25,0.75,0.2727272727272727,0.7272727272727273,0.3,0.7,0.1428571428571428,0.8571428571428572,0.7820523493600416,0.3076923076923077,0.9110175397125628,0.4615384615384615,0.5498903302045969,Subsample ensemble
U1,real,gaussian_full,xyz_4sigma,19.0,0.8421052631578947,0.6984126984126984,0.5123029947280884,0.2108537256717682,0.1954654988489653,0.7963046431541443,0.5510037541389465,0.4245193302631378,0.1264844089746475,0.9791666666666666,0.9166666666666664,0.5625,0.2126022126022126,0.8421052631578947,0.1578947368421053,0.8421052631578947,0.1578947368421053,0.8888888888888888,0.1111111111111111,0.9375,0.0625,1.0,0.0,1.0,0.0,0.0163885267865225,0.8421052631578947,0.8785250991271565,0.631578947368421,0.2036953286120766,Subsample ensemble
U1,embedding_only,gaussian_full,xyz_4sigma,19.0,0.3684210526315789,0.205574912891986,2.2947797775268555,0.994160294532776,0.5196460234491449,0.7997671365737915,0.4459159672260284,0.4207645356655121,0.0251514632254838,0.2857142857142857,0.567886456150775,0.3571428571428571,0.6519322714465904,0.3684210526315789,0.631578947368421,0.3684210526315789,0.631578947368421,0.3333333333333333,0.6666666666666667,0.375,0.625,0.3571428571428571,0.6428571428571428,0.2,0.8,0.7628628699347291,0.3684210526315789,0.8092054732283177,0.631578947368421,0.2002328383295159,Subsample ensemble
U1,xyz_only,gaussian_full,xyz_4sigma,19.0,0.6842105263157895,0.2784810126582279,0.9296196103096008,0.4454637765884399,0.2166423703494824,0.8581863045692444,0.4026364386081695,0.3283170759677887,0.074319340288639,0.9102564102564102,0.8134920634920634,0.7307692307692307,0.4675925925925925,0.6842105263157895,0.3157894736842105,0.6842105263157895,0.3157894736842105,0.7222222222222222,0.2777777777777778,0.75,0.25,0.7857142857142857,0.2142857142857143,1.0,0.0,0.0827595701964286,0.6842105263157895,0.336495757583516,0.8947368421052632,0.1418137330757944,Subsample ensemble
U1,embedding_and_xyz,gaussian_full,xyz_4sigma,19.0,0.5789473684210527,0.1783783783783783,1.5901633501052856,0.5811916589736938,0.1931194035630477,0.7300664782524109,0.548718273639679,0.4680580198764801,0.0806602016091346,0.943181818181818,0.9381313131313131,0.8181818181818182,0.6545003607503608,0.5789473684210527,0.4210526315789473,0.5789473684210527,0.4210526315789473,0.6111111111111112,0.3888888888888888,0.6875,0.3125,0.7857142857142857,0.2142857142857143,0.9,0.0999999999999999,0.1294342566075497,0.5789473684210527,0.4361623253853443,0.8421052631578947,0.2699335562555413,Subsample ensemble
U2,real,gaussian_full,xyz_4sigma,19.0,0.7894736842105263,0.5249999999999999,0.4447490274906158,0.2587591707706451,0.1305792174841228,0.8160484433174133,0.5009472370147705,0.4631880223751068,0.0377592369914054,0.9833333333333334,0.95,1.0,1.0,0.7894736842105263,0.2105263157894736,0.7894736842105263,0.2105263157894736,0.8333333333333334,0.1666666666666666,0.9375,0.0625,1.0,0.0,1.0,0.0,0.0273022921079789,0.7894736842105263,0.9097077103274986,0.631578947368421,0.1839514657070762,Subsample ensemble
U2,embedding_only,gaussian_full,xyz_4sigma,19.0,0.2631578947368421,0.0952380952380952,1.9807759523391724,1.086180329322815,0.5532766894290322,0.7788113951683044,0.4979383945465088,0.469584971666336,0.0283533781766891,0.2285714285714285,0.6323110789524986,0.4285714285714285,0.8114777456191652,0.2631578947368421,0.736842105263158,0.2631578947368421,0.736842105263158,0.2222222222222222,0.7777777777777778,0.1875,0.8125,0.2142857142857142,0.7857142857142857,0.1,0.9,0.8430923056900733,0.2631578947368421,0.708018976056273,0.7368421052631579,0.2211886267913015,Subsample ensemble
U2,xyz_only,gaussian_full,xyz_4sigma,19.0,1.0,1.0,0.0663061514496803,0.0262667294591665,0.0573873363043132,0.9426127076148988,0.1705188155174255,0.1610868126153946,0.0094319880008697,,,,,1.0,0.0,1.0,0.0,1.0,0.0,1.0,0.0,1.0,0.0,1.0,0.0,0.0,1.0,0.4361623253853443,0.8421052631578947,0.0573873864976983,Subsample ensemble
U2,embedding_and_xyz,gaussian_full,xyz_4sigma,19.0,0.8421052631578947,0.0,0.3765279054641723,0.1982519924640655,0.1559432541069231,0.8189597129821777,0.4748482406139374,0.4311063289642334,0.0437420308589935,0.9791666666666666,0.9166666666666664,0.8333333333333334,0.4206349206349206,0.8421052631578947,0.1578947368421053,0.8421052631578947,0.1578947368421053,0.8888888888888888,0.1111111111111111,0.9375,0.0625,1.0,0.0,1.0,0.0,0.0163885267865225,0.8421052631578947,-0.0,1.0,0.1810403309370342,Subsample ensemble
U3,real,gaussian_full,xyz_4sigma,19.0,0.5789473684210527,0.2962962962962963,0.5448207259178162,0.3840213119983673,0.2195083436213041,0.7299599051475525,0.5678142309188843,0.5047069787979126,0.0631072297692298,0.8068181818181819,0.6336670274170274,0.8295454545454546,0.8160037878787878,0.5789473684210527,0.4210526315789473,0.5789473684210527,0.4210526315789473,0.5555555555555556,0.4444444444444444,0.5625,0.4375,0.6428571428571429,0.3571428571428571,0.9,0.0999999999999999,0.1721486028048681,0.5789473684210527,0.9932682101499608,0.5263157894736842,0.2700400603444953,Subsample ensemble
U3,embedding_only,gaussian_full,xyz_4sigma,19.0,0.6842105263157895,0.5107296137339056,0.8424286246299744,0.540104866027832,0.3001260192770706,0.8332633376121521,0.4676678776741028,0.4372652471065521,0.0304026752710342,0.3974358974358973,0.3001540727933917,0.3717948717948718,0.2903403979061874,0.6842105263157895,0.3157894736842105,0.6842105263157895,0.3157894736842105,0.6666666666666666,0.3333333333333333,0.625,0.375,0.5714285714285714,0.4285714285714286,0.7,0.3,0.3740770676284771,0.6842105263157895,0.8785250991271565,0.631578947368421,0.1667367031699732,Subsample ensemble
U3,xyz_only,gaussian_full,xyz_4sigma,19.0,0.6842105263157895,0.40625,1.260258674621582,0.6328037977218628,0.344200291131672,0.92086923122406,0.2357241213321685,0.2190556824207306,0.0166684128344059,0.5,0.3294705294705294,0.6153846153846153,0.4069444444444445,0.6842105263157895,0.3157894736842105,0.6842105263157895,0.3157894736842105,0.6666666666666666,0.3333333333333333,0.625,0.375,0.6428571428571429,0.3571428571428571,0.6,0.4,0.2373830598818377,0.6842105263157895,0.4361623253853443,0.8421052631578947,0.0791308440660175,Subsample ensemble
U3,embedding_and_xyz,gaussian_full,xyz_4sigma,19.0,0.5263157894736842,0.0,0.8514962196350098,0.5913001298904419,0.3301009190709967,0.8267098069190979,0.4727102220058441,0.4272516667842865,0.0454585663974285,0.9333333333333332,0.9328843995510664,0.977777777777778,0.9765432098765434,0.5263157894736842,0.4736842105263158,0.5263157894736842,0.4736842105263158,0.5555555555555556,0.4444444444444444,0.625,0.375,0.7142857142857143,0.2857142857142857,0.8,0.1999999999999999,0.1658792889076415,0.5263157894736842,-0.0,1.0,0.1732901617100364,Subsample ensemble
U4,real,gaussian_full,xyz_4sigma,16.0,0.0625,0.0551181102362204,7.70167875289917,1.599770188331604,0.7330906968563795,0.7955907583236694,0.4843707680702209,0.4536545276641845,0.0307162441313266,1.0,1.0,1.0,1.0,0.0625,0.9375,0.0625,0.9375,0.0666666666666666,0.9333333333333332,0.0769230769230769,0.9230769230769232,0.0833333333333333,0.9166666666666666,0.125,0.875,0.7594075629231878,0.0625,0.9002560512685369,0.625,0.2044092640280723,Subsample ensemble
U4,embedding_only,gaussian_full,xyz_4sigma,16.0,0.0625,0.0551181102362204,5.286000728607178,1.6157249212265017,0.730591606348753,0.7930915951728821,0.4591497778892517,0.4274916052818298,0.0316581577062606,0.0,0.8412847337847338,0.1333333333333333,0.8968402893402894,0.0625,0.9375,0.0625,0.9375,0.0,1.0,0.0,1.0,0.0,1.0,0.0,1.0,0.935546875,0.0625,0.7356219397587946,0.75,0.2069084048271179,Subsample ensemble
U4,xyz_only,gaussian_full,xyz_4sigma,16.0,0.0625,0.0588235294117647,9.763893127441406,1.824877977371216,0.9180493503808976,0.9603736996650696,0.1533183455467224,0.1418832838535308,0.0114350626245141,0.0666666666666666,0.8746180671180671,0.0666666666666666,0.8746180671180671,0.0625,0.9375,0.0625,0.9375,0.0666666666666666,0.9333333333333332,0.0,1.0,0.0,1.0,0.0,1.0,0.9313802083333332,0.0625,0.2337916587064593,0.9375,0.0396263003349304,Subsample ensemble
U4,embedding_and_xyz,gaussian_full,xyz_4sigma,16.0,0.0,0.0,7.119586944580078,1.6353168487548828,0.7598324753344059,0.7598324418067932,0.5493355989456177,0.4871173501014709,0.0622182190418243,,,,,0.0,1.0,0.0,1.0,0.0,1.0,0.0,1.0,0.0,1.0,0.0,1.0,0.9375,0.0,0.3767701612564367,0.875,0.2401675246655941,Subsample ensemble
U5,real,gaussian_full,xyz_4sigma,16.0,0.875,0.6190476190476191,0.2981541156768799,0.1652320623397827,0.1505061332136392,0.7826887965202332,0.4889549612998962,0.4413551092147827,0.047599870711565,0.9285714285714286,0.5833333333333333,1.0,1.0,0.875,0.125,0.875,0.125,0.8666666666666667,0.1333333333333333,1.0,0.0,1.0,0.0,1.0,0.0,0.016703869047619,0.875,0.7356219397587946,0.75,0.2173111960291862,Subsample ensemble
U5,embedding_only,gaussian_full,xyz_4sigma,16.0,0.25,0.1351351351351351,2.012885570526123,1.2200169563293457,0.6129592396318913,0.8061662912368774,0.4732715785503387,0.4472841620445251,0.0259873773902654,0.1875,0.6657821345321344,0.4166666666666667,0.8160797535797535,0.25,0.75,0.25,0.75,0.2666666666666666,0.7333333333333334,0.1538461538461538,0.8461538461538461,0.1666666666666666,0.8333333333333334,0.125,0.875,0.8529071622821622,0.25,0.8314025204956377,0.6875,0.1938336826860904,Subsample ensemble
U5,xyz_only,gaussian_full,xyz_4sigma,16.0,1.0,1.0,0.0880856141448021,0.0233113374561071,0.0802421122789383,0.919757843017578,0.2729950547218323,0.2550565004348755,0.0179385561496019,,,,,1.0,0.0,1.0,0.0,1.0,0.0,1.0,0.0,1.0,0.0,1.0,0.0,0.0,1.0,0.3767701612564367,0.875,0.0802421495318412,Subsample ensemble
U5,embedding_and_xyz,gaussian_full,xyz_4sigma,16.0,0.8125,0.3333333333333333,0.5405359268188477,0.3356664180755615,0.1871426329016685,0.6253573894500732,0.6961097717285156,0.6411081552505493,0.0550016164779663,0.8205128205128205,0.6095238095238096,0.5897435897435898,0.2611111111111111,0.8125,0.1875,0.8125,0.1875,0.8666666666666667,0.1333333333333333,0.8461538461538461,0.1538461538461538,0.8333333333333334,0.1666666666666666,1.0,0.0,0.0550851492257742,0.8125,0.6019239717322894,0.8125,0.3746426217257976,Subsample ensemble
U6,real,gaussian_full,xyz_4sigma,16.0,1.0,1.0,0.1832455396652221,0.0697667896747589,0.1517671588808298,0.8482328653335571,0.4682986140251159,0.3943715095520019,0.0739270746707916,,,,,1.0,0.0,1.0,0.0,1.0,0.0,1.0,0.0,1.0,0.0,1.0,0.0,0.0,1.0,0.6210863745552451,0.6875,0.1517671346664428,Subsample ensemble
U6,embedding_only,gaussian_full,xyz_4sigma,16.0,0.375,0.2079207920792078,1.4871867895126345,0.8953588604927063,0.3822907172143459,0.7572907209396362,0.5841074585914612,0.5474774837493896,0.0366299897432327,0.4,0.5816827616827618,0.4,0.5757792207792207,0.375,0.625,0.375,0.625,0.3333333333333333,0.6666666666666667,0.3076923076923077,0.6923076923076923,0.3333333333333333,0.6666666666666667,0.25,0.75,0.6089224143911645,0.375,0.9002560512685369,0.625,0.2427092678844928,Subsample ensemble
U6,xyz_only,gaussian_full,xyz_4sigma,16.0,0.875,0.6734693877551021,0.1966057121753692,0.1094766408205032,0.0960573945194482,0.8742808103561401,0.3430026173591614,0.3107507824897766,0.032251838594675,1.0,1.0,0.8571428571428572,0.4166666666666666,0.875,0.125,0.875,0.125,0.9333333333333332,0.0666666666666666,1.0,0.0,1.0,0.0,1.0,0.0,0.0080729166666666,0.875,0.482577565177012,0.8125,0.1257191337645054,Subsample ensemble
U6,embedding_and_xyz,gaussian_full,xyz_4sigma,16.0,0.75,0.3402061855670103,0.8199406266212463,0.375781774520874,0.1582695506513118,0.7262636423110962,0.6003363728523254,0.5400235652923584,0.060312807559967,0.8958333333333334,0.7470238095238095,0.9583333333333331,0.8875,0.75,0.25,0.75,0.25,0.8,0.1999999999999999,0.8461538461538461,0.1538461538461538,0.9166666666666666,0.0833333333333333,1.0,0.0,0.0604608932733932,0.75,0.4634135588264299,0.875,0.2737363651394844,Subsample ensemble
V1,real,gaussian_full,xyz_4sigma,9.0,0.5555555555555556,0.1219512195121951,1.17072594165802,0.6654539108276367,0.3885972764756944,0.7765982151031494,0.5417635440826416,0.5221490263938904,0.0196144841611385,0.7000000000000001,0.7095238095238094,0.7000000000000001,0.7095238095238094,0.5555555555555556,0.4444444444444444,0.5555555555555556,0.4444444444444444,0.5555555555555556,0.4444444444444444,0.625,0.375,0.5714285714285714,0.4285714285714286,0.6,0.4,0.2602733686067019,0.5555555555555556,0.3488320958430319,0.8888888888888888,0.2234018312560187,Subsample ensemble
V1,embedding_only,gaussian_full,xyz_4sigma,9.0,0.4444444444444444,-0.0975609756097561,1.2508087158203125,0.6878101825714111,0.4135691920916239,0.7566680908203125,0.5714295506477356,0.5430905222892761,0.0283390674740076,0.7500000000000001,0.8711111111111112,0.7,0.7683333333333333,0.4444444444444444,0.5555555555555556,0.4444444444444444,0.5555555555555556,0.4444444444444444,0.5555555555555556,0.5,0.5,0.5714285714285714,0.4285714285714286,0.6,0.4,0.3914462081128748,0.4444444444444444,0.3488320958430319,0.8888888888888888,0.2433319025569492,Subsample ensemble
V1,xyz_only,gaussian_full,xyz_4sigma,9.0,0.2222222222222222,0.0454545454545454,3.003867149353028,1.262843370437622,0.6372408866882323,0.7598440647125244,0.6083189249038696,0.5668538212776184,0.0414650440216064,0.2142857142857142,0.7393424036281178,0.0,0.6202947845804989,0.2222222222222222,0.7777777777777778,0.2222222222222222,0.7777777777777778,0.2222222222222222,0.7777777777777778,0.25,0.75,0.1428571428571428,0.8571428571428572,0.0,1.0,0.814373897707231,0.2222222222222222,1.0986122886681096,0.3333333333333333,0.2401559684011671,Subsample ensemble
V1,embedding_and_xyz,gaussian_full,xyz_4sigma,9.0,0.1111111111111111,-0.090909090909091,2.907216787338257,1.2815630435943604,0.6486772431267631,0.7597883343696594,0.6227372884750366,0.5672006011009216,0.0555367320775985,0.5,0.9317956349206348,0.125,0.8338789682539682,0.1111111111111111,0.8888888888888888,0.1111111111111111,0.8888888888888888,0.1111111111111111,0.8888888888888888,0.125,0.875,0.1428571428571428,0.8571428571428572,0.2,0.8,0.8122134038800706,0.1111111111111111,1.0608569471580214,0.4444444444444444,0.2402116457621256,Subsample ensemble
V2,real,gaussian_full,xyz_4sigma,9.0,1.0,1.0,0.194756269454956,0.0870251134037971,0.1633108125792609,0.8366892337799072,0.4285952746868133,0.4072373807430267,0.0213579200208187,,,,,1.0,0.0,1.0,0.0,1.0,0.0,1.0,0.0,1.0,0.0,1.0,0.0,0.0,1.0,0.8486855577264172,0.6666666666666666,0.1633108324474758,Subsample ensemble
V2,embedding_only,gaussian_full,xyz_4sigma,9.0,0.8888888888888888,0.7954545454545454,0.2599669098854065,0.1340914815664291,0.2048344678348965,0.8149669170379639,0.5015479326248169,0.4721895456314087,0.0293583273887634,0.75,0.3333333333333333,1.0,1.0,0.8888888888888888,0.1111111111111111,0.8888888888888888,0.1111111111111111,0.8888888888888888,0.1111111111111111,0.875,0.125,0.8571428571428571,0.1428571428571429,1.0,0.0,0.0359347442680776,0.8888888888888888,0.936888307539016,0.5555555555555556,0.1850330829620361,Subsample ensemble
V2,xyz_only,gaussian_full,xyz_4sigma,9.0,0.8888888888888888,0.7428571428571429,0.4019635617733001,0.2118979543447494,0.1332717869016859,0.755617082118988,0.645635187625885,0.559208869934082,0.0864262729883194,1.0,1.0,0.5,0.2,0.8888888888888888,0.1111111111111111,0.8888888888888888,0.1111111111111111,0.8888888888888888,0.1111111111111111,1.0,0.0,1.0,0.0,1.0,0.0,0.0061728395061728,0.8888888888888888,0.5297061990576545,0.7777777777777778,0.2443829046355353,Subsample ensemble
V2,embedding_and_xyz,gaussian_full,xyz_4sigma,9.0,0.7777777777777778,0.5384615384615385,0.4579084813594818,0.2459254264831543,0.2685190406110552,0.746690034866333,0.6345240473747253,0.5470392107963562,0.0874848514795303,1.0,1.0,0.8571428571428572,0.75,0.7777777777777778,0.2222222222222222,0.7777777777777778,0.2222222222222222,0.7777777777777778,0.2222222222222222,0.875,0.125,1.0,0.0,1.0,0.0,0.0262345679012345,0.7777777777777778,0.6365141682948128,0.6666666666666666,0.2533099585109287,Subsample ensemble
V3,real,gaussian_full,xyz_4sigma,13.0,0.7692307692307693,0.5851063829787234,0.4176712036132812,0.2446268945932388,0.1902414560317993,0.791121244430542,0.5379090905189514,0.5018190741539001,0.0360900424420833,1.0,1.0,0.6666666666666666,0.365079365079365,0.7692307692307693,0.2307692307692307,0.7692307692307693,0.2307692307692307,0.8333333333333334,0.1666666666666666,0.9090909090909092,0.0909090909090909,1.0,0.0,1.0,0.0,0.0286892594584902,0.7692307692307693,0.8981370031878679,0.5384615384615384,0.208878783079294,Subsample ensemble
V3,embedding_only,gaussian_full,xyz_4sigma,13.0,0.7692307692307693,0.5851063829787234,0.4468574821949005,0.2808920741081238,0.1248057347077589,0.8265479207038879,0.494987815618515,0.4690073430538177,0.0259804744273424,0.9333333333333332,0.8666666666666667,0.8,0.5317460317460317,0.7692307692307693,0.2307692307692307,0.7692307692307693,0.2307692307692307,0.8333333333333334,0.1666666666666666,0.9090909090909092,0.0909090909090909,0.9,0.0999999999999999,1.0,0.0,0.0449285756978064,0.7692307692307693,0.8981370031878679,0.5384615384615384,0.1734520563712487,Subsample ensemble
V3,xyz_only,gaussian_full,xyz_4sigma,13.0,0.4615384615384615,0.2479338842975206,1.2486474514007568,0.8215032815933228,0.4892784792643327,0.7414789795875549,0.7206773161888123,0.6221892833709717,0.0984879434108734,0.2142857142857142,0.4525724275724275,0.3333333333333333,0.4859719645433931,0.4615384615384615,0.5384615384615384,0.4615384615384615,0.5384615384615384,0.4166666666666667,0.5833333333333333,0.4545454545454545,0.5454545454545454,0.4,0.6,0.2857142857142857,0.7142857142857143,0.7028695663311049,0.4615384615384615,0.6901856760188042,0.5384615384615384,0.2585209470528822,Subsample ensemble
V3,embedding_and_xyz,gaussian_full,xyz_4sigma,13.0,0.4615384615384615,0.2155172413793104,1.02752947807312,0.672969400882721,0.3335091746770419,0.6641355156898499,0.7919402718544006,0.6825263500213623,0.1094138994812965,0.5476190476190477,0.5821428571428571,0.6428571428571428,0.6358070500927644,0.4615384615384615,0.5384615384615384,0.4615384615384615,0.5384615384615384,0.4166666666666667,0.5833333333333333,0.4545454545454545,0.5454545454545454,0.4,0.6,0.5714285714285714,0.4285714285714286,0.4396522281137666,0.4615384615384615,0.9110175397125628,0.4615384615384615,0.3358645072350135,Subsample ensemble
A1,real,,,26.0,0.8461538461538461,0.6204379562043796,0.1895541399717331,0.1079029291868209,0.1263827200119312,0.8801192045211792,0.3384730219841003,0.2732318043708801,0.0652412250638008,1.0,1.0,0.8295454545454546,0.3992424242424243,0.8461538461538461,0.1538461538461538,0.88,0.12,0.9166666666666666,0.0833333333333333,1.0,0.0,1.0,0.0,1.0,0.0,0.0124513335048452,,0.8397960607229505,,,LLLA
A1,embedding_only,,,26.0,0.8846153846153846,0.7142857142857143,0.2611737847328186,0.1393428742885589,0.1211206580583866,0.8700281977653503,0.4152799248695373,0.3095153272151947,0.1057646349072456,0.9565217391304348,0.6388888888888888,0.5797101449275363,0.2768115942028986,0.8846153846153846,0.1153846153846154,0.88,0.12,0.9166666666666666,0.0833333333333333,1.0,0.0,1.0,0.0,1.0,0.0,0.011711688534431,,0.7663521182273951,,,LLLA
A1,xyz_only,,,26.0,0.8076923076923077,0.3896713615023475,0.4556794762611389,0.2453813701868057,0.1064654370913138,0.8850587010383606,0.3250211477279663,0.2622529864311218,0.0627681314945221,0.9619047619047618,0.81,0.9523809523809524,0.71,0.8076923076923077,0.1923076923076923,0.84,0.16,0.8333333333333334,0.1666666666666666,0.9523809523809524,0.0476190476190476,1.0,0.0,1.0,0.0,0.0266070551522056,,0.3576271598532216,,,LLLA
A1,embedding_and_xyz,,,26.0,0.7692307692307693,0.267605633802817,0.5184036493301392,0.2742122113704681,0.1543479172083048,0.8846107721328735,0.3414191901683807,0.2644633650779724,0.0769558623433113,1.0,1.0,1.0,1.0,0.7692307692307693,0.2307692307692307,0.8,0.1999999999999999,0.8333333333333334,0.1666666666666666,0.9523809523809524,0.0476190476190476,1.0,0.0,1.0,0.0,0.0288851616610813,,0.3576271598532216,,,LLLA
A10,real,,,19.0,0.5789473684210527,0.3968253968253968,0.7900938987731934,0.4626959264278412,0.3071287588069313,0.732464075088501,0.7416495084762573,0.5933049917221069,0.1483445614576339,0.9204545454545454,0.899440836940837,0.8636363636363636,0.8260281385281385,0.5789473684210527,0.4210526315789473,0.5789473684210527,0.4210526315789473,0.6111111111111112,0.3888888888888888,0.6875,0.3125,0.7142857142857143,0.2857142857142857,0.9,0.0999999999999999,0.1372422380997418,,1.2381696412229657,,,LLLA
A10,embedding_only,,,19.0,0.6842105263157895,0.4933333333333333,0.7398650050163269,0.4539980590343475,0.2951530092640926,0.699205756187439,0.7959946990013123,0.6270197033882141,0.1689751595258712,0.6923076923076923,0.439983164983165,0.7307692307692307,0.6074786324786324,0.6842105263157895,0.3157894736842105,0.6842105263157895,0.3157894736842105,0.6666666666666666,0.3333333333333333,0.625,0.375,0.7142857142857143,0.2857142857142857,0.8,0.1999999999999999,0.1527802358053295,,1.1643645119349335,,,LLLA
A10,xyz_only,,,19.0,0.3684210526315789,0.2549019607843137,2.4222657680511475,1.1093600988388062,0.6181129640654514,0.8317098617553711,0.5626711845397949,0.4068076312541961,0.1558635681867599,0.1071428571428571,0.472383348147667,0.1428571428571428,0.4812006882150071,0.3684210526315789,0.631578947368421,0.3684210526315789,0.631578947368421,0.3333333333333333,0.6666666666666667,0.3125,0.6875,0.2142857142857142,0.7857142857142857,0.1,0.9,0.8319232170523517,,0.8092054732283176,,,LLLA
A10,embedding_and_xyz,,,19.0,0.3157894736842105,0.1711409395973154,2.2026925086975098,1.1333231925964355,0.5430700073116704,0.7665640115737915,0.7044904828071594,0.4938187897205353,0.2106716781854629,0.1923076923076923,0.6118490959703153,0.2051282051282051,0.6233875575087768,0.3157894736842105,0.6842105263157895,0.3157894736842105,0.6842105263157895,0.3333333333333333,0.6666666666666667,0.3125,0.6875,0.2857142857142857,0.7142857142857143,0.0,1.0,0.8348120180020946,,0.6581099875431143,,,LLLA
A11,real,,,17.0,0.8823529411764706,0.7792207792207793,0.2527019679546356,0.125910684466362,0.1284580020343556,0.8524959683418274,0.3844974040985107,0.3396353423595428,0.0448620803654193,1.0,1.0,1.0,1.0,0.8823529411764706,0.1176470588235294,0.8823529411764706,0.1176470588235294,0.9375,0.0625,1.0,0.0,1.0,0.0,1.0,0.0,0.007136678200692,,1.0053874327555714,,,LLLA
A11,embedding_only,,,17.0,0.8235294117647058,0.6751592356687898,0.3915926814079284,0.2298316806554794,0.2009805668802822,0.8301281929016113,0.4660697281360626,0.3842197954654693,0.0818499103188514,0.9523809523809524,0.8055555555555556,0.8809523809523809,0.6666666666666667,0.8235294117647058,0.1764705882352941,0.8235294117647058,0.1764705882352941,0.875,0.125,0.9285714285714286,0.0714285714285714,1.0,0.0,1.0,0.0,0.0245880705223265,,0.9560443809671456,,,LLLA
A11,xyz_only,,,17.0,0.5882352941176471,0.0,1.16888427734375,0.6108625531196594,0.3112403925727395,0.899475634098053,0.3357693254947662,0.2721296548843384,0.0636396557092666,1.0,1.0,1.0,1.0,0.5882352941176471,0.4117647058823529,0.5882352941176471,0.4117647058823529,0.625,0.375,0.7142857142857143,0.2857142857142857,0.8333333333333334,0.1666666666666666,1.0,0.0,0.0993102917843402,,-0.0,,,LLLA
A11,embedding_and_xyz,,,17.0,0.5882352941176471,0.0,1.1209853887557983,0.5830860137939453,0.2987296283245086,0.8691428303718567,0.3953127264976501,0.3112472593784332,0.0840654671192169,1.0,1.0,1.0,1.0,0.5882352941176471,0.4117647058823529,0.5882352941176471,0.4117647058823529,0.625,0.375,0.7142857142857143,0.2857142857142857,0.8333333333333334,0.1666666666666666,1.0,0.0,0.0993102917843402,,-0.0,,,LLLA
A2,real,,,16.0,0.9375,0.8896551724137931,0.2907916903495788,0.1655013412237167,0.203429838642478,0.8234295845031738,0.4705820977687835,0.40642911195755,0.0641529858112335,0.6,0.1428571428571428,0.6666666666666667,0.1666666666666666,0.9375,0.0625,0.9375,0.0625,0.9333333333333332,0.0666666666666666,0.9230769230769232,0.0769230769230768,0.9166666666666666,0.0833333333333333,1.0,0.0,0.0325319212037962,,0.9214934308679616,,,LLLA
A2,embedding_only,,,16.0,0.9375,0.8896551724137931,0.2419207692146301,0.1249086633324623,0.179490327835083,0.8378279805183411,0.4710220098495483,0.3961763381958008,0.0748456493020057,0.6666666666666667,0.1666666666666666,0.6,0.1428571428571428,0.9375,0.0625,0.9375,0.0625,0.9333333333333332,0.0666666666666666,0.9230769230769232,0.0769230769230768,0.9166666666666666,0.0833333333333333,1.0,0.0,0.0262819212037962,,0.9214934308679616,,,LLLA
A2,xyz_only,,,16.0,0.75,0.5076923076923077,0.7250414490699768,0.4228046536445617,0.2238566130399704,0.8286065459251404,0.4419047832489013,0.3582282960414886,0.0836765244603157,0.7916666666666666,0.4928571428571429,0.7708333333333334,0.4511904761904762,0.75,0.25,0.75,0.25,0.7333333333333333,0.2666666666666667,0.7692307692307693,0.2307692307692307,0.75,0.25,1.0,0.0,0.0855337370962371,,0.482577565177012,,,LLLA
A2,embedding_and_xyz,,,16.0,0.6875,0.3846153846153846,0.6444963812828064,0.3784286975860595,0.2453147172927856,0.8198570013046265,0.4639893174171448,0.3722303509712219,0.0917590036988258,0.8909090909090909,0.7961904761904761,0.8727272727272727,0.7295238095238095,0.6875,0.3125,0.6875,0.3125,0.7333333333333333,0.2666666666666667,0.7692307692307693,0.2307692307692307,0.75,0.25,1.0,0.0,0.0874868620962371,,0.482577565177012,,,LLLA
A3,real,,,14.0,0.7142857142857143,0.4814814814814814,0.4447124600410461,0.2461574226617813,0.2297200773443494,0.7714555859565735,0.6561192274093628,0.5379757285118103,0.1181434318423271,1.0,1.0,0.875,0.8611111111111112,0.7142857142857143,0.2857142857142857,0.7142857142857143,0.2857142857142857,0.7692307692307693,0.2307692307692307,0.8333333333333334,0.1666666666666666,1.0,0.0,1.0,0.0,0.0450858665144379,,0.6829081047004717,,,LLLA
A3,embedding_only,,,14.0,0.7142857142857143,0.4814814814814814,0.6055218577384949,0.3220328390598297,0.2270472241299492,0.7374049425125122,0.7754970192909241,0.610655665397644,0.1648412942886352,0.95,0.9166666666666666,0.775,0.5791666666666666,0.7142857142857143,0.2857142857142857,0.7142857142857143,0.2857142857142857,0.7692307692307693,0.2307692307692307,0.8333333333333334,0.1666666666666666,0.9,0.0999999999999999,1.0,0.0,0.060165231593803,,0.6829081047004717,,,LLLA
A3,xyz_only,,,14.0,0.7142857142857143,0.5692307692307692,0.8915449976921082,0.4603072702884674,0.3105092176369258,0.7627559304237366,0.6973703503608704,0.5112270712852478,0.1861433535814285,0.575,0.3916666666666666,0.6,0.3770833333333333,0.7142857142857143,0.2857142857142857,0.7142857142857143,0.2857142857142857,0.6923076923076923,0.3076923076923077,0.75,0.25,0.7,0.3,0.7142857142857143,0.2857142857142857,0.1911184054041197,,1.0346012329101812,,,LLLA
A3,embedding_and_xyz,,,14.0,0.6428571428571429,0.4776119402985074,0.9685128927230836,0.4871231913566589,0.2496244673218045,0.736188530921936,0.7564762830734253,0.5321843028068542,0.2242919355630874,0.6000000000000001,0.4655122655122654,0.6444444444444445,0.4909090909090908,0.6428571428571429,0.3571428571428571,0.6428571428571429,0.3571428571428571,0.6153846153846154,0.3846153846153846,0.6666666666666666,0.3333333333333333,0.7,0.3,0.7142857142857143,0.2857142857142857,0.2383955330383902,,0.9799711820833056,,,LLLA
A4,real,,,21.0,0.8571428571428571,0.7319148936170212,0.3376904428005218,0.2012859135866165,0.1633877910318828,0.8739557862281799,0.3939567804336548,0.3247125148773193,0.0692442134022712,0.8518518518518519,0.4206349206349206,0.8518518518518519,0.4111111111111111,0.8571428571428571,0.1428571428571429,0.85,0.15,0.8421052631578947,0.1578947368421053,0.9411764705882352,0.0588235294117647,0.9333333333333332,0.0666666666666666,1.0,0.0,0.0323059340695342,,0.9019513816860838,,,LLLA
A4,embedding_only,,,21.0,0.8095238095238095,0.6394849785407726,0.3967847228050232,0.2276492565870285,0.181158477351779,0.8516674041748047,0.5120745897293091,0.4119483828544616,0.1001262068748474,1.0,1.0,0.8970588235294118,0.8409090909090909,0.8095238095238095,0.1904761904761904,0.85,0.15,0.8947368421052632,0.1052631578947368,1.0,0.0,1.0,0.0,1.0,0.0,0.0193360385089708,,0.8359373644898986,,,LLLA
A4,xyz_only,,,21.0,0.7619047619047619,0.5138888888888888,0.5744379758834839,0.3313497006893158,0.1257825408663068,0.8507959246635437,0.4125398397445678,0.3187884390354156,0.0937514081597328,0.8625,0.5726190476190476,0.7750000000000001,0.5809523809523809,0.7619047619047619,0.2380952380952381,0.75,0.25,0.7894736842105263,0.2105263157894736,0.8235294117647058,0.1764705882352941,0.8666666666666667,0.1333333333333333,1.0,0.0,0.0626177664048075,,0.7091152575824364,,,LLLA
A4,embedding_and_xyz,,,21.0,0.8095238095238095,0.6129032258064516,0.635591983795166,0.3302205502986908,0.1940616411822182,0.8511723875999451,0.4142910540103912,0.3147452771663666,0.0995457842946052,0.8088235294117647,0.4154761904761905,0.7205882352941176,0.3507326007326007,0.8095238095238095,0.1904761904761904,0.8,0.1999999999999999,0.7894736842105263,0.2105263157894736,0.8235294117647058,0.1764705882352941,0.8666666666666667,0.1333333333333333,1.0,0.0,0.0561268366995921,,0.6680178186607535,,,LLLA
A5,real,,,16.0,0.625,0.3424657534246575,0.9038618803024292,0.5061937570571899,0.2818302847445011,0.8569552302360535,0.3885785341262817,0.3389830589294433,0.0495954900979995,0.9,0.8357142857142856,0.9333333333333332,0.8972222222222223,0.625,0.375,0.625,0.375,0.6666666666666666,0.3333333333333333,0.6923076923076923,0.3076923076923077,0.75,0.25,1.0,0.0,0.1160730762293262,,0.6615632381579821,,,LLLA
A5,embedding_only,,,16.0,0.5625,0.2866242038216561,0.8841379284858704,0.5278886556625366,0.3016868717968464,0.8506724834442139,0.4204229116439819,0.3584063649177551,0.062016561627388,0.9523809523809524,0.9379251700680272,0.984126984126984,0.9821428571428572,0.5625,0.4375,0.5625,0.4375,0.6,0.4,0.6923076923076923,0.3076923076923077,0.75,0.25,1.0,0.0,0.1323389717920968,,0.8647400965276372,,,LLLA
A5,xyz_only,,,16.0,0.6875,0.0,1.0311477184295654,0.4831113219261169,0.2553404867649078,0.9194294810295104,0.2885553538799286,0.2440270334482193,0.044528305530548,1.0,1.0,1.0,1.0,0.6875,0.3125,0.6875,0.3125,0.7333333333333333,0.2666666666666667,0.8461538461538461,0.1538461538461538,0.9166666666666666,0.0833333333333333,1.0,0.0,0.0546488667582417,,-0.0,,,LLLA
A5,embedding_and_xyz,,,16.0,0.6875,0.0,1.022213101387024,0.487653374671936,0.2445307038724422,0.923280954360962,0.2897698879241943,0.2386416792869568,0.0511281974613666,1.0,1.0,1.0,1.0,0.6875,0.3125,0.6875,0.3125,0.7333333333333333,0.2666666666666667,0.8461538461538461,0.1538461538461538,0.9166666666666666,0.0833333333333333,1.0,0.0,0.0546488667582417,,-0.0,,,LLLA
A6,real,,,16.0,0.9375,0.8918918918918919,0.2541356980800628,0.1386580169200897,0.0904619544744491,0.8520551919937134,0.4097233414649963,0.3622119426727295,0.0475114099681377,0.9333333333333332,0.5,1.0,1.0,0.9375,0.0625,0.9375,0.0625,0.9333333333333332,0.0666666666666666,1.0,0.0,1.0,0.0,1.0,0.0,0.0061197916666666,,1.0337005498525014,,,LLLA
A6,embedding_only,,,16.0,0.9375,0.8926174496644296,0.2243226766586303,0.1104823499917984,0.1651160512119531,0.8272836208343506,0.4525532126426697,0.3852283060550689,0.0673248842358589,1.0,1.0,1.0,1.0,0.9375,0.0625,0.9375,0.0625,1.0,0.0,1.0,0.0,1.0,0.0,1.0,0.0,0.001953125,,0.9840865030829146,,,LLLA
A6,xyz_only,,,16.0,0.5625,0.0,0.9738109707832336,0.5717443823814392,0.3071765415370464,0.8696765899658203,0.3927378952503204,0.3165731430053711,0.0761647224426269,1.0,1.0,1.0,1.0,0.5625,0.4375,0.5625,0.4375,0.6,0.4,0.6923076923076923,0.3076923076923077,0.75,0.25,1.0,0.0,0.1134627091658341,,-0.0,,,LLLA
A6,embedding_and_xyz,,,16.0,0.5625,0.0,1.1254823207855225,0.6019822359085083,0.3253788948059082,0.887878954410553,0.3457488119602203,0.2717493176460266,0.0739995241165161,1.0,1.0,1.0,1.0,0.5625,0.4375,0.5625,0.4375,0.6,0.4,0.6923076923076923,0.3076923076923077,0.75,0.25,1.0,0.0,0.1134627091658341,,-0.0,,,LLLA
A7,real,,,17.0,0.8823529411764706,0.7671232876712328,0.449088990688324,0.2219954133033752,0.0996722368633045,0.7826806902885437,0.6964398622512817,0.5514854788780212,0.144954428076744,0.8333333333333334,0.4166666666666666,0.6,0.2159090909090909,0.8823529411764706,0.1176470588235294,0.8823529411764706,0.1176470588235294,0.875,0.125,0.9285714285714286,0.0714285714285714,0.9166666666666666,0.0833333333333333,1.0,0.0,0.0283632457507889,,0.6914160776171183,,,LLLA
A7,embedding_only,,,17.0,0.7058823529411765,0.5277777777777778,0.6742337346076965,0.3799733519554138,0.1262228050652672,0.6713324785232544,0.8056476712226868,0.6259052157402039,0.1797424405813217,0.8333333333333334,0.6787301587301587,0.65,0.4022222222222222,0.7058823529411765,0.2941176470588235,0.7058823529411765,0.2941176470588235,0.75,0.25,0.7857142857142857,0.2142857142857143,0.8333333333333334,0.1666666666666666,0.8888888888888888,0.1111111111111111,0.0981397879321754,,1.205697772011519,,,LLLA
A7,xyz_only,,,17.0,0.7647058823529411,0.5696202531645569,0.4468688070774078,0.2396058142185211,0.1873257195248323,0.7860633134841919,0.6388992071151733,0.449895292520523,0.1890038400888443,0.9807692307692308,0.95,0.9615384615384616,0.9166666666666666,0.7647058823529411,0.2352941176470588,0.7647058823529411,0.2352941176470588,0.8125,0.1875,0.9285714285714286,0.0714285714285714,1.0,0.0,1.0,0.0,0.0345195317946182,,0.8938885362449964,,,LLLA
A7,embedding_and_xyz,,,17.0,0.8235294117647058,0.6832298136645962,0.4922411441802978,0.251287579536438,0.1409322724622838,0.7823663353919983,0.6742141246795654,0.4697568416595459,0.2044573277235031,0.9285714285714286,0.8333333333333333,1.0,1.0,0.8235294117647058,0.1764705882352941,0.8235294117647058,0.1764705882352941,0.875,0.125,0.9285714285714286,0.0714285714285714,0.9166666666666666,0.0833333333333333,1.0,0.0,0.0300933495570173,,0.958691859325372,,,LLLA
A8,real,,,13.0,0.8461538461538461,0.717391304347826,0.3287281692028045,0.1898739486932754,0.1462936515991504,0.8401015996932983,0.4788486659526825,0.3815343976020813,0.0973143130540847,0.9090909090909092,0.75,0.7272727272727273,0.625,0.8461538461538461,0.1538461538461538,0.8461538461538461,0.1538461538461538,0.9166666666666666,0.0833333333333333,0.9090909090909092,0.0909090909090909,0.9,0.0999999999999999,1.0,0.0,0.0270127308588847,,0.8981370031878679,,,LLLA
A8,embedding_only,,,13.0,0.9230769230769232,0.8470588235294118,0.3383550345897674,0.179376870393753,0.1917194792857537,0.8115463256835938,0.5896117091178894,0.4557974934577942,0.1338142156600952,0.5,0.1428571428571428,0.1666666666666666,0.0909090909090909,0.9230769230769232,0.0769230769230768,0.9230769230769232,0.0769230769230768,0.9166666666666666,0.0833333333333333,0.9090909090909092,0.0909090909090909,0.9,0.0999999999999999,0.8571428571428571,0.1428571428571429,0.053205555128632,,0.6901856760188042,,,LLLA
A8,xyz_only,,,13.0,0.8461538461538461,0.6976744186046511,0.6311025619506836,0.3519011735916137,0.3247957825660706,0.7048082947731018,0.8022403120994568,0.5058637261390686,0.2963765859603882,0.5454545454545454,0.2261904761904761,0.5,0.2083333333333333,0.8461538461538461,0.1538461538461538,0.8461538461538461,0.1538461538461538,0.8333333333333334,0.1666666666666666,0.8181818181818182,0.1818181818181817,0.8,0.1999999999999999,0.8571428571428571,0.1428571428571429,0.0954220992682531,,0.666278442414676,,,LLLA
A8,embedding_and_xyz,,,13.0,0.6923076923076923,0.4090909090909091,0.6351073980331421,0.3606435656547546,0.1773624282616835,0.709930419921875,0.8110771179199219,0.5086343288421631,0.3024428188800812,0.7222222222222222,0.6,0.6388888888888888,0.5659090909090909,0.6923076923076923,0.3076923076923077,0.6923076923076923,0.3076923076923077,0.75,0.25,0.7272727272727273,0.2727272727272727,0.7,0.3,0.8571428571428571,0.1428571428571429,0.1438023514946591,,0.5402041423888608,,,LLLA
A9,real,,,19.0,0.7894736842105263,0.6161616161616161,0.8320377469062805,0.4087893962860107,0.2011033265214217,0.8812209963798523,0.4066733419895172,0.3321475088596344,0.074525848031044,0.3666666666666666,0.2042780748663101,0.25,0.2109649122807017,0.7894736842105263,0.2105263157894736,0.7894736842105263,0.2105263157894736,0.7777777777777778,0.2222222222222222,0.75,0.25,0.7857142857142857,0.2142857142857143,0.7,0.3,0.2385759298909046,,0.7659373365785205,,,LLLA
A9,embedding_only,,,19.0,0.6842105263157895,0.4,0.9153525829315186,0.4513430893421173,0.2277614380183972,0.8403170704841614,0.4977496862411499,0.3843320906162262,0.1134175881743431,0.5897435897435898,0.4722222222222222,0.4743589743589743,0.3743908382066276,0.6842105263157895,0.3157894736842105,0.6842105263157895,0.3157894736842105,0.6666666666666666,0.3333333333333333,0.75,0.25,0.7857142857142857,0.2142857142857143,0.7,0.3,0.27075777769928,,0.5763341277567499,,,LLLA
A9,xyz_only,,,19.0,0.6842105263157895,0.4000000000000001,0.9949327707290648,0.5188062787055969,0.2331880550635488,0.7643703818321228,0.6769871711730957,0.4652840495109558,0.2117031812667846,0.4358974358974358,0.4250992063492064,0.4358974358974359,0.4419289645682834,0.6842105263157895,0.3157894736842105,0.6842105263157895,0.3157894736842105,0.7222222222222222,0.2777777777777778,0.6875,0.3125,0.6428571428571429,0.3571428571428571,0.7,0.3,0.3412941857356881,,0.5146531654289292,,,LLLA
A9,embedding_and_xyz,,,19.0,0.631578947368421,0.3000000000000001,1.110613226890564,0.5650388598442078,0.3284114787453099,0.7734073996543884,0.6464492678642273,0.4307110011577606,0.2157381772994995,0.5952380952380952,0.474587912087912,0.6071428571428572,0.4702922077922078,0.631578947368421,0.368421052631579,0.631578947368421,0.368421052631579,0.6111111111111112,0.3888888888888888,0.625,0.375,0.6428571428571429,0.3571428571428571,0.7,0.3,0.2653776030425859,,0.5146531654289292,,,LLLA
C1,real,,,44.0,0.2045454545454545,0.1510474090407939,2.052884817123413,0.9049131870269777,0.3905155916105617,0.5512786507606506,1.200551152229309,0.6962279081344604,0.5043230652809143,0.9111111111111112,0.9583799413160716,0.9396825396825396,0.9789998093098892,0.2045454545454545,0.7954545454545454,0.2142857142857142,0.7857142857142857,0.225,0.775,0.2222222222222222,0.7777777777777778,0.2580645161290322,0.7419354838709677,0.3636363636363636,0.6363636363636364,0.503753546067332,,1.099941856009813,,,LLLA
C1,embedding_only,,,44.0,0.2045454545454545,0.1612200435729849,2.0876379013061523,0.8860846161842346,0.3420234810222278,0.5210753083229065,1.234376311302185,0.7067766785621643,0.5275996923446655,0.9396825396825396,0.9806288819915934,0.961904761904762,0.989678395395144,0.2045454545454545,0.7954545454545454,0.2142857142857142,0.7857142857142857,0.225,0.775,0.25,0.75,0.2903225806451613,0.7096774193548387,0.3636363636363636,0.6363636363636364,0.5016911852449686,,1.0908848167329757,,,LLLA
C1,xyz_only,,,44.0,0.1363636363636363,0.1039657020364415,2.736492872238159,1.1482675075531006,0.4862034029581329,0.5892987847328186,1.121841311454773,0.6609840989112854,0.4608571231365204,0.7236842105263158,0.955061202242814,0.8333333333333335,0.9750617681599976,0.1363636363636363,0.8636363636363636,0.1428571428571428,0.8571428571428572,0.15,0.85,0.1666666666666666,0.8333333333333334,0.1935483870967742,0.8064516129032258,0.2727272727272727,0.7272727272727273,0.8051133806425802,,0.9112839678132568,,,LLLA
C1,embedding_and_xyz,,,44.0,0.1363636363636363,0.1087420042643924,2.7462470531463623,1.1345165967941284,0.4229500456289811,0.5593137145042419,1.1728148460388184,0.6822324395179749,0.4905824363231659,0.7105263157894737,0.9472311558154528,0.8640350877192982,0.9793789867422996,0.1363636363636363,0.8636363636363636,0.1428571428571428,0.8571428571428572,0.15,0.85,0.1666666666666666,0.8333333333333334,0.1935483870967742,0.8064516129032258,0.2272727272727272,0.7727272727272727,0.7930006736274943,,0.979421422793644,,,LLLA
C1P,real,,,44.0,0.75,0.6344410876132931,0.681953489780426,0.3575291633605957,0.234350439499725,0.7000179886817932,0.90923410654068,0.5762885212898254,0.3329454958438873,0.5537190082644627,0.4962643417188872,0.4352617079889807,0.3906489876127917,0.75,0.25,0.7857142857142857,0.2142857142857143,0.8,0.1999999999999999,0.8055555555555556,0.1944444444444444,0.8064516129032258,0.1935483870967742,0.7272727272727273,0.2727272727272727,0.2363555936921914,,1.3059682050370218,,,LLLA
C1P,embedding_only,,,44.0,0.75,0.6322188449848025,0.7874464392662048,0.3922310769557953,0.2324952110648155,0.6438090801239014,1.0496004819869995,0.6371203660964966,0.4124800562858581,0.559228650137741,0.3948481896052228,0.4931129476584022,0.366770137133126,0.75,0.25,0.7619047619047619,0.2380952380952381,0.775,0.2249999999999999,0.7777777777777778,0.2222222222222222,0.7741935483870968,0.2258064516129032,0.7727272727272727,0.2272727272727273,0.254551378273404,,1.302669691222264,,,LLLA
C1P,xyz_only,,,44.0,0.6363636363636364,0.5104311543810849,1.035833716392517,0.5252160429954529,0.124771047044884,0.5521302819252014,1.2018346786499023,0.7386931777000427,0.4631416201591491,0.7611607142857143,0.6423856033708919,0.7522321428571429,0.639687743766229,0.6363636363636364,0.3636363636363636,0.6666666666666666,0.3333333333333333,0.675,0.3249999999999999,0.6944444444444444,0.3055555555555556,0.7741935483870968,0.2258064516129032,0.7727272727272727,0.2272727272727273,0.1718879990286323,,1.3007325689669518,,,LLLA
C1P,embedding_and_xyz,,,44.0,0.5227272727272727,0.3984375,1.2950705289840698,0.5978962779045105,0.1413093757900324,0.5436984300613403,1.2568501234054563,0.7422462105751038,0.5146039724349976,0.7018633540372672,0.6044703475474698,0.6563146997929606,0.6554170332239435,0.5227272727272727,0.4772727272727273,0.5,0.5,0.525,0.475,0.5555555555555556,0.4444444444444444,0.5806451612903226,0.4193548387096774,0.6818181818181818,0.3181818181818182,0.2867050189040603,,1.1333607866064563,,,LLLA
C2,real,,,44.0,0.4318181818181818,0.2592592592592593,1.9471745491027832,0.7818267941474915,0.3259597976099361,0.5924652218818665,1.1521586179733276,0.7029706239700317,0.4491879642009735,0.4589473684210526,0.590154569777422,0.4736842105263158,0.6265305057466728,0.4318181818181818,0.5681818181818181,0.4285714285714285,0.5714285714285714,0.425,0.575,0.4166666666666667,0.5833333333333333,0.4516129032258064,0.5483870967741935,0.4545454545454545,0.5454545454545454,0.6400276273875382,,0.8422123172897906,,,LLLA
C2,embedding_only,,,44.0,0.3863636363636363,0.2111553784860558,1.8703765869140625,0.7857652902603149,0.273369585248557,0.5730369091033936,1.1657122373580933,0.7098827362060547,0.4558295011520386,0.4248366013071895,0.5898328347720543,0.4226579520697168,0.6309371304256326,0.3863636363636363,0.6136363636363636,0.3809523809523809,0.6190476190476191,0.375,0.625,0.3611111111111111,0.6388888888888888,0.4193548387096774,0.5806451612903225,0.3181818181818182,0.6818181818181819,0.6819863082675333,,0.993230217139768,,,LLLA
C2,xyz_only,,,44.0,0.6136363636363636,0.4354716981132076,1.6332592964172363,0.6877918243408203,0.3358106464147567,0.503131091594696,1.314118266105652,0.7615553140640259,0.5525628924369812,0.3986928104575163,0.4289106331585992,0.411764705882353,0.4137394074039681,0.6136363636363636,0.3863636363636363,0.6190476190476191,0.3809523809523809,0.65,0.35,0.6388888888888888,0.3611111111111111,0.6451612903225806,0.3548387096774194,0.5454545454545454,0.4545454545454546,0.5176160141905745,,1.2319580057531103,,,LLLA
C2,embedding_and_xyz,,,44.0,0.5454545454545454,0.3595342066957787,1.5863080024719238,0.704026460647583,0.2257420400326902,0.4903779327869415,1.3190064430236816,0.7672463059425354,0.5517601370811462,0.31875,0.3735156069419323,0.3,0.3621120996572074,0.5454545454545454,0.4545454545454546,0.5238095238095238,0.4761904761904761,0.525,0.475,0.5277777777777778,0.4722222222222222,0.4838709677419355,0.5161290322580645,0.3636363636363636,0.6363636363636364,0.5837479550252656,,1.3972788636582745,,,LLLA
C2P,real,,,44.0,0.9090909090909092,0.8450704225352113,0.4083835482597351,0.1779084056615829,0.2239849438721483,0.7006381154060364,0.9389389157295228,0.6259211301803589,0.3130176961421966,0.5625,0.3343253968253968,0.35625,0.0852848764139086,0.9090909090909092,0.0909090909090909,0.9285714285714286,0.0714285714285714,0.925,0.0749999999999999,0.9166666666666666,0.0833333333333333,0.9032258064516128,0.0967741935483871,0.8636363636363636,0.1363636363636363,0.0608506644146953,,1.0721715949429826,,,LLLA
C2P,embedding_only,,,44.0,0.8409090909090909,0.7333333333333334,0.6352707147598267,0.2919613122940063,0.2480390234427018,0.6361881494522095,1.0947073698043823,0.7236869931221008,0.3710204362869262,0.5714285714285714,0.3354015169286105,0.3474903474903474,0.1411878153659702,0.8409090909090909,0.159090909090909,0.8571428571428571,0.1428571428571429,0.85,0.15,0.8611111111111112,0.1388888888888888,0.8387096774193549,0.1612903225806451,0.8181818181818182,0.1818181818181817,0.1146731565569887,,1.1353463298057584,,,LLLA
C2P,xyz_only,,,44.0,0.5454545454545454,0.4078061911170929,1.0635857582092283,0.5649699568748474,0.1868416152217171,0.6295138001441956,1.0803964138031006,0.7378197312355042,0.3425765037536621,0.5854166666666667,0.562022596930515,0.6229166666666667,0.5584277922118213,0.5454545454545454,0.4545454545454546,0.5476190476190477,0.4523809523809523,0.575,0.425,0.5833333333333334,0.4166666666666666,0.5806451612903226,0.4193548387096774,0.5909090909090909,0.409090909090909,0.4173276133554514,,1.1983110885754211,,,LLLA
C2P,embedding_and_xyz,,,44.0,0.4318181818181818,0.2720052945069491,1.5538166761398315,0.7144545912742615,0.2041801017793742,0.613739013671875,1.1161088943481443,0.7296430468559265,0.3864659368991852,0.5936842105263158,0.6641652384381551,0.6778947368421053,0.7122805769611931,0.4318181818181818,0.5681818181818181,0.4523809523809524,0.5476190476190477,0.45,0.55,0.4444444444444444,0.5555555555555556,0.4516129032258064,0.5483870967741935,0.5,0.5,0.4761422162901879,,1.061150397637525,,,LLLA
C3,real,,,44.0,0.75,0.5820379965457685,0.6213628649711609,0.3417830765247345,0.1719074804674495,0.731209933757782,0.8463006615638733,0.5694692134857178,0.2768315076828003,0.8154269972451791,0.4998503417969822,0.7162534435261708,0.3932631366454896,0.75,0.25,0.7380952380952381,0.2619047619047618,0.775,0.2249999999999999,0.7777777777777778,0.2222222222222222,0.8709677419354839,0.1290322580645161,0.9090909090909092,0.0909090909090909,0.0832967200550992,,0.8070386621053083,,,LLLA
C3,embedding_only,,,44.0,0.7045454545454546,0.4973637961335676,0.6917200088500977,0.3767805993556976,0.1590007719668475,0.6862125992774963,0.929618775844574,0.6185401678085327,0.3110785782337188,0.7394540942928041,0.4537161315087736,0.6178660049627791,0.3805737687643614,0.7045454545454546,0.2954545454545454,0.6904761904761905,0.3095238095238095,0.7,0.3,0.7222222222222222,0.2777777777777778,0.8064516129032258,0.1935483870967742,0.8636363636363636,0.1363636363636363,0.1315299204822184,,0.6670936741211575,,,LLLA
C3,xyz_only,,,44.0,0.5454545454545454,0.1269841269841269,1.4410488605499268,0.6989659667015076,0.3789859881455248,0.8719282746315002,0.4113220870494842,0.2942435443401336,0.1170785501599311,0.8645833333333334,0.7314339784611525,0.6229166666666667,0.5667385114601906,0.5454545454545454,0.4545454545454546,0.5238095238095238,0.4761904761904761,0.55,0.4499999999999999,0.6111111111111112,0.3888888888888888,0.7096774193548387,0.2903225806451612,0.8636363636363636,0.1363636363636363,0.1772086395071893,,0.1849073991677756,,,LLLA
C3,embedding_and_xyz,,,44.0,0.5,0.0,1.6600589752197266,0.7848191857337952,0.3919685279781167,0.8919684886932373,0.393302708864212,0.2686422765254974,0.1246604695916175,0.8760330578512396,0.8745702253291521,0.6632231404958677,0.6858193315657233,0.5,0.5,0.5238095238095238,0.4761904761904761,0.55,0.4499999999999999,0.6111111111111112,0.3888888888888888,0.6451612903225806,0.3548387096774194,0.8181818181818182,0.1818181818181817,0.221079951498904,,-0.0,,,LLLA
C3P,real,,,44.0,0.8181818181818182,0.6631578947368422,0.5855879783630371,0.320507287979126,0.1717206673188643,0.8183547854423523,0.6134636998176575,0.4109744727611542,0.2024892717599868,0.4861111111111111,0.1810005779763844,0.3229166666666667,0.1497534691894744,0.8181818181818182,0.1818181818181817,0.8095238095238095,0.1904761904761904,0.8,0.1999999999999999,0.7777777777777778,0.2222222222222222,0.7741935483870968,0.2258064516129032,0.8181818181818182,0.1818181818181817,0.140717889017059,,0.7755029276062699,,,LLLA
C3P,embedding_only,,,44.0,0.7954545454545454,0.6199616122840691,0.7159214019775391,0.3559834659099579,0.2069553922523151,0.7777991890907288,0.7061278820037842,0.4564798474311828,0.2496480047702789,0.3428571428571428,0.1713111351637365,0.2380952380952381,0.1463368587382217,0.7954545454545454,0.2045454545454545,0.7857142857142857,0.2142857142857143,0.775,0.2249999999999999,0.75,0.25,0.7741935483870968,0.2258064516129032,0.7727272727272727,0.2272727272727273,0.2761677758873539,,0.7559829155446122,,,LLLA
C3P,xyz_only,,,44.0,0.5454545454545454,0.125248508946322,1.220852255821228,0.6821114420890808,0.3510166393084959,0.8964712023735046,0.3220600187778473,0.2638575732707977,0.0582024455070495,0.7791666666666667,0.7101969841477206,0.3791666666666666,0.3950079918600823,0.5454545454545454,0.4545454545454546,0.5476190476190477,0.4523809523809523,0.55,0.4499999999999999,0.6111111111111112,0.3888888888888888,0.7096774193548387,0.2903225806451612,0.7272727272727273,0.2727272727272727,0.2377989736889909,,0.1849073991677756,,,LLLA
C3P,embedding_and_xyz,,,44.0,0.5227272727272727,0.0638297872340426,1.4343987703323364,0.7448529601097107,0.4000314528291875,0.899658203125,0.312953233718872,0.2487062066793441,0.0642469972372055,0.7142857142857142,0.7353642605857444,0.3706004140786749,0.4577789734327833,0.5227272727272727,0.4772727272727273,0.5238095238095238,0.4761904761904761,0.55,0.4499999999999999,0.6111111111111112,0.3888888888888888,0.6774193548387096,0.3225806451612903,0.6818181818181818,0.3181818181818182,0.3493412587891487,,0.108471339035916,,,LLLA
C4,real,,,44.0,0.8636363636363636,0.724713242961418,0.3822965919971466,0.2101934552192688,0.123309010809118,0.8741325736045837,0.4429021775722503,0.3207125961780548,0.1221896484494209,0.7280701754385965,0.4296166796166796,0.3771929824561403,0.1202586611028055,0.8636363636363636,0.1363636363636363,0.8809523809523809,0.119047619047619,0.9,0.0999999999999999,0.8888888888888888,0.1111111111111111,0.9032258064516128,0.0967741935483871,0.9545454545454546,0.0454545454545454,0.0556285317792496,,0.7338090498059543,,,LLLA
C4,embedding_only,,,44.0,0.8181818181818182,0.624332977588047,0.4931153059005737,0.281178206205368,0.0874874063513496,0.8554826378822327,0.4929700791835785,0.34571573138237,0.1472543329000473,0.6493055555555556,0.3137841776386668,0.3680555555555555,0.154190137698825,0.8181818181818182,0.1818181818181817,0.8095238095238095,0.1904761904761904,0.825,0.175,0.8611111111111112,0.1388888888888888,0.8709677419354839,0.1290322580645161,0.9090909090909092,0.0909090909090909,0.1194232680996171,,0.6808699728832677,,,LLLA
C4,xyz_only,,,44.0,0.6136363636363636,0.0822085889570553,1.0503281354904177,0.574264645576477,0.3203540498560125,0.9095687866210938,0.2686320543289184,0.2227931022644043,0.0458389297127723,0.877995642701525,0.7980229765726724,0.5969498910675382,0.5078448211850474,0.6136363636363636,0.3863636363636363,0.6190476190476191,0.3809523809523809,0.65,0.35,0.7222222222222222,0.2777777777777778,0.8387096774193549,0.1612903225806451,0.8636363636363636,0.1363636363636363,0.1381842524850069,,0.108471339035916,,,LLLA
C4,embedding_and_xyz,,,44.0,0.5909090909090909,0.0,1.1905635595321655,0.6255194544792175,0.3339968621730804,0.9249059557914734,0.2573700845241546,0.2072894424200058,0.0500806421041488,0.8739316239316239,0.8741084342506977,0.6303418803418804,0.638921582171044,0.5909090909090909,0.409090909090909,0.6190476190476191,0.3809523809523809,0.65,0.35,0.7222222222222222,0.2777777777777778,0.8064516129032258,0.1935483870967742,0.8181818181818182,0.1818181818181817,0.1615148185100528,,-0.0,,,LLLA
C4P,real,,,44.0,0.9090909090909092,0.7643908969210174,0.2107382267713546,0.1120615527033805,0.0702540319074283,0.8668404221534729,0.4013296961784363,0.3152929544448852,0.0860367119312286,0.8687500000000001,0.4708333333333333,0.35,0.0846164272160477,0.9090909090909092,0.0909090909090909,0.9285714285714286,0.0714285714285714,0.925,0.0749999999999999,0.9444444444444444,0.0555555555555555,1.0,0.0,1.0,0.0,0.0169133187405326,,0.6149885530856121,,,LLLA
C4P,embedding_only,,,44.0,0.8409090909090909,0.5416666666666667,0.3594467341899872,0.1935727745294571,0.1020043248480016,0.8510931134223938,0.4359906911849975,0.3309014737606048,0.1050892770290374,0.8725868725868724,0.4867243867243866,0.5366795366795367,0.3453000628403854,0.8409090909090909,0.159090909090909,0.8333333333333334,0.1666666666666666,0.875,0.125,0.9166666666666666,0.0833333333333333,0.967741935483871,0.032258064516129,1.0,0.0,0.0355489223084652,,0.4597472786506893,,,LLLA
C4P,xyz_only,,,44.0,0.7272727272727273,0.0,0.5291575789451599,0.3521845042705536,0.1909067766232923,0.9181795716285706,0.2734049260616302,0.218745008111,0.0546599626541137,1.0,1.0,0.7526041666666666,0.6148619152651411,0.7272727272727273,0.2727272727272727,0.7619047619047619,0.2380952380952381,0.8,0.1999999999999999,0.8888888888888888,0.1111111111111111,1.0,0.0,1.0,0.0,0.0410966825244047,,-0.0,,,LLLA
C4P,embedding_and_xyz,,,44.0,0.7272727272727273,0.0,0.6698935031890869,0.3955226838588714,0.1998705294999209,0.9271432757377625,0.2656559348106384,0.2062438875436782,0.0594120509922504,0.96875,0.9583333333333334,0.7083333333333333,0.6035959919973204,0.7272727272727273,0.2727272727272727,0.7619047619047619,0.2380952380952381,0.8,0.1999999999999999,0.8888888888888888,0.1111111111111111,0.967741935483871,0.032258064516129,0.9545454545454546,0.0454545454545454,0.0515683993037874,,-0.0,,,LLLA
C5,real,,,44.0,0.9545454545454546,0.8888888888888888,0.2929248809814453,0.1150698736310005,0.1625273383476517,0.8181834816932678,0.6335880756378174,0.4518171548843384,0.1817708164453506,0.9166666666666666,0.3095238095238095,0.5238095238095238,0.0692640692640692,0.9545454545454546,0.0454545454545454,0.9523809523809524,0.0476190476190476,0.975,0.025,1.0,0.0,1.0,0.0,1.0,0.0,0.0049592047106919,,0.6870877444524535,,,LLLA
C5,embedding_only,,,44.0,0.9318181818181818,0.8314176245210728,0.2802087366580963,0.1154981851577758,0.1721159693869677,0.7977472543716431,0.643420934677124,0.462834358215332,0.1805864870548248,0.910569105691057,0.5575757575757576,0.4959349593495935,0.0906633906633906,0.9318181818181818,0.0681818181818182,0.9523809523809524,0.0476190476190476,0.95,0.05,0.9722222222222222,0.0277777777777777,1.0,0.0,1.0,0.0,0.0089033383095144,,0.6069636115082722,,,LLLA
C5,xyz_only,,,44.0,0.8863636363636364,0.6513470681458002,0.2883169651031494,0.1676122546195984,0.0982555645433339,0.8809669613838196,0.3904621303081512,0.3122796714305877,0.0781824737787246,0.882051282051282,0.3805555555555555,0.7076923076923076,0.1977731040888935,0.8863636363636364,0.1136363636363636,0.8809523809523809,0.119047619047619,0.9,0.0999999999999999,0.9444444444444444,0.0555555555555555,1.0,0.0,1.0,0.0,0.020366822214662,,0.4597472786506893,,,LLLA
C5,embedding_and_xyz,,,44.0,0.8636363636363636,0.5755627009646302,0.3801728188991546,0.2235735058784485,0.1568559550426223,0.8835864663124084,0.3640079796314239,0.2886373996734619,0.0753705874085426,0.894736842105263,0.5365740740740741,0.7192982456140351,0.3725885225885226,0.8636363636363636,0.1363636363636363,0.8809523809523809,0.119047619047619,0.875,0.125,0.9166666666666666,0.0833333333333333,1.0,0.0,1.0,0.0,0.0242405927400255,,0.3983071138052841,,,LLLA
C5P,real,,,44.0,0.8863636363636364,0.6428571428571428,0.3164438307285309,0.1672649383544922,0.0742708959362723,0.8889705538749695,0.4088030755519867,0.3041615784168243,0.1046415269374847,0.9076923076923078,0.4769230769230769,0.7076923076923076,0.2482957393483709,0.8863636363636364,0.1136363636363636,0.9047619047619048,0.0952380952380952,0.925,0.0749999999999999,0.9722222222222222,0.0277777777777777,1.0,0.0,1.0,0.0,0.0175413416753657,,0.5623351446188083,,,LLLA
C5P,embedding_only,,,44.0,0.8863636363636364,0.6428571428571428,0.294127494096756,0.1473617255687713,0.0978631959720091,0.8776066303253174,0.446321040391922,0.3199840486049652,0.1263370364904403,0.953846153846154,0.7087301587301587,0.7384615384615385,0.2779227053140096,0.8863636363636364,0.1136363636363636,0.9047619047619048,0.0952380952380952,0.95,0.05,0.9722222222222222,0.0277777777777777,1.0,0.0,1.0,0.0,0.011976561354813,,0.5623351446188083,,,LLLA
C5P,xyz_only,,,44.0,0.9090909090909092,0.6986301369863014,0.2251002639532089,0.1155574396252632,0.1075175892223011,0.8779325485229492,0.4224258363246918,0.3248544931411743,0.0975713282823562,0.94375,0.5527777777777777,0.95625,0.6041666666666666,0.9090909090909092,0.0909090909090909,0.9285714285714286,0.0714285714285714,0.95,0.05,0.9722222222222222,0.0277777777777777,1.0,0.0,1.0,0.0,0.0094420109186696,,0.535959889216217,,,LLLA
C5P,embedding_and_xyz,,,44.0,0.9090909090909092,0.6986301369863014,0.2188446372747421,0.1038210391998291,0.0993774899027564,0.8675857782363892,0.4525626301765442,0.3380228281021118,0.1145397722721099,0.96875,0.7333333333333333,0.95,0.65,0.9090909090909092,0.0909090909090909,0.9285714285714286,0.0714285714285714,0.95,0.05,1.0,0.0,1.0,0.0,1.0,0.0,0.0070698198224883,,0.535959889216217,,,LLLA
C6,real,,,44.0,0.9772727272727272,0.9518072289156626,0.2238189578056335,0.0855807960033416,0.1675645790316841,0.811732828617096,0.5940915942192078,0.3875929117202759,0.2064986377954483,0.9069767441860466,0.2,0.2790697674418605,0.03125,0.9772727272727272,0.0227272727272727,0.9761904761904762,0.0238095238095238,0.975,0.025,1.0,0.0,1.0,0.0,1.0,0.0,0.0024504367733883,,0.7404969225219233,,,LLLA
C6,embedding_only,,,44.0,0.9545454545454546,0.8988505747126436,0.2584505379199981,0.1045013964176178,0.1833185824480924,0.8001455664634705,0.6484692096710205,0.4105434119701385,0.2379257678985595,0.8690476190476191,0.225,0.3452380952380952,0.0502450980392156,0.9545454545454546,0.0454545454545454,0.9523809523809524,0.0476190476190476,0.975,0.025,0.9722222222222222,0.0277777777777777,1.0,0.0,1.0,0.0,0.0074084428306617,,0.625491359725573,,,LLLA
C6,xyz_only,,,44.0,0.75,0.3396998635743519,0.404427021741867,0.2658569514751434,0.1438826620578766,0.8397592306137085,0.3999934494495392,0.329366385936737,0.0706271231174469,0.9035812672176308,0.6550956619138437,0.5179063360881542,0.2682069317515964,0.75,0.25,0.7619047619047619,0.2380952380952381,0.75,0.25,0.8333333333333334,0.1666666666666666,0.935483870967742,0.0645161290322581,1.0,0.0,0.0565780629325759,,0.3557574741327661,,,LLLA
C6,embedding_and_xyz,,,44.0,0.6590909090909091,0.0,0.5432567000389099,0.3591394424438476,0.2123766189271753,0.8625034093856812,0.375228613615036,0.2999908626079559,0.0752378031611442,0.9908045977011494,0.9859649122807016,0.6919540229885057,0.5406199294532628,0.6590909090909091,0.3409090909090909,0.6904761904761905,0.3095238095238095,0.725,0.275,0.8055555555555556,0.1944444444444444,0.935483870967742,0.0645161290322581,1.0,0.0,0.0694125067695405,,-0.0,,,LLLA
C7,real,,,44.0,0.7727272727272727,0.6567862714508581,1.080847144126892,0.3875671625137329,0.2265274037014354,0.7282271981239319,0.8798326253890991,0.5571925640106201,0.3226400315761566,0.5588235294117647,0.2774768956533662,0.4941176470588235,0.2249448208796035,0.7727272727272727,0.2272727272727273,0.7857142857142857,0.2142857142857143,0.775,0.2249999999999999,0.75,0.25,0.7096774193548387,0.2903225806451612,0.7727272727272727,0.2272727272727273,0.1471089896024912,,1.0729208762973772,,,LLLA
C7,embedding_only,,,44.0,0.7272727272727273,0.5875,1.08494770526886,0.4099238216876983,0.1542130004275928,0.6843191385269165,0.9788244366645812,0.6124308109283447,0.3663936555385589,0.5234375,0.2998995547186337,0.3958333333333333,0.2344628602071842,0.7272727272727273,0.2727272727272727,0.7380952380952381,0.2619047619047618,0.725,0.275,0.6944444444444444,0.3055555555555556,0.6774193548387096,0.3225806451612903,0.7272727272727273,0.2727272727272727,0.2044617214704301,,0.9959046197280051,,,LLLA
C7,xyz_only,,,44.0,0.3409090909090909,0.1278195488721805,1.514803767204285,0.8372365832328796,0.3188308341936632,0.6597399115562439,1.0260876417160034,0.7084182500839233,0.3176693320274353,0.4183908045977011,0.6506198265899119,0.439080459770115,0.7061782183541507,0.3409090909090909,0.6590909090909092,0.3333333333333333,0.6666666666666667,0.35,0.65,0.3611111111111111,0.6388888888888888,0.3870967741935484,0.6129032258064516,0.2727272727272727,0.7272727272727273,0.7454054475834629,,1.1983110885754211,,,LLLA
C7,embedding_and_xyz,,,44.0,0.2954545454545454,0.0612525808671713,1.6388286352157593,0.9119018912315368,0.3874240212819793,0.6207647323608398,1.096444010734558,0.7355902194976807,0.3608537316322326,0.2977667493796526,0.6034309940942928,0.3225806451612902,0.6770061450535831,0.2954545454545454,0.7045454545454546,0.2857142857142857,0.7142857142857143,0.275,0.725,0.1944444444444444,0.8055555555555556,0.1935483870967742,0.8064516129032258,0.2272727272727272,0.7727272727272727,0.8122097387924964,,1.132085647890687,,,LLLA
FI10,real,,,16.0,0.625,0.368421052631579,1.1187140941619873,0.6104812622070312,0.2683811206370592,0.7017233371734619,0.8166457414627075,0.6825367212295532,0.1341089308261871,0.5,0.5007575757575757,0.2666666666666666,0.3420815295815296,0.625,0.375,0.625,0.375,0.6666666666666666,0.3333333333333333,0.6153846153846154,0.3846153846153846,0.5833333333333334,0.4166666666666666,0.625,0.375,0.3629735715673215,,1.18030455699462,,,LLLA
FI10,embedding_only,,,16.0,0.1875,-0.1428571428571428,1.947946548461914,1.0310702323913574,0.4683478139340877,0.6558477878570557,0.894306480884552,0.7181534767150879,0.1761530339717865,0.5897435897435899,0.8816669441669442,0.4102564102564103,0.8275738150738151,0.1875,0.8125,0.1875,0.8125,0.2,0.8,0.2307692307692307,0.7692307692307692,0.1666666666666666,0.8333333333333334,0.25,0.75,0.7482150228243978,,1.103432909638192,,,LLLA
FI10,xyz_only,,,16.0,0.625,0.36,0.9192142486572266,0.4470255970954895,0.3142083920538425,0.630888819694519,1.0009667873382568,0.6682761907577515,0.3326905071735382,0.8166666666666667,0.7132936507936507,0.7333333333333334,0.7407407407407407,0.625,0.375,0.625,0.375,0.6666666666666666,0.3333333333333333,0.6923076923076923,0.3076923076923077,0.75,0.25,0.875,0.125,0.1472261245698745,,1.1626998334975678,,,LLLA
FI10,embedding_and_xyz,,,16.0,0.5,0.1999999999999999,1.2417149543762207,0.6531270742416382,0.3026052955538034,0.6760671138763428,0.969492733478546,0.6589964032173157,0.3104963898658752,0.703125,0.7033435314685315,0.640625,0.7376945970695971,0.5,0.5,0.5,0.5,0.5333333333333333,0.4666666666666667,0.5384615384615384,0.4615384615384615,0.5833333333333334,0.4166666666666666,0.625,0.375,0.302369332056832,,1.2227793161934692,,,LLLA
FI2,real,,,15.0,0.8666666666666667,0.7457627118644068,0.2480993717908859,0.1199123039841651,0.1760471979777018,0.8385022878646851,0.5321980118751526,0.4384216368198395,0.0937763974070549,1.0,1.0,0.8076923076923077,0.4166666666666666,0.8666666666666667,0.1333333333333333,0.8666666666666667,0.1333333333333333,0.9285714285714286,0.0714285714285714,1.0,0.0,1.0,0.0,1.0,0.0,0.0092063492063492,,0.8532361505557784,,,LLLA
FI2,embedding_only,,,15.0,0.7333333333333333,0.5238095238095238,0.5170475244522095,0.28097003698349,0.186678930123647,0.6738685965538025,0.8357851505279541,0.6785032749176025,0.1572818905115127,0.8181818181818182,0.6428571428571428,0.6136363636363635,0.3515873015873015,0.7333333333333333,0.2666666666666667,0.7333333333333333,0.2666666666666667,0.7857142857142857,0.2142857142857143,0.75,0.25,0.8181818181818182,0.1818181818181817,1.0,0.0,0.0880878380878381,,0.970115783986938,,,LLLA
FI2,xyz_only,,,15.0,0.6,0.4375000000000001,0.873229444026947,0.5314916372299194,0.2622106770674388,0.5989577770233154,1.074156641960144,0.6963969469070435,0.3777597844600677,0.3148148148148148,0.3387057387057386,0.4074074074074074,0.4077533577533577,0.6,0.4,0.6,0.4,0.5714285714285714,0.4285714285714286,0.5,0.5,0.4545454545454545,0.5454545454545454,0.5,0.5,0.4552810152810153,,0.9908353864438492,,,LLLA
FI2,embedding_and_xyz,,,15.0,0.4666666666666667,0.2899408284023668,1.02828049659729,0.6211944818496704,0.26350523630778,0.6328492760658264,1.038800597190857,0.6804300546646118,0.3583704829216003,0.6428571428571429,0.7061823593073593,0.7678571428571429,0.8318452380952381,0.4666666666666667,0.5333333333333333,0.4666666666666667,0.5333333333333333,0.5,0.5,0.5,0.5,0.5454545454545454,0.4545454545454546,0.5,0.5,0.4010681910681911,,0.6909233093138181,,,LLLA
FI5,real,,,16.0,0.3125,0.0974358974358974,1.518373727798462,0.7757294774055481,0.2325902115553617,0.5404936075210571,1.029558181762695,0.8801840543746948,0.1493740975856781,0.5454545454545454,0.8209415584415584,0.3272727272727272,0.6279186722368542,0.3125,0.6875,0.3125,0.6875,0.3333333333333333,0.6666666666666667,0.3846153846153846,0.6153846153846154,0.4166666666666667,0.5833333333333333,0.25,0.75,0.6778165844572095,,1.2281058514681364,,,LLLA
FI5,embedding_only,,,16.0,0.5,0.242603550295858,1.2484612464904783,0.6289983987808228,0.2278938945382833,0.6093000769615173,1.004788875579834,0.7993961572647095,0.2053927183151245,0.40625,0.4712533993783994,0.21875,0.3898996836496836,0.5,0.5,0.5,0.5,0.4666666666666667,0.5333333333333333,0.4615384615384615,0.5384615384615384,0.4166666666666667,0.5833333333333333,0.375,0.625,0.4836200258075259,,1.245016889252439,,,LLLA
FI5,xyz_only,,,16.0,0.75,0.518796992481203,0.8685237169265747,0.3929743766784668,0.3726836778223514,0.5245972275733948,1.2905858755111694,0.5697005391120911,0.7208853960037231,1.0,1.0,0.9166666666666666,0.6791666666666667,0.75,0.25,0.75,0.25,0.8,0.1999999999999999,0.9230769230769232,0.0769230769230768,1.0,0.0,1.0,0.0,0.0340487637362637,,0.8314025204956377,,,LLLA
FI5,embedding_and_xyz,,,16.0,0.75,0.5151515151515151,0.902905821800232,0.3942564129829407,0.3113514892756939,0.5423815250396729,1.2504558563232422,0.5213131904602051,0.7291426062583923,1.0,1.0,0.9791666666666666,0.95,0.75,0.25,0.75,0.25,0.8,0.1999999999999999,0.9230769230769232,0.0769230769230768,1.0,0.0,1.0,0.0,0.0340487637362637,,0.9180459180656309,,,LLLA
FI8,real,,,16.0,0.75,0.6049382716049383,0.7391386032104492,0.4054394066333771,0.2160441484302282,0.7330729961395264,0.7448645830154419,0.6509703397750854,0.0938942432403564,0.6458333333333334,0.5166666666666666,0.8541666666666667,0.5666666666666667,0.75,0.25,0.75,0.25,0.8,0.1999999999999999,0.7692307692307693,0.2307692307692307,0.75,0.25,0.75,0.25,0.1489761974136974,,1.0609581504393426,,,LLLA
FI8,embedding_only,,,16.0,0.5625,0.2727272727272727,0.7572611570358276,0.4493335485458374,0.1810411587357521,0.5972043871879578,0.960783064365387,0.7817626595497131,0.1790204346179962,0.873015873015873,0.8928571428571429,0.873015873015873,0.8395485466914039,0.5625,0.4375,0.5625,0.4375,0.6,0.4,0.6923076923076923,0.3076923076923077,0.75,0.25,0.75,0.25,0.1810718361499611,,0.9470571522825082,,,LLLA
FI8,xyz_only,,,16.0,0.5625,0.0,1.1457980871200562,0.5128726959228516,0.3090850282460451,0.786832332611084,0.6827528476715088,0.3478142619132995,0.3349385857582092,1.0,1.0,1.0,1.0,0.5625,0.4375,0.5625,0.4375,0.6,0.4,0.6923076923076923,0.3076923076923077,0.75,0.25,1.0,0.0,0.1134627091658341,,-0.0,,,LLLA
FI8,embedding_and_xyz,,,16.0,0.5625,0.0,1.3240230083465576,0.6209366917610168,0.247153241187334,0.8096532821655273,0.6816037893295288,0.3249591588973999,0.356644719839096,0.9047619047619048,0.9200680272108844,0.8095238095238095,0.8347247990105132,0.5625,0.4375,0.5625,0.4375,0.6,0.4,0.6923076923076923,0.3076923076923077,0.75,0.25,0.875,0.125,0.1663148917055167,,-0.0,,,LLLA
FP1,real,,,16.0,0.8125,0.6799999999999999,0.4903020858764648,0.2888448536396026,0.1310126893222332,0.9029287099838256,0.3647240996360779,0.2941493988037109,0.0705746635794639,0.8205128205128205,0.4761904761904761,0.641025641025641,0.3055555555555555,0.8125,0.1875,0.8125,0.1875,0.8,0.1999999999999999,0.8461538461538461,0.1538461538461538,0.9166666666666666,0.0833333333333333,1.0,0.0,0.0540434825591075,,0.9002560512685369,,,LLLA
FP1,embedding_only,,,16.0,0.6875,0.452054794520548,0.8850175738334656,0.4592176079750061,0.2353373803198337,0.8507990837097168,0.4783397316932678,0.393321692943573,0.0850180387496948,0.5636363636363636,0.5380952380952381,0.4545454545454545,0.4129761904761905,0.6875,0.3125,0.6875,0.3125,0.7333333333333333,0.2666666666666667,0.7692307692307693,0.2307692307692307,0.75,0.25,0.625,0.375,0.2545526088494839,,0.6615632381579821,,,LLLA
FP1,xyz_only,,,16.0,0.25,0.1829787234042553,1.6649842262268066,1.0481057167053225,0.5874982923269272,0.6964246034622192,0.8646267652511597,0.6522256135940552,0.2124011814594268,0.1875,0.6264964202464203,0.1041666666666666,0.5984871609871609,0.25,0.75,0.25,0.75,0.2,0.8,0.1538461538461538,0.8461538461538461,0.1666666666666666,0.8333333333333334,0.125,0.875,0.8496062964812966,,0.8314025204956377,,,LLLA
FP1,embedding_and_xyz,,,16.0,0.125,0.0303030303030302,2.0298826694488525,1.1956943273544312,0.6216304302215576,0.7466304302215576,0.7856019735336304,0.5912685394287109,0.1943333745002746,0.5357142857142857,0.927526243597672,0.5714285714285714,0.933370399441828,0.125,0.875,0.125,0.875,0.1333333333333333,0.8666666666666667,0.1538461538461538,0.8461538461538461,0.1666666666666666,0.8333333333333334,0.125,0.875,0.8418061972749473,,0.6210863745552451,,,LLLA
FP11,real,,,16.0,0.9375,0.8926174496644296,0.3786742389202118,0.1822580695152282,0.2051606103777885,0.7736355066299438,0.6962754130363464,0.5948529243469238,0.1014224886894226,0.5333333333333333,0.125,0.4666666666666667,0.1111111111111111,0.9375,0.0625,0.9375,0.0625,0.9333333333333332,0.0666666666666666,0.9230769230769232,0.0769230769230768,0.9166666666666666,0.0833333333333333,1.0,0.0,0.0394763656482406,,1.103432909638192,,,LLLA
FP11,embedding_only,,,16.0,0.625,0.4606741573033708,1.133000135421753,0.6082578897476196,0.2699498571455478,0.6124804019927979,0.9916807413101196,0.8074737787246704,0.1842069923877716,0.45,0.3763888888888889,0.5,0.4178872053872053,0.625,0.375,0.625,0.375,0.6,0.4,0.6153846153846154,0.3846153846153846,0.5833333333333334,0.4166666666666666,0.625,0.375,0.3585363421300921,,1.2123138802671547,,,LLLA
FP11,xyz_only,,,16.0,0.25,0.189873417721519,2.462186813354492,1.1469234228134155,0.5711316242814064,0.7640085220336914,0.7505490183830261,0.5426890850067139,0.2078599482774734,0.6458333333333334,0.8199777074777075,0.4583333333333333,0.7165436415436415,0.25,0.75,0.25,0.75,0.2666666666666666,0.7333333333333334,0.2307692307692307,0.7692307692307692,0.25,0.75,0.25,0.75,0.5669689685314686,,0.8647400965276372,,,LLLA
FP11,embedding_and_xyz,,,16.0,0.25,0.1578947368421053,2.692465305328369,1.1214139461517334,0.511624526232481,0.7375369668006897,0.8091787099838257,0.5787620544433594,0.2304165810346603,0.7291666666666666,0.8128276815776816,0.6458333333333334,0.7864128926628926,0.25,0.75,0.25,0.75,0.2,0.8,0.2307692307692307,0.7692307692307692,0.25,0.75,0.375,0.625,0.5158528971028972,,0.8647400965276372,,,LLLA
FP3,real,,,16.0,0.6875,0.4666666666666667,0.5909754037857056,0.3505099713802337,0.2742319069802761,0.6761083602905273,0.8386610746383667,0.7233802080154419,0.1152809560298919,0.5818181818181818,0.3966666666666666,0.0363636363636363,0.2102056277056277,0.6875,0.3125,0.6875,0.3125,0.6666666666666666,0.3333333333333333,0.6923076923076923,0.3076923076923077,0.75,0.25,0.625,0.375,0.2086162535381285,,0.98689944883853,,,LLLA
FP3,embedding_only,,,16.0,0.4375,0.1111111111111111,1.2778174877166748,0.7323906421661377,0.1736426148563623,0.5756709575653076,1.0363130569458008,0.8337634801864624,0.2025495767593383,0.5714285714285714,0.711482498982499,0.4126984126984127,0.6360215401882068,0.4375,0.5625,0.4375,0.5625,0.4666666666666667,0.5333333333333333,0.4615384615384615,0.5384615384615384,0.4166666666666667,0.5833333333333333,0.625,0.375,0.5154072056415806,,1.103432909638192,,,LLLA
FP3,xyz_only,,,16.0,0.3125,0.1020408163265306,2.9424259662628174,0.9792124032974244,0.2394852451980114,0.4876579344272613,1.2697083950042725,0.5819144248962402,0.687794029712677,0.3818181818181818,0.6669856658493022,0.7272727272727273,0.9003787878787879,0.3125,0.6875,0.3125,0.6875,0.3333333333333333,0.6666666666666667,0.2307692307692307,0.7692307692307692,0.25,0.75,0.25,0.75,0.705469487110112,,0.8305236914828463,,,LLLA
FP3,embedding_and_xyz,,,16.0,0.25,0.0495049504950495,3.430086851119995,1.0305838584899902,0.2988300714641809,0.4722957909107208,1.2778512239456177,0.588954746723175,0.6888965368270874,0.2083333333333333,0.6294184981684982,0.375,0.7729610667110667,0.25,0.75,0.25,0.75,0.2,0.8,0.1538461538461538,0.8461538461538461,0.1666666666666666,0.8333333333333334,0.125,0.875,0.8365110583860585,,0.9470571522825084,,,LLLA
FP4,real,,,15.0,0.8666666666666667,0.7457627118644068,0.3143568634986877,0.1712325513362884,0.1269099275271097,0.845066487789154,0.4915936887264251,0.422511488199234,0.0690822452306747,0.9230769230769232,0.75,0.9230769230769232,0.75,0.8666666666666667,0.1333333333333333,0.8666666666666667,0.1333333333333333,0.9285714285714286,0.0714285714285714,0.9166666666666666,0.0833333333333333,1.0,0.0,1.0,0.0,0.0198901098901098,,0.8532361505557784,,,LLLA
FP4,embedding_only,,,15.0,0.8666666666666667,0.7457627118644068,0.3810383081436157,0.1897032558917999,0.1969751040140787,0.735464870929718,0.7248649597167969,0.5923174619674683,0.1325475126504898,0.8846153846153846,0.5,0.9230769230769232,0.75,0.8666666666666667,0.1333333333333333,0.8666666666666667,0.1333333333333333,0.8571428571428571,0.1428571428571429,0.9166666666666666,0.0833333333333333,1.0,0.0,1.0,0.0,0.0246520146520146,,0.8532361505557784,,,LLLA
FP4,xyz_only,,,15.0,0.7333333333333333,0.4444444444444444,0.7179777026176453,0.3945375680923462,0.2413039783636728,0.7044002413749695,0.8159116506576538,0.5517504811286926,0.2641611397266388,0.7045454545454546,0.5659090909090909,0.6590909090909092,0.551923076923077,0.7333333333333333,0.2666666666666667,0.7333333333333333,0.2666666666666667,0.7857142857142857,0.2142857142857143,0.75,0.25,0.7272727272727273,0.2727272727272727,0.875,0.125,0.1364500314500314,,0.5004024235381879,,,LLLA
FP4,embedding_and_xyz,,,15.0,0.7333333333333333,0.4444444444444444,0.7824175953865051,0.4294374585151672,0.223603731393814,0.6521203517913818,0.945669174194336,0.6183291077613831,0.3273401260375976,0.7727272727272727,0.6071428571428572,0.7272727272727273,0.575,0.7333333333333333,0.2666666666666667,0.7333333333333333,0.2666666666666667,0.7857142857142857,0.2142857142857143,0.75,0.25,0.8181818181818182,0.1818181818181817,0.875,0.125,0.1038285788285788,,0.5004024235381879,,,LLLA
FP6,real,,,16.0,0.25,0.1428571428571429,1.5268903970718384,0.8057942390441895,0.2674190755933523,0.5174190998077393,0.9944592714309692,0.8518071174621582,0.142652153968811,0.7708333333333334,0.9377136752136752,0.5208333333333334,0.8052341177341178,0.25,0.75,0.25,0.75,0.2666666666666666,0.7333333333333334,0.3076923076923077,0.6923076923076923,0.3333333333333333,0.6666666666666667,0.5,0.5,0.6199219183594185,,0.9507489270509152,,,LLLA
FP6,embedding_only,,,16.0,0.1875,0.1260504201680672,1.9502158164978027,1.0249062776565552,0.4136871695518493,0.5977883338928223,0.9932821989059448,0.7954711318016052,0.1978111118078231,0.4615384615384615,0.8525324034939421,0.1538461538461538,0.7467548477163861,0.1875,0.8125,0.1875,0.8125,0.2,0.8,0.2307692307692307,0.7692307692307692,0.1666666666666666,0.8333333333333334,0.25,0.75,0.8081852609196359,,0.9743147528693494,,,LLLA
FP6,xyz_only,,,16.0,0.0,0.0,5.946750640869141,1.4138121604919434,0.5627124141901731,0.5627124309539795,1.091046690940857,0.608081579208374,0.4829651117324829,,,,,0.0,1.0,0.0,1.0,0.0,1.0,0.0,1.0,0.0,1.0,0.0,1.0,0.9375,,0.8305236914828463,,,LLLA
FP6,embedding_and_xyz,,,16.0,0.0,0.0,6.425044536590576,1.4145478010177612,0.5515473373234272,0.5515472888946533,1.0948634147644043,0.608793318271637,0.4860701560974121,,,,,0.0,1.0,0.0,1.0,0.0,1.0,0.0,1.0,0.0,1.0,0.0,1.0,0.9375,,0.9832739442463888,,,LLLA
FP7,real,,,18.0,0.3888888888888889,0.2611940298507462,1.614829421043396,0.8632373213768005,0.2825922038820054,0.6328476071357727,0.8680997490882874,0.7325097322463989,0.1355900913476944,0.6883116883116883,0.8445876019405432,1.0,1.0,0.3888888888888889,0.6111111111111112,0.3888888888888889,0.6111111111111112,0.4117647058823529,0.5882352941176471,0.4666666666666667,0.5333333333333333,0.5384615384615384,0.4615384615384615,0.5555555555555556,0.4444444444444444,0.5215693212016741,,1.0870753771611177,,,LLLA
FP7,embedding_only,,,18.0,0.2222222222222222,-0.0120481927710842,1.7446391582489014,0.965882420539856,0.4501632816261715,0.6529780030250549,0.9319120049476624,0.7516363263130188,0.1802757382392883,0.6607142857142857,0.86324568288854,0.8392857142857143,0.9592872405372406,0.2222222222222222,0.7777777777777778,0.2222222222222222,0.7777777777777778,0.2352941176470588,0.7647058823529411,0.2,0.8,0.2307692307692307,0.7692307692307692,0.3333333333333333,0.6666666666666667,0.6412091630228886,,1.0114042647073518,,,LLLA
FP7,xyz_only,,,18.0,0.5,0.0,1.8415815830230715,0.7507821321487427,0.3512931068738301,0.8179247379302979,0.6173715591430664,0.315303236246109,0.3020683526992798,1.0,1.0,1.0,1.0,0.5,0.5,0.5,0.5,0.5294117647058824,0.4705882352941176,0.6,0.4,0.6923076923076923,0.3076923076923077,1.0,0.0,0.1530411989970813,,-0.0,,,LLLA
FP7,embedding_and_xyz,,,18.0,0.5,0.0,1.9824174642562864,0.7912823557853699,0.3352618217468261,0.8352617621421814,0.6037273406982422,0.3083869516849518,0.2953404188156128,0.8395061728395061,0.8849258221807241,0.7901234567901234,0.8549382716049383,0.5,0.5,0.5,0.5,0.5294117647058824,0.4705882352941176,0.6,0.4,0.6923076923076923,0.3076923076923077,0.7777777777777778,0.2222222222222222,0.2816146317371807,,-0.0,,,LLLA
FP9,real,,,15.0,0.6666666666666666,0.5481927710843373,0.8562252521514893,0.4808472394943237,0.2873803754647573,0.711320161819458,0.8357021808624268,0.6727758049964905,0.1629263907670974,0.72,0.5251948051948051,0.7799999999999999,0.8047619047619048,0.6666666666666666,0.3333333333333333,0.6666666666666666,0.3333333333333333,0.6428571428571429,0.3571428571428571,0.6666666666666666,0.3333333333333333,0.7272727272727273,0.2727272727272727,0.875,0.125,0.1662872312872313,,1.1369165918330009,,,LLLA
FP9,embedding_only,,,15.0,0.2666666666666666,-0.0060975609756099,1.5553033351898191,0.9745413661003112,0.5392514447371166,0.7366437911987305,0.7691698670387268,0.6262577772140503,0.1429121345281601,0.6590909090909091,0.837161828070919,0.6363636363636364,0.8435720844811754,0.2666666666666666,0.7333333333333334,0.2666666666666666,0.7333333333333334,0.2857142857142857,0.7142857142857143,0.25,0.75,0.2727272727272727,0.7272727272727273,0.25,0.75,0.5454323454323454,,0.5799151714181009,,,LLLA
FP9,xyz_only,,,15.0,0.4666666666666667,0.3181818181818182,1.6089040040969849,0.7750245332717896,0.2563304622968038,0.648820161819458,1.023184061050415,0.5327958464622498,0.4903881847858429,0.6607142857142857,0.7146645021645022,0.6785714285714285,0.780952380952381,0.4666666666666667,0.5333333333333333,0.4666666666666667,0.5333333333333333,0.5,0.5,0.5,0.5,0.5454545454545454,0.4545454545454546,0.625,0.375,0.4120999370999371,,0.5799151714181009,,,LLLA
FP9,embedding_and_xyz,,,15.0,0.2666666666666666,0.0782122905027933,2.211310863494873,1.0871734619140625,0.5552051345507304,0.7219564914703369,0.8516145944595337,0.4412521421909332,0.4103624224662781,0.5227272727272727,0.733061383061383,0.5454545454545454,0.7827268690905055,0.2666666666666666,0.7333333333333334,0.2666666666666666,0.7333333333333334,0.2142857142857142,0.7857142857142857,0.25,0.75,0.2727272727272727,0.7272727272727273,0.25,0.75,0.6349520849520849,,0.2449300267946353,,,LLLA
L1,real,,,16.0,0.6875,0.4838709677419355,0.6100367903709412,0.3923705220222473,0.1714777946472168,0.845451831817627,0.4172975122928619,0.3560206890106201,0.0612768158316612,0.8545454545454545,0.6416666666666666,0.8545454545454545,0.6416666666666666,0.6875,0.3125,0.6875,0.3125,0.6666666666666666,0.3333333333333333,0.7692307692307693,0.2307692307692307,0.8333333333333334,0.1666666666666666,1.0,0.0,0.0978539255883005,,0.8305236914828464,,,LLLA
L1,embedding_only,,,16.0,0.75,0.5949367088607596,0.6592739820480347,0.395521879196167,0.2079415582120418,0.8313499689102173,0.4719843864440918,0.386678546667099,0.0853058546781539,0.8333333333333334,0.6666666666666666,0.8541666666666667,0.75,0.75,0.25,0.75,0.25,0.8,0.1999999999999999,0.8461538461538461,0.1538461538461538,0.8333333333333334,0.1666666666666666,1.0,0.0,0.0782954892329892,,0.9470571522825082,,,LLLA
L1,xyz_only,,,16.0,0.5,0.0,1.279954195022583,0.7106744050979614,0.3709685914218426,0.8709685802459717,0.3983048796653747,0.3113654851913452,0.0869394242763519,1.0,1.0,0.96875,0.975,0.5,0.5,0.5,0.5,0.5333333333333333,0.4666666666666667,0.6153846153846154,0.3846153846153846,0.6666666666666666,0.3333333333333333,1.0,0.0,0.1529390748140748,,-0.0,,,LLLA
L1,embedding_and_xyz,,,16.0,0.5,0.0,1.3097931146621704,0.6933037042617798,0.3588324170559644,0.8588324189186096,0.4207914471626282,0.3260700702667236,0.0947213619947433,0.984375,0.9861111111111112,1.0,1.0,0.5,0.5,0.5,0.5,0.5333333333333333,0.4666666666666667,0.6153846153846154,0.3846153846153846,0.6666666666666666,0.3333333333333333,0.875,0.125,0.1607515748140748,,-0.0,,,LLLA
L2,real,,,16.0,0.75,0.5897435897435898,0.4304471015930176,0.2672089338302612,0.1453871559351682,0.8377981781959534,0.4203304052352905,0.3603325188159942,0.0599978975951671,0.8958333333333334,0.8125,0.9166666666666666,0.6791666666666667,0.75,0.25,0.75,0.25,0.8,0.1999999999999999,0.8461538461538461,0.1538461538461538,0.9166666666666666,0.0833333333333333,1.0,0.0,0.062941052003552,,1.0408398374232388,,,LLLA
L2,embedding_only,,,16.0,0.75,0.5789473684210527,0.4891368150711059,0.2913746833801269,0.2111798785626888,0.8316746950149536,0.4574918150901794,0.393063336610794,0.0644284784793853,0.9166666666666669,0.875,0.9375,0.8928571428571428,0.75,0.25,0.75,0.25,0.8,0.1999999999999999,0.9230769230769232,0.0769230769230768,0.9166666666666666,0.0833333333333333,1.0,0.0,0.0581333596958597,,0.9002560512685369,,,LLLA
L2,xyz_only,,,16.0,0.5,0.0,1.577395796775818,0.7757439613342285,0.3893887773156166,0.8893887996673584,0.3496923148632049,0.2729105949401855,0.0767816975712776,1.0,1.0,1.0,1.0,0.5,0.5,0.5,0.5,0.5333333333333333,0.4666666666666667,0.6153846153846154,0.3846153846153846,0.6666666666666666,0.3333333333333333,1.0,0.0,0.1529390748140748,,-0.0,,,LLLA
L2,embedding_and_xyz,,,16.0,0.5,0.0,1.5891456604003906,0.7591657638549805,0.3726297430694103,0.8726298213005066,0.3815189599990845,0.3014436364173889,0.0800752565264701,1.0,1.0,0.984375,0.9861111111111112,0.5,0.5,0.5,0.5,0.5333333333333333,0.4666666666666667,0.6153846153846154,0.3846153846153846,0.6666666666666666,0.3333333333333333,1.0,0.0,0.1529390748140748,,-0.0,,,LLLA
N1,real,,,14.0,0.7142857142857143,0.5409836065573771,0.5960001349449158,0.3445138335227966,0.1444075831345149,0.7888326644897461,0.6147732138633728,0.5135139226913452,0.1012592315673828,0.9,0.7708333333333333,0.7,0.4404761904761904,0.7142857142857143,0.2857142857142857,0.7142857142857143,0.2857142857142857,0.7692307692307693,0.2307692307692307,0.75,0.25,0.9,0.0999999999999999,1.0,0.0,0.0726111190396904,,1.1032634988483545,,,LLLA
N1,embedding_only,,,14.0,0.7857142857142857,0.625,0.6580331921577454,0.3286945819854736,0.226183750799724,0.6659234762191772,0.8755124807357788,0.6953854560852051,0.1801270246505737,0.6666666666666666,0.3416666666666666,0.4848484848484848,0.2507936507936508,0.7857142857142857,0.2142857142857143,0.7857142857142857,0.2142857142857143,0.7692307692307693,0.2307692307692307,0.75,0.25,0.8,0.1999999999999999,0.8571428571428571,0.1428571428571429,0.1028291153291153,,0.9556998911125344,,,LLLA
N1,xyz_only,,,14.0,0.2142857142857142,0.0,2.5397908687591557,1.181224703788757,0.6177984901836939,0.8320841789245605,0.5063968896865845,0.4035370647907257,0.1028598397970199,1.0,1.0,0.9090909090909092,0.9777495232040688,0.2142857142857142,0.7857142857142857,0.2142857142857142,0.7857142857142857,0.2307692307692307,0.7692307692307692,0.25,0.75,0.3,0.7,0.4285714285714285,0.5714285714285714,0.4537468483897056,,-0.0,,,LLLA
N1,embedding_and_xyz,,,14.0,0.2142857142857142,0.0,2.4083077907562256,1.124518871307373,0.588852516242436,0.8031381964683533,0.5604668855667114,0.4446472823619842,0.1158195734024047,1.0,1.0,0.9393939393939394,0.9841597796143252,0.2142857142857142,0.7857142857142857,0.2142857142857142,0.7857142857142857,0.2307692307692307,0.7692307692307692,0.25,0.75,0.3,0.7,0.4285714285714285,0.5714285714285714,0.4537468483897056,,-0.0,,,LLLA
N2,real,,,11.0,0.3636363636363636,0.1538461538461537,2.0966577529907227,0.9378741979599,0.5008872639049182,0.7268081903457642,0.6727240085601807,0.5874308943748474,0.0852931216359138,0.6071428571428571,0.7953308596165738,0.5714285714285714,0.6782312925170068,0.3636363636363636,0.6363636363636364,0.3636363636363636,0.6363636363636364,0.4,0.6,0.4444444444444444,0.5555555555555556,0.375,0.625,0.5,0.5,0.5397120556211465,,0.6001660731596457,,,LLLA
N2,embedding_only,,,11.0,0.2727272727272727,0.032967032967033,1.715654730796814,0.8997463583946228,0.4205571385947141,0.6710670590400696,0.8671531677246094,0.7062578201293945,0.1608952432870865,0.8333333333333334,0.9502840909090908,0.7083333333333334,0.899440836940837,0.2727272727272727,0.7272727272727273,0.2727272727272727,0.7272727272727273,0.3,0.7,0.3333333333333333,0.6666666666666667,0.375,0.625,0.5,0.5,0.514551357733176,,0.3046360973492381,,,LLLA
N2,xyz_only,,,11.0,0.2727272727272727,0.0,1.4257222414016724,0.815764844417572,0.4791095419363542,0.7518368363380432,0.6414498686790466,0.5176716446876526,0.1237782910466194,1.0,1.0,0.9166666666666666,0.975,0.2727272727272727,0.7272727272727273,0.2727272727272727,0.7272727272727273,0.3,0.7,0.3333333333333333,0.6666666666666667,0.375,0.625,0.5,0.5,0.370611963793782,,-0.0,,,LLLA
N2,embedding_and_xyz,,,11.0,0.5454545454545454,0.3292682926829269,1.3098301887512207,0.7247838377952576,0.3870592740449038,0.7437832355499268,0.6769009828567505,0.5426000356674194,0.1343009918928146,0.5333333333333333,0.4859523809523809,0.5333333333333333,0.5942857142857143,0.5454545454545454,0.4545454545454546,0.5454545454545454,0.4545454545454546,0.5,0.5,0.4444444444444444,0.5555555555555556,0.5,0.5,0.5,0.5,0.3185688049324413,,0.5859526183035508,,,LLLA
N3,real,,,7.0,0.8571428571428571,0.588235294117647,0.3026865422725677,0.1518091857433319,0.1426861115864345,0.8453718423843384,0.4498408734798431,0.3977211415767669,0.0521197579801082,1.0,1.0,1.0,1.0,0.8571428571428571,0.1428571428571429,0.8571428571428571,0.1428571428571429,0.8571428571428571,0.1428571428571429,1.0,0.0,1.0,0.0,1.0,0.0,0.010204081632653,,0.410116318288409,,,LLLA
N3,embedding_only,,,7.0,0.7142857142857143,0.0,0.6937927007675171,0.3333560824394226,0.2601656913757324,0.7874223589897156,0.6262701749801636,0.499298632144928,0.1269714683294296,0.9,0.8333333333333333,1.0,1.0,0.7142857142857143,0.2857142857142857,0.7142857142857143,0.2857142857142857,0.7142857142857143,0.2857142857142857,0.8333333333333334,0.1666666666666666,0.8,0.1999999999999999,1.0,0.0,0.0727891156462584,,-0.0,,,LLLA
N3,xyz_only,,,7.0,0.0,0.0,2.6573948860168457,1.4494413137435913,0.7468084778104509,0.7468084692955017,0.7493854761123657,0.6183400750160217,0.1310453861951828,,,,,0.0,1.0,0.0,1.0,0.0,1.0,0.0,1.0,0.0,1.0,0.0,1.0,0.8571428571428571,,-0.0,,,LLLA
N3,embedding_and_xyz,,,7.0,0.0,0.0,3.006740093231201,1.5111265182495115,0.7890868953296115,0.7890868782997131,0.6876134276390076,0.5594106912612915,0.128202810883522,,,,,0.0,1.0,0.0,1.0,0.0,1.0,0.0,1.0,0.0,1.0,0.0,1.0,0.8571428571428571,,-0.0,,,LLLA
P1,real,,,19.0,0.8947368421052632,0.8010471204188482,0.1741239726543426,0.0914613977074623,0.068188516717208,0.8859893679618835,0.3374595642089844,0.2740420997142792,0.063417449593544,0.9411764705882352,0.5833333333333333,0.7941176470588235,0.375,0.8947368421052632,0.1052631578947368,0.8947368421052632,0.1052631578947368,0.8888888888888888,0.1111111111111111,1.0,0.0,1.0,0.0,1.0,0.0,0.0117140115510654,,0.8092054732283176,,,LLLA
P1,embedding_only,,,19.0,0.8947368421052632,0.8109452736318408,0.2724145948886871,0.1454736888408661,0.1655611317408712,0.8631189465522766,0.4354480504989624,0.3510811328887939,0.0843668952584266,0.9411764705882352,0.5833333333333333,0.8823529411764706,0.4166666666666666,0.8947368421052632,0.1052631578947368,0.8947368421052632,0.1052631578947368,0.8888888888888888,0.1111111111111111,1.0,0.0,1.0,0.0,1.0,0.0,0.0117140115510654,,0.8569977547780645,,,LLLA
P1,xyz_only,,,19.0,0.5789473684210527,0.0,1.125218152999878,0.622326672077179,0.323206807437696,0.9021542072296144,0.3510864377021789,0.2629193663597107,0.0881670713424682,1.0,1.0,0.9772727272727272,0.975,0.5789473684210527,0.4210526315789473,0.5789473684210527,0.4210526315789473,0.6111111111111112,0.3888888888888888,0.6875,0.3125,0.7857142857142857,0.2142857142857143,1.0,0.0,0.1043678025937273,,-0.0,,,LLLA
P1,embedding_and_xyz,,,19.0,0.5789473684210527,0.0,1.0627814531326294,0.5957207679748535,0.3092594366324575,0.8882067799568176,0.3905545771121979,0.2973559200763702,0.0931986272335052,1.0,1.0,0.9886363636363636,0.9861111111111112,0.5789473684210527,0.4210526315789473,0.5789473684210527,0.4210526315789473,0.6111111111111112,0.3888888888888888,0.6875,0.3125,0.7857142857142857,0.2142857142857143,1.0,0.0,0.1043678025937273,,-0.0,,,LLLA
P2,real,,,20.0,0.9,0.8148148148148149,0.2817443907260895,0.1344160735607147,0.1251735791563988,0.8217695951461792,0.5796718001365662,0.4579067826271057,0.1217650547623634,0.8055555555555556,0.375,0.5,0.1428571428571428,0.9,0.0999999999999999,0.8947368421052632,0.1052631578947368,0.9444444444444444,0.0555555555555555,0.9375,0.0625,0.9285714285714286,0.0714285714285714,1.0,0.0,0.0273580278940186,,0.8556886672556694,,,LLLA
P2,embedding_only,,,20.0,0.8,0.6428571428571428,0.5645664930343628,0.2972447574138641,0.2992009162902831,0.7499736547470093,0.7357813715934753,0.5818365812301636,0.1539447009563446,0.625,0.3541208791208791,0.421875,0.2020375457875457,0.8,0.1999999999999999,0.7894736842105263,0.2105263157894736,0.8333333333333334,0.1666666666666666,0.8125,0.1875,0.8571428571428571,0.1428571428571429,0.8,0.1999999999999999,0.1217382207146139,,0.9433483923290392,,,LLLA
P2,xyz_only,,,20.0,0.6,0.0,0.7185421586036682,0.4616051614284515,0.2812478721141815,0.864488959312439,0.4084595143795013,0.3357128798961639,0.0727466717362403,1.0,1.0,1.0,1.0,0.6,0.4,0.631578947368421,0.368421052631579,0.6666666666666666,0.3333333333333333,0.75,0.25,0.8571428571428571,0.1428571428571429,1.0,0.0,0.0932826126401977,,-0.0,,,LLLA
P2,embedding_and_xyz,,,20.0,0.6,0.0,0.7314800024032593,0.4574768543243408,0.2738009244203567,0.8496549725532532,0.4372523427009582,0.358904480934143,0.0783478617668151,1.0,1.0,0.9791666666666669,0.975,0.6,0.4,0.631578947368421,0.368421052631579,0.6666666666666666,0.3333333333333333,0.75,0.25,0.8571428571428571,0.1428571428571429,1.0,0.0,0.0932826126401977,,-0.0,,,LLLA
P3,real,,,15.0,0.9333333333333332,0.8993288590604027,0.4778599143028259,0.2299313694238662,0.2851367731889089,0.6481965780258179,0.9448881149291992,0.7615728974342346,0.1833153218030929,0.7142857142857143,0.2,0.5714285714285714,0.1428571428571428,0.9333333333333332,0.0666666666666666,0.9333333333333332,0.0666666666666666,0.9285714285714286,0.0714285714285714,0.9166666666666666,0.0833333333333333,0.9090909090909092,0.0909090909090909,1.0,0.0,0.0237284937284937,,1.194453006323357,,,LLLA
P3,embedding_only,,,15.0,0.3333333333333333,0.1379310344827586,1.2439130544662476,0.7340888381004333,0.4039782881736755,0.6463215947151184,0.9389495849609376,0.740577757358551,0.1983718276023864,0.5800000000000001,0.7614574314574314,0.38,0.6701443001443,0.3333333333333333,0.6666666666666667,0.3333333333333333,0.6666666666666667,0.3571428571428571,0.6428571428571428,0.3333333333333333,0.6666666666666667,0.3636363636363636,0.6363636363636364,0.375,0.625,0.6060119510119509,,0.9502705392332348,,,LLLA
P3,xyz_only,,,15.0,0.1333333333333333,0.0,1.990525841712952,1.027475118637085,0.557472531000773,0.646508514881134,1.0869218111038208,0.4943313002586365,0.5925905704498291,1.0,0.9999999999999998,1.0,0.9999999999999998,0.1333333333333333,0.8666666666666667,0.1333333333333333,0.8666666666666667,0.1428571428571428,0.8571428571428572,0.1666666666666666,0.8333333333333334,0.1818181818181818,0.8181818181818181,0.25,0.75,0.5953472453472453,,-0.0,,,LLLA
P3,embedding_and_xyz,,,15.0,0.1333333333333333,0.0,2.5180368423461914,1.2439379692077637,0.6136584321657816,0.7469918727874756,0.8719120025634766,0.4092387855052948,0.4626731872558594,0.7692307692307692,0.958945755099601,0.7692307692307692,0.958945755099601,0.1333333333333333,0.8666666666666667,0.1333333333333333,0.8666666666666667,0.1428571428571428,0.8571428571428572,0.1666666666666666,0.8333333333333334,0.1818181818181818,0.8181818181818181,0.25,0.75,0.7015377215377216,,-0.0,,,LLLA
P4,real,,,20.0,0.9,0.8165137614678899,0.5510724186897278,0.2584178745746612,0.2075353354215622,0.7734439969062805,0.6979923844337463,0.5574085116386414,0.140583798289299,0.4444444444444444,0.1339285714285714,0.2222222222222222,0.0945378151260504,0.9,0.0999999999999999,0.8947368421052632,0.1052631578947368,0.8888888888888888,0.1111111111111111,0.875,0.125,0.8571428571428571,0.1428571428571429,0.9,0.0999999999999999,0.0941006112910137,,0.926506603289533,,,LLLA
P4,embedding_only,,,20.0,0.8,0.641255605381166,0.6456316709518433,0.3374699056148529,0.1107956886291503,0.6944972276687622,0.8653280138969421,0.6846755743026733,0.1806523501873016,0.71875,0.3790064102564102,0.375,0.191025641025641,0.8,0.1999999999999999,0.7894736842105263,0.2105263157894736,0.7777777777777778,0.2222222222222222,0.875,0.125,0.8571428571428571,0.1428571428571429,0.9,0.0999999999999999,0.0887304645818577,,0.8556886672556694,,,LLLA
P4,xyz_only,,,20.0,0.65,0.0,0.8094746470451355,0.44505175948143,0.2384101808071136,0.8620403409004211,0.4414212703704834,0.3230340182781219,0.1183872073888778,1.0,0.9999999999999998,1.0,0.9999999999999998,0.65,0.35,0.6842105263157895,0.3157894736842105,0.7222222222222222,0.2777777777777778,0.8125,0.1875,0.9285714285714286,0.0714285714285714,1.0,0.0,0.0698061636935476,,-0.0,,,LLLA
P4,embedding_and_xyz,,,20.0,0.65,0.0,0.7976736426353455,0.431084007024765,0.2340060204267501,0.8495919108390808,0.4615901112556457,0.3406230807304382,0.1209670528769493,1.0,0.9999999999999998,1.0,0.9999999999999998,0.65,0.35,0.6842105263157895,0.3157894736842105,0.7222222222222222,0.2777777777777778,0.8125,0.1875,0.9285714285714286,0.0714285714285714,1.0,0.0,0.0698061636935476,,-0.0,,,LLLA
S1,real,,,13.0,0.7692307692307693,0.61,0.8044537305831909,0.4589947462081909,0.3251723119845757,0.7997614145278931,0.5845248699188232,0.4149520099163055,0.1695728600025177,0.5666666666666667,0.3035714285714285,0.5333333333333333,0.3277777777777778,0.7692307692307693,0.2307692307692307,0.7692307692307693,0.2307692307692307,0.75,0.25,0.7272727272727273,0.2727272727272727,0.7,0.3,0.7142857142857143,0.2857142857142857,0.1432857740550048,,0.8587409130062869,,,LLLA
S1,embedding_only,,,13.0,0.7692307692307693,0.5851063829787233,0.5110048055648804,0.3079097867012024,0.1947607925305,0.7680056691169739,0.6633824706077576,0.482165664434433,0.1812168210744857,0.6666666666666666,0.3888888888888889,0.3999999999999999,0.2483164983164983,0.7692307692307693,0.2307692307692307,0.7692307692307693,0.2307692307692307,0.75,0.25,0.7272727272727273,0.2727272727272727,0.8,0.1999999999999999,0.8571428571428571,0.1428571428571429,0.1218266775959083,,0.666278442414676,,,LLLA
S1,xyz_only,,,13.0,0.3846153846153846,0.1937984496124031,1.152568221092224,0.6597936153411865,0.4077421999894656,0.6887266635894775,0.8934722542762756,0.6368247270584106,0.2566474378108978,1.0,1.0,1.0,1.0,0.3846153846153846,0.6153846153846154,0.3846153846153846,0.6153846153846154,0.4166666666666667,0.5833333333333333,0.4545454545454545,0.5454545454545454,0.5,0.5,0.7142857142857143,0.2857142857142857,0.2467927371773525,,0.666278442414676,,,LLLA
S1,embedding_and_xyz,,,13.0,0.3846153846153846,0.2238805970149252,1.0429505109786987,0.6232470870018005,0.4400873275903555,0.6221199631690979,1.0276840925216677,0.7391929626464844,0.2884911894798279,0.8,0.897159090909091,0.8750000000000001,0.9427083333333331,0.3846153846153846,0.6153846153846154,0.3846153846153846,0.6153846153846154,0.4166666666666667,0.5833333333333333,0.4545454545454545,0.5454545454545454,0.5,0.5,0.5714285714285714,0.4285714285714286,0.3782945686791841,,0.6901856760188042,,,LLLA
S10,real,,,22.0,0.8636363636363636,0.7564575645756457,0.5506908893585205,0.2778628170490265,0.1787872124801982,0.6952593326568604,0.8209359645843506,0.5815150737762451,0.2394208461046219,0.7894736842105263,0.3909090909090909,0.8421052631578948,0.4027777777777777,0.8636363636363636,0.1363636363636363,0.8571428571428571,0.1428571428571429,0.9,0.0999999999999999,0.8888888888888888,0.1111111111111111,0.9375,0.0625,1.0,0.0,0.0430494730821919,,1.0534722169054482,,,LLLA
S10,embedding_only,,,22.0,0.5454545454545454,0.3015873015873016,1.323050618171692,0.7131667137145996,0.3678656775843013,0.7122384309768677,0.8644036650657654,0.5905525088310242,0.2738510966300964,0.575,0.4894344492796505,0.7583333333333333,0.658997113997114,0.5454545454545454,0.4545454545454546,0.5238095238095238,0.4761904761904761,0.5,0.5,0.5,0.5,0.5625,0.4375,0.6363636363636364,0.3636363636363636,0.326711146727682,,0.6765259604934999,,,LLLA
S10,xyz_only,,,22.0,0.5909090909090909,0.3443708609271523,1.0301841497421265,0.4853681325912475,0.1945016980171203,0.6816597580909729,0.8947921395301819,0.5569603443145752,0.3378317058086395,0.9230769230769232,0.9134038800705468,0.9487179487179488,0.9278138528138528,0.5909090909090909,0.409090909090909,0.6190476190476191,0.3809523809523809,0.65,0.35,0.7222222222222222,0.2777777777777778,0.8125,0.1875,0.9090909090909092,0.0909090909090909,0.1320611185496493,,0.6554817739013927,,,LLLA
S10,embedding_and_xyz,,,22.0,0.5,0.2621951219512195,1.8685524463653564,0.7920125722885132,0.3987755897370251,0.7359052896499634,0.860190749168396,0.5063181519508362,0.3538725674152374,0.4628099173553719,0.5289167457616656,0.4958677685950413,0.4991433930393964,0.5,0.5,0.5238095238095238,0.4761904761904761,0.5,0.5,0.4444444444444444,0.5555555555555556,0.4375,0.5625,0.4545454545454545,0.5454545454545454,0.4497589693744351,,0.6890092384766586,,,LLLA
S11,real,,,20.0,0.8,0.5698924731182795,0.4552614688873291,0.2613378167152405,0.1736305952072143,0.7547726631164551,0.73031085729599,0.5903934240341187,0.1399174481630325,0.734375,0.3992424242424243,0.375,0.1902958152958153,0.8,0.1999999999999999,0.7894736842105263,0.2105263157894736,0.8333333333333334,0.1666666666666666,0.8125,0.1875,0.8571428571428571,0.1428571428571429,0.9,0.0999999999999999,0.0814387979151911,,0.8237197315118312,,,LLLA
S11,embedding_only,,,20.0,0.75,0.5073891625615763,0.692739725112915,0.3826204240322113,0.1349077299237251,0.6678195595741272,0.963453471660614,0.7693888545036316,0.19406458735466,0.6266666666666667,0.3477272727272727,0.44,0.2501010101010101,0.75,0.25,0.7368421052631579,0.2631578947368421,0.7222222222222222,0.2777777777777778,0.75,0.25,0.7857142857142857,0.2142857142857143,0.8,0.1999999999999999,0.1478535585501529,,0.9745701894462542,,,LLLA
S11,xyz_only,,,20.0,0.2,0.0643274853801167,2.051002264022827,1.156696081161499,0.6246634006500245,0.8246634602546692,0.5408971905708313,0.4231427609920501,0.1177544817328453,0.859375,0.954894038763524,0.765625,0.8963433268120768,0.2,0.8,0.2105263157894736,0.7894736842105263,0.2222222222222222,0.7777777777777778,0.25,0.75,0.2857142857142857,0.7142857142857143,0.3,0.7,0.5406126024817975,,0.1985152433458726,,,LLLA
S11,embedding_and_xyz,,,20.0,0.15,0.0,2.199015617370605,1.2064132690429688,0.6371806398034097,0.7871806025505066,0.6413864493370056,0.4984777569770813,0.1429087817668914,1.0,1.0,1.0,1.0,0.15,0.85,0.1578947368421052,0.8421052631578947,0.1666666666666666,0.8333333333333334,0.1875,0.8125,0.2142857142857142,0.7857142857142857,0.3,0.7,0.5640890514284478,,-0.0,,,LLLA
S12,real,,,25.0,0.92,0.8655913978494624,0.2408462166786193,0.1075843647122383,0.1254066276550293,0.8415791392326355,0.5481401681900024,0.3974075019359588,0.1507326364517212,0.8913043478260869,0.3666666666666667,0.9130434782608696,0.4166666666666666,0.92,0.0799999999999999,0.9166666666666666,0.0833333333333333,0.9130434782608696,0.0869565217391304,1.0,0.0,1.0,0.0,1.0,0.0,0.0121345379258422,,1.087847391010481,,,LLLA
S12,embedding_only,,,25.0,0.84,0.7289972899728997,0.3821815550327301,0.1776156574487686,0.2022456097602844,0.745009183883667,0.7818930149078369,0.5367334485054016,0.2451596409082412,0.9166666666666666,0.7611111111111111,0.7976190476190477,0.6464285714285715,0.84,0.16,0.875,0.125,0.9130434782608696,0.0869565217391304,0.95,0.05,0.9444444444444444,0.0555555555555555,1.0,0.0,0.0278045748720402,,0.9743417807689858,,,LLLA
S12,xyz_only,,,25.0,0.88,0.7967479674796748,0.3557427227497101,0.1666903048753738,0.1285410439968109,0.7860531806945801,0.6837620735168457,0.4732232391834259,0.2105388790369033,0.9242424242424242,0.6666666666666667,0.8787878787878787,0.4206349206349207,0.88,0.12,0.9166666666666666,0.0833333333333333,0.9130434782608696,0.0869565217391304,0.95,0.05,1.0,0.0,1.0,0.0,0.0167527197440241,,1.064315403907995,,,LLLA
S12,embedding_and_xyz,,,25.0,0.84,0.7289972899728997,0.5408819913864136,0.2589163184165954,0.1892925286293029,0.6972821950912476,0.8632491827011108,0.566432535648346,0.2968166768550873,0.8214285714285713,0.5873397435897436,0.8452380952380952,0.6770833333333333,0.84,0.16,0.875,0.125,0.8695652173913043,0.1304347826086956,0.9,0.0999999999999999,0.8888888888888888,0.1111111111111111,0.9230769230769232,0.0769230769230768,0.0469719232876723,,0.9743417807689858,,,LLLA
S13,real,,,22.0,0.3636363636363636,0.2413793103448275,1.765139102935791,0.9368658661842346,0.4615478380159898,0.7536348700523376,0.808454692363739,0.542219340801239,0.2662352323532104,0.6428571428571429,0.6727802951017237,0.6428571428571429,0.6727802951017237,0.3636363636363636,0.6363636363636364,0.3333333333333333,0.6666666666666667,0.3,0.7,0.3333333333333333,0.6666666666666667,0.3125,0.6875,0.4545454545454545,0.5454545454545454,0.4270821000855479,,0.8454652292345644,,,LLLA
S13,embedding_only,,,22.0,0.3181818181818182,0.1603053435114503,1.8739811182022093,0.9171294569969176,0.4431818777864628,0.6933615803718567,0.949506402015686,0.600114107131958,0.3493921458721161,0.7238095238095238,0.8277492061315591,0.7714285714285714,0.8862460796284325,0.3181818181818182,0.6818181818181819,0.3333333333333333,0.6666666666666667,0.35,0.65,0.3333333333333333,0.6666666666666667,0.375,0.625,0.4545454545454545,0.5454545454545454,0.4863132098848395,,0.6765259604934999,,,LLLA
S13,xyz_only,,,22.0,0.3636363636363636,0.2413793103448275,1.746161699295044,0.9298818707466124,0.4814530421387065,0.7396390438079834,0.8400552868843079,0.5569645762443542,0.283090740442276,0.6428571428571429,0.6727802951017237,0.6428571428571429,0.6727802951017237,0.3636363636363636,0.6363636363636364,0.3333333333333333,0.6666666666666667,0.3,0.7,0.3333333333333333,0.6666666666666667,0.3125,0.6875,0.4545454545454545,0.5454545454545454,0.4270821000855479,,0.8454652292345644,,,LLLA
S13,embedding_and_xyz,,,22.0,0.3181818181818182,0.1603053435114503,1.846427083015442,0.9116247296333312,0.4414234351028096,0.6790345907211304,0.9799194931983948,0.6146841645240784,0.3652353584766388,0.6952380952380952,0.8071142854966383,0.7142857142857143,0.8055269839093369,0.3181818181818182,0.6818181818181819,0.3333333333333333,0.6666666666666667,0.35,0.65,0.3333333333333333,0.6666666666666667,0.3125,0.6875,0.4545454545454545,0.5454545454545454,0.4975097339490106,,0.6765259604934999,,,LLLA
S14,real,,,19.0,0.8947368421052632,0.819047619047619,0.2934938371181488,0.1536380350589752,0.1822871957954607,0.7927797436714172,0.558624804019928,0.4952914714813232,0.0633333697915077,0.9117647058823528,0.5,0.7058823529411765,0.2361111111111111,0.8947368421052632,0.1052631578947368,0.8947368421052632,0.1052631578947368,0.8888888888888888,0.1111111111111111,0.9375,0.0625,1.0,0.0,1.0,0.0,0.015003485235276,,0.955131195451464,,,LLLA
S14,embedding_only,,,19.0,0.5263157894736842,0.2532751091703057,0.7401158213615417,0.4631267786026001,0.2973539076353374,0.7240756750106812,0.6723810434341431,0.5892353057861328,0.0831458047032356,0.8444444444444444,0.8370863160078847,0.8222222222222222,0.8253086419753086,0.5263157894736842,0.4736842105263158,0.5263157894736842,0.4736842105263158,0.5555555555555556,0.4444444444444444,0.5625,0.4375,0.6428571428571429,0.3571428571428571,0.9,0.0999999999999999,0.2345354134848187,,0.9932682101499608,,,LLLA
S14,xyz_only,,,19.0,0.4210526315789473,0.1803921568627451,1.2680610418319702,0.8198224306106567,0.4591906447159616,0.8234963417053223,0.4653404057025909,0.4144169092178345,0.0509235374629497,0.7727272727272727,0.7248241657332566,0.7159090909090909,0.6784372193463102,0.4210526315789473,0.5789473684210527,0.4210526315789473,0.5789473684210527,0.3888888888888889,0.6111111111111112,0.4375,0.5625,0.4285714285714285,0.5714285714285714,0.6,0.4,0.3074708489508066,,0.336495757583516,,,LLLA
S14,embedding_and_xyz,,,19.0,0.3157894736842105,0.0,1.8369662761688232,1.0559593439102173,0.5732686613735399,0.8760524392127991,0.3988588154315948,0.3545369803905487,0.0443218313157558,0.858974358974359,0.938564301460229,0.8333333333333334,0.927603040498968,0.3157894736842105,0.6842105263157895,0.3157894736842105,0.6842105263157895,0.3333333333333333,0.6666666666666667,0.375,0.625,0.4285714285714285,0.5714285714285714,0.5,0.5,0.4176288872353725,,-0.0,,,LLLA
S2,real,,,13.0,0.8461538461538461,0.7142857142857143,0.4634854197502136,0.2530026137828827,0.2194505517299358,0.7085509896278381,0.7598915696144104,0.6527037024497986,0.1071879044175148,0.7272727272727273,0.3333333333333333,0.5909090909090909,0.2777777777777778,0.8461538461538461,0.1538461538461538,0.8461538461538461,0.1538461538461538,0.8333333333333334,0.1666666666666666,0.8181818181818182,0.1818181818181817,0.9,0.0999999999999999,1.0,0.0,0.0585783874245412,,0.9110175397125628,,,LLLA
S2,embedding_only,,,13.0,0.7692307692307693,0.6020408163265306,0.6666198372840881,0.396349161863327,0.2922788262367248,0.6628458499908447,0.8247114419937134,0.6849710941314697,0.1397403627634048,0.5333333333333333,0.3063492063492063,0.6,0.3444444444444444,0.7692307692307693,0.2307692307692307,0.7692307692307693,0.2307692307692307,0.75,0.25,0.7272727272727273,0.2727272727272727,0.8,0.1999999999999999,0.7142857142857143,0.2857142857142857,0.1702088509780817,,1.118968866881627,,,LLLA
S2,xyz_only,,,13.0,0.2307692307692307,0.1390728476821191,3.80626916885376,1.2739428281784058,0.6506507717646086,0.7679515480995178,0.6567736864089966,0.4877122342586517,0.1690613627433776,0.3,0.7809598734598734,0.3,0.7809598734598734,0.2307692307692307,0.7692307692307692,0.2307692307692307,0.7692307692307692,0.25,0.75,0.2727272727272727,0.7272727272727273,0.3,0.7,0.0,1.0,0.8242050684358376,,1.0100997593541636,,,LLLA
S2,embedding_and_xyz,,,13.0,0.2307692307692307,0.1390728476821191,3.991255044937134,1.2787420749664309,0.6463590585268462,0.7481571435928345,0.6675945520401001,0.5136985182762146,0.1538960188627243,0.2666666666666666,0.7559598734598734,0.2666666666666666,0.7559598734598734,0.2307692307692307,0.7692307692307692,0.2307692307692307,0.7692307692307692,0.25,0.75,0.2727272727272727,0.7272727272727273,0.2,0.8,0.0,1.0,0.8318973761281453,,1.0100997593541636,,,LLLA
S3,real,,,13.0,0.6923076923076923,0.543859649122807,0.5971348881721497,0.3590562641620636,0.2139093967584463,0.8039692640304565,0.5485925078392029,0.4866407811641693,0.0619517117738723,0.9166666666666669,0.8928571428571428,0.8055555555555556,0.7152777777777778,0.6923076923076923,0.3076923076923077,0.6923076923076923,0.3076923076923077,0.75,0.25,0.8181818181818182,0.1818181818181817,0.9,0.0999999999999999,0.8571428571428571,0.1428571428571429,0.0818948145871222,,0.9110175397125628,,,LLLA
S3,embedding_only,,,13.0,0.8461538461538461,0.7592592592592592,0.5157914161682129,0.2934778928756714,0.2633806902628678,0.7073332667350769,0.7694576978683472,0.668850839138031,0.1006067544221878,0.7272727272727273,0.3333333333333333,0.6363636363636364,0.2666666666666666,0.8461538461538461,0.1538461538461538,0.8461538461538461,0.1538461538461538,0.8333333333333334,0.1666666666666666,0.8181818181818182,0.1818181818181817,0.9,0.0999999999999999,1.0,0.0,0.0585783874245412,,1.0905994737794786,,,LLLA
S3,xyz_only,,,13.0,0.6153846153846154,0.2261904761904761,1.79267418384552,0.6054369211196899,0.3258251135165875,0.8015648722648621,0.5708685517311096,0.3539812862873077,0.2168873250484466,0.875,0.71,0.9,0.81,0.6153846153846154,0.3846153846153846,0.6153846153846154,0.3846153846153846,0.5833333333333334,0.4166666666666666,0.6363636363636364,0.3636363636363636,0.7,0.3,1.0,0.0,0.1246025342179188,,0.2711893730418441,,,LLLA
S3,embedding_and_xyz,,,13.0,0.6153846153846154,0.2261904761904761,1.6679637432098389,0.5869444608688354,0.314487480200254,0.776603102684021,0.6141219735145569,0.3753622174263,0.2387596666812896,0.9,0.81,0.8250000000000001,0.7544444444444445,0.6153846153846154,0.3846153846153846,0.6153846153846154,0.3846153846153846,0.6666666666666666,0.3333333333333333,0.6363636363636364,0.3636363636363636,0.7,0.3,1.0,0.0,0.1181922778076624,,0.2711893730418441,,,LLLA
S4,real,,,21.0,0.7142857142857143,0.3823529411764707,0.5800124406814575,0.3618515431880951,0.2111496073859078,0.8517018556594849,0.4632072448730469,0.3758133947849273,0.0873938202857971,0.8666666666666667,0.607936507936508,0.9,0.744047619047619,0.7142857142857143,0.2857142857142857,0.7,0.3,0.7368421052631579,0.2631578947368421,0.7647058823529411,0.2352941176470588,0.8666666666666667,0.1333333333333333,1.0,0.0,0.0803939007001811,,0.6189407438569727,,,LLLA
S4,embedding_only,,,21.0,0.6666666666666666,0.2575757575757575,0.664465069770813,0.4047149121761322,0.2143518811180478,0.7914115190505981,0.6101732850074768,0.4788146317005157,0.1313586384057998,0.7755102040816326,0.566156462585034,0.7040816326530612,0.5085248085248084,0.6666666666666666,0.3333333333333333,0.65,0.35,0.6842105263157895,0.3157894736842105,0.7058823529411765,0.2941176470588235,0.7333333333333333,0.2666666666666667,0.9090909090909092,0.0909090909090909,0.1402541413653753,,0.5010469137590966,,,LLLA
S4,xyz_only,,,21.0,0.3809523809523809,0.09,1.473953127861023,0.9535924792289734,0.5323284580594017,0.8797318339347839,0.4040765762329101,0.3375534415245056,0.0665231421589851,0.8557692307692308,0.8526593944014758,0.8461538461538461,0.8141978559399373,0.3809523809523809,0.6190476190476191,0.4,0.6,0.3684210526315789,0.631578947368421,0.4117647058823529,0.5882352941176471,0.4666666666666667,0.5333333333333333,0.6363636363636364,0.3636363636363636,0.3207080961448498,,0.1914440819577173,,,LLLA
S4,embedding_and_xyz,,,21.0,0.3333333333333333,0.0,1.5974305868148804,0.9679858684539796,0.5310659153120858,0.864399254322052,0.4338621795177459,0.3557516634464264,0.0781105235219001,0.9591836734693876,0.9822929171668666,0.9387755102040816,0.974002100840336,0.3333333333333333,0.6666666666666667,0.35,0.65,0.3684210526315789,0.631578947368421,0.4117647058823529,0.5882352941176471,0.4666666666666667,0.5333333333333333,0.6363636363636364,0.3636363636363636,0.3301752163262557,,-0.0,,,LLLA
S5,real,,,16.0,0.875,0.7922077922077921,0.4404690861701965,0.254586398601532,0.2140355817973613,0.6983165740966797,0.697453498840332,0.6169331073760986,0.0805204063653945,0.9642857142857144,0.8333333333333333,0.5,0.1736111111111111,0.875,0.125,0.875,0.125,0.9333333333333332,0.0666666666666666,1.0,0.0,1.0,0.0,1.0,0.0,0.0125372023809523,,0.9743147528693494,,,LLLA
S5,embedding_only,,,16.0,0.75,0.5524475524475525,0.7208313941955566,0.3959895670413971,0.1989893745630979,0.5988682508468628,0.983906090259552,0.7950897216796875,0.1888163983821869,0.8125,0.6178571428571429,0.7291666666666667,0.573051948051948,0.75,0.25,0.75,0.25,0.8,0.1999999999999999,0.7692307692307693,0.2307692307692307,0.75,0.25,1.0,0.0,0.0813670704295704,,0.9507489270509152,,,LLLA
S5,xyz_only,,,16.0,0.125,0.1039999999999999,1.7730365991592407,1.0232120752334597,0.5138018690049648,0.6388018727302551,1.007557988166809,0.6818753480911255,0.325682520866394,0.75,0.965391156462585,0.7857142857142857,0.971343537414966,0.125,0.875,0.125,0.875,0.1333333333333333,0.8666666666666667,0.1538461538461538,0.8461538461538461,0.1666666666666666,0.8333333333333334,0.25,0.75,0.7761067925130426,,0.3767701612564367,,,LLLA
S5,embedding_and_xyz,,,16.0,0.0,0.0,2.426849365234375,1.3041772842407229,0.6954377330839634,0.6954377889633179,0.9100738763809204,0.6008281707763672,0.309245765209198,,,,,0.0,1.0,0.0,1.0,0.0,1.0,0.0,1.0,0.0,1.0,0.0,1.0,0.9375,,-0.0,,,LLLA
S6,real,,,13.0,0.7692307692307693,0.5568181818181819,0.4857533276081085,0.3026779294013977,0.2914089537583865,0.7903180718421936,0.6076931357383728,0.5200415253639221,0.087651714682579,0.8,0.4777777777777778,0.8333333333333334,0.5333333333333333,0.7692307692307693,0.2307692307692307,0.7692307692307693,0.2307692307692307,0.75,0.25,0.7272727272727273,0.2727272727272727,0.8,0.1999999999999999,1.0,0.0,0.0730171537863845,,0.6870920273799715,,,LLLA
S6,embedding_only,,,13.0,0.7692307692307693,0.5568181818181819,0.5794987678527832,0.3367052674293518,0.3412268803669856,0.6698420643806458,0.8635492920875549,0.7159794569015503,0.1475699096918106,0.6333333333333333,0.3472222222222222,1.0,1.0,0.7692307692307693,0.2307692307692307,0.7692307692307693,0.2307692307692307,0.75,0.25,0.7272727272727273,0.2727272727272727,0.8,0.1999999999999999,0.8571428571428571,0.1428571428571429,0.1246044553736861,,0.6870920273799715,,,LLLA
S6,xyz_only,,,13.0,0.6153846153846154,0.2261904761904761,1.0273276567459106,0.5797691345214844,0.3995965444124663,0.8033784031867981,0.703364908695221,0.4032655358314514,0.3000993430614471,0.875,0.71,0.875,0.71,0.6153846153846154,0.3846153846153846,0.6153846153846154,0.3846153846153846,0.5833333333333334,0.4166666666666666,0.6363636363636364,0.3636363636363636,0.7,0.3,1.0,0.0,0.1246025342179188,,0.2711893730418441,,,LLLA
S6,embedding_and_xyz,,,13.0,0.5384615384615384,0.0,1.085326910018921,0.6184510588645935,0.2800974800036503,0.7375333309173584,0.880742609500885,0.4940047562122345,0.3867378234863281,0.8571428571428572,0.7999999999999999,0.880952380952381,0.8178571428571427,0.5384615384615384,0.4615384615384615,0.5384615384615384,0.4615384615384615,0.5833333333333334,0.4166666666666666,0.5454545454545454,0.4545454545454546,0.6,0.4,0.8571428571428571,0.1428571428571429,0.1842183457568073,,-0.0,,,LLLA
S7,real,,,18.0,0.5555555555555556,0.2871287128712871,1.1572115421295166,0.6495168209075928,0.2809127883778677,0.628690779209137,0.9570680260658264,0.7681018114089966,0.1889662891626358,0.4625,0.5012092074592074,0.425,0.4059711122211122,0.5555555555555556,0.4444444444444444,0.5555555555555556,0.4444444444444444,0.5882352941176471,0.4117647058823529,0.5333333333333333,0.4666666666666667,0.4615384615384615,0.5384615384615384,0.4444444444444444,0.5555555555555556,0.3702095789105593,,1.2919060073446698,,,LLLA
S7,embedding_only,,,18.0,0.4444444444444444,0.1133004926108375,1.8903579711914065,0.9035542011260986,0.3904470536443922,0.6294130086898804,0.9667802453041076,0.7457456588745117,0.2210346013307571,0.3125,0.4690889176183294,0.4625,0.5217368742368742,0.4444444444444444,0.5555555555555556,0.4444444444444444,0.5555555555555556,0.4117647058823529,0.5882352941176471,0.3333333333333333,0.6666666666666667,0.3076923076923077,0.6923076923076923,0.4444444444444444,0.5555555555555556,0.6559657118480648,,0.933823851714722,,,LLLA
S7,xyz_only,,,18.0,0.3333333333333333,0.2145454545454546,3.69389009475708,1.1969035863876345,0.504299306207233,0.7756811380386353,0.6660581827163696,0.4735637307167053,0.1924944519996643,0.1944444444444444,0.5873004582563407,0.2916666666666667,0.6085061044619868,0.3333333333333333,0.6666666666666667,0.3333333333333333,0.6666666666666667,0.3529411764705882,0.6470588235294117,0.2666666666666666,0.7333333333333334,0.2307692307692307,0.7692307692307692,0.1111111111111111,0.8888888888888888,0.8189895933768483,,0.8544149816001841,,,LLLA
S7,embedding_and_xyz,,,18.0,0.3333333333333333,0.2145454545454546,3.325792074203491,1.136588454246521,0.5640732215510473,0.7366553544998169,0.8062404990196228,0.5518438816070557,0.2543965578079223,0.2361111111111111,0.5943952153510977,0.3611111111111111,0.6343222749472749,0.3333333333333333,0.6666666666666667,0.3333333333333333,0.6666666666666667,0.3529411764705882,0.6470588235294117,0.2666666666666666,0.7333333333333334,0.2307692307692307,0.7692307692307692,0.2222222222222222,0.7777777777777778,0.7940336850876066,,0.8544149816001841,,,LLLA
S8,real,,,19.0,0.8421052631578947,0.7178217821782178,0.4181859791278839,0.2453033328056335,0.1506460591366416,0.8711807727813721,0.4422723948955536,0.343940407037735,0.0983319580554962,0.7291666666666666,0.3222222222222222,0.3125,0.148611111111111,0.8421052631578947,0.1578947368421053,0.8421052631578947,0.1578947368421053,0.8333333333333334,0.1666666666666666,0.875,0.125,0.8571428571428571,0.1428571428571429,0.9,0.0999999999999999,0.0618126631936311,,0.8392695557891106,,,LLLA
S8,embedding_only,,,19.0,0.7894736842105263,0.6062176165803108,0.5912795662879944,0.311286985874176,0.1971864747373681,0.8372880220413208,0.4841566979885101,0.3774712681770324,0.106685385107994,0.6500000000000001,0.5276315789473685,0.4,0.276010101010101,0.7894736842105263,0.2105263157894736,0.7894736842105263,0.2105263157894736,0.8333333333333334,0.1666666666666666,0.8125,0.1875,0.8571428571428571,0.1428571428571429,0.9,0.0999999999999999,0.1925732268835576,,0.6806294878916634,,,LLLA
S8,xyz_only,,,19.0,0.4210526315789473,0.0,1.334808111190796,0.7066039443016052,0.3935273556332839,0.8145800232887268,0.5131468176841736,0.3829432725906372,0.1302035450935363,0.9204545454545454,0.956439393939394,0.7727272727272727,0.8918218004905312,0.4210526315789473,0.5789473684210527,0.4210526315789473,0.5789473684210527,0.4444444444444444,0.5555555555555556,0.5,0.5,0.5714285714285714,0.4285714285714286,0.8,0.1999999999999999,0.2732684801122148,,-0.0,,,LLLA
S8,embedding_and_xyz,,,19.0,0.4210526315789473,0.0,1.638995885848999,0.8496158123016357,0.4514208122303611,0.8724734783172607,0.4351635873317718,0.3297678530216217,0.1053957715630531,0.9204545454545454,0.9646464646464648,0.7613636363636364,0.8732946346582711,0.4210526315789473,0.5789473684210527,0.4210526315789473,0.5789473684210527,0.4444444444444444,0.5555555555555556,0.5,0.5,0.5714285714285714,0.4285714285714286,0.8,0.1999999999999999,0.3047012286502266,,-0.0,,,LLLA
S9,real,,,26.0,0.7692307692307693,0.625,0.5702542066574097,0.2877809405326843,0.1675696991957151,0.8328086137771606,0.5602357387542725,0.4025570154190063,0.1576787531375885,0.8583333333333334,0.8023809523809523,0.5916666666666666,0.304862535125693,0.7692307692307693,0.2307692307692307,0.8,0.1999999999999999,0.8333333333333334,0.1666666666666666,0.9047619047619048,0.0952380952380952,0.9473684210526316,0.0526315789473684,0.9230769230769232,0.0769230769230768,0.0785318251309765,,1.07047454517315,,,LLLA
S9,embedding_only,,,26.0,0.6923076923076923,0.514018691588785,1.0342227220535278,0.4583811163902282,0.1667839380411001,0.7735567688941956,0.762955367565155,0.51370769739151,0.2492476850748062,0.6666666666666666,0.5297419971333015,0.3611111111111111,0.2958701837378308,0.6923076923076923,0.3076923076923077,0.72,0.28,0.7083333333333334,0.2916666666666666,0.7142857142857143,0.2857142857142857,0.7368421052631579,0.2631578947368421,0.8461538461538461,0.1538461538461538,0.1935352493344691,,1.0017680654251162,,,LLLA
S9,xyz_only,,,26.0,0.8076923076923077,0.6774193548387097,0.6298375725746155,0.2695116698741913,0.1947703544910137,0.7698541283607483,0.7160294055938721,0.4602763950824737,0.2557530701160431,0.9523809523809524,0.8583333333333332,0.9714285714285714,0.8766666666666667,0.8076923076923077,0.1923076923076923,0.84,0.16,0.875,0.125,0.9047619047619048,0.0952380952380952,0.9473684210526316,0.0526315789473684,1.0,0.0,0.0291111204995204,,1.0026127029794925,,,LLLA
S9,embedding_and_xyz,,,26.0,0.7307692307692307,0.5392405063291139,0.9355915784835817,0.3633401095867157,0.1709612378707299,0.7142353057861328,0.8652436137199402,0.5374398827552795,0.327803760766983,0.9172932330827068,0.7051948051948053,0.9097744360902256,0.7762832405689548,0.7307692307692307,0.2692307692307693,0.72,0.28,0.75,0.25,0.8571428571428571,0.1428571428571429,0.8947368421052632,0.1052631578947368,1.0,0.0,0.0611086252500227,,0.9012262508973272,,,LLLA
SC1,real,,,38.0,0.631578947368421,0.4405888538380652,0.9821925759315492,0.4941805899143219,0.1974776795035914,0.7750012278556824,0.6994056105613708,0.4595851302146911,0.2398204356431961,0.7113095238095238,0.5911868962369051,0.8333333333333334,0.7414587921415652,0.631578947368421,0.368421052631579,0.6486486486486487,0.3513513513513513,0.6285714285714286,0.3714285714285714,0.7096774193548387,0.2903225806451612,0.7407407407407407,0.2592592592592593,0.7368421052631579,0.2631578947368421,0.2055702833263812,,1.0374765659748235,,,LLLA
SC1,embedding_only,,,38.0,0.5789473684210527,0.3699481865284973,1.1047959327697754,0.5777727365493774,0.2097376506579549,0.7509163022041321,0.7748201489448547,0.496526151895523,0.2782939672470093,0.6278409090909091,0.5290175604801564,0.6676136363636364,0.5896563959205746,0.5789473684210527,0.4210526315789473,0.5675675675675675,0.4324324324324324,0.6,0.4,0.6129032258064516,0.3870967741935484,0.5925925925925926,0.4074074074074074,0.631578947368421,0.368421052631579,0.2963222582405326,,1.0761158488492055,,,LLLA
SC1,xyz_only,,,38.0,0.7631578947368421,0.6109215017064846,1.075189471244812,0.5109003186225891,0.3156161088692514,0.7839677929878235,0.6336305737495422,0.419170618057251,0.21445994079113,0.3409961685823754,0.1917888682353935,0.4712643678160919,0.2329805996472663,0.7631578947368421,0.2368421052631578,0.7567567567567568,0.2432432432432432,0.7428571428571429,0.2571428571428571,0.7096774193548387,0.2903225806451612,0.7037037037037037,0.2962962962962963,0.631578947368421,0.368421052631579,0.266544578998233,,0.7914244789373426,,,LLLA
SC1,embedding_and_xyz,,,38.0,0.7105263157894737,0.5222857142857142,1.1296133995056152,0.558407187461853,0.2764863230680164,0.768211841583252,0.6863744854927063,0.448708176612854,0.2376663237810135,0.4377104377104377,0.271683198804638,0.4579124579124579,0.2710014323481816,0.7105263157894737,0.2894736842105263,0.7027027027027027,0.2972972972972972,0.6857142857142857,0.3142857142857143,0.6774193548387096,0.3225806451612903,0.6666666666666666,0.3333333333333333,0.631578947368421,0.368421052631579,0.2742406445719664,,0.7587412805356828,,,LLLA
SC2,real,,,31.0,0.8709677419354839,0.807153965785381,0.4596375823020935,0.2252652794122696,0.2342247905269746,0.6796746253967285,0.9224840998649596,0.6444620490074158,0.2780220210552215,0.861111111111111,0.4659090909090909,0.3888888888888889,0.1286360235873966,0.8709677419354839,0.1290322580645161,0.8666666666666667,0.1333333333333333,0.9285714285714286,0.0714285714285714,0.92,0.0799999999999999,0.9545454545454546,0.0454545454545454,1.0,0.0,0.0279705454451432,,1.163396352540619,,,LLLA
SC2,embedding_only,,,31.0,0.9032258064516128,0.85423197492163,0.4128735661506653,0.1849607527256012,0.249977873217675,0.687483549118042,0.9163508415222168,0.6311640739440918,0.2851866483688354,0.7857142857142858,0.3214285714285714,0.4404761904761904,0.1105339105339105,0.9032258064516128,0.0967741935483871,0.9,0.0999999999999999,0.9285714285714286,0.0714285714285714,0.92,0.0799999999999999,0.9545454545454546,0.0454545454545454,1.0,0.0,0.0289629244587326,,1.0914145617941,,,LLLA
SC2,xyz_only,,,31.0,0.6451612903225806,0.4721362229102167,1.514378786087036,0.5461815595626831,0.2434332774531457,0.6910275816917419,0.940387487411499,0.4324825406074524,0.5079050064086914,0.968181818181818,0.9416994621540078,0.990909090909091,0.986013986013986,0.6451612903225806,0.3548387096774194,0.6666666666666666,0.3333333333333333,0.7142857142857143,0.2857142857142857,0.8,0.1999999999999999,0.8636363636363636,0.1363636363636363,1.0,0.0,0.0828669527231379,,0.6800829048357611,,,LLLA
SC2,embedding_and_xyz,,,31.0,0.6451612903225806,0.4737654320987655,1.358122706413269,0.5342802405357361,0.2296023397676406,0.6882675886154175,0.9378371238708496,0.4392832815647125,0.4985537230968475,0.9227272727272728,0.922266139657444,0.8318181818181818,0.8162940814126585,0.6451612903225806,0.3548387096774194,0.6666666666666666,0.3333333333333333,0.7142857142857143,0.2857142857142857,0.8,0.1999999999999999,0.9090909090909092,0.0909090909090909,0.9375,0.0625,0.1089349066169291,,0.6884572217893625,,,LLLA
SC3,real,,,25.0,0.88,0.7800586510263929,0.3984865844249725,0.1732788532972335,0.1956022310256957,0.719266951084137,0.8628903031349182,0.6230413317680359,0.2398490309715271,0.9393939393939392,0.7,0.5757575757575757,0.4335839598997493,0.88,0.12,0.9166666666666666,0.0833333333333333,0.9130434782608696,0.0869565217391304,1.0,0.0,1.0,0.0,1.0,0.0,0.014752719744024,,0.9906979855077472,,,LLLA
SC3,embedding_only,,,25.0,0.8,0.648876404494382,0.839019775390625,0.4024933576583862,0.2391623926162719,0.6165322661399841,1.0307716131210327,0.7331603169441223,0.2976111471652984,0.64,0.4098989898989899,0.44,0.2626190476190476,0.8,0.1999999999999999,0.7916666666666666,0.2083333333333333,0.8260869565217391,0.1739130434782608,0.9,0.0999999999999999,0.8888888888888888,0.1111111111111111,0.8461538461538461,0.1538461538461538,0.1430484215833522,,1.0201306525013127,,,LLLA
SC3,xyz_only,,,25.0,0.6,0.1071428571428571,1.3746066093444824,0.5989860892295837,0.2799932622909545,0.8744202256202698,0.3566509187221527,0.2578068971633911,0.0988440513610839,0.8666666666666667,0.8667982456140351,0.7466666666666666,0.783031968031968,0.6,0.4,0.625,0.375,0.6521739130434783,0.3478260869565217,0.75,0.25,0.7777777777777778,0.2222222222222222,0.8461538461538461,0.1538461538461538,0.1587610515073834,,0.2787693717685874,,,LLLA
SC3,embedding_and_xyz,,,25.0,0.6,0.0,1.4944342374801636,0.6027543544769287,0.2770430505275726,0.8715545535087585,0.3675523102283478,0.2625552117824554,0.1049970611929893,0.8466666666666667,0.8534462269756388,0.7466666666666667,0.7827505827505826,0.6,0.4,0.625,0.375,0.6521739130434783,0.3478260869565217,0.75,0.25,0.7777777777777778,0.2222222222222222,0.8461538461538461,0.1538461538461538,0.1733679609378222,,-0.0,,,LLLA
SG1,real,,,19.0,1.0,1.0,0.1690184772014618,0.0639455914497375,0.1397005696045725,0.8602993488311768,0.4530481994152069,0.3791555166244507,0.0738926604390144,,,,,1.0,0.0,1.0,0.0,1.0,0.0,1.0,0.0,1.0,0.0,1.0,0.0,0.0,,0.8392695557891106,,,LLLA
SG1,embedding_only,,,19.0,0.8947368421052632,0.8109452736318408,0.3440703451633453,0.1590544581413269,0.1507603839824074,0.7583003640174866,0.7255756258964539,0.5737264752388,0.1518492400646209,0.9411764705882352,0.5833333333333333,0.4117647058823529,0.1287878787878787,0.8947368421052632,0.1052631578947368,0.8947368421052632,0.1052631578947368,0.8888888888888888,0.1111111111111111,1.0,0.0,1.0,0.0,1.0,0.0,0.0117140115510654,,1.0156378226755116,,,LLLA
SG1,xyz_only,,,19.0,0.5789473684210527,0.0,1.0950431823730469,0.5928130149841309,0.3005315034013045,0.879478931427002,0.381998211145401,0.3025236129760742,0.0794745832681655,1.0,1.0,1.0,1.0,0.5789473684210527,0.4210526315789473,0.5789473684210527,0.4210526315789473,0.6111111111111112,0.3888888888888888,0.6875,0.3125,0.7857142857142857,0.2142857142857143,1.0,0.0,0.1043678025937273,,-0.0,,,LLLA
SG1,embedding_and_xyz,,,19.0,0.5789473684210527,0.1264367816091954,0.987303912639618,0.5352529883384705,0.2571971463529687,0.8361445069313049,0.4615868628025055,0.3706795871257782,0.0909072458744049,1.0,1.0,1.0,1.0,0.5789473684210527,0.4210526315789473,0.5789473684210527,0.4210526315789473,0.6111111111111112,0.3888888888888888,0.6875,0.3125,0.7857142857142857,0.2142857142857143,1.0,0.0,0.1043678025937273,,0.336495757583516,,,LLLA
SG2,real,,,19.0,0.7368421052631579,0.5432692307692308,0.5523491501808167,0.3229250013828277,0.1889508350899345,0.8921746611595154,0.3427160978317261,0.2912096679210663,0.0515064112842083,0.9285714285714286,0.8261904761904761,0.6142857142857143,0.3907051282051282,0.7368421052631579,0.2631578947368421,0.7368421052631579,0.2631578947368421,0.7777777777777778,0.2222222222222222,0.8125,0.1875,0.8571428571428571,0.1428571428571429,1.0,0.0,0.0563623847862889,,0.8092054732283176,,,LLLA
SG2,embedding_only,,,19.0,0.7368421052631579,0.5388349514563107,0.5458930730819702,0.3193729817867279,0.2280013263225555,0.8392240405082703,0.4964281320571899,0.3890250921249389,0.1074029877781868,0.9857142857142858,0.9666666666666666,0.8571428571428571,0.6866666666666665,0.7368421052631579,0.2631578947368421,0.7368421052631579,0.2631578947368421,0.7777777777777778,0.2222222222222222,0.875,0.125,0.9285714285714286,0.0714285714285714,1.0,0.0,0.0417561576800618,,0.6806294878916634,,,LLLA
SG2,xyz_only,,,19.0,0.4736842105263157,0.0,1.9381561279296875,0.8442755341529846,0.4214313438064173,0.8951154947280884,0.3337290287017822,0.2593658864498138,0.0743631646037101,0.9888888888888888,0.9909090909090909,0.9222222222222224,0.9525,0.4736842105263157,0.5263157894736843,0.4736842105263157,0.5263157894736843,0.5,0.5,0.5625,0.4375,0.6428571428571429,0.3571428571428571,0.9,0.0999999999999999,0.1778426625155482,,-0.0,,,LLLA
SG2,embedding_and_xyz,,,19.0,0.4736842105263157,0.0,1.899953365325928,0.8241215944290161,0.4029259587589062,0.8766101002693176,0.3689146935939789,0.2820333838462829,0.0868812873959541,0.9777777777777776,0.9809090909090908,0.9555555555555556,0.9651515151515152,0.4736842105263157,0.5263157894736843,0.4736842105263157,0.5263157894736843,0.5,0.5,0.5625,0.4375,0.6428571428571429,0.3571428571428571,0.8,0.1999999999999999,0.1831058204102851,,-0.0,,,LLLA
SG3,real,,,19.0,0.8947368421052632,0.7912087912087913,0.3054038882255554,0.1594662964344024,0.1504584111665424,0.8860721588134766,0.3888652324676513,0.3245972692966461,0.0642679557204246,0.8529411764705882,0.4166666666666666,0.2941176470588235,0.1083333333333333,0.8947368421052632,0.1052631578947368,0.8947368421052632,0.1052631578947368,0.8888888888888888,0.1111111111111111,0.9375,0.0625,0.9285714285714286,0.0714285714285714,1.0,0.0,0.0222716556613411,,0.8392695557891106,,,LLLA
SG3,embedding_only,,,19.0,0.8947368421052632,0.7912087912087913,0.4664989709854126,0.231617271900177,0.1573746173005355,0.8579144477844238,0.4656476080417633,0.3752814531326294,0.0903661772608757,0.4117647058823529,0.142156862745098,0.2058823529411765,0.0982142857142857,0.8947368421052632,0.1052631578947368,0.8947368421052632,0.1052631578947368,0.8888888888888888,0.1111111111111111,0.875,0.125,0.8571428571428571,0.1428571428571429,0.9,0.0999999999999999,0.1243533673792758,,0.8392695557891106,,,LLLA
SG3,xyz_only,,,19.0,0.6842105263157895,0.1857142857142857,0.6690090298652649,0.3662791848182678,0.1859587791718934,0.8499792814254761,0.3842269778251648,0.313456118106842,0.0707708373665809,1.0,1.0,1.0,1.0,0.6842105263157895,0.3157894736842105,0.6842105263157895,0.3157894736842105,0.7222222222222222,0.2777777777777778,0.8125,0.1875,0.9285714285714286,0.0714285714285714,1.0,0.0,0.0559593966857287,,0.336495757583516,,,LLLA
SG3,embedding_and_xyz,,,19.0,0.6842105263157895,0.2549019607843137,0.6605523228645325,0.35221728682518,0.1865630055728711,0.8404244184494019,0.4193233549594879,0.3468256294727325,0.0724977329373359,1.0,1.0,1.0,1.0,0.6842105263157895,0.3157894736842105,0.6842105263157895,0.3157894736842105,0.7222222222222222,0.2777777777777778,0.8125,0.1875,0.9285714285714286,0.0714285714285714,1.0,0.0,0.0559593966857287,,0.4361623253853443,,,LLLA
SG4,real,,,19.0,0.8421052631578947,0.696808510638298,0.3868269026279449,0.1899551153182983,0.1350889268674348,0.8518831133842468,0.4863356053829193,0.4051010608673095,0.0812345519661903,0.9166666666666666,0.8095238095238095,0.625,0.3176638176638177,0.8421052631578947,0.1578947368421053,0.8421052631578947,0.1578947368421053,0.8888888888888888,0.1111111111111111,0.9375,0.0625,0.9285714285714286,0.0714285714285714,1.0,0.0,0.0277052802085391,,0.8392695557891106,,,LLLA
SG4,embedding_only,,,19.0,0.7368421052631579,0.5388349514563107,0.7014628648757935,0.3847131729125976,0.272752234810277,0.785214900970459,0.6703346371650696,0.5261480212211609,0.1441866904497146,0.7428571428571429,0.5458333333333333,0.4428571428571429,0.2664425770308123,0.7368421052631579,0.2631578947368421,0.7368421052631579,0.2631578947368421,0.7222222222222222,0.2777777777777778,0.8125,0.1875,0.8571428571428571,0.1428571428571429,0.9,0.0999999999999999,0.1376525342652929,,0.8628578006373905,,,LLLA
SG4,xyz_only,,,19.0,0.6842105263157895,0.0,0.768341600894928,0.4025016725063324,0.2141318509453221,0.8576617240905762,0.4184543192386627,0.2873766422271728,0.1310776472091674,1.0,1.0,1.0,1.0,0.6842105263157895,0.3157894736842105,0.6842105263157895,0.3157894736842105,0.7222222222222222,0.2777777777777778,0.8125,0.1875,0.9285714285714286,0.0714285714285714,1.0,0.0,0.0559593966857287,,-0.0,,,LLLA
SG4,embedding_and_xyz,,,19.0,0.6842105263157895,0.2549019607843137,0.822848916053772,0.3993319571018219,0.2021273876491346,0.8353918194770813,0.4528231918811798,0.309134304523468,0.1436888724565506,1.0,1.0,1.0,1.0,0.6842105263157895,0.3157894736842105,0.6842105263157895,0.3157894736842105,0.7222222222222222,0.2777777777777778,0.8125,0.1875,0.9285714285714286,0.0714285714285714,1.0,0.0,0.0559593966857287,,0.4361623253853443,,,LLLA
SP1,real,,,6.0,1.0,1.0,0.1000933423638343,0.0227832663804292,0.0922226707140604,0.9077773094177246,0.3467776477336883,0.2848036289215088,0.0619739703834056,,,,,1.0,0.0,1.0,0.0,1.0,0.0,1.0,0.0,1.0,0.0,1.0,0.0,0.0,,0.4505612088663046,,,LLLA
SP1,embedding_only,,,6.0,1.0,1.0,0.1923584789037704,0.0768259242177009,0.1627929310003916,0.837207019329071,0.4955122470855713,0.4091337919235229,0.0863784924149513,,,,,1.0,0.0,1.0,0.0,1.0,0.0,1.0,0.0,1.0,0.0,1.0,0.0,0.0,,0.4505612088663046,,,LLLA
SP1,xyz_only,,,6.0,0.6666666666666666,0.4,0.7559453845024109,0.4714137017726898,0.2047402660051981,0.5107972025871277,1.0052337646484375,0.8491988182067871,0.156034842133522,0.125,0.2916666666666666,0.125,0.2916666666666666,0.6666666666666666,0.3333333333333333,0.6666666666666666,0.3333333333333333,0.6666666666666666,0.3333333333333333,0.6,0.4,0.6,0.4,0.3333333333333333,0.6666666666666667,0.4555555555555556,,1.0114042647073518,,,LLLA
SP1,embedding_and_xyz,,,6.0,0.1666666666666666,0.0322580645161291,1.0405725240707395,0.6974940299987793,0.3534398525953293,0.5201064944267273,1.0131982564926147,0.8654423356056213,0.1477559506893158,0.4,0.8766666666666667,0.4,0.8766666666666667,0.1666666666666666,0.8333333333333334,0.1666666666666666,0.8333333333333334,0.1666666666666666,0.8333333333333334,0.2,0.8,0.2,0.8,0.0,1.0,0.7444444444444445,,0.4505612088663046,,,LLLA
SP2,real,,,6.0,1.0,1.0,0.0915658771991729,0.0229290202260017,0.0835748712221781,0.9164250493049622,0.3211152851581573,0.2558439075946808,0.0652713999152183,,,,,1.0,0.0,1.0,0.0,1.0,0.0,1.0,0.0,1.0,0.0,1.0,0.0,0.0,,0.6365141682948128,,,LLLA
SP2,embedding_only,,,6.0,0.8333333333333334,0.5714285714285714,0.3890436887741089,0.262072205543518,0.2221171756585438,0.8677663803100586,0.3865167200565338,0.3009975850582123,0.0855191424489021,0.8,0.5,0.8,0.5,0.8333333333333334,0.1666666666666666,0.8333333333333334,0.1666666666666666,0.8333333333333334,0.1666666666666666,0.8,0.1999999999999999,0.8,0.1999999999999999,1.0,0.0,0.0472222222222222,,0.4505612088663046,,,LLLA
SP2,xyz_only,,,6.0,0.8333333333333334,0.7,0.657171905040741,0.3847783803939819,0.2660335401693979,0.5672997832298279,0.9853451251983644,0.7997820973396301,0.1855630874633789,0.0,0.1666666666666666,0.0,0.1666666666666666,0.8333333333333334,0.1666666666666666,0.8333333333333334,0.1666666666666666,0.8333333333333334,0.1666666666666666,0.8,0.1999999999999999,0.8,0.1999999999999999,0.6666666666666666,0.3333333333333333,0.3111111111111111,,1.0114042647073516,,,LLLA
SP2,embedding_and_xyz,,,6.0,0.6666666666666666,0.2500000000000001,0.8027953505516052,0.4413820803165436,0.368932545185089,0.5514137148857117,0.9790439009666444,0.7981188893318176,0.1809249967336654,1.0,1.0,1.0,1.0,0.6666666666666666,0.3333333333333333,0.6666666666666666,0.3333333333333333,0.6666666666666666,0.3333333333333333,0.8,0.1999999999999999,0.8,0.1999999999999999,1.0,0.0,0.0611111111111111,,0.4505612088663046,,,LLLA
SP3,real,,,6.0,0.8333333333333334,0.0,0.3170057535171509,0.1692084819078445,0.2117035388946533,0.8192843794822693,0.5729848742485046,0.458684891462326,0.114299900829792,1.0,1.0,1.0,1.0,0.8333333333333334,0.1666666666666666,0.8333333333333334,0.1666666666666666,0.8333333333333334,0.1666666666666666,1.0,0.0,1.0,0.0,1.0,0.0,0.0138888888888888,,0.4505612088663046,,,LLLA
SP3,embedding_only,,,6.0,1.0,,0.1398458331823349,0.0590884201228618,0.1171429753303527,0.882857084274292,0.355061411857605,0.2921064794063568,0.0629549399018287,,,,,1.0,0.0,1.0,0.0,1.0,0.0,1.0,0.0,1.0,0.0,1.0,0.0,0.0,,-0.0,,,LLLA
SP3,xyz_only,,,6.0,0.3333333333333333,0.0,1.0805567502975464,0.7109020352363586,0.5267368753751119,0.5189265608787537,1.0129543542861938,0.8268423080444336,0.186112031340599,0.5,0.8166666666666667,0.5,0.8166666666666667,0.3333333333333333,0.6666666666666667,0.3333333333333333,0.6666666666666667,0.3333333333333333,0.6666666666666667,0.4,0.6,0.4,0.6,0.3333333333333333,0.6666666666666667,0.6000000000000001,,0.6365141682948128,,,LLLA
SP3,embedding_and_xyz,,,6.0,0.8333333333333334,0.0,0.7084052562713623,0.4226124286651611,0.3179986774921416,0.5153346061706543,0.991731345653534,0.8229479193687439,0.168783500790596,0.0,0.1666666666666666,0.0,0.1666666666666666,0.8333333333333334,0.1666666666666666,0.8333333333333334,0.1666666666666666,0.8333333333333334,0.1666666666666666,0.8,0.1999999999999999,0.8,0.1999999999999999,0.6666666666666666,0.3333333333333333,0.3111111111111111,,0.4505612088663046,,,LLLA
T1,real,,,13.0,0.9230769230769232,0.8673469387755102,0.1995273679494857,0.0944090634584426,0.0782065574939434,0.8625980615615845,0.4376934468746185,0.3680081963539123,0.0696852207183837,1.0,1.0,1.0,1.0,0.9230769230769232,0.0769230769230768,0.9230769230769232,0.0769230769230768,1.0,0.0,1.0,0.0,1.0,0.0,1.0,0.0,0.0029585798816568,,0.8981370031878679,,,LLLA
T1,embedding_only,,,13.0,0.7692307692307693,0.606060606060606,0.5101032853126526,0.2696948051452636,0.28434435908611,0.7512352466583252,0.7676535248756409,0.6086717844009399,0.1589818596839904,0.9333333333333332,0.8055555555555556,0.7666666666666666,0.5138888888888888,0.7692307692307693,0.2307692307692307,0.7692307692307693,0.2307692307692307,0.8333333333333334,0.1666666666666666,0.8181818181818182,0.1818181818181817,0.9,0.0999999999999999,1.0,0.0,0.0433745741438049,,0.6901856760188042,,,LLLA
T1,xyz_only,,,13.0,0.8461538461538461,0.7291666666666667,0.5770715475082397,0.2642506659030914,0.2963698277106652,0.7130237817764282,0.8502094745635986,0.5783049464225769,0.2719044685363769,1.0,1.0,1.0,1.0,0.8461538461538461,0.1538461538461538,0.8461538461538461,0.1538461538461538,0.9166666666666666,0.0833333333333333,1.0,0.0,1.0,0.0,1.0,0.0,0.01232741617357,,0.6901856760188042,,,LLLA
T1,embedding_and_xyz,,,13.0,0.8461538461538461,0.7291666666666667,0.7372291088104248,0.3371467888355255,0.2068864955351902,0.6746432185173035,0.904707670211792,0.5985928773880005,0.3061148226261139,1.0,1.0,1.0,1.0,0.8461538461538461,0.1538461538461538,0.8461538461538461,0.1538461538461538,0.9166666666666666,0.0833333333333333,1.0,0.0,1.0,0.0,1.0,0.0,0.01232741617357,,0.6901856760188042,,,LLLA
T13,real,,,13.0,0.8461538461538461,0.7291666666666667,0.316707968711853,0.1786030381917953,0.1894035935401916,0.8327929973602295,0.5087428689002991,0.4415658712387085,0.0671770200133323,0.7727272727272727,0.4166666666666666,0.3181818181818182,0.1625,0.8461538461538461,0.1538461538461538,0.8461538461538461,0.1538461538461538,0.8333333333333334,0.1666666666666666,0.9090909090909092,0.0909090909090909,0.9,0.0999999999999999,1.0,0.0,0.0515853804315342,,0.9110175397125628,,,LLLA
T13,embedding_only,,,13.0,0.6153846153846154,0.3564356435643564,1.0330015420913696,0.5575096607208252,0.2597448940460499,0.7407756447792053,0.7108659744262695,0.5920088887214661,0.118857130408287,0.5750000000000001,0.4766233766233766,0.5,0.4097979797979798,0.6153846153846154,0.3846153846153846,0.6153846153846154,0.3846153846153846,0.5833333333333334,0.4166666666666666,0.6363636363636364,0.3636363636363636,0.6,0.4,0.5714285714285714,0.4285714285714286,0.2789370885524731,,0.6172417697303416,,,LLLA
T13,xyz_only,,,13.0,0.3076923076923077,0.193103448275862,1.3855522871017456,0.8453444838523865,0.4796834954848656,0.6629677414894104,0.9616369605064392,0.719026505947113,0.2426105290651321,0.6944444444444444,0.8567901234567903,0.75,0.8321348404681739,0.3076923076923077,0.6923076923076923,0.3076923076923077,0.6923076923076923,0.3333333333333333,0.6666666666666667,0.3636363636363636,0.6363636363636364,0.4,0.6,0.4285714285714285,0.5714285714285714,0.516329183636876,,0.9110175397125628,,,LLLA
T13,embedding_and_xyz,,,13.0,0.1538461538461538,0.040268456375839,2.3673274517059326,1.135606288909912,0.586672441317485,0.6931284666061401,0.8512296080589294,0.6392629146575928,0.2119665741920471,0.6363636363636364,0.9328688987779898,0.8636363636363636,0.9777495232040688,0.1538461538461538,0.8461538461538461,0.1538461538461538,0.8461538461538461,0.1666666666666666,0.8333333333333334,0.1818181818181818,0.8181818181818181,0.2,0.8,0.2857142857142857,0.7142857142857143,0.7692299153837614,,1.0733942812811266,,,LLLA
T14,real,,,13.0,0.9230769230769232,0.865979381443299,0.2276892513036728,0.1214682385325431,0.1625398718393766,0.8719427585601807,0.4303739964962005,0.3700572252273559,0.0603167749941349,0.9166666666666666,0.5,0.8333333333333334,0.3333333333333333,0.9230769230769232,0.0769230769230768,0.9230769230769232,0.0769230769230768,0.9166666666666666,0.0833333333333333,1.0,0.0,1.0,0.0,1.0,0.0,0.0093688362919132,,0.9839614460010256,,,LLLA
T14,embedding_only,,,13.0,0.6923076923076923,0.5094339622641508,1.000902533531189,0.504988431930542,0.3219557817165668,0.7472224831581116,0.6848488450050354,0.5725554823875427,0.112293429672718,0.4722222222222222,0.3363095238095238,0.4444444444444445,0.3166666666666666,0.6923076923076923,0.3076923076923077,0.6923076923076923,0.3076923076923077,0.6666666666666666,0.3333333333333333,0.6363636363636364,0.3636363636363636,0.6,0.4,0.7142857142857143,0.2857142857142857,0.2842202669125746,,0.8981370031878679,,,LLLA
T14,xyz_only,,,13.0,0.3076923076923077,0.2302631578947369,1.2746074199676514,0.810126543045044,0.3878329671346224,0.6454617977142334,0.988027036190033,0.7135350704193115,0.2744920253753662,0.6388888888888888,0.7863235529902197,0.5833333333333334,0.7159531826198493,0.3076923076923077,0.6923076923076923,0.3076923076923077,0.6923076923076923,0.3333333333333333,0.6666666666666667,0.2727272727272727,0.7272727272727273,0.3,0.7,0.2857142857142857,0.7142857142857143,0.5035419708496631,,1.118968866881627,,,LLLA
T14,embedding_and_xyz,,,13.0,0.2307692307692307,0.1558441558441559,2.430734872817993,1.1936404705047607,0.4989978808623094,0.7281214594841003,0.8024765849113464,0.601361870765686,0.201114684343338,0.4666666666666667,0.8157614607614607,0.6333333333333334,0.8340262515262514,0.2307692307692307,0.7692307692307692,0.2307692307692307,0.7692307692307692,0.25,0.75,0.2727272727272727,0.7272727272727273,0.2,0.8,0.2857142857142857,0.7142857142857143,0.7528680720988412,,1.0123308391031731,,,LLLA
T15,real,,,13.0,0.7692307692307693,0.6320754716981132,0.5262237787246704,0.3371598422527313,0.1901798844337463,0.805591344833374,0.5252473950386047,0.4219131767749786,0.1033342406153678,0.8666666666666667,0.7,0.8333333333333333,0.6984126984126984,0.7692307692307693,0.2307692307692307,0.7692307692307693,0.2307692307692307,0.8333333333333334,0.1666666666666666,0.8181818181818182,0.1818181818181817,0.8,0.1999999999999999,1.0,0.0,0.0596138903831211,,0.9110175397125628,,,LLLA
T15,embedding_only,,,13.0,0.8461538461538461,0.7592592592592592,0.378812313079834,0.2120672166347503,0.2023551876728351,0.7650518417358398,0.649564802646637,0.5244626998901367,0.1251020431518554,0.7727272727272727,0.3666666666666667,0.8181818181818181,0.4166666666666666,0.8461538461538461,0.1538461538461538,0.8461538461538461,0.1538461538461538,0.8333333333333334,0.1666666666666666,0.8181818181818182,0.1818181818181817,0.9,0.0999999999999999,1.0,0.0,0.0489630028091566,,1.0123308391031731,,,LLLA
T15,xyz_only,,,13.0,0.6153846153846154,0.4090909090909089,1.045462727546692,0.5633940696716309,0.3147210685106424,0.7506201863288879,0.6403828859329224,0.4527489244937897,0.187633991241455,0.7,0.5392857142857143,0.625,0.4692857142857143,0.6153846153846154,0.3846153846153846,0.6153846153846154,0.3846153846153846,0.5833333333333334,0.4166666666666666,0.6363636363636364,0.3636363636363636,0.6,0.4,0.7142857142857143,0.2857142857142857,0.194871154486539,,0.5402041423888608,,,LLLA
T15,embedding_and_xyz,,,13.0,0.6923076923076923,0.5357142857142858,0.8705902099609375,0.4894463717937469,0.3667544149435484,0.7826839685440063,0.6304566860198975,0.4539289772510528,0.1765278130769729,0.638888888888889,0.4404761904761904,0.6111111111111112,0.3988095238095238,0.6923076923076923,0.3076923076923077,0.6923076923076923,0.3076923076923077,0.6666666666666666,0.3333333333333333,0.7272727272727273,0.2727272727272727,0.7,0.3,0.7142857142857143,0.2857142857142857,0.1708170035093112,,0.8587409130062869,,,LLLA
T16,real,,,13.0,0.6153846153846154,0.3809523809523809,0.7711880803108215,0.4620888829231262,0.2853056375796978,0.8162316083908081,0.502794623374939,0.4288926720619201,0.0739019587635994,0.875,0.8711111111111112,0.8500000000000001,0.8599999999999999,0.6153846153846154,0.3846153846153846,0.6153846153846154,0.3846153846153846,0.6666666666666666,0.3333333333333333,0.7272727272727273,0.2727272727272727,0.8,0.1999999999999999,0.8571428571428571,0.1428571428571429,0.1427011023164869,,1.0579054247036734,,,LLLA
T16,embedding_only,,,13.0,0.6153846153846154,0.3809523809523809,0.891339898109436,0.5003968477249146,0.2416789027360769,0.8070002794265747,0.5168032050132751,0.4419009089469909,0.0749024003744125,0.825,0.8253968253968254,0.7,0.680952380952381,0.6153846153846154,0.3846153846153846,0.6153846153846154,0.3846153846153846,0.6666666666666666,0.3333333333333333,0.7272727272727273,0.2727272727272727,0.8,0.1999999999999999,0.7142857142857143,0.2857142857142857,0.1633054979208825,,1.0579054247036734,,,LLLA
T16,xyz_only,,,13.0,0.6153846153846154,0.2696629213483147,0.862859308719635,0.4246492087841034,0.2415175919349377,0.7737998962402344,0.6016913056373596,0.4512696266174316,0.1504216492176056,1.0,1.0,1.0,1.0,0.6153846153846154,0.3846153846153846,0.6153846153846154,0.3846153846153846,0.6666666666666666,0.3333333333333333,0.7272727272727273,0.2727272727272727,0.8,0.1999999999999999,1.0,0.0,0.0853445699599545,,0.5402041423888608,,,LLLA
T16,embedding_and_xyz,,,13.0,0.7692307692307693,0.597938144329897,0.8112562894821167,0.3890814483165741,0.1646672693582681,0.7854236960411072,0.6136996746063232,0.4580581486225128,0.155641496181488,0.7999999999999999,0.5,1.0,1.0,0.7692307692307693,0.2307692307692307,0.7692307692307693,0.2307692307692307,0.75,0.25,0.8181818181818182,0.1818181818181817,0.8,0.1999999999999999,1.0,0.0,0.0756395314087621,,0.9251290835720822,,,LLLA
T17,real,,,9.0,0.5555555555555556,0.1818181818181818,0.958536684513092,0.6353965997695923,0.4082009130054049,0.7897852659225464,0.5964087247848511,0.4687268435955047,0.1276818960905075,0.4999999999999999,0.5,0.0,0.3179563492063492,0.5555555555555556,0.4444444444444444,0.5555555555555556,0.4444444444444444,0.5555555555555556,0.4444444444444444,0.5,0.5,0.5714285714285714,0.4285714285714286,0.6,0.4,0.3760141093474427,,0.3488320958430319,,,LLLA
T17,embedding_only,,,9.0,1.0,1.0,0.2766920626163482,0.122793011367321,0.2274083627594841,0.7725917100906372,0.6305760741233826,0.5396355390548706,0.0909404978156089,,,,,1.0,0.0,1.0,0.0,1.0,0.0,1.0,0.0,1.0,0.0,1.0,0.0,0.0,,0.6869615765973234,,,LLLA
T17,xyz_only,,,9.0,0.7777777777777778,0.5714285714285714,0.6324105262756348,0.3303540647029876,0.3115991287761264,0.5890092849731445,1.1004213094711304,0.640325129032135,0.4600960910320282,0.5714285714285714,0.325,0.5714285714285714,0.325,0.7777777777777778,0.2222222222222222,0.7777777777777778,0.2222222222222222,0.7777777777777778,0.2222222222222222,0.75,0.25,0.7142857142857143,0.2857142857142857,0.8,0.1999999999999999,0.1311287477954144,,0.6365141682948128,,,LLLA
T17,embedding_and_xyz,,,9.0,1.0,1.0,0.4269533455371856,0.165896788239479,0.3433481454849243,0.6566518545150757,1.06945538520813,0.6273723244667053,0.4420830905437469,,,,,1.0,0.0,1.0,0.0,1.0,0.0,1.0,0.0,1.0,0.0,1.0,0.0,0.0,,0.6869615765973234,,,LLLA
T18,real,,,8.0,1.0,,0.1402762830257415,0.0327649787068367,0.1292048171162605,0.8707951307296753,0.4609728455543518,0.4053051471710205,0.0556677132844924,,,,,1.0,0.0,1.0,0.0,1.0,0.0,1.0,0.0,1.0,0.0,1.0,0.0,0.0,,-0.0,,,LLLA
T18,embedding_only,,,8.0,0.75,0.0,0.5734172463417053,0.3415138125419616,0.1904568038880825,0.637849748134613,0.8537037968635559,0.7343283891677856,0.1193754076957702,0.5833333333333334,0.4166666666666666,0.5833333333333334,0.4166666666666666,0.75,0.25,0.75,0.25,0.75,0.25,0.7142857142857143,0.2857142857142857,0.8333333333333334,0.1666666666666666,0.75,0.25,0.1700892857142857,,0.5623351446188083,,,LLLA
T18,xyz_only,,,8.0,1.0,,0.409524142742157,0.1662191450595855,0.3296377882361412,0.6703621745109558,0.9749593138694764,0.6544753313064575,0.3204839527606964,,,,,1.0,0.0,1.0,0.0,1.0,0.0,1.0,0.0,1.0,0.0,1.0,0.0,0.0,,-0.0,,,LLLA
T18,embedding_and_xyz,,,8.0,0.75,0.0,1.0405995845794678,0.5439315438270569,0.248277761042118,0.5057049989700317,1.2760636806488037,0.8620535135269165,0.4140101075172424,0.5,0.325,0.0,0.1964285714285714,0.75,0.25,0.75,0.25,0.75,0.25,0.7142857142857143,0.2857142857142857,0.6666666666666666,0.3333333333333333,0.75,0.25,0.1742559523809523,,0.5623351446188083,,,LLLA
T19,real,,,13.0,1.0,1.0,0.2771604657173157,0.1002690270543098,0.2343354637806232,0.7656645178794861,0.7238370180130005,0.5550379157066345,0.1687991470098495,,,,,1.0,0.0,1.0,0.0,1.0,0.0,1.0,0.0,1.0,0.0,1.0,0.0,0.0,,0.6901856760188042,,,LLLA
T19,embedding_only,,,13.0,0.6923076923076923,0.4526315789473685,0.7043178081512451,0.4500575363636017,0.2703317357943609,0.7656503915786743,0.6577900648117065,0.5265704393386841,0.1312195509672165,0.6666666666666667,0.4404761904761904,0.6111111111111112,0.5404761904761904,0.6923076923076923,0.3076923076923077,0.6923076923076923,0.3076923076923077,0.6666666666666666,0.3333333333333333,0.6363636363636364,0.3636363636363636,0.7,0.3,0.7142857142857143,0.2857142857142857,0.159647617339925,,1.0317671113505356,,,LLLA
T19,xyz_only,,,13.0,0.6153846153846154,0.3157894736842106,0.9746764898300172,0.538827657699585,0.261666497358909,0.6479479670524597,1.0432690382003784,0.7140350937843323,0.329233855009079,0.575,0.5523809523809524,0.5,0.4023809523809523,0.6153846153846154,0.3846153846153846,0.6153846153846154,0.3846153846153846,0.6666666666666666,0.3333333333333333,0.6363636363636364,0.3636363636363636,0.6,0.4,0.5714285714285714,0.4285714285714286,0.2650481996635842,,0.9251290835720823,,,LLLA
T19,embedding_and_xyz,,,13.0,0.4615384615384615,0.0899999999999999,1.8027056455612185,0.8723224997520447,0.4268544843563667,0.6872730255126953,0.9629004001617432,0.6796126961708069,0.2832876741886139,0.4523809523809523,0.5428880643166357,0.3809523809523809,0.5183372183372182,0.4615384615384615,0.5384615384615384,0.4615384615384615,0.5384615384615384,0.4166666666666667,0.5833333333333333,0.4545454545454545,0.5454545454545454,0.4,0.6,0.4285714285714285,0.5714285714285714,0.5108976493591879,,0.937155853065701,,,LLLA
T2,real,,,6.0,0.6666666666666666,0.4,0.8145007491111755,0.4819921255111694,0.3774845798810323,0.7703770995140076,0.585163950920105,0.4747308790683746,0.1104330793023109,0.625,0.5,0.625,0.5,0.6666666666666666,0.3333333333333333,0.6666666666666666,0.3333333333333333,0.6666666666666666,0.3333333333333333,0.6,0.4,0.6,0.4,0.6666666666666666,0.3333333333333333,0.1916666666666667,,0.4505612088663046,,,LLLA
T2,embedding_only,,,6.0,0.3333333333333333,-0.1999999999999999,1.4163322448730469,0.6909446120262146,0.40668486058712,0.6869269013404846,0.8638747334480286,0.6580950617790222,0.2057796120643615,0.75,0.9166666666666666,0.75,0.9166666666666666,0.3333333333333333,0.6666666666666667,0.3333333333333333,0.6666666666666667,0.3333333333333333,0.6666666666666667,0.4,0.6,0.4,0.6,0.6666666666666666,0.3333333333333333,0.4611111111111111,,0.4505612088663046,,,LLLA
T2,xyz_only,,,6.0,0.6666666666666666,0.368421052631579,0.8725351691246033,0.4433843195438385,0.3905967970689137,0.6584867238998413,1.0133438110351562,0.647303581237793,0.3660401403903961,0.75,0.75,0.75,0.75,0.6666666666666666,0.3333333333333333,0.6666666666666666,0.3333333333333333,0.6666666666666666,0.3333333333333333,0.8,0.1999999999999999,0.8,0.1999999999999999,0.6666666666666666,0.3333333333333333,0.1583333333333333,,0.4505612088663046,,,LLLA
T2,embedding_and_xyz,,,6.0,0.6666666666666666,0.368421052631579,1.2410249710083008,0.6037992835044861,0.4794902851184209,0.589414656162262,1.1252636909484863,0.6958203911781311,0.4294432699680328,0.375,0.4166666666666666,0.375,0.4166666666666666,0.6666666666666666,0.3333333333333333,0.6666666666666666,0.3333333333333333,0.6666666666666666,0.3333333333333333,0.6,0.4,0.6,0.4,0.6666666666666666,0.3333333333333333,0.3583333333333334,,0.4505612088663046,,,LLLA
T20,real,,,6.0,1.0,1.0,0.2042825073003769,0.0807799994945526,0.1645548144976298,0.8354452252388,0.4984150230884552,0.4357750415802002,0.0626400485634803,,,,,1.0,0.0,1.0,0.0,1.0,0.0,1.0,0.0,1.0,0.0,1.0,0.0,0.0,,0.4505612088663046,,,LLLA
T20,embedding_only,,,6.0,0.8333333333333334,0.6,0.3932572305202484,0.2161434739828109,0.2458513031403223,0.7468099594116211,0.621986985206604,0.546348512172699,0.0756384208798408,0.8,0.5,0.6,0.3333333333333333,0.8333333333333334,0.1666666666666666,0.8333333333333334,0.1666666666666666,0.8333333333333334,0.1666666666666666,0.8,0.1999999999999999,0.8,0.1999999999999999,1.0,0.0,0.0472222222222222,,0.8675632284814612,,,LLLA
T20,xyz_only,,,6.0,0.0,0.0,1.9957634210586548,1.1700576543807983,0.6098381876945496,0.6098381876945496,1.0624030828475952,0.8779950737953186,0.1844080686569214,,,,,0.0,1.0,0.0,1.0,0.0,1.0,0.0,1.0,0.0,1.0,0.0,1.0,0.8333333333333334,,-0.0,,,LLLA
T20,embedding_and_xyz,,,6.0,0.0,0.0,2.2032172679901123,1.229381442070007,0.6129476477702458,0.6129476428031921,1.0459141731262207,0.8603348135948181,0.1855794936418533,,,,,0.0,1.0,0.0,1.0,0.0,1.0,0.0,1.0,0.0,1.0,0.0,1.0,0.8333333333333334,,0.4505612088663046,,,LLLA
T23,real,,,19.0,0.6842105263157895,0.4271356783919598,0.6137489080429077,0.3688897490501404,0.1241588655271028,0.7962552905082703,0.5933546423912048,0.485486775636673,0.1078678146004676,0.7307692307692307,0.7152777777777778,0.6025641025641025,0.3777828652828653,0.6842105263157895,0.3157894736842105,0.6842105263157895,0.3157894736842105,0.7222222222222222,0.2777777777777778,0.8125,0.1875,0.7857142857142857,0.2142857142857143,0.8,0.1999999999999999,0.1772150416255842,,0.6806294878916634,,,LLLA
T23,embedding_only,,,19.0,0.631578947368421,0.400900900900901,1.186042070388794,0.5954511761665344,0.3054970251886468,0.7260912656784058,0.7840434312820435,0.6185033917427063,0.1655400246381759,0.3928571428571428,0.3644791249833267,0.369047619047619,0.3225187510901797,0.631578947368421,0.368421052631579,0.631578947368421,0.368421052631579,0.6111111111111112,0.3888888888888888,0.625,0.375,0.5714285714285714,0.4285714285714286,0.6,0.4,0.4106339548778851,,0.990365041474314,,,LLLA
T23,xyz_only,,,19.0,0.4210526315789473,0.1327800829875517,1.7195367813110352,0.8610050082206726,0.3385122700741416,0.63609778881073,1.0079745054244995,0.6808270812034607,0.3271475434303283,0.3636363636363636,0.6305579009913376,0.4886363636363636,0.685375558081722,0.4210526315789473,0.5789473684210527,0.4210526315789473,0.5789473684210527,0.4444444444444444,0.5555555555555556,0.4375,0.5625,0.4285714285714285,0.5714285714285714,0.4,0.6,0.6973996851644726,,0.955131195451464,,,LLLA
T23,embedding_and_xyz,,,19.0,0.2105263157894736,0.053156146179402,2.5608773231506348,1.1599187850952148,0.4802069836541225,0.633407711982727,0.9588623046875,0.6335418224334717,0.3253206312656402,0.3166666666666666,0.7972165147087747,0.2,0.6833276258198857,0.2105263157894736,0.7894736842105263,0.2105263157894736,0.7894736842105263,0.2222222222222222,0.7777777777777778,0.25,0.75,0.2142857142857142,0.7857142857142857,0.0,1.0,0.8535749017336112,,0.5763341277567499,,,LLLA
T24,real,,,11.0,0.8181818181818182,-0.0476190476190476,0.2597542107105255,0.1520958691835403,0.1937031312422318,0.8061257004737854,0.4350371062755584,0.3962266743183136,0.0388104133307933,0.9444444444444444,0.8333333333333333,0.8888888888888888,0.5833333333333333,0.8181818181818182,0.1818181818181817,0.8181818181818182,0.1818181818181817,0.9,0.0999999999999999,0.8888888888888888,0.1111111111111111,1.0,0.0,1.0,0.0,0.0274563820018365,,0.3046360973492381,,,LLLA
T24,embedding_only,,,11.0,0.5454545454545454,0.2142857142857142,0.9779663681983948,0.5842934250831604,0.3502186916091225,0.7500665187835693,0.7615125775337219,0.6189512014389038,0.1425614207983017,0.8333333333333334,0.8261904761904761,0.9000000000000001,0.9028571428571428,0.5454545454545454,0.4545454545454546,0.5454545454545454,0.4545454545454546,0.6,0.4,0.6666666666666666,0.3333333333333333,0.625,0.375,0.6666666666666666,0.3333333333333333,0.1958776072412436,,0.9347698978582792,,,LLLA
T24,xyz_only,,,11.0,0.9090909090909092,0.0,0.3608184456825256,0.1807208955287933,0.1769153367389332,0.7791913747787476,0.6777412295341492,0.5202484726905823,0.1574926972389221,0.8,0.3333333333333333,1.0,1.0,0.9090909090909092,0.0909090909090909,0.9090909090909092,0.0909090909090909,0.9,0.0999999999999999,0.8888888888888888,0.1111111111111111,1.0,0.0,1.0,0.0,0.0233241505968778,,-0.0,,,LLLA
T24,embedding_and_xyz,,,11.0,0.6363636363636364,-0.0731707317073169,0.9664342403411864,0.4942815601825714,0.3633948727087541,0.5290727019309998,1.2243430614471436,0.8640136122703552,0.3603294789791107,0.8214285714285714,0.6458333333333333,0.6071428571428572,0.69375,0.6363636363636364,0.3636363636363636,0.6363636363636364,0.3636363636363636,0.6,0.4,0.6666666666666666,0.3333333333333333,0.75,0.25,0.8333333333333334,0.1666666666666666,0.1340613931523022,,0.5859526183035508,,,LLLA
T25,real,,,9.0,0.7777777777777778,0.4193548387096774,0.4976286888122558,0.3418084681034088,0.2590579920344882,0.8809724450111389,0.3563052117824554,0.3170729875564575,0.0392322093248367,0.8571428571428572,0.5833333333333333,0.4285714285714286,0.3611111111111111,0.7777777777777778,0.2222222222222222,0.7777777777777778,0.2222222222222222,0.7777777777777778,0.2222222222222222,0.75,0.25,0.8571428571428571,0.1428571428571429,1.0,0.0,0.0559964726631393,,0.3488320958430319,,,LLLA
T25,embedding_only,,,9.0,0.5555555555555556,0.28,0.6973531246185303,0.4456498324871063,0.4043823447492388,0.6521806716918945,0.8193251490592957,0.6747181415557861,0.1446069777011871,0.85,0.8541666666666666,0.85,0.8928571428571428,0.5555555555555556,0.4444444444444444,0.5555555555555556,0.4444444444444444,0.5555555555555556,0.4444444444444444,0.625,0.375,0.7142857142857143,0.2857142857142857,0.8,0.1999999999999999,0.1851410934744268,,1.0608569471580214,,,LLLA
T25,xyz_only,,,9.0,0.7777777777777778,0.4193548387096774,0.5931516289710999,0.3282181918621063,0.2666921085781521,0.6900293231010437,0.8770185112953186,0.6116271018981934,0.2653913497924804,0.7857142857142857,0.5,0.7142857142857143,0.6666666666666666,0.7777777777777778,0.2222222222222222,0.7777777777777778,0.2222222222222222,0.7777777777777778,0.2222222222222222,0.75,0.25,0.8571428571428571,0.1428571428571429,1.0,0.0,0.0745149911816578,,0.3488320958430319,,,LLLA
T25,embedding_and_xyz,,,9.0,0.5555555555555556,0.28,1.184033751487732,0.6355453133583069,0.2005360076824824,0.4222239553928375,1.38470458984375,0.9360333681106568,0.4486711323261261,0.65,0.75,0.7,0.775,0.5555555555555556,0.4444444444444444,0.5555555555555556,0.4444444444444444,0.5555555555555556,0.4444444444444444,0.625,0.375,0.7142857142857143,0.2857142857142857,0.6,0.4,0.3277336860670194,,1.0608569471580214,,,LLLA
T26,real,,,9.0,1.0,1.0,0.1938682049512863,0.0859932675957679,0.1629125939475165,0.8370873928070068,0.4383853375911712,0.4025974869728088,0.035787895321846,,,,,1.0,0.0,1.0,0.0,1.0,0.0,1.0,0.0,1.0,0.0,1.0,0.0,0.0,,0.3488320958430319,,,LLLA
T26,embedding_only,,,9.0,0.4444444444444444,-0.125,0.917445421218872,0.5977584719657898,0.3276484939787122,0.6124388575553894,0.8781270980834961,0.7301444411277771,0.1479826271533966,0.7000000000000001,0.8211111111111111,0.65,0.7944444444444445,0.4444444444444444,0.5555555555555556,0.4444444444444444,0.5555555555555556,0.4444444444444444,0.5555555555555556,0.5,0.5,0.5714285714285714,0.4285714285714286,0.6,0.4,0.4099647266313933,,0.936888307539016,,,LLLA
T26,xyz_only,,,9.0,0.8888888888888888,0.0,0.3742668330669403,0.1617905050516128,0.2560157246059841,0.735573410987854,0.819663405418396,0.5850884914398193,0.2345749288797378,1.0,1.0,1.0,1.0,0.8888888888888888,0.1111111111111111,0.8888888888888888,0.1111111111111111,0.8888888888888888,0.1111111111111111,1.0,0.0,1.0,0.0,1.0,0.0,0.0061728395061728,,-0.0,,,LLLA
T26,embedding_and_xyz,,,9.0,0.6666666666666666,-0.08,1.0868277549743652,0.5512370467185974,0.2807792325814565,0.4543409943580627,1.2905983924865725,0.851753830909729,0.4388445913791656,0.6666666666666667,0.5317460317460317,0.5,0.5777777777777777,0.6666666666666666,0.3333333333333333,0.6666666666666666,0.3333333333333333,0.6666666666666666,0.3333333333333333,0.625,0.375,0.7142857142857143,0.2857142857142857,0.8,0.1999999999999999,0.1974867724867725,,0.6837389058487535,,,LLLA
T27,real,,,18.0,0.7777777777777778,0.5714285714285714,0.4154021143913269,0.2556642889976501,0.2169589830769432,0.7912851572036743,0.6152320504188538,0.5018937587738037,0.1133381947875022,0.7857142857142857,0.4303571428571428,0.5,0.2527146464646465,0.7777777777777778,0.2222222222222222,0.7777777777777778,0.2222222222222222,0.7647058823529411,0.2352941176470588,0.7333333333333333,0.2666666666666667,0.8461538461538461,0.1538461538461538,1.0,0.0,0.0730298387161132,,0.6365141682948128,,,LLLA
T27,embedding_only,,,18.0,0.7777777777777778,0.5555555555555556,0.5470595359802246,0.2992926836013794,0.2250047160519493,0.670595109462738,0.8820857405662537,0.6824131608009338,0.1996726244688034,0.8214285714285714,0.5416666666666666,0.5357142857142857,0.2973484848484848,0.7777777777777778,0.2222222222222222,0.7777777777777778,0.2222222222222222,0.7647058823529411,0.2352941176470588,0.8666666666666667,0.1333333333333333,0.9230769230769232,0.0769230769230768,0.8888888888888888,0.1111111111111111,0.0706873509569588,,0.7298429194806347,,,LLLA
T27,xyz_only,,,18.0,0.4444444444444444,0.1509433962264151,1.3838813304901123,0.686825156211853,0.2554584311114417,0.6391436457633972,1.0882675647735596,0.722212553024292,0.366054892539978,0.925,0.9433119658119656,0.85,0.88007215007215,0.4444444444444444,0.5555555555555556,0.4444444444444444,0.5555555555555556,0.4705882352941176,0.5294117647058824,0.5333333333333333,0.4666666666666667,0.6153846153846154,0.3846153846153846,0.7777777777777778,0.2222222222222222,0.235597708391826,,0.5297061990576545,,,LLLA
T27,embedding_and_xyz,,,18.0,0.3888888888888889,0.1315789473684211,1.5664397478103638,0.7869288921356201,0.2224447313282225,0.4637752175331116,1.3817481994628906,0.913614809513092,0.4681333005428314,0.3246753246753247,0.5271023094552507,0.3636363636363636,0.5471778221778222,0.3888888888888889,0.6111111111111112,0.3888888888888889,0.6111111111111112,0.3529411764705882,0.6470588235294117,0.3333333333333333,0.6666666666666667,0.3076923076923077,0.6923076923076923,0.3333333333333333,0.6666666666666667,0.6868481237353786,,1.2283103521608822,,,LLLA
T28,real,,,9.0,0.6666666666666666,0.325,0.6600081920623779,0.4400061368942261,0.257680164443122,0.8941730856895447,0.3491707444190979,0.3107573688030243,0.0384133644402027,0.9444444444444444,0.9166666666666664,0.9444444444444444,0.9166666666666664,0.6666666666666666,0.3333333333333333,0.6666666666666666,0.3333333333333333,0.6666666666666666,0.3333333333333333,0.75,0.25,0.8571428571428571,0.1428571428571429,1.0,0.0,0.0806878306878307,,0.3488320958430319,,,LLLA
T28,embedding_only,,,9.0,0.7777777777777778,0.625,0.5426571369171143,0.3152367174625397,0.2619802421993679,0.6648562550544739,0.8386098146438599,0.686944842338562,0.151664912700653,0.6428571428571428,0.3666666666666667,0.2857142857142857,0.2361111111111111,0.7777777777777778,0.2222222222222222,0.7777777777777778,0.2222222222222222,0.7777777777777778,0.2222222222222222,0.75,0.25,0.7142857142857143,0.2857142857142857,0.8,0.1999999999999999,0.1126102292768959,,0.9950269901795212,,,LLLA
T28,xyz_only,,,9.0,0.6666666666666666,0.325,0.7783434391021729,0.4444060623645782,0.2418631778823004,0.7449792623519897,0.8458108901977539,0.6347254514694214,0.2110853642225265,0.7777777777777779,0.5888888888888888,0.8333333333333334,0.6388888888888888,0.6666666666666666,0.3333333333333333,0.6666666666666666,0.3333333333333333,0.6666666666666666,0.3333333333333333,0.625,0.375,0.7142857142857143,0.2857142857142857,0.8,0.1999999999999999,0.1326719576719576,,0.3488320958430319,,,LLLA
T28,embedding_and_xyz,,,9.0,0.7777777777777778,0.6086956521739131,0.9429111480712892,0.5311262011528015,0.4094498687320285,0.4371986389160156,1.2897660732269287,0.954514741897583,0.3352513909339905,0.8571428571428572,0.5833333333333333,0.7857142857142857,0.5,0.7777777777777778,0.2222222222222222,0.7777777777777778,0.2222222222222222,0.7777777777777778,0.2222222222222222,0.75,0.25,0.8571428571428571,0.1428571428571429,1.0,0.0,0.0559964726631393,,0.6869615765973234,,,LLLA
T3,real,,,13.0,0.7692307692307693,0.5894736842105264,0.5738545656204224,0.3058886229991913,0.1478732457527747,0.8489502668380737,0.420102447271347,0.3520441055297851,0.068058356642723,0.9333333333333332,0.8666666666666667,0.9333333333333332,0.8666666666666667,0.7692307692307693,0.2307692307692307,0.7692307692307693,0.2307692307692307,0.8333333333333334,0.1666666666666666,0.9090909090909092,0.0909090909090909,0.9,0.0999999999999999,1.0,0.0,0.0449285756978064,,0.666278442414676,,,LLLA
T3,embedding_only,,,13.0,0.6153846153846154,0.3925233644859812,0.9677786231040956,0.5126286149024963,0.2914687028298012,0.8503307700157166,0.5045127868652344,0.4093025326728821,0.0952102392911911,0.95,0.9266666666666664,0.75,0.6787301587301586,0.6153846153846154,0.3846153846153846,0.6153846153846154,0.3846153846153846,0.6666666666666666,0.3333333333333333,0.7272727272727273,0.2727272727272727,0.8,0.1999999999999999,1.0,0.0,0.1035069631223477,,0.6901856760188042,,,LLLA
T3,xyz_only,,,13.0,0.6153846153846154,0.0,0.921819269657135,0.4275255501270294,0.2286548064305232,0.7981216907501221,0.492170125246048,0.3333057761192322,0.1588643491268158,1.0,1.0,1.0,1.0,0.6153846153846154,0.3846153846153846,0.6153846153846154,0.3846153846153846,0.6666666666666666,0.3333333333333333,0.7272727272727273,0.2727272727272727,0.8,0.1999999999999999,1.0,0.0,0.0853445699599545,,-0.0,,,LLLA
T3,embedding_and_xyz,,,13.0,0.6153846153846154,0.0,1.1185095310211182,0.4771760702133178,0.2757280744039095,0.8153080344200134,0.5080129504203796,0.33347088098526,0.1745420545339584,1.0,1.0,1.0,1.0,0.6153846153846154,0.3846153846153846,0.6153846153846154,0.3846153846153846,0.6666666666666666,0.3333333333333333,0.7272727272727273,0.2727272727272727,0.8,0.1999999999999999,1.0,0.0,0.0853445699599545,,-0.0,,,LLLA
T4,real,,,13.0,0.9230769230769232,0.8761904761904762,0.2781855165958404,0.1394227892160415,0.2017302283873925,0.8220457434654236,0.5387533903121948,0.472185730934143,0.0665675848722457,0.8333333333333334,0.3333333333333333,0.5,0.1428571428571428,0.9230769230769232,0.0769230769230768,0.9230769230769232,0.0769230769230768,0.9166666666666666,0.0833333333333333,0.9090909090909092,0.0909090909090909,1.0,0.0,1.0,0.0,0.0163618432849202,,1.0905994737794786,,,LLLA
T4,embedding_only,,,13.0,0.6923076923076923,0.5315315315315315,0.7291675806045532,0.4044230878353119,0.145301525409405,0.6011173725128174,0.9542289972305298,0.8092238903045654,0.1450050771236419,0.8333333333333334,0.6916666666666667,0.9166666666666666,0.8041666666666667,0.6923076923076923,0.3076923076923077,0.6923076923076923,0.3076923076923077,0.75,0.25,0.7272727272727273,0.2727272727272727,0.7,0.3,1.0,0.0,0.1018304345227422,,1.230931623047922,,,LLLA
T4,xyz_only,,,13.0,0.5384615384615384,0.0,1.0194756984710691,0.5270990133285522,0.2886160359932826,0.7530288696289062,0.6987591981887817,0.4033177495002746,0.2954415678977966,1.0,1.0,1.0,1.0,0.5384615384615384,0.4615384615384615,0.5384615384615384,0.4615384615384615,0.5833333333333334,0.4166666666666666,0.6363636363636364,0.3636363636363636,0.7,0.3,1.0,0.0,0.1275611140995756,,-0.0,,,LLLA
T4,embedding_and_xyz,,,13.0,0.5384615384615384,0.0,1.3199597597122192,0.6048411130905151,0.2471942695287558,0.7601207494735718,0.7212794423103333,0.3895795047283172,0.3316998779773712,0.9761904761904764,0.976190476190476,0.9761904761904764,0.976190476190476,0.5384615384615384,0.4615384615384615,0.5384615384615384,0.4615384615384615,0.5833333333333334,0.4166666666666666,0.6363636363636364,0.3636363636363636,0.7,0.3,0.8571428571428571,0.1428571428571429,0.1385501250885866,,-0.0,,,LLLA
T5,real,,,13.0,0.6923076923076923,0.5873015873015872,0.9378865957260132,0.5762280225753784,0.4447367512262785,0.6413312554359436,0.8991788029670715,0.7628277540206909,0.1363511085510254,0.3888888888888889,0.2992424242424242,0.8055555555555556,0.6916666666666667,0.6923076923076923,0.3076923076923077,0.6923076923076923,0.3076923076923077,0.6666666666666666,0.3333333333333333,0.6363636363636364,0.3636363636363636,0.6,0.4,0.7142857142857143,0.2857142857142857,0.3017416344339422,,1.118968866881627,,,LLLA
T5,embedding_only,,,13.0,0.3076923076923077,0.0250000000000001,1.2329449653625488,0.7167593240737915,0.2620906600585351,0.5457002520561218,1.0475715398788452,0.8621196746826172,0.1854518502950668,0.5,0.7822631072631072,0.6388888888888888,0.822602089268756,0.3076923076923077,0.6923076923076923,0.3076923076923077,0.6923076923076923,0.3333333333333333,0.6666666666666667,0.3636363636363636,0.6363636363636364,0.4,0.6,0.1428571428571428,0.8571428571428572,0.6209995133072056,,1.2852930241200995,,,LLLA
T5,xyz_only,,,13.0,0.4615384615384615,0.3357664233576642,1.642902135848999,0.7619006633758545,0.3884638616671929,0.3745638728141784,1.5460845232009888,0.7260323166847229,0.8200520873069763,0.5952380952380952,0.5947278911564625,0.6904761904761905,0.8061533704390846,0.4615384615384615,0.5384615384615384,0.4615384615384615,0.5384615384615384,0.4166666666666667,0.5833333333333333,0.4545454545454545,0.5454545454545454,0.4,0.6,0.4285714285714285,0.5714285714285714,0.3673079057694442,,1.0100997593541636,,,LLLA
T5,embedding_and_xyz,,,13.0,0.3076923076923077,0.145985401459854,1.7410718202590942,0.8092721700668335,0.1416978262937986,0.3388442695140838,1.592018723487854,0.760610818862915,0.8314078450202942,0.6666666666666666,0.8290123456790124,0.4722222222222222,0.7586570836570836,0.3076923076923077,0.6923076923076923,0.3076923076923077,0.6923076923076923,0.3333333333333333,0.6666666666666667,0.3636363636363636,0.6363636363636364,0.3,0.7,0.4285714285714285,0.5714285714285714,0.5240214913291836,,1.1569876443452742,,,LLLA
U1,real,,,19.0,0.7894736842105263,0.6142131979695431,0.4823300838470459,0.2265126556158065,0.1870195944058267,0.7809833884239197,0.6266328692436218,0.4836224019527435,0.1430104672908783,0.9833333333333334,0.95,0.9833333333333334,0.95,0.7894736842105263,0.2105263157894736,0.7894736842105263,0.2105263157894736,0.8333333333333334,0.1666666666666666,0.9375,0.0625,1.0,0.0,1.0,0.0,0.0273022921079789,,0.9097077103274986,,,LLLA
U1,embedding_only,,,19.0,0.5263157894736842,0.3346303501945524,1.8544944524765012,0.8977210521697998,0.5747310550589311,0.7567394375801086,0.5939068794250488,0.5145033001899719,0.0794036090373992,0.2,0.3651550213727716,0.2777777777777777,0.4220333282510785,0.5263157894736842,0.4736842105263158,0.5263157894736842,0.4736842105263158,0.5,0.5,0.5,0.5,0.4285714285714285,0.5714285714285714,0.4,0.6,0.6735038710678274,,0.955131195451464,,,LLLA
U1,xyz_only,,,19.0,0.6842105263157895,0.2784810126582279,0.9200722575187684,0.5174129605293274,0.2592073035867591,0.8903946876525879,0.3020587861537933,0.247671976685524,0.0543867796659469,0.8717948717948718,0.7051587301587301,0.8461538461538461,0.594047619047619,0.6842105263157895,0.3157894736842105,0.6842105263157895,0.3157894736842105,0.7222222222222222,0.2777777777777778,0.6875,0.3125,0.7857142857142857,0.2142857142857143,1.0,0.0,0.0926537910426618,,0.336495757583516,,,LLLA
U1,embedding_and_xyz,,,19.0,0.5789473684210527,0.0,1.3851712942123413,0.5884543657302856,0.2731351256370544,0.8290485143661499,0.4594661891460418,0.4106320738792419,0.0488341227173805,0.931818181818182,0.9202741702741704,0.9204545454545454,0.9068813131313131,0.5789473684210527,0.4210526315789473,0.5789473684210527,0.4210526315789473,0.6111111111111112,0.3888888888888888,0.6875,0.3125,0.7857142857142857,0.2142857142857143,0.9,0.0999999999999999,0.1334828396035011,,-0.0,,,LLLA
U2,real,,,19.0,0.7368421052631579,0.4602272727272727,0.6042340397834778,0.306407481431961,0.2074509388522097,0.7332924604415894,0.7649697065353394,0.6272711157798767,0.1376986801624298,1.0,1.0,0.8285714285714285,0.6311111111111112,0.7368421052631579,0.2631578947368421,0.7368421052631579,0.2631578947368421,0.7777777777777778,0.2222222222222222,0.875,0.125,1.0,0.0,1.0,0.0,0.0379967591838212,,0.9591824302739718,,,LLLA
U2,embedding_only,,,19.0,0.3157894736842105,0.1115107913669064,1.9492416381835935,1.053204894065857,0.5868063757294103,0.7358072400093079,0.7112162709236145,0.5601232051849365,0.1510931700468063,0.2179487179487179,0.5744305316286741,0.4230769230769231,0.691871505687295,0.3157894736842105,0.6842105263157895,0.3157894736842105,0.6842105263157895,0.2777777777777778,0.7222222222222222,0.25,0.75,0.2857142857142857,0.7142857142857143,0.1,0.9,0.815816612822479,,0.7659373365785205,,,LLLA
U2,xyz_only,,,19.0,1.0,1.0,0.0885155424475669,0.0335124917328357,0.0754758935225637,0.9245241284370422,0.2481386065483093,0.1958537399768829,0.0522848665714263,,,,,1.0,0.0,1.0,0.0,1.0,0.0,1.0,0.0,1.0,0.0,1.0,0.0,0.0,,0.4361623253853443,,,LLLA
U2,embedding_and_xyz,,,19.0,0.8421052631578947,0.0,0.4051055312156677,0.2027735412120819,0.1475259536191036,0.8090208172798157,0.5426303744316101,0.4380768835544586,0.1045535430312156,0.9583333333333334,0.8055555555555556,0.9791666666666666,0.9166666666666664,0.8421052631578947,0.1578947368421053,0.8421052631578947,0.1578947368421053,0.8888888888888888,0.1111111111111111,0.9375,0.0625,1.0,0.0,1.0,0.0,0.0194845020187207,,-0.0,,,LLLA
U3,real,,,19.0,0.4736842105263157,0.0865384615384614,0.7677423357963562,0.5368849635124207,0.3392345497482701,0.7417069673538208,0.6690459251403809,0.5563691258430481,0.1126767992973327,0.8777777777777778,0.8566991341991341,0.7222222222222222,0.7698412698412698,0.4736842105263157,0.5263157894736843,0.4736842105263157,0.5263157894736843,0.5,0.5,0.5,0.5,0.5714285714285714,0.4285714285714286,0.7,0.3,0.2245727599035404,,0.9097077103274986,,,LLLA
U3,embedding_only,,,19.0,0.6842105263157895,0.5107296137339056,0.7593017220497131,0.4754294753074646,0.1115922363180863,0.7817448973655701,0.6556156277656555,0.5547966957092285,0.1008188351988792,0.4487179487179487,0.3476190476190476,0.4615384615384614,0.3196428571428571,0.6842105263157895,0.3157894736842105,0.6842105263157895,0.3157894736842105,0.6666666666666666,0.3333333333333333,0.6875,0.3125,0.7142857142857143,0.2857142857142857,0.6,0.4,0.3281026473119515,,0.8785250991271565,,,LLLA
U3,xyz_only,,,19.0,0.6842105263157895,0.40625,1.470679759979248,0.6416587829589844,0.3559313541964481,0.9180158376693726,0.2671647667884826,0.2205595225095749,0.0466052442789077,0.3717948717948718,0.2798715173715174,0.2692307692307692,0.2523967375360564,0.6842105263157895,0.3157894736842105,0.6842105263157895,0.3157894736842105,0.6666666666666666,0.3333333333333333,0.625,0.375,0.5714285714285714,0.4285714285714286,0.5,0.5,0.3071009151260088,,0.4361623253853443,,,LLLA
U3,embedding_and_xyz,,,19.0,0.5263157894736842,0.0,0.995002269744873,0.644614040851593,0.3471210661687349,0.8554877042770386,0.4566932916641235,0.39109867811203,0.0655946284532547,0.8888888888888888,0.8927128427128428,0.8999999999999999,0.8794973544973546,0.5263157894736842,0.4736842105263158,0.5263157894736842,0.4736842105263158,0.5555555555555556,0.4444444444444444,0.625,0.375,0.7142857142857143,0.2857142857142857,0.7,0.3,0.1876179303831251,,-0.0,,,LLLA
U4,real,,,16.0,0.0625,0.0551181102362204,6.806638717651367,1.5454516410827637,0.703968683257699,0.7664686441421509,0.6448167562484741,0.513513445854187,0.1313033103942871,1.0,1.0,0.9333333333333332,0.9958333333333332,0.0625,0.9375,0.0625,0.9375,0.0666666666666666,0.9333333333333332,0.0769230769230769,0.9230769230769232,0.0833333333333333,0.9166666666666666,0.125,0.875,0.7594075629231878,,0.9470571522825082,,,LLLA
U4,embedding_only,,,16.0,0.0625,0.0588235294117647,4.751640796661377,1.586565613746643,0.6983942650258541,0.760894238948822,0.5963703393936157,0.4766987860202789,0.1196715608239173,0.0,0.8412847337847338,0.0,0.8412847337847338,0.0625,0.9375,0.0625,0.9375,0.0,1.0,0.0,1.0,0.0,1.0,0.0,1.0,0.935546875,,0.6019239717322895,,,LLLA
U4,xyz_only,,,16.0,0.0625,0.0588235294117647,7.864981174468994,1.7726919651031494,0.8686131052672863,0.9311131238937378,0.270484983921051,0.2081735730171203,0.0623114109039306,0.1333333333333333,0.8968402893402894,0.1333333333333333,0.8968402893402894,0.0625,0.9375,0.0625,0.9375,0.0666666666666666,0.9333333333333332,0.0,1.0,0.0,1.0,0.0,1.0,0.9269159226190476,,0.2337916587064593,,,LLLA
U4,embedding_and_xyz,,,16.0,0.0,0.0,5.577979564666748,1.564404010772705,0.7040274161845446,0.7040274143218994,0.7010171413421631,0.5460587739944458,0.1549583375453949,,,,,0.0,1.0,0.0,1.0,0.0,1.0,0.0,1.0,0.0,1.0,0.0,1.0,0.9375,,0.6853142072764582,,,LLLA
U5,real,,,16.0,0.9375,0.7647058823529411,0.2701612710952759,0.1220553517341613,0.1819890532642603,0.8007835149765015,0.5741356611251831,0.4679662585258484,0.1061694025993347,1.0,1.0,1.0,1.0,0.9375,0.0625,0.9375,0.0625,1.0,0.0,1.0,0.0,1.0,0.0,1.0,0.0,0.001953125,,0.482577565177012,,,LLLA
U5,embedding_only,,,16.0,0.25,0.1351351351351351,1.5996618270874023,1.0404222011566162,0.5364239364862442,0.7508699893951416,0.6409999132156372,0.5515850782394409,0.0894148647785186,0.2708333333333333,0.6929105616605616,0.25,0.6849740537240537,0.25,0.75,0.25,0.75,0.2666666666666666,0.7333333333333334,0.1538461538461538,0.8461538461538461,0.1666666666666666,0.8333333333333334,0.125,0.875,0.821630106005106,,0.8314025204956377,,,LLLA
U5,xyz_only,,,16.0,1.0,1.0,0.0865194201469421,0.0214848965406417,0.0786317437887191,0.9213682413101196,0.2941174805164337,0.2440787404775619,0.0500387400388717,,,,,1.0,0.0,1.0,0.0,1.0,0.0,1.0,0.0,1.0,0.0,1.0,0.0,0.0,,0.3767701612564367,,,LLLA
U5,embedding_and_xyz,,,16.0,0.875,0.0,0.4774316251277923,0.2744162976741791,0.2577600423246622,0.6675089597702026,0.7051960229873657,0.6270430088043213,0.0781530439853668,0.9642857142857144,0.8333333333333333,0.9642857142857144,0.8333333333333333,0.875,0.125,0.875,0.125,0.9333333333333332,0.0666666666666666,1.0,0.0,1.0,0.0,1.0,0.0,0.0125372023809523,,-0.0,,,LLLA
U6,real,,,16.0,1.0,1.0,0.2033072113990783,0.0629843473434448,0.1735728643834591,0.8264271020889282,0.6127884984016418,0.5063300132751465,0.1064585298299789,,,,,1.0,0.0,1.0,0.0,1.0,0.0,1.0,0.0,1.0,0.0,1.0,0.0,0.0,,0.6210863745552451,,,LLLA
U6,embedding_only,,,16.0,0.5,0.2888888888888888,1.2223150730133057,0.7124539017677307,0.3633955158293247,0.7060692310333252,0.8371387720108032,0.7010974287986755,0.1360412985086441,0.5,0.5335053835053835,0.34375,0.4335588023088023,0.5,0.5,0.5,0.5,0.4666666666666667,0.5333333333333333,0.5384615384615384,0.4615384615384615,0.5,0.5,0.5,0.5,0.444236666111666,,0.9743147528693494,,,LLLA
U6,xyz_only,,,16.0,0.875,0.6734693877551021,0.2550873756408691,0.1543618142604828,0.0776197426021099,0.8703718185424805,0.3859013319015503,0.3139809966087341,0.0719203501939773,0.9642857142857144,0.8333333333333333,0.9642857142857144,0.8333333333333333,0.875,0.125,0.875,0.125,0.9333333333333332,0.0666666666666666,1.0,0.0,1.0,0.0,1.0,0.0,0.0125372023809523,,0.482577565177012,,,LLLA
U6,embedding_and_xyz,,,16.0,0.6875,0.0,0.7128174304962158,0.3455017507076263,0.2034624405205249,0.7977709770202637,0.602511465549469,0.4932723641395569,0.1092391014099121,0.9818181818181818,0.9666666666666668,0.9636363636363636,0.9266666666666666,0.6875,0.3125,0.6875,0.3125,0.7333333333333333,0.2666666666666667,0.8461538461538461,0.1538461538461538,0.9166666666666666,0.0833333333333333,1.0,0.0,0.0603306849400599,,-0.0,,,LLLA
V1,real,,,9.0,0.4444444444444444,0.0217391304347824,1.124059557914734,0.6481823325157166,0.387287179629008,0.7359359264373779,0.6783986687660217,0.6063754558563232,0.0720233246684074,0.85,0.9028571428571428,0.8,0.885,0.4444444444444444,0.5555555555555556,0.4444444444444444,0.5555555555555556,0.4444444444444444,0.5555555555555556,0.5,0.5,0.5714285714285714,0.4285714285714286,0.6,0.4,0.2803350970017637,,0.6837389058487535,,,LLLA
V1,embedding_only,,,9.0,0.4444444444444444,0.0425531914893615,1.1761394739151,0.6466805934906006,0.2914034326871236,0.6983415484428406,0.7491369247436523,0.6500449180603027,0.0990919396281242,0.7500000000000001,0.8711111111111112,0.8,0.9111111111111112,0.4444444444444444,0.5555555555555556,0.4444444444444444,0.5555555555555556,0.4444444444444444,0.5555555555555556,0.5,0.5,0.5714285714285714,0.4285714285714286,0.6,0.4,0.3914462081128748,,1.002718264517516,,,LLLA
V1,xyz_only,,,9.0,0.1111111111111111,-0.0140845070422535,2.4291188716888428,1.2032599449157717,0.5659241477648417,0.6770352721214294,0.9404693245887756,0.6788851618766785,0.2615841627120971,0.25,0.8755456349206349,0.375,0.9067956349206348,0.1111111111111111,0.8888888888888888,0.1111111111111111,0.8888888888888888,0.1111111111111111,0.8888888888888888,0.125,0.875,0.1428571428571428,0.8571428571428572,0.0,1.0,0.8529541446208113,,1.0608569471580214,,,LLLA
V1,embedding_and_xyz,,,9.0,0.1111111111111111,-0.090909090909091,2.4396727085113525,1.2048078775405884,0.56538654367129,0.6764976978302002,0.9470739364624025,0.6774613857269287,0.269612580537796,0.5,0.9317956349206348,0.875,0.9861111111111112,0.1111111111111111,0.8888888888888888,0.1111111111111111,0.8888888888888888,0.1111111111111111,0.8888888888888888,0.125,0.875,0.1428571428571428,0.8571428571428572,0.2,0.8,0.8122134038800706,,1.0608569471580214,,,LLLA
V2,real,,,9.0,1.0,1.0,0.2387559413909912,0.1026711985468864,0.1986446777979532,0.8013553619384766,0.564079999923706,0.4919229745864868,0.072156935930252,,,,,1.0,0.0,1.0,0.0,1.0,0.0,1.0,0.0,1.0,0.0,1.0,0.0,0.0,,0.8486855577264172,,,LLLA
V2,embedding_only,,,9.0,0.8888888888888888,0.7954545454545454,0.300904780626297,0.132300853729248,0.241069131427341,0.7622839212417603,0.694687008857727,0.5736896991729736,0.1209973469376564,0.625,0.25,0.25,0.1428571428571428,0.8888888888888888,0.1111111111111111,0.8888888888888888,0.1111111111111111,0.8888888888888888,0.1111111111111111,0.875,0.125,0.8571428571428571,0.1428571428571429,1.0,0.0,0.0544532627865961,,0.936888307539016,,,LLLA
V2,xyz_only,,,9.0,0.8888888888888888,0.7954545454545454,0.4912746846675873,0.2358953654766082,0.3532882399029201,0.6436173319816589,0.9332064390182496,0.6692609786987305,0.263945460319519,0.625,0.25,0.25,0.1428571428571428,0.8888888888888888,0.1111111111111111,0.8888888888888888,0.1111111111111111,0.8888888888888888,0.1111111111111111,0.875,0.125,0.8571428571428571,0.1428571428571429,1.0,0.0,0.0544532627865961,,0.936888307539016,,,LLLA
V2,embedding_and_xyz,,,9.0,0.7777777777777778,0.5813953488372092,0.5407610535621643,0.270306795835495,0.2088365687264336,0.6436747312545776,0.9422492980957032,0.6575823426246643,0.2846670150756836,0.9285714285714286,0.8333333333333333,0.6428571428571428,0.6428571428571428,0.7777777777777778,0.2222222222222222,0.7777777777777778,0.2222222222222222,0.7777777777777778,0.2222222222222222,0.875,0.125,0.8571428571428571,0.1428571428571429,1.0,0.0,0.0421075837742504,,0.6869615765973234,,,LLLA
V3,real,,,13.0,0.8461538461538461,0.6976744186046511,0.4145064353942871,0.2302869707345962,0.0927561888327965,0.7722159028053284,0.6310319900512695,0.548950731754303,0.0820813104510307,0.9090909090909092,0.5833333333333333,0.7727272727272727,0.3666666666666667,0.8461538461538461,0.1538461538461538,0.8461538461538461,0.1538461538461538,0.8333333333333334,0.1666666666666666,0.9090909090909092,0.0909090909090909,1.0,0.0,1.0,0.0,0.0257306795768334,,0.6901856760188042,,,LLLA
V3,embedding_only,,,13.0,0.8461538461538461,0.6976744186046511,0.4476636350154876,0.2639454007148742,0.1918062957433554,0.7778934836387634,0.6460586786270142,0.5289214253425598,0.1171372011303901,0.7727272727272727,0.3666666666666667,0.6363636363636364,0.2678571428571428,0.8461538461538461,0.1538461538461538,0.8461538461538461,0.1538461538461538,0.8333333333333334,0.1666666666666666,0.8181818181818182,0.1818181818181817,0.9,0.0999999999999999,1.0,0.0,0.0489630028091566,,0.6901856760188042,,,LLLA
V3,xyz_only,,,13.0,0.4615384615384615,0.2479338842975206,1.2439906597137451,0.7611030340194702,0.3826766655995295,0.6314238905906677,1.014873504638672,0.7272259593009949,0.2876476049423218,0.1904761904761904,0.4287629037629037,0.0476190476190476,0.3823343323343323,0.4615384615384615,0.5384615384615384,0.4615384615384615,0.5384615384615384,0.4166666666666667,0.5833333333333333,0.3636363636363636,0.6363636363636364,0.4,0.6,0.2857142857142857,0.7142857142857143,0.7098625733241117,,0.6901856760188042,,,LLLA
V3,embedding_and_xyz,,,13.0,0.6153846153846154,0.3564356435643563,0.966620147228241,0.5651578903198242,0.4244539944025186,0.5448745489120483,1.110496997833252,0.7938307523727417,0.316666305065155,0.525,0.4357142857142857,0.4750000000000001,0.4383333333333333,0.6153846153846154,0.3846153846153846,0.6153846153846154,0.3846153846153846,0.5833333333333334,0.4166666666666666,0.5454545454545454,0.4545454545454546,0.6,0.4,0.5714285714285714,0.4285714285714286,0.3243916340070186,,1.0579054247036734,,,LLLA
A1,real,,,,0.9230769230769231,,,,,0.9431809000633213,0.15854962934359668,,0.004743523625326247,,,,,,,,,,,,,,,,,,,,,,TabICLv2: model input
A1,real,,,,0.9230769230769231,,,,,0.9414473154938663,0.15781849741458143,,0.003646939547075143,,,,,,,,,,,,,,,,,,,,,,TabICLv2: encoder input
A1,real,,,,0.9230769230769231,,,,,0.9458682515421143,0.1281102315408273,,0.007035169376664716,,,,,,,,,,,,,,,,,,,,,,TabICLv2: hidden
A10,real,,,,0.9473684210526315,,,,,0.9177422207861955,0.2416062694568618,,0.021361780254812435,,,,,,,,,,,,,,,,,,,,,,TabICLv2: model input
A10,real,,,,0.8947368421052632,,,,,0.9060710111417096,0.2848606474686875,,0.012479226368819596,,,,,,,,,,,,,,,,,,,,,,TabICLv2: encoder input
A10,real,,,,0.7894736842105263,,,,,0.8184952203993162,0.4392467544459732,,0.015274370505118911,,,,,,,,,,,,,,,,,,,,,,TabICLv2: hidden
A11,real,,,,1.0,,,,,0.8442470034469568,0.3972035525956934,,0.01452727664054573,,,,,,,,,,,,,,,,,,,,,,TabICLv2: model input
A11,real,,,,0.9411764705882353,,,,,0.8252835345094679,0.3938109106593495,,0.00957095144862631,,,,,,,,,,,,,,,,,,,,,,TabICLv2: encoder input
A11,real,,,,0.8235294117647058,,,,,0.8849029516190453,0.2528102014476361,,0.005297248258025036,,,,,,,,,,,,,,,,,,,,,,TabICLv2: hidden
A2,real,,,,1.0,,,,,0.9162493413606119,0.259437712461863,,0.005754531913908284,,,,,,,,,,,,,,,,,,,,,,TabICLv2: model input
A2,real,,,,0.875,,,,,0.8736357446497934,0.302265386557526,,0.00818528898788183,,,,,,,,,,,,,,,,,,,,,,TabICLv2: encoder input
A2,real,,,,0.875,,,,,0.9027103562123981,0.2235326625940449,,0.009316334982703685,,,,,,,,,,,,,,,,,,,,,,TabICLv2: hidden
A3,real,,,,1.0,,,,,0.8755236955739454,0.3482187956514764,,0.006034319557592193,,,,,,,,,,,,,,,,,,,,,,TabICLv2: model input
A3,real,,,,0.8571428571428571,,,,,0.8410596266368217,0.37396576808310983,,0.010623008123216085,,,,,,,,,,,,,,,,,,,,,,TabICLv2: encoder input
A3,real,,,,0.9285714285714286,,,,,0.860810772158193,0.32122192386228443,,0.010237296367288122,,,,,,,,,,,,,,,,,,,,,,TabICLv2: hidden
A4,real,,,,0.9523809523809523,,,,,0.9224019884859311,0.20683931995071297,,0.005779337053740704,,,,,,,,,,,,,,,,,,,,,,TabICLv2: model input
A4,real,,,,0.9523809523809523,,,,,0.902255287997699,0.25423639462775666,,0.003973435415935523,,,,,,,,,,,,,,,,,,,,,,TabICLv2: encoder input
A4,real,,,,0.9047619047619048,,,,,0.9398503272125337,0.14579328024907035,,0.004193849852091969,,,,,,,,,,,,,,,,,,,,,,TabICLv2: hidden
A5,real,,,,0.6875,,,,,0.9310373693436712,0.20413447370310078,,0.006855559030176194,,,,,,,,,,,,,,,,,,,,,,TabICLv2: model input
A5,real,,,,0.625,,,,,0.910964668915218,0.2437972871405312,,0.004764396731856212,,,,,,,,,,,,,,,,,,,,,,TabICLv2: encoder input
A5,real,,,,0.625,,,,,0.9541498527248005,0.12466482389064183,,0.0032230212488626566,,,,,,,,,,,,,,,,,,,,,,TabICLv2: hidden
A6,real,,,,0.9375,,,,,0.8821015946153024,0.29496521477038806,,0.002889943704342502,,,,,,,,,,,,,,,,,,,,,,TabICLv2: model input
A6,real,,,,0.8125,,,,,0.8624335860544052,0.3156561268963335,,0.005807136740587843,,,,,,,,,,,,,,,,,,,,,,TabICLv2: encoder input
A6,real,,,,1.0,,,,,0.8986822249770154,0.24882508070471682,,0.009271114910656842,,,,,,,,,,,,,,,,,,,,,,TabICLv2: hidden
A7,real,,,,0.7647058823529411,,,,,0.8336239130556086,0.3962788783513136,,0.01631379571393208,,,,,,,,,,,,,,,,,,,,,,TabICLv2: model input
A7,real,,,,0.8823529411764706,,,,,0.8295366470370233,0.4403788774632447,,0.011224981574374982,,,,,,,,,,,,,,,,,,,,,,TabICLv2: encoder input
A7,real,,,,0.8235294117647058,,,,,0.9113435209575323,0.2740832900245517,,0.0077117579506519075,,,,,,,,,,,,,,,,,,,,,,TabICLv2: hidden
A8,real,,,,0.8461538461538461,,,,,0.8472250430564241,0.4264446608853029,,0.028336854573867972,,,,,,,,,,,,,,,,,,,,,,TabICLv2: model input
A8,real,,,,0.8461538461538461,,,,,0.8629607618135708,0.38488259008834996,,0.010128043407736554,,,,,,,,,,,,,,,,,,,,,,TabICLv2: encoder input
A8,real,,,,0.9230769230769231,,,,,0.8429893275397868,0.30142548124980395,,0.022705465049992806,,,,,,,,,,,,,,,,,,,,,,TabICLv2: hidden
A9,real,,,,0.8421052631578947,,,,,0.9427564325763027,0.18618411755627232,,0.005060098212794827,,,,,,,,,,,,,,,,,,,,,,TabICLv2: model input
A9,real,,,,0.8947368421052632,,,,,0.9169730545411662,0.23237589817586804,,0.004438097150775332,,,,,,,,,,,,,,,,,,,,,,TabICLv2: encoder input
A9,real,,,,0.8947368421052632,,,,,0.9466604689610257,0.13444353175147533,,0.003796383435160406,,,,,,,,,,,,,,,,,,,,,,TabICLv2: hidden
C1,real,,,,0.4318181818181818,,,,,0.5625062980303666,0.9340783776235934,,0.032520193994686704,,,,,,,,,,,,,,,,,,,,,,TabICLv2: model input
C1,real,,,,0.2727272727272727,,,,,0.6715872468982377,0.7928513873666279,,0.010175388793134184,,,,,,,,,,,,,,,,,,,,,,TabICLv2: encoder input
C1,real,,,,0.13636363636363635,,,,,0.8285817379395872,0.49322861334440515,,0.0090785542557678,,,,,,,,,,,,,,,,,,,,,,TabICLv2: hidden
C1P,real,,,,0.7272727272727273,,,,,0.8106004047416548,0.48575997721723135,,0.024756355583990943,,,,,,,,,,,,,,,,,,,,,,TabICLv2: model input
C1P,real,,,,0.7727272727272727,,,,,0.824877906936488,0.4215838929655431,,0.019414009397341274,,,,,,,,,,,,,,,,,,,,,,TabICLv2: encoder input
C1P,real,,,,0.75,,,,,0.920977844497664,0.19149535513475957,,0.0065408175385747,,,,,,,,,,,,,,,,,,,,,,TabICLv2: hidden
C2,real,,,,0.7272727272727273,,,,,0.67822713255952,0.7766994193037315,,0.01858885281318769,,,,,,,,,,,,,,,,,,,,,,TabICLv2: model input
C2,real,,,,0.8636363636363636,,,,,0.7381377630811514,0.6929998615076941,,0.017730579172746976,,,,,,,,,,,,,,,,,,,,,,TabICLv2: encoder input
C2,real,,,,0.5227272727272727,,,,,0.816248458416024,0.48493948216712485,,0.012872325792864847,,,,,,,,,,,,,,,,,,,,,,TabICLv2: hidden
C2P,real,,,,0.75,,,,,0.7318235800749071,0.6091808228260568,,0.054405830851880374,,,,,,,,,,,,,,,,,,,,,,TabICLv2: model input
C2P,real,,,,0.9318181818181818,,,,,0.810999189477004,0.5117051242544981,,0.011606306146378377,,,,,,,,,,,,,,,,,,,,,,TabICLv2: encoder input
C2P,real,,,,0.9090909090909091,,,,,0.9005258996091876,0.2692088296308636,,0.007183962153137028,,,,,,,,,,,,,,,,,,,,,,TabICLv2: hidden
C3,real,,,,0.7045454545454546,,,,,0.7897668112418553,0.5017705725437575,,0.015424022952187071,,,,,,,,,,,,,,,,,,,,,,TabICLv2: model input
C3,real,,,,0.75,,,,,0.8688834429637755,0.3512396693326472,,0.009583116576979668,,,,,,,,,,,,,,,,,,,,,,TabICLv2: encoder input
C3,real,,,,0.6363636363636364,,,,,0.8929857072622838,0.2492044074560149,,0.008803008330478954,,,,,,,,,,,,,,,,,,,,,,TabICLv2: hidden
C3P,real,,,,0.75,,,,,0.8845422210353523,0.3157953482442255,,0.011970257130506833,,,,,,,,,,,,,,,,,,,,,,TabICLv2: model input
C3P,real,,,,0.7954545454545454,,,,,0.9438843355493063,0.1657828332786506,,0.003298046499287706,,,,,,,,,,,,,,,,,,,,,,TabICLv2: encoder input
C3P,real,,,,0.8181818181818182,,,,,0.9683597793665495,0.1104963411574258,,0.0024463168712158053,,,,,,,,,,,,,,,,,,,,,,TabICLv2: hidden
C4,real,,,,0.9545454545454546,,,,,0.9345918454024364,0.16106357418393857,,0.005683842856363982,,,,,,,,,,,,,,,,,,,,,,TabICLv2: model input
C4,real,,,,0.9090909090909091,,,,,0.9421370099891409,0.16245616221170334,,0.0026689739046719305,,,,,,,,,,,,,,,,,,,,,,TabICLv2: encoder input
C4,real,,,,0.8863636363636364,,,,,0.9806513702508615,0.06018667272467011,,0.0012238148538952045,,,,,,,,,,,,,,,,,,,,,,TabICLv2: hidden
C4P,real,,,,0.9090909090909091,,,,,0.9068483716873181,0.1981126457709582,,0.004482035248589735,,,,,,,,,,,,,,,,,,,,,,TabICLv2: model input
C4P,real,,,,0.9772727272727273,,,,,0.9341464115965915,0.1831541341612513,,0.003783917313369646,,,,,,,,,,,,,,,,,,,,,,TabICLv2: encoder input
C4P,real,,,,1.0,,,,,0.9511518949925822,0.12515650651330082,,0.0038795428660553617,,,,,,,,,,,,,,,,,,,,,,TabICLv2: hidden
C5,real,,,,0.9318181818181818,,,,,0.8765659620812812,0.35722374428603876,,0.019405694109597204,,,,,,,,,,,,,,,,,,,,,,TabICLv2: model input
C5,real,,,,0.9545454545454546,,,,,0.9316784254417617,0.22619673574385743,,0.003983345444065748,,,,,,,,,,,,,,,,,,,,,,TabICLv2: encoder input
C5,real,,,,0.9545454545454546,,,,,0.9495386221848368,0.1527709112595007,,0.002625368538169111,,,,,,,,,,,,,,,,,,,,,,TabICLv2: hidden
C5P,real,,,,0.8181818181818182,,,,,0.8908889614850757,0.2647027187451015,,0.007443337129768828,,,,,,,,,,,,,,,,,,,,,,TabICLv2: model input
C5P,real,,,,0.8636363636363636,,,,,0.9019223233087157,0.2990718185270027,,0.0037826337578189526,,,,,,,,,,,,,,,,,,,,,,TabICLv2: encoder input
C5P,real,,,,0.9090909090909091,,,,,0.948004298319917,0.14593860003871584,,0.0027714553362352978,,,,,,,,,,,,,,,,,,,,,,TabICLv2: hidden
C6,real,,,,0.9090909090909091,,,,,0.8979528132813893,0.2570866090167011,,0.014848736040893774,,,,,,,,,,,,,,,,,,,,,,TabICLv2: model input
C6,real,,,,0.9318181818181818,,,,,0.9364450003148798,0.1655903298884879,,0.005276541658062334,,,,,,,,,,,,,,,,,,,,,,TabICLv2: encoder input
C6,real,,,,0.8863636363636364,,,,,0.9378125505289681,0.13038911757905242,,0.005955123075024483,,,,,,,,,,,,,,,,,,,,,,TabICLv2: hidden
C7,real,,,,0.6590909090909091,,,,,0.8866450570948493,0.32755076578601083,,0.01861401736089862,,,,,,,,,,,,,,,,,,,,,,TabICLv2: model input
C7,real,,,,0.7727272727272727,,,,,0.915346541900706,0.2438059286834948,,0.005994232490825468,,,,,,,,,,,,,,,,,,,,,,TabICLv2: encoder input
C7,real,,,,0.7954545454545454,,,,,0.9370963808532771,0.15656856045156667,,0.0030145288744611236,,,,,,,,,,,,,,,,,,,,,,TabICLv2: hidden
FI10,real,,,,0.4375,,,,,0.7825188534408264,0.5320950674311955,,0.01785573718752322,,,,,,,,,,,,,,,,,,,,,,TabICLv2: model input
FI10,real,,,,0.5625,,,,,0.7615004392938831,0.5113979522076012,,0.0108593254821305,,,,,,,,,,,,,,,,,,,,,,TabICLv2: encoder input
FI10,real,,,,0.5,,,,,0.8681621347649204,0.29806315363001745,,0.009735182116151616,,,,,,,,,,,,,,,,,,,,,,TabICLv2: hidden
FI2,real,,,,0.9333333333333333,,,,,0.8800134607582842,0.3084182646304613,,0.004648398003536012,,,,,,,,,,,,,,,,,,,,,,TabICLv2: model input
FI2,real,,,,0.9333333333333333,,,,,0.8896256006689625,0.30694621590124826,,0.007534617952461001,,,,,,,,,,,,,,,,,,,,,,TabICLv2: encoder input
FI2,real,,,,0.9333333333333333,,,,,0.9288249744412852,0.18577935121910655,,0.009351316418173937,,,,,,,,,,,,,,,,,,,,,,TabICLv2: hidden
FI5,real,,,,0.0625,,,,,0.6950414572477526,0.610731448250183,,0.05355868309106871,,,,,,,,,,,,,,,,,,,,,,TabICLv2: model input
FI5,real,,,,0.4375,,,,,0.682264093216064,0.6494025188220527,,0.019002672482770554,,,,,,,,,,,,,,,,,,,,,,TabICLv2: encoder input
FI5,real,,,,0.25,,,,,0.8025161413960138,0.4696735669636104,,0.0138793581683103,,,,,,,,,,,,,,,,,,,,,,TabICLv2: hidden
FI8,real,,,,0.8125,,,,,0.7755965855741209,0.4929492867836751,,0.017219154136709415,,,,,,,,,,,,,,,,,,,,,,TabICLv2: model input
FI8,real,,,,0.8125,,,,,0.8881362015140544,0.3231902814946651,,0.006395113907915275,,,,,,,,,,,,,,,,,,,,,,TabICLv2: encoder input
FI8,real,,,,0.8125,,,,,0.9064105275956555,0.2936640303774104,,0.014218969974610175,,,,,,,,,,,,,,,,,,,,,,TabICLv2: hidden
FP1,real,,,,0.9375,,,,,0.8705447533509045,0.3904460760149221,,0.01864108201603,,,,,,,,,,,,,,,,,,,,,,TabICLv2: model input
FP1,real,,,,0.9375,,,,,0.8959896412177701,0.32260416915235124,,0.006540234350138832,,,,,,,,,,,,,,,,,,,,,,TabICLv2: encoder input
FP1,real,,,,0.875,,,,,0.9249389226584069,0.186887202742572,,0.002586000183295745,,,,,,,,,,,,,,,,,,,,,,TabICLv2: hidden
FP11,real,,,,0.6875,,,,,0.7942764069055158,0.5450424176249644,,0.023602155593250455,,,,,,,,,,,,,,,,,,,,,,TabICLv2: model input
FP11,real,,,,0.8125,,,,,0.760225524479753,0.6058493672958902,,0.014937805819976325,,,,,,,,,,,,,,,,,,,,,,TabICLv2: encoder input
FP11,real,,,,0.8125,,,,,0.9516514446604403,0.17463809950686687,,0.0057456984942678875,,,,,,,,,,,,,,,,,,,,,,TabICLv2: hidden
FP3,real,,,,1.0,,,,,0.8540669873872377,0.3885528378335879,,0.008736119202446381,,,,,,,,,,,,,,,,,,,,,,TabICLv2: model input
FP3,real,,,,0.8125,,,,,0.6726954429298296,0.6591484980104511,,0.016386003462645043,,,,,,,,,,,,,,,,,,,,,,TabICLv2: encoder input
FP3,real,,,,0.5,,,,,0.7408371091501129,0.5252114453510139,,0.021108236371920074,,,,,,,,,,,,,,,,,,,,,,TabICLv2: hidden
FP4,real,,,,0.9333333333333333,,,,,0.8501582730492289,0.41457215243270124,,0.01754220123519602,,,,,,,,,,,,,,,,,,,,,,TabICLv2: model input
FP4,real,,,,0.9333333333333333,,,,,0.92085360430992,0.25048986907050796,,0.0043856432213412256,,,,,,,,,,,,,,,,,,,,,,TabICLv2: encoder input
FP4,real,,,,0.8666666666666667,,,,,0.9279068216002122,0.17817670883645326,,0.005489515948526897,,,,,,,,,,,,,,,,,,,,,,TabICLv2: hidden
FP6,real,,,,0.375,,,,,0.6096676261727227,0.7682085275983312,,0.022015075474406856,,,,,,,,,,,,,,,,,,,,,,TabICLv2: model input
FP6,real,,,,0.4375,,,,,0.617194297071988,0.7341477321441545,,0.016804154183762084,,,,,,,,,,,,,,,,,,,,,,TabICLv2: encoder input
FP6,real,,,,0.3125,,,,,0.687848705512781,0.6942586166307642,,0.02011472797738713,,,,,,,,,,,,,,,,,,,,,,TabICLv2: hidden
FP7,real,,,,0.3333333333333333,,,,,0.8066856305828605,0.5315691324663541,,0.04423570961492295,,,,,,,,,,,,,,,,,,,,,,TabICLv2: model input
FP7,real,,,,0.1111111111111111,,,,,0.7493602764377074,0.5712599606858574,,0.012512677268047414,,,,,,,,,,,,,,,,,,,,,,TabICLv2: encoder input
FP7,real,,,,0.16666666666666666,,,,,0.7949454743949144,0.4618457897797497,,0.016410732001429573,,,,,,,,,,,,,,,,,,,,,,TabICLv2: hidden
FP9,real,,,,0.5333333333333333,,,,,0.7733585815538736,0.5838758271827048,,0.010843353858456995,,,,,,,,,,,,,,,,,,,,,,TabICLv2: model input
FP9,real,,,,0.6666666666666666,,,,,0.6833047330960426,0.6839035085115576,,0.02187804575425144,,,,,,,,,,,,,,,,,,,,,,TabICLv2: encoder input
FP9,real,,,,0.7333333333333333,,,,,0.8127843817313856,0.48236706939231594,,0.01438598885801773,,,,,,,,,,,,,,,,,,,,,,TabICLv2: hidden
L1,real,,,,0.8125,,,,,0.9500567562762279,0.15117468915474003,,0.0033715935629295675,,,,,,,,,,,,,,,,,,,,,,TabICLv2: model input
L1,real,,,,0.8125,,,,,0.8975648786475787,0.2337279528871109,,0.00610081273843684,,,,,,,,,,,,,,,,,,,,,,TabICLv2: encoder input
L1,real,,,,0.75,,,,,0.9525551447048737,0.13842787007445626,,0.0034220615232121413,,,,,,,,,,,,,,,,,,,,,,TabICLv2: hidden
L2,real,,,,0.9375,,,,,0.9417482630349221,0.15685128159770845,,0.0038890270016242877,,,,,,,,,,,,,,,,,,,,,,TabICLv2: model input
L2,real,,,,0.9375,,,,,0.8932274517078366,0.2594599212528296,,0.0046564801235875145,,,,,,,,,,,,,,,,,,,,,,TabICLv2: encoder input
L2,real,,,,0.875,,,,,0.9136763042388154,0.21569310534441088,,0.003993873289658688,,,,,,,,,,,,,,,,,,,,,,TabICLv2: hidden
N1,real,,,,0.7857142857142857,,,,,0.8657310249353307,0.29151546460383,,0.009123312467189395,,,,,,,,,,,,,,,,,,,,,,TabICLv2: model input
N1,real,,,,0.6428571428571429,,,,,0.8972363505805004,0.24034477016314168,,0.004185242296279071,,,,,,,,,,,,,,,,,,,,,,TabICLv2: encoder input
N1,real,,,,0.7142857142857143,,,,,0.9125767180489224,0.22633580278307858,,0.010991365241364867,,,,,,,,,,,,,,,,,,,,,,TabICLv2: hidden
N2,real,,,,0.5454545454545454,,,,,0.9349901827584882,0.20450685947685218,,0.006188564069646073,,,,,,,,,,,,,,,,,,,,,,TabICLv2: model input
N2,real,,,,0.45454545454545453,,,,,0.846281958209799,0.37000180082094386,,0.022919648646381362,,,,,,,,,,,,,,,,,,,,,,TabICLv2: encoder input
N2,real,,,,0.5454545454545454,,,,,0.857004103373922,0.4031956805904135,,0.009161391627544627,,,,,,,,,,,,,,,,,,,,,,TabICLv2: hidden
N3,real,,,,1.0,,,,,0.9306806645883473,0.18927419969330145,,0.001963960310096895,,,,,,,,,,,,,,,,,,,,,,TabICLv2: model input
N3,real,,,,0.8571428571428571,,,,,0.8955538177254585,0.22751309863401017,,0.0029312326180893143,,,,,,,,,,,,,,,,,,,,,,TabICLv2: encoder input
N3,real,,,,1.0,,,,,0.9554431354417002,0.13340220502507882,,0.0034830958625862835,,,,,,,,,,,,,,,,,,,,,,TabICLv2: hidden
P1,real,,,,0.9473684210526315,,,,,0.9817978661502621,0.07593675608635303,,0.0022613862608989598,,,,,,,,,,,,,,,,,,,,,,TabICLv2: model input
P1,real,,,,0.9473684210526315,,,,,0.9703550407995033,0.10336843038739946,,0.0009749184768255594,,,,,,,,,,,,,,,,,,,,,,TabICLv2: encoder input
P1,real,,,,0.9473684210526315,,,,,0.9867982984148991,0.05353635111479903,,0.0011647961224294909,,,,,,,,,,,,,,,,,,,,,,TabICLv2: hidden
P2,real,,,,0.95,,,,,0.8629064377147954,0.4166475182720313,,0.01881396624956646,,,,,,,,,,,,,,,,,,,,,,TabICLv2: model input
P2,real,,,,0.95,,,,,0.953089697297495,0.17616127511836238,,0.004873793531129678,,,,,,,,,,,,,,,,,,,,,,TabICLv2: encoder input
P2,real,,,,0.9,,,,,0.9542061156265838,0.12798451819762593,,0.001941335870061843,,,,,,,,,,,,,,,,,,,,,,TabICLv2: hidden
P3,real,,,,0.2,,,,,0.6722205498984456,0.7003262124115399,,0.06554063020179428,,,,,,,,,,,,,,,,,,,,,,TabICLv2: model input
P3,real,,,,0.7333333333333333,,,,,0.7388217685780412,0.578355484309006,,0.017847298882340278,,,,,,,,,,,,,,,,,,,,,,TabICLv2: encoder input
P3,real,,,,0.8,,,,,0.7723449632916176,0.5113396729849277,,0.011474000042253815,,,,,,,,,,,,,,,,,,,,,,TabICLv2: hidden
P4,real,,,,0.7,,,,,0.8552768411042914,0.37169614425931446,,0.010618768629528642,,,,,,,,,,,,,,,,,,,,,,TabICLv2: model input
P4,real,,,,0.8,,,,,0.8718496914103053,0.30398590079549287,,0.007280468067217773,,,,,,,,,,,,,,,,,,,,,,TabICLv2: encoder input
P4,real,,,,0.9,,,,,0.9020228729746924,0.28559191115737603,,0.006670539149296012,,,,,,,,,,,,,,,,,,,,,,TabICLv2: hidden
S1,real,,,,0.7692307692307693,,,,,0.8236871171576762,0.4584060830792661,,0.020437509020042436,,,,,,,,,,,,,,,,,,,,,,TabICLv2: model input
S1,real,,,,0.7692307692307693,,,,,0.7645595742825093,0.597090212087484,,0.015108141715350094,,,,,,,,,,,,,,,,,,,,,,TabICLv2: encoder input
S1,real,,,,0.6923076923076923,,,,,0.8595461165131214,0.34521985079677303,,0.00851109899558117,,,,,,,,,,,,,,,,,,,,,,TabICLv2: hidden
S10,real,,,,0.7272727272727273,,,,,0.6888826284765012,0.7243323873488873,,0.016475586808025612,,,,,,,,,,,,,,,,,,,,,,TabICLv2: model input
S10,real,,,,0.6818181818181818,,,,,0.6983634019173169,0.7394656331015202,,0.014743436136397892,,,,,,,,,,,,,,,,,,,,,,TabICLv2: encoder input
S10,real,,,,0.9090909090909091,,,,,0.7754171797078999,0.5388977643300875,,0.008466545979319123,,,,,,,,,,,,,,,,,,,,,,TabICLv2: hidden
S11,real,,,,0.9,,,,,0.7883602574462161,0.5459103378353172,,0.024333389785517186,,,,,,,,,,,,,,,,,,,,,,TabICLv2: model input
S11,real,,,,0.8,,,,,0.8327129549920151,0.4410388772122011,,0.00751912710982635,,,,,,,,,,,,,,,,,,,,,,TabICLv2: encoder input
S11,real,,,,0.75,,,,,0.8706613862433633,0.3061558460838358,,0.011813622409427096,,,,,,,,,,,,,,,,,,,,,,TabICLv2: hidden
S12,real,,,,0.44,,,,,0.8861027400243664,0.3894905126522082,,0.014350886585757207,,,,,,,,,,,,,,,,,,,,,,TabICLv2: model input
S12,real,,,,0.96,,,,,0.8877890960203962,0.34176168673135154,,0.010141277957981823,,,,,,,,,,,,,,,,,,,,,,TabICLv2: encoder input
S12,real,,,,0.92,,,,,0.9429309019587483,0.1600726406022083,,0.0025540159105378398,,,,,,,,,,,,,,,,,,,,,,TabICLv2: hidden
S13,real,,,,0.22727272727272727,,,,,0.7759331264593347,0.6370436862738511,,0.006319335649765465,,,,,,,,,,,,,,,,,,,,,,TabICLv2: model input
S13,real,,,,0.36363636363636365,,,,,0.76040700681817,0.6179266570839673,,0.012920852247230274,,,,,,,,,,,,,,,,,,,,,,TabICLv2: encoder input
S13,real,,,,0.36363636363636365,,,,,0.9224224487035122,0.2503271650047015,,0.005085106777526,,,,,,,,,,,,,,,,,,,,,,TabICLv2: hidden
S14,real,,,,0.8947368421052632,,,,,0.8821985598490842,0.32253556256230753,,0.007507926439680251,,,,,,,,,,,,,,,,,,,,,,TabICLv2: model input
S14,real,,,,0.8947368421052632,,,,,0.844560603452354,0.3728833778550749,,0.004667635715443705,,,,,,,,,,,,,,,,,,,,,,TabICLv2: encoder input
S14,real,,,,0.9473684210526315,,,,,0.8800062777154881,0.2831355205376472,,0.007620043315108037,,,,,,,,,,,,,,,,,,,,,,TabICLv2: hidden
S2,real,,,,0.9230769230769231,,,,,0.8486350245091352,0.38757069285501944,,0.011256290609976238,,,,,,,,,,,,,,,,,,,,,,TabICLv2: model input
S2,real,,,,0.9230769230769231,,,,,0.8008286945582236,0.5701542060838393,,0.01632407688647613,,,,,,,,,,,,,,,,,,,,,,TabICLv2: encoder input
S2,real,,,,0.9230769230769231,,,,,0.7556212666682434,0.5521866070616224,,0.01096334834713433,,,,,,,,,,,,,,,,,,,,,,TabICLv2: hidden
S3,real,,,,0.46153846153846156,,,,,0.8508127721073172,0.40388723461554904,,0.013869659837638338,,,,,,,,,,,,,,,,,,,,,,TabICLv2: model input
S3,real,,,,0.46153846153846156,,,,,0.7251381355958534,0.6435838176516688,,0.012629454452452839,,,,,,,,,,,,,,,,,,,,,,TabICLv2: encoder input
S3,real,,,,0.5384615384615384,,,,,0.8521801550714656,0.3659235448642756,,0.007904518444800408,,,,,,,,,,,,,,,,,,,,,,TabICLv2: hidden
S4,real,,,,0.9523809523809523,,,,,0.8571122094771811,0.39762343681389384,,0.012453951505897329,,,,,,,,,,,,,,,,,,,,,,TabICLv2: model input
S4,real,,,,0.8095238095238095,,,,,0.8799402221165505,0.32929518373131844,,0.010707851619666461,,,,,,,,,,,,,,,,,,,,,,TabICLv2: encoder input
S4,real,,,,0.7619047619047619,,,,,0.9192949498240698,0.19706504954648021,,0.0044155318892724,,,,,,,,,,,,,,,,,,,,,,TabICLv2: hidden
S5,real,,,,1.0,,,,,0.7779633842619809,0.5438593196405717,,0.030647377128313308,,,,,,,,,,,,,,,,,,,,,,TabICLv2: model input
S5,real,,,,0.9375,,,,,0.8096593843649593,0.4339610470748103,,0.01356147801603496,,,,,,,,,,,,,,,,,,,,,,TabICLv2: encoder input
S5,real,,,,1.0,,,,,0.8123448109642122,0.4426232031324808,,0.0244799727606628,,,,,,,,,,,,,,,,,,,,,,TabICLv2: hidden
S6,real,,,,1.0,,,,,0.7355218191946675,0.6192139196600664,,0.019360399648958693,,,,,,,,,,,,,,,,,,,,,,TabICLv2: model input
S6,real,,,,1.0,,,,,0.8619295807039745,0.40109664631820274,,0.005438661505823553,,,,,,,,,,,,,,,,,,,,,,TabICLv2: encoder input
S6,real,,,,0.7692307692307693,,,,,0.8392309685815633,0.29198186390623787,,0.006295004169291096,,,,,,,,,,,,,,,,,,,,,,TabICLv2: hidden
S7,real,,,,0.3888888888888889,,,,,0.7490712395802497,0.6154175674592174,,0.030788957158178476,,,,,,,,,,,,,,,,,,,,,,TabICLv2: model input
S7,real,,,,0.5555555555555556,,,,,0.6313753080933244,0.7259923166854169,,0.01930419798676542,,,,,,,,,,,,,,,,,,,,,,TabICLv2: encoder input
S7,real,,,,0.7222222222222222,,,,,0.7572299452930102,0.5893469672407368,,0.01031676331030324,,,,,,,,,,,,,,,,,,,,,,TabICLv2: hidden
S8,real,,,,0.8421052631578947,,,,,0.7134607949244043,0.6736217285758069,,0.036612285649820143,,,,,,,,,,,,,,,,,,,,,,TabICLv2: model input
S8,real,,,,0.9473684210526315,,,,,0.8447183076772314,0.4467398571171312,,0.005232733740557421,,,,,,,,,,,,,,,,,,,,,,TabICLv2: encoder input
S8,real,,,,0.8947368421052632,,,,,0.9487282560372714,0.13532123014255318,,0.005850216586762501,,,,,,,,,,,,,,,,,,,,,,TabICLv2: hidden
S9,real,,,,0.9230769230769231,,,,,0.7562961764591373,0.6385766473022362,,0.027341998136711215,,,,,,,,,,,,,,,,,,,,,,TabICLv2: model input
S9,real,,,,0.9230769230769231,,,,,0.8620980462310441,0.43859418275467577,,0.007766714659395043,,,,,,,,,,,,,,,,,,,,,,TabICLv2: encoder input
S9,real,,,,0.8461538461538461,,,,,0.9468902521582329,0.15108259300008917,,0.002280186705077154,,,,,,,,,,,,,,,,,,,,,,TabICLv2: hidden
SC1,real,,,,0.6052631578947368,,,,,0.8096572548900223,0.46546084155805834,,0.017946867880704608,,,,,,,,,,,,,,,,,,,,,,TabICLv2: model input
SC1,real,,,,0.6842105263157895,,,,,0.8596376958634816,0.3385589850238678,,0.006772825642130022,,,,,,,,,,,,,,,,,,,,,,TabICLv2: encoder input
SC1,real,,,,0.6578947368421053,,,,,0.9214927110509747,0.18592269793695332,,0.003997373204632657,,,,,,,,,,,,,,,,,,,,,,TabICLv2: hidden
SC2,real,,,,0.7419354838709677,,,,,0.6927761027711801,0.779612452524941,,0.038622043265067824,,,,,,,,,,,,,,,,,,,,,,TabICLv2: model input
SC2,real,,,,0.6451612903225806,,,,,0.807767685091303,0.4639793154803248,,0.006609852070028525,,,,,,,,,,,,,,,,,,,,,,TabICLv2: encoder input
SC2,real,,,,0.8709677419354839,,,,,0.8829522362513996,0.304758573848656,,0.00633411653646456,,,,,,,,,,,,,,,,,,,,,,TabICLv2: hidden
SC3,real,,,,0.84,,,,,0.9144521316575316,0.20942298576138182,,0.011404340715694452,,,,,,,,,,,,,,,,,,,,,,TabICLv2: model input
SC3,real,,,,0.88,,,,,0.9142632758193163,0.2664848725532097,,0.009566584084468704,,,,,,,,,,,,,,,,,,,,,,TabICLv2: encoder input
SC3,real,,,,0.84,,,,,0.875558841240547,0.32687900829348737,,0.008155656537178356,,,,,,,,,,,,,,,,,,,,,,TabICLv2: hidden
SG1,real,,,,0.8947368421052632,,,,,0.9356545021592313,0.15825343399363465,,0.0028574761998945374,,,,,,,,,,,,,,,,,,,,,,TabICLv2: model input
SG1,real,,,,0.9473684210526315,,,,,0.9226646281771337,0.16678905407466837,,0.00469600234160236,,,,,,,,,,,,,,,,,,,,,,TabICLv2: encoder input
SG1,real,,,,0.9473684210526315,,,,,0.9346044451353496,0.1478302759555119,,0.004320794060727794,,,,,,,,,,,,,,,,,,,,,,TabICLv2: hidden
SG2,real,,,,0.7894736842105263,,,,,0.918277846180296,0.23602673509425007,,0.007708664959160923,,,,,,,,,,,,,,,,,,,,,,TabICLv2: model input
SG2,real,,,,0.7894736842105263,,,,,0.9279508873144271,0.21301173104224744,,0.004570261968588161,,,,,,,,,,,,,,,,,,,,,,TabICLv2: encoder input
SG2,real,,,,0.7368421052631579,,,,,0.9329850344442603,0.15968255308865137,,0.005817657851959688,,,,,,,,,,,,,,,,,,,,,,TabICLv2: hidden
SG3,real,,,,0.8947368421052632,,,,,0.9709693968984918,0.09368572451065071,,0.001410037807505208,,,,,,,,,,,,,,,,,,,,,,TabICLv2: model input
SG3,real,,,,0.8947368421052632,,,,,0.969430095497453,0.0896310255179256,,0.0017942433989218184,,,,,,,,,,,,,,,,,,,,,,TabICLv2: encoder input
SG3,real,,,,0.8947368421052632,,,,,0.960856036546727,0.10128481909815508,,0.006387917610662841,,,,,,,,,,,,,,,,,,,,,,TabICLv2: hidden
SG4,real,,,,0.8947368421052632,,,,,0.9155478098173407,0.2160583778940051,,0.01657702394097467,,,,,,,,,,,,,,,,,,,,,,TabICLv2: model input
SG4,real,,,,0.8947368421052632,,,,,0.9176742175610171,0.2313368192243319,,0.005911020679219142,,,,,,,,,,,,,,,,,,,,,,TabICLv2: encoder input
SG4,real,,,,0.9473684210526315,,,,,0.9190420279901845,0.19490063595984847,,0.007053617085207558,,,,,,,,,,,,,,,,,,,,,,TabICLv2: hidden
SP1,real,,,,1.0,,,,,0.9937241007585641,0.03745567937785039,,0.0011328636426363248,,,,,,,,,,,,,,,,,,,,,,TabICLv2: model input
SP1,real,,,,1.0,,,,,0.9953140538880053,0.029771879187070218,,0.000582059291451394,,,,,,,,,,,,,,,,,,,,,,TabICLv2: encoder input
SP1,real,,,,1.0,,,,,0.9987454144737281,0.009289155243920783,,0.00017898391628092499,,,,,,,,,,,,,,,,,,,,,,TabICLv2: hidden
SP2,real,,,,1.0,,,,,0.977531291273587,0.08647976312635153,,0.0010316569387074312,,,,,,,,,,,,,,,,,,,,,,TabICLv2: model input
SP2,real,,,,1.0,,,,,0.9866545130931891,0.0642557073141511,,0.0008988762743247011,,,,,,,,,,,,,,,,,,,,,,TabICLv2: encoder input
SP2,real,,,,1.0,,,,,0.9940794581972255,0.031472160392993914,,0.0008571138683530522,,,,,,,,,,,,,,,,,,,,,,TabICLv2: hidden
SP3,real,,,,0.6666666666666666,,,,,0.8152025090911001,0.37020367059019077,,0.02335535594246217,,,,,,,,,,,,,,,,,,,,,,TabICLv2: model input
SP3,real,,,,0.8333333333333334,,,,,0.9515954306234607,0.18270488132578913,,0.003143117935688783,,,,,,,,,,,,,,,,,,,,,,TabICLv2: encoder input
SP3,real,,,,0.6666666666666666,,,,,0.8179385503071154,0.3728946081529483,,0.008343288365811817,,,,,,,,,,,,,,,,,,,,,,TabICLv2: hidden
T1,real,,,,1.0,,,,,0.8866031307239653,0.28503768802852697,,0.013153876279734982,,,,,,,,,,,,,,,,,,,,,,TabICLv2: model input
T1,real,,,,0.8461538461538461,,,,,0.925125845456427,0.20904946545119255,,0.004582446043164135,,,,,,,,,,,,,,,,,,,,,,TabICLv2: encoder input
T1,real,,,,0.8461538461538461,,,,,0.9521565734210835,0.14206613604342613,,0.00452458827890601,,,,,,,,,,,,,,,,,,,,,,TabICLv2: hidden
T13,real,,,,1.0,,,,,0.9792397223579937,0.09493210394307464,,0.0019506654835214235,,,,,,,,,,,,,,,,,,,,,,TabICLv2: model input
T13,real,,,,1.0,,,,,0.9215294719311203,0.28283474456075813,,0.008639000524535268,,,,,,,,,,,,,,,,,,,,,,TabICLv2: encoder input
T13,real,,,,1.0,,,,,0.9800305790056746,0.09089437968878077,,0.005870900870617724,,,,,,,,,,,,,,,,,,,,,,TabICLv2: hidden
T14,real,,,,1.0,,,,,0.9906849818604889,0.0424000635017916,,0.0003642796449767989,,,,,,,,,,,,,,,,,,,,,,TabICLv2: model input
T14,real,,,,1.0,,,,,0.9662763346858662,0.11266025586740115,,0.0030179613708161777,,,,,,,,,,,,,,,,,,,,,,TabICLv2: encoder input
T14,real,,,,1.0,,,,,0.9896452251061626,0.046287497437864575,,0.0013016814504523346,,,,,,,,,,,,,,,,,,,,,,TabICLv2: hidden
T15,real,,,,0.6923076923076923,,,,,0.9017674084143829,0.2844072736697998,,0.005915384311218163,,,,,,,,,,,,,,,,,,,,,,TabICLv2: model input
T15,real,,,,0.6923076923076923,,,,,0.904639186109371,0.2610540926546492,,0.006926026311300517,,,,,,,,,,,,,,,,,,,,,,TabICLv2: encoder input
T15,real,,,,0.6923076923076923,,,,,0.9365971499400604,0.19493231123625693,,0.006704177551561457,,,,,,,,,,,,,,,,,,,,,,TabICLv2: hidden
T16,real,,,,0.8461538461538461,,,,,0.8318583660845091,0.4062610866091739,,0.0066635393173086,,,,,,,,,,,,,,,,,,,,,,TabICLv2: model input
T16,real,,,,0.9230769230769231,,,,,0.8440515539708215,0.3844317141319191,,0.005130363372255619,,,,,,,,,,,,,,,,,,,,,,TabICLv2: encoder input
T16,real,,,,0.8461538461538461,,,,,0.8852739657621421,0.2670507744339417,,0.004973200302747346,,,,,,,,,,,,,,,,,,,,,,TabICLv2: hidden
T17,real,,,,0.8888888888888888,,,,,0.8645411095641087,0.28887117527280404,,0.004534273833485835,,,,,,,,,,,,,,,,,,,,,,TabICLv2: model input
T17,real,,,,1.0,,,,,0.8927698429692393,0.3029792915732623,,0.004786972967369711,,,,,,,,,,,,,,,,,,,,,,TabICLv2: encoder input
T17,real,,,,0.6666666666666666,,,,,0.8847208058816369,0.25109165852186666,,0.007374582027602266,,,,,,,,,,,,,,,,,,,,,,TabICLv2: hidden
T18,real,,,,0.625,,,,,0.818187817328081,0.4070700700850377,,0.01088406277063775,,,,,,,,,,,,,,,,,,,,,,TabICLv2: model input
T18,real,,,,0.75,,,,,0.7925040385009743,0.4512920273893002,,0.01125586098384705,,,,,,,,,,,,,,,,,,,,,,TabICLv2: encoder input
T18,real,,,,1.0,,,,,0.9650280457575048,0.1509774911808072,,0.004620077070546612,,,,,,,,,,,,,,,,,,,,,,TabICLv2: hidden
T19,real,,,,1.0,,,,,0.8777087342740209,0.3957630658147563,,0.008038872425489016,,,,,,,,,,,,,,,,,,,,,,TabICLv2: model input
T19,real,,,,0.9230769230769231,,,,,0.8331400184064066,0.4369415928685084,,0.00700817007820163,,,,,,,,,,,,,,,,,,,,,,TabICLv2: encoder input
T19,real,,,,1.0,,,,,0.9448852338755256,0.19041322446230208,,0.004574155976468324,,,,,,,,,,,,,,,,,,,,,,TabICLv2: hidden
T2,real,,,,0.8333333333333334,,,,,0.8790567436744995,0.2962452050871836,,0.006883640450456751,,,,,,,,,,,,,,,,,,,,,,TabICLv2: model input
T2,real,,,,0.8333333333333334,,,,,0.8931116165681354,0.2796896397686104,,0.006232969611981112,,,,,,,,,,,,,,,,,,,,,,TabICLv2: encoder input
T2,real,,,,0.8333333333333334,,,,,0.9554692654934601,0.14686430210041268,,0.003277488356447271,,,,,,,,,,,,,,,,,,,,,,TabICLv2: hidden
T20,real,,,,1.0,,,,,0.8340977151619321,0.557389999630622,,0.013315733581384265,,,,,,,,,,,,,,,,,,,,,,TabICLv2: model input
T20,real,,,,1.0,,,,,0.9552357538873443,0.20895125581290983,,0.00406810423994545,,,,,,,,,,,,,,,,,,,,,,TabICLv2: encoder input
T20,real,,,,1.0,,,,,0.9636727394294576,0.1693851150950422,,0.003148194768623283,,,,,,,,,,,,,,,,,,,,,,TabICLv2: hidden
T23,real,,,,0.7894736842105263,,,,,0.8683498603953588,0.3302857263538405,,0.01804814809932834,,,,,,,,,,,,,,,,,,,,,,TabICLv2: model input
T23,real,,,,1.0,,,,,0.8162708714977649,0.43259819330995414,,0.01975232371228977,,,,,,,,,,,,,,,,,,,,,,TabICLv2: encoder input
T23,real,,,,0.8947368421052632,,,,,0.9286668505971816,0.18171680698869677,,0.0030627017926866387,,,,,,,,,,,,,,,,,,,,,,TabICLv2: hidden
T24,real,,,,1.0,,,,,0.9465495420968694,0.14274300028243278,,0.0032421216953859603,,,,,,,,,,,,,,,,,,,,,,TabICLv2: model input
T24,real,,,,1.0,,,,,0.9682219665515098,0.09584385395403744,,0.004376131505679384,,,,,,,,,,,,,,,,,,,,,,TabICLv2: encoder input
T24,real,,,,1.0,,,,,0.9732814169227303,0.07489391035759127,,0.002503376814597569,,,,,,,,,,,,,,,,,,,,,,TabICLv2: hidden
T25,real,,,,1.0,,,,,0.9310735742579155,0.17177979398734283,,0.017850248436401133,,,,,,,,,,,,,,,,,,,,,,TabICLv2: model input
T25,real,,,,1.0,,,,,0.9318738024126182,0.16115726740263409,,0.0064491118226488175,,,,,,,,,,,,,,,,,,,,,,TabICLv2: encoder input
T25,real,,,,0.8888888888888888,,,,,0.9562801360240678,0.10429964694215019,,0.003894308789049202,,,,,,,,,,,,,,,,,,,,,,TabICLv2: hidden
T26,real,,,,1.0,,,,,0.9128974992925595,0.25118763937844457,,0.006363276872798789,,,,,,,,,,,,,,,,,,,,,,TabICLv2: model input
T26,real,,,,1.0,,,,,0.8984466547767904,0.2741462167873534,,0.01396853002077249,,,,,,,,,,,,,,,,,,,,,,TabICLv2: encoder input
T26,real,,,,1.0,,,,,0.9448482257496603,0.1665777750564595,,0.004288213636378992,,,,,,,,,,,,,,,,,,,,,,TabICLv2: hidden
T27,real,,,,0.5,,,,,0.7324634989398553,0.5175890781902406,,0.014411696735450273,,,,,,,,,,,,,,,,,,,,,,TabICLv2: model input
T27,real,,,,0.7777777777777778,,,,,0.7921885790035579,0.44648267516144613,,0.015876806128397355,,,,,,,,,,,,,,,,,,,,,,TabICLv2: encoder input
T27,real,,,,0.7777777777777778,,,,,0.9074337017794297,0.22970806827036505,,0.010615801618087431,,,,,,,,,,,,,,,,,,,,,,TabICLv2: hidden
T28,real,,,,1.0,,,,,0.8855799770723033,0.2763633416367111,,0.012708240306832909,,,,,,,,,,,,,,,,,,,,,,TabICLv2: model input
T28,real,,,,1.0,,,,,0.8484426205850695,0.38269871330749883,,0.006947724245585966,,,,,,,,,,,,,,,,,,,,,,TabICLv2: encoder input
T28,real,,,,0.8888888888888888,,,,,0.95433496837914,0.134873519954913,,0.0022452455353948234,,,,,,,,,,,,,,,,,,,,,,TabICLv2: hidden
T3,real,,,,0.9230769230769231,,,,,0.9669882507048368,0.14276589423276057,,0.0022809102950343612,,,,,,,,,,,,,,,,,,,,,,TabICLv2: model input
T3,real,,,,0.9230769230769231,,,,,0.9547358211804382,0.17967538117948598,,0.004071650259126715,,,,,,,,,,,,,,,,,,,,,,TabICLv2: encoder input
T3,real,,,,0.9230769230769231,,,,,0.9402801046562292,0.19452005750287116,,0.006515529712959824,,,,,,,,,,,,,,,,,,,,,,TabICLv2: hidden
T4,real,,,,0.9230769230769231,,,,,0.9262558486486672,0.24338459560668507,,0.006645254418661107,,,,,,,,,,,,,,,,,,,,,,TabICLv2: model input
T4,real,,,,0.9230769230769231,,,,,0.8832507166091509,0.2873953004536285,,0.0069330084165909155,,,,,,,,,,,,,,,,,,,,,,TabICLv2: encoder input
T4,real,,,,1.0,,,,,0.9693744950802254,0.11116643755367286,,0.003152012542540219,,,,,,,,,,,,,,,,,,,,,,TabICLv2: hidden
T5,real,,,,0.9230769230769231,,,,,0.8988712923789219,0.31581637568370685,,0.010483956960195677,,,,,,,,,,,,,,,,,,,,,,TabICLv2: model input
T5,real,,,,0.7692307692307693,,,,,0.8002477103466146,0.4960139930928364,,0.006923650828139939,,,,,,,,,,,,,,,,,,,,,,TabICLv2: encoder input
T5,real,,,,0.7692307692307693,,,,,0.8052559209238603,0.4429174621680876,,0.009478435207057014,,,,,,,,,,,,,,,,,,,,,,TabICLv2: hidden
U1,real,,,,1.0,,,,,0.9782925440046586,0.06370578913382306,,0.0030436423057121,,,,,,,,,,,,,,,,,,,,,,TabICLv2: model input
U1,real,,,,0.9473684210526315,,,,,0.9434447503607002,0.17105619873142497,,0.009199774279881123,,,,,,,,,,,,,,,,,,,,,,TabICLv2: encoder input
U1,real,,,,0.9473684210526315,,,,,0.9719007332026584,0.0864654104911222,,0.0019263365636942485,,,,,,,,,,,,,,,,,,,,,,TabICLv2: hidden
U2,real,,,,0.631578947368421,,,,,0.7257205369753927,0.5909544347488583,,0.1448335649830673,,,,,,,,,,,,,,,,,,,,,,TabICLv2: model input
U2,real,,,,0.5263157894736842,,,,,0.8275597262032893,0.4569440852868842,,0.022660036126621205,,,,,,,,,,,,,,,,,,,,,,TabICLv2: encoder input
U2,real,,,,0.8421052631578947,,,,,0.848626621770215,0.357895267818301,,0.01304039094427017,,,,,,,,,,,,,,,,,,,,,,TabICLv2: hidden
U3,real,,,,0.47368421052631576,,,,,0.8455740960564657,0.3848757810549819,,0.017054030316883767,,,,,,,,,,,,,,,,,,,,,,TabICLv2: model input
U3,real,,,,0.3684210526315789,,,,,0.8449287383237267,0.3112240829543851,,0.005575866958271974,,,,,,,,,,,,,,,,,,,,,,TabICLv2: encoder input
U3,real,,,,0.42105263157894735,,,,,0.8339192469482304,0.3935090137187485,,0.009147178105783022,,,,,,,,,,,,,,,,,,,,,,TabICLv2: hidden
U4,real,,,,0.0625,,,,,0.6657924793532911,0.6220669872460346,,0.05994999654257005,,,,,,,,,,,,,,,,,,,,,,TabICLv2: model input
U4,real,,,,0.0625,,,,,0.7605282274802068,0.5356573983637222,,0.009900088419656575,,,,,,,,,,,,,,,,,,,,,,TabICLv2: encoder input
U4,real,,,,0.0625,,,,,0.8460151728240227,0.31263947370119766,,0.020473337010896025,,,,,,,,,,,,,,,,,,,,,,TabICLv2: hidden
U5,real,,,,0.125,,,,,0.8675179731723499,0.42612699948280136,,0.021604585071715043,,,,,,,,,,,,,,,,,,,,,,TabICLv2: model input
U5,real,,,,0.625,,,,,0.7959397325236119,0.4571965202616699,,0.0035507527432734,,,,,,,,,,,,,,,,,,,,,,TabICLv2: encoder input
U5,real,,,,1.0,,,,,0.9618227426731776,0.1302592042881009,,0.004860207307638125,,,,,,,,,,,,,,,,,,,,,,TabICLv2: hidden
U6,real,,,,0.375,,,,,0.6539678786387906,0.7542336522153823,,0.031575834449635985,,,,,,,,,,,,,,,,,,,,,,TabICLv2: model input
U6,real,,,,0.4375,,,,,0.7572153672578306,0.5955813196659203,,0.014338609670163994,,,,,,,,,,,,,,,,,,,,,,TabICLv2: encoder input
U6,real,,,,1.0,,,,,0.9245935124965254,0.24581546666983511,,0.006183483482821597,,,,,,,,,,,,,,,,,,,,,,TabICLv2: hidden
V1,real,,,,0.8888888888888888,,,,,0.8876333752448423,0.297801875522256,,0.025413560788579564,,,,,,,,,,,,,,,,,,,,,,TabICLv2: model input
V1,real,,,,0.7777777777777778,,,,,0.8293540848562319,0.41844071319310483,,0.009242887606622088,,,,,,,,,,,,,,,,,,,,,,TabICLv2: encoder input
V1,real,,,,0.7777777777777778,,,,,0.8497258043599194,0.37181292071248895,,0.006246290016981267,,,,,,,,,,,,,,,,,,,,,,TabICLv2: hidden
V2,real,,,,1.0,,,,,0.9567843591049504,0.17463831613277178,,0.0018005988272548222,,,,,,,,,,,,,,,,,,,,,,TabICLv2: model input
V2,real,,,,1.0,,,,,0.8964228676489427,0.2776650910196763,,0.005283163133076267,,,,,,,,,,,,,,,,,,,,,,TabICLv2: encoder input
V2,real,,,,1.0,,,,,0.8898087571440373,0.2490432983608808,,0.005629916394299857,,,,,,,,,,,,,,,,,,,,,,TabICLv2: hidden
V3,real,,,,1.0,,,,,0.9278509721808537,0.23960228252352828,,0.007071438498332553,,,,,,,,,,,,,,,,,,,,,,TabICLv2: model input
V3,real,,,,1.0,,,,,0.9413756408478603,0.22152339263529366,,0.003171315610785523,,,,,,,,,,,,,,,,,,,,,,TabICLv2: encoder input
V3,real,,,,0.9230769230769231,,,,,0.9303531822015253,0.19869666017557178,,0.008165371130370653,,,,,,,,,,,,,,,,,,,,,,TabICLv2: hidden
A1,embedding_only,,,,0.7692307692307693,,,,,0.7520257728027762,0.6526567968998731,,0.021175696494670073,,,,,,,,,,,,,,,,,,,,,,TabICLv2: model input
A1,embedding_only,,,,0.8076923076923077,,,,,0.8516881697133486,0.3681312420652762,,0.009468475727042744,,,,,,,,,,,,,,,,,,,,,,TabICLv2: encoder input
A1,embedding_only,,,,0.8076923076923077,,,,,0.9093829299796454,0.22127514073569937,,0.005856089488056774,,,,,,,,,,,,,,,,,,,,,,TabICLv2: hidden
A10,embedding_only,,,,0.6842105263157895,,,,,0.6798863015420574,0.8176966824596211,,0.02928396000895792,,,,,,,,,,,,,,,,,,,,,,TabICLv2: model input
A10,embedding_only,,,,0.6842105263157895,,,,,0.6874799938939032,0.7284136284560786,,0.02408224634719598,,,,,,,,,,,,,,,,,,,,,,TabICLv2: encoder input
A10,embedding_only,,,,0.6842105263157895,,,,,0.7428932303780836,0.5768262471697612,,0.018262460486765233,,,,,,,,,,,,,,,,,,,,,,TabICLv2: hidden
A11,embedding_only,,,,0.8823529411764706,,,,,0.7095796805903791,0.7767682774302083,,0.02190283010189266,,,,,,,,,,,,,,,,,,,,,,TabICLv2: model input
A11,embedding_only,,,,0.8235294117647058,,,,,0.8379492072644056,0.4668399792818714,,0.014916096866185787,,,,,,,,,,,,,,,,,,,,,,TabICLv2: encoder input
A11,embedding_only,,,,0.7647058823529411,,,,,0.88927145488055,0.27849612561173126,,0.01196133128143344,,,,,,,,,,,,,,,,,,,,,,TabICLv2: hidden
A2,embedding_only,,,,0.75,,,,,0.7199498024438928,0.6714836552033099,,0.019556438897408567,,,,,,,,,,,,,,,,,,,,,,TabICLv2: model input
A2,embedding_only,,,,0.8125,,,,,0.8120639292117241,0.43782438214728875,,0.006793403302526599,,,,,,,,,,,,,,,,,,,,,,TabICLv2: encoder input
A2,embedding_only,,,,0.875,,,,,0.9051340882477857,0.2496225359608401,,0.004956286903469145,,,,,,,,,,,,,,,,,,,,,,TabICLv2: hidden
A3,embedding_only,,,,0.7857142857142857,,,,,0.6605233114705611,0.8641895700699314,,0.027358764584475552,,,,,,,,,,,,,,,,,,,,,,TabICLv2: model input
A3,embedding_only,,,,0.7857142857142857,,,,,0.7372187832940721,0.6722497514472799,,0.016738732381472436,,,,,,,,,,,,,,,,,,,,,,TabICLv2: encoder input
A3,embedding_only,,,,0.8571428571428571,,,,,0.7168516245955111,0.6328237470767749,,0.014066372937813609,,,,,,,,,,,,,,,,,,,,,,TabICLv2: hidden
A4,embedding_only,,,,0.8095238095238095,,,,,0.7931828430290835,0.5830702328625643,,0.011666758493607108,,,,,,,,,,,,,,,,,,,,,,TabICLv2: model input
A4,embedding_only,,,,0.8571428571428571,,,,,0.8408047862660246,0.4475119103282073,,0.006464277004868986,,,,,,,,,,,,,,,,,,,,,,TabICLv2: encoder input
A4,embedding_only,,,,0.9047619047619048,,,,,0.8856852761774099,0.3516661935334869,,0.006881760038500334,,,,,,,,,,,,,,,,,,,,,,TabICLv2: hidden
A5,embedding_only,,,,0.5625,,,,,0.8413303630099677,0.4847810319281668,,0.011644195668971744,,,,,,,,,,,,,,,,,,,,,,TabICLv2: model input
A5,embedding_only,,,,0.5625,,,,,0.85685273728571,0.39322260713158547,,0.010626236553548662,,,,,,,,,,,,,,,,,,,,,,TabICLv2: encoder input
A5,embedding_only,,,,0.5,,,,,0.8904802539938093,0.28486686535280303,,0.010864096216943413,,,,,,,,,,,,,,,,,,,,,,TabICLv2: hidden
A6,embedding_only,,,,0.75,,,,,0.6801108639101654,0.8029272307058406,,0.01490103766003023,,,,,,,,,,,,,,,,,,,,,,TabICLv2: model input
A6,embedding_only,,,,0.8125,,,,,0.8109572687510525,0.5031133078473208,,0.013803151376508381,,,,,,,,,,,,,,,,,,,,,,TabICLv2: encoder input
A6,embedding_only,,,,0.8125,,,,,0.8222438372001014,0.37578460269774483,,0.010622641317165645,,,,,,,,,,,,,,,,,,,,,,TabICLv2: hidden
A7,embedding_only,,,,0.6470588235294118,,,,,0.7138797793187531,0.7504873875805094,,0.02290543627977701,,,,,,,,,,,,,,,,,,,,,,TabICLv2: model input
A7,embedding_only,,,,0.7058823529411765,,,,,0.7216543212826605,0.6622355322369188,,0.015082180715135214,,,,,,,,,,,,,,,,,,,,,,TabICLv2: encoder input
A7,embedding_only,,,,0.5882352941176471,,,,,0.7517811152062351,0.5644141162527007,,0.012308667048248394,,,,,,,,,,,,,,,,,,,,,,TabICLv2: hidden
A8,embedding_only,,,,0.46153846153846156,,,,,0.6319249853408441,0.8947377711758654,,0.02150625975136663,,,,,,,,,,,,,,,,,,,,,,TabICLv2: model input
A8,embedding_only,,,,0.6153846153846154,,,,,0.6734215710205924,0.7723524295354497,,0.019953402881139146,,,,,,,,,,,,,,,,,,,,,,TabICLv2: encoder input
A8,embedding_only,,,,0.7692307692307693,,,,,0.7582587220933248,0.5501441912016303,,0.019119897893037942,,,,,,,,,,,,,,,,,,,,,,TabICLv2: hidden
A9,embedding_only,,,,0.631578947368421,,,,,0.7347083133960548,0.6843923444028823,,0.026506522298884994,,,,,,,,,,,,,,,,,,,,,,TabICLv2: model input
A9,embedding_only,,,,0.7894736842105263,,,,,0.8015177950911268,0.5469268476097816,,0.016564914409935336,,,,,,,,,,,,,,,,,,,,,,TabICLv2: encoder input
A9,embedding_only,,,,0.631578947368421,,,,,0.8947521371406839,0.28746660876469615,,0.005942369521876806,,,,,,,,,,,,,,,,,,,,,,TabICLv2: hidden
C1,embedding_only,,,,0.45454545454545453,,,,,0.5623468240410349,1.0232224283893154,,0.022339781260949508,,,,,,,,,,,,,,,,,,,,,,TabICLv2: model input
C1,embedding_only,,,,0.3409090909090909,,,,,0.6751435675964813,0.8038918956084594,,0.014506574795895975,,,,,,,,,,,,,,,,,,,,,,TabICLv2: encoder input
C1,embedding_only,,,,0.11363636363636363,,,,,0.7943565855008821,0.5912137254343407,,0.00888127404290801,,,,,,,,,,,,,,,,,,,,,,TabICLv2: hidden
C1P,embedding_only,,,,0.6136363636363636,,,,,0.6138855827515534,0.9419582179662729,,0.03089607483991029,,,,,,,,,,,,,,,,,,,,,,TabICLv2: model input
C1P,embedding_only,,,,0.7272727272727273,,,,,0.7804744714462689,0.5877153046035487,,0.018313033109015005,,,,,,,,,,,,,,,,,,,,,,TabICLv2: encoder input
C1P,embedding_only,,,,0.75,,,,,0.8693276067129041,0.37917136125048506,,0.01068161452025029,,,,,,,,,,,,,,,,,,,,,,TabICLv2: hidden
C2,embedding_only,,,,0.45454545454545453,,,,,0.5985883094176901,0.9930367713530266,,0.02252474461923791,,,,,,,,,,,,,,,,,,,,,,TabICLv2: model input
C2,embedding_only,,,,0.6590909090909091,,,,,0.6934340382488334,0.7759975223426347,,0.022468812708501,,,,,,,,,,,,,,,,,,,,,,TabICLv2: encoder input
C2,embedding_only,,,,0.45454545454545453,,,,,0.7307183546698313,0.6218596427196783,,0.014817514009385396,,,,,,,,,,,,,,,,,,,,,,TabICLv2: hidden
C2P,embedding_only,,,,0.5454545454545454,,,,,0.6185999226805416,0.9013861656872649,,0.03694625588214139,,,,,,,,,,,,,,,,,,,,,,TabICLv2: model input
C2P,embedding_only,,,,0.7727272727272727,,,,,0.6519556548135065,0.8309086587947384,,0.020645297906348167,,,,,,,,,,,,,,,,,,,,,,TabICLv2: encoder input
C2P,embedding_only,,,,0.7272727272727273,,,,,0.79006638359968,0.5410385222679295,,0.011834323446207566,,,,,,,,,,,,,,,,,,,,,,TabICLv2: hidden
C3,embedding_only,,,,0.6363636363636364,,,,,0.7400212373716168,0.6717905101063174,,0.017650660331836866,,,,,,,,,,,,,,,,,,,,,,TabICLv2: model input
C3,embedding_only,,,,0.6818181818181818,,,,,0.8086159012421377,0.4908203932080518,,0.01769727965684752,,,,,,,,,,,,,,,,,,,,,,TabICLv2: encoder input
C3,embedding_only,,,,0.6590909090909091,,,,,0.8393191599459765,0.3717406551253648,,0.020408004482304207,,,,,,,,,,,,,,,,,,,,,,TabICLv2: hidden
C3P,embedding_only,,,,0.7954545454545454,,,,,0.6781354115102208,0.8023823858483584,,0.01439763545308046,,,,,,,,,,,,,,,,,,,,,,TabICLv2: model input
C3P,embedding_only,,,,0.75,,,,,0.86904680073939,0.3605063220126539,,0.01066761712073189,,,,,,,,,,,,,,,,,,,,,,TabICLv2: encoder input
C3P,embedding_only,,,,0.7954545454545454,,,,,0.903166781410418,0.2563696291842623,,0.004316985276797552,,,,,,,,,,,,,,,,,,,,,,TabICLv2: hidden
C4,embedding_only,,,,0.8181818181818182,,,,,0.8142670931713987,0.5363328651031668,,0.01786651561067097,,,,,,,,,,,,,,,,,,,,,,TabICLv2: model input
C4,embedding_only,,,,0.8181818181818182,,,,,0.8839840520532302,0.34647302650487244,,0.007875980673277626,,,,,,,,,,,,,,,,,,,,,,TabICLv2: encoder input
C4,embedding_only,,,,0.8181818181818182,,,,,0.9149607915982841,0.22891094081472546,,0.007426902022606197,,,,,,,,,,,,,,,,,,,,,,TabICLv2: hidden
C4P,embedding_only,,,,0.75,,,,,0.8010655016039873,0.5377062687595692,,0.010797223037256547,,,,,,,,,,,,,,,,,,,,,,TabICLv2: model input
C4P,embedding_only,,,,0.8863636363636364,,,,,0.866715159345921,0.3302931857284911,,0.006388978769302083,,,,,,,,,,,,,,,,,,,,,,TabICLv2: encoder input
C4P,embedding_only,,,,0.8636363636363636,,,,,0.9157989273727577,0.21530675380078057,,0.006999612589671308,,,,,,,,,,,,,,,,,,,,,,TabICLv2: hidden
C5,embedding_only,,,,0.8181818181818182,,,,,0.7298412420145849,0.6871097862824608,,0.02710140517306259,,,,,,,,,,,,,,,,,,,,,,TabICLv2: model input
C5,embedding_only,,,,0.8409090909090909,,,,,0.8671796353030885,0.3941364100571651,,0.008694039974002525,,,,,,,,,,,,,,,,,,,,,,TabICLv2: encoder input
C5,embedding_only,,,,0.9318181818181818,,,,,0.9112447901867338,0.23503100374449437,,0.006179745010408958,,,,,,,,,,,,,,,,,,,,,,TabICLv2: hidden
C5P,embedding_only,,,,0.8181818181818182,,,,,0.7699883106798179,0.6688614448014938,,0.013011829220747072,,,,,,,,,,,,,,,,,,,,,,TabICLv2: model input
C5P,embedding_only,,,,0.8863636363636364,,,,,0.8670461920637009,0.40939618296654384,,0.005325024653446228,,,,,,,,,,,,,,,,,,,,,,TabICLv2: encoder input
C5P,embedding_only,,,,0.9090909090909091,,,,,0.9074186059350705,0.26100706047769884,,0.006202418627352339,,,,,,,,,,,,,,,,,,,,,,TabICLv2: hidden
C6,embedding_only,,,,0.8863636363636364,,,,,0.7614280647470847,0.6758743645708674,,0.016226457929129804,,,,,,,,,,,,,,,,,,,,,,TabICLv2: model input
C6,embedding_only,,,,0.9545454545454546,,,,,0.8852247417184831,0.3193370157998006,,0.009031521082782283,,,,,,,,,,,,,,,,,,,,,,TabICLv2: encoder input
C6,embedding_only,,,,0.8636363636363636,,,,,0.9055333917438382,0.20385039148174752,,0.00691888605787894,,,,,,,,,,,,,,,,,,,,,,TabICLv2: hidden
C7,embedding_only,,,,0.6590909090909091,,,,,0.6524576029332265,0.8684188486782027,,0.02283303145391048,,,,,,,,,,,,,,,,,,,,,,TabICLv2: model input
C7,embedding_only,,,,0.6363636363636364,,,,,0.8155322595767681,0.491616161695919,,0.019389563829962018,,,,,,,,,,,,,,,,,,,,,,TabICLv2: encoder input
C7,embedding_only,,,,0.75,,,,,0.8645618786751915,0.3150737605226986,,0.009408981521351573,,,,,,,,,,,,,,,,,,,,,,TabICLv2: hidden
FI10,embedding_only,,,,0.125,,,,,0.6648341764949558,0.797059291429211,,0.023664165156439605,,,,,,,,,,,,,,,,,,,,,,TabICLv2: model input
FI10,embedding_only,,,,0.1875,,,,,0.7153634803224141,0.7029565381547742,,0.02823608033950937,,,,,,,,,,,,,,,,,,,,,,TabICLv2: encoder input
FI10,embedding_only,,,,0.1875,,,,,0.8016944852013554,0.47753973581222425,,0.014852108342651923,,,,,,,,,,,,,,,,,,,,,,TabICLv2: hidden
FI2,embedding_only,,,,0.6666666666666666,,,,,0.7840783618891688,0.612640505270845,,0.008550683857597401,,,,,,,,,,,,,,,,,,,,,,TabICLv2: model input
FI2,embedding_only,,,,0.7333333333333333,,,,,0.7265228382265946,0.6356833180986732,,0.012230832954222674,,,,,,,,,,,,,,,,,,,,,,TabICLv2: encoder input
FI2,embedding_only,,,,0.7333333333333333,,,,,0.7407789046217012,0.5869087821768668,,0.014634641244971108,,,,,,,,,,,,,,,,,,,,,,TabICLv2: hidden
FI5,embedding_only,,,,0.3125,,,,,0.6907396033966451,0.7571638469161494,,0.02287631929071302,,,,,,,,,,,,,,,,,,,,,,TabICLv2: model input
FI5,embedding_only,,,,0.5625,,,,,0.6529269352291992,0.7406246842053288,,0.019724148267707357,,,,,,,,,,,,,,,,,,,,,,TabICLv2: encoder input
FI5,embedding_only,,,,0.25,,,,,0.6985272549826109,0.6997052998027252,,0.018863411558656534,,,,,,,,,,,,,,,,,,,,,,TabICLv2: hidden
FI8,embedding_only,,,,0.25,,,,,0.6730662896122517,0.7885795710322043,,0.022450242193350456,,,,,,,,,,,,,,,,,,,,,,TabICLv2: model input
FI8,embedding_only,,,,0.25,,,,,0.6741077805272169,0.7168758063879096,,0.017829600839194083,,,,,,,,,,,,,,,,,,,,,,TabICLv2: encoder input
FI8,embedding_only,,,,0.4375,,,,,0.7554549305751098,0.5652219323064108,,0.008831128215639581,,,,,,,,,,,,,,,,,,,,,,TabICLv2: hidden
FP1,embedding_only,,,,0.375,,,,,0.7016682556375249,0.7097566664003698,,0.02432387309059642,,,,,,,,,,,,,,,,,,,,,,TabICLv2: model input
FP1,embedding_only,,,,0.6875,,,,,0.8278401818386462,0.4433661098423899,,0.006745714232015938,,,,,,,,,,,,,,,,,,,,,,TabICLv2: encoder input
FP1,embedding_only,,,,0.75,,,,,0.9212100737257908,0.22661238030858327,,0.003873802626312501,,,,,,,,,,,,,,,,,,,,,,TabICLv2: hidden
FP11,embedding_only,,,,0.25,,,,,0.6140473372670315,0.8775276571536212,,0.022254808355270293,,,,,,,,,,,,,,,,,,,,,,TabICLv2: model input
FP11,embedding_only,,,,0.5,,,,,0.6172781291374838,0.8357621833818412,,0.02149932972466543,,,,,,,,,,,,,,,,,,,,,,TabICLv2: encoder input
FP11,embedding_only,,,,0.5625,,,,,0.7165565181108122,0.6622259247889584,,0.018973261491552325,,,,,,,,,,,,,,,,,,,,,,TabICLv2: hidden
FP3,embedding_only,,,,0.5,,,,,0.6898614591620877,0.7592896230659794,,0.016704478319518733,,,,,,,,,,,,,,,,,,,,,,TabICLv2: model input
FP3,embedding_only,,,,0.5625,,,,,0.7295541405803312,0.6574101713350229,,0.016352969570839843,,,,,,,,,,,,,,,,,,,,,,TabICLv2: encoder input
FP3,embedding_only,,,,0.25,,,,,0.6706929836861792,0.6972086204938901,,0.027809601871730483,,,,,,,,,,,,,,,,,,,,,,TabICLv2: hidden
FP4,embedding_only,,,,0.6,,,,,0.7134213971158648,0.7147918934955148,,0.017329985356429732,,,,,,,,,,,,,,,,,,,,,,TabICLv2: model input
FP4,embedding_only,,,,0.8666666666666667,,,,,0.7534532176304325,0.5854064239102083,,0.008860367636036827,,,,,,,,,,,,,,,,,,,,,,TabICLv2: encoder input
FP4,embedding_only,,,,0.8666666666666667,,,,,0.8390986380689963,0.4173793954412433,,0.009193698699429013,,,,,,,,,,,,,,,,,,,,,,TabICLv2: hidden
FP6,embedding_only,,,,0.0625,,,,,0.7377426730888228,0.7070638310509378,,0.01861541015842929,,,,,,,,,,,,,,,,,,,,,,TabICLv2: model input
FP6,embedding_only,,,,0.125,,,,,0.6634945606064283,0.7306790628656271,,0.014094862223118624,,,,,,,,,,,,,,,,,,,,,,TabICLv2: encoder input
FP6,embedding_only,,,,0.0625,,,,,0.6988367385235394,0.6850114929614934,,0.015626497393005437,,,,,,,,,,,,,,,,,,,,,,TabICLv2: hidden
FP7,embedding_only,,,,0.3333333333333333,,,,,0.6762477854279847,0.7638636055884158,,0.024686536816747442,,,,,,,,,,,,,,,,,,,,,,TabICLv2: model input
FP7,embedding_only,,,,0.2222222222222222,,,,,0.6936174511675204,0.6953655432694172,,0.0132967029283521,,,,,,,,,,,,,,,,,,,,,,TabICLv2: encoder input
FP7,embedding_only,,,,0.3333333333333333,,,,,0.7227828464128507,0.5922975981157836,,0.018211858179193227,,,,,,,,,,,,,,,,,,,,,,TabICLv2: hidden
FP9,embedding_only,,,,0.4666666666666667,,,,,0.6887357027325909,0.7302113788979201,,0.020695033948904974,,,,,,,,,,,,,,,,,,,,,,TabICLv2: model input
FP9,embedding_only,,,,0.3333333333333333,,,,,0.6417163759452088,0.7333221845657312,,0.018434640647010943,,,,,,,,,,,,,,,,,,,,,,TabICLv2: encoder input
FP9,embedding_only,,,,0.26666666666666666,,,,,0.8581122738405971,0.3884392976374246,,0.008502948693632101,,,,,,,,,,,,,,,,,,,,,,TabICLv2: hidden
L1,embedding_only,,,,0.6875,,,,,0.7683523837969031,0.6305300572731785,,0.008887269130567038,,,,,,,,,,,,,,,,,,,,,,TabICLv2: model input
L1,embedding_only,,,,0.625,,,,,0.7929907445756881,0.4707991834611804,,0.013457361072864138,,,,,,,,,,,,,,,,,,,,,,TabICLv2: encoder input
L1,embedding_only,,,,0.75,,,,,0.8747097782679887,0.322335648066087,,0.011304560809790018,,,,,,,,,,,,,,,,,,,,,,TabICLv2: hidden
L2,embedding_only,,,,0.875,,,,,0.7470969709180056,0.6389447111088348,,0.013838479334085024,,,,,,,,,,,,,,,,,,,,,,TabICLv2: model input
L2,embedding_only,,,,0.6875,,,,,0.7918512260306152,0.4780340298135377,,0.009911075464664038,,,,,,,,,,,,,,,,,,,,,,TabICLv2: encoder input
L2,embedding_only,,,,0.75,,,,,0.8449694348995955,0.3452790141776464,,0.01591139466225219,,,,,,,,,,,,,,,,,,,,,,TabICLv2: hidden
N1,embedding_only,,,,0.7142857142857143,,,,,0.7855153285797895,0.5840455347389355,,0.01088169958103732,,,,,,,,,,,,,,,,,,,,,,TabICLv2: model input
N1,embedding_only,,,,0.6428571428571429,,,,,0.7662932091302791,0.5916742661033697,,0.014184503951462545,,,,,,,,,,,,,,,,,,,,,,TabICLv2: encoder input
N1,embedding_only,,,,0.7857142857142857,,,,,0.7648239095849482,0.5631145601514982,,0.015684064312620646,,,,,,,,,,,,,,,,,,,,,,TabICLv2: hidden
N2,embedding_only,,,,0.36363636363636365,,,,,0.8016298388617802,0.5889906648181343,,0.022144400365817093,,,,,,,,,,,,,,,,,,,,,,TabICLv2: model input
N2,embedding_only,,,,0.2727272727272727,,,,,0.7749909226420111,0.6169774015764028,,0.01383538700991732,,,,,,,,,,,,,,,,,,,,,,TabICLv2: encoder input
N2,embedding_only,,,,0.18181818181818182,,,,,0.7644244678411289,0.6072140771298112,,0.014415472706502964,,,,,,,,,,,,,,,,,,,,,,TabICLv2: hidden
N3,embedding_only,,,,0.7142857142857143,,,,,0.8255277774863208,0.5642701379928536,,0.007026949008973528,,,,,,,,,,,,,,,,,,,,,,TabICLv2: model input
N3,embedding_only,,,,0.7142857142857143,,,,,0.8741797803058037,0.3593201730635481,,0.0058053088941830994,,,,,,,,,,,,,,,,,,,,,,TabICLv2: encoder input
N3,embedding_only,,,,0.5714285714285714,,,,,0.8861345260846563,0.24771151440762562,,0.003705658853037815,,,,,,,,,,,,,,,,,,,,,,TabICLv2: hidden
P1,embedding_only,,,,0.7368421052631579,,,,,0.7721946573773157,0.6038183727667498,,0.017073572613164344,,,,,,,,,,,,,,,,,,,,,,TabICLv2: model input
P1,embedding_only,,,,0.7894736842105263,,,,,0.85013114968827,0.3764633389992736,,0.005435309859028579,,,,,,,,,,,,,,,,,,,,,,TabICLv2: encoder input
P1,embedding_only,,,,0.8421052631578947,,,,,0.9289974424083093,0.18270893183812015,,0.004488428891830108,,,,,,,,,,,,,,,,,,,,,,TabICLv2: hidden
P2,embedding_only,,,,0.55,,,,,0.6834797634401982,0.7983408748573126,,0.03350406763299616,,,,,,,,,,,,,,,,,,,,,,TabICLv2: model input
P2,embedding_only,,,,0.85,,,,,0.7782544138940077,0.5561127344535823,,0.013585262704559346,,,,,,,,,,,,,,,,,,,,,,TabICLv2: encoder input
P2,embedding_only,,,,0.85,,,,,0.8502364818938414,0.4114277862124299,,0.01050263084618403,,,,,,,,,,,,,,,,,,,,,,TabICLv2: hidden
P3,embedding_only,,,,0.4,,,,,0.6751249391415232,0.8144696808860704,,0.026294304538405144,,,,,,,,,,,,,,,,,,,,,,TabICLv2: model input
P3,embedding_only,,,,0.4666666666666667,,,,,0.6520098615154418,0.7709511062288766,,0.014359155481636885,,,,,,,,,,,,,,,,,,,,,,TabICLv2: encoder input
P3,embedding_only,,,,0.3333333333333333,,,,,0.8322113514104035,0.4541117467831641,,0.01914438978752939,,,,,,,,,,,,,,,,,,,,,,TabICLv2: hidden
P4,embedding_only,,,,0.65,,,,,0.6890676976759922,0.7708882106564328,,0.014779839302245204,,,,,,,,,,,,,,,,,,,,,,TabICLv2: model input
P4,embedding_only,,,,0.8,,,,,0.7726039926891912,0.5822776897845318,,0.015305643725662506,,,,,,,,,,,,,,,,,,,,,,TabICLv2: encoder input
P4,embedding_only,,,,0.8,,,,,0.7828092458245786,0.5436881010147241,,0.015025053649110193,,,,,,,,,,,,,,,,,,,,,,TabICLv2: hidden
S1,embedding_only,,,,0.46153846153846156,,,,,0.6930315857703098,0.7341511242134271,,0.017855916612640153,,,,,,,,,,,,,,,,,,,,,,TabICLv2: model input
S1,embedding_only,,,,0.6153846153846154,,,,,0.6886861760236193,0.7339113120274848,,0.009691217661462016,,,,,,,,,,,,,,,,,,,,,,TabICLv2: encoder input
S1,embedding_only,,,,0.6153846153846154,,,,,0.7894646386524122,0.5107525539408911,,0.0125823953105364,,,,,,,,,,,,,,,,,,,,,,TabICLv2: hidden
S10,embedding_only,,,,0.3181818181818182,,,,,0.6168139439159972,0.9334899017507637,,0.029278082212485138,,,,,,,,,,,,,,,,,,,,,,TabICLv2: model input
S10,embedding_only,,,,0.2727272727272727,,,,,0.6372670572650878,0.8641879466561965,,0.013424093618386774,,,,,,,,,,,,,,,,,,,,,,TabICLv2: encoder input
S10,embedding_only,,,,0.45454545454545453,,,,,0.7630476510762136,0.5521965778461424,,0.010403679165554862,,,,,,,,,,,,,,,,,,,,,,TabICLv2: hidden
S11,embedding_only,,,,0.7,,,,,0.6252743229280286,0.8957005792510652,,0.03857667794361754,,,,,,,,,,,,,,,,,,,,,,TabICLv2: model input
S11,embedding_only,,,,0.7,,,,,0.6909522187327557,0.7372988530406327,,0.01870365115075994,,,,,,,,,,,,,,,,,,,,,,TabICLv2: encoder input
S11,embedding_only,,,,0.55,,,,,0.7928569155278924,0.5580686216645788,,0.010668718285166951,,,,,,,,,,,,,,,,,,,,,,TabICLv2: hidden
S12,embedding_only,,,,0.56,,,,,0.5888583840855522,1.0264161104684808,,0.031208516175967614,,,,,,,,,,,,,,,,,,,,,,TabICLv2: model input
S12,embedding_only,,,,0.84,,,,,0.7661795531211808,0.6015327527171118,,0.020735827307220896,,,,,,,,,,,,,,,,,,,,,,TabICLv2: encoder input
S12,embedding_only,,,,0.84,,,,,0.8480057830906297,0.41637297676008617,,0.006743556619102905,,,,,,,,,,,,,,,,,,,,,,TabICLv2: hidden
S13,embedding_only,,,,0.18181818181818182,,,,,0.5684229030815424,1.088587783598603,,0.018730541897728516,,,,,,,,,,,,,,,,,,,,,,TabICLv2: model input
S13,embedding_only,,,,0.3181818181818182,,,,,0.7658543207426184,0.7140376593999063,,0.01430996093408451,,,,,,,,,,,,,,,,,,,,,,TabICLv2: encoder input
S13,embedding_only,,,,0.3181818181818182,,,,,0.8791351317697896,0.3929744202889547,,0.00753964768667592,,,,,,,,,,,,,,,,,,,,,,TabICLv2: hidden
S14,embedding_only,,,,0.5263157894736842,,,,,0.8130940804172789,0.49230397269338005,,0.010737718017033876,,,,,,,,,,,,,,,,,,,,,,TabICLv2: model input
S14,embedding_only,,,,0.47368421052631576,,,,,0.8041877372361417,0.43481889034297194,,0.007813023775196099,,,,,,,,,,,,,,,,,,,,,,TabICLv2: encoder input
S14,embedding_only,,,,0.631578947368421,,,,,0.8867893374711191,0.2982854049047096,,0.012652349671333251,,,,,,,,,,,,,,,,,,,,,,TabICLv2: hidden
S2,embedding_only,,,,0.46153846153846156,,,,,0.6515555147200759,0.8233235924949631,,0.02078280771398589,,,,,,,,,,,,,,,,,,,,,,TabICLv2: model input
S2,embedding_only,,,,0.6923076923076923,,,,,0.6741424286182593,0.763168312183727,,0.013962044310228792,,,,,,,,,,,,,,,,,,,,,,TabICLv2: encoder input
S2,embedding_only,,,,0.6153846153846154,,,,,0.7284724224220918,0.6186288722638817,,0.015250582726662475,,,,,,,,,,,,,,,,,,,,,,TabICLv2: hidden
S3,embedding_only,,,,0.3076923076923077,,,,,0.7203369238167329,0.7370808669614105,,0.015802756735748155,,,,,,,,,,,,,,,,,,,,,,TabICLv2: model input
S3,embedding_only,,,,0.46153846153846156,,,,,0.6280064913885602,0.7649946321651601,,0.01716868703437416,,,,,,,,,,,,,,,,,,,,,,TabICLv2: encoder input
S3,embedding_only,,,,0.7692307692307693,,,,,0.750342519047642,0.5908842768464937,,0.014686157634867008,,,,,,,,,,,,,,,,,,,,,,TabICLv2: hidden
S4,embedding_only,,,,0.5714285714285714,,,,,0.7309803916502021,0.7032473000244731,,0.019134773205363,,,,,,,,,,,,,,,,,,,,,,TabICLv2: model input
S4,embedding_only,,,,0.5238095238095238,,,,,0.8271201552500893,0.48170231403255237,,0.012446744612966135,,,,,,,,,,,,,,,,,,,,,,TabICLv2: encoder input
S4,embedding_only,,,,0.5714285714285714,,,,,0.9162282795772815,0.23326869035142894,,0.005248964788059337,,,,,,,,,,,,,,,,,,,,,,TabICLv2: hidden
S5,embedding_only,,,,0.5,,,,,0.6717668907658154,0.8332719974935212,,0.015454357519763269,,,,,,,,,,,,,,,,,,,,,,TabICLv2: model input
S5,embedding_only,,,,0.625,,,,,0.7239321110947363,0.7224582555413941,,0.019505261684474036,,,,,,,,,,,,,,,,,,,,,,TabICLv2: encoder input
S5,embedding_only,,,,0.6875,,,,,0.7582208630267255,0.5737886475236786,,0.023493510764748197,,,,,,,,,,,,,,,,,,,,,,TabICLv2: hidden
S6,embedding_only,,,,0.5384615384615384,,,,,0.720516740690308,0.6994039453734117,,0.014366551663712932,,,,,,,,,,,,,,,,,,,,,,TabICLv2: model input
S6,embedding_only,,,,0.6923076923076923,,,,,0.7492761700479524,0.623445943260889,,0.008970123822014415,,,,,,,,,,,,,,,,,,,,,,TabICLv2: encoder input
S6,embedding_only,,,,0.6153846153846154,,,,,0.7756875522491018,0.4904272485558401,,0.012091589561189064,,,,,,,,,,,,,,,,,,,,,,TabICLv2: hidden
S7,embedding_only,,,,0.3888888888888889,,,,,0.6224717462111906,0.8503958149231088,,0.04495127180358435,,,,,,,,,,,,,,,,,,,,,,TabICLv2: model input
S7,embedding_only,,,,0.3888888888888889,,,,,0.6070356473029671,0.850020652866702,,0.028712789269999577,,,,,,,,,,,,,,,,,,,,,,TabICLv2: encoder input
S7,embedding_only,,,,0.2777777777777778,,,,,0.7564494877722449,0.5852916317038654,,0.01083099684882606,,,,,,,,,,,,,,,,,,,,,,TabICLv2: hidden
S8,embedding_only,,,,0.5263157894736842,,,,,0.6583754778382012,0.8508448123724285,,0.0273571391048553,,,,,,,,,,,,,,,,,,,,,,TabICLv2: model input
S8,embedding_only,,,,0.8421052631578947,,,,,0.8112846632445531,0.5590654362508876,,0.010868962840737273,,,,,,,,,,,,,,,,,,,,,,TabICLv2: encoder input
S8,embedding_only,,,,0.8421052631578947,,,,,0.9325001918205624,0.25800075480852175,,0.014288715834474821,,,,,,,,,,,,,,,,,,,,,,TabICLv2: hidden
S9,embedding_only,,,,0.38461538461538464,,,,,0.5857723790811447,1.0007853908642041,,0.018345357574104555,,,,,,,,,,,,,,,,,,,,,,TabICLv2: model input
S9,embedding_only,,,,0.5769230769230769,,,,,0.73324505259202,0.6672786856327962,,0.014600540866480192,,,,,,,,,,,,,,,,,,,,,,TabICLv2: encoder input
S9,embedding_only,,,,0.6538461538461539,,,,,0.8461760884637116,0.38802924016845924,,0.00712451728113938,,,,,,,,,,,,,,,,,,,,,,TabICLv2: hidden
SC1,embedding_only,,,,0.47368421052631576,,,,,0.6654557671726394,0.7761319395105425,,0.01544531057877626,,,,,,,,,,,,,,,,,,,,,,TabICLv2: model input
SC1,embedding_only,,,,0.5789473684210527,,,,,0.8367176250528069,0.4487792198637629,,0.008868288266532692,,,,,,,,,,,,,,,,,,,,,,TabICLv2: encoder input
SC1,embedding_only,,,,0.5789473684210527,,,,,0.9030725949796613,0.2616037578244102,,0.00475448006761833,,,,,,,,,,,,,,,,,,,,,,TabICLv2: hidden
SC2,embedding_only,,,,0.7096774193548387,,,,,0.6463000776416866,0.8619544074288205,,0.023448108559948735,,,,,,,,,,,,,,,,,,,,,,TabICLv2: model input
SC2,embedding_only,,,,0.7741935483870968,,,,,0.7440252087557736,0.5871994237480928,,0.01453256694749302,,,,,,,,,,,,,,,,,,,,,,TabICLv2: encoder input
SC2,embedding_only,,,,0.8709677419354839,,,,,0.8447702297161973,0.39056333576337987,,0.008108896929612098,,,,,,,,,,,,,,,,,,,,,,TabICLv2: hidden
SC3,embedding_only,,,,0.8,,,,,0.8455583001702165,0.474384195265902,,0.010732446897455328,,,,,,,,,,,,,,,,,,,,,,TabICLv2: model input
SC3,embedding_only,,,,0.76,,,,,0.8175051263196166,0.5124859554783108,,0.011724244749410235,,,,,,,,,,,,,,,,,,,,,,TabICLv2: encoder input
SC3,embedding_only,,,,0.72,,,,,0.7331526074368608,0.6532649262022923,,0.012647059529389803,,,,,,,,,,,,,,,,,,,,,,TabICLv2: hidden
SG1,embedding_only,,,,0.8947368421052632,,,,,0.7638299163845756,0.5993315840391398,,0.022360298165733147,,,,,,,,,,,,,,,,,,,,,,TabICLv2: model input
SG1,embedding_only,,,,1.0,,,,,0.825473703296016,0.4558339520734456,,0.010991955215220724,,,,,,,,,,,,,,,,,,,,,,TabICLv2: encoder input
SG1,embedding_only,,,,0.8947368421052632,,,,,0.8467150658829763,0.4385173352119964,,0.0113105992296546,,,,,,,,,,,,,,,,,,,,,,TabICLv2: hidden
SG2,embedding_only,,,,0.7894736842105263,,,,,0.838475177814493,0.4627015877382862,,0.011896195667717414,,,,,,,,,,,,,,,,,,,,,,TabICLv2: model input
SG2,embedding_only,,,,0.7894736842105263,,,,,0.8779062303962651,0.32600744801614734,,0.009129807048335385,,,,,,,,,,,,,,,,,,,,,,TabICLv2: encoder input
SG2,embedding_only,,,,0.7894736842105263,,,,,0.9089129686310354,0.23619092504616346,,0.006374467188897832,,,,,,,,,,,,,,,,,,,,,,TabICLv2: hidden
SG3,embedding_only,,,,0.7368421052631579,,,,,0.7733901907677215,0.5597390137438035,,0.015317477270367585,,,,,,,,,,,,,,,,,,,,,,TabICLv2: model input
SG3,embedding_only,,,,0.7894736842105263,,,,,0.8399468477956611,0.38199968389852906,,0.007053397709854574,,,,,,,,,,,,,,,,,,,,,,TabICLv2: encoder input
SG3,embedding_only,,,,0.7894736842105263,,,,,0.8991493440739995,0.2538699383665307,,0.00912926682388756,,,,,,,,,,,,,,,,,,,,,,TabICLv2: hidden
SG4,embedding_only,,,,0.8947368421052632,,,,,0.8020572065383945,0.531405682644212,,0.008998966190162846,,,,,,,,,,,,,,,,,,,,,,TabICLv2: model input
SG4,embedding_only,,,,0.7368421052631579,,,,,0.7987841364350685,0.5160130103379865,,0.013674458775799096,,,,,,,,,,,,,,,,,,,,,,TabICLv2: encoder input
SG4,embedding_only,,,,0.6842105263157895,,,,,0.8072500742669915,0.5101836595211572,,0.01573780096382546,,,,,,,,,,,,,,,,,,,,,,TabICLv2: hidden
SP1,embedding_only,,,,0.8333333333333334,,,,,0.7816105239809277,0.6410143404019357,,0.0074189866753441,,,,,,,,,,,,,,,,,,,,,,TabICLv2: model input
SP1,embedding_only,,,,0.8333333333333334,,,,,0.8523566562048893,0.36621458602804274,,0.004140731457953767,,,,,,,,,,,,,,,,,,,,,,TabICLv2: encoder input
SP1,embedding_only,,,,0.8333333333333334,,,,,0.8808932968857968,0.28270029614340825,,0.02033423404537075,,,,,,,,,,,,,,,,,,,,,,TabICLv2: hidden
SP2,embedding_only,,,,0.8333333333333334,,,,,0.9221730079549664,0.27070525289246367,,0.0041450586172745675,,,,,,,,,,,,,,,,,,,,,,TabICLv2: model input
SP2,embedding_only,,,,0.6666666666666666,,,,,0.9256575892283868,0.1807257943963765,,0.00690728733487585,,,,,,,,,,,,,,,,,,,,,,TabICLv2: encoder input
SP2,embedding_only,,,,0.6666666666666666,,,,,0.9311619441035891,0.12550048984265597,,0.005269454984710532,,,,,,,,,,,,,,,,,,,,,,TabICLv2: hidden
SP3,embedding_only,,,,0.8333333333333334,,,,,0.7682760801246564,0.5943978377327244,,0.01665385714113298,,,,,,,,,,,,,,,,,,,,,,TabICLv2: model input
SP3,embedding_only,,,,0.8333333333333334,,,,,0.8545831561620486,0.3723421083032831,,0.006277415027362866,,,,,,,,,,,,,,,,,,,,,,TabICLv2: encoder input
SP3,embedding_only,,,,1.0,,,,,0.9018256751754402,0.22653075078343335,,0.006288681464081583,,,,,,,,,,,,,,,,,,,,,,TabICLv2: hidden
T1,embedding_only,,,,0.3076923076923077,,,,,0.7216523028868865,0.7088370151941376,,0.019826743205249724,,,,,,,,,,,,,,,,,,,,,,TabICLv2: model input
T1,embedding_only,,,,0.6153846153846154,,,,,0.7469239101930649,0.661892326766149,,0.023609373766382894,,,,,,,,,,,,,,,,,,,,,,TabICLv2: encoder input
T1,embedding_only,,,,0.6153846153846154,,,,,0.7505704757314086,0.5770033140632486,,0.012804797815830422,,,,,,,,,,,,,,,,,,,,,,TabICLv2: hidden
T13,embedding_only,,,,0.38461538461538464,,,,,0.7636995488700958,0.6222157437813208,,0.010839367889450854,,,,,,,,,,,,,,,,,,,,,,TabICLv2: model input
T13,embedding_only,,,,0.38461538461538464,,,,,0.7463811650306901,0.6131982271801907,,0.012870313380309816,,,,,,,,,,,,,,,,,,,,,,TabICLv2: encoder input
T13,embedding_only,,,,0.5384615384615384,,,,,0.7378843500483789,0.5776336164947679,,0.025575463062554277,,,,,,,,,,,,,,,,,,,,,,TabICLv2: hidden
T14,embedding_only,,,,0.5384615384615384,,,,,0.7194466799526145,0.7077653725128434,,0.043956773166230895,,,,,,,,,,,,,,,,,,,,,,TabICLv2: model input
T14,embedding_only,,,,0.5384615384615384,,,,,0.8050208919317334,0.5427488750313354,,0.009488434434288815,,,,,,,,,,,,,,,,,,,,,,TabICLv2: encoder input
T14,embedding_only,,,,0.6153846153846154,,,,,0.8008749385015294,0.4885936479040846,,0.012836262120699576,,,,,,,,,,,,,,,,,,,,,,TabICLv2: hidden
T15,embedding_only,,,,0.7692307692307693,,,,,0.6564872831369155,0.8337166148734823,,0.011958680329745648,,,,,,,,,,,,,,,,,,,,,,TabICLv2: model input
T15,embedding_only,,,,0.6153846153846154,,,,,0.7241593151582711,0.6637179544407764,,0.015797190961904913,,,,,,,,,,,,,,,,,,,,,,TabICLv2: encoder input
T15,embedding_only,,,,0.8461538461538461,,,,,0.7281649550192715,0.5510992432772523,,0.018282055469430125,,,,,,,,,,,,,,,,,,,,,,TabICLv2: hidden
T16,embedding_only,,,,0.7692307692307693,,,,,0.6883565859830518,0.7350321944519563,,0.013262917686934125,,,,,,,,,,,,,,,,,,,,,,TabICLv2: model input
T16,embedding_only,,,,0.6923076923076923,,,,,0.8387912763281379,0.46822937035457063,,0.006849618950096109,,,,,,,,,,,,,,,,,,,,,,TabICLv2: encoder input
T16,embedding_only,,,,0.6153846153846154,,,,,0.879026368440544,0.32056004798253873,,0.011599902713061884,,,,,,,,,,,,,,,,,,,,,,TabICLv2: hidden
T17,embedding_only,,,,0.8888888888888888,,,,,0.6403068967281944,0.7674202388407747,,0.0243772155269226,,,,,,,,,,,,,,,,,,,,,,TabICLv2: model input
T17,embedding_only,,,,0.6666666666666666,,,,,0.6784800020355158,0.6852976774785908,,0.014931132624959166,,,,,,,,,,,,,,,,,,,,,,TabICLv2: encoder input
T17,embedding_only,,,,0.7777777777777778,,,,,0.828091824466227,0.37343088369811356,,0.009225155159831766,,,,,,,,,,,,,,,,,,,,,,TabICLv2: hidden
T18,embedding_only,,,,0.375,,,,,0.6929443739597301,0.6840305810883874,,0.015286143783656189,,,,,,,,,,,,,,,,,,,,,,TabICLv2: model input
T18,embedding_only,,,,0.375,,,,,0.6410212644046758,0.7776746393160996,,0.016789029580102362,,,,,,,,,,,,,,,,,,,,,,TabICLv2: encoder input
T18,embedding_only,,,,1.0,,,,,0.7946783637475971,0.5450607508689824,,0.008296071498930763,,,,,,,,,,,,,,,,,,,,,,TabICLv2: hidden
T19,embedding_only,,,,0.6153846153846154,,,,,0.674772110018048,0.7870222099318049,,0.027329969335093164,,,,,,,,,,,,,,,,,,,,,,TabICLv2: model input
T19,embedding_only,,,,0.5384615384615384,,,,,0.7415703309611715,0.6047645984087616,,0.0157333533063653,,,,,,,,,,,,,,,,,,,,,,TabICLv2: encoder input
T19,embedding_only,,,,0.6153846153846154,,,,,0.8647000878979074,0.3280971335625246,,0.007161535585286547,,,,,,,,,,,,,,,,,,,,,,TabICLv2: hidden
T2,embedding_only,,,,0.5,,,,,0.7874502836388283,0.6592663047752303,,0.008151258203361017,,,,,,,,,,,,,,,,,,,,,,TabICLv2: model input
T2,embedding_only,,,,0.5,,,,,0.8369537455861112,0.5637676831839102,,0.009672663523773115,,,,,,,,,,,,,,,,,,,,,,TabICLv2: encoder input
T2,embedding_only,,,,0.5,,,,,0.7660256426578217,0.6183228298373747,,0.027094122815223682,,,,,,,,,,,,,,,,,,,,,,TabICLv2: hidden
T20,embedding_only,,,,0.8333333333333334,,,,,0.7927033160754836,0.5679409466176834,,0.006193341061254551,,,,,,,,,,,,,,,,,,,,,,TabICLv2: model input
T20,embedding_only,,,,0.8333333333333334,,,,,0.8923764365736475,0.3252656523105419,,0.0077847540472936174,,,,,,,,,,,,,,,,,,,,,,TabICLv2: encoder input
T20,embedding_only,,,,0.6666666666666666,,,,,0.8981947267590314,0.24189492700200707,,0.008383917812437648,,,,,,,,,,,,,,,,,,,,,,TabICLv2: hidden
T23,embedding_only,,,,0.3157894736842105,,,,,0.6356054413167529,0.8949737293894194,,0.03507205964249845,,,,,,,,,,,,,,,,,,,,,,TabICLv2: model input
T23,embedding_only,,,,0.47368421052631576,,,,,0.6613548314252921,0.7176846905909477,,0.02340096289307775,,,,,,,,,,,,,,,,,,,,,,TabICLv2: encoder input
T23,embedding_only,,,,0.6842105263157895,,,,,0.8621115625293837,0.36754285368812256,,0.010017131625917847,,,,,,,,,,,,,,,,,,,,,,TabICLv2: hidden
T24,embedding_only,,,,0.2727272727272727,,,,,0.7029997926644354,0.7631058826865252,,0.019338082002075693,,,,,,,,,,,,,,,,,,,,,,TabICLv2: model input
T24,embedding_only,,,,0.45454545454545453,,,,,0.7925418505472354,0.5989843600109102,,0.013838164864902485,,,,,,,,,,,,,,,,,,,,,,TabICLv2: encoder input
T24,embedding_only,,,,0.45454545454545453,,,,,0.8640507701886723,0.36639481469202084,,0.007500904724350591,,,,,,,,,,,,,,,,,,,,,,TabICLv2: hidden
T25,embedding_only,,,,0.4444444444444444,,,,,0.711446103916788,0.7134356310871195,,0.01711868766841049,,,,,,,,,,,,,,,,,,,,,,TabICLv2: model input
T25,embedding_only,,,,0.4444444444444444,,,,,0.7236632948997297,0.592719275405061,,0.015294036364646312,,,,,,,,,,,,,,,,,,,,,,TabICLv2: encoder input
T25,embedding_only,,,,0.5555555555555556,,,,,0.801399413606084,0.45469555472480483,,0.012067108298673059,,,,,,,,,,,,,,,,,,,,,,TabICLv2: hidden
T26,embedding_only,,,,0.2222222222222222,,,,,0.6118612923808013,0.7703814534754494,,0.014825473368040668,,,,,,,,,,,,,,,,,,,,,,TabICLv2: model input
T26,embedding_only,,,,0.6666666666666666,,,,,0.6131677911524475,0.7333986834903344,,0.011897479701793,,,,,,,,,,,,,,,,,,,,,,TabICLv2: encoder input
T26,embedding_only,,,,0.3333333333333333,,,,,0.6941349391692704,0.6054195464695692,,0.014510909486540288,,,,,,,,,,,,,,,,,,,,,,TabICLv2: hidden
T27,embedding_only,,,,0.7777777777777778,,,,,0.6698585493295859,0.7937507898628495,,0.020199604575332552,,,,,,,,,,,,,,,,,,,,,,TabICLv2: model input
T27,embedding_only,,,,0.7222222222222222,,,,,0.746945249820969,0.6730213903238974,,0.01651544194159366,,,,,,,,,,,,,,,,,,,,,,TabICLv2: encoder input
T27,embedding_only,,,,0.6666666666666666,,,,,0.7832554189357573,0.5179565027307345,,0.014949414277551282,,,,,,,,,,,,,,,,,,,,,,TabICLv2: hidden
T28,embedding_only,,,,0.7777777777777778,,,,,0.7198426978533755,0.7219066498373329,,0.015754014781770968,,,,,,,,,,,,,,,,,,,,,,TabICLv2: model input
T28,embedding_only,,,,0.6666666666666666,,,,,0.7614344274740333,0.6206221912223159,,0.015189812088468325,,,,,,,,,,,,,,,,,,,,,,TabICLv2: encoder input
T28,embedding_only,,,,0.7777777777777778,,,,,0.797810581867259,0.5004995531064267,,0.013354924264871932,,,,,,,,,,,,,,,,,,,,,,TabICLv2: hidden
T3,embedding_only,,,,0.46153846153846156,,,,,0.7951752630288761,0.5878304102579204,,0.022672055411029325,,,,,,,,,,,,,,,,,,,,,,TabICLv2: model input
T3,embedding_only,,,,0.5384615384615384,,,,,0.9069293628345778,0.31224444171772964,,0.004133438719296523,,,,,,,,,,,,,,,,,,,,,,TabICLv2: encoder input
T3,embedding_only,,,,0.6153846153846154,,,,,0.896771733029783,0.3097372562201318,,0.003971698956159123,,,,,,,,,,,,,,,,,,,,,,TabICLv2: hidden
T4,embedding_only,,,,0.23076923076923078,,,,,0.7436470168170768,0.7048678163659721,,0.022305990242228776,,,,,,,,,,,,,,,,,,,,,,TabICLv2: model input
T4,embedding_only,,,,0.6153846153846154,,,,,0.6640728250492253,0.7471971935260814,,0.018445757621341007,,,,,,,,,,,,,,,,,,,,,,TabICLv2: encoder input
T4,embedding_only,,,,0.5384615384615384,,,,,0.7465803474510414,0.6449065625051982,,0.012175552774153383,,,,,,,,,,,,,,,,,,,,,,TabICLv2: hidden
T5,embedding_only,,,,0.38461538461538464,,,,,0.6687786498922846,0.8517201115797389,,0.01921958320003135,,,,,,,,,,,,,,,,,,,,,,TabICLv2: model input
T5,embedding_only,,,,0.38461538461538464,,,,,0.6347506322326646,0.8339805168395242,,0.022283150341538185,,,,,,,,,,,,,,,,,,,,,,TabICLv2: encoder input
T5,embedding_only,,,,0.3076923076923077,,,,,0.6679625943587673,0.7560547465192394,,0.014047672136999681,,,,,,,,,,,,,,,,,,,,,,TabICLv2: hidden
U1,embedding_only,,,,0.42105263157894735,,,,,0.7591430547026129,0.5489769873347291,,0.016646952189429888,,,,,,,,,,,,,,,,,,,,,,TabICLv2: model input
U1,embedding_only,,,,0.2631578947368421,,,,,0.7715917317935286,0.45780396315092015,,0.008889387237695057,,,,,,,,,,,,,,,,,,,,,,TabICLv2: encoder input
U1,embedding_only,,,,0.42105263157894735,,,,,0.8489161918007696,0.34781245852478854,,0.0063719276978378364,,,,,,,,,,,,,,,,,,,,,,TabICLv2: hidden
U2,embedding_only,,,,0.10526315789473684,,,,,0.7305558585111537,0.6362724898301829,,0.015217991146526841,,,,,,,,,,,,,,,,,,,,,,TabICLv2: model input
U2,embedding_only,,,,0.15789473684210525,,,,,0.7875266746914454,0.49741657872573464,,0.013396557131100443,,,,,,,,,,,,,,,,,,,,,,TabICLv2: encoder input
U2,embedding_only,,,,0.15789473684210525,,,,,0.8206644001969856,0.43622956651220307,,0.01853771176618305,,,,,,,,,,,,,,,,,,,,,,TabICLv2: hidden
U3,embedding_only,,,,0.47368421052631576,,,,,0.757085293475951,0.6236184768337402,,0.011795416708336932,,,,,,,,,,,,,,,,,,,,,,TabICLv2: model input
U3,embedding_only,,,,0.47368421052631576,,,,,0.8192421499871493,0.4929106503974959,,0.013163643360106921,,,,,,,,,,,,,,,,,,,,,,TabICLv2: encoder input
U3,embedding_only,,,,0.42105263157894735,,,,,0.863273167850999,0.3481860331897721,,0.005595103090955852,,,,,,,,,,,,,,,,,,,,,,TabICLv2: hidden
U4,embedding_only,,,,0.0,,,,,0.804462634096812,0.5538082912177063,,0.011129702991971207,,,,,,,,,,,,,,,,,,,,,,TabICLv2: model input
U4,embedding_only,,,,0.0,,,,,0.8265158654463416,0.4133080964661593,,0.006627349640732706,,,,,,,,,,,,,,,,,,,,,,TabICLv2: encoder input
U4,embedding_only,,,,0.0,,,,,0.9035215158009956,0.2315319803158714,,0.005676026064977553,,,,,,,,,,,,,,,,,,,,,,TabICLv2: hidden
U5,embedding_only,,,,0.125,,,,,0.8302305573391822,0.48585845084922774,,0.009081883111729281,,,,,,,,,,,,,,,,,,,,,,TabICLv2: model input
U5,embedding_only,,,,0.125,,,,,0.8577092667124864,0.3621579502714261,,0.010615867356059462,,,,,,,,,,,,,,,,,,,,,,TabICLv2: encoder input
U5,embedding_only,,,,0.0625,,,,,0.8900246030994506,0.313077807477203,,0.008604072417302069,,,,,,,,,,,,,,,,,,,,,,TabICLv2: hidden
U6,embedding_only,,,,0.3125,,,,,0.7697588282885566,0.6315822288091067,,0.015429187965044,,,,,,,,,,,,,,,,,,,,,,TabICLv2: model input
U6,embedding_only,,,,0.25,,,,,0.8156295542368779,0.49659025983895577,,0.010459372403285705,,,,,,,,,,,,,,,,,,,,,,TabICLv2: encoder input
U6,embedding_only,,,,0.3125,,,,,0.7941442255035012,0.5156332579918441,,0.0163123574877765,,,,,,,,,,,,,,,,,,,,,,TabICLv2: hidden
V1,embedding_only,,,,0.4444444444444444,,,,,0.760986895523096,0.5851147059074192,,0.011551537793723456,,,,,,,,,,,,,,,,,,,,,,TabICLv2: model input
V1,embedding_only,,,,0.6666666666666666,,,,,0.8001232107709914,0.5100915871247226,,0.01725913965714677,,,,,,,,,,,,,,,,,,,,,,TabICLv2: encoder input
V1,embedding_only,,,,0.5555555555555556,,,,,0.852593276043216,0.3832830031920746,,0.0075516411589407785,,,,,,,,,,,,,,,,,,,,,,TabICLv2: hidden
V2,embedding_only,,,,0.7777777777777778,,,,,0.8203383651270522,0.5340214477369349,,0.01302332699767522,,,,,,,,,,,,,,,,,,,,,,TabICLv2: model input
V2,embedding_only,,,,0.8888888888888888,,,,,0.7748481911203737,0.5262861752027909,,0.012319639403097432,,,,,,,,,,,,,,,,,,,,,,TabICLv2: encoder input
V2,embedding_only,,,,1.0,,,,,0.7673420056699017,0.531656762167851,,0.0267997886982908,,,,,,,,,,,,,,,,,,,,,,TabICLv2: hidden
V3,embedding_only,,,,0.6923076923076923,,,,,0.6730755042867738,0.8424727781642087,,0.020803153633096746,,,,,,,,,,,,,,,,,,,,,,TabICLv2: model input
V3,embedding_only,,,,0.8461538461538461,,,,,0.8057515816638836,0.5742164439472048,,0.013870217633894677,,,,,,,,,,,,,,,,,,,,,,TabICLv2: encoder input
V3,embedding_only,,,,0.8461538461538461,,,,,0.8589187910777965,0.3903141280000669,,0.005641400449158277,,,,,,,,,,,,,,,,,,,,,,TabICLv2: hidden
A1,xyz_only,,,,0.9230769230769231,,,,,0.890374160806865,0.2955701823817973,,0.003585009259838781,,,,,,,,,,,,,,,,,,,,,,TabICLv2: model input
A1,xyz_only,,,,0.8076923076923077,,,,,0.8898597086626676,0.36121383871429075,,0.005324209557632139,,,,,,,,,,,,,,,,,,,,,,TabICLv2: encoder input
A1,xyz_only,,,,0.8076923076923077,,,,,0.9295542828207848,0.21556491502729835,,0.005241959580241354,,,,,,,,,,,,,,,,,,,,,,TabICLv2: hidden
A10,xyz_only,,,,0.7894736842105263,,,,,0.758604823978532,0.6506133058395355,,0.040171861080597907,,,,,,,,,,,,,,,,,,,,,,TabICLv2: model input
A10,xyz_only,,,,0.3157894736842105,,,,,0.7726892903613285,0.6233797224385498,,0.012444114653323433,,,,,,,,,,,,,,,,,,,,,,TabICLv2: encoder input
A10,xyz_only,,,,0.3684210526315789,,,,,0.8315781950637321,0.4571281471780411,,0.007960665304550854,,,,,,,,,,,,,,,,,,,,,,TabICLv2: hidden
A11,xyz_only,,,,0.7058823529411765,,,,,0.8255195435407049,0.49969382767296233,,0.007846879918613894,,,,,,,,,,,,,,,,,,,,,,TabICLv2: model input
A11,xyz_only,,,,0.5882352941176471,,,,,0.8152887637410019,0.5737706025560412,,0.01341453994271169,,,,,,,,,,,,,,,,,,,,,,TabICLv2: encoder input
A11,xyz_only,,,,0.5882352941176471,,,,,0.8571057822655008,0.3298643997181424,,0.007355915116408542,,,,,,,,,,,,,,,,,,,,,,TabICLv2: hidden
A2,xyz_only,,,,1.0,,,,,0.8639640219378277,0.3611785910756431,,0.006053737586949787,,,,,,,,,,,,,,,,,,,,,,TabICLv2: model input
A2,xyz_only,,,,0.75,,,,,0.7984087997120688,0.5833493288752423,,0.013027295347854694,,,,,,,,,,,,,,,,,,,,,,TabICLv2: encoder input
A2,xyz_only,,,,0.75,,,,,0.9148086653911914,0.24962968597468643,,0.004422736650534892,,,,,,,,,,,,,,,,,,,,,,TabICLv2: hidden
A3,xyz_only,,,,0.9285714285714286,,,,,0.7767306380458832,0.589534649062157,,0.019893735418931795,,,,,,,,,,,,,,,,,,,,,,TabICLv2: model input
A3,xyz_only,,,,0.7142857142857143,,,,,0.7206775430042052,0.6819027172801143,,0.008529692202738944,,,,,,,,,,,,,,,,,,,,,,TabICLv2: encoder input
A3,xyz_only,,,,0.7142857142857143,,,,,0.8486502822420171,0.38522468023995815,,0.01016528563516302,,,,,,,,,,,,,,,,,,,,,,TabICLv2: hidden
A4,xyz_only,,,,0.9047619047619048,,,,,0.8810524834347502,0.3487052370402661,,0.008577379444950775,,,,,,,,,,,,,,,,,,,,,,TabICLv2: model input
A4,xyz_only,,,,0.8095238095238095,,,,,0.8318905048514645,0.48572420578323455,,0.0043678526259978475,,,,,,,,,,,,,,,,,,,,,,TabICLv2: encoder input
A4,xyz_only,,,,0.8571428571428571,,,,,0.908848902631936,0.23174398741677513,,0.0054154837073407,,,,,,,,,,,,,,,,,,,,,,TabICLv2: hidden
A5,xyz_only,,,,0.6875,,,,,0.865297192555654,0.4026735323949162,,0.010015585701946212,,,,,,,,,,,,,,,,,,,,,,TabICLv2: model input
A5,xyz_only,,,,0.6875,,,,,0.7399547077808626,0.7027310199818089,,0.005897335281147187,,,,,,,,,,,,,,,,,,,,,,TabICLv2: encoder input
A5,xyz_only,,,,0.6875,,,,,0.8052921808289832,0.43187664435454426,,0.011523220837400719,,,,,,,,,,,,,,,,,,,,,,TabICLv2: hidden
A6,xyz_only,,,,0.875,,,,,0.7997469571017084,0.5094320112353743,,0.005475763740643669,,,,,,,,,,,,,,,,,,,,,,TabICLv2: model input
A6,xyz_only,,,,0.6875,,,,,0.7428362607825916,0.6821689012934286,,0.006174966961339587,,,,,,,,,,,,,,,,,,,,,,TabICLv2: encoder input
A6,xyz_only,,,,0.6875,,,,,0.8382591756749069,0.41369044907454705,,0.0060229120700491376,,,,,,,,,,,,,,,,,,,,,,TabICLv2: hidden
A7,xyz_only,,,,1.0,,,,,0.819817212518318,0.5016812001726257,,0.008290512742503494,,,,,,,,,,,,,,,,,,,,,,TabICLv2: model input
A7,xyz_only,,,,0.7647058823529411,,,,,0.7609631770725782,0.6127692281746604,,0.004897595394544089,,,,,,,,,,,,,,,,,,,,,,TabICLv2: encoder input
A7,xyz_only,,,,0.8235294117647058,,,,,0.84779899858266,0.3860192610060594,,0.008284267421027353,,,,,,,,,,,,,,,,,,,,,,TabICLv2: hidden
A8,xyz_only,,,,0.9230769230769231,,,,,0.6853744794754164,0.8447879498646907,,0.04541002352087547,,,,,,,,,,,,,,,,,,,,,,TabICLv2: model input
A8,xyz_only,,,,0.46153846153846156,,,,,0.4785742908223805,1.1523234007831638,,0.01835337163637269,,,,,,,,,,,,,,,,,,,,,,TabICLv2: encoder input
A8,xyz_only,,,,0.6923076923076923,,,,,0.6817266316537309,0.6911674355774451,,0.013374120313634448,,,,,,,,,,,,,,,,,,,,,,TabICLv2: hidden
A9,xyz_only,,,,0.8421052631578947,,,,,0.7553416518793822,0.725977709471695,,0.03416657099091838,,,,,,,,,,,,,,,,,,,,,,TabICLv2: model input
A9,xyz_only,,,,0.3157894736842105,,,,,0.595504162080862,0.9352827217470776,,0.01833656301580052,,,,,,,,,,,,,,,,,,,,,,TabICLv2: encoder input
A9,xyz_only,,,,0.7894736842105263,,,,,0.7890157677712026,0.6233577647121364,,0.008873489008415078,,,,,,,,,,,,,,,,,,,,,,TabICLv2: hidden
C1,xyz_only,,,,0.25,,,,,0.5403507145611696,1.0515084812504545,,0.03540165833594111,,,,,,,,,,,,,,,,,,,,,,TabICLv2: model input
C1,xyz_only,,,,0.09090909090909091,,,,,0.7466118377233282,0.7129299687923547,,0.008236691013354624,,,,,,,,,,,,,,,,,,,,,,TabICLv2: encoder input
C1,xyz_only,,,,0.045454545454545456,,,,,0.8505334256874894,0.46015348580300547,,0.0067480686122409215,,,,,,,,,,,,,,,,,,,,,,TabICLv2: hidden
C1P,xyz_only,,,,0.7272727272727273,,,,,0.6860618111806635,0.826584625950488,,0.031077410622897247,,,,,,,,,,,,,,,,,,,,,,TabICLv2: model input
C1P,xyz_only,,,,0.36363636363636365,,,,,0.7317208578559726,0.7183288780679387,,0.015625814011676415,,,,,,,,,,,,,,,,,,,,,,TabICLv2: encoder input
C1P,xyz_only,,,,0.45454545454545453,,,,,0.7429955990496072,0.6433984240065115,,0.01425615212876427,,,,,,,,,,,,,,,,,,,,,,TabICLv2: hidden
C2,xyz_only,,,,0.6818181818181818,,,,,0.5679650603487674,1.014456848699474,,0.022238263957678226,,,,,,,,,,,,,,,,,,,,,,TabICLv2: model input
C2,xyz_only,,,,0.7272727272727273,,,,,0.6340437819873036,0.95820314249525,,0.02107128864021993,,,,,,,,,,,,,,,,,,,,,,TabICLv2: encoder input
C2,xyz_only,,,,0.5681818181818182,,,,,0.684049332717631,0.7821650175288913,,0.020116149544430795,,,,,,,,,,,,,,,,,,,,,,TabICLv2: hidden
C2P,xyz_only,,,,0.7727272727272727,,,,,0.7098650872653013,0.6824195450878002,,0.023711083103792007,,,,,,,,,,,,,,,,,,,,,,TabICLv2: model input
C2P,xyz_only,,,,0.5227272727272727,,,,,0.6624950513780988,0.8578884340368904,,0.009761987964475053,,,,,,,,,,,,,,,,,,,,,,TabICLv2: encoder input
C2P,xyz_only,,,,0.4772727272727273,,,,,0.8380900634719161,0.46688146112497575,,0.006797689927789507,,,,,,,,,,,,,,,,,,,,,,TabICLv2: hidden
C3,xyz_only,,,,0.75,,,,,0.7780478298592702,0.550219217251044,,0.025638413839257655,,,,,,,,,,,,,,,,,,,,,,TabICLv2: model input
C3,xyz_only,,,,0.5909090909090909,,,,,0.7796403074439096,0.583170869646298,,0.013629739417284969,,,,,,,,,,,,,,,,,,,,,,TabICLv2: encoder input
C3,xyz_only,,,,0.5,,,,,0.931675948078448,0.16950395905907278,,0.004552857981746899,,,,,,,,,,,,,,,,,,,,,,TabICLv2: hidden
C3P,xyz_only,,,,0.6818181818181818,,,,,0.9107796699668164,0.24950480991300863,,0.005055804796851916,,,,,,,,,,,,,,,,,,,,,,TabICLv2: model input
C3P,xyz_only,,,,0.5681818181818182,,,,,0.8503101335643525,0.4235803898533996,,0.007393133377836792,,,,,,,,,,,,,,,,,,,,,,TabICLv2: encoder input
C3P,xyz_only,,,,0.5909090909090909,,,,,0.8817301260294911,0.266391215343077,,0.0034421927444010774,,,,,,,,,,,,,,,,,,,,,,TabICLv2: hidden
C4,xyz_only,,,,0.8181818181818182,,,,,0.9141998907579482,0.24216410657522128,,0.004116839619268712,,,,,,,,,,,,,,,,,,,,,,TabICLv2: model input
C4,xyz_only,,,,0.8409090909090909,,,,,0.8667883121342593,0.3870690846749257,,0.005092532042379591,,,,,,,,,,,,,,,,,,,,,,TabICLv2: encoder input
C4,xyz_only,,,,0.7045454545454546,,,,,0.9211270999203673,0.20038894992157583,,0.004195584233643804,,,,,,,,,,,,,,,,,,,,,,TabICLv2: hidden
C4P,xyz_only,,,,0.9318181818181818,,,,,0.8894590150215557,0.34635259420074244,,0.010983791673183268,,,,,,,,,,,,,,,,,,,,,,TabICLv2: model input
C4P,xyz_only,,,,0.8636363636363636,,,,,0.8729855844183738,0.3665667211559432,,0.005987730456230045,,,,,,,,,,,,,,,,,,,,,,TabICLv2: encoder input
C4P,xyz_only,,,,0.9318181818181818,,,,,0.8756227170151246,0.26323622215437587,,0.006423866246789916,,,,,,,,,,,,,,,,,,,,,,TabICLv2: hidden
C5,xyz_only,,,,0.9772727272727273,,,,,0.9562969936027014,0.1320680100899947,,0.0025170723027193916,,,,,,,,,,,,,,,,,,,,,,TabICLv2: model input
C5,xyz_only,,,,0.8863636363636364,,,,,0.9028977117474011,0.24200131202755976,,0.0024916087303256686,,,,,,,,,,,,,,,,,,,,,,TabICLv2: encoder input
C5,xyz_only,,,,0.8409090909090909,,,,,0.9506928528319054,0.12644103320946348,,0.003409617892984568,,,,,,,,,,,,,,,,,,,,,,TabICLv2: hidden
C5P,xyz_only,,,,0.7727272727272727,,,,,0.8774272808853713,0.3398788033646211,,0.007461793369823138,,,,,,,,,,,,,,,,,,,,,,TabICLv2: model input
C5P,xyz_only,,,,0.8863636363636364,,,,,0.8553781839139419,0.4725383873410109,,0.005553850183940764,,,,,,,,,,,,,,,,,,,,,,TabICLv2: encoder input
C5P,xyz_only,,,,0.9545454545454546,,,,,0.9146021277615278,0.24851490643214877,,0.004223452103840422,,,,,,,,,,,,,,,,,,,,,,TabICLv2: hidden
C6,xyz_only,,,,0.8409090909090909,,,,,0.910702944051533,0.24956861346178486,,0.007392091352631801,,,,,,,,,,,,,,,,,,,,,,TabICLv2: model input
C6,xyz_only,,,,0.7954545454545454,,,,,0.8697990154220041,0.3497883865075344,,0.009167234268117039,,,,,,,,,,,,,,,,,,,,,,TabICLv2: encoder input
C6,xyz_only,,,,0.8863636363636364,,,,,0.8996065143382946,0.2258455231096379,,0.009981290784699783,,,,,,,,,,,,,,,,,,,,,,TabICLv2: hidden
C7,xyz_only,,,,0.75,,,,,0.784948032452344,0.633751794350318,,0.011140376466080208,,,,,,,,,,,,,,,,,,,,,,TabICLv2: model input
C7,xyz_only,,,,0.3409090909090909,,,,,0.7857544352262625,0.5772483733205838,,0.015319777284708147,,,,,,,,,,,,,,,,,,,,,,TabICLv2: encoder input
C7,xyz_only,,,,0.3409090909090909,,,,,0.8785539584753976,0.3414992927351388,,0.006268701303587112,,,,,,,,,,,,,,,,,,,,,,TabICLv2: hidden
FI10,xyz_only,,,,0.4375,,,,,0.6415941048275948,0.8618805774801157,,0.021630193980700027,,,,,,,,,,,,,,,,,,,,,,TabICLv2: model input
FI10,xyz_only,,,,0.25,,,,,0.6301412521970362,0.875936553782559,,0.009977203751059887,,,,,,,,,,,,,,,,,,,,,,TabICLv2: encoder input
FI10,xyz_only,,,,0.5625,,,,,0.7589461984530754,0.5998158680918673,,0.013543521601136855,,,,,,,,,,,,,,,,,,,,,,TabICLv2: hidden
FI2,xyz_only,,,,0.8666666666666667,,,,,0.7697978431790327,0.7009422165400927,,0.010787602686910014,,,,,,,,,,,,,,,,,,,,,,TabICLv2: model input
FI2,xyz_only,,,,0.4666666666666667,,,,,0.4335248018457839,1.382626762706146,,0.024117882217207152,,,,,,,,,,,,,,,,,,,,,,TabICLv2: encoder input
FI2,xyz_only,,,,0.4666666666666667,,,,,0.5473766750306471,1.06897411553924,,0.016594028164530587,,,,,,,,,,,,,,,,,,,,,,TabICLv2: hidden
FI5,xyz_only,,,,0.25,,,,,0.616320188586034,1.041118781929503,,0.023669537641503337,,,,,,,,,,,,,,,,,,,,,,TabICLv2: model input
FI5,xyz_only,,,,0.875,,,,,0.3594848360712415,1.6080305637473786,,0.01844108928258261,,,,,,,,,,,,,,,,,,,,,,TabICLv2: encoder input
FI5,xyz_only,,,,0.0,,,,,0.49816820503785264,1.2834149964716963,,0.014354534133806583,,,,,,,,,,,,,,,,,,,,,,TabICLv2: hidden
FI8,xyz_only,,,,0.8125,,,,,0.6657286929109719,0.7771516586784978,,0.015156372863790164,,,,,,,,,,,,,,,,,,,,,,TabICLv2: model input
FI8,xyz_only,,,,0.625,,,,,0.7199475463899236,0.7806276809787733,,0.01274997348562188,,,,,,,,,,,,,,,,,,,,,,TabICLv2: encoder input
FI8,xyz_only,,,,0.625,,,,,0.8831540365597386,0.4543171865823575,,0.009226179583334375,,,,,,,,,,,,,,,,,,,,,,TabICLv2: hidden
FP1,xyz_only,,,,0.4375,,,,,0.7614246714170405,0.724905010928603,,0.02636970996660405,,,,,,,,,,,,,,,,,,,,,,TabICLv2: model input
FP1,xyz_only,,,,0.4375,,,,,0.7304461246431295,0.8059316905178585,,0.009402756285656356,,,,,,,,,,,,,,,,,,,,,,TabICLv2: encoder input
FP1,xyz_only,,,,0.25,,,,,0.744348261245857,0.6809140145307727,,0.015082693591842555,,,,,,,,,,,,,,,,,,,,,,TabICLv2: hidden
FP11,xyz_only,,,,0.6875,,,,,0.6421856840958701,0.8696412547382191,,0.03759378778169353,,,,,,,,,,,,,,,,,,,,,,TabICLv2: model input
FP11,xyz_only,,,,0.25,,,,,0.8300209768867151,0.5431471980260174,,0.009763148413797725,,,,,,,,,,,,,,,,,,,,,,TabICLv2: encoder input
FP11,xyz_only,,,,0.25,,,,,0.8770841944372783,0.36802340091124036,,0.005270320852280613,,,,,,,,,,,,,,,,,,,,,,TabICLv2: hidden
FP3,xyz_only,,,,0.9375,,,,,0.5435346130017391,1.115908510588673,,0.031113970833944363,,,,,,,,,,,,,,,,,,,,,,TabICLv2: model input
FP3,xyz_only,,,,0.0,,,,,0.3330975119716266,1.5762989036619746,,0.03073748872956389,,,,,,,,,,,,,,,,,,,,,,TabICLv2: encoder input
FP3,xyz_only,,,,0.3125,,,,,0.4334412650478662,1.3615938862411208,,0.0132088317575502,,,,,,,,,,,,,,,,,,,,,,TabICLv2: hidden
FP4,xyz_only,,,,0.9333333333333333,,,,,0.6772503131123223,0.9645358102507194,,0.02183007385129024,,,,,,,,,,,,,,,,,,,,,,TabICLv2: model input
FP4,xyz_only,,,,0.9333333333333333,,,,,0.6309210624249981,1.0569091862869715,,0.019436021622492933,,,,,,,,,,,,,,,,,,,,,,TabICLv2: encoder input
FP4,xyz_only,,,,0.5333333333333333,,,,,0.8381629045608399,0.5433751591968304,,0.010483871414115248,,,,,,,,,,,,,,,,,,,,,,TabICLv2: hidden
FP6,xyz_only,,,,0.0,,,,,0.7325097364111772,0.8067449568375712,,0.015322419422839519,,,,,,,,,,,,,,,,,,,,,,TabICLv2: model input
FP6,xyz_only,,,,0.0,,,,,0.5072043117072339,1.3771199887947692,,0.009832649464643737,,,,,,,,,,,,,,,,,,,,,,TabICLv2: encoder input
FP6,xyz_only,,,,0.0,,,,,0.5847196918264805,1.091177912250025,,0.015203400004627683,,,,,,,,,,,,,,,,,,,,,,TabICLv2: hidden
FP7,xyz_only,,,,0.5555555555555556,,,,,0.5283824279583296,1.11842370070909,,0.0377699968331976,,,,,,,,,,,,,,,,,,,,,,TabICLv2: model input
FP7,xyz_only,,,,0.7222222222222222,,,,,0.39798761732199245,1.5073888616616615,,0.012139594577170844,,,,,,,,,,,,,,,,,,,,,,TabICLv2: encoder input
FP7,xyz_only,,,,0.5,,,,,0.8319308813299249,0.6160434165395035,,0.008030009850826678,,,,,,,,,,,,,,,,,,,,,,TabICLv2: hidden
FP9,xyz_only,,,,0.6,,,,,0.5789691080801463,1.0224976587053505,,0.04920526513246269,,,,,,,,,,,,,,,,,,,,,,TabICLv2: model input
FP9,xyz_only,,,,0.26666666666666666,,,,,0.5374459220121717,1.1198258084313253,,0.019007840932160555,,,,,,,,,,,,,,,,,,,,,,TabICLv2: encoder input
FP9,xyz_only,,,,0.3333333333333333,,,,,0.795176808192618,0.6658398593573378,,0.011727707874476502,,,,,,,,,,,,,,,,,,,,,,TabICLv2: hidden
L1,xyz_only,,,,0.8125,,,,,0.8993247136817728,0.29904268851248605,,0.003804984880430981,,,,,,,,,,,,,,,,,,,,,,TabICLv2: model input
L1,xyz_only,,,,0.75,,,,,0.7752702782450744,0.5873069734106606,,0.007512698038331699,,,,,,,,,,,,,,,,,,,,,,TabICLv2: encoder input
L1,xyz_only,,,,0.625,,,,,0.856363806675537,0.3666775681158876,,0.012208535929270962,,,,,,,,,,,,,,,,,,,,,,TabICLv2: hidden
L2,xyz_only,,,,0.875,,,,,0.8562237834908237,0.36552360068089185,,0.0066347230017361186,,,,,,,,,,,,,,,,,,,,,,TabICLv2: model input
L2,xyz_only,,,,0.625,,,,,0.7554279211098776,0.6662171793274394,,0.007187038598172468,,,,,,,,,,,,,,,,,,,,,,TabICLv2: encoder input
L2,xyz_only,,,,0.5,,,,,0.8336480498673768,0.3805382141935937,,0.013618110399915406,,,,,,,,,,,,,,,,,,,,,,TabICLv2: hidden
N1,xyz_only,,,,0.5714285714285714,,,,,0.8170687192881145,0.5684609727278557,,0.011198005810869108,,,,,,,,,,,,,,,,,,,,,,TabICLv2: model input
N1,xyz_only,,,,0.2857142857142857,,,,,0.696267294294226,0.8452001398934205,,0.02074761380445624,,,,,,,,,,,,,,,,,,,,,,TabICLv2: encoder input
N1,xyz_only,,,,0.21428571428571427,,,,,0.7807452677795761,0.5648556530863089,,0.021801672574698318,,,,,,,,,,,,,,,,,,,,,,TabICLv2: hidden
N2,xyz_only,,,,0.9090909090909091,,,,,0.6811401419384527,0.7580185221343473,,0.012123581213785956,,,,,,,,,,,,,,,,,,,,,,TabICLv2: model input
N2,xyz_only,,,,0.6363636363636364,,,,,0.6347371993615736,0.9852835316499827,,0.006921023289098108,,,,,,,,,,,,,,,,,,,,,,TabICLv2: encoder input
N2,xyz_only,,,,0.7272727272727273,,,,,0.8196751247323125,0.47851493482501706,,0.0036299334789118357,,,,,,,,,,,,,,,,,,,,,,TabICLv2: hidden
N3,xyz_only,,,,0.8571428571428571,,,,,0.7217346612679869,0.773845877618645,,0.013743398128669043,,,,,,,,,,,,,,,,,,,,,,TabICLv2: model input
N3,xyz_only,,,,0.14285714285714285,,,,,0.4909410209342981,1.1436337427174699,,0.019103521223084903,,,,,,,,,,,,,,,,,,,,,,TabICLv2: encoder input
N3,xyz_only,,,,0.0,,,,,0.7163019935661579,0.6781363944506676,,0.019890081755141484,,,,,,,,,,,,,,,,,,,,,,TabICLv2: hidden
P1,xyz_only,,,,0.8421052631578947,,,,,0.8260164612455994,0.5276831456423094,,0.007351684287395363,,,,,,,,,,,,,,,,,,,,,,TabICLv2: model input
P1,xyz_only,,,,0.5789473684210527,,,,,0.7766282181186982,0.7094029913286883,,0.005279934771068979,,,,,,,,,,,,,,,,,,,,,,TabICLv2: encoder input
P1,xyz_only,,,,0.5789473684210527,,,,,0.8353826606091943,0.3911099282594634,,0.005613678679624968,,,,,,,,,,,,,,,,,,,,,,TabICLv2: hidden
P2,xyz_only,,,,1.0,,,,,0.9313937524604757,0.3047128542255457,,0.009014393804698654,,,,,,,,,,,,,,,,,,,,,,TabICLv2: model input
P2,xyz_only,,,,0.75,,,,,0.7823040340205197,0.5994523606678338,,0.01038226915023697,,,,,,,,,,,,,,,,,,,,,,TabICLv2: encoder input
P2,xyz_only,,,,0.6,,,,,0.835661909671632,0.3895231331084033,,0.009201439770511381,,,,,,,,,,,,,,,,,,,,,,TabICLv2: hidden
P3,xyz_only,,,,0.6666666666666666,,,,,0.5086618233760618,1.1635022108303124,,0.030283338003800543,,,,,,,,,,,,,,,,,,,,,,TabICLv2: model input
P3,xyz_only,,,,0.26666666666666666,,,,,0.38126879006431297,1.5043352129391707,,0.01701874452485739,,,,,,,,,,,,,,,,,,,,,,TabICLv2: encoder input
P3,xyz_only,,,,0.2,,,,,0.7025394918236979,0.9485517430217725,,0.014242597272753893,,,,,,,,,,,,,,,,,,,,,,TabICLv2: hidden
P4,xyz_only,,,,0.95,,,,,0.8164035060035346,0.4843722358765265,,0.008575103144760473,,,,,,,,,,,,,,,,,,,,,,TabICLv2: model input
P4,xyz_only,,,,0.65,,,,,0.7544410100833994,0.7423462929152371,,0.015650488069338657,,,,,,,,,,,,,,,,,,,,,,TabICLv2: encoder input
P4,xyz_only,,,,0.65,,,,,0.8732404823330404,0.36854052868470355,,0.012736735371194024,,,,,,,,,,,,,,,,,,,,,,TabICLv2: hidden
S1,xyz_only,,,,0.6923076923076923,,,,,0.7336089082650883,0.7535905818212645,,0.04367268518684267,,,,,,,,,,,,,,,,,,,,,,TabICLv2: model input
S1,xyz_only,,,,0.38461538461538464,,,,,0.6228692158078977,1.0135402621351137,,0.012478509038653447,,,,,,,,,,,,,,,,,,,,,,TabICLv2: encoder input
S1,xyz_only,,,,0.38461538461538464,,,,,0.6911493158372936,0.7774867020674943,,0.018067994371463555,,,,,,,,,,,,,,,,,,,,,,TabICLv2: hidden
S10,xyz_only,,,,0.5454545454545454,,,,,0.7092281941044202,0.7110982066662994,,0.022683031252728865,,,,,,,,,,,,,,,,,,,,,,TabICLv2: model input
S10,xyz_only,,,,0.5454545454545454,,,,,0.5257458013689447,1.1490850837999111,,0.03212550544478803,,,,,,,,,,,,,,,,,,,,,,TabICLv2: encoder input
S10,xyz_only,,,,0.5909090909090909,,,,,0.7586627743764758,0.6684795330656295,,0.007704317839224996,,,,,,,,,,,,,,,,,,,,,,TabICLv2: hidden
S11,xyz_only,,,,1.0,,,,,0.6807726645079505,0.8223546002626987,,0.02452861965688102,,,,,,,,,,,,,,,,,,,,,,TabICLv2: model input
S11,xyz_only,,,,0.5,,,,,0.7339378420508181,0.6766880745866763,,0.01129917080973657,,,,,,,,,,,,,,,,,,,,,,TabICLv2: encoder input
S11,xyz_only,,,,0.25,,,,,0.862424227492598,0.32720515437433356,,0.003036724139147975,,,,,,,,,,,,,,,,,,,,,,TabICLv2: hidden
S12,xyz_only,,,,0.72,,,,,0.6490044366064986,0.8185902065306592,,0.019890886521227093,,,,,,,,,,,,,,,,,,,,,,TabICLv2: model input
S12,xyz_only,,,,1.0,,,,,0.7103927872299467,0.7347628820866872,,0.037007648407121806,,,,,,,,,,,,,,,,,,,,,,TabICLv2: encoder input
S12,xyz_only,,,,0.88,,,,,0.883448278112492,0.34749282200133114,,0.0054039349961291115,,,,,,,,,,,,,,,,,,,,,,TabICLv2: hidden
S13,xyz_only,,,,0.22727272727272727,,,,,0.7675851300195895,0.6555158069263022,,0.006479235649896214,,,,,,,,,,,,,,,,,,,,,,TabICLv2: model input
S13,xyz_only,,,,0.2727272727272727,,,,,0.7505267800404696,0.6536232608366457,,0.011305429625100137,,,,,,,,,,,,,,,,,,,,,,TabICLv2: encoder input
S13,xyz_only,,,,0.36363636363636365,,,,,0.9147881736067839,0.2775844140431926,,0.00547320353414505,,,,,,,,,,,,,,,,,,,,,,TabICLv2: hidden
S14,xyz_only,,,,0.8421052631578947,,,,,0.8212793086923724,0.44493879893698723,,0.010301871677539298,,,,,,,,,,,,,,,,,,,,,,TabICLv2: model input
S14,xyz_only,,,,0.7368421052631579,,,,,0.7386529388324362,0.6408261974730385,,0.006000632624415185,,,,,,,,,,,,,,,,,,,,,,TabICLv2: encoder input
S14,xyz_only,,,,0.631578947368421,,,,,0.8556074506408066,0.3825221209917011,,0.008275389585167506,,,,,,,,,,,,,,,,,,,,,,TabICLv2: hidden
S2,xyz_only,,,,0.6153846153846154,,,,,0.6473753040287442,0.7848483947677125,,0.036948080022155334,,,,,,,,,,,,,,,,,,,,,,TabICLv2: model input
S2,xyz_only,,,,0.15384615384615385,,,,,0.7886660667014437,0.6072135232274128,,0.006253213972381146,,,,,,,,,,,,,,,,,,,,,,TabICLv2: encoder input
S2,xyz_only,,,,0.23076923076923078,,,,,0.8588922027759006,0.39676592045533476,,0.005432119360119415,,,,,,,,,,,,,,,,,,,,,,TabICLv2: hidden
S3,xyz_only,,,,0.5384615384615384,,,,,0.7632659966203974,0.7006567755007439,,0.013790514856983325,,,,,,,,,,,,,,,,,,,,,,TabICLv2: model input
S3,xyz_only,,,,0.6923076923076923,,,,,0.5826118281936565,1.1576021708684583,,0.01314043667158866,,,,,,,,,,,,,,,,,,,,,,TabICLv2: encoder input
S3,xyz_only,,,,0.5384615384615384,,,,,0.8559683013293741,0.4691853957634774,,0.012195617122627801,,,,,,,,,,,,,,,,,,,,,,TabICLv2: hidden
S4,xyz_only,,,,0.9047619047619048,,,,,0.7919915901470981,0.5191498506128452,,0.007373438944149205,,,,,,,,,,,,,,,,,,,,,,TabICLv2: model input
S4,xyz_only,,,,0.7619047619047619,,,,,0.6786765232497016,0.6896534499190017,,0.011926146413033975,,,,,,,,,,,,,,,,,,,,,,TabICLv2: encoder input
S4,xyz_only,,,,0.38095238095238093,,,,,0.8144156043256989,0.4240520769225433,,0.007041640604695083,,,,,,,,,,,,,,,,,,,,,,TabICLv2: hidden
S5,xyz_only,,,,0.75,,,,,0.8209298855084763,0.5546859508815412,,0.020092502654538887,,,,,,,,,,,,,,,,,,,,,,TabICLv2: model input
S5,xyz_only,,,,0.5625,,,,,0.5605221830286173,1.0381469814504727,,0.03485741916502888,,,,,,,,,,,,,,,,,,,,,,TabICLv2: encoder input
S5,xyz_only,,,,0.1875,,,,,0.6818281738034584,0.797027129383487,,0.011915674160324137,,,,,,,,,,,,,,,,,,,,,,TabICLv2: hidden
S6,xyz_only,,,,1.0,,,,,0.6335323001907711,0.8927477031584107,,0.012413260902890839,,,,,,,,,,,,,,,,,,,,,,TabICLv2: model input
S6,xyz_only,,,,0.6153846153846154,,,,,0.55028376977481,1.1535330607247791,,0.0258916717691642,,,,,,,,,,,,,,,,,,,,,,TabICLv2: encoder input
S6,xyz_only,,,,0.6153846153846154,,,,,0.9286008017590013,0.3062850802649917,,0.0033678893520314775,,,,,,,,,,,,,,,,,,,,,,TabICLv2: hidden
S7,xyz_only,,,,0.4444444444444444,,,,,0.6297693677019841,0.9072460972465891,,0.04014537203929855,,,,,,,,,,,,,,,,,,,,,,TabICLv2: model input
S7,xyz_only,,,,0.3888888888888889,,,,,0.7316185764392498,0.737231226526451,,0.020367768915801165,,,,,,,,,,,,,,,,,,,,,,TabICLv2: encoder input
S7,xyz_only,,,,0.2222222222222222,,,,,0.8318266034688578,0.4285578014808621,,0.010686742941664771,,,,,,,,,,,,,,,,,,,,,,TabICLv2: hidden
S8,xyz_only,,,,0.8947368421052632,,,,,0.8037857898511818,0.5528490333550571,,0.010896704067386456,,,,,,,,,,,,,,,,,,,,,,TabICLv2: model input
S8,xyz_only,,,,0.6842105263157895,,,,,0.7323408524176657,0.6856982545186645,,0.01072092211019364,,,,,,,,,,,,,,,,,,,,,,TabICLv2: encoder input
S8,xyz_only,,,,0.631578947368421,,,,,0.7778974738510618,0.4684978783862375,,0.017033313606239525,,,,,,,,,,,,,,,,,,,,,,TabICLv2: hidden
S9,xyz_only,,,,0.9230769230769231,,,,,0.7267834132906562,0.8080816202288232,,0.01628275250570648,,,,,,,,,,,,,,,,,,,,,,TabICLv2: model input
S9,xyz_only,,,,0.8461538461538461,,,,,0.6997333176490497,0.7833803266268146,,0.0143129269162733,,,,,,,,,,,,,,,,,,,,,,TabICLv2: encoder input
S9,xyz_only,,,,0.8846153846153846,,,,,0.8955662249748647,0.37124320077060935,,0.0059730828359926,,,,,,,,,,,,,,,,,,,,,,TabICLv2: hidden
SC1,xyz_only,,,,0.6842105263157895,,,,,0.825959247234772,0.4977141562494903,,0.018719505218282282,,,,,,,,,,,,,,,,,,,,,,TabICLv2: model input
SC1,xyz_only,,,,0.631578947368421,,,,,0.8020450971743357,0.5700034432701663,,0.013414483858442558,,,,,,,,,,,,,,,,,,,,,,TabICLv2: encoder input
SC1,xyz_only,,,,0.7894736842105263,,,,,0.9015224103937541,0.27317426977012466,,0.006845652965911921,,,,,,,,,,,,,,,,,,,,,,TabICLv2: hidden
SC2,xyz_only,,,,0.7096774193548387,,,,,0.5616467465346631,1.1048457620365,,0.03886537580009241,,,,,,,,,,,,,,,,,,,,,,TabICLv2: model input
SC2,xyz_only,,,,0.6451612903225806,,,,,0.5313778620591961,1.1805900837116812,,0.017135491014320468,,,,,,,,,,,,,,,,,,,,,,TabICLv2: encoder input
SC2,xyz_only,,,,0.5806451612903226,,,,,0.7219768552264171,0.7660314557568519,,0.03375050515382088,,,,,,,,,,,,,,,,,,,,,,TabICLv2: hidden
SC3,xyz_only,,,,0.8,,,,,0.9103535490552579,0.30000061281350093,,0.007304344713886832,,,,,,,,,,,,,,,,,,,,,,TabICLv2: model input
SC3,xyz_only,,,,0.6,,,,,0.8647052037415012,0.3902438739096153,,0.004348374769028409,,,,,,,,,,,,,,,,,,,,,,TabICLv2: encoder input
SC3,xyz_only,,,,0.6,,,,,0.9232750981181316,0.22585431913749013,,0.002004184850784337,,,,,,,,,,,,,,,,,,,,,,TabICLv2: hidden
SG1,xyz_only,,,,0.8421052631578947,,,,,0.8426923428298155,0.429226802068044,,0.00612701464243849,,,,,,,,,,,,,,,,,,,,,,TabICLv2: model input
SG1,xyz_only,,,,0.5789473684210527,,,,,0.7961101829810816,0.556310807674082,,0.009855132173911058,,,,,,,,,,,,,,,,,,,,,,TabICLv2: encoder input
SG1,xyz_only,,,,0.5789473684210527,,,,,0.8907532380377833,0.31193895311683933,,0.008322057926038942,,,,,,,,,,,,,,,,,,,,,,TabICLv2: hidden
SG2,xyz_only,,,,0.631578947368421,,,,,0.8310536116053859,0.44603565602325085,,0.005135377128308759,,,,,,,,,,,,,,,,,,,,,,TabICLv2: model input
SG2,xyz_only,,,,0.47368421052631576,,,,,0.8086145469218142,0.5918646820260001,,0.009676198505225983,,,,,,,,,,,,,,,,,,,,,,TabICLv2: encoder input
SG2,xyz_only,,,,0.47368421052631576,,,,,0.8792625522147893,0.31888860018249016,,0.016435573689255387,,,,,,,,,,,,,,,,,,,,,,TabICLv2: hidden
SG3,xyz_only,,,,0.8421052631578947,,,,,0.825577350451234,0.4166010605074623,,0.008824408190053515,,,,,,,,,,,,,,,,,,,,,,TabICLv2: model input
SG3,xyz_only,,,,0.6842105263157895,,,,,0.8372712982911453,0.47516660445866765,,0.007223376368271146,,,,,,,,,,,,,,,,,,,,,,TabICLv2: encoder input
SG3,xyz_only,,,,0.6842105263157895,,,,,0.9032592909394073,0.2791584103649874,,0.010243793833621204,,,,,,,,,,,,,,,,,,,,,,TabICLv2: hidden
SG4,xyz_only,,,,0.9473684210526315,,,,,0.8471309789928031,0.43375514816297206,,0.007821729871606065,,,,,,,,,,,,,,,,,,,,,,TabICLv2: model input
SG4,xyz_only,,,,0.6842105263157895,,,,,0.8652496726495604,0.4159712536612443,,0.006621819906514373,,,,,,,,,,,,,,,,,,,,,,TabICLv2: encoder input
SG4,xyz_only,,,,0.6842105263157895,,,,,0.9153082124279325,0.23625956901728332,,0.007593170551773148,,,,,,,,,,,,,,,,,,,,,,TabICLv2: hidden
SP1,xyz_only,,,,1.0,,,,,0.9397660069900972,0.25007072193836194,,0.00901268635759295,,,,,,,,,,,,,,,,,,,,,,TabICLv2: model input
SP1,xyz_only,,,,0.8333333333333334,,,,,0.6364140726280876,0.7602181377875965,,0.008244854856540232,,,,,,,,,,,,,,,,,,,,,,TabICLv2: encoder input
SP1,xyz_only,,,,0.5,,,,,0.6561629317331052,0.7304675380061605,,0.030514536060784598,,,,,,,,,,,,,,,,,,,,,,TabICLv2: hidden
SP2,xyz_only,,,,1.0,,,,,0.9278228712220948,0.21517104726786337,,0.00709890017976875,,,,,,,,,,,,,,,,,,,,,,TabICLv2: model input
SP2,xyz_only,,,,0.8333333333333334,,,,,0.7781706954042265,0.600854374903894,,0.013251568346888084,,,,,,,,,,,,,,,,,,,,,,TabICLv2: encoder input
SP2,xyz_only,,,,0.8333333333333334,,,,,0.7604524463727381,0.5927776249778285,,0.021325347729980484,,,,,,,,,,,,,,,,,,,,,,TabICLv2: hidden
SP3,xyz_only,,,,0.5,,,,,0.8062416941643039,0.4841942898227303,,0.0180599920217746,,,,,,,,,,,,,,,,,,,,,,TabICLv2: model input
SP3,xyz_only,,,,0.8333333333333334,,,,,0.6640448406832345,0.8273436504558905,,0.022613308901261436,,,,,,,,,,,,,,,,,,,,,,TabICLv2: encoder input
SP3,xyz_only,,,,0.16666666666666666,,,,,0.6401096431666686,0.7499050136906487,,0.013456415685536566,,,,,,,,,,,,,,,,,,,,,,TabICLv2: hidden
T1,xyz_only,,,,1.0,,,,,0.766902597435618,0.6187958854202336,,0.021665015839532856,,,,,,,,,,,,,,,,,,,,,,TabICLv2: model input
T1,xyz_only,,,,0.8461538461538461,,,,,0.5405681543624089,1.1201597804503973,,0.021934888453678084,,,,,,,,,,,,,,,,,,,,,,TabICLv2: encoder input
T1,xyz_only,,,,0.8461538461538461,,,,,0.7286368837479069,0.643135193238163,,0.010095315457309061,,,,,,,,,,,,,,,,,,,,,,TabICLv2: hidden
T13,xyz_only,,,,1.0,,,,,0.9192399461381667,0.3300433099169005,,0.005360750725665408,,,,,,,,,,,,,,,,,,,,,,TabICLv2: model input
T13,xyz_only,,,,0.15384615384615385,,,,,0.6805541208243783,0.8392549240588915,,0.007818384644924521,,,,,,,,,,,,,,,,,,,,,,TabICLv2: encoder input
T13,xyz_only,,,,0.23076923076923078,,,,,0.7421109114686888,0.6855718851200654,,0.011292298056337885,,,,,,,,,,,,,,,,,,,,,,TabICLv2: hidden
T14,xyz_only,,,,1.0,,,,,0.9257040051928132,0.2466870825685316,,0.0042493077722691305,,,,,,,,,,,,,,,,,,,,,,TabICLv2: model input
T14,xyz_only,,,,0.23076923076923078,,,,,0.6146288343357006,0.9788779387250037,,0.03218212282541306,,,,,,,,,,,,,,,,,,,,,,TabICLv2: encoder input
T14,xyz_only,,,,0.07692307692307693,,,,,0.6041291848290572,0.9573983896582067,,0.022345703427102973,,,,,,,,,,,,,,,,,,,,,,TabICLv2: hidden
T15,xyz_only,,,,0.6923076923076923,,,,,0.8428442949463897,0.46437593119713494,,0.005886328689405061,,,,,,,,,,,,,,,,,,,,,,TabICLv2: model input
T15,xyz_only,,,,0.6923076923076923,,,,,0.717618441752139,0.6976849181132174,,0.01305201034463006,,,,,,,,,,,,,,,,,,,,,,TabICLv2: encoder input
T15,xyz_only,,,,0.6153846153846154,,,,,0.8180114617527825,0.44014045700402693,,0.01221426047450027,,,,,,,,,,,,,,,,,,,,,,TabICLv2: hidden
T16,xyz_only,,,,0.9230769230769231,,,,,0.7729070261505624,0.599550458649654,,0.010867000789342763,,,,,,,,,,,,,,,,,,,,,,TabICLv2: model input
T16,xyz_only,,,,0.7692307692307693,,,,,0.7490378351334199,0.6847501432099024,,0.005681997977071732,,,,,,,,,,,,,,,,,,,,,,TabICLv2: encoder input
T16,xyz_only,,,,0.6153846153846154,,,,,0.8743423181002034,0.3288077938569376,,0.0074959365846337216,,,,,,,,,,,,,,,,,,,,,,TabICLv2: hidden
T17,xyz_only,,,,0.7777777777777778,,,,,0.744274476494888,0.5814591469263901,,0.007071720427177289,,,,,,,,,,,,,,,,,,,,,,TabICLv2: model input
T17,xyz_only,,,,0.6666666666666666,,,,,0.5238036555745537,0.9901555546010462,,0.015087452913745811,,,,,,,,,,,,,,,,,,,,,,TabICLv2: encoder input
T17,xyz_only,,,,0.5555555555555556,,,,,0.7932821453959298,0.5685362324506117,,0.0037939974251455896,,,,,,,,,,,,,,,,,,,,,,TabICLv2: hidden
T18,xyz_only,,,,0.875,,,,,0.71404972226529,0.6673435980579183,,0.014072214156522437,,,,,,,,,,,,,,,,,,,,,,TabICLv2: model input
T18,xyz_only,,,,1.0,,,,,0.6677916610377224,0.8377744081200279,,0.018103777819056574,,,,,,,,,,,,,,,,,,,,,,TabICLv2: encoder input
T18,xyz_only,,,,1.0,,,,,0.8566562808365392,0.46631819488787046,,0.0050797294881035505,,,,,,,,,,,,,,,,,,,,,,TabICLv2: hidden
T19,xyz_only,,,,1.0,,,,,0.8296747171227172,0.5657783466546878,,0.011189205265961132,,,,,,,,,,,,,,,,,,,,,,TabICLv2: model input
T19,xyz_only,,,,0.8461538461538461,,,,,0.7314609555435888,0.6906474547032069,,0.015448785893689511,,,,,,,,,,,,,,,,,,,,,,TabICLv2: encoder input
T19,xyz_only,,,,0.7692307692307693,,,,,0.8113995582380322,0.4695297321651697,,0.0056430327012022006,,,,,,,,,,,,,,,,,,,,,,TabICLv2: hidden
T2,xyz_only,,,,0.8333333333333334,,,,,0.7867873856138136,0.6212946032480969,,0.015810203489899814,,,,,,,,,,,,,,,,,,,,,,TabICLv2: model input
T2,xyz_only,,,,0.5,,,,,0.48232512391718657,1.2028543684261435,,0.022917887374259132,,,,,,,,,,,,,,,,,,,,,,TabICLv2: encoder input
T2,xyz_only,,,,0.6666666666666666,,,,,0.6065362906486861,0.9136301662642428,,0.021431387695015718,,,,,,,,,,,,,,,,,,,,,,TabICLv2: hidden
T20,xyz_only,,,,0.5,,,,,0.5589723869735785,0.955753785963689,,0.013219740273600117,,,,,,,,,,,,,,,,,,,,,,TabICLv2: model input
T20,xyz_only,,,,0.0,,,,,0.5645557376984109,1.0681515954519754,,0.014764808234163018,,,,,,,,,,,,,,,,,,,,,,TabICLv2: encoder input
T20,xyz_only,,,,0.0,,,,,0.6539946973659083,0.7767051135441606,,0.015786619649254947,,,,,,,,,,,,,,,,,,,,,,TabICLv2: hidden
T23,xyz_only,,,,0.6842105263157895,,,,,0.7554199210119672,0.6057493564205509,,0.010565350763017217,,,,,,,,,,,,,,,,,,,,,,TabICLv2: model input
T23,xyz_only,,,,0.47368421052631576,,,,,0.6770055183562417,0.8014274603699973,,0.014837765805616535,,,,,,,,,,,,,,,,,,,,,,TabICLv2: encoder input
T23,xyz_only,,,,0.42105263157894735,,,,,0.710663182535001,0.6981442505643243,,0.014383825963772438,,,,,,,,,,,,,,,,,,,,,,TabICLv2: hidden
T24,xyz_only,,,,0.8181818181818182,,,,,0.768365275329423,0.5405382877471584,,0.015017510153695846,,,,,,,,,,,,,,,,,,,,,,TabICLv2: model input
T24,xyz_only,,,,0.36363636363636365,,,,,0.4363361487123861,1.1247325218405295,,0.014628538937730327,,,,,,,,,,,,,,,,,,,,,,TabICLv2: encoder input
T24,xyz_only,,,,0.9090909090909091,,,,,0.811391819202358,0.43187718219086313,,0.006444620033984064,,,,,,,,,,,,,,,,,,,,,,TabICLv2: hidden
T25,xyz_only,,,,1.0,,,,,0.8180367387869589,0.4741575691657885,,0.006068016860607922,,,,,,,,,,,,,,,,,,,,,,TabICLv2: model input
T25,xyz_only,,,,0.2222222222222222,,,,,0.5631056953515987,1.0351664192220276,,0.018551405164856698,,,,,,,,,,,,,,,,,,,,,,TabICLv2: encoder input
T25,xyz_only,,,,0.7777777777777778,,,,,0.7526253369753519,0.6264265875989621,,0.010732911339792388,,,,,,,,,,,,,,,,,,,,,,TabICLv2: hidden
T26,xyz_only,,,,0.7777777777777778,,,,,0.6809558525082964,0.6434897832456595,,0.008533796402060943,,,,,,,,,,,,,,,,,,,,,,TabICLv2: model input
T26,xyz_only,,,,0.3333333333333333,,,,,0.6386693925358428,0.8560941626921652,,0.014560806768438036,,,,,,,,,,,,,,,,,,,,,,TabICLv2: encoder input
T26,xyz_only,,,,1.0,,,,,0.8512101389145755,0.4661031059899531,,0.004916724381568534,,,,,,,,,,,,,,,,,,,,,,TabICLv2: hidden
T27,xyz_only,,,,0.8333333333333334,,,,,0.5923004686397193,0.8355218493639174,,0.015338407299787795,,,,,,,,,,,,,,,,,,,,,,TabICLv2: model input
T27,xyz_only,,,,0.0,,,,,0.5636594280894659,1.052824653613006,,0.017462107633592742,,,,,,,,,,,,,,,,,,,,,,TabICLv2: encoder input
T27,xyz_only,,,,0.4444444444444444,,,,,0.8510691531314473,0.516302833158738,,0.007124521563400783,,,,,,,,,,,,,,,,,,,,,,TabICLv2: hidden
T28,xyz_only,,,,1.0,,,,,0.8281784885073857,0.4894102738775159,,0.004314128127217989,,,,,,,,,,,,,,,,,,,,,,TabICLv2: model input
T28,xyz_only,,,,0.4444444444444444,,,,,0.6307663023039526,0.9474081575859921,,0.01253490217912591,,,,,,,,,,,,,,,,,,,,,,TabICLv2: encoder input
T28,xyz_only,,,,0.6666666666666666,,,,,0.6303350084016957,0.8741944600749106,,0.007307663643389566,,,,,,,,,,,,,,,,,,,,,,TabICLv2: hidden
T3,xyz_only,,,,0.9230769230769231,,,,,0.8298000550952616,0.5660356645524872,,0.013216856866618462,,,,,,,,,,,,,,,,,,,,,,TabICLv2: model input
T3,xyz_only,,,,0.7692307692307693,,,,,0.757662764433358,0.7773824117044332,,0.008581046067418031,,,,,,,,,,,,,,,,,,,,,,TabICLv2: encoder input
T3,xyz_only,,,,0.6153846153846154,,,,,0.8327878143859878,0.4399543389000383,,0.006295500588035777,,,,,,,,,,,,,,,,,,,,,,TabICLv2: hidden
T4,xyz_only,,,,0.9230769230769231,,,,,0.8527343772406473,0.5364390333757098,,0.004139493561985931,,,,,,,,,,,,,,,,,,,,,,TabICLv2: model input
T4,xyz_only,,,,0.8461538461538461,,,,,0.41369555258368157,1.501710099448127,,0.00995769718238653,,,,,,,,,,,,,,,,,,,,,,TabICLv2: encoder input
T4,xyz_only,,,,0.6153846153846154,,,,,0.6707136849731511,0.925476334657543,,0.009250588041131854,,,,,,,,,,,,,,,,,,,,,,TabICLv2: hidden
T5,xyz_only,,,,1.0,,,,,0.6036071881159754,1.117076834913641,,0.01952906750355416,,,,,,,,,,,,,,,,,,,,,,TabICLv2: model input
T5,xyz_only,,,,0.3076923076923077,,,,,0.3379964454144925,1.562390806575507,,0.007290385530523844,,,,,,,,,,,,,,,,,,,,,,TabICLv2: encoder input
T5,xyz_only,,,,0.6153846153846154,,,,,0.4075814471492627,1.4554944524579037,,0.015503882880175556,,,,,,,,,,,,,,,,,,,,,,TabICLv2: hidden
U1,xyz_only,,,,0.9473684210526315,,,,,0.9382560111822471,0.22871928431038116,,0.0122030568781572,,,,,,,,,,,,,,,,,,,,,,TabICLv2: model input
U1,xyz_only,,,,0.9473684210526315,,,,,0.8637269551870205,0.49538866766585005,,0.009405359023143512,,,,,,,,,,,,,,,,,,,,,,TabICLv2: encoder input
U1,xyz_only,,,,0.9473684210526315,,,,,0.9024019649670796,0.2908660889759206,,0.005640713056168016,,,,,,,,,,,,,,,,,,,,,,TabICLv2: hidden
U2,xyz_only,,,,0.9473684210526315,,,,,0.9592022601983776,0.15359050571056831,,0.006356234410016159,,,,,,,,,,,,,,,,,,,,,,TabICLv2: model input
U2,xyz_only,,,,1.0,,,,,0.8033314168923874,0.6519501214917746,,0.027265376234035604,,,,,,,,,,,,,,,,,,,,,,TabICLv2: encoder input
U2,xyz_only,,,,1.0,,,,,0.9770296803005457,0.11030481324550295,,0.0035947129536197955,,,,,,,,,,,,,,,,,,,,,,TabICLv2: hidden
U3,xyz_only,,,,0.42105263157894735,,,,,0.7375825368944006,0.6328387520692602,,0.01618008726843078,,,,,,,,,,,,,,,,,,,,,,TabICLv2: model input
U3,xyz_only,,,,0.6842105263157895,,,,,0.857333752475748,0.4790527056593337,,0.005735203962219395,,,,,,,,,,,,,,,,,,,,,,TabICLv2: encoder input
U3,xyz_only,,,,0.6842105263157895,,,,,0.9493808733532871,0.19304246673863876,,0.0030839384098654424,,,,,,,,,,,,,,,,,,,,,,TabICLv2: hidden
U4,xyz_only,,,,0.0625,,,,,0.8643407611312668,0.37749575858030127,,0.014686032207205232,,,,,,,,,,,,,,,,,,,,,,TabICLv2: model input
U4,xyz_only,,,,0.0625,,,,,0.8367651212193666,0.5289579420415202,,0.009793437990241183,,,,,,,,,,,,,,,,,,,,,,TabICLv2: encoder input
U4,xyz_only,,,,0.0625,,,,,0.9859320793426583,0.05537018833621053,,0.000998516630149167,,,,,,,,,,,,,,,,,,,,,,TabICLv2: hidden
U5,xyz_only,,,,0.6875,,,,,0.7279040861587284,0.6760349914470715,,0.04803849552869954,,,,,,,,,,,,,,,,,,,,,,TabICLv2: model input
U5,xyz_only,,,,0.8125,,,,,0.7394994193375934,0.6531962363641499,,0.005995955584270625,,,,,,,,,,,,,,,,,,,,,,TabICLv2: encoder input
U5,xyz_only,,,,1.0,,,,,0.961031048538147,0.17059545820476815,,0.0037721632415084125,,,,,,,,,,,,,,,,,,,,,,TabICLv2: hidden
U6,xyz_only,,,,1.0,,,,,0.7608302522813679,0.6314437266332545,,0.011780753363913774,,,,,,,,,,,,,,,,,,,,,,TabICLv2: model input
U6,xyz_only,,,,1.0,,,,,0.8096732692713393,0.5533805138782258,,0.015058053122231636,,,,,,,,,,,,,,,,,,,,,,TabICLv2: encoder input
U6,xyz_only,,,,1.0,,,,,0.9225366170029239,0.2923998136211122,,0.005241101443745319,,,,,,,,,,,,,,,,,,,,,,TabICLv2: hidden
V1,xyz_only,,,,0.7777777777777778,,,,,0.6806426243815185,0.8533346654836277,,0.02871631536930197,,,,,,,,,,,,,,,,,,,,,,TabICLv2: model input
V1,xyz_only,,,,0.1111111111111111,,,,,0.5707815086273048,1.0977595838327945,,0.027348212173411345,,,,,,,,,,,,,,,,,,,,,,TabICLv2: encoder input
V1,xyz_only,,,,0.1111111111111111,,,,,0.7621796533967653,0.619003043444645,,0.009601790573532101,,,,,,,,,,,,,,,,,,,,,,TabICLv2: hidden
V2,xyz_only,,,,1.0,,,,,0.7986339281755649,0.63493044728926,,0.0104859106562767,,,,,,,,,,,,,,,,,,,,,,TabICLv2: model input
V2,xyz_only,,,,0.6666666666666666,,,,,0.5791790829700086,0.9754102846696922,,0.016937181901658657,,,,,,,,,,,,,,,,,,,,,,TabICLv2: encoder input
V2,xyz_only,,,,0.8888888888888888,,,,,0.7229154760837406,0.7309446472375354,,0.015259517061337777,,,,,,,,,,,,,,,,,,,,,,TabICLv2: hidden
V3,xyz_only,,,,1.0,,,,,0.6993409467501142,0.8584381649221441,,0.02698806106049105,,,,,,,,,,,,,,,,,,,,,,TabICLv2: model input
V3,xyz_only,,,,0.3076923076923077,,,,,0.6877747693743141,0.8003284772050443,,0.00664502312022297,,,,,,,,,,,,,,,,,,,,,,TabICLv2: encoder input
V3,xyz_only,,,,0.38461538461538464,,,,,0.6752298518380281,0.8174941898448131,,0.011428757096160777,,,,,,,,,,,,,,,,,,,,,,TabICLv2: hidden
A1,embedding_and_xyz,,,,0.9230769230769231,,,,,0.7259118617578542,0.8187365768612624,,0.00995275220178845,,,,,,,,,,,,,,,,,,,,,,TabICLv2: model input
A1,embedding_and_xyz,,,,0.8076923076923077,,,,,0.8350572723374101,0.5006491539597712,,0.00905939226474031,,,,,,,,,,,,,,,,,,,,,,TabICLv2: encoder input
A1,embedding_and_xyz,,,,0.8076923076923077,,,,,0.8951512059042448,0.30396674044586675,,0.008392544900782404,,,,,,,,,,,,,,,,,,,,,,TabICLv2: hidden
A10,embedding_and_xyz,,,,0.42105263157894735,,,,,0.568454504398159,1.0802479853975278,,0.03585760706049914,,,,,,,,,,,,,,,,,,,,,,TabICLv2: model input
A10,embedding_and_xyz,,,,0.15789473684210525,,,,,0.7267790353822647,0.7344827484915103,,0.01641600376685557,,,,,,,,,,,,,,,,,,,,,,TabICLv2: encoder input
A10,embedding_and_xyz,,,,0.2631578947368421,,,,,0.7488216399741516,0.696899800715248,,0.011744478494629541,,,,,,,,,,,,,,,,,,,,,,TabICLv2: hidden
A11,embedding_and_xyz,,,,0.7058823529411765,,,,,0.6798387584593701,0.8968777681177293,,0.016791980051149232,,,,,,,,,,,,,,,,,,,,,,TabICLv2: model input
A11,embedding_and_xyz,,,,0.5882352941176471,,,,,0.7586669890631954,0.6894642304165505,,0.015424355202264909,,,,,,,,,,,,,,,,,,,,,,TabICLv2: encoder input
A11,embedding_and_xyz,,,,0.5882352941176471,,,,,0.8535179138294026,0.3709411580494704,,0.009044351158515646,,,,,,,,,,,,,,,,,,,,,,TabICLv2: hidden
A2,embedding_and_xyz,,,,0.75,,,,,0.6847916938278634,0.7847250849807069,,0.015077180380133106,,,,,,,,,,,,,,,,,,,,,,TabICLv2: model input
A2,embedding_and_xyz,,,,0.75,,,,,0.790663734853343,0.6524887644229097,,0.012006956787412718,,,,,,,,,,,,,,,,,,,,,,TabICLv2: encoder input
A2,embedding_and_xyz,,,,0.75,,,,,0.8919578802219565,0.30623993176365555,,0.005914043853876274,,,,,,,,,,,,,,,,,,,,,,TabICLv2: hidden
A3,embedding_and_xyz,,,,0.7857142857142857,,,,,0.552907599249989,1.0921470776854112,,0.02407828384250638,,,,,,,,,,,,,,,,,,,,,,TabICLv2: model input
A3,embedding_and_xyz,,,,0.5714285714285714,,,,,0.6763793486233541,0.797911826746235,,0.011949652394106305,,,,,,,,,,,,,,,,,,,,,,TabICLv2: encoder input
A3,embedding_and_xyz,,,,0.7857142857142857,,,,,0.8188675924753046,0.49800330426981027,,0.010673263761582385,,,,,,,,,,,,,,,,,,,,,,TabICLv2: hidden
A4,embedding_and_xyz,,,,0.7142857142857143,,,,,0.7425282850443514,0.7818800988916037,,0.009305293948053966,,,,,,,,,,,,,,,,,,,,,,TabICLv2: model input
A4,embedding_and_xyz,,,,0.8095238095238095,,,,,0.8452427847789595,0.5023384162021336,,0.004039106702675095,,,,,,,,,,,,,,,,,,,,,,TabICLv2: encoder input
A4,embedding_and_xyz,,,,0.7619047619047619,,,,,0.9147460972329462,0.26538190696660047,,0.004588221563283396,,,,,,,,,,,,,,,,,,,,,,TabICLv2: hidden
A5,embedding_and_xyz,,,,0.5625,,,,,0.7251393642586768,0.7315757393998961,,0.013466460543006457,,,,,,,,,,,,,,,,,,,,,,TabICLv2: model input
A5,embedding_and_xyz,,,,0.625,,,,,0.7045678498905967,0.7547322469336499,,0.0089667677002918,,,,,,,,,,,,,,,,,,,,,,TabICLv2: encoder input
A5,embedding_and_xyz,,,,0.75,,,,,0.7820176145110501,0.4813330441263173,,0.013283671895836081,,,,,,,,,,,,,,,,,,,,,,TabICLv2: hidden
A6,embedding_and_xyz,,,,0.75,,,,,0.6543821162988784,0.9174693618397742,,0.010177383290846612,,,,,,,,,,,,,,,,,,,,,,TabICLv2: model input
A6,embedding_and_xyz,,,,0.75,,,,,0.7706888081715717,0.6875484336195699,,0.0076168989720051,,,,,,,,,,,,,,,,,,,,,,TabICLv2: encoder input
A6,embedding_and_xyz,,,,0.6875,,,,,0.8530938311531411,0.37137502491678337,,0.005947712609545075,,,,,,,,,,,,,,,,,,,,,,TabICLv2: hidden
A7,embedding_and_xyz,,,,0.7647058823529411,,,,,0.6177912159618036,1.031721846106281,,0.015876876453185168,,,,,,,,,,,,,,,,,,,,,,TabICLv2: model input
A7,embedding_and_xyz,,,,0.8823529411764706,,,,,0.7426613078532556,0.6987756429584652,,0.008746749908611965,,,,,,,,,,,,,,,,,,,,,,TabICLv2: encoder input
A7,embedding_and_xyz,,,,0.7058823529411765,,,,,0.8469454544107846,0.47007531914471545,,0.008697599520991677,,,,,,,,,,,,,,,,,,,,,,TabICLv2: hidden
A8,embedding_and_xyz,,,,0.38461538461538464,,,,,0.5294311017766472,1.1635991407477968,,0.039855164917251495,,,,,,,,,,,,,,,,,,,,,,TabICLv2: model input
A8,embedding_and_xyz,,,,0.23076923076923078,,,,,0.5101557421775855,1.1728580220171432,,0.02210064508869454,,,,,,,,,,,,,,,,,,,,,,TabICLv2: encoder input
A8,embedding_and_xyz,,,,0.6153846153846154,,,,,0.6876665291102001,0.7408744139266259,,0.009847421564479628,,,,,,,,,,,,,,,,,,,,,,TabICLv2: hidden
A9,embedding_and_xyz,,,,0.47368421052631576,,,,,0.6139745047515807,1.081415476689571,,0.01947058199467856,,,,,,,,,,,,,,,,,,,,,,TabICLv2: model input
A9,embedding_and_xyz,,,,0.47368421052631576,,,,,0.5771563813287768,0.9965612566903398,,0.024900006404977904,,,,,,,,,,,,,,,,,,,,,,TabICLv2: encoder input
A9,embedding_and_xyz,,,,0.7368421052631579,,,,,0.7646933990477478,0.6532330867499307,,0.012241771409038748,,,,,,,,,,,,,,,,,,,,,,TabICLv2: hidden
C1,embedding_and_xyz,,,,0.3181818181818182,,,,,0.49584275378734205,1.1523186464825483,,0.02698833662910843,,,,,,,,,,,,,,,,,,,,,,TabICLv2: model input
C1,embedding_and_xyz,,,,0.13636363636363635,,,,,0.7095431797214845,0.7809722126856024,,0.011913721929222264,,,,,,,,,,,,,,,,,,,,,,TabICLv2: encoder input
C1,embedding_and_xyz,,,,0.06818181818181818,,,,,0.8051706042447395,0.5756536386970517,,0.009183452430721285,,,,,,,,,,,,,,,,,,,,,,TabICLv2: hidden
C1P,embedding_and_xyz,,,,0.6136363636363636,,,,,0.49588019883024614,1.184147486498572,,0.04157311097305108,,,,,,,,,,,,,,,,,,,,,,TabICLv2: model input
C1P,embedding_and_xyz,,,,0.29545454545454547,,,,,0.6721580484682069,0.8648852768006535,,0.01684852104370441,,,,,,,,,,,,,,,,,,,,,,TabICLv2: encoder input
C1P,embedding_and_xyz,,,,0.4090909090909091,,,,,0.7216364721476652,0.7159944749856088,,0.019991291663234188,,,,,,,,,,,,,,,,,,,,,,TabICLv2: hidden
C2,embedding_and_xyz,,,,0.38636363636363635,,,,,0.5225859204471548,1.170298644661537,,0.016632867646963798,,,,,,,,,,,,,,,,,,,,,,TabICLv2: model input
C2,embedding_and_xyz,,,,0.6818181818181818,,,,,0.6093032258088734,0.9948457510093035,,0.0232090330384952,,,,,,,,,,,,,,,,,,,,,,TabICLv2: encoder input
C2,embedding_and_xyz,,,,0.5227272727272727,,,,,0.6397539563883125,0.8526050762517208,,0.02031780444796143,,,,,,,,,,,,,,,,,,,,,,TabICLv2: hidden
C2P,embedding_and_xyz,,,,0.7272727272727273,,,,,0.5811350597003664,1.0139995496927487,,0.02342084761079728,,,,,,,,,,,,,,,,,,,,,,TabICLv2: model input
C2P,embedding_and_xyz,,,,0.38636363636363635,,,,,0.6612821733766207,0.869984151112536,,0.011824177119768721,,,,,,,,,,,,,,,,,,,,,,TabICLv2: encoder input
C2P,embedding_and_xyz,,,,0.3181818181818182,,,,,0.8000997077324379,0.5802732740059496,,0.009600395830868481,,,,,,,,,,,,,,,,,,,,,,TabICLv2: hidden
C3,embedding_and_xyz,,,,0.6818181818181818,,,,,0.7344308210887402,0.7441546876996352,,0.014260337073109614,,,,,,,,,,,,,,,,,,,,,,TabICLv2: model input
C3,embedding_and_xyz,,,,0.5454545454545454,,,,,0.7842368481500479,0.6009348459891446,,0.010261589798617304,,,,,,,,,,,,,,,,,,,,,,TabICLv2: encoder input
C3,embedding_and_xyz,,,,0.5,,,,,0.9469261968550174,0.15016728372408503,,0.0033168676081934776,,,,,,,,,,,,,,,,,,,,,,TabICLv2: hidden
C3P,embedding_and_xyz,,,,0.7727272727272727,,,,,0.7781787674941494,0.6286259516819277,,0.011846785283355603,,,,,,,,,,,,,,,,,,,,,,TabICLv2: model input
C3P,embedding_and_xyz,,,,0.6136363636363636,,,,,0.8225355599142999,0.5002729701084401,,0.011010604483134559,,,,,,,,,,,,,,,,,,,,,,TabICLv2: encoder input
C3P,embedding_and_xyz,,,,0.5909090909090909,,,,,0.8647576882101131,0.3148268722212864,,0.00405743426568346,,,,,,,,,,,,,,,,,,,,,,TabICLv2: hidden
C4,embedding_and_xyz,,,,0.7727272727272727,,,,,0.8025473173600924,0.6007400058799136,,0.013219773992546773,,,,,,,,,,,,,,,,,,,,,,TabICLv2: model input
C4,embedding_and_xyz,,,,0.75,,,,,0.8417865090749873,0.460205873240216,,0.0070144926662355864,,,,,,,,,,,,,,,,,,,,,,TabICLv2: encoder input
C4,embedding_and_xyz,,,,0.5909090909090909,,,,,0.8958767741184566,0.24388863903510494,,0.0066038883240349565,,,,,,,,,,,,,,,,,,,,,,TabICLv2: hidden
C4P,embedding_and_xyz,,,,0.8636363636363636,,,,,0.743445942567245,0.7361068747771555,,0.011870605501577303,,,,,,,,,,,,,,,,,,,,,,TabICLv2: model input
C4P,embedding_and_xyz,,,,0.8409090909090909,,,,,0.8521722197427931,0.4388114854013482,,0.00837397723517585,,,,,,,,,,,,,,,,,,,,,,TabICLv2: encoder input
C4P,embedding_and_xyz,,,,0.8409090909090909,,,,,0.8822410741427849,0.27354806722348896,,0.009073081359431183,,,,,,,,,,,,,,,,,,,,,,TabICLv2: hidden
C5,embedding_and_xyz,,,,0.9318181818181818,,,,,0.8384325909255554,0.439343115479443,,0.006371223633392375,,,,,,,,,,,,,,,,,,,,,,TabICLv2: model input
C5,embedding_and_xyz,,,,0.8181818181818182,,,,,0.9059679706255905,0.2748998768071044,,0.003339282449578182,,,,,,,,,,,,,,,,,,,,,,TabICLv2: encoder input
C5,embedding_and_xyz,,,,0.7954545454545454,,,,,0.9458942612268064,0.13437229316829524,,0.00284434489877539,,,,,,,,,,,,,,,,,,,,,,TabICLv2: hidden
C5P,embedding_and_xyz,,,,0.8181818181818182,,,,,0.7365516794971104,0.7691702826105753,,0.014283464239360028,,,,,,,,,,,,,,,,,,,,,,TabICLv2: model input
C5P,embedding_and_xyz,,,,0.9090909090909091,,,,,0.8290594828163339,0.5482313041927184,,0.006775794691174854,,,,,,,,,,,,,,,,,,,,,,TabICLv2: encoder input
C5P,embedding_and_xyz,,,,0.9545454545454546,,,,,0.877782433751721,0.3563107662562323,,0.007177555265030679,,,,,,,,,,,,,,,,,,,,,,TabICLv2: hidden
C6,embedding_and_xyz,,,,0.8636363636363636,,,,,0.8209310486724718,0.5807108085082896,,0.010133934846664557,,,,,,,,,,,,,,,,,,,,,,TabICLv2: model input
C6,embedding_and_xyz,,,,0.75,,,,,0.8448639096546174,0.42531499140912676,,0.01037255573369704,,,,,,,,,,,,,,,,,,,,,,TabICLv2: encoder input
C6,embedding_and_xyz,,,,0.8181818181818182,,,,,0.868635754732166,0.30934375701694306,,0.012138192281512604,,,,,,,,,,,,,,,,,,,,,,TabICLv2: hidden
C7,embedding_and_xyz,,,,0.5909090909090909,,,,,0.5278903303151666,1.1088280919801217,,0.017997962780137742,,,,,,,,,,,,,,,,,,,,,,TabICLv2: model input
C7,embedding_and_xyz,,,,0.20454545454545456,,,,,0.7431939886671294,0.6839207272346105,,0.020039615403501257,,,,,,,,,,,,,,,,,,,,,,TabICLv2: encoder input
C7,embedding_and_xyz,,,,0.20454545454545456,,,,,0.8543421982160645,0.39976273239578464,,0.00660667230394534,,,,,,,,,,,,,,,,,,,,,,TabICLv2: hidden
FI10,embedding_and_xyz,,,,0.4375,,,,,0.559318560595648,0.9816751855815062,,0.023951959652961163,,,,,,,,,,,,,,,,,,,,,,TabICLv2: model input
FI10,embedding_and_xyz,,,,0.25,,,,,0.6514191394659815,0.8232007466219501,,0.01564399175294707,,,,,,,,,,,,,,,,,,,,,,TabICLv2: encoder input
FI10,embedding_and_xyz,,,,0.4375,,,,,0.7890196589067726,0.5731660203517759,,0.015174650821884456,,,,,,,,,,,,,,,,,,,,,,TabICLv2: hidden
FI2,embedding_and_xyz,,,,0.6666666666666666,,,,,0.5789792852479213,1.0513794427842036,,0.018530565945414492,,,,,,,,,,,,,,,,,,,,,,TabICLv2: model input
FI2,embedding_and_xyz,,,,0.4666666666666667,,,,,0.42241948946485397,1.3935115549161783,,0.025473856726150476,,,,,,,,,,,,,,,,,,,,,,TabICLv2: encoder input
FI2,embedding_and_xyz,,,,0.4,,,,,0.55750700717761,1.0848049440742782,,0.015523644020834174,,,,,,,,,,,,,,,,,,,,,,TabICLv2: hidden
FI5,embedding_and_xyz,,,,0.375,,,,,0.4970581659121238,1.246713985512654,,0.02647527844315424,,,,,,,,,,,,,,,,,,,,,,TabICLv2: model input
FI5,embedding_and_xyz,,,,0.8125,,,,,0.38918497650447403,1.5862934385255492,,0.01871579358535523,,,,,,,,,,,,,,,,,,,,,,TabICLv2: encoder input
FI5,embedding_and_xyz,,,,0.125,,,,,0.4948229080837215,1.2872533520817426,,0.014862395454167539,,,,,,,,,,,,,,,,,,,,,,TabICLv2: hidden
FI8,embedding_and_xyz,,,,0.4375,,,,,0.5743983396246934,1.0593746385757938,,0.02252969252702123,,,,,,,,,,,,,,,,,,,,,,TabICLv2: model input
FI8,embedding_and_xyz,,,,0.5625,,,,,0.6777995239823035,0.874205825842848,,0.015111483433335737,,,,,,,,,,,,,,,,,,,,,,TabICLv2: encoder input
FI8,embedding_and_xyz,,,,0.5625,,,,,0.8951990863046988,0.4540035743384758,,0.007496297544756831,,,,,,,,,,,,,,,,,,,,,,TabICLv2: hidden
FP1,embedding_and_xyz,,,,0.3125,,,,,0.6527509795398037,0.8892973462735927,,0.022085745904330788,,,,,,,,,,,,,,,,,,,,,,TabICLv2: model input
FP1,embedding_and_xyz,,,,0.25,,,,,0.7210349353031906,0.7791917799658996,,0.0080705501141378,,,,,,,,,,,,,,,,,,,,,,TabICLv2: encoder input
FP1,embedding_and_xyz,,,,0.125,,,,,0.7838150061025496,0.5791771877678871,,0.010120172053122017,,,,,,,,,,,,,,,,,,,,,,TabICLv2: hidden
FP11,embedding_and_xyz,,,,0.375,,,,,0.5488708287797663,1.046569110919643,,0.026905818540448063,,,,,,,,,,,,,,,,,,,,,,TabICLv2: model input
FP11,embedding_and_xyz,,,,0.1875,,,,,0.7539460565444256,0.6400254730050484,,0.01121775607317165,,,,,,,,,,,,,,,,,,,,,,TabICLv2: encoder input
FP11,embedding_and_xyz,,,,0.25,,,,,0.8185107126172206,0.4695412557181275,,0.01004447101478745,,,,,,,,,,,,,,,,,,,,,,TabICLv2: hidden
FP3,embedding_and_xyz,,,,0.3125,,,,,0.5054315044197288,1.2731512262844351,,0.02078356374604151,,,,,,,,,,,,,,,,,,,,,,TabICLv2: model input
FP3,embedding_and_xyz,,,,0.0625,,,,,0.3279155404371556,1.5679317662591883,,0.03390418571199942,,,,,,,,,,,,,,,,,,,,,,TabICLv2: encoder input
FP3,embedding_and_xyz,,,,0.125,,,,,0.4357598712166142,1.3533390125450921,,0.013370674081512194,,,,,,,,,,,,,,,,,,,,,,TabICLv2: hidden
FP4,embedding_and_xyz,,,,0.7333333333333333,,,,,0.53674201010182,1.2209617320586772,,0.021319182992660324,,,,,,,,,,,,,,,,,,,,,,TabICLv2: model input
FP4,embedding_and_xyz,,,,0.8666666666666667,,,,,0.5808058603643927,1.1194743891117225,,0.022441222617152826,,,,,,,,,,,,,,,,,,,,,,TabICLv2: encoder input
FP4,embedding_and_xyz,,,,0.5333333333333333,,,,,0.8074064149138057,0.6251695473943414,,0.01379190329578762,,,,,,,,,,,,,,,,,,,,,,TabICLv2: hidden
FP6,embedding_and_xyz,,,,0.0,,,,,0.6185637510692239,1.0816717598690235,,0.01212808445529123,,,,,,,,,,,,,,,,,,,,,,TabICLv2: model input
FP6,embedding_and_xyz,,,,0.0,,,,,0.46626384494427336,1.4130569194980265,,0.0107478662133817,,,,,,,,,,,,,,,,,,,,,,TabICLv2: encoder input
FP6,embedding_and_xyz,,,,0.0,,,,,0.60431569981794,1.048139470981163,,0.013043160929619563,,,,,,,,,,,,,,,,,,,,,,TabICLv2: hidden
FP7,embedding_and_xyz,,,,0.5,,,,,0.4706142500377134,1.312911000151289,,0.023875743530563754,,,,,,,,,,,,,,,,,,,,,,TabICLv2: model input
FP7,embedding_and_xyz,,,,0.5555555555555556,,,,,0.3946382973445222,1.5321082798017402,,0.013025519841257589,,,,,,,,,,,,,,,,,,,,,,TabICLv2: encoder input
FP7,embedding_and_xyz,,,,0.5,,,,,0.8628554997410034,0.5815041405351078,,0.007745017693305921,,,,,,,,,,,,,,,,,,,,,,TabICLv2: hidden
FP9,embedding_and_xyz,,,,0.4,,,,,0.5386596043222208,1.1142694805208297,,0.025876115716374767,,,,,,,,,,,,,,,,,,,,,,TabICLv2: model input
FP9,embedding_and_xyz,,,,0.2,,,,,0.5843910657652125,1.035283625542473,,0.017195337319365393,,,,,,,,,,,,,,,,,,,,,,TabICLv2: encoder input
FP9,embedding_and_xyz,,,,0.2,,,,,0.9080468879501441,0.4060920515670305,,0.006717528678850107,,,,,,,,,,,,,,,,,,,,,,TabICLv2: hidden
L1,embedding_and_xyz,,,,0.625,,,,,0.6603762968184355,0.9316146050225118,,0.008612991643914606,,,,,,,,,,,,,,,,,,,,,,TabICLv2: model input
L1,embedding_and_xyz,,,,0.6875,,,,,0.7699321842769014,0.6407024409649933,,0.009809257880973282,,,,,,,,,,,,,,,,,,,,,,TabICLv2: encoder input
L1,embedding_and_xyz,,,,0.625,,,,,0.8635637960084852,0.36351129794500037,,0.008527237275107062,,,,,,,,,,,,,,,,,,,,,,TabICLv2: hidden
L2,embedding_and_xyz,,,,0.6875,,,,,0.6852974860653879,0.8172551047077162,,0.01275738919520545,,,,,,,,,,,,,,,,,,,,,,TabICLv2: model input
L2,embedding_and_xyz,,,,0.5,,,,,0.7917658746182427,0.6717406680233979,,0.0069768751198424,,,,,,,,,,,,,,,,,,,,,,TabICLv2: encoder input
L2,embedding_and_xyz,,,,0.5,,,,,0.8807014247724851,0.3009629254248069,,0.006868347452089819,,,,,,,,,,,,,,,,,,,,,,TabICLv2: hidden
N1,embedding_and_xyz,,,,0.5714285714285714,,,,,0.6560319157271671,0.9016741791335726,,0.012411079734318235,,,,,,,,,,,,,,,,,,,,,,TabICLv2: model input
N1,embedding_and_xyz,,,,0.2857142857142857,,,,,0.6780828308253959,0.9210567257981391,,0.024230781441814214,,,,,,,,,,,,,,,,,,,,,,TabICLv2: encoder input
N1,embedding_and_xyz,,,,0.2857142857142857,,,,,0.7701712778998805,0.6032122761330886,,0.02076974384513177,,,,,,,,,,,,,,,,,,,,,,TabICLv2: hidden
N2,embedding_and_xyz,,,,0.36363636363636365,,,,,0.59235802359484,1.0351615375487677,,0.016988976863248618,,,,,,,,,,,,,,,,,,,,,,TabICLv2: model input
N2,embedding_and_xyz,,,,0.6363636363636364,,,,,0.6265439996232247,1.0475204798513706,,0.00779819551623941,,,,,,,,,,,,,,,,,,,,,,TabICLv2: encoder input
N2,embedding_and_xyz,,,,0.6363636363636364,,,,,0.8214333649484619,0.4877525726303931,,0.0028068198820780177,,,,,,,,,,,,,,,,,,,,,,TabICLv2: hidden
N3,embedding_and_xyz,,,,0.7142857142857143,,,,,0.47105789674964166,1.1637333066891233,,0.013889921165187086,,,,,,,,,,,,,,,,,,,,,,TabICLv2: model input
N3,embedding_and_xyz,,,,0.14285714285714285,,,,,0.479224301413714,1.1709968725011703,,0.019024785353690402,,,,,,,,,,,,,,,,,,,,,,TabICLv2: encoder input
N3,embedding_and_xyz,,,,0.0,,,,,0.696214356506173,0.6395221951224997,,0.021287998232069328,,,,,,,,,,,,,,,,,,,,,,TabICLv2: hidden
P1,embedding_and_xyz,,,,0.6842105263157895,,,,,0.6697995900456742,0.8936351426324511,,0.013724910022661253,,,,,,,,,,,,,,,,,,,,,,TabICLv2: model input
P1,embedding_and_xyz,,,,0.5789473684210527,,,,,0.748845636807666,0.7633898262932896,,0.0066422587429975045,,,,,,,,,,,,,,,,,,,,,,TabICLv2: encoder input
P1,embedding_and_xyz,,,,0.5789473684210527,,,,,0.8175338219604669,0.43513206913974933,,0.0060933269659124685,,,,,,,,,,,,,,,,,,,,,,TabICLv2: hidden
P2,embedding_and_xyz,,,,0.85,,,,,0.685401991450996,0.8549807143465186,,0.013433235787066405,,,,,,,,,,,,,,,,,,,,,,TabICLv2: model input
P2,embedding_and_xyz,,,,0.65,,,,,0.7992203966804055,0.5755276560039031,,0.012197189525246488,,,,,,,,,,,,,,,,,,,,,,TabICLv2: encoder input
P2,embedding_and_xyz,,,,0.6,,,,,0.8487667626300478,0.3749317591855509,,0.010007739390221215,,,,,,,,,,,,,,,,,,,,,,TabICLv2: hidden
P3,embedding_and_xyz,,,,0.3333333333333333,,,,,0.46579466478300907,1.3089580890947798,,0.01635795995366018,,,,,,,,,,,,,,,,,,,,,,TabICLv2: model input
P3,embedding_and_xyz,,,,0.13333333333333333,,,,,0.38899132070663983,1.4932069955569682,,0.015250999080419493,,,,,,,,,,,,,,,,,,,,,,TabICLv2: encoder input
P3,embedding_and_xyz,,,,0.13333333333333333,,,,,0.8107612744072625,0.7238952208336632,,0.010213061623911893,,,,,,,,,,,,,,,,,,,,,,TabICLv2: hidden
P4,embedding_and_xyz,,,,0.9,,,,,0.7548123095570686,0.7180887720683402,,0.0091140887231661,,,,,,,,,,,,,,,,,,,,,,TabICLv2: model input
P4,embedding_and_xyz,,,,0.65,,,,,0.7462949239994108,0.7419979315264869,,0.014795659602199427,,,,,,,,,,,,,,,,,,,,,,TabICLv2: encoder input
P4,embedding_and_xyz,,,,0.65,,,,,0.8576399101956644,0.39217685506906896,,0.01452358562537501,,,,,,,,,,,,,,,,,,,,,,TabICLv2: hidden
S1,embedding_and_xyz,,,,0.38461538461538464,,,,,0.6226106584031262,0.968502039226207,,0.03372503515433575,,,,,,,,,,,,,,,,,,,,,,TabICLv2: model input
S1,embedding_and_xyz,,,,0.38461538461538464,,,,,0.5954209176375843,1.072069484693145,,0.013643731674988332,,,,,,,,,,,,,,,,,,,,,,TabICLv2: encoder input
S1,embedding_and_xyz,,,,0.38461538461538464,,,,,0.6187797536687435,0.9506340567867976,,0.024628196416080377,,,,,,,,,,,,,,,,,,,,,,TabICLv2: hidden
S10,embedding_and_xyz,,,,0.18181818181818182,,,,,0.6302022712388827,0.933611737557957,,0.028388284322638277,,,,,,,,,,,,,,,,,,,,,,TabICLv2: model input
S10,embedding_and_xyz,,,,0.2727272727272727,,,,,0.4899401177361383,1.2308537790497023,,0.021390293069150988,,,,,,,,,,,,,,,,,,,,,,TabICLv2: encoder input
S10,embedding_and_xyz,,,,0.5454545454545454,,,,,0.756746546755974,0.7646662964141776,,0.011723704516508872,,,,,,,,,,,,,,,,,,,,,,TabICLv2: hidden
S11,embedding_and_xyz,,,,0.75,,,,,0.574953466265417,1.061670762016548,,0.024089169769726807,,,,,,,,,,,,,,,,,,,,,,TabICLv2: model input
S11,embedding_and_xyz,,,,0.45,,,,,0.6711368106673647,0.8368609319332478,,0.01209812855670099,,,,,,,,,,,,,,,,,,,,,,TabICLv2: encoder input
S11,embedding_and_xyz,,,,0.15,,,,,0.8576139754178213,0.4171967366490639,,0.009580714281010663,,,,,,,,,,,,,,,,,,,,,,TabICLv2: hidden
S12,embedding_and_xyz,,,,0.68,,,,,0.5368832387164213,1.1418286306654204,,0.025306480393031353,,,,,,,,,,,,,,,,,,,,,,TabICLv2: model input
S12,embedding_and_xyz,,,,0.76,,,,,0.6750591485853122,0.8634297371999247,,0.03199593554591706,,,,,,,,,,,,,,,,,,,,,,TabICLv2: encoder input
S12,embedding_and_xyz,,,,0.76,,,,,0.7834614013096908,0.5724147349980621,,0.007942706823021544,,,,,,,,,,,,,,,,,,,,,,TabICLv2: hidden
S13,embedding_and_xyz,,,,0.13636363636363635,,,,,0.5623478670456474,1.103923898077776,,0.019091205183976348,,,,,,,,,,,,,,,,,,,,,,TabICLv2: model input
S13,embedding_and_xyz,,,,0.3181818181818182,,,,,0.7504649660072951,0.754527009992789,,0.014117288778824467,,,,,,,,,,,,,,,,,,,,,,TabICLv2: encoder input
S13,embedding_and_xyz,,,,0.3181818181818182,,,,,0.8704729906076861,0.4191874413733025,,0.007865522524425995,,,,,,,,,,,,,,,,,,,,,,TabICLv2: hidden
S14,embedding_and_xyz,,,,0.5263157894736842,,,,,0.7477431563839572,0.6702106955818865,,0.009069177429369753,,,,,,,,,,,,,,,,,,,,,,TabICLv2: model input
S14,embedding_and_xyz,,,,0.5789473684210527,,,,,0.6998530034977546,0.7323806256832482,,0.010467649509564952,,,,,,,,,,,,,,,,,,,,,,TabICLv2: encoder input
S14,embedding_and_xyz,,,,0.3684210526315789,,,,,0.7590316323233496,0.5189858855324939,,0.0068281480232727,,,,,,,,,,,,,,,,,,,,,,TabICLv2: hidden
S2,embedding_and_xyz,,,,0.3076923076923077,,,,,0.6422131393506512,0.9641107538730734,,0.015849610348726093,,,,,,,,,,,,,,,,,,,,,,TabICLv2: model input
S2,embedding_and_xyz,,,,0.23076923076923078,,,,,0.7462104757055269,0.6854633602821684,,0.009106908028704685,,,,,,,,,,,,,,,,,,,,,,TabICLv2: encoder input
S2,embedding_and_xyz,,,,0.15384615384615385,,,,,0.8144171190962418,0.47517297109054835,,0.006520397918678831,,,,,,,,,,,,,,,,,,,,,,TabICLv2: hidden
S3,embedding_and_xyz,,,,0.46153846153846156,,,,,0.5834483321678429,1.0522050537293441,,0.021121100114862717,,,,,,,,,,,,,,,,,,,,,,TabICLv2: model input
S3,embedding_and_xyz,,,,0.7692307692307693,,,,,0.5372850169769481,1.2183531192558725,,0.014648735092640423,,,,,,,,,,,,,,,,,,,,,,TabICLv2: encoder input
S3,embedding_and_xyz,,,,0.5384615384615384,,,,,0.8060879486112896,0.606934022194122,,0.016523634227102145,,,,,,,,,,,,,,,,,,,,,,TabICLv2: hidden
S4,embedding_and_xyz,,,,0.6666666666666666,,,,,0.732926741413313,0.7344340457266217,,0.00958757138314763,,,,,,,,,,,,,,,,,,,,,,TabICLv2: model input
S4,embedding_and_xyz,,,,0.6666666666666666,,,,,0.683889722711298,0.7751831584102097,,0.012268329574027216,,,,,,,,,,,,,,,,,,,,,,TabICLv2: encoder input
S4,embedding_and_xyz,,,,0.42857142857142855,,,,,0.7565243165905239,0.5448314349849607,,0.009229676410904705,,,,,,,,,,,,,,,,,,,,,,TabICLv2: hidden
S5,embedding_and_xyz,,,,0.5625,,,,,0.5936661781182956,1.0186117601621634,,0.01891889054740005,,,,,,,,,,,,,,,,,,,,,,TabICLv2: model input
S5,embedding_and_xyz,,,,0.25,,,,,0.5050925918142817,1.1882335353774847,,0.032044172765235565,,,,,,,,,,,,,,,,,,,,,,TabICLv2: encoder input
S5,embedding_and_xyz,,,,0.0,,,,,0.7128203239532318,0.791718361051333,,0.009770857292784312,,,,,,,,,,,,,,,,,,,,,,TabICLv2: hidden
S6,embedding_and_xyz,,,,0.5384615384615384,,,,,0.5507557603452715,1.1219065426261765,,0.018484078224587645,,,,,,,,,,,,,,,,,,,,,,TabICLv2: model input
S6,embedding_and_xyz,,,,0.38461538461538464,,,,,0.48256079050090267,1.2107921593126079,,0.02143196573016099,,,,,,,,,,,,,,,,,,,,,,TabICLv2: encoder input
S6,embedding_and_xyz,,,,0.5384615384615384,,,,,0.8615025693128674,0.5110454914803119,,0.004922420199288138,,,,,,,,,,,,,,,,,,,,,,TabICLv2: hidden
S7,embedding_and_xyz,,,,0.6666666666666666,,,,,0.5635968665216592,1.097364030151879,,0.01941123708460334,,,,,,,,,,,,,,,,,,,,,,TabICLv2: model input
S7,embedding_and_xyz,,,,0.2777777777777778,,,,,0.6706996850469596,0.8884454867970578,,0.023796685772534885,,,,,,,,,,,,,,,,,,,,,,TabICLv2: encoder input
S7,embedding_and_xyz,,,,0.2222222222222222,,,,,0.8027217521721496,0.5561554868132849,,0.014272645425621764,,,,,,,,,,,,,,,,,,,,,,TabICLv2: hidden
S8,embedding_and_xyz,,,,0.7894736842105263,,,,,0.612672489089344,1.0348582895919685,,0.02420466404458416,,,,,,,,,,,,,,,,,,,,,,TabICLv2: model input
S8,embedding_and_xyz,,,,0.631578947368421,,,,,0.7322334525606049,0.7421060668827163,,0.011407685980607972,,,,,,,,,,,,,,,,,,,,,,TabICLv2: encoder input
S8,embedding_and_xyz,,,,0.42105263157894735,,,,,0.837257760733252,0.4235133412034796,,0.011766855385669923,,,,,,,,,,,,,,,,,,,,,,TabICLv2: hidden
S9,embedding_and_xyz,,,,0.5384615384615384,,,,,0.5470501573603228,1.1463619009335146,,0.013382262748560138,,,,,,,,,,,,,,,,,,,,,,TabICLv2: model input
S9,embedding_and_xyz,,,,0.5769230769230769,,,,,0.6494709745065261,0.8963219249578249,,0.02021469860777976,,,,,,,,,,,,,,,,,,,,,,TabICLv2: encoder input
S9,embedding_and_xyz,,,,0.7307692307692307,,,,,0.8399595318032221,0.5348373367521674,,0.007094467567199397,,,,,,,,,,,,,,,,,,,,,,TabICLv2: hidden
SC1,embedding_and_xyz,,,,0.5263157894736842,,,,,0.6829591657770949,0.80715615086731,,0.012101349351795125,,,,,,,,,,,,,,,,,,,,,,TabICLv2: model input
SC1,embedding_and_xyz,,,,0.5526315789473685,,,,,0.7544488030509282,0.6875418555453162,,0.015497383484600434,,,,,,,,,,,,,,,,,,,,,,TabICLv2: encoder input
SC1,embedding_and_xyz,,,,0.7105263157894737,,,,,0.8607870777095634,0.36119031810290414,,0.008275194145650578,,,,,,,,,,,,,,,,,,,,,,TabICLv2: hidden
SC2,embedding_and_xyz,,,,0.7419354838709677,,,,,0.5341248087954347,1.1432106950026357,,0.026127847331445783,,,,,,,,,,,,,,,,,,,,,,TabICLv2: model input
SC2,embedding_and_xyz,,,,0.6774193548387096,,,,,0.5486113319694558,1.1617071087921436,,0.016190553732898825,,,,,,,,,,,,,,,,,,,,,,TabICLv2: encoder input
SC2,embedding_and_xyz,,,,0.5483870967741935,,,,,0.732005746285259,0.7400175094644804,,0.02708587618825486,,,,,,,,,,,,,,,,,,,,,,TabICLv2: hidden
SC3,embedding_and_xyz,,,,0.76,,,,,0.7600193775243343,0.7331624984830138,,0.00878648668822752,,,,,,,,,,,,,,,,,,,,,,TabICLv2: model input
SC3,embedding_and_xyz,,,,0.6,,,,,0.8344299890094178,0.4662525530991629,,0.0058046259873247245,,,,,,,,,,,,,,,,,,,,,,TabICLv2: encoder input
SC3,embedding_and_xyz,,,,0.6,,,,,0.9325482525153839,0.22263239428585763,,0.0012106913797072876,,,,,,,,,,,,,,,,,,,,,,TabICLv2: hidden
SG1,embedding_and_xyz,,,,0.6842105263157895,,,,,0.703623176127296,0.7895957236528013,,0.02017226973575012,,,,,,,,,,,,,,,,,,,,,,TabICLv2: model input
SG1,embedding_and_xyz,,,,0.5789473684210527,,,,,0.8024973881904901,0.5632863437667529,,0.007482904145432128,,,,,,,,,,,,,,,,,,,,,,TabICLv2: encoder input
SG1,embedding_and_xyz,,,,0.5789473684210527,,,,,0.8811173465825552,0.33673568193266074,,0.007938799395750732,,,,,,,,,,,,,,,,,,,,,,TabICLv2: hidden
SG2,embedding_and_xyz,,,,0.6842105263157895,,,,,0.720290751982398,0.7754724998653146,,0.007310337943080018,,,,,,,,,,,,,,,,,,,,,,TabICLv2: model input
SG2,embedding_and_xyz,,,,0.47368421052631576,,,,,0.7420204688131319,0.7419238104672505,,0.015603818538738327,,,,,,,,,,,,,,,,,,,,,,TabICLv2: encoder input
SG2,embedding_and_xyz,,,,0.47368421052631576,,,,,0.8609650645158863,0.3541734872564734,,0.017630280510769106,,,,,,,,,,,,,,,,,,,,,,TabICLv2: hidden
SG3,embedding_and_xyz,,,,0.8947368421052632,,,,,0.7089699391665331,0.8204268817176524,,0.012542375088290918,,,,,,,,,,,,,,,,,,,,,,TabICLv2: model input
SG3,embedding_and_xyz,,,,0.6842105263157895,,,,,0.8199386940880786,0.5398474792302237,,0.008407095071618279,,,,,,,,,,,,,,,,,,,,,,TabICLv2: encoder input
SG3,embedding_and_xyz,,,,0.6842105263157895,,,,,0.8941486173288836,0.316469752504933,,0.011397564140829158,,,,,,,,,,,,,,,,,,,,,,TabICLv2: hidden
SG4,embedding_and_xyz,,,,0.8947368421052632,,,,,0.7277708517125556,0.7618886485128126,,0.006190381751064142,,,,,,,,,,,,,,,,,,,,,,TabICLv2: model input
SG4,embedding_and_xyz,,,,0.6842105263157895,,,,,0.798437528579449,0.5662634544570972,,0.008771714076394075,,,,,,,,,,,,,,,,,,,,,,TabICLv2: encoder input
SG4,embedding_and_xyz,,,,0.6842105263157895,,,,,0.9226263594526339,0.2589125792410222,,0.005048077871220621,,,,,,,,,,,,,,,,,,,,,,TabICLv2: hidden
SP1,embedding_and_xyz,,,,0.8333333333333334,,,,,0.7237914404525156,0.7913871278546409,,0.010314175623082884,,,,,,,,,,,,,,,,,,,,,,TabICLv2: model input
SP1,embedding_and_xyz,,,,0.6666666666666666,,,,,0.5865964747412079,0.8955000514007573,,0.008412937048816616,,,,,,,,,,,,,,,,,,,,,,TabICLv2: encoder input
SP1,embedding_and_xyz,,,,0.3333333333333333,,,,,0.6194328899856997,0.8063539151432902,,0.025782739676386102,,,,,,,,,,,,,,,,,,,,,,TabICLv2: hidden
SP2,embedding_and_xyz,,,,0.8333333333333334,,,,,0.8745646375569871,0.44768083276249365,,0.010119419021669117,,,,,,,,,,,,,,,,,,,,,,TabICLv2: model input
SP2,embedding_and_xyz,,,,0.6666666666666666,,,,,0.7250694314620242,0.7554097209923283,,0.02048170282369915,,,,,,,,,,,,,,,,,,,,,,TabICLv2: encoder input
SP2,embedding_and_xyz,,,,0.5,,,,,0.6488284321211365,0.7440736282221411,,0.0268955702948268,,,,,,,,,,,,,,,,,,,,,,TabICLv2: hidden
SP3,embedding_and_xyz,,,,0.8333333333333334,,,,,0.7442391281741951,0.6710436887925795,,0.011585911174295348,,,,,,,,,,,,,,,,,,,,,,TabICLv2: model input
SP3,embedding_and_xyz,,,,0.8333333333333334,,,,,0.6148525451543337,0.8336698945088501,,0.02255728328878358,,,,,,,,,,,,,,,,,,,,,,TabICLv2: encoder input
SP3,embedding_and_xyz,,,,0.6666666666666666,,,,,0.6097990362556028,0.8166928610196651,,0.009625364983522134,,,,,,,,,,,,,,,,,,,,,,TabICLv2: hidden
T1,embedding_and_xyz,,,,0.23076923076923078,,,,,0.6112796092117573,1.0544317107637828,,0.012860069168323432,,,,,,,,,,,,,,,,,,,,,,TabICLv2: model input
T1,embedding_and_xyz,,,,0.6153846153846154,,,,,0.4917322740239024,1.2188695260004683,,0.029926118298066056,,,,,,,,,,,,,,,,,,,,,,TabICLv2: encoder input
T1,embedding_and_xyz,,,,0.5384615384615384,,,,,0.6788134694016362,0.7540061728705166,,0.01277985844708068,,,,,,,,,,,,,,,,,,,,,,TabICLv2: hidden
T13,embedding_and_xyz,,,,0.3076923076923077,,,,,0.6434032627076601,0.9796904369307737,,0.01098842765094447,,,,,,,,,,,,,,,,,,,,,,TabICLv2: model input
T13,embedding_and_xyz,,,,0.07692307692307693,,,,,0.6874960343914822,0.7878219792074186,,0.007791733819637815,,,,,,,,,,,,,,,,,,,,,,TabICLv2: encoder input
T13,embedding_and_xyz,,,,0.15384615384615385,,,,,0.8056952432626855,0.5555920975988771,,0.009093540631261932,,,,,,,,,,,,,,,,,,,,,,TabICLv2: hidden
T14,embedding_and_xyz,,,,0.46153846153846156,,,,,0.5970418660866527,1.0441373133770186,,0.018252942300891726,,,,,,,,,,,,,,,,,,,,,,TabICLv2: model input
T14,embedding_and_xyz,,,,0.07692307692307693,,,,,0.6695342204986268,0.8803089108547032,,0.017040396245798888,,,,,,,,,,,,,,,,,,,,,,TabICLv2: encoder input
T14,embedding_and_xyz,,,,0.0,,,,,0.7565098531583014,0.6631655966560539,,0.013972151933888304,,,,,,,,,,,,,,,,,,,,,,TabICLv2: hidden
T15,embedding_and_xyz,,,,0.6923076923076923,,,,,0.6034504292929825,1.033149860253628,,0.008353009768659254,,,,,,,,,,,,,,,,,,,,,,TabICLv2: model input
T15,embedding_and_xyz,,,,0.6153846153846154,,,,,0.743290160907737,0.7001212483004409,,0.009387364477203421,,,,,,,,,,,,,,,,,,,,,,TabICLv2: encoder input
T15,embedding_and_xyz,,,,0.6153846153846154,,,,,0.8889098323683478,0.3498747702550816,,0.0103146312544854,,,,,,,,,,,,,,,,,,,,,,TabICLv2: hidden
T16,embedding_and_xyz,,,,0.6923076923076923,,,,,0.6592840734962179,0.8925998166575432,,0.015609758365242414,,,,,,,,,,,,,,,,,,,,,,TabICLv2: model input
T16,embedding_and_xyz,,,,0.6923076923076923,,,,,0.7322886238379647,0.6934167398618221,,0.006316791734021807,,,,,,,,,,,,,,,,,,,,,,TabICLv2: encoder input
T16,embedding_and_xyz,,,,0.6153846153846154,,,,,0.8756816831526264,0.33603420299968384,,0.004896701724500255,,,,,,,,,,,,,,,,,,,,,,TabICLv2: hidden
T17,embedding_and_xyz,,,,0.8888888888888888,,,,,0.5994757266750056,0.9461888733068782,,0.01600963012256901,,,,,,,,,,,,,,,,,,,,,,TabICLv2: model input
T17,embedding_and_xyz,,,,0.8888888888888888,,,,,0.5592861378691715,1.0537043443255176,,0.014621683638777345,,,,,,,,,,,,,,,,,,,,,,TabICLv2: encoder input
T17,embedding_and_xyz,,,,0.7777777777777778,,,,,0.7994226302736529,0.5807933713083198,,0.006523837473735089,,,,,,,,,,,,,,,,,,,,,,TabICLv2: hidden
T18,embedding_and_xyz,,,,0.375,,,,,0.5767222422821954,0.8727411254308158,,0.01746854841702774,,,,,,,,,,,,,,,,,,,,,,TabICLv2: model input
T18,embedding_and_xyz,,,,0.625,,,,,0.5304098246623988,0.9192917971406469,,0.029103611883527163,,,,,,,,,,,,,,,,,,,,,,TabICLv2: encoder input
T18,embedding_and_xyz,,,,1.0,,,,,0.6741075367054906,0.8041845747057165,,0.010295742684921425,,,,,,,,,,,,,,,,,,,,,,TabICLv2: hidden
T19,embedding_and_xyz,,,,0.5384615384615384,,,,,0.6076695530400846,0.9420316076706139,,0.02789830669799727,,,,,,,,,,,,,,,,,,,,,,TabICLv2: model input
T19,embedding_and_xyz,,,,0.38461538461538464,,,,,0.7477073633415222,0.6803389700172251,,0.01420063314253006,,,,,,,,,,,,,,,,,,,,,,TabICLv2: encoder input
T19,embedding_and_xyz,,,,0.46153846153846156,,,,,0.8265288019500459,0.48991250709866735,,0.00962822031687455,,,,,,,,,,,,,,,,,,,,,,TabICLv2: hidden
T2,embedding_and_xyz,,,,0.5,,,,,0.6288612913401815,1.0783265008833336,,0.014673012520641819,,,,,,,,,,,,,,,,,,,,,,TabICLv2: model input
T2,embedding_and_xyz,,,,0.5,,,,,0.508914227209739,1.2793550412174264,,0.02191681764922287,,,,,,,,,,,,,,,,,,,,,,TabICLv2: encoder input
T2,embedding_and_xyz,,,,0.5,,,,,0.559887835406455,1.0518226667645705,,0.018660545243789534,,,,,,,,,,,,,,,,,,,,,,TabICLv2: hidden
T20,embedding_and_xyz,,,,0.6666666666666666,,,,,0.5281651712832116,1.0972208867935274,,0.017820478732266984,,,,,,,,,,,,,,,,,,,,,,TabICLv2: model input
T20,embedding_and_xyz,,,,0.16666666666666666,,,,,0.6044443308845269,1.0231353722457908,,0.008584479974653067,,,,,,,,,,,,,,,,,,,,,,TabICLv2: encoder input
T20,embedding_and_xyz,,,,0.0,,,,,0.7029028895797356,0.7235875963543635,,0.018073704465772802,,,,,,,,,,,,,,,,,,,,,,TabICLv2: hidden
T23,embedding_and_xyz,,,,0.15789473684210525,,,,,0.5516591233615259,1.1145497671038251,,0.020985748884192072,,,,,,,,,,,,,,,,,,,,,,TabICLv2: model input
T23,embedding_and_xyz,,,,0.3157894736842105,,,,,0.6294972960968502,0.9534207456650216,,0.02684065142550617,,,,,,,,,,,,,,,,,,,,,,TabICLv2: encoder input
T23,embedding_and_xyz,,,,0.3684210526315789,,,,,0.716243933084204,0.7253244212958009,,0.013295091677541684,,,,,,,,,,,,,,,,,,,,,,TabICLv2: hidden
T24,embedding_and_xyz,,,,0.09090909090909091,,,,,0.5529143909023116,1.082206348670239,,0.01690775944581331,,,,,,,,,,,,,,,,,,,,,,TabICLv2: model input
T24,embedding_and_xyz,,,,0.09090909090909091,,,,,0.5029235420421299,1.0548721296727268,,0.015366793847123993,,,,,,,,,,,,,,,,,,,,,,TabICLv2: encoder input
T24,embedding_and_xyz,,,,0.6363636363636364,,,,,0.7345162720845871,0.7678845144988422,,0.00970930650610398,,,,,,,,,,,,,,,,,,,,,,TabICLv2: hidden
T25,embedding_and_xyz,,,,0.4444444444444444,,,,,0.6259474600170498,0.9243924870678811,,0.010987608332282135,,,,,,,,,,,,,,,,,,,,,,TabICLv2: model input
T25,embedding_and_xyz,,,,0.0,,,,,0.5097118363690769,1.053967308909636,,0.04693860685542167,,,,,,,,,,,,,,,,,,,,,,TabICLv2: encoder input
T25,embedding_and_xyz,,,,0.2222222222222222,,,,,0.5626845343714935,1.0168646105046213,,0.02985853847357058,,,,,,,,,,,,,,,,,,,,,,TabICLv2: hidden
T26,embedding_and_xyz,,,,0.1111111111111111,,,,,0.6491655498585226,0.9066979640273589,,0.015817844587516755,,,,,,,,,,,,,,,,,,,,,,TabICLv2: model input
T26,embedding_and_xyz,,,,0.1111111111111111,,,,,0.647279345388085,0.913028110190191,,0.019716642656585168,,,,,,,,,,,,,,,,,,,,,,TabICLv2: encoder input
T26,embedding_and_xyz,,,,0.6666666666666666,,,,,0.6358141025251891,0.936917794841892,,0.010924522861820501,,,,,,,,,,,,,,,,,,,,,,TabICLv2: hidden
T27,embedding_and_xyz,,,,0.4444444444444444,,,,,0.5546308419646415,1.077726102035706,,0.020139588198049594,,,,,,,,,,,,,,,,,,,,,,TabICLv2: model input
T27,embedding_and_xyz,,,,0.0,,,,,0.6755118223151233,0.868310026064708,,0.01922999086137485,,,,,,,,,,,,,,,,,,,,,,TabICLv2: encoder input
T27,embedding_and_xyz,,,,0.4444444444444444,,,,,0.6275083927485451,1.0277711196558572,,0.01901595421667297,,,,,,,,,,,,,,,,,,,,,,TabICLv2: hidden
T28,embedding_and_xyz,,,,0.7777777777777778,,,,,0.5658334579428906,1.0274572642121125,,0.033394074636746346,,,,,,,,,,,,,,,,,,,,,,TabICLv2: model input
T28,embedding_and_xyz,,,,0.2222222222222222,,,,,0.6135994617741831,0.9633073087442023,,0.023310732590715907,,,,,,,,,,,,,,,,,,,,,,TabICLv2: encoder input
T28,embedding_and_xyz,,,,0.3333333333333333,,,,,0.6750399390049157,0.8247660285248843,,0.0126409560035434,,,,,,,,,,,,,,,,,,,,,,TabICLv2: hidden
T3,embedding_and_xyz,,,,0.38461538461538464,,,,,0.6400735592661599,1.0212669966539467,,0.0206864140066397,,,,,,,,,,,,,,,,,,,,,,TabICLv2: model input
T3,embedding_and_xyz,,,,0.6153846153846154,,,,,0.7175908751102628,0.8680929403865482,,0.009449128970486708,,,,,,,,,,,,,,,,,,,,,,TabICLv2: encoder input
T3,embedding_and_xyz,,,,0.6153846153846154,,,,,0.8587776180980775,0.46003468151075044,,0.0059059228067055766,,,,,,,,,,,,,,,,,,,,,,TabICLv2: hidden
T4,embedding_and_xyz,,,,0.23076923076923078,,,,,0.5603219709794265,1.0934142754389091,,0.013933781736223453,,,,,,,,,,,,,,,,,,,,,,TabICLv2: model input
T4,embedding_and_xyz,,,,0.6153846153846154,,,,,0.3962879263152415,1.5211588336567492,,0.011543180700140107,,,,,,,,,,,,,,,,,,,,,,TabICLv2: encoder input
T4,embedding_and_xyz,,,,0.5384615384615384,,,,,0.6287194381350732,1.0234104640196005,,0.011150967954942408,,,,,,,,,,,,,,,,,,,,,,TabICLv2: hidden
T5,embedding_and_xyz,,,,0.3076923076923077,,,,,0.4406586132530522,1.410206664468245,,0.025583933306899086,,,,,,,,,,,,,,,,,,,,,,TabICLv2: model input
T5,embedding_and_xyz,,,,0.23076923076923078,,,,,0.31918894354149796,1.6131249155535434,,0.0074683345700074615,,,,,,,,,,,,,,,,,,,,,,TabICLv2: encoder input
T5,embedding_and_xyz,,,,0.46153846153846156,,,,,0.4380665003976381,1.4458007911588169,,0.014760968676544417,,,,,,,,,,,,,,,,,,,,,,TabICLv2: hidden
U1,embedding_and_xyz,,,,0.47368421052631576,,,,,0.7823666463384068,0.6146611625345088,,0.01951483564556656,,,,,,,,,,,,,,,,,,,,,,TabICLv2: model input
U1,embedding_and_xyz,,,,0.5263157894736842,,,,,0.7222398566608201,0.7144418813989999,,0.023640475428008727,,,,,,,,,,,,,,,,,,,,,,TabICLv2: encoder input
U1,embedding_and_xyz,,,,0.5263157894736842,,,,,0.8073260595181762,0.44552935870126636,,0.0069719117881433,,,,,,,,,,,,,,,,,,,,,,TabICLv2: hidden
U2,embedding_and_xyz,,,,0.47368421052631576,,,,,0.7080624417596335,0.7367701903632939,,0.01392221725381851,,,,,,,,,,,,,,,,,,,,,,TabICLv2: model input
U2,embedding_and_xyz,,,,0.6842105263157895,,,,,0.6429765927465739,0.8911702563465058,,0.023617872445056136,,,,,,,,,,,,,,,,,,,,,,TabICLv2: encoder input
U2,embedding_and_xyz,,,,0.7368421052631579,,,,,0.6981748706808707,0.6517199086261477,,0.01396734858047088,,,,,,,,,,,,,,,,,,,,,,TabICLv2: hidden
U3,embedding_and_xyz,,,,0.5789473684210527,,,,,0.7051546829523223,0.7994437824943235,,0.014899586373202232,,,,,,,,,,,,,,,,,,,,,,TabICLv2: model input
U3,embedding_and_xyz,,,,0.6842105263157895,,,,,0.6035206728437722,0.8910698315051961,,0.010595129977657746,,,,,,,,,,,,,,,,,,,,,,TabICLv2: encoder input
U3,embedding_and_xyz,,,,0.5263157894736842,,,,,0.7095324918494506,0.6665487660190926,,0.015171598883702675,,,,,,,,,,,,,,,,,,,,,,TabICLv2: hidden
U4,embedding_and_xyz,,,,0.0,,,,,0.717437594830965,0.7804936974887473,,0.015436453849907949,,,,,,,,,,,,,,,,,,,,,,TabICLv2: model input
U4,embedding_and_xyz,,,,0.0,,,,,0.720557072097997,0.7052373473186377,,0.015103292425483781,,,,,,,,,,,,,,,,,,,,,,TabICLv2: encoder input
U4,embedding_and_xyz,,,,0.0,,,,,0.8148946480311139,0.4281401700166125,,0.008245924072999618,,,,,,,,,,,,,,,,,,,,,,TabICLv2: hidden
U5,embedding_and_xyz,,,,0.1875,,,,,0.7444821610293426,0.6948170892319979,,0.0129310243018874,,,,,,,,,,,,,,,,,,,,,,TabICLv2: model input
U5,embedding_and_xyz,,,,0.1875,,,,,0.6756772602983262,0.7661603848291472,,0.018180142462969694,,,,,,,,,,,,,,,,,,,,,,TabICLv2: encoder input
U5,embedding_and_xyz,,,,0.5625,,,,,0.688195667715276,0.6563150247540237,,0.012155166697660306,,,,,,,,,,,,,,,,,,,,,,TabICLv2: hidden
U6,embedding_and_xyz,,,,0.25,,,,,0.74547318388843,0.7301967149755826,,0.0201605837815466,,,,,,,,,,,,,,,,,,,,,,TabICLv2: model input
U6,embedding_and_xyz,,,,0.5625,,,,,0.6310635955273338,0.8425486129475275,,0.016592810795610084,,,,,,,,,,,,,,,,,,,,,,TabICLv2: encoder input
U6,embedding_and_xyz,,,,0.6875,,,,,0.876642480506882,0.399849962802669,,0.008012999974853937,,,,,,,,,,,,,,,,,,,,,,TabICLv2: hidden
V1,embedding_and_xyz,,,,0.2222222222222222,,,,,0.5428061259213066,1.0380771371931499,,0.012472736883377744,,,,,,,,,,,,,,,,,,,,,,TabICLv2: model input
V1,embedding_and_xyz,,,,0.0,,,,,0.5717453516192588,1.0830696879832913,,0.02656116749645419,,,,,,,,,,,,,,,,,,,,,,TabICLv2: encoder input
V1,embedding_and_xyz,,,,0.1111111111111111,,,,,0.783451646375577,0.6201257027445272,,0.010034191176215167,,,,,,,,,,,,,,,,,,,,,,TabICLv2: hidden
V2,embedding_and_xyz,,,,0.8888888888888888,,,,,0.6230076109340777,1.0555407987686722,,0.013966564275246143,,,,,,,,,,,,,,,,,,,,,,TabICLv2: model input
V2,embedding_and_xyz,,,,0.5555555555555556,,,,,0.5434795436730662,1.0664355657244118,,0.025499808142243997,,,,,,,,,,,,,,,,,,,,,,TabICLv2: encoder input
V2,embedding_and_xyz,,,,0.8888888888888888,,,,,0.6610352202479471,0.8116074686036379,,0.0179523725268273,,,,,,,,,,,,,,,,,,,,,,TabICLv2: hidden
V3,embedding_and_xyz,,,,0.5384615384615384,,,,,0.4828336237254974,1.2479480385148969,,0.02940106160394596,,,,,,,,,,,,,,,,,,,,,,TabICLv2: model input
V3,embedding_and_xyz,,,,0.3076923076923077,,,,,0.6262381521933235,0.9663140891845896,,0.010306980444786869,,,,,,,,,,,,,,,,,,,,,,TabICLv2: encoder input
V3,embedding_and_xyz,,,,0.23076923076923078,,,,,0.5790011619956701,0.9351349143558813,,0.011210021583961418,,,,,,,,,,,,,,,,,,,,,,TabICLv2: hidden
