embedding,configuration,uq_method,space,num_folds,accuracy,kappa,error_auroc_confidence_complement,error_auroc_total_uncertainty,error_auroc_epistemic,error_auprc_confidence_complement,error_auprc_total_uncertainty,error_auprc_epistemic,error_auprc_total_uncertainty_lift,error_auprc_epistemic_lift,aurc,ece,source
minilm-en,Depth only,Deep Ensemble,classification_head,11.0,0.4320652173913043,0.2518097568189199,0.5003039330745389,0.5657999275624046,0.6059783572135496,0.5804227329665297,0.6517414195219666,0.6570436224589703,1.1475638391582952,1.1568997754301487,0.5357754602549508,0.2393252414205799,C:\Users\p06596\Documents\check\CNR-BOVINO\progetti_BOVINO\geological-transformer\src\results_uq\unified_feature_representation_study\stage3_minilm_ablation\depth_only\deep_ensemble\fold_metrics.csv
minilm-en,Depth only,LLLA,classification_head,11.0,0.4347826086956521,0.2537243826325639,0.6403972355769231,0.6957437814942887,0.5564857638187198,0.7007195435374587,0.7423086881286306,0.6334226972866549,1.3133153713045,1.120670925968697,0.4349272979865733,0.1912751164611266,C:\Users\p06596\Documents\check\CNR-BOVINO\progetti_BOVINO\geological-transformer\src\results_uq\unified_feature_representation_study\stage3_minilm_ablation\depth_only\laplace\fold_metrics.csv
minilm-en,Depth only,MC dropout,classification_head,11.0,0.4304347826086956,0.2483400256061813,0.5177370074793739,0.5863723751568277,0.5571609520616535,0.589963486752216,0.6576790436709323,0.6286389680784338,1.1547036644604154,1.1037172721987767,0.5313736756434746,0.2186004722409922,C:\Users\p06596\Documents\check\CNR-BOVINO\progetti_BOVINO\geological-transformer\src\results_uq\unified_feature_representation_study\stage3_minilm_ablation\depth_only\mc_dropout\fold_metrics.csv
minilm-en,Depth only,Subsample Ensemble,classification_head,11.0,0.4347826086956521,0.2539082099241097,0.5827061298076923,0.6342693429395179,0.6295148048834268,0.6105751445851432,0.6784764203273006,0.6739479707111325,1.2003813590406087,1.1923694866427728,0.4906818808727377,0.2171014064518006,C:\Users\p06596\Documents\check\CNR-BOVINO\progetti_BOVINO\geological-transformer\src\results_uq\unified_feature_representation_study\stage3_minilm_ablation\depth_only\subsample_ensemble\fold_metrics.csv
minilm-en,Depth only,TabICLv2: encoder input,encoder_input,,0.4315217391304348,0.2293792359537604,0.49191474298153937,0.4700923754160024,0.5872991027351407,0.5868046998873697,0.5729792893605519,0.6829046755967196,1.0079176791810855,1.2012854714129677,0.654747482859755,0.159402992034342,C:\Users\p06596\Documents\check\CNR-BOVINO\progetti_BOVINO\geological-transformer\src\results_uq\unified_feature_representation_study\stage3_minilm_ablation\depth_only\tabicl\summary.csv
minilm-en,Depth only,TabICLv2: hidden,hidden,,0.4277173913043478,0.2285361051330189,0.4973591517428875,0.4758003694894843,0.5740782975005762,0.5983681138942272,0.5763784733721141,0.6785354025192244,1.007157066481187,1.1856649008882933,0.6545514763774707,0.164965940956739,C:\Users\p06596\Documents\check\CNR-BOVINO\progetti_BOVINO\geological-transformer\src\results_uq\unified_feature_representation_study\stage3_minilm_ablation\depth_only\tabicl\summary.csv
minilm-en,Depth only,TabICLv2: model input,model_input,,0.4315217391304348,0.2285962555270894,0.496415515987497,0.4760151422475449,0.5833883187000015,0.5985358005275498,0.5773239748817156,0.6622737883218663,1.0155603382240503,1.164994044466763,0.6511970852804565,0.1563524587417371,C:\Users\p06596\Documents\check\CNR-BOVINO\progetti_BOVINO\geological-transformer\src\results_uq\unified_feature_representation_study\stage3_minilm_ablation\depth_only\tabicl\summary.csv
bge-base,Embeddings + XYZ + depth: PCA 16,Deep Ensemble,classification_head,11.0,0.6755434782608696,0.5435719863955346,0.685519983936847,0.6958065773911946,0.6367155340879898,0.5107767102572844,0.5448025005089019,0.4594715653868399,1.679123284650552,1.416126767691433,0.2209738946815554,0.1388102681902439,C:\Users\p06596\Documents\check\CNR-BOVINO\progetti_BOVINO\geological-transformer\src\results_uq\unified_feature_representation_study\stage4_all_embeddings_ablation\bge-base\full_pca016\deep_ensemble\fold_metrics.csv
bge-base,Embeddings + XYZ + depth: PCA 16,LLLA,classification_head,11.0,0.6570652173913043,0.5177812444403079,0.6745329206859804,0.6703979440581245,0.6070745189501592,0.5005784267741457,0.53130790491316,0.4608485099905907,1.5492972187642067,1.3438371765177286,0.2422591402169418,0.1387316229712703,C:\Users\p06596\Documents\check\CNR-BOVINO\progetti_BOVINO\geological-transformer\src\results_uq\unified_feature_representation_study\stage4_all_embeddings_ablation\bge-base\full_pca016\laplace\fold_metrics.csv
bge-base,Embeddings + XYZ + depth: PCA 16,MC dropout,classification_head,11.0,0.6570652173913043,0.5199250069250375,0.6899167495762761,0.6949060846082129,0.6675352112922599,0.5052277713237817,0.543884347692609,0.4984754123025269,1.585970205632964,1.4535574621816947,0.2288809868868137,0.1283345110228528,C:\Users\p06596\Documents\check\CNR-BOVINO\progetti_BOVINO\geological-transformer\src\results_uq\unified_feature_representation_study\stage4_all_embeddings_ablation\bge-base\full_pca016\mc_dropout\fold_metrics.csv
bge-base,Embeddings + XYZ + depth: PCA 16,Subsample Ensemble,classification_head,11.0,0.6864130434782608,0.5586646659051739,0.70119217675173,0.7102890055848614,0.6872678097065734,0.5298579780401195,0.5443140951732692,0.5183636361805443,1.7357676518523661,1.6530140217889104,0.2038082343037065,0.1258893645651962,C:\Users\p06596\Documents\check\CNR-BOVINO\progetti_BOVINO\geological-transformer\src\results_uq\unified_feature_representation_study\stage4_all_embeddings_ablation\bge-base\full_pca016\subsample_ensemble\fold_metrics.csv
bge-base,Embeddings + XYZ + depth: PCA 16,TabICLv2: encoder input,encoder_input,,0.6239130434782608,0.5047060086604874,0.6422705484280277,0.6375110773196915,0.6377804575940061,0.5189599751755659,0.4983981575472777,0.4874299558872195,1.3252205345187729,1.2960565301047453,0.2710499829718442,0.1601525347937209,C:\Users\p06596\Documents\check\CNR-BOVINO\progetti_BOVINO\geological-transformer\src\results_uq\unified_feature_representation_study\stage4_all_embeddings_ablation\bge-base\full_pca016\tabicl\summary.csv
bge-base,Embeddings + XYZ + depth: PCA 16,TabICLv2: hidden,hidden,,0.6315217391304347,0.5218689240479404,0.6624462451576217,0.6786272777583151,0.6626632954066582,0.48666312947576484,0.5100141992081866,0.4984521286191171,1.384109331184459,1.3527314405002586,0.2417493437087834,0.2135578471324573,C:\Users\p06596\Documents\check\CNR-BOVINO\progetti_BOVINO\geological-transformer\src\results_uq\unified_feature_representation_study\stage4_all_embeddings_ablation\bge-base\full_pca016\tabicl\summary.csv
bge-base,Embeddings + XYZ + depth: PCA 16,TabICLv2: model input,model_input,,0.5902173913043478,0.461421253782563,0.6105131136089414,0.6044057231902537,0.6251911230954859,0.4989043849335444,0.4921669477105638,0.5026857787620922,1.2010440103281663,1.2267133062629305,0.3072930312153048,0.1779076882277857,C:\Users\p06596\Documents\check\CNR-BOVINO\progetti_BOVINO\geological-transformer\src\results_uq\unified_feature_representation_study\stage4_all_embeddings_ablation\bge-base\full_pca016\tabicl\summary.csv
bge-large,Embeddings + XYZ + depth: PCA 16,Deep Ensemble,classification_head,11.0,0.6760869565217391,0.5452416579165965,0.6883672500485551,0.698729876586431,0.6407946435178205,0.5074053794974039,0.5453674018386724,0.4830015676690997,1.683684596280465,1.4911457793811131,0.2188204783009704,0.1376843340532935,C:\Users\p06596\Documents\check\CNR-BOVINO\progetti_BOVINO\geological-transformer\src\results_uq\unified_feature_representation_study\stage4_all_embeddings_ablation\bge-large\full_pca016\deep_ensemble\fold_metrics.csv
bge-large,Embeddings + XYZ + depth: PCA 16,LLLA,classification_head,11.0,0.6619565217391304,0.524552104365062,0.6655710959403165,0.6686693738829607,0.6194804883863418,0.49054770892164357,0.5200853853134779,0.4727175521245347,1.5385162523742755,1.3983927586963727,0.2388105016522325,0.1426430637421815,C:\Users\p06596\Documents\check\CNR-BOVINO\progetti_BOVINO\geological-transformer\src\results_uq\unified_feature_representation_study\stage4_all_embeddings_ablation\bge-large\full_pca016\laplace\fold_metrics.csv
bge-large,Embeddings + XYZ + depth: PCA 16,MC dropout,classification_head,11.0,0.6673913043478261,0.533099104020777,0.6781711055757809,0.6824890403145496,0.6469867458640328,0.48372917068054677,0.5160186474633306,0.4594032158888669,1.5514286132884452,1.3812122830645672,0.2282152115382984,0.122514134062373,C:\Users\p06596\Documents\check\CNR-BOVINO\progetti_BOVINO\geological-transformer\src\results_uq\unified_feature_representation_study\stage4_all_embeddings_ablation\bge-large\full_pca016\mc_dropout\fold_metrics.csv
bge-large,Embeddings + XYZ + depth: PCA 16,Subsample Ensemble,classification_head,11.0,0.6744565217391304,0.5414752558258695,0.7148578277790408,0.7144892044162082,0.6808642880441171,0.5554166071980514,0.5657170727204784,0.5432736430315808,1.737761959608815,1.6688205395293965,0.2100931027785883,0.1274467792523943,C:\Users\p06596\Documents\check\CNR-BOVINO\progetti_BOVINO\geological-transformer\src\results_uq\unified_feature_representation_study\stage4_all_embeddings_ablation\bge-large\full_pca016\subsample_ensemble\fold_metrics.csv
bge-large,Embeddings + XYZ + depth: PCA 16,TabICLv2: encoder input,encoder_input,,0.6358695652173914,0.5202784315190458,0.6267878555938258,0.6257583875494324,0.5725602755453502,0.48315092698250506,0.4624182830031895,0.4034501541122099,1.2699248369042817,1.1079825127857708,0.2640928449211088,0.1527502016632114,C:\Users\p06596\Documents\check\CNR-BOVINO\progetti_BOVINO\geological-transformer\src\results_uq\unified_feature_representation_study\stage4_all_embeddings_ablation\bge-large\full_pca016\tabicl\summary.csv
bge-large,Embeddings + XYZ + depth: PCA 16,TabICLv2: hidden,hidden,,0.6190217391304348,0.5052374617758117,0.6879598817192046,0.7009690157920643,0.6198119079854567,0.5210427942756779,0.5430160877725196,0.4568109280201355,1.4253204015712355,1.1990472290400134,0.2313524239965178,0.2181465141932025,C:\Users\p06596\Documents\check\CNR-BOVINO\progetti_BOVINO\geological-transformer\src\results_uq\unified_feature_representation_study\stage4_all_embeddings_ablation\bge-large\full_pca016\tabicl\summary.csv
bge-large,Embeddings + XYZ + depth: PCA 16,TabICLv2: model input,model_input,,0.5880434782608696,0.4587928696876356,0.6294119655285092,0.6267076019684059,0.6751886226522759,0.5199853156684824,0.5258183582808847,0.5578535586672778,1.2763928485973983,1.354156395709487,0.2983666246138805,0.180925739160284,C:\Users\p06596\Documents\check\CNR-BOVINO\progetti_BOVINO\geological-transformer\src\results_uq\unified_feature_representation_study\stage4_all_embeddings_ablation\bge-large\full_pca016\tabicl\summary.csv
bge-m3,Embeddings + XYZ + depth: PCA 16,Deep Ensemble,classification_head,11.0,0.6891304347826087,0.5652611810360975,0.6901802850146699,0.7101055140679716,0.6422040291970853,0.5019652946758011,0.5529731727785712,0.4670295960617063,1.7787948215254739,1.502332966352342,0.2012135081971366,0.1370532390054153,C:\Users\p06596\Documents\check\CNR-BOVINO\progetti_BOVINO\geological-transformer\src\results_uq\unified_feature_representation_study\stage4_all_embeddings_ablation\bge-m3\full_pca016\deep_ensemble\fold_metrics.csv
bge-m3,Embeddings + XYZ + depth: PCA 16,LLLA,classification_head,11.0,0.6858695652173913,0.5573737658246855,0.6655224036104607,0.6832038367688519,0.6032667012594322,0.45011640466834324,0.5057352410179988,0.434860226158088,1.609953016389477,1.3843301317143286,0.2097609673319203,0.1404112433609755,C:\Users\p06596\Documents\check\CNR-BOVINO\progetti_BOVINO\geological-transformer\src\results_uq\unified_feature_representation_study\stage4_all_embeddings_ablation\bge-m3\full_pca016\laplace\fold_metrics.csv
bge-m3,Embeddings + XYZ + depth: PCA 16,MC dropout,classification_head,11.0,0.6766304347826086,0.5495259329817164,0.6907853261786642,0.7063937586802287,0.67550247145327,0.4991334298503245,0.5318275589260706,0.4690860758584018,1.6446432074352433,1.450619125343629,0.2093312326503529,0.1205235458262588,C:\Users\p06596\Documents\check\CNR-BOVINO\progetti_BOVINO\geological-transformer\src\results_uq\unified_feature_representation_study\stage4_all_embeddings_ablation\bge-m3\full_pca016\mc_dropout\fold_metrics.csv
bge-m3,Embeddings + XYZ + depth: PCA 16,Subsample Ensemble,classification_head,11.0,0.6907608695652174,0.5673698267610966,0.7060518612442771,0.7213704984450742,0.6932688489428842,0.5383245977237218,0.5619433557425219,0.5468212180619709,1.8171806231392624,1.7682795100773754,0.1932470888569691,0.1144397067149048,C:\Users\p06596\Documents\check\CNR-BOVINO\progetti_BOVINO\geological-transformer\src\results_uq\unified_feature_representation_study\stage4_all_embeddings_ablation\bge-m3\full_pca016\subsample_ensemble\fold_metrics.csv
bge-m3,Embeddings + XYZ + depth: PCA 16,TabICLv2: encoder input,encoder_input,,0.6331521739130435,0.5169258749592577,0.6603923064695597,0.6593953266571293,0.634545859163885,0.49986209963561207,0.4739445377938489,0.4475406209697161,1.2919377030232324,1.219962581606337,0.2354609996740272,0.1598255453620384,C:\Users\p06596\Documents\check\CNR-BOVINO\progetti_BOVINO\geological-transformer\src\results_uq\unified_feature_representation_study\stage4_all_embeddings_ablation\bge-m3\full_pca016\tabicl\summary.csv
bge-m3,Embeddings + XYZ + depth: PCA 16,TabICLv2: hidden,hidden,,0.6434782608695652,0.5375920954237309,0.6912955257086355,0.7043597045978905,0.6648736198088332,0.49915267179278106,0.5204714755502093,0.4699955124715477,1.4598590167871723,1.31828009595678,0.2093620340884067,0.2079207438804568,C:\Users\p06596\Documents\check\CNR-BOVINO\progetti_BOVINO\geological-transformer\src\results_uq\unified_feature_representation_study\stage4_all_embeddings_ablation\bge-m3\full_pca016\tabicl\summary.csv
bge-m3,Embeddings + XYZ + depth: PCA 16,TabICLv2: model input,model_input,,0.5684782608695652,0.4318741704883021,0.6194703584724824,0.611406774518256,0.6038103655041878,0.5390065318926812,0.5285920444928369,0.5000114907541535,1.2249488184720654,1.1587168047703305,0.3220842913798739,0.2089125504746943,C:\Users\p06596\Documents\check\CNR-BOVINO\progetti_BOVINO\geological-transformer\src\results_uq\unified_feature_representation_study\stage4_all_embeddings_ablation\bge-m3\full_pca016\tabicl\summary.csv
distilroberta,Embeddings + XYZ + depth: PCA 16,Deep Ensemble,classification_head,11.0,0.6706521739130434,0.5380409547851507,0.6944326320800638,0.7030076483968063,0.6363345171861852,0.5224632044066668,0.5474199851331991,0.4695219454913875,1.6621332881932116,1.4256111876306152,0.2134461774886731,0.1481464140117167,C:\Users\p06596\Documents\check\CNR-BOVINO\progetti_BOVINO\geological-transformer\src\results_uq\unified_feature_representation_study\stage4_all_embeddings_ablation\distilroberta\full_pca016\deep_ensemble\fold_metrics.csv
distilroberta,Embeddings + XYZ + depth: PCA 16,LLLA,classification_head,11.0,0.6521739130434783,0.5191861615171554,0.6862180989583333,0.681389271217522,0.6082126000936109,0.5267220875297449,0.5345232652251958,0.4691156549140151,1.5367543875224379,1.3487075078777935,0.2296439840431423,0.120629057628305,C:\Users\p06596\Documents\check\CNR-BOVINO\progetti_BOVINO\geological-transformer\src\results_uq\unified_feature_representation_study\stage4_all_embeddings_ablation\distilroberta\full_pca016\laplace\fold_metrics.csv
distilroberta,Embeddings + XYZ + depth: PCA 16,MC dropout,classification_head,11.0,0.6652173913043479,0.5325713317746603,0.6862771623801036,0.6983657235304607,0.6572295828725878,0.4917817274172906,0.5208575615990514,0.478865705241293,1.5558083008802837,1.4303780805908755,0.213168249392133,0.1228439828623895,C:\Users\p06596\Documents\check\CNR-BOVINO\progetti_BOVINO\geological-transformer\src\results_uq\unified_feature_representation_study\stage4_all_embeddings_ablation\distilroberta\full_pca016\mc_dropout\fold_metrics.csv
distilroberta,Embeddings + XYZ + depth: PCA 16,Subsample Ensemble,classification_head,11.0,0.6793478260869565,0.5502145449018264,0.6996691525423729,0.7074442443169214,0.6724407797823575,0.5185600659184292,0.5361150955076018,0.5167849937550218,1.6719521622609956,1.6116684551004072,0.2066078794937799,0.1338003701570889,C:\Users\p06596\Documents\check\CNR-BOVINO\progetti_BOVINO\geological-transformer\src\results_uq\unified_feature_representation_study\stage4_all_embeddings_ablation\distilroberta\full_pca016\subsample_ensemble\fold_metrics.csv
distilroberta,Embeddings + XYZ + depth: PCA 16,TabICLv2: encoder input,encoder_input,,0.6385869565217391,0.5237049804670775,0.6231271796512557,0.6230580707086866,0.5616790913453847,0.49247538500289656,0.4820847414349046,0.4108229992742005,1.3338886078800367,1.1367132611496675,0.2721785871273002,0.1483081941574244,C:\Users\p06596\Documents\check\CNR-BOVINO\progetti_BOVINO\geological-transformer\src\results_uq\unified_feature_representation_study\stage4_all_embeddings_ablation\distilroberta\full_pca016\tabicl\summary.csv
distilroberta,Embeddings + XYZ + depth: PCA 16,TabICLv2: hidden,hidden,,0.6195652173913043,0.5050629219501903,0.6583596491228071,0.6687606516290726,0.6452994987468672,0.5094687879234805,0.5168758447067427,0.4720788505223092,1.3586450775148666,1.240892978515784,0.2655475501884203,0.2256937133085989,C:\Users\p06596\Documents\check\CNR-BOVINO\progetti_BOVINO\geological-transformer\src\results_uq\unified_feature_representation_study\stage4_all_embeddings_ablation\distilroberta\full_pca016\tabicl\summary.csv
distilroberta,Embeddings + XYZ + depth: PCA 16,TabICLv2: model input,model_input,,0.5940217391304348,0.465011766409334,0.6074459472534849,0.5928465309851789,0.5988516432304393,0.5093589173328767,0.493714772748237,0.4713807168018747,1.2161113545605837,1.161098418896184,0.3203353565862351,0.1705588792718114,C:\Users\p06596\Documents\check\CNR-BOVINO\progetti_BOVINO\geological-transformer\src\results_uq\unified_feature_representation_study\stage4_all_embeddings_ablation\distilroberta\full_pca016\tabicl\summary.csv
e5-base,Embeddings + XYZ + depth: PCA 16,Deep Ensemble,classification_head,11.0,0.6527173913043478,0.5143217917401247,0.6922719590742716,0.6967995906664962,0.6465164421218841,0.5238098809615904,0.5599556533428605,0.496190173577236,1.6123918656508032,1.4287792165604292,0.2359027732693891,0.1462780631916678,C:\Users\p06596\Documents\check\CNR-BOVINO\progetti_BOVINO\geological-transformer\src\results_uq\unified_feature_representation_study\stage4_all_embeddings_ablation\e5-base\full_pca016\deep_ensemble\fold_metrics.csv
e5-base,Embeddings + XYZ + depth: PCA 16,LLLA,classification_head,11.0,0.6407608695652174,0.4945354228635525,0.6659160112867774,0.6780099232740815,0.604623537021676,0.5136854611707583,0.5485756173380208,0.4789097684730455,1.5270486170982729,1.333122502254771,0.2529844062753527,0.145139291388509,C:\Users\p06596\Documents\check\CNR-BOVINO\progetti_BOVINO\geological-transformer\src\results_uq\unified_feature_representation_study\stage4_all_embeddings_ablation\e5-base\full_pca016\laplace\fold_metrics.csv
e5-base,Embeddings + XYZ + depth: PCA 16,MC dropout,classification_head,11.0,0.6413043478260869,0.4983157892919168,0.6917077555213148,0.6913368219085295,0.6627994302538425,0.5434012397895935,0.5444628883289652,0.503870594163471,1.517896537159539,1.4047301413042221,0.2448502168152171,0.1303691763754771,C:\Users\p06596\Documents\check\CNR-BOVINO\progetti_BOVINO\geological-transformer\src\results_uq\unified_feature_representation_study\stage4_all_embeddings_ablation\e5-base\full_pca016\mc_dropout\fold_metrics.csv
e5-base,Embeddings + XYZ + depth: PCA 16,Subsample Ensemble,classification_head,11.0,0.6527173913043478,0.5146506338812316,0.7030838933126932,0.7094503972993665,0.6600813679877934,0.5589944278377029,0.5783334566109164,0.5272260994144156,1.6653107357810424,1.5181471407238256,0.2306107148201752,0.1343680379345365,C:\Users\p06596\Documents\check\CNR-BOVINO\progetti_BOVINO\geological-transformer\src\results_uq\unified_feature_representation_study\stage4_all_embeddings_ablation\e5-base\full_pca016\subsample_ensemble\fold_metrics.csv
e5-base,Embeddings + XYZ + depth: PCA 16,TabICLv2: encoder input,encoder_input,,0.6543478260869565,0.5476051766548744,0.5954587956288264,0.590100608036106,0.5632913871998998,0.42926040983338093,0.4177463583815175,0.3986422359998266,1.208574370160365,1.1533045821378631,0.2682077788355371,0.1499337512943326,C:\Users\p06596\Documents\check\CNR-BOVINO\progetti_BOVINO\geological-transformer\src\results_uq\unified_feature_representation_study\stage4_all_embeddings_ablation\e5-base\full_pca016\tabicl\summary.csv
e5-base,Embeddings + XYZ + depth: PCA 16,TabICLv2: hidden,hidden,,0.6293478260869565,0.5176187847597551,0.6508681162283034,0.6646863081761961,0.6057402539518535,0.49704961911026235,0.5122851175428339,0.4364776046196684,1.382118205687411,1.1775935373903077,0.2463566991214418,0.2029165213832669,C:\Users\p06596\Documents\check\CNR-BOVINO\progetti_BOVINO\geological-transformer\src\results_uq\unified_feature_representation_study\stage4_all_embeddings_ablation\e5-base\full_pca016\tabicl\summary.csv
e5-base,Embeddings + XYZ + depth: PCA 16,TabICLv2: model input,model_input,,0.5788043478260869,0.4508194574743239,0.5894593366651522,0.5828853551416022,0.573721035892776,0.5081118808020724,0.5017682730923454,0.4797979076023492,1.1912949967611812,1.1391330967591258,0.3411987164243307,0.202200384043742,C:\Users\p06596\Documents\check\CNR-BOVINO\progetti_BOVINO\geological-transformer\src\results_uq\unified_feature_representation_study\stage4_all_embeddings_ablation\e5-base\full_pca016\tabicl\summary.csv
e5-large,Embeddings + XYZ + depth: PCA 16,Deep Ensemble,classification_head,11.0,0.657608695652174,0.5212808494983483,0.6851357733175916,0.6932967993582128,0.6437011534160623,0.5236006006346197,0.5507986928032717,0.4789423081371986,1.6086818964413014,1.398815630114993,0.2356739294330707,0.1432294367124204,C:\Users\p06596\Documents\check\CNR-BOVINO\progetti_BOVINO\geological-transformer\src\results_uq\unified_feature_representation_study\stage4_all_embeddings_ablation\e5-large\full_pca016\deep_ensemble\fold_metrics.csv
e5-large,Embeddings + XYZ + depth: PCA 16,LLLA,classification_head,11.0,0.6423913043478261,0.499670893785718,0.6618631035954722,0.675533058151327,0.6075367189232178,0.4997614551069977,0.5520224366036822,0.4759498923198504,1.5436493667944913,1.3309237110463903,0.2493676278675376,0.1498104819784993,C:\Users\p06596\Documents\check\CNR-BOVINO\progetti_BOVINO\geological-transformer\src\results_uq\unified_feature_representation_study\stage4_all_embeddings_ablation\e5-large\full_pca016\laplace\fold_metrics.csv
e5-large,Embeddings + XYZ + depth: PCA 16,MC dropout,classification_head,11.0,0.6456521739130435,0.504326049296359,0.6856099336927557,0.6866894593915395,0.6605269247293886,0.5245776250090609,0.5398993998374414,0.5013911342711583,1.5236424780688531,1.4149688451824103,0.2404816338963368,0.1242544766353524,C:\Users\p06596\Documents\check\CNR-BOVINO\progetti_BOVINO\geological-transformer\src\results_uq\unified_feature_representation_study\stage4_all_embeddings_ablation\e5-large\full_pca016\mc_dropout\fold_metrics.csv
e5-large,Embeddings + XYZ + depth: PCA 16,Subsample Ensemble,classification_head,11.0,0.6592391304347827,0.5237186136929874,0.6930975043093757,0.6996864189844988,0.6523345566658304,0.5219618926337478,0.5500719572281574,0.5116677523298903,1.6142462540666822,1.5015449191180195,0.2286455423568997,0.1249126824833776,C:\Users\p06596\Documents\check\CNR-BOVINO\progetti_BOVINO\geological-transformer\src\results_uq\unified_feature_representation_study\stage4_all_embeddings_ablation\e5-large\full_pca016\subsample_ensemble\fold_metrics.csv
e5-large,Embeddings + XYZ + depth: PCA 16,TabICLv2: encoder input,encoder_input,,0.6434782608695652,0.5324319550281849,0.6282586416446935,0.6251274616842452,0.6042675201878708,0.4871104699380904,0.4700270122752091,0.4605183136144426,1.3183684490646106,1.2916977089185584,0.2629522599095112,0.1444750808291514,C:\Users\p06596\Documents\check\CNR-BOVINO\progetti_BOVINO\geological-transformer\src\results_uq\unified_feature_representation_study\stage4_all_embeddings_ablation\e5-large\full_pca016\tabicl\summary.csv
e5-large,Embeddings + XYZ + depth: PCA 16,TabICLv2: hidden,hidden,,0.6206521739130435,0.506058315978532,0.6591274042924744,0.676489996437156,0.6293500569553239,0.49224167375629857,0.5255661421499513,0.4470280881894325,1.3854465638336828,1.1784121522472146,0.2475874097484021,0.2070338456498416,C:\Users\p06596\Documents\check\CNR-BOVINO\progetti_BOVINO\geological-transformer\src\results_uq\unified_feature_representation_study\stage4_all_embeddings_ablation\e5-large\full_pca016\tabicl\summary.csv
e5-large,Embeddings + XYZ + depth: PCA 16,TabICLv2: model input,model_input,,0.558695652173913,0.4194514537416177,0.6192904103812464,0.6092836537540013,0.6475867819286577,0.5467111688831383,0.5287402721620034,0.5417525232813625,1.1981306659828648,1.227616555218851,0.3333748063214382,0.2105618504266095,C:\Users\p06596\Documents\check\CNR-BOVINO\progetti_BOVINO\geological-transformer\src\results_uq\unified_feature_representation_study\stage4_all_embeddings_ablation\e5-large\full_pca016\tabicl\summary.csv
e5-mistral,Embeddings + XYZ + depth: PCA 16,Deep Ensemble,classification_head,11.0,0.6673913043478261,0.5359641562527553,0.6909156713716974,0.6967154683922508,0.6588546131966184,0.5290230607007138,0.5437632676657425,0.5007198943383117,1.6348438112826245,1.505432362062898,0.2218041225400613,0.1498854190921005,C:\Users\p06596\Documents\check\CNR-BOVINO\progetti_BOVINO\geological-transformer\src\results_uq\unified_feature_representation_study\stage4_all_embeddings_ablation\e5-mistral\full_pca016\deep_ensemble\fold_metrics.csv
e5-mistral,Embeddings + XYZ + depth: PCA 16,LLLA,classification_head,11.0,0.6657608695652174,0.5306886983333483,0.6526577069852332,0.6850961370599151,0.6200823833432059,0.4705153970003155,0.5300212868618601,0.4776282816832444,1.585754744432232,1.429001688288081,0.2216281565567588,0.1591733074868502,C:\Users\p06596\Documents\check\CNR-BOVINO\progetti_BOVINO\geological-transformer\src\results_uq\unified_feature_representation_study\stage4_all_embeddings_ablation\e5-mistral\full_pca016\laplace\fold_metrics.csv
e5-mistral,Embeddings + XYZ + depth: PCA 16,MC dropout,classification_head,11.0,0.6695652173913044,0.5379030775816893,0.6744942968215993,0.6895255806996777,0.6604772814435509,0.49660938463057436,0.521704576666929,0.4674718819378677,1.5788427978078117,1.414717537443547,0.2189581744360384,0.1240560773436141,C:\Users\p06596\Documents\check\CNR-BOVINO\progetti_BOVINO\geological-transformer\src\results_uq\unified_feature_representation_study\stage4_all_embeddings_ablation\e5-mistral\full_pca016\mc_dropout\fold_metrics.csv
e5-mistral,Embeddings + XYZ + depth: PCA 16,Subsample Ensemble,classification_head,11.0,0.675,0.5457538186979527,0.6990343549889864,0.7052685190753724,0.6718207159463058,0.5288273311225173,0.5509654295128883,0.5301506426071331,1.6952782446550412,1.6312327464834866,0.2104765174849963,0.1261283486109712,C:\Users\p06596\Documents\check\CNR-BOVINO\progetti_BOVINO\geological-transformer\src\results_uq\unified_feature_representation_study\stage4_all_embeddings_ablation\e5-mistral\full_pca016\subsample_ensemble\fold_metrics.csv
e5-mistral,Embeddings + XYZ + depth: PCA 16,TabICLv2: encoder input,encoder_input,,0.6690217391304348,0.5677944038061369,0.6147337727213914,0.614373618575417,0.5786383238692827,0.4376793769768363,0.4259388375709008,0.3738107330702479,1.286908803169881,1.1294117386687295,0.2559695708154265,0.1329879764201962,C:\Users\p06596\Documents\check\CNR-BOVINO\progetti_BOVINO\geological-transformer\src\results_uq\unified_feature_representation_study\stage4_all_embeddings_ablation\e5-mistral\full_pca016\tabicl\summary.csv
e5-mistral,Embeddings + XYZ + depth: PCA 16,TabICLv2: hidden,hidden,,0.6413043478260869,0.5349506919063651,0.6817193117616845,0.691869542886492,0.6492976373908578,0.5069147499806193,0.5137633076282835,0.4767325889669589,1.4323098273273356,1.3290726722715216,0.219526621131395,0.2085439885128708,C:\Users\p06596\Documents\check\CNR-BOVINO\progetti_BOVINO\geological-transformer\src\results_uq\unified_feature_representation_study\stage4_all_embeddings_ablation\e5-mistral\full_pca016\tabicl\summary.csv
e5-mistral,Embeddings + XYZ + depth: PCA 16,TabICLv2: model input,model_input,,0.6070652173913044,0.4881102768503345,0.6384494131311518,0.638465510388303,0.6630101127922426,0.5215078977044121,0.5150158947777819,0.4924953102242649,1.3106905205962913,1.253376723115695,0.2648824669954905,0.1544281559093168,C:\Users\p06596\Documents\check\CNR-BOVINO\progetti_BOVINO\geological-transformer\src\results_uq\unified_feature_representation_study\stage4_all_embeddings_ablation\e5-mistral\full_pca016\tabicl\summary.csv
e5-small,Embeddings + XYZ + depth: PCA 16,Deep Ensemble,classification_head,11.0,0.6554347826086957,0.518753501572234,0.6855300260003871,0.6895575259814533,0.6358771658512395,0.516683792136735,0.5491967838391252,0.5020142665519051,1.593883410511026,1.4569499218541095,0.2378478020099022,0.149206885776442,C:\Users\p06596\Documents\check\CNR-BOVINO\progetti_BOVINO\geological-transformer\src\results_uq\unified_feature_representation_study\stage4_all_embeddings_ablation\e5-small\full_pca016\deep_ensemble\fold_metrics.csv
e5-small,Embeddings + XYZ + depth: PCA 16,LLLA,classification_head,11.0,0.6293478260869565,0.487823628243787,0.6895344891333527,0.6893021694502223,0.6216157635464077,0.5667535086948831,0.5723758356807351,0.5044645937082621,1.5442397912794026,1.3610188451953111,0.2513943450450103,0.1301018900197484,C:\Users\p06596\Documents\check\CNR-BOVINO\progetti_BOVINO\geological-transformer\src\results_uq\unified_feature_representation_study\stage4_all_embeddings_ablation\e5-small\full_pca016\laplace\fold_metrics.csv
e5-small,Embeddings + XYZ + depth: PCA 16,MC dropout,classification_head,11.0,0.6472826086956521,0.508226401405964,0.6835006772674876,0.6874109707710274,0.6528060506343131,0.5274507813621845,0.5398951280888561,0.4841745875937128,1.5306733985878198,1.3726983685245477,0.2403894903562636,0.1240499890530886,C:\Users\p06596\Documents\check\CNR-BOVINO\progetti_BOVINO\geological-transformer\src\results_uq\unified_feature_representation_study\stage4_all_embeddings_ablation\e5-small\full_pca016\mc_dropout\fold_metrics.csv
e5-small,Embeddings + XYZ + depth: PCA 16,Subsample Ensemble,classification_head,11.0,0.653804347826087,0.5167834719554741,0.7015258817895085,0.7037562565431292,0.6710724181368376,0.5461019224606812,0.5696340010737572,0.5366108484836978,1.6454106153464887,1.5500219171271648,0.2321463255181819,0.1341978816072577,C:\Users\p06596\Documents\check\CNR-BOVINO\progetti_BOVINO\geological-transformer\src\results_uq\unified_feature_representation_study\stage4_all_embeddings_ablation\e5-small\full_pca016\subsample_ensemble\fold_metrics.csv
e5-small,Embeddings + XYZ + depth: PCA 16,TabICLv2: encoder input,encoder_input,,0.6559782608695652,0.5492391727537232,0.6155221450438529,0.6130471145804294,0.5532969211982237,0.4359692254385288,0.428773448332297,0.3783664582160614,1.2463556791965664,1.0998329907070348,0.2529515278188411,0.1365112959712648,C:\Users\p06596\Documents\check\CNR-BOVINO\progetti_BOVINO\geological-transformer\src\results_uq\unified_feature_representation_study\stage4_all_embeddings_ablation\e5-small\full_pca016\tabicl\summary.csv
e5-small,Embeddings + XYZ + depth: PCA 16,TabICLv2: hidden,hidden,,0.6293478260869565,0.5181574113324855,0.6715377914191218,0.6851343959400119,0.620909496097529,0.501086500437486,0.5127473995538178,0.4365526994063242,1.3833654181510624,1.1777961391607572,0.2277918720996394,0.2045921868100732,C:\Users\p06596\Documents\check\CNR-BOVINO\progetti_BOVINO\geological-transformer\src\results_uq\unified_feature_representation_study\stage4_all_embeddings_ablation\e5-small\full_pca016\tabicl\summary.csv
e5-small,Embeddings + XYZ + depth: PCA 16,TabICLv2: model input,model_input,,0.591304347826087,0.463225133701042,0.6135305851063829,0.6043846311795995,0.6368018617021277,0.5205709729338996,0.5034572709389457,0.5005894938608182,1.2318635352761438,1.224846633914768,0.3108752415205678,0.1857063886482949,C:\Users\p06596\Documents\check\CNR-BOVINO\progetti_BOVINO\geological-transformer\src\results_uq\unified_feature_representation_study\stage4_all_embeddings_ablation\e5-small\full_pca016\tabicl\summary.csv
gte-base,Embeddings + XYZ + depth: PCA 16,Deep Ensemble,classification_head,11.0,0.6527173913043478,0.5131726528108367,0.7019789194971847,0.7039195447286879,0.6582596637095866,0.5452989184270802,0.5661829646545724,0.5176714560162928,1.630323403700177,1.490634552535178,0.2348429893959774,0.1447663520341333,C:\Users\p06596\Documents\check\CNR-BOVINO\progetti_BOVINO\geological-transformer\src\results_uq\unified_feature_representation_study\stage4_all_embeddings_ablation\gte-base\full_pca016\deep_ensemble\fold_metrics.csv
gte-base,Embeddings + XYZ + depth: PCA 16,LLLA,classification_head,11.0,0.6413043478260869,0.4952514257899254,0.6653171545968156,0.6657971287255043,0.5893601411417013,0.4920052934560867,0.5337027965838805,0.4761968731759016,1.487898705627788,1.3275791615813013,0.2558748432939179,0.1471504475597453,C:\Users\p06596\Documents\check\CNR-BOVINO\progetti_BOVINO\geological-transformer\src\results_uq\unified_feature_representation_study\stage4_all_embeddings_ablation\gte-base\full_pca016\laplace\fold_metrics.csv
gte-base,Embeddings + XYZ + depth: PCA 16,MC dropout,classification_head,11.0,0.6451086956521739,0.5023143032364521,0.6842374834056025,0.6909902809117736,0.6594697140609508,0.5121588861529967,0.5424606595959854,0.5003079588750678,1.5285262077436648,1.4097498381778326,0.240608214055891,0.1304787425405305,C:\Users\p06596\Documents\check\CNR-BOVINO\progetti_BOVINO\geological-transformer\src\results_uq\unified_feature_representation_study\stage4_all_embeddings_ablation\gte-base\full_pca016\mc_dropout\fold_metrics.csv
gte-base,Embeddings + XYZ + depth: PCA 16,Subsample Ensemble,classification_head,11.0,0.6510869565217391,0.5103365144296849,0.7154941517274378,0.7140491851271124,0.696829579765052,0.5711015233162381,0.5821362779117233,0.5714828752335993,1.6684279616161537,1.6378948449062658,0.2279148155526113,0.1379933346224867,C:\Users\p06596\Documents\check\CNR-BOVINO\progetti_BOVINO\geological-transformer\src\results_uq\unified_feature_representation_study\stage4_all_embeddings_ablation\gte-base\full_pca016\subsample_ensemble\fold_metrics.csv
gte-base,Embeddings + XYZ + depth: PCA 16,TabICLv2: encoder input,encoder_input,,0.6396739130434783,0.5259598679284214,0.6341607814944814,0.6317413574148043,0.5873562025293746,0.5048501099116215,0.4851513169650374,0.4384842154459036,1.3464229611096061,1.216909436531618,0.2639644366512074,0.1469430476354589,C:\Users\p06596\Documents\check\CNR-BOVINO\progetti_BOVINO\geological-transformer\src\results_uq\unified_feature_representation_study\stage4_all_embeddings_ablation\gte-base\full_pca016\tabicl\summary.csv
gte-base,Embeddings + XYZ + depth: PCA 16,TabICLv2: hidden,hidden,,0.6222826086956522,0.5091627055774592,0.6638974584524521,0.6804410794508498,0.6122936759762496,0.5169010248561655,0.5263353085075592,0.4351633392313226,1.3934632628113799,1.1520871139361637,0.2461146355995784,0.2089202256115813,C:\Users\p06596\Documents\check\CNR-BOVINO\progetti_BOVINO\geological-transformer\src\results_uq\unified_feature_representation_study\stage4_all_embeddings_ablation\gte-base\full_pca016\tabicl\summary.csv
gte-base,Embeddings + XYZ + depth: PCA 16,TabICLv2: model input,model_input,,0.5510869565217391,0.4094601236767309,0.634795669345865,0.6210785086274004,0.6279400738331637,0.5692600541891866,0.5449159814476549,0.5541993918255131,1.2138564235637832,1.2345361754950899,0.3297033820475907,0.2061739458686111,C:\Users\p06596\Documents\check\CNR-BOVINO\progetti_BOVINO\geological-transformer\src\results_uq\unified_feature_representation_study\stage4_all_embeddings_ablation\gte-base\full_pca016\tabicl\summary.csv
gte-large,Embeddings + XYZ + depth: PCA 16,Deep Ensemble,classification_head,11.0,0.6570652173913043,0.5192270832921029,0.6908343262824117,0.6976641188633729,0.6525567083597437,0.5142780534321524,0.5525841180005899,0.5076011477145452,1.6113387910001353,1.480168164492493,0.2325537105394376,0.1430772017201651,C:\Users\p06596\Documents\check\CNR-BOVINO\progetti_BOVINO\geological-transformer\src\results_uq\unified_feature_representation_study\stage4_all_embeddings_ablation\gte-large\full_pca016\deep_ensemble\fold_metrics.csv
gte-large,Embeddings + XYZ + depth: PCA 16,LLLA,classification_head,11.0,0.6445652173913043,0.5027184321635799,0.6743106373542501,0.6809688177198544,0.6167469764569415,0.5280773901382142,0.5641225440685947,0.491630606014769,1.587133763128768,1.3831809098886467,0.2465155054799779,0.1417799201996429,C:\Users\p06596\Documents\check\CNR-BOVINO\progetti_BOVINO\geological-transformer\src\results_uq\unified_feature_representation_study\stage4_all_embeddings_ablation\gte-large\full_pca016\laplace\fold_metrics.csv
gte-large,Embeddings + XYZ + depth: PCA 16,MC dropout,classification_head,11.0,0.6527173913043478,0.5113937942040517,0.6870969549371351,0.687060013353511,0.6609849881012765,0.5040557410460698,0.5294950150028996,0.4884684988485265,1.5246804813855013,1.4065446602211091,0.2346318701230099,0.1307168965268394,C:\Users\p06596\Documents\check\CNR-BOVINO\progetti_BOVINO\geological-transformer\src\results_uq\unified_feature_representation_study\stage4_all_embeddings_ablation\gte-large\full_pca016\mc_dropout\fold_metrics.csv
gte-large,Embeddings + XYZ + depth: PCA 16,Subsample Ensemble,classification_head,11.0,0.657608695652174,0.5207143850359672,0.7047842056932965,0.7106686697106865,0.6792609236903783,0.5452855202029214,0.5719725094671053,0.532261340742922,1.6705228847928157,1.5545410586777406,0.2260002215276751,0.1349076153143592,C:\Users\p06596\Documents\check\CNR-BOVINO\progetti_BOVINO\geological-transformer\src\results_uq\unified_feature_representation_study\stage4_all_embeddings_ablation\gte-large\full_pca016\subsample_ensemble\fold_metrics.csv
gte-large,Embeddings + XYZ + depth: PCA 16,TabICLv2: encoder input,encoder_input,,0.6445652173913043,0.5323562775503732,0.6237835914414345,0.6277170970187355,0.6113693911124176,0.45739038845406266,0.4581497648677378,0.4292176144388635,1.288984047945929,1.2075847256383927,0.25897224383634,0.1472945999491676,C:\Users\p06596\Documents\check\CNR-BOVINO\progetti_BOVINO\geological-transformer\src\results_uq\unified_feature_representation_study\stage4_all_embeddings_ablation\gte-large\full_pca016\tabicl\summary.csv
gte-large,Embeddings + XYZ + depth: PCA 16,TabICLv2: hidden,hidden,,0.6168478260869565,0.5007499142707704,0.6903677320586122,0.7076939419501984,0.6374905489424189,0.5283006193033148,0.5492947672855752,0.4661114703777693,1.4336203855396574,1.2165178801348873,0.2291949859445833,0.2137428975686948,C:\Users\p06596\Documents\check\CNR-BOVINO\progetti_BOVINO\geological-transformer\src\results_uq\unified_feature_representation_study\stage4_all_embeddings_ablation\gte-large\full_pca016\tabicl\summary.csv
gte-large,Embeddings + XYZ + depth: PCA 16,TabICLv2: model input,model_input,,0.6119565217391304,0.4871806882402401,0.6358344403480753,0.633943808429233,0.6569572766939813,0.4990611655388916,0.4980243195600028,0.5090593308527896,1.2834240167932844,1.3118615809091496,0.2709334868577864,0.1582566200041693,C:\Users\p06596\Documents\check\CNR-BOVINO\progetti_BOVINO\geological-transformer\src\results_uq\unified_feature_representation_study\stage4_all_embeddings_ablation\gte-large\full_pca016\tabicl\summary.csv
gte-modernbert,Embeddings + XYZ + depth: PCA 16,Deep Ensemble,classification_head,11.0,0.5391304347826087,0.3655058355277419,0.571459648889227,0.5875016635122475,0.5672163731762159,0.5409750737827491,0.5637210592012638,0.5259088009079864,1.223168336002742,1.1411228698946876,0.3805008138801206,0.2572526866975038,C:\Users\p06596\Documents\check\CNR-BOVINO\progetti_BOVINO\geological-transformer\src\results_uq\unified_feature_representation_study\stage4_all_embeddings_ablation\gte-modernbert\full_pca016\deep_ensemble\fold_metrics.csv
gte-modernbert,Embeddings + XYZ + depth: PCA 16,LLLA,classification_head,11.0,0.5282608695652173,0.3568335507894427,0.5743786861618403,0.6210915907125484,0.6279568016810283,0.5407751204202481,0.5883315741092259,0.5925542901468275,1.2471544888951331,1.256105868514012,0.3646302170850232,0.2211493148427942,C:\Users\p06596\Documents\check\CNR-BOVINO\progetti_BOVINO\geological-transformer\src\results_uq\unified_feature_representation_study\stage4_all_embeddings_ablation\gte-modernbert\full_pca016\laplace\fold_metrics.csv
gte-modernbert,Embeddings + XYZ + depth: PCA 16,MC dropout,classification_head,11.0,0.5320652173913043,0.3589807533273816,0.5783408607469994,0.608044033621776,0.5990788180355521,0.5427759357361321,0.5740255797713456,0.5576441767953533,1.2267213319155352,1.1917134556369917,0.3677143457546113,0.2940145273085521,C:\Users\p06596\Documents\check\CNR-BOVINO\progetti_BOVINO\geological-transformer\src\results_uq\unified_feature_representation_study\stage4_all_embeddings_ablation\gte-modernbert\full_pca016\mc_dropout\fold_metrics.csv
gte-modernbert,Embeddings + XYZ + depth: PCA 16,Subsample Ensemble,classification_head,11.0,0.5559782608695653,0.3923881972845565,0.6257497388701243,0.6521341863994483,0.6518298349121374,0.5611205629885905,0.5928030219126871,0.5729841072707875,1.3350765732182917,1.290441563498469,0.3294425654454757,0.2123839897630007,C:\Users\p06596\Documents\check\CNR-BOVINO\progetti_BOVINO\geological-transformer\src\results_uq\unified_feature_representation_study\stage4_all_embeddings_ablation\gte-modernbert\full_pca016\subsample_ensemble\fold_metrics.csv
gte-modernbert,Embeddings + XYZ + depth: PCA 16,TabICLv2: encoder input,encoder_input,,0.5358695652173913,0.3868191242068229,0.5541931300502112,0.5561799620922422,0.5628387590197187,0.5294659242498369,0.523427446013177,0.5229537048050087,1.1277593684593041,1.126738661406576,0.4138957951858374,0.2233752598231948,C:\Users\p06596\Documents\check\CNR-BOVINO\progetti_BOVINO\geological-transformer\src\results_uq\unified_feature_representation_study\stage4_all_embeddings_ablation\gte-modernbert\full_pca016\tabicl\summary.csv
gte-modernbert,Embeddings + XYZ + depth: PCA 16,TabICLv2: hidden,hidden,,0.4869565217391304,0.3334924495272946,0.6202271394521791,0.6201703900575061,0.6147874735169492,0.6111216306940069,0.6094870355571875,0.5995760332326773,1.1879832048996026,1.16866514952132,0.4082678329626649,0.4310940384891833,C:\Users\p06596\Documents\check\CNR-BOVINO\progetti_BOVINO\geological-transformer\src\results_uq\unified_feature_representation_study\stage4_all_embeddings_ablation\gte-modernbert\full_pca016\tabicl\summary.csv
gte-modernbert,Embeddings + XYZ + depth: PCA 16,TabICLv2: model input,model_input,,0.5956521739130435,0.4693194491770335,0.6046437190958324,0.5925959991366454,0.5876991601915078,0.5042610162196546,0.4858261874656837,0.4898285559146232,1.2015056249151317,1.2114039554877778,0.3112804491683619,0.1658065939312807,C:\Users\p06596\Documents\check\CNR-BOVINO\progetti_BOVINO\geological-transformer\src\results_uq\unified_feature_representation_study\stage4_all_embeddings_ablation\gte-modernbert\full_pca016\tabicl\summary.csv
labse,Embeddings + XYZ + depth: PCA 16,Deep Ensemble,classification_head,11.0,0.6733695652173913,0.5436522719226144,0.6951166941296387,0.7023526087560689,0.6567787268079787,0.5272547630471052,0.5462230580719329,0.4895194042474899,1.6722968832817915,1.4986950146678562,0.2144808118124941,0.1435801548802334,C:\Users\p06596\Documents\check\CNR-BOVINO\progetti_BOVINO\geological-transformer\src\results_uq\unified_feature_representation_study\stage4_all_embeddings_ablation\labse\full_pca016\deep_ensemble\fold_metrics.csv
labse,Embeddings + XYZ + depth: PCA 16,LLLA,classification_head,11.0,0.6690217391304348,0.5373285291301586,0.6736309807264176,0.6881568134300475,0.6529446923886651,0.4806044130333358,0.526684841775028,0.4911146232241433,1.5912973873005773,1.4838274330581671,0.2178972071324134,0.132828657304787,C:\Users\p06596\Documents\check\CNR-BOVINO\progetti_BOVINO\geological-transformer\src\results_uq\unified_feature_representation_study\stage4_all_embeddings_ablation\labse\full_pca016\laplace\fold_metrics.csv
labse,Embeddings + XYZ + depth: PCA 16,MC dropout,classification_head,11.0,0.6614130434782609,0.5305080651875166,0.6916502569932906,0.7009647197492765,0.6698796058698379,0.5225137082224229,0.5474644333142751,0.4981660132488302,1.6169094017628671,1.4713089315856303,0.2221260423341216,0.121442866212,C:\Users\p06596\Documents\check\CNR-BOVINO\progetti_BOVINO\geological-transformer\src\results_uq\unified_feature_representation_study\stage4_all_embeddings_ablation\labse\full_pca016\mc_dropout\fold_metrics.csv
labse,Embeddings + XYZ + depth: PCA 16,Subsample Ensemble,classification_head,11.0,0.675,0.5448137445732144,0.7120056656918661,0.7163606117992793,0.6646588471285375,0.5579129305713233,0.5684557433613777,0.5084759810562087,1.7490945949580856,1.5645414801729502,0.2007149692154324,0.1229535083084002,C:\Users\p06596\Documents\check\CNR-BOVINO\progetti_BOVINO\geological-transformer\src\results_uq\unified_feature_representation_study\stage4_all_embeddings_ablation\labse\full_pca016\subsample_ensemble\fold_metrics.csv
labse,Embeddings + XYZ + depth: PCA 16,TabICLv2: encoder input,encoder_input,,0.6353260869565217,0.5218810000131667,0.5969818931436679,0.603500259434293,0.610344990240936,0.461776256749895,0.4497185596860383,0.4516829979339,1.2332073767843672,1.2385942119200832,0.2841340299598893,0.1520852830912044,C:\Users\p06596\Documents\check\CNR-BOVINO\progetti_BOVINO\geological-transformer\src\results_uq\unified_feature_representation_study\stage4_all_embeddings_ablation\labse\full_pca016\tabicl\summary.csv
labse,Embeddings + XYZ + depth: PCA 16,TabICLv2: hidden,hidden,,0.6048913043478261,0.4874233489684897,0.6486304781184228,0.6614686257571207,0.6596889826497156,0.5255365568201317,0.5450240555515009,0.5209758401063352,1.379428146100085,1.3185633367202985,0.2814555428593802,0.244416774122712,C:\Users\p06596\Documents\check\CNR-BOVINO\progetti_BOVINO\geological-transformer\src\results_uq\unified_feature_representation_study\stage4_all_embeddings_ablation\labse\full_pca016\tabicl\summary.csv
labse,Embeddings + XYZ + depth: PCA 16,TabICLv2: model input,model_input,,0.5717391304347826,0.4435357158482863,0.5954925112427862,0.5904465267993284,0.5723205496902202,0.5045701361063688,0.4926453904632904,0.4658901207270525,1.1503394904218964,1.087865256520021,0.3328531996710334,0.1915425102683792,C:\Users\p06596\Documents\check\CNR-BOVINO\progetti_BOVINO\geological-transformer\src\results_uq\unified_feature_representation_study\stage4_all_embeddings_ablation\labse\full_pca016\tabicl\summary.csv
minilm-en,Embeddings + XYZ + depth: PCA 16,Deep Ensemble,classification_head,11.0,0.696195652173913,0.5713068972451399,0.69694405226239,0.7036456907195752,0.6429203935968111,0.5110544027883274,0.5276449856198139,0.4374812878531912,1.7367920814677233,1.440009963595477,0.2013239151056935,0.1391374034078224,C:\Users\p06596\Documents\check\CNR-BOVINO\progetti_BOVINO\geological-transformer\src\results_uq\unified_feature_representation_study\stage3_minilm_ablation\full_pca016\deep_ensemble\fold_metrics.csv
minilm-en,Embeddings + XYZ + depth: PCA 16,LLLA,classification_head,11.0,0.6853260869565218,0.5542183854008943,0.6804678415436388,0.6932797175336077,0.6234367618005575,0.49212791551677276,0.5398382760874786,0.4632442303284226,1.7155482348893967,1.4721405592474917,0.2071019551026603,0.1415265953168272,C:\Users\p06596\Documents\check\CNR-BOVINO\progetti_BOVINO\geological-transformer\src\results_uq\unified_feature_representation_study\stage3_minilm_ablation\full_pca016\laplace\fold_metrics.csv
minilm-en,Embeddings + XYZ + depth: PCA 16,MC dropout,classification_head,11.0,0.6902173913043478,0.5594431900073956,0.6953405166459456,0.7067629739354534,0.67377669999092,0.48923340020249656,0.5355685685219329,0.4486685165152578,1.7288529229479936,1.448333456821183,0.1991765619701828,0.10921584341837,C:\Users\p06596\Documents\check\CNR-BOVINO\progetti_BOVINO\geological-transformer\src\results_uq\unified_feature_representation_study\stage3_minilm_ablation\full_pca016\mc_dropout\fold_metrics.csv
minilm-en,Embeddings + XYZ + depth: PCA 16,Subsample Ensemble,classification_head,11.0,0.7010869565217391,0.5775780044932449,0.7104369274136715,0.717180456063736,0.6808055062607462,0.5296939933789651,0.5541466882439899,0.5034650613167394,1.853872557034439,1.6843194778596373,0.1893451490760086,0.1201222291621176,C:\Users\p06596\Documents\check\CNR-BOVINO\progetti_BOVINO\geological-transformer\src\results_uq\unified_feature_representation_study\stage3_minilm_ablation\full_pca016\subsample_ensemble\fold_metrics.csv
minilm-en,Embeddings + XYZ + depth: PCA 16,TabICLv2: encoder input,encoder_input,,0.6597826086956522,0.5525124940948308,0.6128198177808423,0.6149593928133438,0.6106420830460391,0.4185176126805688,0.4102478381259268,0.4057416261332874,1.205840290977165,1.1925951950243592,0.2448371919462149,0.1398122234061088,C:\Users\p06596\Documents\check\CNR-BOVINO\progetti_BOVINO\geological-transformer\src\results_uq\unified_feature_representation_study\stage3_minilm_ablation\full_pca016\tabicl\summary.csv
minilm-en,Embeddings + XYZ + depth: PCA 16,TabICLv2: hidden,hidden,,0.6614130434782609,0.5601411913315981,0.6706463147148938,0.6839503502415618,0.6439393239961961,0.4672498515844516,0.4874760203908342,0.4260328569362483,1.439736561025899,1.258267185814923,0.2145454476600107,0.188345452758437,C:\Users\p06596\Documents\check\CNR-BOVINO\progetti_BOVINO\geological-transformer\src\results_uq\unified_feature_representation_study\stage3_minilm_ablation\full_pca016\tabicl\summary.csv
minilm-en,Embeddings + XYZ + depth: PCA 16,TabICLv2: model input,model_input,,0.5989130434782609,0.4771179414945989,0.6246218995765276,0.6248985584229708,0.6601756353316709,0.4981556815541336,0.5059869397894945,0.5388105084859806,1.2615392536757046,1.343375793515182,0.2835794350709142,0.1648859925877697,C:\Users\p06596\Documents\check\CNR-BOVINO\progetti_BOVINO\geological-transformer\src\results_uq\unified_feature_representation_study\stage3_minilm_ablation\full_pca016\tabicl\summary.csv
mpnet,Embeddings + XYZ + depth: PCA 16,Deep Ensemble,classification_head,11.0,0.678804347826087,0.5479126178299778,0.6811405130872887,0.6858854491627889,0.6216622475927501,0.48609858957987745,0.5145273400222324,0.4366408565390209,1.6019125306952755,1.3594233096984747,0.2197944379952732,0.1375835453362568,C:\Users\p06596\Documents\check\CNR-BOVINO\progetti_BOVINO\geological-transformer\src\results_uq\unified_feature_representation_study\stage4_all_embeddings_ablation\mpnet\full_pca016\deep_ensemble\fold_metrics.csv
mpnet,Embeddings + XYZ + depth: PCA 16,LLLA,classification_head,11.0,0.6646739130434782,0.532581417120221,0.6657818606370869,0.6618508812672834,0.6062545070763018,0.4768990215870331,0.5052771827455348,0.465364097165546,1.506823365075825,1.387795686847009,0.2461176847355637,0.1318982748719661,C:\Users\p06596\Documents\check\CNR-BOVINO\progetti_BOVINO\geological-transformer\src\results_uq\unified_feature_representation_study\stage4_all_embeddings_ablation\mpnet\full_pca016\laplace\fold_metrics.csv
mpnet,Embeddings + XYZ + depth: PCA 16,MC dropout,classification_head,11.0,0.6679347826086957,0.5375356263170691,0.6812239402651951,0.6876826108144903,0.6550120292950992,0.4971772534950002,0.5196614188757616,0.4602944290993596,1.5649378244376453,1.3861567095627196,0.2253376297022591,0.1163415909947259,C:\Users\p06596\Documents\check\CNR-BOVINO\progetti_BOVINO\geological-transformer\src\results_uq\unified_feature_representation_study\stage4_all_embeddings_ablation\mpnet\full_pca016\mc_dropout\fold_metrics.csv
mpnet,Embeddings + XYZ + depth: PCA 16,Subsample Ensemble,classification_head,11.0,0.6945652173913044,0.5704015436418123,0.6874147216235332,0.7036291794575891,0.6769453773646994,0.4990519911632846,0.5426808323137582,0.5106262774069905,1.776748632486326,1.6718013352826737,0.2011840751472883,0.1206969330816165,C:\Users\p06596\Documents\check\CNR-BOVINO\progetti_BOVINO\geological-transformer\src\results_uq\unified_feature_representation_study\stage4_all_embeddings_ablation\mpnet\full_pca016\subsample_ensemble\fold_metrics.csv
mpnet,Embeddings + XYZ + depth: PCA 16,TabICLv2: encoder input,encoder_input,,0.6489130434782608,0.5408062546527247,0.632569452007198,0.6272266907291878,0.6427726869642328,0.45293300765872513,0.4340719666184379,0.465884555847381,1.2363659730308447,1.3269776822897537,0.2423804817385567,0.1356172760369964,C:\Users\p06596\Documents\check\CNR-BOVINO\progetti_BOVINO\geological-transformer\src\results_uq\unified_feature_representation_study\stage4_all_embeddings_ablation\mpnet\full_pca016\tabicl\summary.csv
mpnet,Embeddings + XYZ + depth: PCA 16,TabICLv2: hidden,hidden,,0.6304347826086957,0.5212555715451637,0.6503600405679513,0.6594333164300203,0.658809584178499,0.491320558561668,0.4908890320884385,0.4956253451473162,1.3282879691804808,1.3411038751045028,0.2441110619159939,0.2015793625766901,C:\Users\p06596\Documents\check\CNR-BOVINO\progetti_BOVINO\geological-transformer\src\results_uq\unified_feature_representation_study\stage4_all_embeddings_ablation\mpnet\full_pca016\tabicl\summary.csv
mpnet,Embeddings + XYZ + depth: PCA 16,TabICLv2: model input,model_input,,0.5994565217391304,0.4719164524536717,0.6107421353629119,0.6025653484821832,0.5828141088015785,0.4987026750666569,0.4755126356678162,0.4494873403006791,1.1871685883701246,1.122193631144165,0.3035912222848281,0.158429374480473,C:\Users\p06596\Documents\check\CNR-BOVINO\progetti_BOVINO\geological-transformer\src\results_uq\unified_feature_representation_study\stage4_all_embeddings_ablation\mpnet\full_pca016\tabicl\summary.csv
bge-base,Embeddings + XYZ + depth: PCA 32,Deep Ensemble,classification_head,11.0,0.6608695652173913,0.5254010921440334,0.6874433303812415,0.6859951062188557,0.6261222689082059,0.49226263004652326,0.5289421590008792,0.4684892750000691,1.5597012380795152,1.3814427339745625,0.2337606636873302,0.1454834840057984,C:\Users\p06596\Documents\check\CNR-BOVINO\progetti_BOVINO\geological-transformer\src\results_uq\unified_feature_representation_study\stage4_all_embeddings_ablation\bge-base\full_pca032\deep_ensemble\fold_metrics.csv
bge-base,Embeddings + XYZ + depth: PCA 32,LLLA,classification_head,11.0,0.657608695652174,0.5195461105892573,0.6690568017840746,0.6557554163307846,0.5906991073794902,0.4798783082568312,0.5159729092524217,0.4690641134954943,1.5069684968642159,1.3699650298916026,0.246386854727598,0.1383514641905608,C:\Users\p06596\Documents\check\CNR-BOVINO\progetti_BOVINO\geological-transformer\src\results_uq\unified_feature_representation_study\stage4_all_embeddings_ablation\bge-base\full_pca032\laplace\fold_metrics.csv
bge-base,Embeddings + XYZ + depth: PCA 32,MC dropout,classification_head,11.0,0.6673913043478261,0.5315888264824925,0.6976631857954909,0.6941134882172556,0.6803358915819145,0.5103438725629074,0.5239535244654564,0.4983329890975244,1.575285106236013,1.4982560456526879,0.2211396249471538,0.1211873859976944,C:\Users\p06596\Documents\check\CNR-BOVINO\progetti_BOVINO\geological-transformer\src\results_uq\unified_feature_representation_study\stage4_all_embeddings_ablation\bge-base\full_pca032\mc_dropout\fold_metrics.csv
bge-base,Embeddings + XYZ + depth: PCA 32,Subsample Ensemble,classification_head,11.0,0.6717391304347826,0.5390715733635995,0.7044233159733385,0.7091574149645287,0.6897448961905424,0.5361523958289671,0.555725243535733,0.5351357198679926,1.6929378279896503,1.6302147757567986,0.213226714748964,0.1282455172551714,C:\Users\p06596\Documents\check\CNR-BOVINO\progetti_BOVINO\geological-transformer\src\results_uq\unified_feature_representation_study\stage4_all_embeddings_ablation\bge-base\full_pca032\subsample_ensemble\fold_metrics.csv
bge-base,Embeddings + XYZ + depth: PCA 32,TabICLv2: encoder input,encoder_input,,0.6559782608695652,0.548759623609923,0.6451348178280725,0.654298058586628,0.6688367356821909,0.4753372812368791,0.4744458808548973,0.525093772327954,1.3791159885829558,1.5263389274619832,0.2379736831870128,0.1250858719430565,C:\Users\p06596\Documents\check\CNR-BOVINO\progetti_BOVINO\geological-transformer\src\results_uq\unified_feature_representation_study\stage4_all_embeddings_ablation\bge-base\full_pca032\tabicl\summary.csv
bge-base,Embeddings + XYZ + depth: PCA 32,TabICLv2: hidden,hidden,,0.6342391304347826,0.5260790110699696,0.6593441992587132,0.6676929070997758,0.6091615513801406,0.5002762385373103,0.4956784668888399,0.4379892522851317,1.3551981858476456,1.1974743301703452,0.2444894274048715,0.2066826701808959,C:\Users\p06596\Documents\check\CNR-BOVINO\progetti_BOVINO\geological-transformer\src\results_uq\unified_feature_representation_study\stage4_all_embeddings_ablation\bge-base\full_pca032\tabicl\summary.csv
bge-base,Embeddings + XYZ + depth: PCA 32,TabICLv2: model input,model_input,,0.6195652173913043,0.4964810357478918,0.596187969924812,0.5821929824561403,0.5985551378446115,0.45736307557925393,0.4351174382406985,0.4569157617937003,1.143737266232693,1.2010357167148693,0.3022450030650589,0.1450574867964177,C:\Users\p06596\Documents\check\CNR-BOVINO\progetti_BOVINO\geological-transformer\src\results_uq\unified_feature_representation_study\stage4_all_embeddings_ablation\bge-base\full_pca032\tabicl\summary.csv
bge-large,Embeddings + XYZ + depth: PCA 32,Deep Ensemble,classification_head,11.0,0.6684782608695652,0.5344028760634255,0.6901852592296415,0.6978537670532692,0.640204762921851,0.5095360823502154,0.5390806265910801,0.4767495343812489,1.6260792670944055,1.438064169281144,0.2203336626427071,0.1364568442754123,C:\Users\p06596\Documents\check\CNR-BOVINO\progetti_BOVINO\geological-transformer\src\results_uq\unified_feature_representation_study\stage4_all_embeddings_ablation\bge-large\full_pca032\deep_ensemble\fold_metrics.csv
bge-large,Embeddings + XYZ + depth: PCA 32,LLLA,classification_head,11.0,0.6766304347826086,0.544534400016019,0.6564800377982518,0.6688431464748769,0.6029476439857098,0.4636680455443148,0.5182892554464155,0.4498752013180838,1.6027768571788308,1.3912107065970993,0.2254497854574579,0.1436845019459724,C:\Users\p06596\Documents\check\CNR-BOVINO\progetti_BOVINO\geological-transformer\src\results_uq\unified_feature_representation_study\stage4_all_embeddings_ablation\bge-large\full_pca032\laplace\fold_metrics.csv
bge-large,Embeddings + XYZ + depth: PCA 32,MC dropout,classification_head,11.0,0.6760869565217391,0.5456583057449832,0.6854721454929973,0.6986875104505739,0.6554290651973141,0.501100216860532,0.529464457376816,0.4487653771691365,1.6345882576733917,1.3854501577033744,0.212276568138312,0.1266740457843179,C:\Users\p06596\Documents\check\CNR-BOVINO\progetti_BOVINO\geological-transformer\src\results_uq\unified_feature_representation_study\stage4_all_embeddings_ablation\bge-large\full_pca032\mc_dropout\fold_metrics.csv
bge-large,Embeddings + XYZ + depth: PCA 32,Subsample Ensemble,classification_head,11.0,0.6722826086956522,0.5386993101219666,0.7033225143482265,0.7095475644356144,0.6748698558410063,0.5431053882101031,0.5588692696967609,0.534787680022123,1.7053390650780098,1.6318562707142723,0.2093216915814328,0.1267634622590697,C:\Users\p06596\Documents\check\CNR-BOVINO\progetti_BOVINO\geological-transformer\src\results_uq\unified_feature_representation_study\stage4_all_embeddings_ablation\bge-large\full_pca032\subsample_ensemble\fold_metrics.csv
bge-large,Embeddings + XYZ + depth: PCA 32,TabICLv2: encoder input,encoder_input,,0.6614130434782609,0.5550856667349765,0.6403465617502714,0.646968903613997,0.6020672891131653,0.4630933640176136,0.4583537029831458,0.4121757570052713,1.3537252222937213,1.2173409195661304,0.2292397851077674,0.1197717378941537,C:\Users\p06596\Documents\check\CNR-BOVINO\progetti_BOVINO\geological-transformer\src\results_uq\unified_feature_representation_study\stage4_all_embeddings_ablation\bge-large\full_pca032\tabicl\summary.csv
bge-large,Embeddings + XYZ + depth: PCA 32,TabICLv2: hidden,hidden,,0.6489130434782608,0.5445739998283492,0.6669337399069653,0.6768387862947347,0.6275689593478228,0.4735037781045209,0.4901013925225311,0.4367287296140983,1.39595443071433,1.2439332236686391,0.2198126908536607,0.2045428811880165,C:\Users\p06596\Documents\check\CNR-BOVINO\progetti_BOVINO\geological-transformer\src\results_uq\unified_feature_representation_study\stage4_all_embeddings_ablation\bge-large\full_pca032\tabicl\summary.csv
bge-large,Embeddings + XYZ + depth: PCA 32,TabICLv2: model input,model_input,,0.6059782608695652,0.4818089296674098,0.6227431575691975,0.6190394309571672,0.621105303850317,0.5198010548635498,0.5236022061006628,0.4976056539085595,1.3288662885865095,1.2628888319886198,0.2910120354959567,0.1572670581411548,C:\Users\p06596\Documents\check\CNR-BOVINO\progetti_BOVINO\geological-transformer\src\results_uq\unified_feature_representation_study\stage4_all_embeddings_ablation\bge-large\full_pca032\tabicl\summary.csv
bge-m3,Embeddings + XYZ + depth: PCA 32,Deep Ensemble,classification_head,11.0,0.6929347826086957,0.5676608719489648,0.6823876453236162,0.696226025856531,0.6474575294101615,0.48563073079604874,0.5108135393383447,0.4562174084200637,1.6635343581992112,1.485734569014013,0.2048972744393578,0.1403164474698512,C:\Users\p06596\Documents\check\CNR-BOVINO\progetti_BOVINO\geological-transformer\src\results_uq\unified_feature_representation_study\stage4_all_embeddings_ablation\bge-m3\full_pca032\deep_ensemble\fold_metrics.csv
bge-m3,Embeddings + XYZ + depth: PCA 32,LLLA,classification_head,11.0,0.7021739130434783,0.578745680187552,0.6589526225396035,0.6749773954791453,0.6039296549958809,0.43346042271109386,0.4749590467155609,0.4068365627263287,1.5947530035704967,1.3660205755774542,0.2028206959284624,0.133562521830849,C:\Users\p06596\Documents\check\CNR-BOVINO\progetti_BOVINO\geological-transformer\src\results_uq\unified_feature_representation_study\stage4_all_embeddings_ablation\bge-m3\full_pca032\laplace\fold_metrics.csv
bge-m3,Embeddings + XYZ + depth: PCA 32,MC dropout,classification_head,11.0,0.6972826086956522,0.5753456655037842,0.6966742276783404,0.7126172962288058,0.6796754913225095,0.4878367042451771,0.5169977254335882,0.4523503143590263,1.7078560409296273,1.4942990635917566,0.1915647546813268,0.1034211969084065,C:\Users\p06596\Documents\check\CNR-BOVINO\progetti_BOVINO\geological-transformer\src\results_uq\unified_feature_representation_study\stage4_all_embeddings_ablation\bge-m3\full_pca032\mc_dropout\fold_metrics.csv
bge-m3,Embeddings + XYZ + depth: PCA 32,Subsample Ensemble,classification_head,11.0,0.6891304347826087,0.5635716052192824,0.7034465928393373,0.7141819930300086,0.6890645244874473,0.5224336791810185,0.5469207961354132,0.5097230211524777,1.7593256379181126,1.639668459651327,0.194500537856124,0.1155771328217309,C:\Users\p06596\Documents\check\CNR-BOVINO\progetti_BOVINO\geological-transformer\src\results_uq\unified_feature_representation_study\stage4_all_embeddings_ablation\bge-m3\full_pca032\subsample_ensemble\fold_metrics.csv
bge-m3,Embeddings + XYZ + depth: PCA 32,TabICLv2: encoder input,encoder_input,,0.6445652173913043,0.534268259408121,0.6539095255039684,0.6583896736131524,0.653056041173528,0.46616821521252894,0.4555237712360158,0.458089198923361,1.2815959313062217,1.2888136483470707,0.2260798709654404,0.1479565660729231,C:\Users\p06596\Documents\check\CNR-BOVINO\progetti_BOVINO\geological-transformer\src\results_uq\unified_feature_representation_study\stage4_all_embeddings_ablation\bge-m3\full_pca032\tabicl\summary.csv
bge-m3,Embeddings + XYZ + depth: PCA 32,TabICLv2: hidden,hidden,,0.653804347826087,0.5515095533041579,0.6805774678948886,0.6911645532949418,0.6361842646131922,0.4958648893577127,0.5151657407091519,0.4295841924544881,1.4880768648427622,1.2408711367602168,0.2105886926764767,0.2002618121821424,C:\Users\p06596\Documents\check\CNR-BOVINO\progetti_BOVINO\geological-transformer\src\results_uq\unified_feature_representation_study\stage4_all_embeddings_ablation\bge-m3\full_pca032\tabicl\summary.csv
bge-m3,Embeddings + XYZ + depth: PCA 32,TabICLv2: model input,model_input,,0.5934782608695652,0.4637850776785422,0.6327324636148165,0.6257064014416955,0.6415814577579284,0.5101557192091553,0.5083528347105575,0.5329964084582783,1.2504936041008365,1.3111141598438933,0.2911648637349129,0.1819186100456864,C:\Users\p06596\Documents\check\CNR-BOVINO\progetti_BOVINO\geological-transformer\src\results_uq\unified_feature_representation_study\stage4_all_embeddings_ablation\bge-m3\full_pca032\tabicl\summary.csv
distilroberta,Embeddings + XYZ + depth: PCA 32,Deep Ensemble,classification_head,11.0,0.6722826086956522,0.5424344405180651,0.6750993080943973,0.6885065053300714,0.620673035751852,0.4804235804205097,0.5307430800469387,0.4510031830565641,1.6195145394467116,1.3761954507861989,0.2213821323510474,0.1441506783113531,C:\Users\p06596\Documents\check\CNR-BOVINO\progetti_BOVINO\geological-transformer\src\results_uq\unified_feature_representation_study\stage4_all_embeddings_ablation\distilroberta\full_pca032\deep_ensemble\fold_metrics.csv
distilroberta,Embeddings + XYZ + depth: PCA 32,LLLA,classification_head,11.0,0.6744565217391304,0.5455320279603202,0.6457673883009422,0.659411258902081,0.6068658382480757,0.46851047687832026,0.501585443615762,0.4628068794733678,1.5407632992537594,1.4216438367796271,0.2299069992847727,0.1426077208279267,C:\Users\p06596\Documents\check\CNR-BOVINO\progetti_BOVINO\geological-transformer\src\results_uq\unified_feature_representation_study\stage4_all_embeddings_ablation\distilroberta\full_pca032\laplace\fold_metrics.csv
distilroberta,Embeddings + XYZ + depth: PCA 32,MC dropout,classification_head,11.0,0.6766304347826086,0.5488583756348894,0.6630407343660356,0.6820833017417566,0.6470321577326663,0.4612401534023418,0.5031592143803437,0.4553100592820648,1.5559881587560207,1.4080176623176455,0.219072779151052,0.1229975673653509,C:\Users\p06596\Documents\check\CNR-BOVINO\progetti_BOVINO\geological-transformer\src\results_uq\unified_feature_representation_study\stage4_all_embeddings_ablation\distilroberta\full_pca032\mc_dropout\fold_metrics.csv
distilroberta,Embeddings + XYZ + depth: PCA 32,Subsample Ensemble,classification_head,11.0,0.6744565217391304,0.5441191474424343,0.7012035907280333,0.7089742543304923,0.6640545180838225,0.5480876833212565,0.5573010174209626,0.5265068435564256,1.7119096361512038,1.6173165144304225,0.2085922623976246,0.1207156248714612,C:\Users\p06596\Documents\check\CNR-BOVINO\progetti_BOVINO\geological-transformer\src\results_uq\unified_feature_representation_study\stage4_all_embeddings_ablation\distilroberta\full_pca032\subsample_ensemble\fold_metrics.csv
distilroberta,Embeddings + XYZ + depth: PCA 32,TabICLv2: encoder input,encoder_input,,0.6429347826086956,0.5301879357074736,0.618567710243158,0.614860961541678,0.6366408442277778,0.4607916567083352,0.4404140548694185,0.4615824366617189,1.233427490045251,1.2927118469673708,0.2642284120986603,0.1360667548896763,C:\Users\p06596\Documents\check\CNR-BOVINO\progetti_BOVINO\geological-transformer\src\results_uq\unified_feature_representation_study\stage4_all_embeddings_ablation\distilroberta\full_pca032\tabicl\summary.csv
distilroberta,Embeddings + XYZ + depth: PCA 32,TabICLv2: hidden,hidden,,0.6380434782608696,0.5290969323899184,0.6455382128295246,0.6542709660256508,0.6217840498078999,0.47153478890810985,0.4824728157779357,0.4436116307328556,1.3329579294765792,1.2255936945171988,0.2464049612433591,0.2057156936957823,C:\Users\p06596\Documents\check\CNR-BOVINO\progetti_BOVINO\geological-transformer\src\results_uq\unified_feature_representation_study\stage4_all_embeddings_ablation\distilroberta\full_pca032\tabicl\summary.csv
distilroberta,Embeddings + XYZ + depth: PCA 32,TabICLv2: model input,model_input,,0.6119565217391304,0.4871052106590731,0.5828071903717083,0.5694371887298436,0.5847799155186053,0.4716294262840557,0.4553620621269499,0.43834257613105,1.1734820648649689,1.1296223250436022,0.3205502114525494,0.1613141091368822,C:\Users\p06596\Documents\check\CNR-BOVINO\progetti_BOVINO\geological-transformer\src\results_uq\unified_feature_representation_study\stage4_all_embeddings_ablation\distilroberta\full_pca032\tabicl\summary.csv
e5-base,Embeddings + XYZ + depth: PCA 32,Deep Ensemble,classification_head,11.0,0.65,0.5113256076026123,0.6800567107750473,0.6852444806405189,0.6386975251838792,0.5106406944762274,0.5443990091397595,0.4794882195030474,1.5554257403993128,1.3699663414372782,0.2413596082561183,0.1466765578188325,C:\Users\p06596\Documents\check\CNR-BOVINO\progetti_BOVINO\geological-transformer\src\results_uq\unified_feature_representation_study\stage4_all_embeddings_ablation\e5-base\full_pca032\deep_ensemble\fold_metrics.csv
e5-base,Embeddings + XYZ + depth: PCA 32,LLLA,classification_head,11.0,0.6532608695652173,0.5165713170504388,0.6520558734397739,0.6751205155552737,0.5995649305560836,0.505888243940297,0.5543126842989955,0.4635843441499726,1.598644732147573,1.3369830614983536,0.2413854244574956,0.1473543323495465,C:\Users\p06596\Documents\check\CNR-BOVINO\progetti_BOVINO\geological-transformer\src\results_uq\unified_feature_representation_study\stage4_all_embeddings_ablation\e5-base\full_pca032\laplace\fold_metrics.csv
e5-base,Embeddings + XYZ + depth: PCA 32,MC dropout,classification_head,11.0,0.6679347826086957,0.5368399412604317,0.6647554529849424,0.6762853457211371,0.6520053136003716,0.470723825533491,0.5006890435853416,0.4675862120673695,1.5078033391113397,1.4081155977151554,0.2315479778625665,0.1175533374204583,C:\Users\p06596\Documents\check\CNR-BOVINO\progetti_BOVINO\geological-transformer\src\results_uq\unified_feature_representation_study\stage4_all_embeddings_ablation\e5-base\full_pca032\mc_dropout\fold_metrics.csv
e5-base,Embeddings + XYZ + depth: PCA 32,Subsample Ensemble,classification_head,11.0,0.6440217391304348,0.5039447639131162,0.7040203562340966,0.7066104479665062,0.6554466436768098,0.5780393071790423,0.5893005027507915,0.5258401030482704,1.6554395802464983,1.4771691444409432,0.2346666294266956,0.1327729135913693,C:\Users\p06596\Documents\check\CNR-BOVINO\progetti_BOVINO\geological-transformer\src\results_uq\unified_feature_representation_study\stage4_all_embeddings_ablation\e5-base\full_pca032\subsample_ensemble\fold_metrics.csv
e5-base,Embeddings + XYZ + depth: PCA 32,TabICLv2: encoder input,encoder_input,,0.628804347826087,0.5128267152940593,0.6233012878512739,0.622343340111942,0.5873194040729863,0.4879334942636544,0.4671571516119879,0.4503944701166394,1.2585199984861752,1.2133613836231574,0.2799766498995529,0.1504236365094687,C:\Users\p06596\Documents\check\CNR-BOVINO\progetti_BOVINO\geological-transformer\src\results_uq\unified_feature_representation_study\stage4_all_embeddings_ablation\e5-base\full_pca032\tabicl\summary.csv
e5-base,Embeddings + XYZ + depth: PCA 32,TabICLv2: hidden,hidden,,0.6271739130434782,0.5146671834363028,0.6303932070476124,0.6352817680674647,0.5756994305521168,0.4732409794033104,0.4697360764508577,0.4215064332533998,1.2599334995183356,1.1305711912336087,0.2594750890890713,0.2016047502814984,C:\Users\p06596\Documents\check\CNR-BOVINO\progetti_BOVINO\geological-transformer\src\results_uq\unified_feature_representation_study\stage4_all_embeddings_ablation\e5-base\full_pca032\tabicl\summary.csv
e5-base,Embeddings + XYZ + depth: PCA 32,TabICLv2: model input,model_input,,0.5880434782608696,0.4624813757689602,0.5863323562834388,0.5865518267256473,0.62193411985037,0.49298708791892765,0.5110922908884646,0.5123055450729217,1.2406461942411278,1.2435912967469338,0.3320560464041862,0.1838504796252441,C:\Users\p06596\Documents\check\CNR-BOVINO\progetti_BOVINO\geological-transformer\src\results_uq\unified_feature_representation_study\stage4_all_embeddings_ablation\e5-base\full_pca032\tabicl\summary.csv
e5-large,Embeddings + XYZ + depth: PCA 32,Deep Ensemble,classification_head,11.0,0.6505434782608696,0.5123733710596451,0.6856799853443875,0.6904238570863591,0.6345618834396569,0.5298045873634813,0.5473550599624719,0.4765192210438534,1.5663037485706817,1.3636008813696583,0.2413020972771396,0.1372119579302227,C:\Users\p06596\Documents\check\CNR-BOVINO\progetti_BOVINO\geological-transformer\src\results_uq\unified_feature_representation_study\stage4_all_embeddings_ablation\e5-large\full_pca032\deep_ensemble\fold_metrics.csv
e5-large,Embeddings + XYZ + depth: PCA 32,LLLA,classification_head,11.0,0.6483695652173913,0.5082712548344385,0.6562417813339276,0.6761966891962266,0.5920644272045854,0.5141615616282547,0.5584073629226491,0.4803333898703882,1.5880518512792494,1.3660176775293884,0.2467148698624449,0.1475411543379658,C:\Users\p06596\Documents\check\CNR-BOVINO\progetti_BOVINO\geological-transformer\src\results_uq\unified_feature_representation_study\stage4_all_embeddings_ablation\e5-large\full_pca032\laplace\fold_metrics.csv
e5-large,Embeddings + XYZ + depth: PCA 32,MC dropout,classification_head,11.0,0.658695652173913,0.5256733695489109,0.67224122889996,0.6828303817936395,0.6540411097770422,0.49621046068210434,0.5151475798127008,0.4754555982562119,1.5093495969034543,1.3930546190946336,0.2354748075052491,0.117443682188573,C:\Users\p06596\Documents\check\CNR-BOVINO\progetti_BOVINO\geological-transformer\src\results_uq\unified_feature_representation_study\stage4_all_embeddings_ablation\e5-large\full_pca032\mc_dropout\fold_metrics.csv
e5-large,Embeddings + XYZ + depth: PCA 32,Subsample Ensemble,classification_head,11.0,0.6461956521739131,0.5072876589618149,0.7011158352486115,0.7047392921998288,0.6537824185336703,0.5677454278841696,0.5862170347182795,0.5207982422069088,1.6568960735508975,1.4719950317368853,0.23446125164826,0.1311499556283587,C:\Users\p06596\Documents\check\CNR-BOVINO\progetti_BOVINO\geological-transformer\src\results_uq\unified_feature_representation_study\stage4_all_embeddings_ablation\e5-large\full_pca032\subsample_ensemble\fold_metrics.csv
e5-large,Embeddings + XYZ + depth: PCA 32,TabICLv2: encoder input,encoder_input,,0.6369565217391304,0.5241321583242415,0.6569033434836811,0.6543895996403097,0.5785762093560319,0.49820361150268483,0.4878292935824854,0.437842413809662,1.3437214074727142,1.206032996122422,0.2454599641030839,0.1413089542806171,C:\Users\p06596\Documents\check\CNR-BOVINO\progetti_BOVINO\geological-transformer\src\results_uq\unified_feature_representation_study\stage4_all_embeddings_ablation\e5-large\full_pca032\tabicl\summary.csv
e5-large,Embeddings + XYZ + depth: PCA 32,TabICLv2: hidden,hidden,,0.6402173913043478,0.5324623681874203,0.63661462153581,0.6467526505572966,0.5790486717720136,0.48010622551695525,0.4755575403735275,0.4176067587988302,1.321791350887146,1.1607196921296792,0.2434600891264435,0.1931698935640891,C:\Users\p06596\Documents\check\CNR-BOVINO\progetti_BOVINO\geological-transformer\src\results_uq\unified_feature_representation_study\stage4_all_embeddings_ablation\e5-large\full_pca032\tabicl\summary.csv
e5-large,Embeddings + XYZ + depth: PCA 32,TabICLv2: model input,model_input,,0.5554347826086956,0.4150735005506809,0.6324037435585816,0.6194060737132714,0.6331262350537563,0.5657665165628085,0.5515993924263252,0.5351769227622076,1.2407614695164282,1.203820950956555,0.3302908481777818,0.1996734758832975,C:\Users\p06596\Documents\check\CNR-BOVINO\progetti_BOVINO\geological-transformer\src\results_uq\unified_feature_representation_study\stage4_all_embeddings_ablation\e5-large\full_pca032\tabicl\summary.csv
e5-mistral,Embeddings + XYZ + depth: PCA 32,Deep Ensemble,classification_head,11.0,0.6635869565217392,0.5300348603164156,0.6795259056971497,0.6929920457650216,0.6453625346588542,0.5041146816155353,0.5395122660524327,0.4562773152847743,1.603719821545196,1.356300904885274,0.2257858041492204,0.1413831891249055,C:\Users\p06596\Documents\check\CNR-BOVINO\progetti_BOVINO\geological-transformer\src\results_uq\unified_feature_representation_study\stage4_all_embeddings_ablation\e5-mistral\full_pca032\deep_ensemble\fold_metrics.csv
e5-mistral,Embeddings + XYZ + depth: PCA 32,LLLA,classification_head,11.0,0.6673913043478261,0.5371422107591274,0.642774264972004,0.6664498396271619,0.5977097811843506,0.46920712416120347,0.5217588536460096,0.4553841048245682,1.5686867495239505,1.3691286811719046,0.2297955765384924,0.1514314878650981,C:\Users\p06596\Documents\check\CNR-BOVINO\progetti_BOVINO\geological-transformer\src\results_uq\unified_feature_representation_study\stage4_all_embeddings_ablation\e5-mistral\full_pca032\laplace\fold_metrics.csv
e5-mistral,Embeddings + XYZ + depth: PCA 32,MC dropout,classification_head,11.0,0.6706521739130434,0.5404240626443013,0.670453755262074,0.6874110827449325,0.6522324015082334,0.48545992525465104,0.515735638188721,0.4567128766227302,1.5659299905400108,1.386718965323141,0.2249058522826598,0.120696920690977,C:\Users\p06596\Documents\check\CNR-BOVINO\progetti_BOVINO\geological-transformer\src\results_uq\unified_feature_representation_study\stage4_all_embeddings_ablation\e5-mistral\full_pca032\mc_dropout\fold_metrics.csv
e5-mistral,Embeddings + XYZ + depth: PCA 32,Subsample Ensemble,classification_head,11.0,0.6673913043478261,0.534918234991768,0.6998201017649188,0.7114289711744068,0.6799039177867329,0.5631797840197328,0.5771651514145718,0.5484909841842691,1.7352677754947912,1.6490578609461688,0.213688727568924,0.1304138337950343,C:\Users\p06596\Documents\check\CNR-BOVINO\progetti_BOVINO\geological-transformer\src\results_uq\unified_feature_representation_study\stage4_all_embeddings_ablation\e5-mistral\full_pca032\subsample_ensemble\fold_metrics.csv
e5-mistral,Embeddings + XYZ + depth: PCA 32,TabICLv2: encoder input,encoder_input,,0.6695652173913044,0.5668660588110033,0.6372714456596036,0.6412124060150376,0.6539537764866712,0.45663141002826013,0.4395616893484209,0.4419458663324972,1.3302524809228526,1.3374677533746626,0.2256201540905849,0.1274069795102911,C:\Users\p06596\Documents\check\CNR-BOVINO\progetti_BOVINO\geological-transformer\src\results_uq\unified_feature_representation_study\stage4_all_embeddings_ablation\e5-mistral\full_pca032\tabicl\summary.csv
e5-mistral,Embeddings + XYZ + depth: PCA 32,TabICLv2: hidden,hidden,,0.6396739130434783,0.532332868957977,0.6735123040785493,0.6878699457039203,0.6173606492463007,0.49800561190369297,0.5282389792838251,0.4349389308160193,1.4660025971074486,1.2070703358996615,0.2214330350441867,0.205472785659438,C:\Users\p06596\Documents\check\CNR-BOVINO\progetti_BOVINO\geological-transformer\src\results_uq\unified_feature_representation_study\stage4_all_embeddings_ablation\e5-mistral\full_pca032\tabicl\summary.csv
e5-mistral,Embeddings + XYZ + depth: PCA 32,TabICLv2: model input,model_input,,0.625,0.5101738466168199,0.6353308128544424,0.6428015122873346,0.6434341524889728,0.4884633583805297,0.510251066453172,0.47549484145976,1.3606695105417919,1.2679862438926934,0.2537214515979341,0.1478183948095014,C:\Users\p06596\Documents\check\CNR-BOVINO\progetti_BOVINO\geological-transformer\src\results_uq\unified_feature_representation_study\stage4_all_embeddings_ablation\e5-mistral\full_pca032\tabicl\summary.csv
e5-small,Embeddings + XYZ + depth: PCA 32,Deep Ensemble,classification_head,11.0,0.6521739130434783,0.5153663594748802,0.6812864583333333,0.6844608673437735,0.6421791038703913,0.5123644637762108,0.5375934567640543,0.4734507578756927,1.5455811881966564,1.3611709288926166,0.2421192093694023,0.1431402486465547,C:\Users\p06596\Documents\check\CNR-BOVINO\progetti_BOVINO\geological-transformer\src\results_uq\unified_feature_representation_study\stage4_all_embeddings_ablation\e5-small\full_pca032\deep_ensemble\fold_metrics.csv
e5-small,Embeddings + XYZ + depth: PCA 32,LLLA,classification_head,11.0,0.6494565217391305,0.5141867736828989,0.6576523628815154,0.6719539864881676,0.5963819829767382,0.4968742195792274,0.5359943278223481,0.4692599203326553,1.5290380824699545,1.3386639587784277,0.2469340053067044,0.1419139926119342,C:\Users\p06596\Documents\check\CNR-BOVINO\progetti_BOVINO\geological-transformer\src\results_uq\unified_feature_representation_study\stage4_all_embeddings_ablation\e5-small\full_pca032\laplace\fold_metrics.csv
e5-small,Embeddings + XYZ + depth: PCA 32,MC dropout,classification_head,11.0,0.6641304347826087,0.5317314043715184,0.6689667318153167,0.6774568662036194,0.6552441873288322,0.4827671001532362,0.5026744936676074,0.4654466422880629,1.4966360329262098,1.3857958281715788,0.2339888126950447,0.1107357432660848,C:\Users\p06596\Documents\check\CNR-BOVINO\progetti_BOVINO\geological-transformer\src\results_uq\unified_feature_representation_study\stage4_all_embeddings_ablation\e5-small\full_pca032\mc_dropout\fold_metrics.csv
e5-small,Embeddings + XYZ + depth: PCA 32,Subsample Ensemble,classification_head,11.0,0.6396739130434783,0.4987144649141153,0.7145092400727365,0.712831841978371,0.6711600435658379,0.6098919900825233,0.6026292532695936,0.5438154054321638,1.6724552428598076,1.5092312910937882,0.2362268547279088,0.1357294318144735,C:\Users\p06596\Documents\check\CNR-BOVINO\progetti_BOVINO\geological-transformer\src\results_uq\unified_feature_representation_study\stage4_all_embeddings_ablation\e5-small\full_pca032\subsample_ensemble\fold_metrics.csv
e5-small,Embeddings + XYZ + depth: PCA 32,TabICLv2: encoder input,encoder_input,,0.65,0.5414945923555863,0.6390660379318225,0.6387752134444006,0.6260659236793452,0.47087618699113365,0.4582078424280992,0.4455660406685977,1.3091652640802836,1.2730458304817078,0.2450461967835094,0.1404301268703987,C:\Users\p06596\Documents\check\CNR-BOVINO\progetti_BOVINO\geological-transformer\src\results_uq\unified_feature_representation_study\stage4_all_embeddings_ablation\e5-small\full_pca032\tabicl\summary.csv
e5-small,Embeddings + XYZ + depth: PCA 32,TabICLv2: hidden,hidden,,0.6380434782608696,0.5283965003806109,0.6597027180502478,0.6717530989251603,0.5785193200014325,0.5004697177238449,0.5119251621057648,0.4216333167741861,1.414327775187098,1.1648728271238775,0.2355337838869216,0.1921205013397728,C:\Users\p06596\Documents\check\CNR-BOVINO\progetti_BOVINO\geological-transformer\src\results_uq\unified_feature_representation_study\stage4_all_embeddings_ablation\e5-small\full_pca032\tabicl\summary.csv
e5-small,Embeddings + XYZ + depth: PCA 32,TabICLv2: model input,model_input,,0.6054347826086957,0.4824881047110845,0.634332141391061,0.6240027993333037,0.6217944913472905,0.5125325329211599,0.50927426170315,0.4962754216701706,1.290722646740766,1.2577779281998813,0.2898442197142095,0.1593010872440652,C:\Users\p06596\Documents\check\CNR-BOVINO\progetti_BOVINO\geological-transformer\src\results_uq\unified_feature_representation_study\stage4_all_embeddings_ablation\e5-small\full_pca032\tabicl\summary.csv
gte-base,Embeddings + XYZ + depth: PCA 32,Deep Ensemble,classification_head,11.0,0.6472826086956521,0.5063747728528409,0.6899253388601465,0.6875633368867501,0.6294510758423272,0.5166355083941971,0.5516700007385608,0.4800296602442224,1.5640567047133307,1.3609469566246057,0.245576139706771,0.1481575956487137,C:\Users\p06596\Documents\check\CNR-BOVINO\progetti_BOVINO\geological-transformer\src\results_uq\unified_feature_representation_study\stage4_all_embeddings_ablation\gte-base\full_pca032\deep_ensemble\fold_metrics.csv
gte-base,Embeddings + XYZ + depth: PCA 32,LLLA,classification_head,11.0,0.653804347826087,0.5144447915772766,0.6635543532586639,0.6784316722726664,0.6137977852730269,0.5046754439894386,0.5577712603104599,0.4696902065426879,1.6111446137696173,1.3567189639537611,0.2409402021188592,0.1450327142911112,C:\Users\p06596\Documents\check\CNR-BOVINO\progetti_BOVINO\geological-transformer\src\results_uq\unified_feature_representation_study\stage4_all_embeddings_ablation\gte-base\full_pca032\laplace\fold_metrics.csv
gte-base,Embeddings + XYZ + depth: PCA 32,MC dropout,classification_head,11.0,0.6673913043478261,0.5340185201901604,0.6816107278959358,0.6891630245037128,0.6610941376207301,0.48814125082592447,0.5180994044944746,0.4742060979825336,1.5576844841010349,1.4257176802089246,0.2252573479820278,0.1183195254077081,C:\Users\p06596\Documents\check\CNR-BOVINO\progetti_BOVINO\geological-transformer\src\results_uq\unified_feature_representation_study\stage4_all_embeddings_ablation\gte-base\full_pca032\mc_dropout\fold_metrics.csv
gte-base,Embeddings + XYZ + depth: PCA 32,Subsample Ensemble,classification_head,11.0,0.6445652173913043,0.5037540367601181,0.7105592256241264,0.7110160342274979,0.6834813082925237,0.5910109768052324,0.6029253449067039,0.5539389932978684,1.6963037226732953,1.5584827945995074,0.2357312631594122,0.1410581684792818,C:\Users\p06596\Documents\check\CNR-BOVINO\progetti_BOVINO\geological-transformer\src\results_uq\unified_feature_representation_study\stage4_all_embeddings_ablation\gte-base\full_pca032\subsample_ensemble\fold_metrics.csv
gte-base,Embeddings + XYZ + depth: PCA 32,TabICLv2: encoder input,encoder_input,,0.6505434782608696,0.5416164613900436,0.6333303450435317,0.6384935901183753,0.645471896433671,0.46993266921226323,0.4654138764271116,0.4679793234475256,1.3318219792004438,1.3391632272837435,0.2507065944162344,0.1341211621491337,C:\Users\p06596\Documents\check\CNR-BOVINO\progetti_BOVINO\geological-transformer\src\results_uq\unified_feature_representation_study\stage4_all_embeddings_ablation\gte-base\full_pca032\tabicl\summary.csv
gte-base,Embeddings + XYZ + depth: PCA 32,TabICLv2: hidden,hidden,,0.6271739130434782,0.5140416042971806,0.6620589557932607,0.6758441925916194,0.6523664677557084,0.5081504649121112,0.5192581742636901,0.4773081469475271,1.392762449920102,1.2802434262149414,0.2392079370681423,0.2011843945806958,C:\Users\p06596\Documents\check\CNR-BOVINO\progetti_BOVINO\geological-transformer\src\results_uq\unified_feature_representation_study\stage4_all_embeddings_ablation\gte-base\full_pca032\tabicl\summary.csv
gte-base,Embeddings + XYZ + depth: PCA 32,TabICLv2: model input,model_input,,0.6043478260869565,0.4784359151570607,0.6388956142778085,0.6373786959443434,0.6356801921100483,0.5331476102527533,0.524012966167733,0.5077918777130892,1.324428376028336,1.283430020593522,0.2864033245359078,0.1480634568507045,C:\Users\p06596\Documents\check\CNR-BOVINO\progetti_BOVINO\geological-transformer\src\results_uq\unified_feature_representation_study\stage4_all_embeddings_ablation\gte-base\full_pca032\tabicl\summary.csv
gte-large,Embeddings + XYZ + depth: PCA 32,Deep Ensemble,classification_head,11.0,0.6456521739130435,0.5055632623066207,0.6950751120613083,0.6983332210142814,0.6299325018734059,0.5403973871834108,0.5723892387335955,0.4828683420969134,1.6153315939721102,1.3626959347520258,0.2394552997246179,0.1473156485382629,C:\Users\p06596\Documents\check\CNR-BOVINO\progetti_BOVINO\geological-transformer\src\results_uq\unified_feature_representation_study\stage4_all_embeddings_ablation\gte-large\full_pca032\deep_ensemble\fold_metrics.csv
gte-large,Embeddings + XYZ + depth: PCA 32,LLLA,classification_head,11.0,0.6483695652173913,0.5075228331811209,0.6576021122700555,0.6675614277185543,0.5874395430056369,0.4903166361062322,0.5216222120543648,0.4571021929299261,1.4834387483462614,1.2999505950402845,0.2468024325517264,0.1469894370307092,C:\Users\p06596\Documents\check\CNR-BOVINO\progetti_BOVINO\geological-transformer\src\results_uq\unified_feature_representation_study\stage4_all_embeddings_ablation\gte-large\full_pca032\laplace\fold_metrics.csv
gte-large,Embeddings + XYZ + depth: PCA 32,MC dropout,classification_head,11.0,0.6467391304347826,0.5078659331605316,0.691082094376212,0.7002551655620312,0.65914755434618,0.5299988947675153,0.5502311196002964,0.4899500836204786,1.5575773231762235,1.3869356213256625,0.2370144261902248,0.1224704673432785,C:\Users\p06596\Documents\check\CNR-BOVINO\progetti_BOVINO\geological-transformer\src\results_uq\unified_feature_representation_study\stage4_all_embeddings_ablation\gte-large\full_pca032\mc_dropout\fold_metrics.csv
gte-large,Embeddings + XYZ + depth: PCA 32,Subsample Ensemble,classification_head,11.0,0.6483695652173913,0.5090865818250601,0.7071285227712921,0.7124288004611107,0.6648201918118944,0.5877335274122312,0.6045604078641624,0.5368269988587401,1.7193062603864897,1.5266795639877615,0.231999145918959,0.1359168767605138,C:\Users\p06596\Documents\check\CNR-BOVINO\progetti_BOVINO\geological-transformer\src\results_uq\unified_feature_representation_study\stage4_all_embeddings_ablation\gte-large\full_pca032\subsample_ensemble\fold_metrics.csv
gte-large,Embeddings + XYZ + depth: PCA 32,TabICLv2: encoder input,encoder_input,,0.6396739130434783,0.5281189898918006,0.6342543291416299,0.6369928404013064,0.6236821635392278,0.4760418701906927,0.4624900467435702,0.4398531564100608,1.283531954763453,1.2207086090414963,0.2538674813420558,0.1385811491016168,C:\Users\p06596\Documents\check\CNR-BOVINO\progetti_BOVINO\geological-transformer\src\results_uq\unified_feature_representation_study\stage4_all_embeddings_ablation\gte-large\full_pca032\tabicl\summary.csv
gte-large,Embeddings + XYZ + depth: PCA 32,TabICLv2: hidden,hidden,,0.6331521739130435,0.5242247007825394,0.6375393419170243,0.6508574153552694,0.596066762041011,0.47169905502634296,0.4774434320277143,0.4279628866852164,1.301475429527399,1.1665951281493308,0.246118177608691,0.1972248181256028,C:\Users\p06596\Documents\check\CNR-BOVINO\progetti_BOVINO\geological-transformer\src\results_uq\unified_feature_representation_study\stage4_all_embeddings_ablation\gte-large\full_pca032\tabicl\summary.csv
gte-large,Embeddings + XYZ + depth: PCA 32,TabICLv2: model input,model_input,,0.6413043478260869,0.5264260060132666,0.6508371854134567,0.6507421674370826,0.6398189522342065,0.4848240637570619,0.4894696145136452,0.4956050959697999,1.3645819556137986,1.381686934218836,0.2432916514297368,0.1198383208330503,C:\Users\p06596\Documents\check\CNR-BOVINO\progetti_BOVINO\geological-transformer\src\results_uq\unified_feature_representation_study\stage4_all_embeddings_ablation\gte-large\full_pca032\tabicl\summary.csv
gte-modernbert,Embeddings + XYZ + depth: PCA 32,Deep Ensemble,classification_head,11.0,0.5032608695652174,0.3286156663631275,0.5771854663005516,0.5682372216198366,0.5526034467020322,0.5525528565971523,0.5614577360388306,0.5514312716386146,1.1302869084370333,1.1101023411543227,0.4234957323360618,0.2935922440222424,C:\Users\p06596\Documents\check\CNR-BOVINO\progetti_BOVINO\geological-transformer\src\results_uq\unified_feature_representation_study\stage4_all_embeddings_ablation\gte-modernbert\full_pca032\deep_ensemble\fold_metrics.csv
gte-modernbert,Embeddings + XYZ + depth: PCA 32,LLLA,classification_head,11.0,0.4934782608695652,0.3108771428600944,0.6219760923408519,0.6255551782572407,0.6253383737403492,0.6012217874030017,0.6191669199331007,0.619875958018466,1.222389627335735,1.223789445014997,0.3965988680705282,0.1790112811262192,C:\Users\p06596\Documents\check\CNR-BOVINO\progetti_BOVINO\geological-transformer\src\results_uq\unified_feature_representation_study\stage4_all_embeddings_ablation\gte-modernbert\full_pca032\laplace\fold_metrics.csv
gte-modernbert,Embeddings + XYZ + depth: PCA 32,MC dropout,classification_head,11.0,0.4956521739130435,0.3130842454786225,0.6194986388384756,0.6159707851521542,0.6002787180412185,0.5999713880679383,0.6059067264147553,0.5853203275864189,1.2013667851327046,1.1605489253868653,0.4014995003165166,0.3363426803408758,C:\Users\p06596\Documents\check\CNR-BOVINO\progetti_BOVINO\geological-transformer\src\results_uq\unified_feature_representation_study\stage4_all_embeddings_ablation\gte-modernbert\full_pca032\mc_dropout\fold_metrics.csv
gte-modernbert,Embeddings + XYZ + depth: PCA 32,Subsample Ensemble,classification_head,11.0,0.5163043478260869,0.3511061109113215,0.6269319929036075,0.6313635354931186,0.6326643472532343,0.5982378629406981,0.6007452209302048,0.5960365762599544,1.2419901196759289,1.2322553936160854,0.3694757296816052,0.2471404210137932,C:\Users\p06596\Documents\check\CNR-BOVINO\progetti_BOVINO\geological-transformer\src\results_uq\unified_feature_representation_study\stage4_all_embeddings_ablation\gte-modernbert\full_pca032\subsample_ensemble\fold_metrics.csv
gte-modernbert,Embeddings + XYZ + depth: PCA 32,TabICLv2: encoder input,encoder_input,,0.4885869565217391,0.3282913023996522,0.577231284258457,0.5747926317942122,0.5581015155580826,0.572869880354857,0.5636571707093951,0.5459010463653752,1.1021564230661924,1.0674366900236878,0.4290348823385623,0.2750677539748559,C:\Users\p06596\Documents\check\CNR-BOVINO\progetti_BOVINO\geological-transformer\src\results_uq\unified_feature_representation_study\stage4_all_embeddings_ablation\gte-modernbert\full_pca032\tabicl\summary.csv
gte-modernbert,Embeddings + XYZ + depth: PCA 32,TabICLv2: hidden,hidden,,0.4739130434782608,0.310175217632608,0.6417368403593904,0.6445119986352263,0.6440369341875806,0.6241967863068391,0.6327681254960227,0.6267144956097838,1.2027823873064893,1.1912754875227294,0.4025572820007732,0.4386509748617837,C:\Users\p06596\Documents\check\CNR-BOVINO\progetti_BOVINO\geological-transformer\src\results_uq\unified_feature_representation_study\stage4_all_embeddings_ablation\gte-modernbert\full_pca032\tabicl\summary.csv
gte-modernbert,Embeddings + XYZ + depth: PCA 32,TabICLv2: model input,model_input,,0.5907608695652173,0.4649462810731195,0.5958600434203083,0.5812994571850592,0.5679312800927538,0.5048538145928252,0.4754385277770966,0.460585447296419,1.1617621395881244,1.1254677596619,0.3209826818143293,0.1686254175590155,C:\Users\p06596\Documents\check\CNR-BOVINO\progetti_BOVINO\geological-transformer\src\results_uq\unified_feature_representation_study\stage4_all_embeddings_ablation\gte-modernbert\full_pca032\tabicl\summary.csv
labse,Embeddings + XYZ + depth: PCA 32,Deep Ensemble,classification_head,11.0,0.6711956521739131,0.5433780014997627,0.6897969016629303,0.6963744182290149,0.6501484288096153,0.48103491358793643,0.5229090123508765,0.4639248811048924,1.5903348474803518,1.4109450929471108,0.215488486128169,0.1506891764214505,C:\Users\p06596\Documents\check\CNR-BOVINO\progetti_BOVINO\geological-transformer\src\results_uq\unified_feature_representation_study\stage4_all_embeddings_ablation\labse\full_pca032\deep_ensemble\fold_metrics.csv
labse,Embeddings + XYZ + depth: PCA 32,LLLA,classification_head,11.0,0.6728260869565217,0.541640914385647,0.6778388140769326,0.687436099158321,0.6484421358523009,0.47605180768486505,0.5305322835920293,0.486395009735878,1.621560468121817,1.4866558437109891,0.2162797319303401,0.1308003953617551,C:\Users\p06596\Documents\check\CNR-BOVINO\progetti_BOVINO\geological-transformer\src\results_uq\unified_feature_representation_study\stage4_all_embeddings_ablation\labse\full_pca032\laplace\fold_metrics.csv
labse,Embeddings + XYZ + depth: PCA 32,MC dropout,classification_head,11.0,0.6657608695652174,0.5336415014340271,0.704601294176207,0.7130466074841479,0.6847708038200833,0.5208912367868637,0.5623807409757459,0.5078224080215861,1.6825700217810935,1.5193385866011682,0.2121371614824604,0.1133090938077024,C:\Users\p06596\Documents\check\CNR-BOVINO\progetti_BOVINO\geological-transformer\src\results_uq\unified_feature_representation_study\stage4_all_embeddings_ablation\labse\full_pca032\mc_dropout\fold_metrics.csv
labse,Embeddings + XYZ + depth: PCA 32,Subsample Ensemble,classification_head,11.0,0.6706521739130434,0.5409186441722673,0.706867040026531,0.7118437550202787,0.6648821318566567,0.5338239173605375,0.5680538354266226,0.5056218208089743,1.7247839227475006,1.5352213701130573,0.2043109317087471,0.1208333740253811,C:\Users\p06596\Documents\check\CNR-BOVINO\progetti_BOVINO\geological-transformer\src\results_uq\unified_feature_representation_study\stage4_all_embeddings_ablation\labse\full_pca032\subsample_ensemble\fold_metrics.csv
labse,Embeddings + XYZ + depth: PCA 32,TabICLv2: encoder input,encoder_input,,0.6326086956521739,0.5183238612160557,0.6271795380141931,0.6321244840277355,0.5858509221415645,0.47354040286932775,0.4580573322548891,0.4133656418330149,1.2467832712263254,1.1251372499596854,0.2591007589703618,0.1553469962414442,C:\Users\p06596\Documents\check\CNR-BOVINO\progetti_BOVINO\geological-transformer\src\results_uq\unified_feature_representation_study\stage4_all_embeddings_ablation\labse\full_pca032\tabicl\summary.csv
labse,Embeddings + XYZ + depth: PCA 32,TabICLv2: hidden,hidden,,0.6146739130434783,0.5010349844637587,0.677822963314914,0.6914147895131311,0.6642959848056876,0.5368979704151728,0.569114865949453,0.5094547067866623,1.476969468754575,1.3221391544251886,0.2447622481937809,0.2334872241770655,C:\Users\p06596\Documents\check\CNR-BOVINO\progetti_BOVINO\geological-transformer\src\results_uq\unified_feature_representation_study\stage4_all_embeddings_ablation\labse\full_pca032\tabicl\summary.csv
labse,Embeddings + XYZ + depth: PCA 32,TabICLv2: model input,model_input,,0.5826086956521739,0.4565566848234901,0.6093094099813433,0.5970015644434079,0.5966068097014926,0.508209969200814,0.481388308980287,0.4930393644127796,1.1533261569319375,1.1812401439056177,0.3144507720736876,0.1722213058604468,C:\Users\p06596\Documents\check\CNR-BOVINO\progetti_BOVINO\geological-transformer\src\results_uq\unified_feature_representation_study\stage4_all_embeddings_ablation\labse\full_pca032\tabicl\summary.csv
minilm-en,Embeddings + XYZ + depth: PCA 32,Deep Ensemble,classification_head,11.0,0.6858695652173913,0.5576151846714236,0.6954592315158561,0.7010611367054569,0.6415198024762744,0.4974893759455452,0.5402305408656343,0.4463304174390319,1.719765043586102,1.420844235446053,0.2055298611405953,0.1318550776528275,C:\Users\p06596\Documents\check\CNR-BOVINO\progetti_BOVINO\geological-transformer\src\results_uq\unified_feature_representation_study\stage3_minilm_ablation\full_pca032\deep_ensemble\fold_metrics.csv
minilm-en,Embeddings + XYZ + depth: PCA 32,LLLA,classification_head,11.0,0.6907608695652174,0.5599795747154273,0.6816367279268915,0.677821172553448,0.6119683909743211,0.471053579680411,0.510425917347192,0.445941888231248,1.6505864462545403,1.4420616420834733,0.2102914650708325,0.140151651446586,C:\Users\p06596\Documents\check\CNR-BOVINO\progetti_BOVINO\geological-transformer\src\results_uq\unified_feature_representation_study\stage3_minilm_ablation\full_pca032\laplace\fold_metrics.csv
minilm-en,Embeddings + XYZ + depth: PCA 32,MC dropout,classification_head,11.0,0.6907608695652174,0.5641262385942943,0.7038007519368803,0.7123405269270906,0.673309648995032,0.4914713388908286,0.5357005075485959,0.4488422947238695,1.732317985745899,1.4514408124638312,0.1969188960317999,0.1080798729444327,C:\Users\p06596\Documents\check\CNR-BOVINO\progetti_BOVINO\geological-transformer\src\results_uq\unified_feature_representation_study\stage3_minilm_ablation\full_pca032\mc_dropout\fold_metrics.csv
minilm-en,Embeddings + XYZ + depth: PCA 32,Subsample Ensemble,classification_head,11.0,0.6929347826086957,0.5666667426141135,0.7057088322054484,0.716700213710661,0.6892365759859808,0.5204342353468903,0.5392356804959663,0.5066722148986849,1.7560949594912885,1.6500475671036818,0.1909093934482024,0.1235144365578889,C:\Users\p06596\Documents\check\CNR-BOVINO\progetti_BOVINO\geological-transformer\src\results_uq\unified_feature_representation_study\stage3_minilm_ablation\full_pca032\subsample_ensemble\fold_metrics.csv
minilm-en,Embeddings + XYZ + depth: PCA 32,TabICLv2: encoder input,encoder_input,,0.6597826086956522,0.5561647150486071,0.6285653004616009,0.6174279307967219,0.5920530446179029,0.4659345466861342,0.4272384645519758,0.3903534319076724,1.2557807903764144,1.147364719984213,0.2453129732253808,0.1252020120580428,C:\Users\p06596\Documents\check\CNR-BOVINO\progetti_BOVINO\geological-transformer\src\results_uq\unified_feature_representation_study\stage3_minilm_ablation\full_pca032\tabicl\summary.csv
minilm-en,Embeddings + XYZ + depth: PCA 32,TabICLv2: hidden,hidden,,0.6543478260869565,0.5514666905835373,0.6860634885810402,0.6953929772874486,0.6475075220961574,0.505582394707973,0.5231895782143857,0.4740622253383769,1.5136302262806127,1.3715007777085118,0.2131695819318918,0.192942622488865,C:\Users\p06596\Documents\check\CNR-BOVINO\progetti_BOVINO\geological-transformer\src\results_uq\unified_feature_representation_study\stage3_minilm_ablation\full_pca032\tabicl\summary.csv
minilm-en,Embeddings + XYZ + depth: PCA 32,TabICLv2: model input,model_input,,0.5978260869565217,0.4766452561174965,0.6286265356265356,0.6301081081081081,0.5854447174447175,0.5122378021825175,0.5157426858002154,0.453836152450914,1.2823872187464815,1.1284574601482187,0.2881768434908691,0.1553111428786634,C:\Users\p06596\Documents\check\CNR-BOVINO\progetti_BOVINO\geological-transformer\src\results_uq\unified_feature_representation_study\stage3_minilm_ablation\full_pca032\tabicl\summary.csv
mpnet,Embeddings + XYZ + depth: PCA 32,Deep Ensemble,classification_head,11.0,0.6755434782608696,0.5469597967330442,0.675078260705512,0.6753390470574754,0.6363945705384001,0.45801676231724586,0.4934573985969662,0.4406015674119485,1.5208737243189578,1.3579679799631243,0.2245291743398498,0.1367732147969629,C:\Users\p06596\Documents\check\CNR-BOVINO\progetti_BOVINO\geological-transformer\src\results_uq\unified_feature_representation_study\stage4_all_embeddings_ablation\mpnet\full_pca032\deep_ensemble\fold_metrics.csv
mpnet,Embeddings + XYZ + depth: PCA 32,LLLA,classification_head,11.0,0.6597826086956522,0.5273307271411878,0.6860311804243359,0.6790710587017657,0.6268843813853632,0.5267324995939979,0.5477237031345914,0.4963915023429227,1.6099227056991186,1.459042115512744,0.2359659907324765,0.1319759576378956,C:\Users\p06596\Documents\check\CNR-BOVINO\progetti_BOVINO\geological-transformer\src\results_uq\unified_feature_representation_study\stage4_all_embeddings_ablation\mpnet\full_pca032\laplace\fold_metrics.csv
mpnet,Embeddings + XYZ + depth: PCA 32,MC dropout,classification_head,11.0,0.675,0.5455959948134993,0.682512562002165,0.6838342548438324,0.6651623175528487,0.46927196987799713,0.5072152211743094,0.4719871252545336,1.5606622189978752,1.4522680777062575,0.217380400855202,0.1209344502214504,C:\Users\p06596\Documents\check\CNR-BOVINO\progetti_BOVINO\geological-transformer\src\results_uq\unified_feature_representation_study\stage4_all_embeddings_ablation\mpnet\full_pca032\mc_dropout\fold_metrics.csv
mpnet,Embeddings + XYZ + depth: PCA 32,Subsample Ensemble,classification_head,11.0,0.6760869565217391,0.5470540643802633,0.6966256824704892,0.7046024779856077,0.6725019866447981,0.5383186476001958,0.5535261703666811,0.5193802273849076,1.708872740729351,1.6034557355507215,0.2092661943137183,0.1192466457090947,C:\Users\p06596\Documents\check\CNR-BOVINO\progetti_BOVINO\geological-transformer\src\results_uq\unified_feature_representation_study\stage4_all_embeddings_ablation\mpnet\full_pca032\subsample_ensemble\fold_metrics.csv
mpnet,Embeddings + XYZ + depth: PCA 32,TabICLv2: encoder input,encoder_input,,0.6418478260869566,0.5316485618363258,0.6548011702744132,0.6531552309647312,0.638605178862593,0.49453191818088893,0.4681954642411014,0.4411916964981091,1.3072528895350937,1.2318554196608813,0.2346679552677905,0.1327843868593444,C:\Users\p06596\Documents\check\CNR-BOVINO\progetti_BOVINO\geological-transformer\src\results_uq\unified_feature_representation_study\stage4_all_embeddings_ablation\mpnet\full_pca032\tabicl\summary.csv
mpnet,Embeddings + XYZ + depth: PCA 32,TabICLv2: hidden,hidden,,0.6353260869565217,0.529961955791358,0.6604036976079777,0.6724766349778619,0.6242639269045474,0.49579035511592773,0.5162053000529732,0.4646661685244107,1.4155257110245463,1.274196348859785,0.238202811358575,0.1977773233551565,C:\Users\p06596\Documents\check\CNR-BOVINO\progetti_BOVINO\geological-transformer\src\results_uq\unified_feature_representation_study\stage4_all_embeddings_ablation\mpnet\full_pca032\tabicl\summary.csv
mpnet,Embeddings + XYZ + depth: PCA 32,TabICLv2: model input,model_input,,0.5864130434782608,0.4555656345053125,0.6585781110898664,0.6516022647143715,0.6413637974520137,0.5555122299879083,0.5466049968238599,0.5335669910675307,1.321620491663472,1.2900962727519796,0.2851217442985999,0.1679175548427235,C:\Users\p06596\Documents\check\CNR-BOVINO\progetti_BOVINO\geological-transformer\src\results_uq\unified_feature_representation_study\stage4_all_embeddings_ablation\mpnet\full_pca032\tabicl\summary.csv
bge-base,Embeddings + XYZ + depth: PCA 64,Deep Ensemble,classification_head,11.0,0.6418478260869566,0.5012779519094523,0.7010994771797775,0.6969353009606365,0.6741584164974902,0.5380872932789815,0.557094235596039,0.5113340963359938,1.5554679719221727,1.4277006635177978,0.2411051129635833,0.1565737091004848,C:\Users\p06596\Documents\check\CNR-BOVINO\progetti_BOVINO\geological-transformer\src\results_uq\unified_feature_representation_study\stage4_all_embeddings_ablation\bge-base\full_pca064\deep_ensemble\fold_metrics.csv
bge-base,Embeddings + XYZ + depth: PCA 64,LLLA,classification_head,11.0,0.6298913043478261,0.49068739819969,0.682022453403676,0.6754027817195156,0.6073711462513791,0.5366001632885369,0.5437601669554962,0.4957875802308228,1.4691904657828387,1.3395729040010487,0.2580982382011839,0.1332758112284152,C:\Users\p06596\Documents\check\CNR-BOVINO\progetti_BOVINO\geological-transformer\src\results_uq\unified_feature_representation_study\stage4_all_embeddings_ablation\bge-base\full_pca064\laplace\fold_metrics.csv
bge-base,Embeddings + XYZ + depth: PCA 64,MC dropout,classification_head,11.0,0.6239130434782608,0.4836365149850622,0.6950439064671406,0.6931050101585728,0.6604141634726761,0.548123567676068,0.5776112326641547,0.5311854377484237,1.5358448961012203,1.412400585920664,0.2575355838762737,0.1388457567309555,C:\Users\p06596\Documents\check\CNR-BOVINO\progetti_BOVINO\geological-transformer\src\results_uq\unified_feature_representation_study\stage4_all_embeddings_ablation\bge-base\full_pca064\mc_dropout\fold_metrics.csv
bge-base,Embeddings + XYZ + depth: PCA 64,Subsample Ensemble,classification_head,11.0,0.6668478260869565,0.5334620038444042,0.699545702924014,0.7010427223717411,0.6838257560968775,0.5208501152096102,0.5502215580565178,0.5310154051873418,1.651562262355616,1.5939124723404712,0.2187052931358539,0.1242597758931957,C:\Users\p06596\Documents\check\CNR-BOVINO\progetti_BOVINO\geological-transformer\src\results_uq\unified_feature_representation_study\stage4_all_embeddings_ablation\bge-base\full_pca064\subsample_ensemble\fold_metrics.csv
bge-base,Embeddings + XYZ + depth: PCA 64,TabICLv2: encoder input,encoder_input,,0.6315217391304347,0.5176810088057084,0.6422034535106291,0.6371694108926224,0.5816286638335897,0.4907540597872671,0.4712831798739517,0.4259592479261707,1.2789986002478924,1.1559955990916726,0.2562031266059665,0.1565839280931474,C:\Users\p06596\Documents\check\CNR-BOVINO\progetti_BOVINO\geological-transformer\src\results_uq\unified_feature_representation_study\stage4_all_embeddings_ablation\bge-base\full_pca064\tabicl\summary.csv
bge-base,Embeddings + XYZ + depth: PCA 64,TabICLv2: hidden,hidden,,0.6070652173913044,0.4911891720502859,0.669527025437381,0.6795036101194789,0.6382463400409366,0.5330620503978789,0.5431977252862832,0.479197993767422,1.3824119149747733,1.219535696448211,0.2609623765324449,0.2344765511219311,C:\Users\p06596\Documents\check\CNR-BOVINO\progetti_BOVINO\geological-transformer\src\results_uq\unified_feature_representation_study\stage4_all_embeddings_ablation\bge-base\full_pca064\tabicl\summary.csv
bge-base,Embeddings + XYZ + depth: PCA 64,TabICLv2: model input,model_input,,0.621195652173913,0.4981598909043241,0.6283823560792348,0.6115661295566175,0.5778997854823384,0.4921013227898102,0.4597345542491547,0.4134769894953208,1.213646455980552,1.091531794363544,0.2837449546399431,0.1336474118278223,C:\Users\p06596\Documents\check\CNR-BOVINO\progetti_BOVINO\geological-transformer\src\results_uq\unified_feature_representation_study\stage4_all_embeddings_ablation\bge-base\full_pca064\tabicl\summary.csv
bge-large,Embeddings + XYZ + depth: PCA 64,Deep Ensemble,classification_head,11.0,0.6456521739130435,0.5052797379690654,0.7053884964161038,0.6991893867123714,0.656024429901392,0.5440548984601702,0.5494083144586538,0.4880134114501244,1.5504774518465079,1.3772157623745844,0.2343625945622976,0.1517858648753684,C:\Users\p06596\Documents\check\CNR-BOVINO\progetti_BOVINO\geological-transformer\src\results_uq\unified_feature_representation_study\stage4_all_embeddings_ablation\bge-large\full_pca064\deep_ensemble\fold_metrics.csv
bge-large,Embeddings + XYZ + depth: PCA 64,LLLA,classification_head,11.0,0.6440217391304348,0.5007203777242001,0.675124810770767,0.6642279732437091,0.611641413831559,0.5093569429851816,0.5215988571930376,0.4691605976016035,1.4652548049392202,1.3179473276136648,0.2517258357982012,0.1464941758338523,C:\Users\p06596\Documents\check\CNR-BOVINO\progetti_BOVINO\geological-transformer\src\results_uq\unified_feature_representation_study\stage4_all_embeddings_ablation\bge-large\full_pca064\laplace\fold_metrics.csv
bge-large,Embeddings + XYZ + depth: PCA 64,MC dropout,classification_head,11.0,0.6385869565217391,0.4986350243429552,0.6949352103663414,0.6925661418944141,0.6523544638482137,0.5430327071302794,0.5462295515023123,0.4830961095316461,1.5113719921266988,1.3366869797567351,0.2426151523541488,0.1274989500155915,C:\Users\p06596\Documents\check\CNR-BOVINO\progetti_BOVINO\geological-transformer\src\results_uq\unified_feature_representation_study\stage4_all_embeddings_ablation\bge-large\full_pca064\mc_dropout\fold_metrics.csv
bge-large,Embeddings + XYZ + depth: PCA 64,Subsample Ensemble,classification_head,11.0,0.6679347826086957,0.533482636194169,0.7062585977981646,0.7050726517265362,0.6641176573316107,0.5468736832287747,0.5491022327804337,0.4932559843263409,1.6535975586186547,1.485419003535953,0.213251955730367,0.1238731432382179,C:\Users\p06596\Documents\check\CNR-BOVINO\progetti_BOVINO\geological-transformer\src\results_uq\unified_feature_representation_study\stage4_all_embeddings_ablation\bge-large\full_pca064\subsample_ensemble\fold_metrics.csv
bge-large,Embeddings + XYZ + depth: PCA 64,TabICLv2: encoder input,encoder_input,,0.6603260869565217,0.555685544364412,0.6223288888888889,0.6204404938271605,0.6008586008230452,0.4483000407809665,0.4299120637583539,0.4179194513719816,1.2656611157045938,1.2303548648391138,0.2439036285951797,0.1303199141292433,C:\Users\p06596\Documents\check\CNR-BOVINO\progetti_BOVINO\geological-transformer\src\results_uq\unified_feature_representation_study\stage4_all_embeddings_ablation\bge-large\full_pca064\tabicl\summary.csv
bge-large,Embeddings + XYZ + depth: PCA 64,TabICLv2: hidden,hidden,,0.6331521739130435,0.5250478011472276,0.6775495151804164,0.6866660308377047,0.6212684787792083,0.5131528025153106,0.5195413826520652,0.4610382080883914,1.4162313245626665,1.256756004270578,0.2305739937850967,0.214814838271423,C:\Users\p06596\Documents\check\CNR-BOVINO\progetti_BOVINO\geological-transformer\src\results_uq\unified_feature_representation_study\stage4_all_embeddings_ablation\bge-large\full_pca064\tabicl\summary.csv
bge-large,Embeddings + XYZ + depth: PCA 64,TabICLv2: model input,model_input,,0.6103260869565217,0.4859700382966504,0.6352728731443844,0.6356926493217138,0.6293426031835925,0.4939811003317651,0.5079691954056297,0.4765505497738187,1.3035750621288125,1.2229470175506643,0.2795072426588048,0.1384820521748838,C:\Users\p06596\Documents\check\CNR-BOVINO\progetti_BOVINO\geological-transformer\src\results_uq\unified_feature_representation_study\stage4_all_embeddings_ablation\bge-large\full_pca064\tabicl\summary.csv
bge-m3,Embeddings + XYZ + depth: PCA 64,Deep Ensemble,classification_head,11.0,0.6733695652173913,0.5449494761943827,0.6926349546558802,0.6996890445621022,0.6647494986154519,0.5041709622681266,0.5402318923360561,0.4630902247658357,1.6539545455879254,1.4177803886341727,0.2141954678031808,0.1372335505712291,C:\Users\p06596\Documents\check\CNR-BOVINO\progetti_BOVINO\geological-transformer\src\results_uq\unified_feature_representation_study\stage4_all_embeddings_ablation\bge-m3\full_pca064\deep_ensemble\fold_metrics.csv
bge-m3,Embeddings + XYZ + depth: PCA 64,LLLA,classification_head,11.0,0.6706521739130434,0.5389981140514231,0.6600105107755508,0.6803466956805921,0.6129820810401123,0.475037881737401,0.5334248063616384,0.4585612341720754,1.619639676081542,1.3923311400604268,0.2216689010093238,0.1370694176820309,C:\Users\p06596\Documents\check\CNR-BOVINO\progetti_BOVINO\geological-transformer\src\results_uq\unified_feature_representation_study\stage4_all_embeddings_ablation\bge-m3\full_pca064\laplace\fold_metrics.csv
bge-m3,Embeddings + XYZ + depth: PCA 64,MC dropout,classification_head,11.0,0.6532608695652173,0.522969788454394,0.6975130268778786,0.7099133701107919,0.67023986514116,0.5440138284761449,0.5670539525077346,0.4997234612970755,1.635390709426695,1.441208728505672,0.2225575560979473,0.1241382686016352,C:\Users\p06596\Documents\check\CNR-BOVINO\progetti_BOVINO\geological-transformer\src\results_uq\unified_feature_representation_study\stage4_all_embeddings_ablation\bge-m3\full_pca064\mc_dropout\fold_metrics.csv
bge-m3,Embeddings + XYZ + depth: PCA 64,Subsample Ensemble,classification_head,11.0,0.6891304347826087,0.563446412186922,0.7004202422183495,0.7162839195547607,0.6829840731957593,0.5224724946967185,0.5505987233284476,0.4985607175470262,1.7711567323852162,1.6037617487526719,0.1940945016736133,0.1146243615642837,C:\Users\p06596\Documents\check\CNR-BOVINO\progetti_BOVINO\geological-transformer\src\results_uq\unified_feature_representation_study\stage4_all_embeddings_ablation\bge-m3\full_pca064\subsample_ensemble\fold_metrics.csv
bge-m3,Embeddings + XYZ + depth: PCA 64,TabICLv2: encoder input,encoder_input,,0.6619565217391304,0.5579664944720708,0.6259695140945833,0.6255959640758398,0.6163482911736599,0.44048682930657235,0.4162616472824588,0.4241020128426945,1.2313849372985919,1.2545783016568455,0.231167996476939,0.156306511786836,C:\Users\p06596\Documents\check\CNR-BOVINO\progetti_BOVINO\geological-transformer\src\results_uq\unified_feature_representation_study\stage4_all_embeddings_ablation\bge-m3\full_pca064\tabicl\summary.csv
bge-m3,Embeddings + XYZ + depth: PCA 64,TabICLv2: hidden,hidden,,0.6597826086956522,0.5593628695582649,0.6551060313383266,0.667078966898432,0.6108013011142633,0.4748934395264115,0.4968649898699343,0.4200001794382925,1.4604338360394236,1.2345053197547255,0.2282372265903637,0.1937860694922126,C:\Users\p06596\Documents\check\CNR-BOVINO\progetti_BOVINO\geological-transformer\src\results_uq\unified_feature_representation_study\stage4_all_embeddings_ablation\bge-m3\full_pca064\tabicl\summary.csv
bge-m3,Embeddings + XYZ + depth: PCA 64,TabICLv2: model input,model_input,,0.6157608695652174,0.4931907539492691,0.6355808951214121,0.6319305994399718,0.6246712049845762,0.501478176724081,0.5002563429101043,0.4783653921826215,1.301940128648645,1.2449679230778266,0.2665898762915107,0.1534708454772224,C:\Users\p06596\Documents\check\CNR-BOVINO\progetti_BOVINO\geological-transformer\src\results_uq\unified_feature_representation_study\stage4_all_embeddings_ablation\bge-m3\full_pca064\tabicl\summary.csv
distilroberta,Embeddings + XYZ + depth: PCA 64,Deep Ensemble,classification_head,11.0,0.6570652173913043,0.5238807324976863,0.6939842360321886,0.6931024785297508,0.6570966795933953,0.5172476273123512,0.5296976733417843,0.4915678620336917,1.5446017732945847,1.433415001809814,0.228128222375069,0.1538296287312455,C:\Users\p06596\Documents\check\CNR-BOVINO\progetti_BOVINO\geological-transformer\src\results_uq\unified_feature_representation_study\stage4_all_embeddings_ablation\distilroberta\full_pca064\deep_ensemble\fold_metrics.csv
distilroberta,Embeddings + XYZ + depth: PCA 64,LLLA,classification_head,11.0,0.6402173913043478,0.5054802240932641,0.6799070573812955,0.675012046376134,0.6276255092212106,0.5519057065806607,0.5427876137320822,0.504165824390127,1.5086543946631892,1.4013068230782988,0.2479948523926865,0.1287063311947428,C:\Users\p06596\Documents\check\CNR-BOVINO\progetti_BOVINO\geological-transformer\src\results_uq\unified_feature_representation_study\stage4_all_embeddings_ablation\distilroberta\full_pca064\laplace\fold_metrics.csv
distilroberta,Embeddings + XYZ + depth: PCA 64,MC dropout,classification_head,11.0,0.6375,0.4983808912129079,0.6902226636042592,0.694608546410285,0.6488645681700872,0.5493783231953453,0.5544880868200509,0.4823224187636759,1.5296223084691059,1.3305446034860022,0.2398121912577605,0.1383438558034274,C:\Users\p06596\Documents\check\CNR-BOVINO\progetti_BOVINO\geological-transformer\src\results_uq\unified_feature_representation_study\stage4_all_embeddings_ablation\distilroberta\full_pca064\mc_dropout\fold_metrics.csv
distilroberta,Embeddings + XYZ + depth: PCA 64,Subsample Ensemble,classification_head,11.0,0.6755434782608696,0.545143068613324,0.6954940969260355,0.6963828080789942,0.6659302299595652,0.5036416023535392,0.521744374145049,0.4930562110319632,1.6080563625241042,1.519637233331344,0.2112458746262425,0.1181882398607937,C:\Users\p06596\Documents\check\CNR-BOVINO\progetti_BOVINO\geological-transformer\src\results_uq\unified_feature_representation_study\stage4_all_embeddings_ablation\distilroberta\full_pca064\subsample_ensemble\fold_metrics.csv
distilroberta,Embeddings + XYZ + depth: PCA 64,TabICLv2: encoder input,encoder_input,,0.6402173913043478,0.5258813629120338,0.6185967305946378,0.6179824988843808,0.5403725911601927,0.471457848491762,0.4400788964314507,0.3773950256005717,1.223180014250558,1.0489529412463021,0.2668264987082468,0.1481287254919839,C:\Users\p06596\Documents\check\CNR-BOVINO\progetti_BOVINO\geological-transformer\src\results_uq\unified_feature_representation_study\stage4_all_embeddings_ablation\distilroberta\full_pca064\tabicl\summary.csv
distilroberta,Embeddings + XYZ + depth: PCA 64,TabICLv2: hidden,hidden,,0.6266304347826087,0.5142271705062325,0.6569192954017808,0.6673256652161125,0.626884363428863,0.5143384635710638,0.5241084936001724,0.4586164423615582,1.403725805275571,1.2283176913322664,0.2661687917966355,0.2181180168659245,C:\Users\p06596\Documents\check\CNR-BOVINO\progetti_BOVINO\geological-transformer\src\results_uq\unified_feature_representation_study\stage4_all_embeddings_ablation\distilroberta\full_pca064\tabicl\summary.csv
distilroberta,Embeddings + XYZ + depth: PCA 64,TabICLv2: model input,model_input,,0.6157608695652174,0.4909718404376245,0.6302165584103487,0.619462917165503,0.6038630215310019,0.5046368308144824,0.4866341632494622,0.4595246109888621,1.2664877798854461,1.195933923931409,0.28363434727965,0.1327198244879935,C:\Users\p06596\Documents\check\CNR-BOVINO\progetti_BOVINO\geological-transformer\src\results_uq\unified_feature_representation_study\stage4_all_embeddings_ablation\distilroberta\full_pca064\tabicl\summary.csv
e5-base,Embeddings + XYZ + depth: PCA 64,Deep Ensemble,classification_head,11.0,0.6391304347826087,0.4980336600158564,0.6852934697975576,0.6843794883324513,0.6559660210846352,0.5321262717732149,0.5479341541213253,0.4965298666642958,1.5183717523843954,1.375926136539615,0.2464701838986355,0.1427952842867892,C:\Users\p06596\Documents\check\CNR-BOVINO\progetti_BOVINO\geological-transformer\src\results_uq\unified_feature_representation_study\stage4_all_embeddings_ablation\e5-base\full_pca064\deep_ensemble\fold_metrics.csv
e5-base,Embeddings + XYZ + depth: PCA 64,LLLA,classification_head,11.0,0.6260869565217392,0.4762067483757818,0.6671057412790697,0.6779957690742865,0.5995365045014405,0.5273287822667008,0.5602017682412285,0.4797151459916713,1.4982140313428205,1.2829591113730745,0.259110549424929,0.1477395569662684,C:\Users\p06596\Documents\check\CNR-BOVINO\progetti_BOVINO\geological-transformer\src\results_uq\unified_feature_representation_study\stage4_all_embeddings_ablation\e5-base\full_pca064\laplace\fold_metrics.csv
e5-base,Embeddings + XYZ + depth: PCA 64,MC dropout,classification_head,11.0,0.6233695652173913,0.4787389878400643,0.6865944285299125,0.6934701978336071,0.6638071735487638,0.5579902907091283,0.5711076259374668,0.5347558355422236,1.5163607961398828,1.4198423339072026,0.2548207517798529,0.1269662834865891,C:\Users\p06596\Documents\check\CNR-BOVINO\progetti_BOVINO\geological-transformer\src\results_uq\unified_feature_representation_study\stage4_all_embeddings_ablation\e5-base\full_pca064\mc_dropout\fold_metrics.csv
e5-base,Embeddings + XYZ + depth: PCA 64,Subsample Ensemble,classification_head,11.0,0.6375,0.4951608062161948,0.7090866331540112,0.7032778233564265,0.6459498770466292,0.5856957934969077,0.5869690002286718,0.5114682445470502,1.6192248282170256,1.4109468815091037,0.24019857796383,0.1353088101453107,C:\Users\p06596\Documents\check\CNR-BOVINO\progetti_BOVINO\geological-transformer\src\results_uq\unified_feature_representation_study\stage4_all_embeddings_ablation\e5-base\full_pca064\subsample_ensemble\fold_metrics.csv
e5-base,Embeddings + XYZ + depth: PCA 64,TabICLv2: encoder input,encoder_input,,0.6369565217391304,0.5242281267914701,0.6141109419386483,0.6049781835646114,0.5583602419733912,0.47738862534315873,0.4570477635973936,0.4067964153330073,1.258933959609587,1.1205170721747506,0.2733942168233562,0.1419260739971045,C:\Users\p06596\Documents\check\CNR-BOVINO\progetti_BOVINO\geological-transformer\src\results_uq\unified_feature_representation_study\stage4_all_embeddings_ablation\e5-base\full_pca064\tabicl\summary.csv
e5-base,Embeddings + XYZ + depth: PCA 64,TabICLv2: hidden,hidden,,0.6396739130434783,0.5306972949080009,0.6349360736386574,0.6502420064816986,0.5682750454603122,0.4467848748785884,0.4685518283778482,0.3980781024283919,1.3003549988163512,1.1047718076444062,0.2444533248397383,0.1993770018863431,C:\Users\p06596\Documents\check\CNR-BOVINO\progetti_BOVINO\geological-transformer\src\results_uq\unified_feature_representation_study\stage4_all_embeddings_ablation\e5-base\full_pca064\tabicl\summary.csv
e5-base,Embeddings + XYZ + depth: PCA 64,TabICLv2: model input,model_input,,0.6038043478260869,0.4807997795249258,0.6279035310938501,0.6254551381064033,0.6194125585398047,0.5229338399484859,0.5208183785800405,0.4942982139492833,1.3145484452500338,1.247611404206696,0.2869444473924565,0.153859640783532,C:\Users\p06596\Documents\check\CNR-BOVINO\progetti_BOVINO\geological-transformer\src\results_uq\unified_feature_representation_study\stage4_all_embeddings_ablation\e5-base\full_pca064\tabicl\summary.csv
e5-large,Embeddings + XYZ + depth: PCA 64,Deep Ensemble,classification_head,11.0,0.6456521739130435,0.5065314751466051,0.6798429076036437,0.6862071247487069,0.6558977431122411,0.5269936809343889,0.5536040000272665,0.492396949130166,1.5623180368867646,1.3895864822078308,0.2448037548146886,0.1390984200589034,C:\Users\p06596\Documents\check\CNR-BOVINO\progetti_BOVINO\geological-transformer\src\results_uq\unified_feature_representation_study\stage4_all_embeddings_ablation\e5-large\full_pca064\deep_ensemble\fold_metrics.csv
e5-large,Embeddings + XYZ + depth: PCA 64,LLLA,classification_head,11.0,0.6184782608695653,0.4717862942656872,0.6801844090947781,0.6842868477195987,0.6022143068723785,0.5676398506354831,0.5786935217435234,0.4954625514122455,1.5168035327750473,1.2986482829038914,0.2634507153691346,0.1415455483386049,C:\Users\p06596\Documents\check\CNR-BOVINO\progetti_BOVINO\geological-transformer\src\results_uq\unified_feature_representation_study\stage4_all_embeddings_ablation\e5-large\full_pca064\laplace\fold_metrics.csv
e5-large,Embeddings + XYZ + depth: PCA 64,MC dropout,classification_head,11.0,0.628804347826087,0.4841606941259365,0.6834343375544619,0.6901138355227129,0.6623004551247604,0.5385114916963476,0.5590767012865984,0.5184886277154651,1.506150996145448,1.3968068447971536,0.2537012552796631,0.130316455176343,C:\Users\p06596\Documents\check\CNR-BOVINO\progetti_BOVINO\geological-transformer\src\results_uq\unified_feature_representation_study\stage4_all_embeddings_ablation\e5-large\full_pca064\mc_dropout\fold_metrics.csv
e5-large,Embeddings + XYZ + depth: PCA 64,Subsample Ensemble,classification_head,11.0,0.6418478260869566,0.50108422634409,0.7075200538624324,0.7022838470259927,0.6518168865678688,0.5885867404977415,0.5864648574588721,0.5075974102613727,1.6374739570930574,1.4172674277404036,0.2392463560239775,0.1298163180927867,C:\Users\p06596\Documents\check\CNR-BOVINO\progetti_BOVINO\geological-transformer\src\results_uq\unified_feature_representation_study\stage4_all_embeddings_ablation\e5-large\full_pca064\subsample_ensemble\fold_metrics.csv
e5-large,Embeddings + XYZ + depth: PCA 64,TabICLv2: encoder input,encoder_input,,0.6467391304347826,0.5378376132945106,0.6271338073691015,0.6255811247575953,0.5663943115707821,0.4608670821771993,0.4475615463016898,0.3939326582186494,1.2669434541463218,1.1151324478804845,0.2473221850088785,0.1390356105554648,C:\Users\p06596\Documents\check\CNR-BOVINO\progetti_BOVINO\geological-transformer\src\results_uq\unified_feature_representation_study\stage4_all_embeddings_ablation\e5-large\full_pca064\tabicl\summary.csv
e5-large,Embeddings + XYZ + depth: PCA 64,TabICLv2: hidden,hidden,,0.6434782608695652,0.5353606898144583,0.6489911214568227,0.66552637813118,0.5854495406229401,0.48268542287460475,0.4976116363769361,0.4115569127221631,1.395739955691406,1.1543669503182623,0.246124788282698,0.1903375220928348,C:\Users\p06596\Documents\check\CNR-BOVINO\progetti_BOVINO\geological-transformer\src\results_uq\unified_feature_representation_study\stage4_all_embeddings_ablation\e5-large\full_pca064\tabicl\summary.csv
e5-large,Embeddings + XYZ + depth: PCA 64,TabICLv2: model input,model_input,,0.5755434782608696,0.4436936474834709,0.654898746068997,0.6462840913624938,0.6458548699700996,0.5638312485657127,0.5482840277074932,0.5373249208546058,1.2917318962634923,1.2659127456753838,0.2969118228430458,0.1770344064893131,C:\Users\p06596\Documents\check\CNR-BOVINO\progetti_BOVINO\geological-transformer\src\results_uq\unified_feature_representation_study\stage4_all_embeddings_ablation\e5-large\full_pca064\tabicl\summary.csv
e5-mistral,Embeddings + XYZ + depth: PCA 64,Deep Ensemble,classification_head,11.0,0.6494565217391305,0.5132984219867512,0.6767111024618079,0.6783487681783303,0.6565044559097963,0.5092398506627516,0.5208428953298174,0.4826686570218606,1.4858153913284717,1.3769152386360057,0.2393501450671685,0.150825704731371,C:\Users\p06596\Documents\check\CNR-BOVINO\progetti_BOVINO\geological-transformer\src\results_uq\unified_feature_representation_study\stage4_all_embeddings_ablation\e5-mistral\full_pca064\deep_ensemble\fold_metrics.csv
e5-mistral,Embeddings + XYZ + depth: PCA 64,LLLA,classification_head,11.0,0.6407608695652174,0.4991498592760756,0.6564282405536115,0.6727405004811984,0.5970454239208305,0.48296637900478734,0.5232391398135467,0.4662005039712864,1.4565204497079063,1.2977442168035809,0.2440351519594269,0.1445144885260125,C:\Users\p06596\Documents\check\CNR-BOVINO\progetti_BOVINO\geological-transformer\src\results_uq\unified_feature_representation_study\stage4_all_embeddings_ablation\e5-mistral\full_pca064\laplace\fold_metrics.csv
e5-mistral,Embeddings + XYZ + depth: PCA 64,MC dropout,classification_head,11.0,0.6331521739130435,0.4925482179868924,0.6805951359084407,0.6887126894434457,0.6660870295633247,0.5416382776556427,0.5490997049633733,0.5204383027312537,1.4968051216779361,1.41867626226001,0.2473322663555348,0.1281507687076278,C:\Users\p06596\Documents\check\CNR-BOVINO\progetti_BOVINO\geological-transformer\src\results_uq\unified_feature_representation_study\stage4_all_embeddings_ablation\e5-mistral\full_pca064\mc_dropout\fold_metrics.csv
e5-mistral,Embeddings + XYZ + depth: PCA 64,Subsample Ensemble,classification_head,11.0,0.6592391304347827,0.5234377548438984,0.7053622965455307,0.7090333278293559,0.6737951438382341,0.5672351454943662,0.5748822587567499,0.5379959799777791,1.6870547944376715,1.5788079795201178,0.2172534593649407,0.1263882616939751,C:\Users\p06596\Documents\check\CNR-BOVINO\progetti_BOVINO\geological-transformer\src\results_uq\unified_feature_representation_study\stage4_all_embeddings_ablation\e5-mistral\full_pca064\subsample_ensemble\fold_metrics.csv
e5-mistral,Embeddings + XYZ + depth: PCA 64,TabICLv2: encoder input,encoder_input,,0.6423913043478261,0.534366757712416,0.6196004916709097,0.6097233579683088,0.5634813489063408,0.475700798822959,0.4405350494471649,0.4089180477222096,1.2318913236820417,1.1434790392232002,0.2680247139593377,0.1557419061722432,C:\Users\p06596\Documents\check\CNR-BOVINO\progetti_BOVINO\geological-transformer\src\results_uq\unified_feature_representation_study\stage4_all_embeddings_ablation\e5-mistral\full_pca064\tabicl\summary.csv
e5-mistral,Embeddings + XYZ + depth: PCA 64,TabICLv2: hidden,hidden,,0.625,0.5133594259971704,0.6808128544423442,0.6867725267800882,0.6313257718966603,0.5251683185498968,0.5388714832737344,0.4629933018966622,1.4369906220632915,1.234648805057766,0.2367062827214759,0.2250333663192126,C:\Users\p06596\Documents\check\CNR-BOVINO\progetti_BOVINO\geological-transformer\src\results_uq\unified_feature_representation_study\stage4_all_embeddings_ablation\e5-mistral\full_pca064\tabicl\summary.csv
e5-mistral,Embeddings + XYZ + depth: PCA 64,TabICLv2: model input,model_input,,0.6364130434782609,0.5240807132757959,0.6433298995786312,0.6432316099458897,0.6164023696736912,0.47793582161811166,0.4895181215163022,0.4224391747637683,1.346357763213746,1.161865592773294,0.2431785147949773,0.1205917973450243,C:\Users\p06596\Documents\check\CNR-BOVINO\progetti_BOVINO\geological-transformer\src\results_uq\unified_feature_representation_study\stage4_all_embeddings_ablation\e5-mistral\full_pca064\tabicl\summary.csv
e5-small,Embeddings + XYZ + depth: PCA 64,Deep Ensemble,classification_head,11.0,0.6467391304347826,0.5077611637340084,0.6769592760180996,0.6769186126232424,0.649119712760113,0.5179439034126798,0.5350635952516439,0.4748837112732799,1.514641561943115,1.3442861980659,0.2456004524711672,0.1409646957626808,C:\Users\p06596\Documents\check\CNR-BOVINO\progetti_BOVINO\geological-transformer\src\results_uq\unified_feature_representation_study\stage4_all_embeddings_ablation\e5-small\full_pca064\deep_ensemble\fold_metrics.csv
e5-small,Embeddings + XYZ + depth: PCA 64,LLLA,classification_head,11.0,0.633695652173913,0.4917977519761861,0.6528049941212697,0.6604644288236865,0.5912803093932233,0.49595410207298946,0.5239894159531031,0.4667201990578378,1.4304755569046137,1.27413229416383,0.2619080904137687,0.1535338881547036,C:\Users\p06596\Documents\check\CNR-BOVINO\progetti_BOVINO\geological-transformer\src\results_uq\unified_feature_representation_study\stage4_all_embeddings_ablation\e5-small\full_pca064\laplace\fold_metrics.csv
e5-small,Embeddings + XYZ + depth: PCA 64,MC dropout,classification_head,11.0,0.6304347826086957,0.487312342138257,0.6768851419878297,0.6811311612700511,0.6559497627948869,0.5254733577457863,0.5465911017921042,0.5158385573484148,1.4790112166139293,1.3957984492957107,0.2576381564946544,0.1281416729902443,C:\Users\p06596\Documents\check\CNR-BOVINO\progetti_BOVINO\geological-transformer\src\results_uq\unified_feature_representation_study\stage4_all_embeddings_ablation\e5-small\full_pca064\mc_dropout\fold_metrics.csv
e5-small,Embeddings + XYZ + depth: PCA 64,Subsample Ensemble,classification_head,11.0,0.6451086956521739,0.5049169782026531,0.7095177335891247,0.7054574801107705,0.6545202058672155,0.5918537412318456,0.5887354469968447,0.5156410165882765,1.65891764544287,1.4529547787479766,0.2346673594224892,0.1319827272192291,C:\Users\p06596\Documents\check\CNR-BOVINO\progetti_BOVINO\geological-transformer\src\results_uq\unified_feature_representation_study\stage4_all_embeddings_ablation\e5-small\full_pca064\subsample_ensemble\fold_metrics.csv
e5-small,Embeddings + XYZ + depth: PCA 64,TabICLv2: encoder input,encoder_input,,0.6641304347826087,0.5624017720665542,0.6414785035937691,0.6373974438423932,0.5359125313163735,0.479215255043582,0.4422488403042519,0.3634561762657953,1.3167279387699409,1.0821348937363484,0.2271572275031265,0.1258518658026158,C:\Users\p06596\Documents\check\CNR-BOVINO\progetti_BOVINO\geological-transformer\src\results_uq\unified_feature_representation_study\stage4_all_embeddings_ablation\e5-small\full_pca064\tabicl\summary.csv
e5-small,Embeddings + XYZ + depth: PCA 64,TabICLv2: hidden,hidden,,0.6331521739130435,0.5255684965258016,0.6655463360356064,0.6800381497377206,0.5832637100619933,0.4917109458551867,0.5056904797909688,0.41661452636504,1.3784747893561222,1.1356603385358126,0.2286461362292659,0.2058102265818377,C:\Users\p06596\Documents\check\CNR-BOVINO\progetti_BOVINO\geological-transformer\src\results_uq\unified_feature_representation_study\stage4_all_embeddings_ablation\e5-small\full_pca064\tabicl\summary.csv
e5-small,Embeddings + XYZ + depth: PCA 64,TabICLv2: model input,model_input,,0.6391304347826087,0.5269514472437573,0.636854817228096,0.6380342799770511,0.6419222809605769,0.47578786322344846,0.4932069004509364,0.4467276393711568,1.3667179169122332,1.2379199645224825,0.2514382463374667,0.1224745064527225,C:\Users\p06596\Documents\check\CNR-BOVINO\progetti_BOVINO\geological-transformer\src\results_uq\unified_feature_representation_study\stage4_all_embeddings_ablation\e5-small\full_pca064\tabicl\summary.csv
gte-base,Embeddings + XYZ + depth: PCA 64,Deep Ensemble,classification_head,11.0,0.6434782608695652,0.5016281239326515,0.680200565466381,0.6821137256565792,0.6597955401309962,0.5196939250029421,0.5494913653241339,0.4919474072422483,1.5412562685920828,1.379852483728257,0.2491483903536449,0.1423369505969078,C:\Users\p06596\Documents\check\CNR-BOVINO\progetti_BOVINO\geological-transformer\src\results_uq\unified_feature_representation_study\stage4_all_embeddings_ablation\gte-base\full_pca064\deep_ensemble\fold_metrics.csv
gte-base,Embeddings + XYZ + depth: PCA 64,LLLA,classification_head,11.0,0.6201086956521739,0.4690161688337617,0.66869911818436,0.6674317782310512,0.596710837030206,0.5300438257845211,0.5537841711902137,0.4872376177330791,1.4577437410443392,1.2825711253631837,0.2718140475824852,0.1373479788232108,C:\Users\p06596\Documents\check\CNR-BOVINO\progetti_BOVINO\geological-transformer\src\results_uq\unified_feature_representation_study\stage4_all_embeddings_ablation\gte-base\full_pca064\laplace\fold_metrics.csv
gte-base,Embeddings + XYZ + depth: PCA 64,MC dropout,classification_head,11.0,0.625,0.4776864915548193,0.6859294265910524,0.6867203262441576,0.6720101244205446,0.5427094302850929,0.5552352576784213,0.5425531118723307,1.4806273538091235,1.4468082983262152,0.2591622397777968,0.1284578222781419,C:\Users\p06596\Documents\check\CNR-BOVINO\progetti_BOVINO\geological-transformer\src\results_uq\unified_feature_representation_study\stage4_all_embeddings_ablation\gte-base\full_pca064\mc_dropout\fold_metrics.csv
gte-base,Embeddings + XYZ + depth: PCA 64,Subsample Ensemble,classification_head,11.0,0.6429347826086956,0.5007123853909519,0.7122438502838925,0.7091889614642051,0.6775926246091448,0.5966212241532423,0.5999755552231104,0.5439049900132973,1.6802968365456972,1.5232651166278035,0.2356799044119341,0.1246270188980776,C:\Users\p06596\Documents\check\CNR-BOVINO\progetti_BOVINO\geological-transformer\src\results_uq\unified_feature_representation_study\stage4_all_embeddings_ablation\gte-base\full_pca064\subsample_ensemble\fold_metrics.csv
gte-base,Embeddings + XYZ + depth: PCA 64,TabICLv2: encoder input,encoder_input,,0.6380434782608696,0.5265284548887605,0.6272797499373308,0.6269919834655779,0.6081567086677819,0.46327264920944067,0.4530089916821424,0.4419849053533241,1.2515563734161292,1.221099438213388,0.2556129139465253,0.1517523660693717,C:\Users\p06596\Documents\check\CNR-BOVINO\progetti_BOVINO\geological-transformer\src\results_uq\unified_feature_representation_study\stage4_all_embeddings_ablation\gte-base\full_pca064\tabicl\summary.csv
gte-base,Embeddings + XYZ + depth: PCA 64,TabICLv2: hidden,hidden,,0.6038043478260869,0.4867517233779432,0.6565533096519528,0.6746872218086006,0.5905652293624425,0.5246487826500599,0.5490620517104067,0.4489293314885041,1.3858356312032212,1.1331000959380624,0.2630253630992001,0.2300141157009328,C:\Users\p06596\Documents\check\CNR-BOVINO\progetti_BOVINO\geological-transformer\src\results_uq\unified_feature_representation_study\stage4_all_embeddings_ablation\gte-base\full_pca064\tabicl\summary.csv
gte-base,Embeddings + XYZ + depth: PCA 64,TabICLv2: model input,model_input,,0.6282608695652174,0.5105086849938102,0.6334342560553632,0.6275167445719257,0.6143462028774357,0.48205320304088467,0.4827145088071802,0.4514955094565258,1.2985302576099587,1.2145493236842215,0.2663018320472334,0.1305885762855301,C:\Users\p06596\Documents\check\CNR-BOVINO\progetti_BOVINO\geological-transformer\src\results_uq\unified_feature_representation_study\stage4_all_embeddings_ablation\gte-base\full_pca064\tabicl\summary.csv
gte-large,Embeddings + XYZ + depth: PCA 64,Deep Ensemble,classification_head,11.0,0.6472826086956521,0.508586026375898,0.6767901014154696,0.6815076269655865,0.6506919930437985,0.5156246275199321,0.5418317356398722,0.4896959340785279,1.5361639346338438,1.388352108943746,0.2432663643898649,0.1386478374509707,C:\Users\p06596\Documents\check\CNR-BOVINO\progetti_BOVINO\geological-transformer\src\results_uq\unified_feature_representation_study\stage4_all_embeddings_ablation\gte-large\full_pca064\deep_ensemble\fold_metrics.csv
gte-large,Embeddings + XYZ + depth: PCA 64,LLLA,classification_head,11.0,0.6277173913043478,0.4813760923831913,0.6717982747179827,0.6747015618244654,0.6068731959837023,0.5285820075599037,0.5396522450376603,0.4860495707757838,1.4495768333858319,1.3055930076313023,0.2598527509904891,0.1416715454229193,C:\Users\p06596\Documents\check\CNR-BOVINO\progetti_BOVINO\geological-transformer\src\results_uq\unified_feature_representation_study\stage4_all_embeddings_ablation\gte-large\full_pca064\laplace\fold_metrics.csv
gte-large,Embeddings + XYZ + depth: PCA 64,MC dropout,classification_head,11.0,0.6331521739130435,0.4884233134047461,0.6765162931171514,0.6884543307683046,0.6562567347797292,0.5255541732400368,0.5458324532740799,0.5012944750136986,1.4878988355915659,1.3664916059632672,0.2496120280880757,0.134072470664978,C:\Users\p06596\Documents\check\CNR-BOVINO\progetti_BOVINO\geological-transformer\src\results_uq\unified_feature_representation_study\stage4_all_embeddings_ablation\gte-large\full_pca064\mc_dropout\fold_metrics.csv
gte-large,Embeddings + XYZ + depth: PCA 64,Subsample Ensemble,classification_head,11.0,0.6456521739130435,0.5034292218560033,0.708024777426618,0.70247938945927,0.6610138919461588,0.5920758317953624,0.5911126425644214,0.5226662448652069,1.6681706477278153,1.4750090345889275,0.2353929689472203,0.1336711064790901,C:\Users\p06596\Documents\check\CNR-BOVINO\progetti_BOVINO\geological-transformer\src\results_uq\unified_feature_representation_study\stage4_all_embeddings_ablation\gte-large\full_pca064\subsample_ensemble\fold_metrics.csv
gte-large,Embeddings + XYZ + depth: PCA 64,TabICLv2: encoder input,encoder_input,,0.657608695652174,0.5520379144721663,0.6225331234422145,0.6229909484454939,0.555764134855044,0.4516359197457742,0.4346249860718713,0.3788718048121497,1.2693809117019734,1.106546223578342,0.2437188913960622,0.1412960080585527,C:\Users\p06596\Documents\check\CNR-BOVINO\progetti_BOVINO\geological-transformer\src\results_uq\unified_feature_representation_study\stage4_all_embeddings_ablation\gte-large\full_pca064\tabicl\summary.csv
gte-large,Embeddings + XYZ + depth: PCA 64,TabICLv2: hidden,hidden,,0.6255434782608695,0.5139100571033755,0.6594934170955022,0.6711624522879707,0.5788895628083864,0.4940488574594545,0.5022002210197228,0.409558755800505,1.3411442767435269,1.0937418152001874,0.2462410708703586,0.2107423073608392,C:\Users\p06596\Documents\check\CNR-BOVINO\progetti_BOVINO\geological-transformer\src\results_uq\unified_feature_representation_study\stage4_all_embeddings_ablation\gte-large\full_pca064\tabicl\summary.csv
gte-large,Embeddings + XYZ + depth: PCA 64,TabICLv2: model input,model_input,,0.6635869565217392,0.5535183324598083,0.6597521298652155,0.6477224764785348,0.625856874645243,0.48953546263687553,0.4592433126991951,0.4289027079522623,1.3651174400105317,1.2749288895511515,0.2261050435591294,0.0916819835091615,C:\Users\p06596\Documents\check\CNR-BOVINO\progetti_BOVINO\geological-transformer\src\results_uq\unified_feature_representation_study\stage4_all_embeddings_ablation\gte-large\full_pca064\tabicl\summary.csv
gte-modernbert,Embeddings + XYZ + depth: PCA 64,Deep Ensemble,classification_head,11.0,0.5141304347826087,0.3466894845221956,0.5837956591039157,0.5862595467850304,0.5968899057776124,0.5704417145263133,0.5851776772932971,0.5938192084324992,1.2043925349213271,1.222178236594853,0.4075987696664696,0.3205315645460201,C:\Users\p06596\Documents\check\CNR-BOVINO\progetti_BOVINO\geological-transformer\src\results_uq\unified_feature_representation_study\stage4_all_embeddings_ablation\gte-modernbert\full_pca064\deep_ensemble\fold_metrics.csv
gte-modernbert,Embeddings + XYZ + depth: PCA 64,MC dropout,classification_head,11.0,0.5114130434782609,0.3434476295460829,0.58244784912744,0.593739868670965,0.5893904013065886,0.5623148885344246,0.588669722078479,0.5836214893362666,1.204841255422026,1.1945089436915801,0.407913462738504,0.313603029059975,C:\Users\p06596\Documents\check\CNR-BOVINO\progetti_BOVINO\geological-transformer\src\results_uq\unified_feature_representation_study\stage4_all_embeddings_ablation\gte-modernbert\full_pca064\mc_dropout\fold_metrics.csv
gte-modernbert,Embeddings + XYZ + depth: PCA 64,Subsample Ensemble,classification_head,11.0,0.5190217391304348,0.3590184315658871,0.5771508859112018,0.580305598609051,0.5849669192581852,0.5379207594573517,0.5677957812598075,0.5852082050934366,1.180501963297227,1.2167040648270322,0.4085731901910481,0.2853313049058551,C:\Users\p06596\Documents\check\CNR-BOVINO\progetti_BOVINO\geological-transformer\src\results_uq\unified_feature_representation_study\stage4_all_embeddings_ablation\gte-modernbert\full_pca064\subsample_ensemble\fold_metrics.csv
gte-modernbert,Embeddings + XYZ + depth: PCA 64,TabICLv2: encoder input,encoder_input,,0.4815217391304348,0.3178225163339256,0.6304641026733109,0.6310461831139884,0.6386297921073678,0.6113005036077315,0.6249599673705705,0.6395568808066083,1.2053735219725885,1.233526897991781,0.3987646564144518,0.2878378943079134,C:\Users\p06596\Documents\check\CNR-BOVINO\progetti_BOVINO\geological-transformer\src\results_uq\unified_feature_representation_study\stage4_all_embeddings_ablation\gte-modernbert\full_pca064\tabicl\summary.csv
gte-modernbert,Embeddings + XYZ + depth: PCA 64,TabICLv2: hidden,hidden,,0.4853260869565217,0.3240697172387282,0.6230058734425089,0.6246578161010606,0.6195506290271275,0.6332444774801496,0.6283186433972658,0.6158325526968678,1.2208091909725123,1.1965489936243259,0.4177696888394664,0.4254126536324036,C:\Users\p06596\Documents\check\CNR-BOVINO\progetti_BOVINO\geological-transformer\src\results_uq\unified_feature_representation_study\stage4_all_embeddings_ablation\gte-modernbert\full_pca064\tabicl\summary.csv
gte-modernbert,Embeddings + XYZ + depth: PCA 64,TabICLv2: model input,model_input,,0.6070652173913044,0.4833756889256178,0.6065929412289142,0.5921512250631817,0.6248385630845317,0.4881707770251393,0.462323149534929,0.498749609826592,1.1765900347776892,1.2692936128366934,0.2991536749235695,0.1479871764933412,C:\Users\p06596\Documents\check\CNR-BOVINO\progetti_BOVINO\geological-transformer\src\results_uq\unified_feature_representation_study\stage4_all_embeddings_ablation\gte-modernbert\full_pca064\tabicl\summary.csv
labse,Embeddings + XYZ + depth: PCA 64,Deep Ensemble,classification_head,11.0,0.6554347826086957,0.5225818724247911,0.7012034988046101,0.7077240224347835,0.6978976934164878,0.5143724546740042,0.561895820183066,0.5251331805186666,1.6307386579445453,1.5240458235872978,0.2224464118777202,0.1592841738430054,C:\Users\p06596\Documents\check\CNR-BOVINO\progetti_BOVINO\geological-transformer\src\results_uq\unified_feature_representation_study\stage4_all_embeddings_ablation\labse\full_pca064\deep_ensemble\fold_metrics.csv
labse,Embeddings + XYZ + depth: PCA 64,LLLA,classification_head,11.0,0.6451086956521739,0.5093302496127624,0.6997720326508073,0.7040746281639915,0.6429164970295862,0.5792249732487383,0.578648041473562,0.5159853699889518,1.6304937156376018,1.4539250854206298,0.2304096057889372,0.1260962258052566,C:\Users\p06596\Documents\check\CNR-BOVINO\progetti_BOVINO\geological-transformer\src\results_uq\unified_feature_representation_study\stage4_all_embeddings_ablation\labse\full_pca064\laplace\fold_metrics.csv
labse,Embeddings + XYZ + depth: PCA 64,MC dropout,classification_head,11.0,0.658695652173913,0.5260242947998899,0.6801662252212483,0.692809063619769,0.6479373593469719,0.5003505654038696,0.5498700338229014,0.4791977654544854,1.6110841755320677,1.4040189306309763,0.2298759147646367,0.1339187400658493,C:\Users\p06596\Documents\check\CNR-BOVINO\progetti_BOVINO\geological-transformer\src\results_uq\unified_feature_representation_study\stage4_all_embeddings_ablation\labse\full_pca064\mc_dropout\fold_metrics.csv
labse,Embeddings + XYZ + depth: PCA 64,Subsample Ensemble,classification_head,11.0,0.6722826086956522,0.543045197214242,0.7001358070869045,0.7108693262421023,0.6691277256132818,0.5064664958866791,0.5594489551091788,0.5063466745332913,1.707107922721209,1.5450711130037411,0.203023814666466,0.1249599846808806,C:\Users\p06596\Documents\check\CNR-BOVINO\progetti_BOVINO\geological-transformer\src\results_uq\unified_feature_representation_study\stage4_all_embeddings_ablation\labse\full_pca064\subsample_ensemble\fold_metrics.csv
labse,Embeddings + XYZ + depth: PCA 64,TabICLv2: encoder input,encoder_input,,0.6369565217391304,0.5251093706594152,0.6187373546422513,0.6237431280783144,0.5906697696756658,0.4566259087225881,0.445766396613719,0.4137261681490813,1.227859535582699,1.1396050140633376,0.2587260645074402,0.1613623050199704,C:\Users\p06596\Documents\check\CNR-BOVINO\progetti_BOVINO\geological-transformer\src\results_uq\unified_feature_representation_study\stage4_all_embeddings_ablation\labse\full_pca064\tabicl\summary.csv
labse,Embeddings + XYZ + depth: PCA 64,TabICLv2: hidden,hidden,,0.6255434782608695,0.5144631580882465,0.6848490427330812,0.6977929206508128,0.6605702872115998,0.540700185322257,0.5702791528602723,0.5107163421358235,1.5229515838358505,1.3638868933670758,0.2430983324570946,0.2278425573087629,C:\Users\p06596\Documents\check\CNR-BOVINO\progetti_BOVINO\geological-transformer\src\results_uq\unified_feature_representation_study\stage4_all_embeddings_ablation\labse\full_pca064\tabicl\summary.csv
labse,Embeddings + XYZ + depth: PCA 64,TabICLv2: model input,model_input,,0.5978260869565217,0.473460735004884,0.6434152334152334,0.6381781326781326,0.6007063882063882,0.5163653517996044,0.5149806616478096,0.4769349911761141,1.2804924559891482,1.1858924104919593,0.2745357594598453,0.1454784081253283,C:\Users\p06596\Documents\check\CNR-BOVINO\progetti_BOVINO\geological-transformer\src\results_uq\unified_feature_representation_study\stage4_all_embeddings_ablation\labse\full_pca064\tabicl\summary.csv
minilm-en,Embeddings + XYZ + depth: PCA 64,Deep Ensemble,classification_head,11.0,0.6701086956521739,0.5359572614482018,0.6932623047415194,0.6954487195793227,0.6649462952560155,0.4945318791566526,0.5368593061699006,0.473419954240145,1.6273824107950858,1.4350786092287755,0.2169147132539394,0.1445777950403482,C:\Users\p06596\Documents\check\CNR-BOVINO\progetti_BOVINO\geological-transformer\src\results_uq\unified_feature_representation_study\stage3_minilm_ablation\full_pca064\deep_ensemble\fold_metrics.csv
minilm-en,Embeddings + XYZ + depth: PCA 64,LLLA,classification_head,11.0,0.6565217391304348,0.5192585776281606,0.6706424469779529,0.6686419788597773,0.5873847319864386,0.5055577772702435,0.5260156144736721,0.468846899928292,1.5314378649233489,1.3649973035886982,0.2392018939180878,0.1268447153108275,C:\Users\p06596\Documents\check\CNR-BOVINO\progetti_BOVINO\geological-transformer\src\results_uq\unified_feature_representation_study\stage3_minilm_ablation\full_pca064\laplace\fold_metrics.csv
minilm-en,Embeddings + XYZ + depth: PCA 64,MC dropout,classification_head,11.0,0.6456521739130435,0.5089453948644617,0.6973021369110326,0.6953810773578945,0.6618616003503074,0.5408243473112285,0.5619919425196357,0.4935764504599674,1.585989531037009,1.3929151362673928,0.2363317498962936,0.1337554862155862,C:\Users\p06596\Documents\check\CNR-BOVINO\progetti_BOVINO\geological-transformer\src\results_uq\unified_feature_representation_study\stage3_minilm_ablation\full_pca064\mc_dropout\fold_metrics.csv
minilm-en,Embeddings + XYZ + depth: PCA 64,Subsample Ensemble,classification_head,11.0,0.6885869565217392,0.5607235893811273,0.7088242140742791,0.7204470869116154,0.6872372113801114,0.5206564384518187,0.5481531278090903,0.4956657756909813,1.760212487205456,1.591666714260743,0.1886494909926808,0.1170877903051997,C:\Users\p06596\Documents\check\CNR-BOVINO\progetti_BOVINO\geological-transformer\src\results_uq\unified_feature_representation_study\stage3_minilm_ablation\full_pca064\subsample_ensemble\fold_metrics.csv
minilm-en,Embeddings + XYZ + depth: PCA 64,TabICLv2: encoder input,encoder_input,,0.6695652173913044,0.5679470067724554,0.620394202836637,0.6219294685577581,0.5614106288448393,0.42080102969148414,0.4068208367194534,0.3627315601030559,1.2311683216509774,1.0977402476803009,0.235663394925478,0.1409227756329134,C:\Users\p06596\Documents\check\CNR-BOVINO\progetti_BOVINO\geological-transformer\src\results_uq\unified_feature_representation_study\stage3_minilm_ablation\full_pca064\tabicl\summary.csv
minilm-en,Embeddings + XYZ + depth: PCA 64,TabICLv2: hidden,hidden,,0.6603260869565217,0.5601271729717654,0.6699522633744857,0.6808309465020577,0.6643700411522634,0.4836202000527179,0.4954664503739796,0.4848762281640836,1.458653229900996,1.427475615715062,0.2249775494139728,0.188919875039022,C:\Users\p06596\Documents\check\CNR-BOVINO\progetti_BOVINO\geological-transformer\src\results_uq\unified_feature_representation_study\stage3_minilm_ablation\full_pca064\tabicl\summary.csv
minilm-en,Embeddings + XYZ + depth: PCA 64,TabICLv2: model input,model_input,,0.6293478260869565,0.5134102231624924,0.6593403532230209,0.6575917118705017,0.6354266381008818,0.513265771215011,0.4965519998737961,0.4341592469203814,1.3396710847034967,1.171338730694284,0.2422772261806655,0.1063536946436385,C:\Users\p06596\Documents\check\CNR-BOVINO\progetti_BOVINO\geological-transformer\src\results_uq\unified_feature_representation_study\stage3_minilm_ablation\full_pca064\tabicl\summary.csv
mpnet,Embeddings + XYZ + depth: PCA 64,Deep Ensemble,classification_head,11.0,0.6483695652173913,0.5123928916315428,0.6902766135792121,0.6834521541716937,0.6584470976114498,0.5235049221018039,0.5394394860826338,0.4935716253173277,1.5341092030788968,1.4036658277958005,0.2397839833200336,0.1525468198501545,C:\Users\p06596\Documents\check\CNR-BOVINO\progetti_BOVINO\geological-transformer\src\results_uq\unified_feature_representation_study\stage4_all_embeddings_ablation\mpnet\full_pca064\deep_ensemble\fold_metrics.csv
mpnet,Embeddings + XYZ + depth: PCA 64,LLLA,classification_head,11.0,0.6423913043478261,0.5022954496768909,0.6791757312061881,0.6771114399942898,0.6258181144721526,0.5385039392027764,0.5513916475374677,0.4975934587630572,1.5418854581594843,1.3914467539878803,0.2451941623086562,0.1277583252233655,C:\Users\p06596\Documents\check\CNR-BOVINO\progetti_BOVINO\geological-transformer\src\results_uq\unified_feature_representation_study\stage4_all_embeddings_ablation\mpnet\full_pca064\laplace\fold_metrics.csv
mpnet,Embeddings + XYZ + depth: PCA 64,MC dropout,classification_head,11.0,0.6385869565217391,0.4995027931934316,0.6957773156294993,0.694624125564162,0.6578556470941005,0.5459370493850804,0.5622047820236581,0.4855717860027198,1.5555741337195954,1.3435369717969992,0.2424931307458764,0.1264791737108126,C:\Users\p06596\Documents\check\CNR-BOVINO\progetti_BOVINO\geological-transformer\src\results_uq\unified_feature_representation_study\stage4_all_embeddings_ablation\mpnet\full_pca064\mc_dropout\fold_metrics.csv
mpnet,Embeddings + XYZ + depth: PCA 64,Subsample Ensemble,classification_head,11.0,0.6744565217391304,0.5440587974323127,0.6945674969967405,0.6924276555524433,0.6770840481801559,0.5204676963866279,0.5277905047950382,0.5197941235783032,1.6212596474505345,1.5966964730952886,0.2133808746367311,0.1247927278118288,C:\Users\p06596\Documents\check\CNR-BOVINO\progetti_BOVINO\geological-transformer\src\results_uq\unified_feature_representation_study\stage4_all_embeddings_ablation\mpnet\full_pca064\subsample_ensemble\fold_metrics.csv
mpnet,Embeddings + XYZ + depth: PCA 64,TabICLv2: encoder input,encoder_input,,0.6451086956521739,0.5357599886250534,0.630638708520457,0.6316437258663599,0.592018433488881,0.46300018096774637,0.4445151743058409,0.4031467874882332,1.2525389291313127,1.1359725711766446,0.246437429297026,0.1370036197045924,C:\Users\p06596\Documents\check\CNR-BOVINO\progetti_BOVINO\geological-transformer\src\results_uq\unified_feature_representation_study\stage4_all_embeddings_ablation\mpnet\full_pca064\tabicl\summary.csv
mpnet,Embeddings + XYZ + depth: PCA 64,TabICLv2: hidden,hidden,,0.6342391304347826,0.5278079017972217,0.659787290661594,0.6706341172740713,0.6190076025826626,0.500474243009597,0.5072981321908263,0.434623424303586,1.3869666615618432,1.1882720664466544,0.2456476074946371,0.1974705446344367,C:\Users\p06596\Documents\check\CNR-BOVINO\progetti_BOVINO\geological-transformer\src\results_uq\unified_feature_representation_study\stage4_all_embeddings_ablation\mpnet\full_pca064\tabicl\summary.csv
mpnet,Embeddings + XYZ + depth: PCA 64,TabICLv2: model input,model_input,,0.6130434782608696,0.4887075667830078,0.6456478105825165,0.6267518826201292,0.6021694955773368,0.522047148113401,0.4887032208993113,0.4644025919481178,1.2629409079420404,1.200141529753563,0.2797452589309251,0.1363632497177819,C:\Users\p06596\Documents\check\CNR-BOVINO\progetti_BOVINO\geological-transformer\src\results_uq\unified_feature_representation_study\stage4_all_embeddings_ablation\mpnet\full_pca064\tabicl\summary.csv
bge-base,Embeddings + XYZ + depth: PCA 8,Deep Ensemble,classification_head,11.0,0.6733695652173913,0.5430898089800782,0.6900927832144166,0.6979224656699545,0.6407118117341515,0.4969036860873931,0.5304347874175981,0.4611316018424167,1.6239600812785033,1.4117839390849365,0.2223360402537645,0.1420112641609233,C:\Users\p06596\Documents\check\CNR-BOVINO\progetti_BOVINO\geological-transformer\src\results_uq\unified_feature_representation_study\stage4_all_embeddings_ablation\bge-base\full_pca008\deep_ensemble\fold_metrics.csv
bge-base,Embeddings + XYZ + depth: PCA 8,LLLA,classification_head,11.0,0.6597826086956522,0.5230914812981498,0.6734542688864209,0.6652999649037669,0.5895258333689563,0.5021017372038443,0.5188674983879826,0.4464984902418754,1.5251057460605242,1.3123917285064708,0.2408625719164232,0.1317811506435922,C:\Users\p06596\Documents\check\CNR-BOVINO\progetti_BOVINO\geological-transformer\src\results_uq\unified_feature_representation_study\stage4_all_embeddings_ablation\bge-base\full_pca008\laplace\fold_metrics.csv
bge-base,Embeddings + XYZ + depth: PCA 8,MC dropout,classification_head,11.0,0.658695652173913,0.5239728329974913,0.6883395345904018,0.6985579089789896,0.6593626119158248,0.4942987937104314,0.548968622138081,0.4650494679577778,1.6084430967103007,1.3625653201310686,0.2333282267397735,0.1462847511405529,C:\Users\p06596\Documents\check\CNR-BOVINO\progetti_BOVINO\geological-transformer\src\results_uq\unified_feature_representation_study\stage4_all_embeddings_ablation\bge-base\full_pca008\mc_dropout\fold_metrics.csv
bge-base,Embeddings + XYZ + depth: PCA 8,Subsample Ensemble,classification_head,11.0,0.6815217391304348,0.5522587965021305,0.7029832182068575,0.7032839375503811,0.6829379154431586,0.5347857613509388,0.5389091820988889,0.5127278389410816,1.6921380461808118,1.6099304157876966,0.2088933716531459,0.1279969754426375,C:\Users\p06596\Documents\check\CNR-BOVINO\progetti_BOVINO\geological-transformer\src\results_uq\unified_feature_representation_study\stage4_all_embeddings_ablation\bge-base\full_pca008\subsample_ensemble\fold_metrics.csv
bge-base,Embeddings + XYZ + depth: PCA 8,TabICLv2: encoder input,encoder_input,,0.6451086956521739,0.5336029321000832,0.6296027278673635,0.6288286451875925,0.6016467318874328,0.46212423128111724,0.4466592138670665,0.422685553081914,1.2585803269761138,1.1910282047024836,0.2526018527093796,0.1422119276591563,C:\Users\p06596\Documents\check\CNR-BOVINO\progetti_BOVINO\geological-transformer\src\results_uq\unified_feature_representation_study\stage4_all_embeddings_ablation\bge-base\full_pca008\tabicl\summary.csv
bge-base,Embeddings + XYZ + depth: PCA 8,TabICLv2: hidden,hidden,,0.6244565217391305,0.5124276420363578,0.6523485469652714,0.6697738800114365,0.6600479369841515,0.48418409051290096,0.5133347047493229,0.4875810454377788,1.3669115148172997,1.2983344769978482,0.2551145682311672,0.2214819926217692,C:\Users\p06596\Documents\check\CNR-BOVINO\progetti_BOVINO\geological-transformer\src\results_uq\unified_feature_representation_study\stage4_all_embeddings_ablation\bge-base\full_pca008\tabicl\summary.csv
bge-base,Embeddings + XYZ + depth: PCA 8,TabICLv2: model input,model_input,,0.6277173913043478,0.5091506561663436,0.6125041868107561,0.6015571776155717,0.6288002022308592,0.4649693915077294,0.4476523613945907,0.4554457639521654,1.2024530583445938,1.2233871615649405,0.2716971481019402,0.1514834213435344,C:\Users\p06596\Documents\check\CNR-BOVINO\progetti_BOVINO\geological-transformer\src\results_uq\unified_feature_representation_study\stage4_all_embeddings_ablation\bge-base\full_pca008\tabicl\summary.csv
bge-large,Embeddings + XYZ + depth: PCA 8,Deep Ensemble,classification_head,11.0,0.6701086956521739,0.539606644193793,0.7024334908628851,0.7094382659948613,0.6487240476342153,0.5317442314308237,0.5670488519902772,0.4736477137765462,1.7188960258024877,1.435769017049168,0.216587941991682,0.1415434988944426,C:\Users\p06596\Documents\check\CNR-BOVINO\progetti_BOVINO\geological-transformer\src\results_uq\unified_feature_representation_study\stage4_all_embeddings_ablation\bge-large\full_pca008\deep_ensemble\fold_metrics.csv
bge-large,Embeddings + XYZ + depth: PCA 8,LLLA,classification_head,11.0,0.6418478260869566,0.509915257489804,0.710567804090821,0.7022878125080918,0.6292634930467665,0.582054152648052,0.5619455951556791,0.5079485524975521,1.569013497855007,1.4182478552283702,0.2320378728174084,0.128440208311962,C:\Users\p06596\Documents\check\CNR-BOVINO\progetti_BOVINO\geological-transformer\src\results_uq\unified_feature_representation_study\stage4_all_embeddings_ablation\bge-large\full_pca008\laplace\fold_metrics.csv
bge-large,Embeddings + XYZ + depth: PCA 8,MC dropout,classification_head,11.0,0.6592391304347827,0.5255578213698674,0.6944531004495424,0.7057162997749858,0.6417955064066784,0.5135376800572367,0.5453086909983825,0.4517538802368108,1.600267928926673,1.3257211158464626,0.2234647332235899,0.1246198206492092,C:\Users\p06596\Documents\check\CNR-BOVINO\progetti_BOVINO\geological-transformer\src\results_uq\unified_feature_representation_study\stage4_all_embeddings_ablation\bge-large\full_pca008\mc_dropout\fold_metrics.csv
bge-large,Embeddings + XYZ + depth: PCA 8,Subsample Ensemble,classification_head,11.0,0.6793478260869565,0.5512200758481033,0.7047810169491525,0.7059730776159355,0.6616254800237538,0.5465570738608763,0.5595675409993862,0.5197557458106801,1.7450919922692725,1.6209331733756802,0.205759377046768,0.1313543931135664,C:\Users\p06596\Documents\check\CNR-BOVINO\progetti_BOVINO\geological-transformer\src\results_uq\unified_feature_representation_study\stage4_all_embeddings_ablation\bge-large\full_pca008\subsample_ensemble\fold_metrics.csv
bge-large,Embeddings + XYZ + depth: PCA 8,TabICLv2: encoder input,encoder_input,,0.6217391304347826,0.5030045436834727,0.6493235571899365,0.652591481794068,0.6334687223695845,0.5034339609286329,0.503074919428355,0.49091407082726,1.3299681777990993,1.2978188079341355,0.2609253269013836,0.1509961764795533,C:\Users\p06596\Documents\check\CNR-BOVINO\progetti_BOVINO\geological-transformer\src\results_uq\unified_feature_representation_study\stage4_all_embeddings_ablation\bge-large\full_pca008\tabicl\summary.csv
bge-large,Embeddings + XYZ + depth: PCA 8,TabICLv2: hidden,hidden,,0.6342391304347826,0.5235352398541733,0.6710250053794862,0.686228897453625,0.6616054933147948,0.4984982872471455,0.5248033630526137,0.4749006438722556,1.4348264309313659,1.2983910619984405,0.2331868402373001,0.2004362823986979,C:\Users\p06596\Documents\check\CNR-BOVINO\progetti_BOVINO\geological-transformer\src\results_uq\unified_feature_representation_study\stage4_all_embeddings_ablation\bge-large\full_pca008\tabicl\summary.csv
bge-large,Embeddings + XYZ + depth: PCA 8,TabICLv2: model input,model_input,,0.6233695652173913,0.5059627589092683,0.6285120478668865,0.6264186264186264,0.6490185199862619,0.47508360530486515,0.4838277039903889,0.4865884769309406,1.2846218980408592,1.2919520888209677,0.2649223124777656,0.1427754173129525,C:\Users\p06596\Documents\check\CNR-BOVINO\progetti_BOVINO\geological-transformer\src\results_uq\unified_feature_representation_study\stage4_all_embeddings_ablation\bge-large\full_pca008\tabicl\summary.csv
bge-m3,Embeddings + XYZ + depth: PCA 8,Deep Ensemble,classification_head,11.0,0.6826086956521739,0.5558980727470868,0.7097602739726028,0.7204396644946938,0.6706848392570076,0.5242689404854213,0.5541519221630187,0.4716545277838028,1.745958110924579,1.4860348135654058,0.2022771560728469,0.1350859311449786,C:\Users\p06596\Documents\check\CNR-BOVINO\progetti_BOVINO\geological-transformer\src\results_uq\unified_feature_representation_study\stage4_all_embeddings_ablation\bge-m3\full_pca008\deep_ensemble\fold_metrics.csv
bge-m3,Embeddings + XYZ + depth: PCA 8,LLLA,classification_head,11.0,0.657608695652174,0.5270622051590548,0.7000564082382265,0.7075031960439777,0.6221754471460405,0.549411793720836,0.5590862998401788,0.4878373708293173,1.6328869709617921,1.4247948608348315,0.2213143380392837,0.1325802468087362,C:\Users\p06596\Documents\check\CNR-BOVINO\progetti_BOVINO\geological-transformer\src\results_uq\unified_feature_representation_study\stage4_all_embeddings_ablation\bge-m3\full_pca008\laplace\fold_metrics.csv
bge-m3,Embeddings + XYZ + depth: PCA 8,MC dropout,classification_head,11.0,0.6673913043478261,0.536896271916308,0.7079394732920312,0.7169262121095725,0.6576841261710201,0.5187476084310889,0.5452268749836152,0.4605321819863345,1.639244199297144,1.3846065602203523,0.2139826448245591,0.1271024181305066,C:\Users\p06596\Documents\check\CNR-BOVINO\progetti_BOVINO\geological-transformer\src\results_uq\unified_feature_representation_study\stage4_all_embeddings_ablation\bge-m3\full_pca008\mc_dropout\fold_metrics.csv
bge-m3,Embeddings + XYZ + depth: PCA 8,Subsample Ensemble,classification_head,11.0,0.6929347826086957,0.5687263082516963,0.7170654173173694,0.730465726124941,0.692402808495708,0.5586164829508162,0.581293844571374,0.5335123982530807,1.8930631398430589,1.7374563058153427,0.1854540632671464,0.1198794340309889,C:\Users\p06596\Documents\check\CNR-BOVINO\progetti_BOVINO\geological-transformer\src\results_uq\unified_feature_representation_study\stage4_all_embeddings_ablation\bge-m3\full_pca008\subsample_ensemble\fold_metrics.csv
bge-m3,Embeddings + XYZ + depth: PCA 8,TabICLv2: encoder input,encoder_input,,0.6260869565217392,0.5092776040069666,0.6556519500968991,0.6471947169735142,0.6434474422642118,0.4909520954867072,0.4724285311424627,0.4702198371153907,1.2634716530554237,1.2575646806574405,0.2456709665508498,0.1521497368605086,C:\Users\p06596\Documents\check\CNR-BOVINO\progetti_BOVINO\geological-transformer\src\results_uq\unified_feature_representation_study\stage4_all_embeddings_ablation\bge-m3\full_pca008\tabicl\summary.csv
bge-m3,Embeddings + XYZ + depth: PCA 8,TabICLv2: hidden,hidden,,0.6380434782608696,0.5299938441712355,0.6872771408546536,0.6958385131298248,0.6838137114968461,0.520627411536599,0.531958665733506,0.4897115566144895,1.4696755930174943,1.3529568531091003,0.2222978255498655,0.208060236890428,C:\Users\p06596\Documents\check\CNR-BOVINO\progetti_BOVINO\geological-transformer\src\results_uq\unified_feature_representation_study\stage4_all_embeddings_ablation\bge-m3\full_pca008\tabicl\summary.csv
bge-m3,Embeddings + XYZ + depth: PCA 8,TabICLv2: model input,model_input,,0.5858695652173913,0.4574892393984278,0.6692499476526472,0.6685913449130547,0.665172941044707,0.5576781004654838,0.5625392604676955,0.5265630895307466,1.3583625187146453,1.2714909248511466,0.2651912427734041,0.1819182121505383,C:\Users\p06596\Documents\check\CNR-BOVINO\progetti_BOVINO\geological-transformer\src\results_uq\unified_feature_representation_study\stage4_all_embeddings_ablation\bge-m3\full_pca008\tabicl\summary.csv
distilroberta,Embeddings + XYZ + depth: PCA 8,Deep Ensemble,classification_head,11.0,0.6646739130434782,0.5342831449236373,0.6901221986480093,0.6977278620709739,0.6253252401403336,0.5229188969217182,0.549111227192528,0.4330369630703864,1.6375440162629684,1.291390619205042,0.2244249695564266,0.1488384111096029,C:\Users\p06596\Documents\check\CNR-BOVINO\progetti_BOVINO\geological-transformer\src\results_uq\unified_feature_representation_study\stage4_all_embeddings_ablation\distilroberta\full_pca008\deep_ensemble\fold_metrics.csv
distilroberta,Embeddings + XYZ + depth: PCA 8,LLLA,classification_head,11.0,0.6342391304347826,0.4959722065142399,0.6871959317079009,0.6767771910703211,0.6051033501715884,0.5573868309272403,0.5455431588759818,0.4825011910225029,1.491529587417246,1.3191711611907955,0.2495661444304285,0.1218461090293915,C:\Users\p06596\Documents\check\CNR-BOVINO\progetti_BOVINO\geological-transformer\src\results_uq\unified_feature_representation_study\stage4_all_embeddings_ablation\distilroberta\full_pca008\laplace\fold_metrics.csv
distilroberta,Embeddings + XYZ + depth: PCA 8,MC dropout,classification_head,11.0,0.6380434782608696,0.4993446573022839,0.6918609410091522,0.6931760011248411,0.6397563934287598,0.5339405747096551,0.5619046791874253,0.4768638794502937,1.5524093238811751,1.3174617690518626,0.2453374332709478,0.1409701069412023,C:\Users\p06596\Documents\check\CNR-BOVINO\progetti_BOVINO\geological-transformer\src\results_uq\unified_feature_representation_study\stage4_all_embeddings_ablation\distilroberta\full_pca008\mc_dropout\fold_metrics.csv
distilroberta,Embeddings + XYZ + depth: PCA 8,Subsample Ensemble,classification_head,11.0,0.6717391304347826,0.541578150409045,0.7126559184723205,0.7135531544702927,0.6572021541399925,0.5614865788883188,0.5594028152575115,0.5039746467226979,1.7041410266122865,1.535287003261199,0.2048614164227968,0.1295057862835085,C:\Users\p06596\Documents\check\CNR-BOVINO\progetti_BOVINO\geological-transformer\src\results_uq\unified_feature_representation_study\stage4_all_embeddings_ablation\distilroberta\full_pca008\subsample_ensemble\fold_metrics.csv
distilroberta,Embeddings + XYZ + depth: PCA 8,TabICLv2: encoder input,encoder_input,,0.6282608695652174,0.509824273466458,0.6083768388676419,0.6105900564560189,0.6358308545296344,0.4642989281275869,0.4559370779712974,0.48236351680718,1.226497402729806,1.29758606860411,0.278884584514657,0.1469628121337959,C:\Users\p06596\Documents\check\CNR-BOVINO\progetti_BOVINO\geological-transformer\src\results_uq\unified_feature_representation_study\stage4_all_embeddings_ablation\distilroberta\full_pca008\tabicl\summary.csv
distilroberta,Embeddings + XYZ + depth: PCA 8,TabICLv2: hidden,hidden,,0.6070652173913044,0.4893277907377131,0.6759300190319109,0.692180819251329,0.6477944900327022,0.5551646991074748,0.5732395018712382,0.5130902197510536,1.4588667820789465,1.3057897708740507,0.2647872944497566,0.2235632247528113,C:\Users\p06596\Documents\check\CNR-BOVINO\progetti_BOVINO\geological-transformer\src\results_uq\unified_feature_representation_study\stage4_all_embeddings_ablation\distilroberta\full_pca008\tabicl\summary.csv
distilroberta,Embeddings + XYZ + depth: PCA 8,TabICLv2: model input,model_input,,0.5875,0.4574898533789957,0.5986588322187405,0.5834969572652073,0.5868206255126578,0.4989990517838876,0.4778682787734747,0.4652872481692556,1.158468554602363,1.1279690864709226,0.320678398350728,0.1752500765102259,C:\Users\p06596\Documents\check\CNR-BOVINO\progetti_BOVINO\geological-transformer\src\results_uq\unified_feature_representation_study\stage4_all_embeddings_ablation\distilroberta\full_pca008\tabicl\summary.csv
e5-base,Embeddings + XYZ + depth: PCA 8,Deep Ensemble,classification_head,11.0,0.65,0.5125534482751966,0.6954119840461995,0.6981677383956638,0.63921520114628,0.5464901268395709,0.5534736013020647,0.4692700794294032,1.5813531465773278,1.3407716555125806,0.2376375969086948,0.1431970754719298,C:\Users\p06596\Documents\check\CNR-BOVINO\progetti_BOVINO\geological-transformer\src\results_uq\unified_feature_representation_study\stage4_all_embeddings_ablation\e5-base\full_pca008\deep_ensemble\fold_metrics.csv
e5-base,Embeddings + XYZ + depth: PCA 8,LLLA,classification_head,11.0,0.6304347826086957,0.4872589851368753,0.6877205882352941,0.6880991644485488,0.5982158571095433,0.5600602258919045,0.5514068641462267,0.4835671463820917,1.4920421029839077,1.3084758078574246,0.2479904275949645,0.1211532000452279,C:\Users\p06596\Documents\check\CNR-BOVINO\progetti_BOVINO\geological-transformer\src\results_uq\unified_feature_representation_study\stage4_all_embeddings_ablation\e5-base\full_pca008\laplace\fold_metrics.csv
e5-base,Embeddings + XYZ + depth: PCA 8,MC dropout,classification_head,11.0,0.6391304347826087,0.4998636838619417,0.6909410601590034,0.6943403948785566,0.6410401987590653,0.5226220341752977,0.535227474121888,0.4736398648762736,1.4831604704582437,1.3124960111029267,0.2457890509988806,0.1361670771370763,C:\Users\p06596\Documents\check\CNR-BOVINO\progetti_BOVINO\geological-transformer\src\results_uq\unified_feature_representation_study\stage4_all_embeddings_ablation\e5-base\full_pca008\mc_dropout\fold_metrics.csv
e5-base,Embeddings + XYZ + depth: PCA 8,Subsample Ensemble,classification_head,11.0,0.6559782608695652,0.5193118653347627,0.7009349097091611,0.7097619749168546,0.6560317990335571,0.5567788628763144,0.5811822963053741,0.5127225501939874,1.6893766590867114,1.4903783449556665,0.224587352089242,0.1275923479186451,C:\Users\p06596\Documents\check\CNR-BOVINO\progetti_BOVINO\geological-transformer\src\results_uq\unified_feature_representation_study\stage4_all_embeddings_ablation\e5-base\full_pca008\subsample_ensemble\fold_metrics.csv
e5-base,Embeddings + XYZ + depth: PCA 8,TabICLv2: encoder input,encoder_input,,0.6228260869565218,0.5064543645371908,0.6486136467653434,0.6600014585250791,0.6147607767400456,0.5029668106773351,0.5088553706699401,0.4905815925045734,1.3491266311710228,1.3006774210495895,0.2573812633844807,0.1643196471316447,C:\Users\p06596\Documents\check\CNR-BOVINO\progetti_BOVINO\geological-transformer\src\results_uq\unified_feature_representation_study\stage4_all_embeddings_ablation\e5-base\full_pca008\tabicl\summary.csv
e5-base,Embeddings + XYZ + depth: PCA 8,TabICLv2: hidden,hidden,,0.6217391304347826,0.5067326236143899,0.6417779418857006,0.65320186279238,0.6059337573346194,0.4888991998100412,0.5018137631901787,0.4488432339551181,1.326634086594725,1.1865970552836453,0.254455549433111,0.2142695195700804,C:\Users\p06596\Documents\check\CNR-BOVINO\progetti_BOVINO\geological-transformer\src\results_uq\unified_feature_representation_study\stage4_all_embeddings_ablation\e5-base\full_pca008\tabicl\summary.csv
e5-base,Embeddings + XYZ + depth: PCA 8,TabICLv2: model input,model_input,,0.5646739130434782,0.435956941314784,0.6311612409416045,0.6383346610769263,0.6725952520850381,0.54965756425816,0.5436424567084361,0.54662539399434,1.2488166296423502,1.2556688201617796,0.3089797790244909,0.2070626599411057,C:\Users\p06596\Documents\check\CNR-BOVINO\progetti_BOVINO\geological-transformer\src\results_uq\unified_feature_representation_study\stage4_all_embeddings_ablation\e5-base\full_pca008\tabicl\summary.csv
e5-large,Embeddings + XYZ + depth: PCA 8,Deep Ensemble,classification_head,11.0,0.6592391304347827,0.5250982376629122,0.6803587136168382,0.6863606084354086,0.632508109571908,0.5014799509305581,0.5315169171523818,0.4401562285959426,1.5597944618187922,1.2916865400582689,0.2361032170858156,0.1344369984029427,C:\Users\p06596\Documents\check\CNR-BOVINO\progetti_BOVINO\geological-transformer\src\results_uq\unified_feature_representation_study\stage4_all_embeddings_ablation\e5-large\full_pca008\deep_ensemble\fold_metrics.csv
e5-large,Embeddings + XYZ + depth: PCA 8,LLLA,classification_head,11.0,0.6239130434782608,0.4853888336248738,0.6853940504722967,0.6839667390930108,0.6090599238712338,0.5617769531044676,0.5455652385220842,0.4924290806530726,1.4506358943361775,1.309349000580424,0.2576408113097315,0.1218816748050891,C:\Users\p06596\Documents\check\CNR-BOVINO\progetti_BOVINO\geological-transformer\src\results_uq\unified_feature_representation_study\stage4_all_embeddings_ablation\e5-large\full_pca008\laplace\fold_metrics.csv
e5-large,Embeddings + XYZ + depth: PCA 8,MC dropout,classification_head,11.0,0.6391304347826087,0.5015727084189366,0.6903698979591837,0.6919556280477516,0.651410900496413,0.5272374245697002,0.5402977188656359,0.4865486937254156,1.4972105462541718,1.348267464540308,0.24714938819098,0.1295091224105461,C:\Users\p06596\Documents\check\CNR-BOVINO\progetti_BOVINO\geological-transformer\src\results_uq\unified_feature_representation_study\stage4_all_embeddings_ablation\e5-large\full_pca008\mc_dropout\fold_metrics.csv
e5-large,Embeddings + XYZ + depth: PCA 8,Subsample Ensemble,classification_head,11.0,0.6592391304347827,0.5247589679208972,0.7014874742127747,0.7107447841877992,0.6524006835958475,0.5624078422651481,0.5804259177203271,0.512065408689121,1.703323267313241,1.502711885148298,0.2220775506085704,0.1272890378437612,C:\Users\p06596\Documents\check\CNR-BOVINO\progetti_BOVINO\geological-transformer\src\results_uq\unified_feature_representation_study\stage4_all_embeddings_ablation\e5-large\full_pca008\subsample_ensemble\fold_metrics.csv
e5-large,Embeddings + XYZ + depth: PCA 8,TabICLv2: encoder input,encoder_input,,0.6282608695652174,0.5134264319214159,0.6259093162548818,0.6297868734697182,0.5713237823509176,0.4808183433186899,0.4732622200920704,0.4123736205912205,1.2731030482008914,1.1093091548067922,0.2700592031062903,0.1584577111265424,C:\Users\p06596\Documents\check\CNR-BOVINO\progetti_BOVINO\geological-transformer\src\results_uq\unified_feature_representation_study\stage4_all_embeddings_ablation\e5-large\full_pca008\tabicl\summary.csv
e5-large,Embeddings + XYZ + depth: PCA 8,TabICLv2: hidden,hidden,,0.6092391304347826,0.4895893133823465,0.6595479646997081,0.6701199381140671,0.6379251090882248,0.5114654470105211,0.5317826682239384,0.4819048542895384,1.3608902775132776,1.2332474713390134,0.2567785223018715,0.2221272223973614,C:\Users\p06596\Documents\check\CNR-BOVINO\progetti_BOVINO\geological-transformer\src\results_uq\unified_feature_representation_study\stage4_all_embeddings_ablation\e5-large\full_pca008\tabicl\summary.csv
e5-large,Embeddings + XYZ + depth: PCA 8,TabICLv2: model input,model_input,,0.5423913043478261,0.4068386153697131,0.6245709947210334,0.6160670509665411,0.6501232869539554,0.5619843638663881,0.5416507994973161,0.5668993181506906,1.1836549537708572,1.2388298638922457,0.340851060237584,0.2212126214954646,C:\Users\p06596\Documents\check\CNR-BOVINO\progetti_BOVINO\geological-transformer\src\results_uq\unified_feature_representation_study\stage4_all_embeddings_ablation\e5-large\full_pca008\tabicl\summary.csv
e5-mistral,Embeddings + XYZ + depth: PCA 8,Deep Ensemble,classification_head,11.0,0.657608695652174,0.5236001427886834,0.6881227863046046,0.6903678649479015,0.6475578028010983,0.523155071964402,0.5362939511769688,0.4624527319637903,1.5663188415327343,1.350655598116467,0.2315283027590653,0.1501849645667749,C:\Users\p06596\Documents\check\CNR-BOVINO\progetti_BOVINO\geological-transformer\src\results_uq\unified_feature_representation_study\stage4_all_embeddings_ablation\e5-mistral\full_pca008\deep_ensemble\fold_metrics.csv
e5-mistral,Embeddings + XYZ + depth: PCA 8,LLLA,classification_head,11.0,0.6489130434782608,0.5128873777741438,0.6579790075247236,0.6771127096097808,0.6058253270552661,0.4986417638245433,0.5338927534303087,0.4750948701796515,1.5206852419686812,1.3532113949389455,0.2395037959630591,0.1517419469745262,C:\Users\p06596\Documents\check\CNR-BOVINO\progetti_BOVINO\geological-transformer\src\results_uq\unified_feature_representation_study\stage4_all_embeddings_ablation\e5-mistral\full_pca008\laplace\fold_metrics.csv
e5-mistral,Embeddings + XYZ + depth: PCA 8,MC dropout,classification_head,11.0,0.6434782608695652,0.5073675628875344,0.6740888420814107,0.6828625528660384,0.6339663236579366,0.502181610525634,0.5310479097109021,0.4526061872788987,1.4895246247988716,1.269505159440813,0.2466527641570951,0.1406041620704142,C:\Users\p06596\Documents\check\CNR-BOVINO\progetti_BOVINO\geological-transformer\src\results_uq\unified_feature_representation_study\stage4_all_embeddings_ablation\e5-mistral\full_pca008\mc_dropout\fold_metrics.csv
e5-mistral,Embeddings + XYZ + depth: PCA 8,Subsample Ensemble,classification_head,11.0,0.6701086956521739,0.5384008722882287,0.6974069753925212,0.7042856021892657,0.6601505227185466,0.5509748342131902,0.5607636373210504,0.5126382840724819,1.6998436452565613,1.5539611905986273,0.2139084291446258,0.1237523653746946,C:\Users\p06596\Documents\check\CNR-BOVINO\progetti_BOVINO\geological-transformer\src\results_uq\unified_feature_representation_study\stage4_all_embeddings_ablation\e5-mistral\full_pca008\subsample_ensemble\fold_metrics.csv
e5-mistral,Embeddings + XYZ + depth: PCA 8,TabICLv2: encoder input,encoder_input,,0.6369565217391304,0.5274156736572071,0.6272071897161309,0.62960342114406,0.5871520610655822,0.4735913819725258,0.4653084626581132,0.4193241084790254,1.2816879809744435,1.1550244904212676,0.2615125173174807,0.1574095824469439,C:\Users\p06596\Documents\check\CNR-BOVINO\progetti_BOVINO\geological-transformer\src\results_uq\unified_feature_representation_study\stage4_all_embeddings_ablation\e5-mistral\full_pca008\tabicl\summary.csv
e5-mistral,Embeddings + XYZ + depth: PCA 8,TabICLv2: hidden,hidden,,0.6135869565217391,0.4956758669661216,0.6699903702291835,0.6803763209790724,0.6463033763994623,0.5321745570782461,0.5461795105376102,0.4935183957010252,1.4134603366936747,1.277178408002653,0.2469974958003305,0.2356404933700682,C:\Users\p06596\Documents\check\CNR-BOVINO\progetti_BOVINO\geological-transformer\src\results_uq\unified_feature_representation_study\stage4_all_embeddings_ablation\e5-mistral\full_pca008\tabicl\summary.csv
e5-mistral,Embeddings + XYZ + depth: PCA 8,TabICLv2: model input,model_input,,0.6086956521739131,0.4880985224872661,0.6284598214285715,0.6205915178571428,0.6298660714285713,0.48574091593001845,0.4655258507881703,0.4806642941636828,1.1896771742364354,1.2283643073071895,0.2718203274852178,0.1619897343721059,C:\Users\p06596\Documents\check\CNR-BOVINO\progetti_BOVINO\geological-transformer\src\results_uq\unified_feature_representation_study\stage4_all_embeddings_ablation\e5-mistral\full_pca008\tabicl\summary.csv
e5-small,Embeddings + XYZ + depth: PCA 8,Deep Ensemble,classification_head,11.0,0.6532608695652173,0.5179121902961076,0.6913425377766418,0.691366894855748,0.6304381325838271,0.5291752326288265,0.5470831979603678,0.4627391193676369,1.5777948028951043,1.3345454226276674,0.2376218296798489,0.1408696981389884,C:\Users\p06596\Documents\check\CNR-BOVINO\progetti_BOVINO\geological-transformer\src\results_uq\unified_feature_representation_study\stage4_all_embeddings_ablation\e5-small\full_pca008\deep_ensemble\fold_metrics.csv
e5-small,Embeddings + XYZ + depth: PCA 8,LLLA,classification_head,11.0,0.6385869565217391,0.4956468204188953,0.6762399616061429,0.6766918675050759,0.5996714746076354,0.5368886750138309,0.5384724569762823,0.4719436815768528,1.4899087531373827,1.3058291339870813,0.2503048724202831,0.1250446995639282,C:\Users\p06596\Documents\check\CNR-BOVINO\progetti_BOVINO\geological-transformer\src\results_uq\unified_feature_representation_study\stage4_all_embeddings_ablation\e5-small\full_pca008\laplace\fold_metrics.csv
e5-small,Embeddings + XYZ + depth: PCA 8,MC dropout,classification_head,11.0,0.6467391304347826,0.5093236868565925,0.6833341952165481,0.6881902014613221,0.6351511657738798,0.5130022354959488,0.5267995450692926,0.4570047236618657,1.491247942965382,1.2936749100582043,0.2452147582525888,0.12535676776391,C:\Users\p06596\Documents\check\CNR-BOVINO\progetti_BOVINO\geological-transformer\src\results_uq\unified_feature_representation_study\stage4_all_embeddings_ablation\e5-small\full_pca008\mc_dropout\fold_metrics.csv
e5-small,Embeddings + XYZ + depth: PCA 8,Subsample Ensemble,classification_head,11.0,0.6565217391304348,0.5195928635622384,0.7032730111493001,0.7056674119245311,0.6590826240194383,0.5614171403235217,0.5726468152277823,0.5252188970608976,1.667199588637847,1.5291183078988158,0.2264063375974821,0.1271784072660881,C:\Users\p06596\Documents\check\CNR-BOVINO\progetti_BOVINO\geological-transformer\src\results_uq\unified_feature_representation_study\stage4_all_embeddings_ablation\e5-small\full_pca008\subsample_ensemble\fold_metrics.csv
e5-small,Embeddings + XYZ + depth: PCA 8,TabICLv2: encoder input,encoder_input,,0.6451086956521739,0.5358349539242251,0.6606653756687753,0.6630740629406627,0.6050449548516277,0.4994615646281235,0.4771377711588636,0.4316652281525375,1.344461713525741,1.2163308113333369,0.2309330531401331,0.1366803679010207,C:\Users\p06596\Documents\check\CNR-BOVINO\progetti_BOVINO\geological-transformer\src\results_uq\unified_feature_representation_study\stage4_all_embeddings_ablation\e5-small\full_pca008\tabicl\summary.csv
e5-small,Embeddings + XYZ + depth: PCA 8,TabICLv2: hidden,hidden,,0.6255434782608695,0.5126161359981516,0.6757397807674024,0.6885159494047581,0.663698758825228,0.5206109377560286,0.530095011600224,0.4972108471528057,1.4156383473794079,1.3278199691744013,0.2314711967620645,0.2055300399472959,C:\Users\p06596\Documents\check\CNR-BOVINO\progetti_BOVINO\geological-transformer\src\results_uq\unified_feature_representation_study\stage4_all_embeddings_ablation\e5-small\full_pca008\tabicl\summary.csv
e5-small,Embeddings + XYZ + depth: PCA 8,TabICLv2: model input,model_input,,0.6010869565217392,0.4794155682713934,0.6524468960487999,0.6589509290419856,0.612321447048795,0.5219352598782024,0.5279380605514563,0.4625778977003987,1.3234414596930242,1.159595819848411,0.2635004276716148,0.1640750582260556,C:\Users\p06596\Documents\check\CNR-BOVINO\progetti_BOVINO\geological-transformer\src\results_uq\unified_feature_representation_study\stage4_all_embeddings_ablation\e5-small\full_pca008\tabicl\summary.csv
gte-base,Embeddings + XYZ + depth: PCA 8,Deep Ensemble,classification_head,11.0,0.6532608695652173,0.5176780800379722,0.7024316838706649,0.698638730968749,0.6366632075899621,0.5370006518152124,0.557807737469334,0.488302808071795,1.6087245093159472,1.40827142139828,0.2349180387081488,0.1468331526155057,C:\Users\p06596\Documents\check\CNR-BOVINO\progetti_BOVINO\geological-transformer\src\results_uq\unified_feature_representation_study\stage4_all_embeddings_ablation\gte-base\full_pca008\deep_ensemble\fold_metrics.csv
gte-base,Embeddings + XYZ + depth: PCA 8,LLLA,classification_head,11.0,0.6391304347826087,0.5008641991432591,0.684195967543644,0.6819111564705571,0.60173198655597,0.5276484477385139,0.5363722391824397,0.476368465428055,1.4863327109874833,1.320057193354851,0.2462085312361573,0.1414289877223579,C:\Users\p06596\Documents\check\CNR-BOVINO\progetti_BOVINO\geological-transformer\src\results_uq\unified_feature_representation_study\stage4_all_embeddings_ablation\gte-base\full_pca008\laplace\fold_metrics.csv
gte-base,Embeddings + XYZ + depth: PCA 8,MC dropout,classification_head,11.0,0.6510869565217391,0.5141670746094422,0.6887608631207776,0.6922909562146232,0.6394923704149073,0.5061929086085737,0.5269457704893465,0.4554188752311429,1.510249560280993,1.3052503589179172,0.2387696544387746,0.1255808245552622,C:\Users\p06596\Documents\check\CNR-BOVINO\progetti_BOVINO\geological-transformer\src\results_uq\unified_feature_representation_study\stage4_all_embeddings_ablation\gte-base\full_pca008\mc_dropout\fold_metrics.csv
gte-base,Embeddings + XYZ + depth: PCA 8,Subsample Ensemble,classification_head,11.0,0.6565217391304348,0.5188479257600012,0.7132696579763601,0.7108057782421281,0.6837201750000799,0.5779491550262248,0.5796402302315029,0.5480555886273993,1.687560163965135,1.5956048782823018,0.2237249553051193,0.130371879770056,C:\Users\p06596\Documents\check\CNR-BOVINO\progetti_BOVINO\geological-transformer\src\results_uq\unified_feature_representation_study\stage4_all_embeddings_ablation\gte-base\full_pca008\subsample_ensemble\fold_metrics.csv
gte-base,Embeddings + XYZ + depth: PCA 8,TabICLv2: encoder input,encoder_input,,0.6271739130434782,0.5116188999276079,0.6563341603043793,0.6571678683852843,0.5995902198462946,0.5170198345133367,0.5032916524224653,0.4201542430818689,1.3499367936695863,1.1269443254674034,0.2575154835462572,0.156884292045254,C:\Users\p06596\Documents\check\CNR-BOVINO\progetti_BOVINO\geological-transformer\src\results_uq\unified_feature_representation_study\stage4_all_embeddings_ablation\gte-base\full_pca008\tabicl\summary.csv
gte-base,Embeddings + XYZ + depth: PCA 8,TabICLv2: hidden,hidden,,0.6190217391304348,0.5043255839692076,0.6673120927209217,0.6784137548391298,0.6179795826606667,0.5247460080205759,0.534445205580984,0.4496798883679603,1.402823364149801,1.1803295215364435,0.2561927283746741,0.2130577668862964,C:\Users\p06596\Documents\check\CNR-BOVINO\progetti_BOVINO\geological-transformer\src\results_uq\unified_feature_representation_study\stage4_all_embeddings_ablation\gte-base\full_pca008\tabicl\summary.csv
gte-base,Embeddings + XYZ + depth: PCA 8,TabICLv2: model input,model_input,,0.6021739130434782,0.4765527597882085,0.6445424237044051,0.6316370262965811,0.5966209484918427,0.5389437182864862,0.504180887055606,0.4414433671123313,1.2673399346752938,1.1096390648725267,0.2844317936940914,0.1691976017929649,C:\Users\p06596\Documents\check\CNR-BOVINO\progetti_BOVINO\geological-transformer\src\results_uq\unified_feature_representation_study\stage4_all_embeddings_ablation\gte-base\full_pca008\tabicl\summary.csv
gte-large,Embeddings + XYZ + depth: PCA 8,Deep Ensemble,classification_head,11.0,0.6489130434782608,0.5114772320258556,0.7001156453059934,0.6996570005416048,0.6455503294064053,0.5522518612932931,0.5639379921637041,0.4845780403558866,1.6062630117356276,1.3802222821282217,0.2376675355584162,0.144446949838944,C:\Users\p06596\Documents\check\CNR-BOVINO\progetti_BOVINO\geological-transformer\src\results_uq\unified_feature_representation_study\stage4_all_embeddings_ablation\gte-large\full_pca008\deep_ensemble\fold_metrics.csv
gte-large,Embeddings + XYZ + depth: PCA 8,LLLA,classification_head,11.0,0.6402173913043478,0.4995433779684281,0.6759575090147159,0.6859775278049232,0.6136977588059799,0.527689124552395,0.5522654077829846,0.4980955603662565,1.5349975080372986,1.3844347901418612,0.2469287198571713,0.1419555817285309,C:\Users\p06596\Documents\check\CNR-BOVINO\progetti_BOVINO\geological-transformer\src\results_uq\unified_feature_representation_study\stage4_all_embeddings_ablation\gte-large\full_pca008\laplace\fold_metrics.csv
gte-large,Embeddings + XYZ + depth: PCA 8,MC dropout,classification_head,11.0,0.6440217391304348,0.5087309497369407,0.6772390247044804,0.687029320530096,0.6444208706564533,0.49546160206612394,0.5323912577560206,0.48291192139149,1.495572388200119,1.3565770005501399,0.2453675602905833,0.1312369638001141,C:\Users\p06596\Documents\check\CNR-BOVINO\progetti_BOVINO\geological-transformer\src\results_uq\unified_feature_representation_study\stage4_all_embeddings_ablation\gte-large\full_pca008\mc_dropout\fold_metrics.csv
gte-large,Embeddings + XYZ + depth: PCA 8,Subsample Ensemble,classification_head,11.0,0.657608695652174,0.5207795660720667,0.7075416502689229,0.713879154640042,0.6648576113712944,0.5777314631615984,0.5878683344495866,0.5221087828902198,1.7169487863289516,1.5248891436793721,0.2220152007680117,0.1291854893383772,C:\Users\p06596\Documents\check\CNR-BOVINO\progetti_BOVINO\geological-transformer\src\results_uq\unified_feature_representation_study\stage4_all_embeddings_ablation\gte-large\full_pca008\subsample_ensemble\fold_metrics.csv
gte-large,Embeddings + XYZ + depth: PCA 8,TabICLv2: encoder input,encoder_input,,0.6293478260869565,0.5131829474373517,0.653372687260369,0.6611548376967062,0.6252374151003601,0.48358555718544893,0.4971394313809838,0.4552709743561314,1.3412559439017744,1.228297056913903,0.2496154355489757,0.1517102461258755,C:\Users\p06596\Documents\check\CNR-BOVINO\progetti_BOVINO\geological-transformer\src\results_uq\unified_feature_representation_study\stage4_all_embeddings_ablation\gte-large\full_pca008\tabicl\summary.csv
gte-large,Embeddings + XYZ + depth: PCA 8,TabICLv2: hidden,hidden,,0.6190217391304348,0.50389967837942,0.6812580547793883,0.6976800982917919,0.6544808056720676,0.5377668904214677,0.5523975669402843,0.5038568826410927,1.4499451115123012,1.3225344708410993,0.2369785711093742,0.2130342525728245,C:\Users\p06596\Documents\check\CNR-BOVINO\progetti_BOVINO\geological-transformer\src\results_uq\unified_feature_representation_study\stage4_all_embeddings_ablation\gte-large\full_pca008\tabicl\summary.csv
gte-large,Embeddings + XYZ + depth: PCA 8,TabICLv2: model input,model_input,,0.6173913043478261,0.493563990247854,0.6592684659090909,0.6575216569302178,0.6485587888124199,0.5100071914270242,0.5056582238460632,0.4959188649039121,1.321606721415847,1.296151578726134,0.2491418502317274,0.1541047925025715,C:\Users\p06596\Documents\check\CNR-BOVINO\progetti_BOVINO\geological-transformer\src\results_uq\unified_feature_representation_study\stage4_all_embeddings_ablation\gte-large\full_pca008\tabicl\summary.csv
gte-modernbert,Embeddings + XYZ + depth: PCA 8,Deep Ensemble,classification_head,11.0,0.5418478260869565,0.3705621700525872,0.5789432354001507,0.605979328790395,0.5839360225919605,0.5344818131941613,0.5680442806863051,0.5281868354058776,1.2398594026842245,1.1528633180863757,0.35957893268233,0.2532163210375153,C:\Users\p06596\Documents\check\CNR-BOVINO\progetti_BOVINO\geological-transformer\src\results_uq\unified_feature_representation_study\stage4_all_embeddings_ablation\gte-modernbert\full_pca008\deep_ensemble\fold_metrics.csv
gte-modernbert,Embeddings + XYZ + depth: PCA 8,LLLA,classification_head,11.0,0.525,0.3451949451271152,0.6109200221726339,0.6345434912004435,0.6397608741975115,0.5633535112374011,0.6173229391256929,0.6088175338316513,1.2996272402646167,1.281721123856108,0.3666429300830272,0.2091925915411632,C:\Users\p06596\Documents\check\CNR-BOVINO\progetti_BOVINO\geological-transformer\src\results_uq\unified_feature_representation_study\stage4_all_embeddings_ablation\gte-modernbert\full_pca008\laplace\fold_metrics.csv
gte-modernbert,Embeddings + XYZ + depth: PCA 8,MC dropout,classification_head,11.0,0.5206521739130435,0.3395962162767859,0.6011170995886177,0.6152450223087286,0.5993373270425745,0.5601330799455938,0.6037022435408146,0.571536069976206,1.2594241815363934,1.1923201459821078,0.3848445606382382,0.2743404480912115,C:\Users\p06596\Documents\check\CNR-BOVINO\progetti_BOVINO\geological-transformer\src\results_uq\unified_feature_representation_study\stage4_all_embeddings_ablation\gte-modernbert\full_pca008\mc_dropout\fold_metrics.csv
gte-modernbert,Embeddings + XYZ + depth: PCA 8,Subsample Ensemble,classification_head,11.0,0.5597826086956522,0.4001025836462945,0.6142227016660674,0.6427799386560198,0.6287584338854271,0.5367081313767552,0.580956687694231,0.5471595781662039,1.31970408068813,1.242930399784957,0.3266954969609284,0.21371360745119,C:\Users\p06596\Documents\check\CNR-BOVINO\progetti_BOVINO\geological-transformer\src\results_uq\unified_feature_representation_study\stage4_all_embeddings_ablation\gte-modernbert\full_pca008\subsample_ensemble\fold_metrics.csv
gte-modernbert,Embeddings + XYZ + depth: PCA 8,TabICLv2: encoder input,encoder_input,,0.5625,0.4247288900902832,0.5732769226152968,0.5755165481441474,0.539347676058451,0.493865399462917,0.4883632911984273,0.4705190715892537,1.116258951310691,1.07547216363258,0.3611689562921236,0.2048800161529768,C:\Users\p06596\Documents\check\CNR-BOVINO\progetti_BOVINO\geological-transformer\src\results_uq\unified_feature_representation_study\stage4_all_embeddings_ablation\gte-modernbert\full_pca008\tabicl\summary.csv
gte-modernbert,Embeddings + XYZ + depth: PCA 8,TabICLv2: hidden,hidden,,0.4576086956521739,0.2992779164858882,0.657888223001823,0.658716482846929,0.6562126628554019,0.6571321557993137,0.6528943354704542,0.6684221856495353,1.2037330433523403,1.2323615446845138,0.4103460015503476,0.4588708999383956,C:\Users\p06596\Documents\check\CNR-BOVINO\progetti_BOVINO\geological-transformer\src\results_uq\unified_feature_representation_study\stage4_all_embeddings_ablation\gte-modernbert\full_pca008\tabicl\summary.csv
gte-modernbert,Embeddings + XYZ + depth: PCA 8,TabICLv2: model input,model_input,,0.6103260869565217,0.4888049175906781,0.6032966091275238,0.5918893777998016,0.5971278864269471,0.46963812929036186,0.4501200726182368,0.4498884475544609,1.1551198516283898,1.1545254442122843,0.2905631714121935,0.1541297135198517,C:\Users\p06596\Documents\check\CNR-BOVINO\progetti_BOVINO\geological-transformer\src\results_uq\unified_feature_representation_study\stage4_all_embeddings_ablation\gte-modernbert\full_pca008\tabicl\summary.csv
labse,Embeddings + XYZ + depth: PCA 8,Deep Ensemble,classification_head,11.0,0.6782608695652174,0.5485353437895784,0.7009539587664587,0.7111726927637416,0.6555596882169702,0.51275939178572,0.5325318692285989,0.4533584325760204,1.6551666205753746,1.4090870201687118,0.2066267624879821,0.1357757812932781,C:\Users\p06596\Documents\check\CNR-BOVINO\progetti_BOVINO\geological-transformer\src\results_uq\unified_feature_representation_study\stage4_all_embeddings_ablation\labse\full_pca008\deep_ensemble\fold_metrics.csv
labse,Embeddings + XYZ + depth: PCA 8,LLLA,classification_head,11.0,0.6597826086956522,0.5255209233574574,0.7063545115294936,0.7047620735593861,0.6429341989318863,0.5538026954617397,0.5493807371113117,0.4888259515009659,1.6147932209022582,1.4368047136769606,0.2163107697671595,0.1073584059820226,C:\Users\p06596\Documents\check\CNR-BOVINO\progetti_BOVINO\geological-transformer\src\results_uq\unified_feature_representation_study\stage4_all_embeddings_ablation\labse\full_pca008\laplace\fold_metrics.csv
labse,Embeddings + XYZ + depth: PCA 8,MC dropout,classification_head,11.0,0.6739130434782609,0.54412828401889,0.701141129032258,0.7114204053982951,0.6664235156444734,0.49586351878375406,0.5332614669566804,0.4609867769135902,1.63533516533382,1.4136927825350099,0.2125685808894741,0.1145006100768628,C:\Users\p06596\Documents\check\CNR-BOVINO\progetti_BOVINO\geological-transformer\src\results_uq\unified_feature_representation_study\stage4_all_embeddings_ablation\labse\full_pca008\mc_dropout\fold_metrics.csv
labse,Embeddings + XYZ + depth: PCA 8,Subsample Ensemble,classification_head,11.0,0.6711956521739131,0.5393380199235106,0.7193575802188242,0.724726387504836,0.6812667258772205,0.5802424271507438,0.5708002118288787,0.5159606156678349,1.7359874210994,1.5692025336013493,0.1990037944864049,0.1213455812924581,C:\Users\p06596\Documents\check\CNR-BOVINO\progetti_BOVINO\geological-transformer\src\results_uq\unified_feature_representation_study\stage4_all_embeddings_ablation\labse\full_pca008\subsample_ensemble\fold_metrics.csv
labse,Embeddings + XYZ + depth: PCA 8,TabICLv2: encoder input,encoder_input,,0.6086956521739131,0.48477083230434,0.6226289682539682,0.6308333333333334,0.592798859126984,0.5017880200513514,0.5050883355606799,0.4578537368514871,1.2907813019884042,1.1700706608426894,0.2866435631597698,0.1645207409739438,C:\Users\p06596\Documents\check\CNR-BOVINO\progetti_BOVINO\geological-transformer\src\results_uq\unified_feature_representation_study\stage4_all_embeddings_ablation\labse\full_pca008\tabicl\summary.csv
labse,Embeddings + XYZ + depth: PCA 8,TabICLv2: hidden,hidden,,0.6119565217391304,0.4950704647583966,0.6700038807707808,0.6857396599847755,0.6918568493116607,0.5297669819076141,0.556684765766548,0.576944193480545,1.4345937941322804,1.4868029635913205,0.247639494943295,0.2143076086589542,C:\Users\p06596\Documents\check\CNR-BOVINO\progetti_BOVINO\geological-transformer\src\results_uq\unified_feature_representation_study\stage4_all_embeddings_ablation\labse\full_pca008\tabicl\summary.csv
labse,Embeddings + XYZ + depth: PCA 8,TabICLv2: model input,model_input,,0.5885869565217391,0.4625566910704184,0.6383925467565876,0.6308202544182886,0.6383352178680728,0.5104880832948189,0.4997194668147096,0.5330906454142146,1.2146417687438118,1.2957553336356074,0.2852174093531467,0.1762472039411784,C:\Users\p06596\Documents\check\CNR-BOVINO\progetti_BOVINO\geological-transformer\src\results_uq\unified_feature_representation_study\stage4_all_embeddings_ablation\labse\full_pca008\tabicl\summary.csv
minilm-en,Embeddings + XYZ + depth: PCA 8,Deep Ensemble,classification_head,11.0,0.6869565217391305,0.5614578838052509,0.7034051951476793,0.7090133799595655,0.6599054716185713,0.5214079299641142,0.5380374723783654,0.4422329742956402,1.7187308145420008,1.4126886678888506,0.2061365642613475,0.1374929152753042,C:\Users\p06596\Documents\check\CNR-BOVINO\progetti_BOVINO\geological-transformer\src\results_uq\unified_feature_representation_study\stage3_minilm_ablation\full_pca008\deep_ensemble\fold_metrics.csv
minilm-en,Embeddings + XYZ + depth: PCA 8,LLLA,classification_head,11.0,0.6684782608695652,0.5355314447634212,0.6904798080767693,0.6819865330371496,0.5976014460615536,0.5164125080909899,0.5092190762101679,0.442345268650566,1.5360050823388671,1.3342873677328546,0.224604904658122,0.1330786226722209,C:\Users\p06596\Documents\check\CNR-BOVINO\progetti_BOVINO\geological-transformer\src\results_uq\unified_feature_representation_study\stage3_minilm_ablation\full_pca008\laplace\fold_metrics.csv
minilm-en,Embeddings + XYZ + depth: PCA 8,MC dropout,classification_head,11.0,0.6755434782608696,0.5475773106694313,0.7043625205674391,0.7113480066162267,0.6537364742078823,0.50805271535318,0.5353886616333403,0.4515080934258427,1.6501091078816519,1.391582733506785,0.2112302660504638,0.1198040444079948,C:\Users\p06596\Documents\check\CNR-BOVINO\progetti_BOVINO\geological-transformer\src\results_uq\unified_feature_representation_study\stage3_minilm_ablation\full_pca008\mc_dropout\fold_metrics.csv
minilm-en,Embeddings + XYZ + depth: PCA 8,Subsample Ensemble,classification_head,11.0,0.7016304347826087,0.57985867737141,0.697537526860329,0.7106862574468753,0.6748161661779342,0.5226178421080161,0.5245021144879076,0.4881125945127341,1.7578941542035518,1.6359329214998737,0.1855654598780099,0.1185628477807926,C:\Users\p06596\Documents\check\CNR-BOVINO\progetti_BOVINO\geological-transformer\src\results_uq\unified_feature_representation_study\stage3_minilm_ablation\full_pca008\subsample_ensemble\fold_metrics.csv
minilm-en,Embeddings + XYZ + depth: PCA 8,TabICLv2: encoder input,encoder_input,,0.6315217391304347,0.5179016944855793,0.6512078655963931,0.6489231261328499,0.5868416777095742,0.5125893368467848,0.4815114906197965,0.4213745302781205,1.3067568476997424,1.1435532975099434,0.2498964374659704,0.1385951098720971,C:\Users\p06596\Documents\check\CNR-BOVINO\progetti_BOVINO\geological-transformer\src\results_uq\unified_feature_representation_study\stage3_minilm_ablation\full_pca008\tabicl\summary.csv
minilm-en,Embeddings + XYZ + depth: PCA 8,TabICLv2: hidden,hidden,,0.6559782608695652,0.5538334536804181,0.648324478980565,0.6596080525528416,0.6331052012287459,0.45830611473705374,0.4589421374499215,0.4312528818931128,1.334049815020309,1.2535628794365363,0.2257356480021213,0.1879664845763637,C:\Users\p06596\Documents\check\CNR-BOVINO\progetti_BOVINO\geological-transformer\src\results_uq\unified_feature_representation_study\stage3_minilm_ablation\full_pca008\tabicl\summary.csv
minilm-en,Embeddings + XYZ + depth: PCA 8,TabICLv2: model input,model_input,,0.5836956521739131,0.4563220346109441,0.6392563851977187,0.6436870049739633,0.6221295175304248,0.5359528910073337,0.5340114399088594,0.4996787198072703,1.2827428843763724,1.2002726428790826,0.2857795914536296,0.1660219043024438,C:\Users\p06596\Documents\check\CNR-BOVINO\progetti_BOVINO\geological-transformer\src\results_uq\unified_feature_representation_study\stage3_minilm_ablation\full_pca008\tabicl\summary.csv
mpnet,Embeddings + XYZ + depth: PCA 8,Deep Ensemble,classification_head,11.0,0.6782608695652174,0.5498331838479005,0.6896832228863479,0.701744354575584,0.6389794602815776,0.4787610522165344,0.5241841261259692,0.4491637272766445,1.629220932553688,1.3960494226165976,0.2157372274813428,0.1317368332620548,C:\Users\p06596\Documents\check\CNR-BOVINO\progetti_BOVINO\geological-transformer\src\results_uq\unified_feature_representation_study\stage4_all_embeddings_ablation\mpnet\full_pca008\deep_ensemble\fold_metrics.csv
mpnet,Embeddings + XYZ + depth: PCA 8,LLLA,classification_head,11.0,0.6527173913043478,0.5128045257426916,0.6978196312671106,0.6974746591313802,0.6360340992741182,0.5485072288369433,0.5515533582588117,0.4763286268259515,1.5881974635308505,1.3715879082312217,0.2307934141340011,0.1267028510975448,C:\Users\p06596\Documents\check\CNR-BOVINO\progetti_BOVINO\geological-transformer\src\results_uq\unified_feature_representation_study\stage4_all_embeddings_ablation\mpnet\full_pca008\laplace\fold_metrics.csv
mpnet,Embeddings + XYZ + depth: PCA 8,MC dropout,classification_head,11.0,0.6554347826086957,0.5180721719417791,0.6965017185366543,0.69719126403992,0.6470703428472508,0.509167301833097,0.5344714034819346,0.4780897144885178,1.551147290862397,1.387515890629137,0.2308761555988663,0.1354115922003984,C:\Users\p06596\Documents\check\CNR-BOVINO\progetti_BOVINO\geological-transformer\src\results_uq\unified_feature_representation_study\stage4_all_embeddings_ablation\mpnet\full_pca008\mc_dropout\fold_metrics.csv
mpnet,Embeddings + XYZ + depth: PCA 8,Subsample Ensemble,classification_head,11.0,0.6793478260869565,0.5490078658703358,0.7095552542372883,0.7221805446868682,0.6820661252390933,0.5604172098592541,0.5718286006035557,0.5278365487212684,1.7833298730687162,1.6461343214358202,0.2019043487244091,0.1262579672524462,C:\Users\p06596\Documents\check\CNR-BOVINO\progetti_BOVINO\geological-transformer\src\results_uq\unified_feature_representation_study\stage4_all_embeddings_ablation\mpnet\full_pca008\subsample_ensemble\fold_metrics.csv
mpnet,Embeddings + XYZ + depth: PCA 8,TabICLv2: encoder input,encoder_input,,0.6315217391304347,0.51681046569816,0.6227692057737906,0.6242923654161526,0.6503777435913058,0.45979395944758733,0.4565287493334796,0.4731458770844447,1.2389570778371717,1.2840537077217968,0.2548079310682153,0.1422145021812987,C:\Users\p06596\Documents\check\CNR-BOVINO\progetti_BOVINO\geological-transformer\src\results_uq\unified_feature_representation_study\stage4_all_embeddings_ablation\mpnet\full_pca008\tabicl\summary.csv
mpnet,Embeddings + XYZ + depth: PCA 8,TabICLv2: hidden,hidden,,0.6135869565217391,0.4983172936805711,0.6708262791836246,0.6854864529181446,0.63963977431704,0.5312105880893498,0.5418165628450229,0.5100993832222215,1.4021694453373306,1.3200884179027954,0.2453669900914998,0.2224594409681333,C:\Users\p06596\Documents\check\CNR-BOVINO\progetti_BOVINO\geological-transformer\src\results_uq\unified_feature_representation_study\stage4_all_embeddings_ablation\mpnet\full_pca008\tabicl\summary.csv
mpnet,Embeddings + XYZ + depth: PCA 8,TabICLv2: model input,model_input,,0.6005434782608695,0.4754705696868997,0.6001871517837905,0.5984990919444702,0.6380644565518516,0.4784746270946386,0.4651673416612233,0.4959491331930857,1.1645005559954433,1.241559734796296,0.2957654247411727,0.1589840913977164,C:\Users\p06596\Documents\check\CNR-BOVINO\progetti_BOVINO\geological-transformer\src\results_uq\unified_feature_representation_study\stage4_all_embeddings_ablation\mpnet\full_pca008\tabicl\summary.csv
bge-base,Embeddings + XYZ + depth: native,Deep Ensemble,classification_head,11.0,0.6141304347826086,0.469669841872515,0.6556849058955503,0.6586911734786539,0.6451738589877669,0.5329302173014656,0.5390453868739068,0.523826592860263,1.3969626927436456,1.3575224378350477,0.2818417239711432,0.1957477481792802,C:\Users\p06596\Documents\check\CNR-BOVINO\progetti_BOVINO\geological-transformer\src\results_uq\unified_feature_representation_study\stage4_all_embeddings_ablation\bge-base\full_raw\deep_ensemble\fold_metrics.csv
bge-base,Embeddings + XYZ + depth: native,LLLA,classification_head,11.0,0.6358695652173914,0.490153939410178,0.6772891950503891,0.6517123836509763,0.6116442110264276,0.538539903548701,0.5116341830141385,0.4630271474045073,1.4050849205164404,1.2715969421258113,0.2630719035279966,0.1504368947575921,C:\Users\p06596\Documents\check\CNR-BOVINO\progetti_BOVINO\geological-transformer\src\results_uq\unified_feature_representation_study\stage4_all_embeddings_ablation\bge-base\full_raw\laplace\fold_metrics.csv
bge-base,Embeddings + XYZ + depth: native,MC dropout,classification_head,11.0,0.6271739130434782,0.4846804143194051,0.6501584045353719,0.6464986844692053,0.6062139452557631,0.5240312444112596,0.5224042758878082,0.4636130071657579,1.4012009732267743,1.2435101066836654,0.284552529566589,0.1677742967382073,C:\Users\p06596\Documents\check\CNR-BOVINO\progetti_BOVINO\geological-transformer\src\results_uq\unified_feature_representation_study\stage4_all_embeddings_ablation\bge-base\full_raw\mc_dropout\fold_metrics.csv
bge-base,Embeddings + XYZ + depth: native,Subsample Ensemble,classification_head,11.0,0.6038043478260869,0.4503753370517316,0.6734642600062476,0.6695129053257405,0.6599510788492495,0.5658033760299018,0.5549384173444761,0.5644995060642781,1.4006676103070452,1.4247998506972177,0.2792761946896116,0.1704864043418479,C:\Users\p06596\Documents\check\CNR-BOVINO\progetti_BOVINO\geological-transformer\src\results_uq\unified_feature_representation_study\stage4_all_embeddings_ablation\bge-base\full_raw\subsample_ensemble\fold_metrics.csv
bge-base,Embeddings + XYZ + depth: native,TabICLv2: encoder input,encoder_input,,0.6168478260869565,0.4990811467689923,0.5853194613678259,0.5841409691629955,0.5675246039928766,0.4576133030928472,0.4566379801751117,0.4402447522305772,1.1917927425846888,1.1490075802897335,0.3090687790075684,0.203665932456892,C:\Users\p06596\Documents\check\CNR-BOVINO\progetti_BOVINO\geological-transformer\src\results_uq\unified_feature_representation_study\stage4_all_embeddings_ablation\bge-base\full_raw\tabicl\summary.csv
bge-base,Embeddings + XYZ + depth: native,TabICLv2: hidden,hidden,,0.6016304347826087,0.4818695446228291,0.6318380737240751,0.6385693916056941,0.6143455204447452,0.5069572731996586,0.5174039480993162,0.4815389016525946,1.2988039079164282,1.2087743233844122,0.3037515300734407,0.2725825838978406,C:\Users\p06596\Documents\check\CNR-BOVINO\progetti_BOVINO\geological-transformer\src\results_uq\unified_feature_representation_study\stage4_all_embeddings_ablation\bge-base\full_raw\tabicl\summary.csv
bge-base,Embeddings + XYZ + depth: native,TabICLv2: model input,model_input,,0.483695652173913,0.2904332294827428,0.5490490833826138,0.5324600827912478,0.5753211117681845,0.581843925458976,0.5606328273623514,0.572970199296917,1.0858572656281333,1.109752807059292,0.4707998676012395,0.160167274241228,C:\Users\p06596\Documents\check\CNR-BOVINO\progetti_BOVINO\geological-transformer\src\results_uq\unified_feature_representation_study\stage4_all_embeddings_ablation\bge-base\full_raw\tabicl\summary.csv
bge-large,Embeddings + XYZ + depth: native,Deep Ensemble,classification_head,11.0,0.5842391304347826,0.4394898558515863,0.6607393220854233,0.6549090130412232,0.6138443771773208,0.5766824629638154,0.558730100104977,0.5249605228747829,1.3438737048276572,1.2626501465223536,0.3027985319825289,0.2121510447205408,C:\Users\p06596\Documents\check\CNR-BOVINO\progetti_BOVINO\geological-transformer\src\results_uq\unified_feature_representation_study\stage4_all_embeddings_ablation\bge-large\full_raw\deep_ensemble\fold_metrics.csv
bge-large,Embeddings + XYZ + depth: native,LLLA,classification_head,11.0,0.5706521739130435,0.4262549117096315,0.6923713080168777,0.65689831051669,0.647007203516616,0.6588213098134965,0.585991660091599,0.5830806110476225,1.3648413348968886,1.358061170034969,0.3052291989012868,0.1637600132385673,C:\Users\p06596\Documents\check\CNR-BOVINO\progetti_BOVINO\geological-transformer\src\results_uq\unified_feature_representation_study\stage4_all_embeddings_ablation\bge-large\full_raw\laplace\fold_metrics.csv
bge-large,Embeddings + XYZ + depth: native,MC dropout,classification_head,11.0,0.5788043478260869,0.4316943281934937,0.6405003786157808,0.6284462569165619,0.5889518717147794,0.5587868845478855,0.5528335019737335,0.5015428908365767,1.3125337337182832,1.190759895663614,0.3318772673858056,0.1747477081806762,C:\Users\p06596\Documents\check\CNR-BOVINO\progetti_BOVINO\geological-transformer\src\results_uq\unified_feature_representation_study\stage4_all_embeddings_ablation\bge-large\full_raw\mc_dropout\fold_metrics.csv
bge-large,Embeddings + XYZ + depth: native,Subsample Ensemble,classification_head,11.0,0.5831521739130435,0.4282178178319746,0.6622569384112342,0.6517478061125701,0.6522746438474682,0.5744171910942462,0.5609355547869326,0.578877306433282,1.3456602618095908,1.3887017520694118,0.2998001994380045,0.1787394672308278,C:\Users\p06596\Documents\check\CNR-BOVINO\progetti_BOVINO\geological-transformer\src\results_uq\unified_feature_representation_study\stage4_all_embeddings_ablation\bge-large\full_raw\subsample_ensemble\fold_metrics.csv
bge-large,Embeddings + XYZ + depth: native,TabICLv2: encoder input,encoder_input,,0.6331521739130435,0.5207161010833669,0.5809047846129392,0.5847947862025116,0.5515549197265935,0.44906057184322035,0.4511662249838016,0.4118715723133238,1.229845709585474,1.122731397120764,0.3004005585780464,0.1755783901601553,C:\Users\p06596\Documents\check\CNR-BOVINO\progetti_BOVINO\geological-transformer\src\results_uq\unified_feature_representation_study\stage4_all_embeddings_ablation\bge-large\full_raw\tabicl\summary.csv
bge-large,Embeddings + XYZ + depth: native,TabICLv2: hidden,hidden,,0.5826086956521739,0.4617304980531764,0.6420849852300994,0.6516319768345772,0.6438595596237563,0.5247187841974291,0.5387647446489259,0.5293691295327291,1.290790534054718,1.2682802061721634,0.2972907539862962,0.2981515595658006,C:\Users\p06596\Documents\check\CNR-BOVINO\progetti_BOVINO\geological-transformer\src\results_uq\unified_feature_representation_study\stage4_all_embeddings_ablation\bge-large\full_raw\tabicl\summary.csv
bge-large,Embeddings + XYZ + depth: native,TabICLv2: model input,model_input,,0.4842391304347826,0.293429373892544,0.6170403248028818,0.5802883063157036,0.5094499615047561,0.5987037467151456,0.5712214043828139,0.5141914999056794,1.1075314900573,0.9969571757918335,0.4383819984006684,0.1247156489212921,C:\Users\p06596\Documents\check\CNR-BOVINO\progetti_BOVINO\geological-transformer\src\results_uq\unified_feature_representation_study\stage4_all_embeddings_ablation\bge-large\full_raw\tabicl\summary.csv
bge-m3,Embeddings + XYZ + depth: native,Deep Ensemble,classification_head,11.0,0.5543478260869565,0.4074370978329524,0.6752486848397896,0.6805501802432105,0.6638359619388516,0.6082990692438972,0.6099242241438115,0.598896843817777,1.3686104541763577,1.343866088566719,0.30922420893911,0.2503423295915127,C:\Users\p06596\Documents\check\CNR-BOVINO\progetti_BOVINO\geological-transformer\src\results_uq\unified_feature_representation_study\stage4_all_embeddings_ablation\bge-m3\full_raw\deep_ensemble\fold_metrics.csv
bge-m3,Embeddings + XYZ + depth: native,LLLA,classification_head,11.0,0.5451086956521739,0.3926885246182113,0.699999166181265,0.6730237196941804,0.6608012770483441,0.6500569388972715,0.6035133868573317,0.5782819788601734,1.3267199902240028,1.2712530957021733,0.3166946171664451,0.1857036819033648,C:\Users\p06596\Documents\check\CNR-BOVINO\progetti_BOVINO\geological-transformer\src\results_uq\unified_feature_representation_study\stage4_all_embeddings_ablation\bge-m3\full_raw\laplace\fold_metrics.csv
bge-m3,Embeddings + XYZ + depth: native,MC dropout,classification_head,11.0,0.5456521739130434,0.3987359746367426,0.6582187994433748,0.6584280600637693,0.6173576185707234,0.602731936671685,0.6079927675622094,0.5559247459816369,1.3381658998976858,1.2235664265624542,0.3307579142227952,0.2238519760415605,C:\Users\p06596\Documents\check\CNR-BOVINO\progetti_BOVINO\geological-transformer\src\results_uq\unified_feature_representation_study\stage4_all_embeddings_ablation\bge-m3\full_raw\mc_dropout\fold_metrics.csv
bge-m3,Embeddings + XYZ + depth: native,Subsample Ensemble,classification_head,11.0,0.553804347826087,0.3984918175897719,0.676346732424973,0.6659003200057255,0.6767179897571503,0.6101143896367529,0.5972980802709065,0.629776263691206,1.3386461238714593,1.4114352316587322,0.3129077651963069,0.220879746503804,C:\Users\p06596\Documents\check\CNR-BOVINO\progetti_BOVINO\geological-transformer\src\results_uq\unified_feature_representation_study\stage4_all_embeddings_ablation\bge-m3\full_raw\subsample_ensemble\fold_metrics.csv
bge-m3,Embeddings + XYZ + depth: native,TabICLv2: encoder input,encoder_input,,0.6005434782608695,0.4807642026770359,0.6164102564102564,0.6176168929110106,0.5602659525348601,0.5195248478202101,0.5207592371338958,0.4607165779961446,1.3036693827569634,1.1533585081808244,0.3069278017619069,0.2299563341723167,C:\Users\p06596\Documents\check\CNR-BOVINO\progetti_BOVINO\geological-transformer\src\results_uq\unified_feature_representation_study\stage4_all_embeddings_ablation\bge-m3\full_raw\tabicl\summary.csv
bge-m3,Embeddings + XYZ + depth: native,TabICLv2: hidden,hidden,,0.5527173913043478,0.4231164102413676,0.6420057085440585,0.6493701843866899,0.6251118590283528,0.5543112066488758,0.5607573242683773,0.5321916480110737,1.2536980275258982,1.1898330891134574,0.3172191536614094,0.3261357547539562,C:\Users\p06596\Documents\check\CNR-BOVINO\progetti_BOVINO\geological-transformer\src\results_uq\unified_feature_representation_study\stage4_all_embeddings_ablation\bge-m3\full_raw\tabicl\summary.csv
bge-m3,Embeddings + XYZ + depth: native,TabICLv2: model input,model_input,,0.5239130434782608,0.3435652830483748,0.5719118873036625,0.5500944978116297,0.5085438810890694,0.5204240846183702,0.5020758463194925,0.4742700199286319,1.0545885356482492,0.9961836035030623,0.4151301455039368,0.1496790060888717,C:\Users\p06596\Documents\check\CNR-BOVINO\progetti_BOVINO\geological-transformer\src\results_uq\unified_feature_representation_study\stage4_all_embeddings_ablation\bge-m3\full_raw\tabicl\summary.csv
distilroberta,Embeddings + XYZ + depth: native,Deep Ensemble,classification_head,11.0,0.6027173913043479,0.4491238538642556,0.6428228682376133,0.6492485531777132,0.6417518756899492,0.5398426616455607,0.5537487429595459,0.5296304156466899,1.3938408851512512,1.333132646771422,0.2960816901567718,0.1964057944876991,C:\Users\p06596\Documents\check\CNR-BOVINO\progetti_BOVINO\geological-transformer\src\results_uq\unified_feature_representation_study\stage4_all_embeddings_ablation\distilroberta\full_raw\deep_ensemble\fold_metrics.csv
distilroberta,Embeddings + XYZ + depth: native,LLLA,classification_head,11.0,0.5782608695652174,0.4293567878408094,0.6870349197736609,0.6744361733076066,0.657704872908245,0.6309986709761914,0.603456825794205,0.5762404538799679,1.4308770096151253,1.3663433442514703,0.3024145908229935,0.1693780177232363,C:\Users\p06596\Documents\check\CNR-BOVINO\progetti_BOVINO\geological-transformer\src\results_uq\unified_feature_representation_study\stage4_all_embeddings_ablation\distilroberta\full_raw\laplace\fold_metrics.csv
distilroberta,Embeddings + XYZ + depth: native,MC dropout,classification_head,11.0,0.5826086956521739,0.4283716731535695,0.6574488397854478,0.669342195287946,0.6365683618006074,0.5669465137549947,0.5814468339027337,0.5349689038436934,1.3930497062252993,1.2816963321255155,0.2993893223905802,0.178583742937316,C:\Users\p06596\Documents\check\CNR-BOVINO\progetti_BOVINO\geological-transformer\src\results_uq\unified_feature_representation_study\stage4_all_embeddings_ablation\distilroberta\full_raw\mc_dropout\fold_metrics.csv
distilroberta,Embeddings + XYZ + depth: native,Subsample Ensemble,classification_head,11.0,0.5880434782608696,0.4287112274842634,0.6604146040509367,0.6540251147826016,0.6520722165585534,0.5543019367254255,0.5529346189945883,0.5780087382695063,1.3422159616755178,1.4030818976462949,0.3011621825687151,0.1868934024449275,C:\Users\p06596\Documents\check\CNR-BOVINO\progetti_BOVINO\geological-transformer\src\results_uq\unified_feature_representation_study\stage4_all_embeddings_ablation\distilroberta\full_raw\subsample_ensemble\fold_metrics.csv
distilroberta,Embeddings + XYZ + depth: native,TabICLv2: encoder input,encoder_input,,0.5956521739130435,0.4670862625305538,0.6026790970096538,0.6063029785731104,0.5593458127305548,0.5122778174807017,0.5066673600341801,0.4357969919724515,1.253048309761951,1.0777775070286435,0.3383450020708564,0.2254360290271926,C:\Users\p06596\Documents\check\CNR-BOVINO\progetti_BOVINO\geological-transformer\src\results_uq\unified_feature_representation_study\stage4_all_embeddings_ablation\distilroberta\full_raw\tabicl\summary.csv
distilroberta,Embeddings + XYZ + depth: native,TabICLv2: hidden,hidden,,0.5847826086956521,0.4599605312037444,0.6222775842270188,0.6319337667140271,0.6084599252612936,0.5104851324619379,0.5188097610572824,0.4850376645179051,1.249489476891884,1.168153537582389,0.3094296422110182,0.2967191527202259,C:\Users\p06596\Documents\check\CNR-BOVINO\progetti_BOVINO\geological-transformer\src\results_uq\unified_feature_representation_study\stage4_all_embeddings_ablation\distilroberta\full_raw\tabicl\summary.csv
distilroberta,Embeddings + XYZ + depth: native,TabICLv2: model input,model_input,,0.496195652173913,0.3080880053253955,0.5401387840269581,0.532150372599548,0.507669985620623,0.5323878468294981,0.5243026467499925,0.523984044366441,1.0406870226752818,1.0400546295946618,0.4588590565937582,0.1518349522813269,C:\Users\p06596\Documents\check\CNR-BOVINO\progetti_BOVINO\geological-transformer\src\results_uq\unified_feature_representation_study\stage4_all_embeddings_ablation\distilroberta\full_raw\tabicl\summary.csv
e5-base,Embeddings + XYZ + depth: native,Deep Ensemble,classification_head,11.0,0.6114130434782609,0.4681914427357634,0.6732742812742813,0.6817576373271855,0.6271668295477433,0.5609628170309371,0.5654844242920245,0.4869072169707224,1.4552326443319232,1.2530199709456353,0.2720848657776424,0.1593587172744066,C:\Users\p06596\Documents\check\CNR-BOVINO\progetti_BOVINO\geological-transformer\src\results_uq\unified_feature_representation_study\stage4_all_embeddings_ablation\e5-base\full_raw\deep_ensemble\fold_metrics.csv
e5-base,Embeddings + XYZ + depth: native,LLLA,classification_head,11.0,0.633695652173913,0.4902093328569078,0.6843210957342304,0.6733853103068532,0.6206120033036292,0.5417382897612626,0.5208287464397845,0.464969014699477,1.4218470229216666,1.2693516128294327,0.246591735225937,0.1273594189678196,C:\Users\p06596\Documents\check\CNR-BOVINO\progetti_BOVINO\geological-transformer\src\results_uq\unified_feature_representation_study\stage4_all_embeddings_ablation\e5-base\full_raw\laplace\fold_metrics.csv
e5-base,Embeddings + XYZ + depth: native,MC dropout,classification_head,11.0,0.6168478260869565,0.4750395391899571,0.663512356671978,0.6766407661107888,0.6177240486727755,0.5316060306840444,0.5603770228955752,0.4738775647071691,1.4625442867061822,1.236786835547789,0.2750834676232616,0.143329510497658,C:\Users\p06596\Documents\check\CNR-BOVINO\progetti_BOVINO\geological-transformer\src\results_uq\unified_feature_representation_study\stage4_all_embeddings_ablation\e5-base\full_raw\mc_dropout\fold_metrics.csv
e5-base,Embeddings + XYZ + depth: native,Subsample Ensemble,classification_head,11.0,0.6048913043478261,0.4580036917223814,0.6784382643041905,0.6801281915308324,0.6304409414004231,0.5853042816037117,0.5723263436534759,0.5333272972999787,1.4485288477612046,1.3498242462612944,0.2718354963599498,0.1459022739011308,C:\Users\p06596\Documents\check\CNR-BOVINO\progetti_BOVINO\geological-transformer\src\results_uq\unified_feature_representation_study\stage4_all_embeddings_ablation\e5-base\full_raw\subsample_ensemble\fold_metrics.csv
e5-base,Embeddings + XYZ + depth: native,TabICLv2: encoder input,encoder_input,,0.6347826086956522,0.5250472943774909,0.6010426859099804,0.5957298801369864,0.542800574853229,0.4537143673236908,0.4423188050550224,0.399888556781807,1.2111110138411327,1.094932953093043,0.2750005866387867,0.1816547205725684,C:\Users\p06596\Documents\check\CNR-BOVINO\progetti_BOVINO\geological-transformer\src\results_uq\unified_feature_representation_study\stage4_all_embeddings_ablation\e5-base\full_raw\tabicl\summary.csv
e5-base,Embeddings + XYZ + depth: native,TabICLv2: hidden,hidden,,0.6173913043478261,0.5054652851030657,0.6531640124839949,0.6617455085627402,0.6160321302816901,0.5086630766683031,0.5219526254905922,0.4676069286320219,1.364194362077684,1.2221544725609663,0.2498620575479907,0.2463137799916499,C:\Users\p06596\Documents\check\CNR-BOVINO\progetti_BOVINO\geological-transformer\src\results_uq\unified_feature_representation_study\stage4_all_embeddings_ablation\e5-base\full_raw\tabicl\summary.csv
e5-base,Embeddings + XYZ + depth: native,TabICLv2: model input,model_input,,0.5255434782608696,0.3527494007274679,0.575514308965625,0.5451207132035286,0.5580289294721218,0.5471567464538671,0.513052591442342,0.5243243253400629,1.0813479590537336,1.1051051072459517,0.4296365349860942,0.1065277622115848,C:\Users\p06596\Documents\check\CNR-BOVINO\progetti_BOVINO\geological-transformer\src\results_uq\unified_feature_representation_study\stage4_all_embeddings_ablation\e5-base\full_raw\tabicl\summary.csv
e5-large,Embeddings + XYZ + depth: native,Deep Ensemble,classification_head,11.0,0.5847826086956521,0.4419839541167342,0.6675684618229237,0.682139948079655,0.5962778542575998,0.5884467529585249,0.6036270265183851,0.4956872103986802,1.4537614251228121,1.193801658551795,0.3001126717364877,0.1918342026031535,C:\Users\p06596\Documents\check\CNR-BOVINO\progetti_BOVINO\geological-transformer\src\results_uq\unified_feature_representation_study\stage4_all_embeddings_ablation\e5-large\full_raw\deep_ensemble\fold_metrics.csv
e5-large,Embeddings + XYZ + depth: native,LLLA,classification_head,11.0,0.5684782608695652,0.4181630746886813,0.7100156046062485,0.691600096922584,0.6536201195634915,0.6746673535927779,0.6158799770312575,0.5801945536062291,1.4272281583595892,1.3445314592386164,0.2942496438466541,0.1403513015855265,C:\Users\p06596\Documents\check\CNR-BOVINO\progetti_BOVINO\geological-transformer\src\results_uq\unified_feature_representation_study\stage4_all_embeddings_ablation\e5-large\full_raw\laplace\fold_metrics.csv
e5-large,Embeddings + XYZ + depth: native,MC dropout,classification_head,11.0,0.5793478260869566,0.4282569120921425,0.6397142593966191,0.6526384649214972,0.5957344662977121,0.5478214722049054,0.5719209847427198,0.4894638920061499,1.359605441765639,1.16358341252108,0.326094448038667,0.1613460924314415,C:\Users\p06596\Documents\check\CNR-BOVINO\progetti_BOVINO\geological-transformer\src\results_uq\unified_feature_representation_study\stage4_all_embeddings_ablation\e5-large\full_raw\mc_dropout\fold_metrics.csv
e5-large,Embeddings + XYZ + depth: native,Subsample Ensemble,classification_head,11.0,0.5842391304347826,0.4329936548555862,0.6670582155342757,0.6669965183924708,0.6298087028839876,0.5812127261441904,0.5719341093626182,0.5387969620034231,1.3756323676172777,1.2959299478252266,0.3026936243613748,0.1671508120291906,C:\Users\p06596\Documents\check\CNR-BOVINO\progetti_BOVINO\geological-transformer\src\results_uq\unified_feature_representation_study\stage4_all_embeddings_ablation\e5-large\full_raw\subsample_ensemble\fold_metrics.csv
e5-large,Embeddings + XYZ + depth: native,TabICLv2: encoder input,encoder_input,,0.6353260869565217,0.5251600119686877,0.5859811142033582,0.5823018642298117,0.5686697713791068,0.4539706985843606,0.4344380239020591,0.4325313027468767,1.1913054604765851,1.1860768957589465,0.287237033522999,0.1767212537505534,C:\Users\p06596\Documents\check\CNR-BOVINO\progetti_BOVINO\geological-transformer\src\results_uq\unified_feature_representation_study\stage4_all_embeddings_ablation\e5-large\full_raw\tabicl\summary.csv
e5-large,Embeddings + XYZ + depth: native,TabICLv2: hidden,hidden,,0.6070652173913044,0.4913216643316427,0.6497298756424973,0.6592024923507073,0.6181631543689813,0.4956829710611016,0.5054800316856451,0.4653129218797585,1.2864222106522643,1.1841988606621794,0.2586667083105233,0.2599549905760309,C:\Users\p06596\Documents\check\CNR-BOVINO\progetti_BOVINO\geological-transformer\src\results_uq\unified_feature_representation_study\stage4_all_embeddings_ablation\e5-large\full_raw\tabicl\summary.csv
e5-large,Embeddings + XYZ + depth: native,TabICLv2: model input,model_input,,0.5054347826086957,0.3236889809450258,0.6015148292567647,0.5956587498522983,0.5679392650360393,0.5668347088492982,0.555000079809006,0.5758618441118044,1.1221979635698585,1.1643799924898024,0.4161007282770904,0.1386340619500896,C:\Users\p06596\Documents\check\CNR-BOVINO\progetti_BOVINO\geological-transformer\src\results_uq\unified_feature_representation_study\stage4_all_embeddings_ablation\e5-large\full_raw\tabicl\summary.csv
e5-mistral,Embeddings + XYZ + depth: native,Deep Ensemble,classification_head,11.0,0.5391304347826087,0.3909916395071203,0.6462002624771759,0.6475593428053193,0.6249882983737558,0.6035561577280018,0.5895319948006147,0.58876904832009,1.2791731962654846,1.2775177463549123,0.342749088720216,0.2351832887076813,C:\Users\p06596\Documents\check\CNR-BOVINO\progetti_BOVINO\geological-transformer\src\results_uq\unified_feature_representation_study\stage4_all_embeddings_ablation\e5-mistral\full_raw\deep_ensemble\fold_metrics.csv
e5-mistral,Embeddings + XYZ + depth: native,LLLA,classification_head,11.0,0.5684782608695652,0.4156129600961511,0.6449024952921287,0.6259430686930242,0.5768787454439985,0.5643019797675976,0.5384569912204625,0.4835296265976868,1.2478096521985529,1.1205220565991734,0.3304205425799144,0.1571201588877516,C:\Users\p06596\Documents\check\CNR-BOVINO\progetti_BOVINO\geological-transformer\src\results_uq\unified_feature_representation_study\stage4_all_embeddings_ablation\e5-mistral\full_raw\laplace\fold_metrics.csv
e5-mistral,Embeddings + XYZ + depth: native,MC dropout,classification_head,11.0,0.5641304347826087,0.4115246229048362,0.6194052441151456,0.6231601523685794,0.5716584744049477,0.543062269813083,0.5580960309471342,0.4929473972914977,1.2804198216243479,1.1309516346837354,0.3507173115401619,0.1692564642299776,C:\Users\p06596\Documents\check\CNR-BOVINO\progetti_BOVINO\geological-transformer\src\results_uq\unified_feature_representation_study\stage4_all_embeddings_ablation\e5-mistral\full_raw\mc_dropout\fold_metrics.csv
e5-mistral,Embeddings + XYZ + depth: native,Subsample Ensemble,classification_head,11.0,0.5451086956521739,0.3915897897674079,0.6393114563120674,0.6304925711102388,0.6198584220759564,0.5907582359568377,0.5726344046457436,0.5727834918963385,1.2588378787911207,1.2591656213730738,0.3536182008049743,0.2062850881367921,C:\Users\p06596\Documents\check\CNR-BOVINO\progetti_BOVINO\geological-transformer\src\results_uq\unified_feature_representation_study\stage4_all_embeddings_ablation\e5-mistral\full_raw\subsample_ensemble\fold_metrics.csv
e5-mistral,Embeddings + XYZ + depth: native,TabICLv2: encoder input,encoder_input,,0.6146739130434783,0.5019236811893111,0.5564767252914717,0.5464103686466413,0.5278377411055784,0.4551737362650876,0.4407290108603242,0.414922659569941,1.143781918170658,1.0768091588274915,0.3433454579015307,0.1910687781405162,C:\Users\p06596\Documents\check\CNR-BOVINO\progetti_BOVINO\geological-transformer\src\results_uq\unified_feature_representation_study\stage4_all_embeddings_ablation\e5-mistral\full_raw\tabicl\summary.csv
e5-mistral,Embeddings + XYZ + depth: native,TabICLv2: hidden,hidden,,0.5853260869565218,0.4645505801604686,0.5945438460068804,0.6006515355624757,0.5649971828449251,0.49991466717380495,0.5050236189338477,0.4503576760429397,1.2178813353057403,1.0860525870498154,0.322424242101916,0.2799794916758508,C:\Users\p06596\Documents\check\CNR-BOVINO\progetti_BOVINO\geological-transformer\src\results_uq\unified_feature_representation_study\stage4_all_embeddings_ablation\e5-mistral\full_raw\tabicl\summary.csv
e5-mistral,Embeddings + XYZ + depth: native,TabICLv2: model input,model_input,,0.421195652173913,0.2137982499428281,0.6334926548538543,0.6267260336210814,0.5713536271391791,0.6711475306732197,0.664862846633012,0.6253303202757698,1.1486832279856733,1.0803829007581376,0.4628454993297262,0.185590371060779,C:\Users\p06596\Documents\check\CNR-BOVINO\progetti_BOVINO\geological-transformer\src\results_uq\unified_feature_representation_study\stage4_all_embeddings_ablation\e5-mistral\full_raw\tabicl\summary.csv
e5-small,Embeddings + XYZ + depth: native,Deep Ensemble,classification_head,11.0,0.6320652173913044,0.4928826431318935,0.7041313213547706,0.7046070144328954,0.64986188093714,0.5820437206536241,0.5852083915540477,0.4850628689269376,1.5905220686254768,1.3183392597127996,0.2403420465436447,0.1433506131982025,C:\Users\p06596\Documents\check\CNR-BOVINO\progetti_BOVINO\geological-transformer\src\results_uq\unified_feature_representation_study\stage4_all_embeddings_ablation\e5-small\full_raw\deep_ensemble\fold_metrics.csv
e5-small,Embeddings + XYZ + depth: native,LLLA,classification_head,11.0,0.6603260869565217,0.5241826340388568,0.6684958024691358,0.6809902428987187,0.6146018596242268,0.5063286593918646,0.5206437759402975,0.4627078504692273,1.5327752763682359,1.362211911781405,0.2291277362234287,0.138259348516231,C:\Users\p06596\Documents\check\CNR-BOVINO\progetti_BOVINO\geological-transformer\src\results_uq\unified_feature_representation_study\stage4_all_embeddings_ablation\e5-small\full_raw\laplace\fold_metrics.csv
e5-small,Embeddings + XYZ + depth: native,MC dropout,classification_head,11.0,0.6581521739130435,0.5212492952904424,0.6952878948798704,0.7065544746202475,0.6686672555488651,0.5436252107327588,0.5685129118761083,0.4782916610909811,1.6630584385565013,1.3991361787081165,0.222549259170678,0.1197710144293048,C:\Users\p06596\Documents\check\CNR-BOVINO\progetti_BOVINO\geological-transformer\src\results_uq\unified_feature_representation_study\stage4_all_embeddings_ablation\e5-small\full_raw\mc_dropout\fold_metrics.csv
e5-small,Embeddings + XYZ + depth: native,Subsample Ensemble,classification_head,11.0,0.6440217391304348,0.5051167006792906,0.6940483782652107,0.6915496001396256,0.6518236421778799,0.5490934582167405,0.5532296638424458,0.5288553684897017,1.5541108114047333,1.4856395084290859,0.2309569269917325,0.1157325059499429,C:\Users\p06596\Documents\check\CNR-BOVINO\progetti_BOVINO\geological-transformer\src\results_uq\unified_feature_representation_study\stage4_all_embeddings_ablation\e5-small\full_raw\subsample_ensemble\fold_metrics.csv
e5-small,Embeddings + XYZ + depth: native,TabICLv2: encoder input,encoder_input,,0.6673913043478261,0.5661301986990224,0.6151641438334292,0.6082050626982606,0.5541544250707884,0.42428424391275144,0.4043522496999029,0.3680348024658982,1.215699574261146,1.106509863622962,0.2396164205492231,0.1399146831758115,C:\Users\p06596\Documents\check\CNR-BOVINO\progetti_BOVINO\geological-transformer\src\results_uq\unified_feature_representation_study\stage4_all_embeddings_ablation\e5-small\full_raw\tabicl\summary.csv
e5-small,Embeddings + XYZ + depth: native,TabICLv2: hidden,hidden,,0.6434782608695652,0.5396940649578073,0.6573546679301252,0.6705038212755439,0.6045803806855636,0.4824730573939985,0.507592616896883,0.4100847045101136,1.4237353888571105,1.15023758582105,0.2282835272308139,0.2204187140267171,C:\Users\p06596\Documents\check\CNR-BOVINO\progetti_BOVINO\geological-transformer\src\results_uq\unified_feature_representation_study\stage4_all_embeddings_ablation\e5-small\full_raw\tabicl\summary.csv
e5-small,Embeddings + XYZ + depth: native,TabICLv2: model input,model_input,,0.5173913043478261,0.3500920217701989,0.5511157165568931,0.5320449125596184,0.5675711162843515,0.5348583752913386,0.4972482763181582,0.5275606328184448,1.0303342662448323,1.0931436535877685,0.4283946393496376,0.1513382490563521,C:\Users\p06596\Documents\check\CNR-BOVINO\progetti_BOVINO\geological-transformer\src\results_uq\unified_feature_representation_study\stage4_all_embeddings_ablation\e5-small\full_raw\tabicl\summary.csv
gte-base,Embeddings + XYZ + depth: native,Deep Ensemble,classification_head,11.0,0.6293478260869565,0.4869895739440493,0.6663108605695935,0.6786900765588553,0.608238465450573,0.521014146352849,0.5470082931296751,0.4598589903732872,1.4757995005258095,1.2406752819455256,0.2675256013375524,0.159671576888017,C:\Users\p06596\Documents\check\CNR-BOVINO\progetti_BOVINO\geological-transformer\src\results_uq\unified_feature_representation_study\stage4_all_embeddings_ablation\gte-base\full_raw\deep_ensemble\fold_metrics.csv
gte-base,Embeddings + XYZ + depth: native,LLLA,classification_head,11.0,0.6391304347826087,0.4971849032739857,0.6881992254733218,0.6773782500433192,0.6249813192250934,0.5275129697351781,0.5317888779424614,0.4696133998816781,1.4736318304429654,1.3013383370215175,0.25172702826325,0.1319489524497286,C:\Users\p06596\Documents\check\CNR-BOVINO\progetti_BOVINO\geological-transformer\src\results_uq\unified_feature_representation_study\stage4_all_embeddings_ablation\gte-base\full_raw\laplace\fold_metrics.csv
gte-base,Embeddings + XYZ + depth: native,MC dropout,classification_head,11.0,0.625,0.480853180552494,0.6638475110270952,0.6683160340391107,0.6175784469770611,0.5317634179091255,0.5476813166972834,0.4669768463865918,1.4604835111927557,1.2452715903642448,0.2799390535095409,0.1438331360240345,C:\Users\p06596\Documents\check\CNR-BOVINO\progetti_BOVINO\geological-transformer\src\results_uq\unified_feature_representation_study\stage4_all_embeddings_ablation\gte-base\full_raw\mc_dropout\fold_metrics.csv
gte-base,Embeddings + XYZ + depth: native,Subsample Ensemble,classification_head,11.0,0.6228260869565218,0.4750686169186555,0.6732117979590707,0.6735150225210357,0.6211386208999539,0.547636979740627,0.5544170378875614,0.5315993085300729,1.4699241350333039,1.4094275615206544,0.2729870681610735,0.1488145978878373,C:\Users\p06596\Documents\check\CNR-BOVINO\progetti_BOVINO\geological-transformer\src\results_uq\unified_feature_representation_study\stage4_all_embeddings_ablation\gte-base\full_raw\subsample_ensemble\fold_metrics.csv
gte-base,Embeddings + XYZ + depth: native,TabICLv2: encoder input,encoder_input,,0.6364130434782609,0.5232743403273441,0.5742999416644647,0.575217737066297,0.5431893581686982,0.4247623481545476,0.4276415978011015,0.409330294625882,1.1761742002302344,1.1258112737094512,0.2915244309926603,0.1848215856584123,C:\Users\p06596\Documents\check\CNR-BOVINO\progetti_BOVINO\geological-transformer\src\results_uq\unified_feature_representation_study\stage4_all_embeddings_ablation\gte-base\full_raw\tabicl\summary.csv
gte-base,Embeddings + XYZ + depth: native,TabICLv2: hidden,hidden,,0.6201086956521739,0.505753451609829,0.6747074511102,0.6842340190506282,0.6541233940059606,0.5225613317504029,0.5383780440104861,0.5088877322488115,1.4171897009718086,1.3395614125004478,0.2403157114181907,0.2480124932094413,C:\Users\p06596\Documents\check\CNR-BOVINO\progetti_BOVINO\geological-transformer\src\results_uq\unified_feature_representation_study\stage4_all_embeddings_ablation\gte-base\full_raw\tabicl\summary.csv
gte-base,Embeddings + XYZ + depth: native,TabICLv2: model input,model_input,,0.4744565217391304,0.2778444756693397,0.553390168812508,0.53254772912765,0.5747431564657761,0.5775647997226867,0.5348923182469439,0.5854238141714063,1.017788899249614,1.1139398325495216,0.4719167252662438,0.1654992281252784,C:\Users\p06596\Documents\check\CNR-BOVINO\progetti_BOVINO\geological-transformer\src\results_uq\unified_feature_representation_study\stage4_all_embeddings_ablation\gte-base\full_raw\tabicl\summary.csv
gte-large,Embeddings + XYZ + depth: native,Deep Ensemble,classification_head,11.0,0.628804347826087,0.4874070414368806,0.6503022533917299,0.6769413914984992,0.5742878971072319,0.5160480683566837,0.5484498303245281,0.4309987619873013,1.4775222368918473,1.161109402718352,0.2727859550727178,0.1697346289520678,C:\Users\p06596\Documents\check\CNR-BOVINO\progetti_BOVINO\geological-transformer\src\results_uq\unified_feature_representation_study\stage4_all_embeddings_ablation\gte-large\full_raw\deep_ensemble\fold_metrics.csv
gte-large,Embeddings + XYZ + depth: native,LLLA,classification_head,11.0,0.6217391304347826,0.4739199793340463,0.6779511795675588,0.6782890354813422,0.6423664443439178,0.6031218162389579,0.5716378923339689,0.5405983596539974,1.511226611917389,1.4291680772461999,0.2733199856060929,0.1341640340245287,C:\Users\p06596\Documents\check\CNR-BOVINO\progetti_BOVINO\geological-transformer\src\results_uq\unified_feature_representation_study\stage4_all_embeddings_ablation\gte-large\full_raw\laplace\fold_metrics.csv
gte-large,Embeddings + XYZ + depth: native,MC dropout,classification_head,11.0,0.6206521739130435,0.4729555863726324,0.6342815851143372,0.6658850531412708,0.6115555011602133,0.5154255929059116,0.559931756996057,0.4737949788653584,1.4760378694451934,1.2489724371235809,0.2880279109100184,0.1517003234961758,C:\Users\p06596\Documents\check\CNR-BOVINO\progetti_BOVINO\geological-transformer\src\results_uq\unified_feature_representation_study\stage4_all_embeddings_ablation\gte-large\full_raw\mc_dropout\fold_metrics.csv
gte-large,Embeddings + XYZ + depth: native,Subsample Ensemble,classification_head,11.0,0.616304347826087,0.4650781979336966,0.6686857672457296,0.6795509895196162,0.6156489707681161,0.5839090018442373,0.5905093411864325,0.527784936008117,1.539004515273422,1.3755301448370192,0.2787219998656307,0.1443626058490379,C:\Users\p06596\Documents\check\CNR-BOVINO\progetti_BOVINO\geological-transformer\src\results_uq\unified_feature_representation_study\stage4_all_embeddings_ablation\gte-large\full_raw\subsample_ensemble\fold_metrics.csv
gte-large,Embeddings + XYZ + depth: native,TabICLv2: encoder input,encoder_input,,0.6489130434782608,0.54111613200864,0.6269297986319627,0.6279773480405122,0.5851237612209654,0.48023883883216,0.471256143680938,0.4115479699926962,1.3422775609488016,1.1722109362021067,0.2592165592370095,0.1640671026809693,C:\Users\p06596\Documents\check\CNR-BOVINO\progetti_BOVINO\geological-transformer\src\results_uq\unified_feature_representation_study\stage4_all_embeddings_ablation\gte-large\full_raw\tabicl\summary.csv
gte-large,Embeddings + XYZ + depth: native,TabICLv2: hidden,hidden,,0.6407608695652174,0.5348484999147134,0.6636345322005495,0.6785603841302472,0.6299410126020282,0.4763101592177362,0.4953077347142313,0.4285386261531607,1.378768883319494,1.1929063118333065,0.2299022145133638,0.2250672141808333,C:\Users\p06596\Documents\check\CNR-BOVINO\progetti_BOVINO\geological-transformer\src\results_uq\unified_feature_representation_study\stage4_all_embeddings_ablation\gte-large\full_raw\tabicl\summary.csv
gte-large,Embeddings + XYZ + depth: native,TabICLv2: model input,model_input,,0.4771739130434783,0.2834769148315195,0.6051269422567829,0.5943601740868256,0.6285796485113113,0.5869522317485267,0.5775685459354408,0.6156712009723211,1.10470491114471,1.1775831702589092,0.4192158644013875,0.143227026709665,C:\Users\p06596\Documents\check\CNR-BOVINO\progetti_BOVINO\geological-transformer\src\results_uq\unified_feature_representation_study\stage4_all_embeddings_ablation\gte-large\full_raw\tabicl\summary.csv
gte-modernbert,Embeddings + XYZ + depth: native,Deep Ensemble,classification_head,11.0,0.5173913043478261,0.3421550167379649,0.5868193561208267,0.6145731232564825,0.588875138234104,0.5619698004489295,0.5943100434377978,0.557003039078566,1.231453243159401,1.1541504413339656,0.3866901241257268,0.3090595492040333,C:\Users\p06596\Documents\check\CNR-BOVINO\progetti_BOVINO\geological-transformer\src\results_uq\unified_feature_representation_study\stage4_all_embeddings_ablation\gte-modernbert\full_raw\deep_ensemble\fold_metrics.csv
gte-modernbert,Embeddings + XYZ + depth: native,LLLA,classification_head,11.0,0.4940217391304348,0.3213400409789151,0.5799411305255122,0.5834170846595502,0.5658690861627257,0.5715186210607685,0.5761663408519752,0.5716783031199294,1.1387175802015406,1.1298475593347692,0.4190449740022236,0.1939906029192649,C:\Users\p06596\Documents\check\CNR-BOVINO\progetti_BOVINO\geological-transformer\src\results_uq\unified_feature_representation_study\stage4_all_embeddings_ablation\gte-modernbert\full_raw\laplace\fold_metrics.csv
gte-modernbert,Embeddings + XYZ + depth: native,MC dropout,classification_head,11.0,0.5048913043478261,0.3330915177892077,0.583771013057724,0.5948898102047108,0.6040219291159107,0.5540997712923199,0.5675464265990338,0.5775166810249978,1.1463067233174777,1.1664442295126192,0.4021765149600645,0.3150319531236006,C:\Users\p06596\Documents\check\CNR-BOVINO\progetti_BOVINO\geological-transformer\src\results_uq\unified_feature_representation_study\stage4_all_embeddings_ablation\gte-modernbert\full_raw\mc_dropout\fold_metrics.csv
gte-modernbert,Embeddings + XYZ + depth: native,Subsample Ensemble,classification_head,11.0,0.4989130434782609,0.3238555347767701,0.6134220861157189,0.6257455296253742,0.594300238856758,0.6025290457758865,0.6182405941277083,0.5902677065610853,1.233799016480459,1.1779745987770034,0.4019521333693121,0.2829922953377599,C:\Users\p06596\Documents\check\CNR-BOVINO\progetti_BOVINO\geological-transformer\src\results_uq\unified_feature_representation_study\stage4_all_embeddings_ablation\gte-modernbert\full_raw\subsample_ensemble\fold_metrics.csv
gte-modernbert,Embeddings + XYZ + depth: native,TabICLv2: encoder input,encoder_input,,0.4668478260869565,0.3072828859682417,0.6469936951081017,0.653589326422042,0.6105598929129598,0.641761006202819,0.6542827242610043,0.6049066249487598,1.2271969547810886,1.1345853108111295,0.406028498724532,0.388000894816507,C:\Users\p06596\Documents\check\CNR-BOVINO\progetti_BOVINO\geological-transformer\src\results_uq\unified_feature_representation_study\stage4_all_embeddings_ablation\gte-modernbert\full_raw\tabicl\summary.csv
gte-modernbert,Embeddings + XYZ + depth: native,TabICLv2: hidden,hidden,,0.4717391304347826,0.3113114839949847,0.6321056399461418,0.634393193756993,0.6207176518556448,0.642287761426521,0.6512997990269701,0.6205987912356422,1.2329131998041412,1.1747960657135614,0.4304172619129603,0.4353361630581854,C:\Users\p06596\Documents\check\CNR-BOVINO\progetti_BOVINO\geological-transformer\src\results_uq\unified_feature_representation_study\stage4_all_embeddings_ablation\gte-modernbert\full_raw\tabicl\summary.csv
gte-modernbert,Embeddings + XYZ + depth: native,TabICLv2: model input,model_input,,0.5,0.312044983674886,0.6149102079395086,0.5769860586011342,0.5539567580340264,0.6002198519598299,0.5784543673120183,0.5578568395844817,1.1569087346240365,1.1157136791689635,0.4209359902080439,0.1425238448929275,C:\Users\p06596\Documents\check\CNR-BOVINO\progetti_BOVINO\geological-transformer\src\results_uq\unified_feature_representation_study\stage4_all_embeddings_ablation\gte-modernbert\full_raw\tabicl\summary.csv
labse,Embeddings + XYZ + depth: native,Deep Ensemble,classification_head,11.0,0.5451086956521739,0.3813990284504336,0.6623129417005853,0.6589139521897004,0.6550470827689082,0.5836672970062861,0.5996562284421235,0.5873748739852808,1.318240693349471,1.291242255833831,0.3280937277086966,0.2604592397161152,C:\Users\p06596\Documents\check\CNR-BOVINO\progetti_BOVINO\geological-transformer\src\results_uq\unified_feature_representation_study\stage4_all_embeddings_ablation\labse\full_raw\deep_ensemble\fold_metrics.csv
labse,Embeddings + XYZ + depth: native,LLLA,classification_head,11.0,0.5532608695652174,0.3880172650678283,0.6682046759305733,0.6436163082117518,0.6132348625563291,0.5849411344159188,0.5622901138342591,0.5222381852604608,1.2586542694100202,1.1690003173713477,0.3248040002723563,0.1930664554724226,C:\Users\p06596\Documents\check\CNR-BOVINO\progetti_BOVINO\geological-transformer\src\results_uq\unified_feature_representation_study\stage4_all_embeddings_ablation\labse\full_raw\laplace\fold_metrics.csv
labse,Embeddings + XYZ + depth: native,MC dropout,classification_head,11.0,0.5467391304347826,0.3851521420197076,0.648094645555921,0.6448500351796514,0.6190831597159226,0.584685700606826,0.5904701687888843,0.5595122769055236,1.302715959917922,1.2344155749474381,0.3381593024600853,0.2083027453040299,C:\Users\p06596\Documents\check\CNR-BOVINO\progetti_BOVINO\geological-transformer\src\results_uq\unified_feature_representation_study\stage4_all_embeddings_ablation\labse\full_raw\mc_dropout\fold_metrics.csv
labse,Embeddings + XYZ + depth: native,Subsample Ensemble,classification_head,11.0,0.5423913043478261,0.3734983207079891,0.6685342180798651,0.6660278890755,0.67211307490872,0.6120458743048174,0.6184755305538705,0.6307353564893147,1.3515379765072706,1.3783290450597852,0.3257239498418584,0.2150361438322326,C:\Users\p06596\Documents\check\CNR-BOVINO\progetti_BOVINO\geological-transformer\src\results_uq\unified_feature_representation_study\stage4_all_embeddings_ablation\labse\full_raw\subsample_ensemble\fold_metrics.csv
labse,Embeddings + XYZ + depth: native,TabICLv2: encoder input,encoder_input,,0.6021739130434782,0.4791375419830501,0.624056785228147,0.6276422343216744,0.6009683671657691,0.513635230525038,0.5040183140346162,0.4612501410995776,1.2669312811799094,1.1594265841847304,0.2881467147627288,0.2114999373243899,C:\Users\p06596\Documents\check\CNR-BOVINO\progetti_BOVINO\geological-transformer\src\results_uq\unified_feature_representation_study\stage4_all_embeddings_ablation\labse\full_raw\tabicl\summary.csv
labse,Embeddings + XYZ + depth: native,TabICLv2: hidden,hidden,,0.55,0.418431009683655,0.6077170571499494,0.6148691546848447,0.6002331920337591,0.5218256136856784,0.5322898311286306,0.5038306729393074,1.182866291396957,1.1196237176429054,0.3440301728794608,0.3272913935708044,C:\Users\p06596\Documents\check\CNR-BOVINO\progetti_BOVINO\geological-transformer\src\results_uq\unified_feature_representation_study\stage4_all_embeddings_ablation\labse\full_raw\tabicl\summary.csv
labse,Embeddings + XYZ + depth: native,TabICLv2: model input,model_input,,0.5130434782608696,0.336072046878958,0.5523288532838984,0.5292306673728814,0.5187745914043583,0.5293308277738996,0.5044331771683581,0.4999197611111279,1.0358895602564497,1.0266209379960662,0.4455246889989934,0.122309333604226,C:\Users\p06596\Documents\check\CNR-BOVINO\progetti_BOVINO\geological-transformer\src\results_uq\unified_feature_representation_study\stage4_all_embeddings_ablation\labse\full_raw\tabicl\summary.csv
minilm-en,Embeddings + XYZ + depth: native,Deep Ensemble,classification_head,11.0,0.6233695652173913,0.4816064798441462,0.6979912463783431,0.6931892836998641,0.6427587648546753,0.5701767373606477,0.5767377160194437,0.5113402533666017,1.5313093758669212,1.3576710911898227,0.2529635420901598,0.1877614364999791,C:\Users\p06596\Documents\check\CNR-BOVINO\progetti_BOVINO\geological-transformer\src\results_uq\unified_feature_representation_study\stage3_minilm_ablation\full_raw384\deep_ensemble\fold_metrics.csv
minilm-en,Embeddings + XYZ + depth: native,LLLA,classification_head,11.0,0.6456521739130435,0.5008601662916721,0.6782936729255747,0.6659853555360054,0.599421014913089,0.5117036069021783,0.5044768634339595,0.4432042853633112,1.4236770379117876,1.250760559921001,0.2416735693289653,0.1318194637803927,C:\Users\p06596\Documents\check\CNR-BOVINO\progetti_BOVINO\geological-transformer\src\results_uq\unified_feature_representation_study\stage3_minilm_ablation\full_raw384\laplace\fold_metrics.csv
minilm-en,Embeddings + XYZ + depth: native,MC dropout,classification_head,11.0,0.6429347826086956,0.4987012833055443,0.6710064318072749,0.6707273699211882,0.6363457570044885,0.4978151066983002,0.5294161469816784,0.4850316741298769,1.4826875349258573,1.3583839884307054,0.2573906129756995,0.1376354193233925,C:\Users\p06596\Documents\check\CNR-BOVINO\progetti_BOVINO\geological-transformer\src\results_uq\unified_feature_representation_study\stage3_minilm_ablation\full_raw384\mc_dropout\fold_metrics.csv
minilm-en,Embeddings + XYZ + depth: native,Subsample Ensemble,classification_head,11.0,0.6369565217391304,0.4912644174585993,0.6883877296601337,0.6939088477429931,0.6675102262192877,0.5535227608413248,0.5754909785320268,0.5513929001258997,1.5851847312858223,1.5188067907659513,0.2392764097411678,0.147852803086457,C:\Users\p06596\Documents\check\CNR-BOVINO\progetti_BOVINO\geological-transformer\src\results_uq\unified_feature_representation_study\stage3_minilm_ablation\full_raw384\subsample_ensemble\fold_metrics.csv
minilm-en,Embeddings + XYZ + depth: native,TabICLv2: encoder input,encoder_input,,0.6467391304347826,0.5372390972602699,0.603371687136393,0.5953910795087265,0.55240465416936,0.45857093727929177,0.4398866501305485,0.4032409730062166,1.2452175942157064,1.1414821389714438,0.2858895222429646,0.1764004588827387,C:\Users\p06596\Documents\check\CNR-BOVINO\progetti_BOVINO\geological-transformer\src\results_uq\unified_feature_representation_study\stage3_minilm_ablation\full_raw384\tabicl\summary.csv
minilm-en,Embeddings + XYZ + depth: native,TabICLv2: hidden,hidden,,0.6239130434782608,0.5106830561403266,0.646492517774063,0.6500574006565829,0.649930263237397,0.4761665892931611,0.4702664910310296,0.4779080303841676,1.250419571527593,1.2707381154723532,0.2613208680921214,0.2615111987158246,C:\Users\p06596\Documents\check\CNR-BOVINO\progetti_BOVINO\geological-transformer\src\results_uq\unified_feature_representation_study\stage3_minilm_ablation\full_raw384\tabicl\summary.csv
minilm-en,Embeddings + XYZ + depth: native,TabICLv2: model input,model_input,,0.5228260869565218,0.3549724005070721,0.5857635715266695,0.5736932832604814,0.5499055214317173,0.5431844965503373,0.5207727578898264,0.4956736206473958,1.091368877582324,1.0387693188965925,0.3998417888405538,0.1558617405399047,C:\Users\p06596\Documents\check\CNR-BOVINO\progetti_BOVINO\geological-transformer\src\results_uq\unified_feature_representation_study\stage3_minilm_ablation\full_raw384\tabicl\summary.csv
mpnet,Embeddings + XYZ + depth: native,Deep Ensemble,classification_head,11.0,0.5826086956521739,0.4242776489779443,0.6797190803793532,0.6879123023631503,0.6661877114820666,0.5772836765746778,0.6000874139996161,0.581838883958978,1.43770942937408,1.3939889928183846,0.2928803442161936,0.2080801780942989,C:\Users\p06596\Documents\check\CNR-BOVINO\progetti_BOVINO\geological-transformer\src\results_uq\unified_feature_representation_study\stage4_all_embeddings_ablation\mpnet\full_raw\deep_ensemble\fold_metrics.csv
mpnet,Embeddings + XYZ + depth: native,LLLA,classification_head,11.0,0.5956521739130435,0.4408766004496833,0.7068236892708579,0.6945015349080004,0.6550447709336643,0.6235012570707517,0.5957538491823011,0.5544971391066641,1.4733697345368737,1.3713370106939005,0.2709653249782901,0.1284003926522057,C:\Users\p06596\Documents\check\CNR-BOVINO\progetti_BOVINO\geological-transformer\src\results_uq\unified_feature_representation_study\stage4_all_embeddings_ablation\mpnet\full_raw\laplace\fold_metrics.csv
mpnet,Embeddings + XYZ + depth: native,MC dropout,classification_head,11.0,0.5945652173913043,0.4401382066430375,0.6803696497100931,0.682283331722011,0.641038405715034,0.578220085316301,0.5805877562491633,0.5364283760380307,1.432012696378633,1.3230941178417914,0.286321038177498,0.1621864587068557,C:\Users\p06596\Documents\check\CNR-BOVINO\progetti_BOVINO\geological-transformer\src\results_uq\unified_feature_representation_study\stage4_all_embeddings_ablation\mpnet\full_raw\mc_dropout\fold_metrics.csv
mpnet,Embeddings + XYZ + depth: native,Subsample Ensemble,classification_head,11.0,0.5706521739130435,0.4088521790271315,0.6707016274864377,0.6704739536764062,0.645665226270673,0.5876748881706666,0.6035384812184582,0.5919380021849038,1.4057098803062824,1.3786910430635733,0.3055958942157374,0.1957421429131341,C:\Users\p06596\Documents\check\CNR-BOVINO\progetti_BOVINO\geological-transformer\src\results_uq\unified_feature_representation_study\stage4_all_embeddings_ablation\mpnet\full_raw\subsample_ensemble\fold_metrics.csv
mpnet,Embeddings + XYZ + depth: native,TabICLv2: encoder input,encoder_input,,0.6277173913043478,0.5147214133604079,0.5931380541599519,0.5964078743640787,0.5324460454387461,0.44442588824225177,0.4474791580086074,0.3938724379718008,1.2019878112931934,1.0579931180556401,0.2849144964273271,0.1964182712051911,C:\Users\p06596\Documents\check\CNR-BOVINO\progetti_BOVINO\geological-transformer\src\results_uq\unified_feature_representation_study\stage4_all_embeddings_ablation\mpnet\full_raw\tabicl\summary.csv
mpnet,Embeddings + XYZ + depth: native,TabICLv2: hidden,hidden,,0.5902173913043478,0.4701899756320077,0.6384060944453401,0.64446829921206,0.6389593133734875,0.5198568440532216,0.5183996633943041,0.5052448827098615,1.2650601865325193,1.2329583344643833,0.2884567217890136,0.2790153261810012,C:\Users\p06596\Documents\check\CNR-BOVINO\progetti_BOVINO\geological-transformer\src\results_uq\unified_feature_representation_study\stage4_all_embeddings_ablation\mpnet\full_raw\tabicl\summary.csv
mpnet,Embeddings + XYZ + depth: native,TabICLv2: model input,model_input,,0.5103260869565217,0.3262768448507221,0.572738372580933,0.5377187103667798,0.5031883872965668,0.5800749028603952,0.5356974419060972,0.4942088224898088,1.0939881166561807,1.0092610803343487,0.4611813045534325,0.126862579243671,C:\Users\p06596\Documents\check\CNR-BOVINO\progetti_BOVINO\geological-transformer\src\results_uq\unified_feature_representation_study\stage4_all_embeddings_ablation\mpnet\full_raw\tabicl\summary.csv
bge-base,Embeddings + depth: PCA 16,Deep Ensemble,classification_head,11.0,0.4989130434782609,0.3428331475069331,0.5953962447837655,0.6042789859131111,0.6251303715698534,0.5776498653872553,0.5996565246607153,0.6194887916334195,1.1967115025766988,1.2362899963183211,0.4276531367370474,0.22777445598141,C:\Users\p06596\Documents\check\CNR-BOVINO\progetti_BOVINO\geological-transformer\src\results_uq\unified_feature_representation_study\stage4_all_embeddings_ablation\bge-base\embeddings_depth_pca016\deep_ensemble\fold_metrics.csv
bge-base,Embeddings + depth: PCA 16,LLLA,classification_head,11.0,0.4913043478260869,0.3332622301894748,0.6627642576204523,0.6563135560310205,0.5941868187605936,0.6883142521430721,0.6486193282647663,0.6049196140892038,1.275063636759797,1.1891582157309133,0.3985667992335089,0.1798274829335834,C:\Users\p06596\Documents\check\CNR-BOVINO\progetti_BOVINO\geological-transformer\src\results_uq\unified_feature_representation_study\stage4_all_embeddings_ablation\bge-base\embeddings_depth_pca016\laplace\fold_metrics.csv
bge-base,Embeddings + depth: PCA 16,MC dropout,classification_head,11.0,0.4923913043478261,0.3335365846083127,0.559592013273395,0.5750327578196212,0.497340430913177,0.5517394692627835,0.5709099807697469,0.5218751856451597,1.1247048871695227,1.028105290778473,0.4504480588994238,0.2026321672551009,C:\Users\p06596\Documents\check\CNR-BOVINO\progetti_BOVINO\geological-transformer\src\results_uq\unified_feature_representation_study\stage4_all_embeddings_ablation\bge-base\embeddings_depth_pca016\mc_dropout\fold_metrics.csv
bge-base,Embeddings + depth: PCA 16,Subsample Ensemble,classification_head,11.0,0.5108695652173914,0.3509136784845474,0.620362293144208,0.6230139876848817,0.5827104380482835,0.5837205676925461,0.5906426000016669,0.5877913640940999,1.2075359822256302,1.2017067888146045,0.412587097096199,0.2081935827012942,C:\Users\p06596\Documents\check\CNR-BOVINO\progetti_BOVINO\geological-transformer\src\results_uq\unified_feature_representation_study\stage4_all_embeddings_ablation\bge-base\embeddings_depth_pca016\subsample_ensemble\fold_metrics.csv
bge-base,Embeddings + depth: PCA 16,TabICLv2: encoder input,encoder_input,,0.4614130434782608,0.2871261736318315,0.528030840580537,0.5119687315402819,0.5008664553418932,0.5847603903841647,0.573930134032214,0.5446260678666313,1.0656220450244942,1.011212880801818,0.5350838825589209,0.2695655585369371,C:\Users\p06596\Documents\check\CNR-BOVINO\progetti_BOVINO\geological-transformer\src\results_uq\unified_feature_representation_study\stage4_all_embeddings_ablation\bge-base\embeddings_depth_pca016\tabicl\summary.csv
bge-base,Embeddings + depth: PCA 16,TabICLv2: hidden,hidden,,0.4418478260869565,0.2800802179783361,0.5187058881299622,0.5175752828609104,0.5194927606530203,0.5782143386465021,0.5704263181962175,0.5772350664634891,1.0219906771967284,1.0341894082695422,0.5462925108791915,0.3257264641605922,C:\Users\p06596\Documents\check\CNR-BOVINO\progetti_BOVINO\geological-transformer\src\results_uq\unified_feature_representation_study\stage4_all_embeddings_ablation\bge-base\embeddings_depth_pca016\tabicl\summary.csv
bge-base,Embeddings + depth: PCA 16,TabICLv2: model input,model_input,,0.4625,0.287022330114585,0.5561856092695324,0.5385081965070535,0.570600340526045,0.5905611435395458,0.5721833667569793,0.5978993854211498,1.0645271939664733,1.112370949620744,0.4910154136397917,0.2777310078797639,C:\Users\p06596\Documents\check\CNR-BOVINO\progetti_BOVINO\geological-transformer\src\results_uq\unified_feature_representation_study\stage4_all_embeddings_ablation\bge-base\embeddings_depth_pca016\tabicl\summary.csv
bge-large,Embeddings + depth: PCA 16,Deep Ensemble,classification_head,11.0,0.5,0.3413485429922799,0.614812145557656,0.642085111287183,0.6157588833938522,0.5813820702009762,0.6259393109592644,0.5993804120056891,1.2518786219185287,1.1987608240113783,0.4021800727947637,0.2346423684254936,C:\Users\p06596\Documents\check\CNR-BOVINO\progetti_BOVINO\geological-transformer\src\results_uq\unified_feature_representation_study\stage4_all_embeddings_ablation\bge-large\embeddings_depth_pca016\deep_ensemble\fold_metrics.csv
bge-large,Embeddings + depth: PCA 16,LLLA,classification_head,11.0,0.4847826086956521,0.3230219812636716,0.7105033490378612,0.7034782916919008,0.6112670689809676,0.7337816025592523,0.6795783009308107,0.6202574275085605,1.319012735983852,1.203875175755012,0.3719645252825352,0.1816022000720966,C:\Users\p06596\Documents\check\CNR-BOVINO\progetti_BOVINO\geological-transformer\src\results_uq\unified_feature_representation_study\stage4_all_embeddings_ablation\bge-large\embeddings_depth_pca016\laplace\fold_metrics.csv
bge-large,Embeddings + depth: PCA 16,MC dropout,classification_head,11.0,0.4869565217391304,0.3255851585756432,0.6150227470490315,0.6303188064577809,0.5670776197010393,0.5946906986931136,0.6313161544451606,0.5780387429697375,1.2305314874778555,1.1266856854494882,0.4214007637984268,0.2066531628208316,C:\Users\p06596\Documents\check\CNR-BOVINO\progetti_BOVINO\geological-transformer\src\results_uq\unified_feature_representation_study\stage4_all_embeddings_ablation\bge-large\embeddings_depth_pca016\mc_dropout\fold_metrics.csv
bge-large,Embeddings + depth: PCA 16,Subsample Ensemble,classification_head,11.0,0.5048913043478261,0.3419539918723489,0.6471472340807662,0.6559694773096723,0.6013981250692979,0.6241640812917144,0.6300550089294918,0.5894643230670078,1.2725589642483701,1.1905755811671728,0.3906531131527622,0.219971937848174,C:\Users\p06596\Documents\check\CNR-BOVINO\progetti_BOVINO\geological-transformer\src\results_uq\unified_feature_representation_study\stage4_all_embeddings_ablation\bge-large\embeddings_depth_pca016\subsample_ensemble\fold_metrics.csv
bge-large,Embeddings + depth: PCA 16,TabICLv2: encoder input,encoder_input,,0.453804347826087,0.2759093813825855,0.532391336729526,0.5182226591592933,0.5148467244615247,0.585345422755277,0.5736074680223762,0.5600347403899388,1.0501868071255442,1.0253372361368034,0.5473787479909206,0.2928326802118137,C:\Users\p06596\Documents\check\CNR-BOVINO\progetti_BOVINO\geological-transformer\src\results_uq\unified_feature_representation_study\stage4_all_embeddings_ablation\bge-large\embeddings_depth_pca016\tabicl\summary.csv
bge-large,Embeddings + depth: PCA 16,TabICLv2: hidden,hidden,,0.4527173913043478,0.2829625432988257,0.5104329715997621,0.5162780107077588,0.5087961699078838,0.5608663971550725,0.5600241477276804,0.5664225306901793,1.0232814615878172,1.0349726479343893,0.5432614396990805,0.3149465449270812,C:\Users\p06596\Documents\check\CNR-BOVINO\progetti_BOVINO\geological-transformer\src\results_uq\unified_feature_representation_study\stage4_all_embeddings_ablation\bge-large\embeddings_depth_pca016\tabicl\summary.csv
bge-large,Embeddings + depth: PCA 16,TabICLv2: model input,model_input,,0.4548913043478261,0.275471958850551,0.6027050270931531,0.5886516079003135,0.5748066433912122,0.6302679434365992,0.6159798228075317,0.6374178134613695,1.1300128354594798,1.1693407545054038,0.471725693990575,0.2928555465370878,C:\Users\p06596\Documents\check\CNR-BOVINO\progetti_BOVINO\geological-transformer\src\results_uq\unified_feature_representation_study\stage4_all_embeddings_ablation\bge-large\embeddings_depth_pca016\tabicl\summary.csv
bge-m3,Embeddings + depth: PCA 16,Deep Ensemble,classification_head,11.0,0.5320652173913043,0.3837429467744191,0.6349850934668693,0.665930601458284,0.6385403458124814,0.5845376286260324,0.6296919567099515,0.5916874498034836,1.3456831595195244,1.2644656302420556,0.3557815973516603,0.2222861890397641,C:\Users\p06596\Documents\check\CNR-BOVINO\progetti_BOVINO\geological-transformer\src\results_uq\unified_feature_representation_study\stage4_all_embeddings_ablation\bge-m3\embeddings_depth_pca016\deep_ensemble\fold_metrics.csv
bge-m3,Embeddings + depth: PCA 16,LLLA,classification_head,11.0,0.5217391304347826,0.372468752139189,0.7042601799242425,0.6948150097606943,0.5893769290490124,0.6983426357890592,0.6418658390596956,0.5692719064968156,1.342083118033909,1.1902958044933416,0.3392057699031712,0.1728303306614574,C:\Users\p06596\Documents\check\CNR-BOVINO\progetti_BOVINO\geological-transformer\src\results_uq\unified_feature_representation_study\stage4_all_embeddings_ablation\bge-m3\embeddings_depth_pca016\laplace\fold_metrics.csv
bge-m3,Embeddings + depth: PCA 16,MC dropout,classification_head,11.0,0.5206521739130435,0.3705634235148086,0.614949180785745,0.6388790788725216,0.5611799876643437,0.5687483897175043,0.6090393777111951,0.5436608574955509,1.2705583389893413,1.1341677752741652,0.3867368815009556,0.20121354771697,C:\Users\p06596\Documents\check\CNR-BOVINO\progetti_BOVINO\geological-transformer\src\results_uq\unified_feature_representation_study\stage4_all_embeddings_ablation\bge-m3\embeddings_depth_pca016\mc_dropout\fold_metrics.csv
bge-m3,Embeddings + depth: PCA 16,Subsample Ensemble,classification_head,11.0,0.5396739130434782,0.3865517796634153,0.6593997415200381,0.6637502179540042,0.6184421124160318,0.6002885754777486,0.6048106823445012,0.5696325050730225,1.3138744457070628,1.237454320347534,0.353152876766083,0.196959652217186,C:\Users\p06596\Documents\check\CNR-BOVINO\progetti_BOVINO\geological-transformer\src\results_uq\unified_feature_representation_study\stage4_all_embeddings_ablation\bge-m3\embeddings_depth_pca016\subsample_ensemble\fold_metrics.csv
bge-m3,Embeddings + depth: PCA 16,TabICLv2: encoder input,encoder_input,,0.4929347826086956,0.3282041027322722,0.521940817578179,0.5051475306387971,0.4890975395607109,0.5461956003806906,0.52421267627909,0.5128296895418294,1.0338170679030283,1.0113683052057514,0.5196144408822773,0.2545567585626141,C:\Users\p06596\Documents\check\CNR-BOVINO\progetti_BOVINO\geological-transformer\src\results_uq\unified_feature_representation_study\stage4_all_embeddings_ablation\bge-m3\embeddings_depth_pca016\tabicl\summary.csv
bge-m3,Embeddings + depth: PCA 16,TabICLv2: hidden,hidden,,0.4994565217391304,0.3486420240896059,0.5456894443400808,0.5500207349016244,0.5284540742604846,0.5476330582909114,0.5481889596461766,0.5248147042112794,1.0951874980987677,1.048489745655542,0.4657434771931774,0.262191887844788,C:\Users\p06596\Documents\check\CNR-BOVINO\progetti_BOVINO\geological-transformer\src\results_uq\unified_feature_representation_study\stage4_all_embeddings_ablation\bge-m3\embeddings_depth_pca016\tabicl\summary.csv
bge-m3,Embeddings + depth: PCA 16,TabICLv2: model input,model_input,,0.5059782608695652,0.3470513349539674,0.5076393246198948,0.4968296507416584,0.5544052256997988,0.5135940544984752,0.4990767069967515,0.5552027045065274,1.0102322781892439,1.1238426581870302,0.4986209873161177,0.2583226120755825,C:\Users\p06596\Documents\check\CNR-BOVINO\progetti_BOVINO\geological-transformer\src\results_uq\unified_feature_representation_study\stage4_all_embeddings_ablation\bge-m3\embeddings_depth_pca016\tabicl\summary.csv
distilroberta,Embeddings + depth: PCA 16,Deep Ensemble,classification_head,11.0,0.475,0.3164785142726793,0.5834719122949149,0.6053225154039753,0.6042595361751535,0.5902253837133302,0.6212876132476974,0.6235844967318128,1.1834049776146618,1.1877799937748814,0.4431683520207293,0.2616440634040728,C:\Users\p06596\Documents\check\CNR-BOVINO\progetti_BOVINO\geological-transformer\src\results_uq\unified_feature_representation_study\stage4_all_embeddings_ablation\distilroberta\embeddings_depth_pca016\deep_ensemble\fold_metrics.csv
distilroberta,Embeddings + depth: PCA 16,LLLA,classification_head,11.0,0.4668478260869565,0.3071429915240105,0.6638186070852601,0.662548283201215,0.5991824635251671,0.7038254300579619,0.6630261651682563,0.6194692781290964,1.2435964769720607,1.1618995634633407,0.4070915612442749,0.2138486106839516,C:\Users\p06596\Documents\check\CNR-BOVINO\progetti_BOVINO\geological-transformer\src\results_uq\unified_feature_representation_study\stage4_all_embeddings_ablation\distilroberta\embeddings_depth_pca016\laplace\fold_metrics.csv
distilroberta,Embeddings + depth: PCA 16,MC dropout,classification_head,11.0,0.4630434782608695,0.3025905843524397,0.577378661306571,0.604274555363529,0.5365480522077504,0.6026913091217783,0.6348892671962566,0.5789558375786116,1.1823848700820971,1.0782173493366853,0.4597968974900422,0.2347125454117422,C:\Users\p06596\Documents\check\CNR-BOVINO\progetti_BOVINO\geological-transformer\src\results_uq\unified_feature_representation_study\stage4_all_embeddings_ablation\distilroberta\embeddings_depth_pca016\mc_dropout\fold_metrics.csv
distilroberta,Embeddings + depth: PCA 16,Subsample Ensemble,classification_head,11.0,0.4929347826086956,0.3301783787375484,0.5919672051721102,0.5996893986570333,0.57734604233155,0.5858476726645017,0.5948633407517546,0.5896710339852578,1.1731495680420454,1.162909649017014,0.4350094192165267,0.2419328854621751,C:\Users\p06596\Documents\check\CNR-BOVINO\progetti_BOVINO\geological-transformer\src\results_uq\unified_feature_representation_study\stage4_all_embeddings_ablation\distilroberta\embeddings_depth_pca016\subsample_ensemble\fold_metrics.csv
distilroberta,Embeddings + depth: PCA 16,TabICLv2: encoder input,encoder_input,,0.458695652173913,0.2775136857824766,0.5112612773368355,0.4966614086678467,0.478435662079598,0.5624938681538658,0.5376270175254914,0.5275759043405779,0.993206538400506,0.9746382168540795,0.5526599436960169,0.2821378643550807,C:\Users\p06596\Documents\check\CNR-BOVINO\progetti_BOVINO\geological-transformer\src\results_uq\unified_feature_representation_study\stage4_all_embeddings_ablation\distilroberta\embeddings_depth_pca016\tabicl\summary.csv
distilroberta,Embeddings + depth: PCA 16,TabICLv2: hidden,hidden,,0.4375,0.2691788738815488,0.5246076754583371,0.5235886818495514,0.5162600894169892,0.5854011249104685,0.5814150680717454,0.5955478102606611,1.033626787683103,1.0587516626856197,0.5622131580403558,0.3304628204885056,C:\Users\p06596\Documents\check\CNR-BOVINO\progetti_BOVINO\geological-transformer\src\results_uq\unified_feature_representation_study\stage4_all_embeddings_ablation\distilroberta\embeddings_depth_pca016\tabicl\summary.csv
distilroberta,Embeddings + depth: PCA 16,TabICLv2: model input,model_input,,0.4451086956521739,0.2583070526051477,0.5536821976586913,0.5437814443691035,0.5741342670823573,0.6015614572365204,0.5811490118555962,0.6331955703419623,1.047320452315668,1.1411164049257694,0.5135751901340309,0.3021938513101185,C:\Users\p06596\Documents\check\CNR-BOVINO\progetti_BOVINO\geological-transformer\src\results_uq\unified_feature_representation_study\stage4_all_embeddings_ablation\distilroberta\embeddings_depth_pca016\tabicl\summary.csv
e5-base,Embeddings + depth: PCA 16,Deep Ensemble,classification_head,11.0,0.4869565217391304,0.3252350606920152,0.6205049750302662,0.638342488469325,0.6203925491647732,0.613168299880686,0.6433823002562791,0.6490063235511712,1.2540502462622387,1.265012325565842,0.4202985830516584,0.2261822577565908,C:\Users\p06596\Documents\check\CNR-BOVINO\progetti_BOVINO\geological-transformer\src\results_uq\unified_feature_representation_study\stage4_all_embeddings_ablation\e5-base\embeddings_depth_pca016\deep_ensemble\fold_metrics.csv
e5-base,Embeddings + depth: PCA 16,LLLA,classification_head,11.0,0.4880434782608696,0.3258147313802456,0.694780569229096,0.7020407992457035,0.6047367924941794,0.7018541419350774,0.6856053596581603,0.6274112422765185,1.3391866897781475,1.2255166515804607,0.3713972685307447,0.1741795992559713,C:\Users\p06596\Documents\check\CNR-BOVINO\progetti_BOVINO\geological-transformer\src\results_uq\unified_feature_representation_study\stage4_all_embeddings_ablation\e5-base\embeddings_depth_pca016\laplace\fold_metrics.csv
e5-base,Embeddings + depth: PCA 16,MC dropout,classification_head,11.0,0.4880434782608696,0.3260236068046931,0.5886813820757617,0.6180188480784439,0.5594126894508666,0.5845740352253204,0.612455791837572,0.5740209683524058,1.196304306774026,1.1212299169516207,0.43509267532833,0.1995388109236955,C:\Users\p06596\Documents\check\CNR-BOVINO\progetti_BOVINO\geological-transformer\src\results_uq\unified_feature_representation_study\stage4_all_embeddings_ablation\e5-base\embeddings_depth_pca016\mc_dropout\fold_metrics.csv
e5-base,Embeddings + depth: PCA 16,Subsample Ensemble,classification_head,11.0,0.4983695652173913,0.3319047553425964,0.6398449416404475,0.6435851512115092,0.6008728747981934,0.6170553459950915,0.6305443170336751,0.6106927419688124,1.2569897544333284,1.2174156502953573,0.4105429765022874,0.1985711341480845,C:\Users\p06596\Documents\check\CNR-BOVINO\progetti_BOVINO\geological-transformer\src\results_uq\unified_feature_representation_study\stage4_all_embeddings_ablation\e5-base\embeddings_depth_pca016\subsample_ensemble\fold_metrics.csv
e5-base,Embeddings + depth: PCA 16,TabICLv2: encoder input,encoder_input,,0.4646739130434782,0.2902888536896247,0.5509371567667053,0.5313438418380978,0.5141823255261675,0.5999835708146158,0.586306373527494,0.5725438491321342,1.0952322104472985,1.0695235354346466,0.530749706065595,0.2685899085339233,C:\Users\p06596\Documents\check\CNR-BOVINO\progetti_BOVINO\geological-transformer\src\results_uq\unified_feature_representation_study\stage4_all_embeddings_ablation\e5-base\embeddings_depth_pca016\tabicl\summary.csv
e5-base,Embeddings + depth: PCA 16,TabICLv2: hidden,hidden,,0.4717391304347826,0.3104043924858878,0.5393850391610248,0.5323410327890614,0.5132026227456334,0.5750171855766356,0.5607109687552543,0.5633129687444258,1.0614281713062428,1.0663537679935633,0.5178517680272177,0.2990215923153608,C:\Users\p06596\Documents\check\CNR-BOVINO\progetti_BOVINO\geological-transformer\src\results_uq\unified_feature_representation_study\stage4_all_embeddings_ablation\e5-base\embeddings_depth_pca016\tabicl\summary.csv
e5-base,Embeddings + depth: PCA 16,TabICLv2: model input,model_input,,0.4847826086956521,0.3212141966288746,0.5227520529412878,0.4965782340920701,0.5002158190005865,0.5532532034204165,0.5212229038923855,0.5354909989288652,1.0116562691582165,1.0393496181741686,0.5167534463217884,0.2604641482748179,C:\Users\p06596\Documents\check\CNR-BOVINO\progetti_BOVINO\geological-transformer\src\results_uq\unified_feature_representation_study\stage4_all_embeddings_ablation\e5-base\embeddings_depth_pca016\tabicl\summary.csv
e5-large,Embeddings + depth: PCA 16,Deep Ensemble,classification_head,11.0,0.4592391304347826,0.2984143601605075,0.6044744432220274,0.632135052555712,0.5717893437306801,0.6403841835793909,0.6676544450405206,0.6216505320374021,1.2346574662055858,1.1495849034661505,0.4549353720679618,0.2510948592230029,C:\Users\p06596\Documents\check\CNR-BOVINO\progetti_BOVINO\geological-transformer\src\results_uq\unified_feature_representation_study\stage4_all_embeddings_ablation\e5-large\embeddings_depth_pca016\deep_ensemble\fold_metrics.csv
e5-large,Embeddings + depth: PCA 16,LLLA,classification_head,11.0,0.4635869565217391,0.3058402794730849,0.6828085153893939,0.6757774882124319,0.5571497275258005,0.7249351130113212,0.6753331248756491,0.603458525118221,1.2589796856851005,1.1249885372011412,0.4069787835648415,0.1944848022869099,C:\Users\p06596\Documents\check\CNR-BOVINO\progetti_BOVINO\geological-transformer\src\results_uq\unified_feature_representation_study\stage4_all_embeddings_ablation\e5-large\embeddings_depth_pca016\laplace\fold_metrics.csv
e5-large,Embeddings + depth: PCA 16,MC dropout,classification_head,11.0,0.4635869565217391,0.3061931010798822,0.5713406761522298,0.58952408231322,0.5228341342840165,0.6008441473042905,0.6071696571004045,0.5669496268484849,1.1319069595387479,1.056927369200823,0.4801537164229483,0.2178421448592258,C:\Users\p06596\Documents\check\CNR-BOVINO\progetti_BOVINO\geological-transformer\src\results_uq\unified_feature_representation_study\stage4_all_embeddings_ablation\e5-large\embeddings_depth_pca016\mc_dropout\fold_metrics.csv
e5-large,Embeddings + depth: PCA 16,Subsample Ensemble,classification_head,11.0,0.4831521739130435,0.3187204139063357,0.6206668961332514,0.625311516764565,0.5698368721932849,0.6175214715608823,0.6141863894591898,0.6025598921653609,1.1883311846529017,1.1658361741159455,0.4328585748979616,0.207487249876494,C:\Users\p06596\Documents\check\CNR-BOVINO\progetti_BOVINO\geological-transformer\src\results_uq\unified_feature_representation_study\stage4_all_embeddings_ablation\e5-large\embeddings_depth_pca016\subsample_ensemble\fold_metrics.csv
e5-large,Embeddings + depth: PCA 16,TabICLv2: encoder input,encoder_input,,0.4467391304347826,0.2679393206302431,0.5310607364279945,0.5300724429849091,0.5235463601642455,0.6003314622721833,0.598115893473788,0.5875132012481948,1.0810739135479075,1.0619099118827882,0.5513547758245874,0.2941065922817964,C:\Users\p06596\Documents\check\CNR-BOVINO\progetti_BOVINO\geological-transformer\src\results_uq\unified_feature_representation_study\stage4_all_embeddings_ablation\e5-large\embeddings_depth_pca016\tabicl\summary.csv
e5-large,Embeddings + depth: PCA 16,TabICLv2: hidden,hidden,,0.4347826086956521,0.2648265046641792,0.5161225961538461,0.5154555288461539,0.507188701923077,0.5818328209976079,0.5819240109156529,0.5691799038018543,1.029557865466155,1.0070105990340499,0.5561794836840719,0.3301752824657729,C:\Users\p06596\Documents\check\CNR-BOVINO\progetti_BOVINO\geological-transformer\src\results_uq\unified_feature_representation_study\stage4_all_embeddings_ablation\e5-large\embeddings_depth_pca016\tabicl\summary.csv
e5-large,Embeddings + depth: PCA 16,TabICLv2: model input,model_input,,0.453804347826087,0.276670430911504,0.5553448327226145,0.548887300026812,0.5794041767211846,0.6057087497128149,0.5946337979146832,0.6084071112078585,1.0886827742915592,1.1138995866890145,0.5138204052432003,0.2959103792115057,C:\Users\p06596\Documents\check\CNR-BOVINO\progetti_BOVINO\geological-transformer\src\results_uq\unified_feature_representation_study\stage4_all_embeddings_ablation\e5-large\embeddings_depth_pca016\tabicl\summary.csv
e5-mistral,Embeddings + depth: PCA 16,Deep Ensemble,classification_head,11.0,0.4619565217391304,0.3033734111300972,0.6019940582293524,0.6304994904005233,0.5876090148099546,0.6167658755248137,0.6707893655335209,0.6162806353276538,1.2467196288703821,1.1454104737402857,0.4419233437858046,0.2473029461405847,C:\Users\p06596\Documents\check\CNR-BOVINO\progetti_BOVINO\geological-transformer\src\results_uq\unified_feature_representation_study\stage4_all_embeddings_ablation\e5-mistral\embeddings_depth_pca016\deep_ensemble\fold_metrics.csv
e5-mistral,Embeddings + depth: PCA 16,LLLA,classification_head,11.0,0.4717391304347826,0.3134837719441467,0.6677654036525005,0.6767646722985634,0.5552996046555191,0.6947621686579308,0.6736588746247353,0.6053977641526491,1.2752390219233674,1.1460204588897887,0.4019543467520454,0.1771054940865091,C:\Users\p06596\Documents\check\CNR-BOVINO\progetti_BOVINO\geological-transformer\src\results_uq\unified_feature_representation_study\stage4_all_embeddings_ablation\e5-mistral\embeddings_depth_pca016\laplace\fold_metrics.csv
e5-mistral,Embeddings + depth: PCA 16,MC dropout,classification_head,11.0,0.4663043478260869,0.3061074578934243,0.5704736539767089,0.5911558305850391,0.5139468896233278,0.5871926191207484,0.6172187720637232,0.5566867901921121,1.1564995321764262,1.0430791180789063,0.4605013386410848,0.2127991469010063,C:\Users\p06596\Documents\check\CNR-BOVINO\progetti_BOVINO\geological-transformer\src\results_uq\unified_feature_representation_study\stage4_all_embeddings_ablation\e5-mistral\embeddings_depth_pca016\mc_dropout\fold_metrics.csv
e5-mistral,Embeddings + depth: PCA 16,Subsample Ensemble,classification_head,11.0,0.4755434782608695,0.3157249178065858,0.6331831236121392,0.6350117985781027,0.5922481383207666,0.6312481018941879,0.6497382228608319,0.6205920052793309,1.2388790985118452,1.1833049634341646,0.4278035748294146,0.2032879182501979,C:\Users\p06596\Documents\check\CNR-BOVINO\progetti_BOVINO\geological-transformer\src\results_uq\unified_feature_representation_study\stage4_all_embeddings_ablation\e5-mistral\embeddings_depth_pca016\subsample_ensemble\fold_metrics.csv
e5-mistral,Embeddings + depth: PCA 16,TabICLv2: encoder input,encoder_input,,0.4826086956521739,0.316575448715848,0.5350997662578545,0.5223705191536074,0.5170261516768869,0.5487121795391232,0.530904315951761,0.5308260047722815,1.0261175854529834,1.0259662277111323,0.5044938467265164,0.252183116368161,C:\Users\p06596\Documents\check\CNR-BOVINO\progetti_BOVINO\geological-transformer\src\results_uq\unified_feature_representation_study\stage4_all_embeddings_ablation\e5-mistral\embeddings_depth_pca016\tabicl\summary.csv
e5-mistral,Embeddings + depth: PCA 16,TabICLv2: hidden,hidden,,0.5103260869565217,0.362643294152745,0.5142020639710463,0.5193661285118062,0.4947916112614193,0.5275066662197421,0.5212777567703084,0.4864235232877708,1.064540590962672,0.9933621341281889,0.4816537271579582,0.2649486687036114,C:\Users\p06596\Documents\check\CNR-BOVINO\progetti_BOVINO\geological-transformer\src\results_uq\unified_feature_representation_study\stage4_all_embeddings_ablation\e5-mistral\embeddings_depth_pca016\tabicl\summary.csv
e5-mistral,Embeddings + depth: PCA 16,TabICLv2: model input,model_input,,0.4554347826086956,0.2811465908386427,0.5726226544524317,0.5632761922455805,0.6028628899718462,0.6014626730698266,0.5896884601107887,0.6375355281022705,1.0828610445148212,1.1707239238604565,0.4760014429580678,0.2821788936899467,C:\Users\p06596\Documents\check\CNR-BOVINO\progetti_BOVINO\geological-transformer\src\results_uq\unified_feature_representation_study\stage4_all_embeddings_ablation\e5-mistral\embeddings_depth_pca016\tabicl\summary.csv
e5-small,Embeddings + depth: PCA 16,Deep Ensemble,classification_head,11.0,0.4847826086956521,0.3248111994108784,0.575135759020643,0.6114027447771083,0.5635029635395975,0.5820325623799081,0.6323136040328236,0.6046806089221626,1.2272753495995732,1.1736416882033536,0.4461608961323484,0.2265253089530312,C:\Users\p06596\Documents\check\CNR-BOVINO\progetti_BOVINO\geological-transformer\src\results_uq\unified_feature_representation_study\stage4_all_embeddings_ablation\e5-small\embeddings_depth_pca016\deep_ensemble\fold_metrics.csv
e5-small,Embeddings + depth: PCA 16,LLLA,classification_head,11.0,0.4907608695652174,0.324252409329787,0.6434143983472618,0.6490075265761357,0.5460083705390895,0.6228939370313272,0.6197977908376832,0.5539440013011904,1.2171055871305627,1.0877875799297656,0.4000761736071196,0.1718947206826313,C:\Users\p06596\Documents\check\CNR-BOVINO\progetti_BOVINO\geological-transformer\src\results_uq\unified_feature_representation_study\stage4_all_embeddings_ablation\e5-small\embeddings_depth_pca016\laplace\fold_metrics.csv
e5-small,Embeddings + depth: PCA 16,MC dropout,classification_head,11.0,0.4722826086956522,0.3099888410011358,0.5726553361641813,0.5811319163743758,0.5207172809461103,0.59255253486592,0.5996670335147748,0.5584270142653701,1.1363412375563189,1.05819331230513,0.4769472794026569,0.2003543385183033,C:\Users\p06596\Documents\check\CNR-BOVINO\progetti_BOVINO\geological-transformer\src\results_uq\unified_feature_representation_study\stage4_all_embeddings_ablation\e5-small\embeddings_depth_pca016\mc_dropout\fold_metrics.csv
e5-small,Embeddings + depth: PCA 16,Subsample Ensemble,classification_head,11.0,0.4940217391304348,0.3322792135570783,0.617584744510971,0.6333171372003821,0.582091551326288,0.6054578807366509,0.6316531156280625,0.6013370090219792,1.248379949254173,1.1884641209456945,0.4242869059806492,0.194338545753904,C:\Users\p06596\Documents\check\CNR-BOVINO\progetti_BOVINO\geological-transformer\src\results_uq\unified_feature_representation_study\stage4_all_embeddings_ablation\e5-small\embeddings_depth_pca016\subsample_ensemble\fold_metrics.csv
e5-small,Embeddings + depth: PCA 16,TabICLv2: encoder input,encoder_input,,0.4885869565217391,0.3201809406132051,0.5368185692214398,0.5208331609451522,0.5272436371029802,0.5657480123155488,0.542961815525478,0.55755683272679,1.0616894161178314,1.0902280257357,0.5153544996965345,0.2527596964157042,C:\Users\p06596\Documents\check\CNR-BOVINO\progetti_BOVINO\geological-transformer\src\results_uq\unified_feature_representation_study\stage4_all_embeddings_ablation\e5-small\embeddings_depth_pca016\tabicl\summary.csv
e5-small,Embeddings + depth: PCA 16,TabICLv2: hidden,hidden,,0.4543478260869565,0.2917607223476297,0.4992112888160277,0.4986763472426084,0.5044332240416325,0.554295602657697,0.552726445826374,0.5641488031438733,1.0129648011160637,1.0338982049648673,0.5625963140330128,0.3243031908182923,C:\Users\p06596\Documents\check\CNR-BOVINO\progetti_BOVINO\geological-transformer\src\results_uq\unified_feature_representation_study\stage4_all_embeddings_ablation\e5-small\embeddings_depth_pca016\tabicl\summary.csv
e5-small,Embeddings + depth: PCA 16,TabICLv2: model input,model_input,,0.4777173913043478,0.3059792293019129,0.5583862799345107,0.5468001785209046,0.574360822948223,0.5730485650639772,0.5606768103099757,0.5849928779778147,1.0735123111033873,1.120069610280103,0.4827100568739678,0.2786357020963979,C:\Users\p06596\Documents\check\CNR-BOVINO\progetti_BOVINO\geological-transformer\src\results_uq\unified_feature_representation_study\stage4_all_embeddings_ablation\e5-small\embeddings_depth_pca016\tabicl\summary.csv
gte-base,Embeddings + depth: PCA 16,Deep Ensemble,classification_head,11.0,0.4646739130434782,0.2995131202038499,0.601325140261822,0.6049465161798234,0.6311727157761016,0.6066341705369178,0.6171310669639057,0.6474244888038816,1.1528133636686158,1.2094020907605505,0.4576147565651692,0.235220581876195,C:\Users\p06596\Documents\check\CNR-BOVINO\progetti_BOVINO\geological-transformer\src\results_uq\unified_feature_representation_study\stage4_all_embeddings_ablation\gte-base\embeddings_depth_pca016\deep_ensemble\fold_metrics.csv
gte-base,Embeddings + depth: PCA 16,LLLA,classification_head,11.0,0.4760869565217391,0.3068227877985114,0.6533262519183766,0.6521076651311276,0.5611105769376249,0.6727374320689609,0.651680392506827,0.5912985284009104,1.2438712886022425,1.1286195977776712,0.3992766167638762,0.171168107021114,C:\Users\p06596\Documents\check\CNR-BOVINO\progetti_BOVINO\geological-transformer\src\results_uq\unified_feature_representation_study\stage4_all_embeddings_ablation\gte-base\embeddings_depth_pca016\laplace\fold_metrics.csv
gte-base,Embeddings + depth: PCA 16,MC dropout,classification_head,11.0,0.4625,0.2933241025373989,0.5766189542072075,0.5716462717111764,0.5133263311133552,0.5907242718239588,0.5938926031668431,0.555329587170353,1.1049164710080803,1.0331713249680985,0.4876850416134932,0.207317623220708,C:\Users\p06596\Documents\check\CNR-BOVINO\progetti_BOVINO\geological-transformer\src\results_uq\unified_feature_representation_study\stage4_all_embeddings_ablation\gte-base\embeddings_depth_pca016\mc_dropout\fold_metrics.csv
gte-base,Embeddings + depth: PCA 16,Subsample Ensemble,classification_head,11.0,0.4744565217391304,0.3045542245072991,0.6193248921156469,0.6227900353046251,0.6049850169383235,0.6356191905332562,0.6347006317306281,0.6374174493284954,1.207703373717017,1.2128729128897946,0.441977214706011,0.2140202583340198,C:\Users\p06596\Documents\check\CNR-BOVINO\progetti_BOVINO\geological-transformer\src\results_uq\unified_feature_representation_study\stage4_all_embeddings_ablation\gte-base\embeddings_depth_pca016\subsample_ensemble\fold_metrics.csv
gte-base,Embeddings + depth: PCA 16,TabICLv2: encoder input,encoder_input,,0.4608695652173913,0.2902736129602209,0.5340299043289713,0.5179151371348144,0.4842246224513086,0.5975268638394489,0.5853856173454914,0.5332927843293899,1.0857959031408309,0.9891720999658038,0.5351771696266518,0.272192556018951,C:\Users\p06596\Documents\check\CNR-BOVINO\progetti_BOVINO\geological-transformer\src\results_uq\unified_feature_representation_study\stage4_all_embeddings_ablation\gte-base\embeddings_depth_pca016\tabicl\summary.csv
gte-base,Embeddings + depth: PCA 16,TabICLv2: hidden,hidden,,0.4260869565217391,0.2564475917319285,0.5142878884508348,0.5044811958874459,0.5002633155534941,0.6059634907336604,0.6024900279739741,0.5902990751543091,1.0497932305607125,1.028551418829478,0.5797496959883418,0.3307620963946735,C:\Users\p06596\Documents\check\CNR-BOVINO\progetti_BOVINO\geological-transformer\src\results_uq\unified_feature_representation_study\stage4_all_embeddings_ablation\gte-base\embeddings_depth_pca016\tabicl\summary.csv
gte-base,Embeddings + depth: PCA 16,TabICLv2: model input,model_input,,0.4608695652173913,0.2864879993964419,0.5660787479077907,0.5524294592589776,0.5924168109023129,0.6047205028016507,0.5980582011425841,0.6334674194226513,1.1093015021193093,1.1749798908645952,0.4850368496112184,0.2764855946397309,C:\Users\p06596\Documents\check\CNR-BOVINO\progetti_BOVINO\geological-transformer\src\results_uq\unified_feature_representation_study\stage4_all_embeddings_ablation\gte-base\embeddings_depth_pca016\tabicl\summary.csv
gte-large,Embeddings + depth: PCA 16,Deep Ensemble,classification_head,11.0,0.4695652173913043,0.2991695379992093,0.6217471634031573,0.646206352125716,0.6178556684258819,0.6305106770627036,0.658527829165055,0.654388798423283,1.241486891048874,1.2336838003061892,0.4298887568197074,0.2201940278806116,C:\Users\p06596\Documents\check\CNR-BOVINO\progetti_BOVINO\geological-transformer\src\results_uq\unified_feature_representation_study\stage4_all_embeddings_ablation\gte-large\embeddings_depth_pca016\deep_ensemble\fold_metrics.csv
gte-large,Embeddings + depth: PCA 16,LLLA,classification_head,11.0,0.4739130434782608,0.2997351607187805,0.6688492778072637,0.6718375687927797,0.5733694285118113,0.6730947992782055,0.6564393158802251,0.5823557134306634,1.2477772120037334,1.1069571412318393,0.3844976115282479,0.172162981396136,C:\Users\p06596\Documents\check\CNR-BOVINO\progetti_BOVINO\geological-transformer\src\results_uq\unified_feature_representation_study\stage4_all_embeddings_ablation\gte-large\embeddings_depth_pca016\laplace\fold_metrics.csv
gte-large,Embeddings + depth: PCA 16,MC dropout,classification_head,11.0,0.4657608695652174,0.2955110584141848,0.6053148566470132,0.6054166655906132,0.5504722057376152,0.6168409723116082,0.627616633891677,0.5957460562675319,1.1747859678135153,1.1151299527286456,0.4569525720758386,0.1947240165556254,C:\Users\p06596\Documents\check\CNR-BOVINO\progetti_BOVINO\geological-transformer\src\results_uq\unified_feature_representation_study\stage4_all_embeddings_ablation\gte-large\embeddings_depth_pca016\mc_dropout\fold_metrics.csv
gte-large,Embeddings + depth: PCA 16,Subsample Ensemble,classification_head,11.0,0.4847826086956521,0.3097652798751081,0.6285205104917599,0.6358414783120924,0.6117959053504491,0.6272855009477815,0.6267884653889163,0.6388311555070251,1.216551451809711,1.239925449507306,0.422740778690803,0.1982965746327586,C:\Users\p06596\Documents\check\CNR-BOVINO\progetti_BOVINO\geological-transformer\src\results_uq\unified_feature_representation_study\stage4_all_embeddings_ablation\gte-large\embeddings_depth_pca016\subsample_ensemble\fold_metrics.csv
gte-large,Embeddings + depth: PCA 16,TabICLv2: encoder input,encoder_input,,0.4668478260869565,0.2942625402466702,0.5576126852573756,0.5450313820565127,0.5114515729002385,0.5964842021181397,0.5781585331012518,0.5630940479979025,1.0844155972541318,1.056160090026647,0.5104673183825671,0.2711002594153462,C:\Users\p06596\Documents\check\CNR-BOVINO\progetti_BOVINO\geological-transformer\src\results_uq\unified_feature_representation_study\stage4_all_embeddings_ablation\gte-large\embeddings_depth_pca016\tabicl\summary.csv
gte-large,Embeddings + depth: PCA 16,TabICLv2: hidden,hidden,,0.4271739130434782,0.2578206172760603,0.533004041311181,0.5327976302562394,0.5433583923596526,0.6014333206526508,0.5988836944282186,0.6215709327158727,1.0454895614306663,1.085095366411011,0.5472656794700395,0.339335683291785,C:\Users\p06596\Documents\check\CNR-BOVINO\progetti_BOVINO\geological-transformer\src\results_uq\unified_feature_representation_study\stage4_all_embeddings_ablation\gte-large\embeddings_depth_pca016\tabicl\summary.csv
gte-large,Embeddings + depth: PCA 16,TabICLv2: model input,model_input,,0.4788043478260869,0.3091952016047893,0.5885215516067982,0.5911621664167296,0.6089079027884466,0.597308712619932,0.6026443711431166,0.6279381819255213,1.1562728288877313,1.20480318534198,0.44722593063875,0.263949969674585,C:\Users\p06596\Documents\check\CNR-BOVINO\progetti_BOVINO\geological-transformer\src\results_uq\unified_feature_representation_study\stage4_all_embeddings_ablation\gte-large\embeddings_depth_pca016\tabicl\summary.csv
gte-modernbert,Embeddings + depth: PCA 16,Deep Ensemble,classification_head,11.0,0.5744565217391304,0.4025285561259765,0.6063753049366203,0.6168683975612504,0.6075689372533379,0.53466893830534,0.5591154745508528,0.551502456114476,1.3138856617797816,1.2959955545985131,0.3408072968341645,0.2376469375808601,C:\Users\p06596\Documents\check\CNR-BOVINO\progetti_BOVINO\geological-transformer\src\results_uq\unified_feature_representation_study\stage4_all_embeddings_ablation\gte-modernbert\embeddings_depth_pca016\deep_ensemble\fold_metrics.csv
gte-modernbert,Embeddings + depth: PCA 16,LLLA,classification_head,11.0,0.5597826086956522,0.3919083918130334,0.6054213112789165,0.6428680566354992,0.6422203084010345,0.5261467603031922,0.5741296829900676,0.5715127303564767,1.3041958230885489,1.2982511405628607,0.3306126066125138,0.1992828459600391,C:\Users\p06596\Documents\check\CNR-BOVINO\progetti_BOVINO\geological-transformer\src\results_uq\unified_feature_representation_study\stage4_all_embeddings_ablation\gte-modernbert\embeddings_depth_pca016\laplace\fold_metrics.csv
gte-modernbert,Embeddings + depth: PCA 16,MC dropout,classification_head,11.0,0.5635869565217392,0.3963628501362589,0.6145937786338838,0.629308439810993,0.6230454299330493,0.5382903975265789,0.5655491699960611,0.5451407690307697,1.295903453042033,1.2491394956620379,0.3364557147170749,0.267868217550542,C:\Users\p06596\Documents\check\CNR-BOVINO\progetti_BOVINO\geological-transformer\src\results_uq\unified_feature_representation_study\stage4_all_embeddings_ablation\gte-modernbert\embeddings_depth_pca016\mc_dropout\fold_metrics.csv
gte-modernbert,Embeddings + depth: PCA 16,Subsample Ensemble,classification_head,11.0,0.6038043478260869,0.44725994362489,0.6126378069905756,0.633563487551337,0.6343787079082218,0.48658279087539413,0.5214173617579467,0.5088994687656485,1.3160602820776708,1.2844650514798261,0.2986198568991543,0.1820382707792779,C:\Users\p06596\Documents\check\CNR-BOVINO\progetti_BOVINO\geological-transformer\src\results_uq\unified_feature_representation_study\stage4_all_embeddings_ablation\gte-modernbert\embeddings_depth_pca016\subsample_ensemble\fold_metrics.csv
gte-modernbert,Embeddings + depth: PCA 16,TabICLv2: encoder input,encoder_input,,0.5601118359739049,0.3955975630858827,0.6345603372909558,0.6236463239234045,0.5983283510533292,0.5613992336054299,0.5537031028210655,0.5329710660005578,1.2587360790826339,1.2116058343614373,0.3360799724109964,0.1938474355997442,C:\Users\p06596\Documents\check\CNR-BOVINO\progetti_BOVINO\geological-transformer\src\results_uq\unified_feature_representation_study\stage4_all_embeddings_ablation\gte-modernbert\embeddings_depth_pca016\tabicl\summary.csv
gte-modernbert,Embeddings + depth: PCA 16,TabICLv2: hidden,hidden,,0.53215284249767,0.3789879266931683,0.6469045010849771,0.6471138214218434,0.6417028907138521,0.5787986974629312,0.5808814961861754,0.5850918823731144,1.2416052697365858,1.250604760530581,0.3318214058811299,0.4162819033667731,C:\Users\p06596\Documents\check\CNR-BOVINO\progetti_BOVINO\geological-transformer\src\results_uq\unified_feature_representation_study\stage4_all_embeddings_ablation\gte-modernbert\embeddings_depth_pca016\tabicl\summary.csv
gte-modernbert,Embeddings + depth: PCA 16,TabICLv2: model input,model_input,,0.5479962721342032,0.3813010623828954,0.662302756154008,0.6540027351146644,0.6372028192720387,0.5952696951618447,0.574093120388351,0.5531556834129828,1.2701070477870118,1.2237856666023312,0.3279661245934463,0.2045302561947616,C:\Users\p06596\Documents\check\CNR-BOVINO\progetti_BOVINO\geological-transformer\src\results_uq\unified_feature_representation_study\stage4_all_embeddings_ablation\gte-modernbert\embeddings_depth_pca016\tabicl\summary.csv
labse,Embeddings + depth: PCA 16,Deep Ensemble,classification_head,11.0,0.4777173913043478,0.3187330844926519,0.6243851505648624,0.656715939913527,0.644318034718067,0.6214708472065802,0.683529487894606,0.6639698819082774,1.3087349195900884,1.271284685443528,0.402150285063058,0.2588462565418171,C:\Users\p06596\Documents\check\CNR-BOVINO\progetti_BOVINO\geological-transformer\src\results_uq\unified_feature_representation_study\stage4_all_embeddings_ablation\labse\embeddings_depth_pca016\deep_ensemble\fold_metrics.csv
labse,Embeddings + depth: PCA 16,LLLA,classification_head,11.0,0.4728260869565217,0.3116226161395733,0.6832041711103211,0.6908265702796472,0.6347386395070199,0.7155966416064511,0.6997720107445761,0.650371778032005,1.3274025770824949,1.2336949191534938,0.3847773177178181,0.1966614302247762,C:\Users\p06596\Documents\check\CNR-BOVINO\progetti_BOVINO\geological-transformer\src\results_uq\unified_feature_representation_study\stage4_all_embeddings_ablation\labse\embeddings_depth_pca016\laplace\fold_metrics.csv
labse,Embeddings + depth: PCA 16,MC dropout,classification_head,11.0,0.4739130434782608,0.3131036609944295,0.6045295795738874,0.6404883768393929,0.5836775508956805,0.6075289232791076,0.6580069557059802,0.6002860304727778,1.250757023242772,1.1410395620556932,0.4197629767749604,0.2266248834035966,C:\Users\p06596\Documents\check\CNR-BOVINO\progetti_BOVINO\geological-transformer\src\results_uq\unified_feature_representation_study\stage4_all_embeddings_ablation\labse\embeddings_depth_pca016\mc_dropout\fold_metrics.csv
labse,Embeddings + depth: PCA 16,Subsample Ensemble,classification_head,11.0,0.4804347826086956,0.3194991468857237,0.6675107442397622,0.6815865051912974,0.6880613570950388,0.6581649826969207,0.6856427616362646,0.6899301436140368,1.3196471562873713,1.3278990211818282,0.3872875950654152,0.2384610066595285,C:\Users\p06596\Documents\check\CNR-BOVINO\progetti_BOVINO\geological-transformer\src\results_uq\unified_feature_representation_study\stage4_all_embeddings_ablation\labse\embeddings_depth_pca016\subsample_ensemble\fold_metrics.csv
labse,Embeddings + depth: PCA 16,TabICLv2: encoder input,encoder_input,,0.4820652173913043,0.3144139547522281,0.534427565712501,0.5290981662370418,0.5182323428891852,0.5586962765472114,0.5558636599816859,0.5416454940951303,1.0732309909405056,1.0457793380220772,0.5045987998804515,0.2355024757835478,C:\Users\p06596\Documents\check\CNR-BOVINO\progetti_BOVINO\geological-transformer\src\results_uq\unified_feature_representation_study\stage4_all_embeddings_ablation\labse\embeddings_depth_pca016\tabicl\summary.csv
labse,Embeddings + depth: PCA 16,TabICLv2: hidden,hidden,,0.4880434782608696,0.3321632988038291,0.5247743274745956,0.5244125894296833,0.5190160725178387,0.5352023505533732,0.53384736587438,0.5242972384556311,1.0427591859966658,1.0241050092976234,0.4862862052683558,0.2921327085915704,C:\Users\p06596\Documents\check\CNR-BOVINO\progetti_BOVINO\geological-transformer\src\results_uq\unified_feature_representation_study\stage4_all_embeddings_ablation\labse\embeddings_depth_pca016\tabicl\summary.csv
labse,Embeddings + depth: PCA 16,TabICLv2: model input,model_input,,0.4695652173913043,0.2999927108560301,0.5460526003718883,0.5273028375455373,0.5488156733834244,0.5721518142788737,0.5415478955449855,0.5610431550991833,1.0209509506175956,1.0577043087935423,0.4928000982854035,0.2503185132215622,C:\Users\p06596\Documents\check\CNR-BOVINO\progetti_BOVINO\geological-transformer\src\results_uq\unified_feature_representation_study\stage4_all_embeddings_ablation\labse\embeddings_depth_pca016\tabicl\summary.csv
minilm-en,Embeddings + depth: PCA 16,Deep Ensemble,classification_head,11.0,0.4630434782608695,0.3086802959304079,0.6411325578301116,0.6606600719015847,0.6419158262690811,0.6341458306560483,0.658189986963726,0.6447459951265271,1.2257789230903395,1.2007415293854349,0.4211087847205246,0.2821036472106757,C:\Users\p06596\Documents\check\CNR-BOVINO\progetti_BOVINO\geological-transformer\src\results_uq\unified_feature_representation_study\stage3_minilm_ablation\embeddings_depth_pca016\deep_ensemble\fold_metrics.csv
minilm-en,Embeddings + depth: PCA 16,LLLA,classification_head,11.0,0.4673913043478261,0.3137326103967751,0.6852278120550546,0.6792222755446822,0.6444057548742529,0.698421165308531,0.6611931168302202,0.6368676692662908,1.241423811191434,1.195751542295893,0.3985016570475098,0.21486829507934,C:\Users\p06596\Documents\check\CNR-BOVINO\progetti_BOVINO\geological-transformer\src\results_uq\unified_feature_representation_study\stage3_minilm_ablation\embeddings_depth_pca016\laplace\fold_metrics.csv
minilm-en,Embeddings + depth: PCA 16,MC dropout,classification_head,11.0,0.4608695652173913,0.3080994682972809,0.6271266832775411,0.625065781029076,0.5790209102876506,0.6275556095518853,0.6290219181157333,0.6131055769304655,1.1667342029566021,1.1372119572097343,0.4421927674064266,0.2538321910021097,C:\Users\p06596\Documents\check\CNR-BOVINO\progetti_BOVINO\geological-transformer\src\results_uq\unified_feature_representation_study\stage3_minilm_ablation\embeddings_depth_pca016\mc_dropout\fold_metrics.csv
minilm-en,Embeddings + depth: PCA 16,Subsample Ensemble,classification_head,11.0,0.4869565217391304,0.3295986974583868,0.6172785354872882,0.6483594529897607,0.6228356145714835,0.6115468673528435,0.6329836821700873,0.6174298445873755,1.2337817533823734,1.2034649513143758,0.4125539920521933,0.2543066211692664,C:\Users\p06596\Documents\check\CNR-BOVINO\progetti_BOVINO\geological-transformer\src\results_uq\unified_feature_representation_study\stage3_minilm_ablation\embeddings_depth_pca016\subsample_ensemble\fold_metrics.csv
minilm-en,Embeddings + depth: PCA 16,TabICLv2: encoder input,encoder_input,,0.4706521739130435,0.304642031257275,0.5762640429456871,0.5700576418758388,0.5587580795842008,0.6020282143981834,0.5887139887853805,0.5831282541749935,1.1121496297382958,1.101597523287462,0.4695790327681292,0.2475613384723378,C:\Users\p06596\Documents\check\CNR-BOVINO\progetti_BOVINO\geological-transformer\src\results_uq\unified_feature_representation_study\stage3_minilm_ablation\embeddings_depth_pca016\tabicl\summary.csv
minilm-en,Embeddings + depth: PCA 16,TabICLv2: hidden,hidden,,0.4146739130434783,0.2473008415107311,0.5787264025233921,0.5821605328134678,0.5731346843508557,0.6373550804740207,0.6472159783877394,0.6179889964989755,1.1057357476633616,1.0558029280948142,0.4930787049692694,0.3644560521780055,C:\Users\p06596\Documents\check\CNR-BOVINO\progetti_BOVINO\geological-transformer\src\results_uq\unified_feature_representation_study\stage3_minilm_ablation\embeddings_depth_pca016\tabicl\summary.csv
minilm-en,Embeddings + depth: PCA 16,TabICLv2: model input,model_input,,0.4760869565217391,0.3117881727948053,0.5934930322666212,0.5925752903616969,0.6310482151992269,0.5972505719775292,0.5915532583653965,0.6313667224216797,1.1291058043488897,1.205098308356733,0.4332666641373842,0.2543137483065391,C:\Users\p06596\Documents\check\CNR-BOVINO\progetti_BOVINO\geological-transformer\src\results_uq\unified_feature_representation_study\stage3_minilm_ablation\embeddings_depth_pca016\tabicl\summary.csv
mpnet,Embeddings + depth: PCA 16,Deep Ensemble,classification_head,11.0,0.4271739130434782,0.2604682401601563,0.6050704694584064,0.636231257967621,0.6055391029104048,0.6469515737757587,0.6905364165628488,0.662547190828676,1.2054905184778384,1.15662887203488,0.4786565689112042,0.2789898082451976,C:\Users\p06596\Documents\check\CNR-BOVINO\progetti_BOVINO\geological-transformer\src\results_uq\unified_feature_representation_study\stage4_all_embeddings_ablation\mpnet\embeddings_depth_pca016\deep_ensemble\fold_metrics.csv
mpnet,Embeddings + depth: PCA 16,LLLA,classification_head,11.0,0.4304347826086956,0.2660342389657208,0.6536139062379521,0.663867683433592,0.5616329233793451,0.7194766391909222,0.6987791211886079,0.6430177044132612,1.2268641059036625,1.1289623817942753,0.4501876530144204,0.2100393661176381,C:\Users\p06596\Documents\check\CNR-BOVINO\progetti_BOVINO\geological-transformer\src\results_uq\unified_feature_representation_study\stage4_all_embeddings_ablation\mpnet\embeddings_depth_pca016\laplace\fold_metrics.csv
mpnet,Embeddings + depth: PCA 16,MC dropout,classification_head,11.0,0.425,0.2598166760427938,0.5712063488993855,0.5967067267995956,0.5261267613793801,0.6259982528672149,0.661462867007836,0.6111916531546876,1.1503702034918888,1.0629420054864134,0.5071109221925778,0.2379228775753922,C:\Users\p06596\Documents\check\CNR-BOVINO\progetti_BOVINO\geological-transformer\src\results_uq\unified_feature_representation_study\stage4_all_embeddings_ablation\mpnet\embeddings_depth_pca016\mc_dropout\fold_metrics.csv
mpnet,Embeddings + depth: PCA 16,Subsample Ensemble,classification_head,11.0,0.4380434782608696,0.2679708421817063,0.6313252636176452,0.649466056815766,0.6275139258865023,0.677569951167247,0.6871920170882633,0.681120613349534,1.2228562006212809,1.2120521552835033,0.4633915364836336,0.2573680014228043,C:\Users\p06596\Documents\check\CNR-BOVINO\progetti_BOVINO\geological-transformer\src\results_uq\unified_feature_representation_study\stage4_all_embeddings_ablation\mpnet\embeddings_depth_pca016\subsample_ensemble\fold_metrics.csv
mpnet,Embeddings + depth: PCA 16,TabICLv2: encoder input,encoder_input,,0.4858695652173913,0.3138782920747394,0.5284011095818494,0.5113163396096125,0.5042821298674272,0.5579586612780718,0.5282975591547817,0.5151521418970949,1.0275555061784336,1.0019872527385354,0.5185071098560513,0.2403970606613653,C:\Users\p06596\Documents\check\CNR-BOVINO\progetti_BOVINO\geological-transformer\src\results_uq\unified_feature_representation_study\stage4_all_embeddings_ablation\mpnet\embeddings_depth_pca016\tabicl\summary.csv
mpnet,Embeddings + depth: PCA 16,TabICLv2: hidden,hidden,,0.4369565217391304,0.2624562839828072,0.542749572600319,0.5386352503889817,0.5435431433565762,0.5967902042339753,0.5881398676199496,0.6084218131381784,1.0445727378578256,1.0805947260369193,0.5384094826565379,0.317707626264367,C:\Users\p06596\Documents\check\CNR-BOVINO\progetti_BOVINO\geological-transformer\src\results_uq\unified_feature_representation_study\stage4_all_embeddings_ablation\mpnet\embeddings_depth_pca016\tabicl\summary.csv
mpnet,Embeddings + depth: PCA 16,TabICLv2: model input,model_input,,0.4907608695652174,0.3183716797365336,0.5494568679523136,0.5356903526842223,0.5485480037489171,0.5476685644661126,0.5231017051541004,0.5432543723641485,1.027222131786067,1.0667962061366418,0.4661304755107734,0.2463269974754641,C:\Users\p06596\Documents\check\CNR-BOVINO\progetti_BOVINO\geological-transformer\src\results_uq\unified_feature_representation_study\stage4_all_embeddings_ablation\mpnet\embeddings_depth_pca016\tabicl\summary.csv
bge-base,Embeddings + depth: PCA 32,Deep Ensemble,classification_head,11.0,0.4820652173913043,0.3278028784853292,0.6009728963659529,0.6189399228649812,0.6083866700701859,0.6056321188743067,0.6263400387256399,0.6129773063330447,1.209302907927783,1.1835028789641155,0.4402142616031403,0.2492414933021949,C:\Users\p06596\Documents\check\CNR-BOVINO\progetti_BOVINO\geological-transformer\src\results_uq\unified_feature_representation_study\stage4_all_embeddings_ablation\bge-base\embeddings_depth_pca032\deep_ensemble\fold_metrics.csv
bge-base,Embeddings + depth: PCA 32,LLLA,classification_head,11.0,0.4820652173913043,0.3230026162456589,0.6612288258404304,0.6620975102957418,0.6213857048314548,0.681180260590814,0.6637886783977999,0.6400350346181307,1.2816066823210404,1.2357444529877863,0.3949333896983735,0.181905223801732,C:\Users\p06596\Documents\check\CNR-BOVINO\progetti_BOVINO\geological-transformer\src\results_uq\unified_feature_representation_study\stage4_all_embeddings_ablation\bge-base\embeddings_depth_pca032\laplace\fold_metrics.csv
bge-base,Embeddings + depth: PCA 32,MC dropout,classification_head,11.0,0.4831521739130435,0.3235261642751758,0.5969301155967491,0.6045629147983568,0.5442433076489812,0.6038812707421013,0.6211208508969405,0.5624644915604812,1.2017480185598008,1.0882593737868407,0.4506479817757922,0.1878112052283856,C:\Users\p06596\Documents\check\CNR-BOVINO\progetti_BOVINO\geological-transformer\src\results_uq\unified_feature_representation_study\stage4_all_embeddings_ablation\bge-base\embeddings_depth_pca032\mc_dropout\fold_metrics.csv
bge-base,Embeddings + depth: PCA 32,Subsample Ensemble,classification_head,11.0,0.4891304347826087,0.3298347951523329,0.6244089834515366,0.635783154511764,0.6076625234780385,0.6299868886501392,0.6398657894031895,0.6448378250245836,1.2525032473424134,1.2622357426013124,0.4331855908014463,0.2268315339703922,C:\Users\p06596\Documents\check\CNR-BOVINO\progetti_BOVINO\geological-transformer\src\results_uq\unified_feature_representation_study\stage4_all_embeddings_ablation\bge-base\embeddings_depth_pca032\subsample_ensemble\fold_metrics.csv
bge-base,Embeddings + depth: PCA 32,TabICLv2: encoder input,encoder_input,,0.4793478260869565,0.3105590013525047,0.49683592991824427,0.4879088378566458,0.460222189084402,0.5249403073062469,0.5200431331625419,0.4947017736132429,0.9988302348842141,0.9501578950400489,0.5275683071580455,0.269342485278817,C:\Users\p06596\Documents\check\CNR-BOVINO\progetti_BOVINO\geological-transformer\src\results_uq\unified_feature_representation_study\stage4_all_embeddings_ablation\bge-base\embeddings_depth_pca032\tabicl\summary.csv
bge-base,Embeddings + depth: PCA 32,TabICLv2: hidden,hidden,,0.4402173913043478,0.2732710853768429,0.5154752487114946,0.514947860481841,0.4860625674217907,0.5803276032557847,0.5654625176112996,0.5607382309872883,1.0101466334027098,1.0017071310840877,0.5481893867772487,0.3311334045646268,C:\Users\p06596\Documents\check\CNR-BOVINO\progetti_BOVINO\geological-transformer\src\results_uq\unified_feature_representation_study\stage4_all_embeddings_ablation\bge-base\embeddings_depth_pca032\tabicl\summary.csv
bge-base,Embeddings + depth: PCA 32,TabICLv2: model input,model_input,,0.4934782608695652,0.3262324130425387,0.5535919390822636,0.5442933344047192,0.5781365213363332,0.550162319139446,0.5400568629463941,0.5910937929752342,1.066206682211765,1.1669662865605481,0.4524305678891502,0.2314650580223864,C:\Users\p06596\Documents\check\CNR-BOVINO\progetti_BOVINO\geological-transformer\src\results_uq\unified_feature_representation_study\stage4_all_embeddings_ablation\bge-base\embeddings_depth_pca032\tabicl\summary.csv
bge-large,Embeddings + depth: PCA 32,Deep Ensemble,classification_head,11.0,0.5021739130434782,0.3402127877804316,0.6313162819713038,0.6477735316301684,0.619457940779188,0.6205591165115222,0.6435014747247914,0.6280938518181828,1.2926230496655198,1.2616732394601051,0.3958005173864183,0.2139156726553387,C:\Users\p06596\Documents\check\CNR-BOVINO\progetti_BOVINO\geological-transformer\src\results_uq\unified_feature_representation_study\stage4_all_embeddings_ablation\bge-large\embeddings_depth_pca032\deep_ensemble\fold_metrics.csv
bge-large,Embeddings + depth: PCA 32,LLLA,classification_head,11.0,0.5,0.3329372677531478,0.687976724952741,0.6836790177670724,0.6122508193847853,0.6721223233040355,0.6515813766358144,0.5840518855718408,1.3031627532716288,1.1681037711436817,0.3569838427840808,0.1540597445210036,C:\Users\p06596\Documents\check\CNR-BOVINO\progetti_BOVINO\geological-transformer\src\results_uq\unified_feature_representation_study\stage4_all_embeddings_ablation\bge-large\embeddings_depth_pca032\laplace\fold_metrics.csv
bge-large,Embeddings + depth: PCA 32,MC dropout,classification_head,11.0,0.5059782608695652,0.34350019495459,0.6231171989379389,0.6271708496868119,0.5557194398911746,0.5965525664631647,0.6063101725930597,0.5552036500647641,1.2272945187802309,1.1238445721883015,0.4062739975313977,0.1769810171554917,C:\Users\p06596\Documents\check\CNR-BOVINO\progetti_BOVINO\geological-transformer\src\results_uq\unified_feature_representation_study\stage4_all_embeddings_ablation\bge-large\embeddings_depth_pca032\mc_dropout\fold_metrics.csv
bge-large,Embeddings + depth: PCA 32,Subsample Ensemble,classification_head,11.0,0.503804347826087,0.3416476639571043,0.6443443677623114,0.6469926493757328,0.6175546657646068,0.6302843467605194,0.6321874392803565,0.6216240002859437,1.274068880915505,1.252780022482077,0.4010150576943323,0.2007996713823598,C:\Users\p06596\Documents\check\CNR-BOVINO\progetti_BOVINO\geological-transformer\src\results_uq\unified_feature_representation_study\stage4_all_embeddings_ablation\bge-large\embeddings_depth_pca032\subsample_ensemble\fold_metrics.csv
bge-large,Embeddings + depth: PCA 32,TabICLv2: encoder input,encoder_input,,0.4831521739130435,0.3169036902284873,0.5351994644202598,0.5196536947077199,0.4737059681419948,0.5552797803404026,0.5387289864730341,0.4835461723045032,1.0423357887596034,0.9355677781706477,0.5067578387895757,0.2632190899626802,C:\Users\p06596\Documents\check\CNR-BOVINO\progetti_BOVINO\geological-transformer\src\results_uq\unified_feature_representation_study\stage4_all_embeddings_ablation\bge-large\embeddings_depth_pca032\tabicl\summary.csv
bge-large,Embeddings + depth: PCA 32,TabICLv2: hidden,hidden,,0.4690217391304347,0.3102805294520049,0.5297307362500905,0.5304162599581806,0.5334252109052826,0.5571995997033099,0.5567233690828599,0.5688256663149438,1.048486181281947,1.0712786346156566,0.5110408171229319,0.3078395646244703,C:\Users\p06596\Documents\check\CNR-BOVINO\progetti_BOVINO\geological-transformer\src\results_uq\unified_feature_representation_study\stage4_all_embeddings_ablation\bge-large\embeddings_depth_pca032\tabicl\summary.csv
bge-large,Embeddings + depth: PCA 32,TabICLv2: model input,model_input,,0.4652173913043478,0.2898146597322761,0.5896736807613403,0.58153054004255,0.6075935766659069,0.6038389504329751,0.5915350791694044,0.6463051677089058,1.1061225057639268,1.2085381184800676,0.4568535478728263,0.2652136400984508,C:\Users\p06596\Documents\check\CNR-BOVINO\progetti_BOVINO\geological-transformer\src\results_uq\unified_feature_representation_study\stage4_all_embeddings_ablation\bge-large\embeddings_depth_pca032\tabicl\summary.csv
bge-m3,Embeddings + depth: PCA 32,Deep Ensemble,classification_head,11.0,0.5195652173913043,0.3684908377566803,0.6360246786194361,0.65644819150712,0.6335484406690609,0.606029505162463,0.6272668401214586,0.5898438109314355,1.305623287130638,1.2277291992238022,0.382297119558723,0.2282018150324407,C:\Users\p06596\Documents\check\CNR-BOVINO\progetti_BOVINO\geological-transformer\src\results_uq\unified_feature_representation_study\stage4_all_embeddings_ablation\bge-m3\embeddings_depth_pca032\deep_ensemble\fold_metrics.csv
bge-m3,Embeddings + depth: PCA 32,LLLA,classification_head,11.0,0.5103260869565217,0.3590677705619925,0.6857367095370308,0.6851363127720481,0.6138653899709614,0.7002088341624779,0.6431136736907489,0.5932900486925112,1.3133508985471454,1.2116023191944734,0.3575608384227101,0.1963527509537727,C:\Users\p06596\Documents\check\CNR-BOVINO\progetti_BOVINO\geological-transformer\src\results_uq\unified_feature_representation_study\stage4_all_embeddings_ablation\bge-m3\embeddings_depth_pca032\laplace\fold_metrics.csv
bge-m3,Embeddings + depth: PCA 32,MC dropout,classification_head,11.0,0.5108695652173914,0.3567132548873439,0.6261252955082743,0.6466831201596919,0.5871229080778887,0.6022850821029679,0.6196867568057718,0.5599957781495798,1.2669151472473559,1.1448802575502521,0.3950203312151701,0.2049853981351075,C:\Users\p06596\Documents\check\CNR-BOVINO\progetti_BOVINO\geological-transformer\src\results_uq\unified_feature_representation_study\stage4_all_embeddings_ablation\bge-m3\embeddings_depth_pca032\mc_dropout\fold_metrics.csv
bge-m3,Embeddings + depth: PCA 32,Subsample Ensemble,classification_head,11.0,0.5195652173913043,0.3600034564601692,0.6438118858744013,0.6388957357024779,0.6174319682530113,0.6044685722569101,0.5978242154417782,0.5915721201537848,1.2443399959421628,1.2313265849354798,0.3914830950356163,0.2204625979227864,C:\Users\p06596\Documents\check\CNR-BOVINO\progetti_BOVINO\geological-transformer\src\results_uq\unified_feature_representation_study\stage4_all_embeddings_ablation\bge-m3\embeddings_depth_pca032\subsample_ensemble\fold_metrics.csv
bge-m3,Embeddings + depth: PCA 32,TabICLv2: encoder input,encoder_input,,0.5016304347826087,0.3399047617557262,0.5336392990946265,0.5182279821028342,0.4715143473879093,0.5493327936818879,0.5283944922724926,0.4701877722163024,1.0602463094671608,0.9434520184056668,0.5039948544860128,0.2637228948799718,C:\Users\p06596\Documents\check\CNR-BOVINO\progetti_BOVINO\geological-transformer\src\results_uq\unified_feature_representation_study\stage4_all_embeddings_ablation\bge-m3\embeddings_depth_pca032\tabicl\summary.csv
bge-m3,Embeddings + depth: PCA 32,TabICLv2: hidden,hidden,,0.4956521739130435,0.3423701971441292,0.5573661051875378,0.5606697576376285,0.5655413452813067,0.5544252003080027,0.5574713798070536,0.5787073251786313,1.1053311841001927,1.1474369378541829,0.45442401882797,0.2901222047987312,C:\Users\p06596\Documents\check\CNR-BOVINO\progetti_BOVINO\geological-transformer\src\results_uq\unified_feature_representation_study\stage4_all_embeddings_ablation\bge-m3\embeddings_depth_pca032\tabicl\summary.csv
bge-m3,Embeddings + depth: PCA 32,TabICLv2: model input,model_input,,0.5260869565217391,0.3712098707760414,0.5367641832208658,0.5304888306543332,0.5848629776707862,0.5199427694331157,0.5100339414565366,0.5474609331496892,1.0762184085780129,1.1551927947195277,0.4468746766692536,0.2305759113326727,C:\Users\p06596\Documents\check\CNR-BOVINO\progetti_BOVINO\geological-transformer\src\results_uq\unified_feature_representation_study\stage4_all_embeddings_ablation\bge-m3\embeddings_depth_pca032\tabicl\summary.csv
distilroberta,Embeddings + depth: PCA 32,Deep Ensemble,classification_head,11.0,0.4673913043478261,0.3062012200628349,0.6222448979591837,0.6284403002411387,0.6174982210363896,0.6253882590737456,0.644132513346218,0.647605243356813,1.2093916577112667,1.2159118854862614,0.4296408864540159,0.2566356163795875,C:\Users\p06596\Documents\check\CNR-BOVINO\progetti_BOVINO\geological-transformer\src\results_uq\unified_feature_representation_study\stage4_all_embeddings_ablation\distilroberta\embeddings_depth_pca032\deep_ensemble\fold_metrics.csv
distilroberta,Embeddings + depth: PCA 32,LLLA,classification_head,11.0,0.4505434782608695,0.2896794175023646,0.6819807211147819,0.6727763396236056,0.6073251091768197,0.7311093372906387,0.6985649182765469,0.6403595743489712,1.271374331977098,1.1654417574699374,0.4174606966970247,0.2019633556351713,C:\Users\p06596\Documents\check\CNR-BOVINO\progetti_BOVINO\geological-transformer\src\results_uq\unified_feature_representation_study\stage4_all_embeddings_ablation\distilroberta\embeddings_depth_pca032\laplace\fold_metrics.csv
distilroberta,Embeddings + depth: PCA 32,MC dropout,classification_head,11.0,0.475,0.3095169844596134,0.6017951305484884,0.5949653788829716,0.5431367888788694,0.6047847785852699,0.6177682524317909,0.5816374222950588,1.1767014332034111,1.1078808043715405,0.4439365307015191,0.2093022178696549,C:\Users\p06596\Documents\check\CNR-BOVINO\progetti_BOVINO\geological-transformer\src\results_uq\unified_feature_representation_study\stage4_all_embeddings_ablation\distilroberta\embeddings_depth_pca032\mc_dropout\fold_metrics.csv
distilroberta,Embeddings + depth: PCA 32,Subsample Ensemble,classification_head,11.0,0.4788043478260869,0.3174675515029703,0.6389210762724604,0.6397440201990443,0.6736941525732214,0.630809955458678,0.6359271420018515,0.6941950547535595,1.2201313256344177,1.331927946555317,0.4246448114929803,0.2332462329417467,C:\Users\p06596\Documents\check\CNR-BOVINO\progetti_BOVINO\geological-transformer\src\results_uq\unified_feature_representation_study\stage4_all_embeddings_ablation\distilroberta\embeddings_depth_pca032\subsample_ensemble\fold_metrics.csv
distilroberta,Embeddings + depth: PCA 32,TabICLv2: encoder input,encoder_input,,0.4510869565217391,0.2703037089884496,0.5982685196230466,0.5857205057855184,0.5804431587737087,0.6448377168780688,0.6237578240363153,0.6098880190818813,1.136350887353287,1.1110831238719419,0.4938199793305728,0.3043446054607182,C:\Users\p06596\Documents\check\CNR-BOVINO\progetti_BOVINO\geological-transformer\src\results_uq\unified_feature_representation_study\stage4_all_embeddings_ablation\distilroberta\embeddings_depth_pca032\tabicl\summary.csv
distilroberta,Embeddings + depth: PCA 32,TabICLv2: hidden,hidden,,0.4521739130434782,0.2885752095280104,0.5583993914072038,0.5632345085470085,0.5374968998015873,0.6015497739270022,0.6043241070513707,0.6029631180574426,1.1031313065223434,1.100646961533427,0.4912118229890306,0.3482110927280112,C:\Users\p06596\Documents\check\CNR-BOVINO\progetti_BOVINO\geological-transformer\src\results_uq\unified_feature_representation_study\stage4_all_embeddings_ablation\distilroberta\embeddings_depth_pca032\tabicl\summary.csv
distilroberta,Embeddings + depth: PCA 32,TabICLv2: model input,model_input,,0.4657608695652174,0.2866613818589113,0.6083305338953576,0.603915929019706,0.596182357961661,0.631785518206919,0.6209481836999109,0.6013060795804976,1.1623038229988158,1.1255373208831287,0.4496140583793261,0.275614625492381,C:\Users\p06596\Documents\check\CNR-BOVINO\progetti_BOVINO\geological-transformer\src\results_uq\unified_feature_representation_study\stage4_all_embeddings_ablation\distilroberta\embeddings_depth_pca032\tabicl\summary.csv
e5-base,Embeddings + depth: PCA 32,Deep Ensemble,classification_head,11.0,0.5016304347826087,0.3375460190295481,0.594020966669069,0.6356276008542733,0.6429342578527992,0.5953666181662236,0.6336572957127322,0.6426694049034222,1.2714606587910875,1.2895438440810216,0.4130343302340053,0.2120203467814818,C:\Users\p06596\Documents\check\CNR-BOVINO\progetti_BOVINO\geological-transformer\src\results_uq\unified_feature_representation_study\stage4_all_embeddings_ablation\e5-base\embeddings_depth_pca032\deep_ensemble\fold_metrics.csv
e5-base,Embeddings + depth: PCA 32,LLLA,classification_head,11.0,0.5054347826086957,0.3384584702380397,0.6542171806687935,0.6606945276583034,0.5672953626982721,0.6408458809810458,0.6332016880971874,0.5610185495284378,1.2803198968118954,1.1343671770684896,0.374672567236572,0.1585840377875643,C:\Users\p06596\Documents\check\CNR-BOVINO\progetti_BOVINO\geological-transformer\src\results_uq\unified_feature_representation_study\stage4_all_embeddings_ablation\e5-base\embeddings_depth_pca032\laplace\fold_metrics.csv
e5-base,Embeddings + depth: PCA 32,MC dropout,classification_head,11.0,0.5119565217391304,0.3467617025992655,0.5662737198492521,0.5917181072212748,0.5664355165255959,0.5385978084147148,0.5723940544748364,0.5457357235239458,1.1728341427992193,1.1182112820535193,0.4318476246909694,0.1848002369151166,C:\Users\p06596\Documents\check\CNR-BOVINO\progetti_BOVINO\geological-transformer\src\results_uq\unified_feature_representation_study\stage4_all_embeddings_ablation\e5-base\embeddings_depth_pca032\mc_dropout\fold_metrics.csv
e5-base,Embeddings + depth: PCA 32,Subsample Ensemble,classification_head,11.0,0.5010869565217392,0.3347520893850703,0.6240731288900231,0.6357572944572069,0.5950357683416115,0.6041058290754764,0.6092856107460592,0.6027018078585015,1.2212260607546286,1.2080297673852318,0.4154166767864812,0.1924668478739002,C:\Users\p06596\Documents\check\CNR-BOVINO\progetti_BOVINO\geological-transformer\src\results_uq\unified_feature_representation_study\stage4_all_embeddings_ablation\e5-base\embeddings_depth_pca032\subsample_ensemble\fold_metrics.csv
e5-base,Embeddings + depth: PCA 32,TabICLv2: encoder input,encoder_input,,0.5021739130434782,0.3408198217119114,0.5251257112610824,0.5228324259437797,0.5401378097884648,0.5349713228385046,0.5375704077780155,0.5387260884563522,1.0798357536152274,1.0821572082529345,0.4970296270424117,0.254806233392051,C:\Users\p06596\Documents\check\CNR-BOVINO\progetti_BOVINO\geological-transformer\src\results_uq\unified_feature_representation_study\stage4_all_embeddings_ablation\e5-base\embeddings_depth_pca032\tabicl\summary.csv
e5-base,Embeddings + depth: PCA 32,TabICLv2: hidden,hidden,,0.4891304347826087,0.3355721662513993,0.5651371158392434,0.5724621749408983,0.5305307328605201,0.5670066144839572,0.5781958749542088,0.5643362928853781,1.131787670123132,1.1046582754352081,0.4708569369070465,0.2913699881103548,C:\Users\p06596\Documents\check\CNR-BOVINO\progetti_BOVINO\geological-transformer\src\results_uq\unified_feature_representation_study\stage4_all_embeddings_ablation\e5-base\embeddings_depth_pca032\tabicl\summary.csv
e5-base,Embeddings + depth: PCA 32,TabICLv2: model input,model_input,,0.5065217391304347,0.3483283243848355,0.5478076374052296,0.5339513102418181,0.5438112107920062,0.5446412198430279,0.5277720622177318,0.540357020450816,1.0694940467848308,1.094996605318834,0.4736105935794547,0.2367447345449433,C:\Users\p06596\Documents\check\CNR-BOVINO\progetti_BOVINO\geological-transformer\src\results_uq\unified_feature_representation_study\stage4_all_embeddings_ablation\e5-base\embeddings_depth_pca032\tabicl\summary.csv
e5-large,Embeddings + depth: PCA 32,Deep Ensemble,classification_head,11.0,0.479891304347826,0.315796466183704,0.5830863009759405,0.6247889607044282,0.6289699288493118,0.6075733299379292,0.6485912586702859,0.6561526398057286,1.247030215207237,1.2615682938793527,0.4469446081013682,0.2354983544544033,C:\Users\p06596\Documents\check\CNR-BOVINO\progetti_BOVINO\geological-transformer\src\results_uq\unified_feature_representation_study\stage4_all_embeddings_ablation\e5-large\embeddings_depth_pca032\deep_ensemble\fold_metrics.csv
e5-large,Embeddings + depth: PCA 32,LLLA,classification_head,11.0,0.4755434782608695,0.310430351352489,0.6658131754256107,0.6700797195806484,0.5821412536827801,0.6932978830789855,0.6853317209857258,0.5930668604566515,1.306746493900244,1.13082178574118,0.4068684220960915,0.1759060960263013,C:\Users\p06596\Documents\check\CNR-BOVINO\progetti_BOVINO\geological-transformer\src\results_uq\unified_feature_representation_study\stage4_all_embeddings_ablation\e5-large\embeddings_depth_pca032\laplace\fold_metrics.csv
e5-large,Embeddings + depth: PCA 32,MC dropout,classification_head,11.0,0.479891304347826,0.3115096988149732,0.582537208694119,0.5937538179319714,0.5551366730235463,0.591826560203173,0.6238361227053514,0.5768506047784504,1.1994341335191707,1.1090962516116496,0.4739868302630712,0.2030311574754507,C:\Users\p06596\Documents\check\CNR-BOVINO\progetti_BOVINO\geological-transformer\src\results_uq\unified_feature_representation_study\stage4_all_embeddings_ablation\e5-large\embeddings_depth_pca032\mc_dropout\fold_metrics.csv
e5-large,Embeddings + depth: PCA 32,Subsample Ensemble,classification_head,11.0,0.4896739130434782,0.320910487431603,0.6057557630322006,0.6322675018767153,0.611108953343345,0.6017538139933836,0.6258413048790208,0.6279420862311461,1.2263556985914783,1.230472245649956,0.431798485800146,0.2055949883940427,C:\Users\p06596\Documents\check\CNR-BOVINO\progetti_BOVINO\geological-transformer\src\results_uq\unified_feature_representation_study\stage4_all_embeddings_ablation\e5-large\embeddings_depth_pca032\subsample_ensemble\fold_metrics.csv
e5-large,Embeddings + depth: PCA 32,TabICLv2: encoder input,encoder_input,,0.4440217391304348,0.2654750811274016,0.5493771768300927,0.5396067916500656,0.5233981940461192,0.6146074804874302,0.6061208169380611,0.5872154310245796,1.0901879796344405,1.0561841574635646,0.5403667519470873,0.3101998884510006,C:\Users\p06596\Documents\check\CNR-BOVINO\progetti_BOVINO\geological-transformer\src\results_uq\unified_feature_representation_study\stage4_all_embeddings_ablation\e5-large\embeddings_depth_pca032\tabicl\summary.csv
e5-large,Embeddings + depth: PCA 32,TabICLv2: hidden,hidden,,0.4342391304347826,0.2641950837242,0.5481792201827693,0.5462195179132416,0.5153235492492416,0.6049090843455723,0.6017517609910057,0.5872548035757258,1.0636150242300195,1.0379911994037805,0.527801553889466,0.3499688882931866,C:\Users\p06596\Documents\check\CNR-BOVINO\progetti_BOVINO\geological-transformer\src\results_uq\unified_feature_representation_study\stage4_all_embeddings_ablation\e5-large\embeddings_depth_pca032\tabicl\summary.csv
e5-large,Embeddings + depth: PCA 32,TabICLv2: model input,model_input,,0.4744565217391304,0.3000926375746656,0.5473707964192938,0.5340029685225263,0.5819518331751938,0.5718375769874666,0.5563817134808716,0.5962391876669795,1.058678751607863,1.1345192402349968,0.4949276904249304,0.2632154445683906,C:\Users\p06596\Documents\check\CNR-BOVINO\progetti_BOVINO\geological-transformer\src\results_uq\unified_feature_representation_study\stage4_all_embeddings_ablation\e5-large\embeddings_depth_pca032\tabicl\summary.csv
e5-mistral,Embeddings + depth: PCA 32,Deep Ensemble,classification_head,11.0,0.4619565217391304,0.2982649004064975,0.6133071895424836,0.6195070692480541,0.653579042942095,0.6192502121775733,0.6387204743279461,0.6742364941197247,1.1871168411751725,1.2531264133134277,0.4411902155214043,0.2384098173321588,C:\Users\p06596\Documents\check\CNR-BOVINO\progetti_BOVINO\geological-transformer\src\results_uq\unified_feature_representation_study\stage4_all_embeddings_ablation\e5-mistral\embeddings_depth_pca032\deep_ensemble\fold_metrics.csv
e5-mistral,Embeddings + depth: PCA 32,LLLA,classification_head,11.0,0.4478260869565217,0.2812722649411978,0.6817844105955203,0.676785602929465,0.5554798829508374,0.7252043219049735,0.7016318788175238,0.6164939195561322,1.2706719065199248,1.1164850511646487,0.4202950640617036,0.1812342344418815,C:\Users\p06596\Documents\check\CNR-BOVINO\progetti_BOVINO\geological-transformer\src\results_uq\unified_feature_representation_study\stage4_all_embeddings_ablation\e5-mistral\embeddings_depth_pca032\laplace\fold_metrics.csv
e5-mistral,Embeddings + depth: PCA 32,MC dropout,classification_head,11.0,0.4608695652173913,0.2927526882652046,0.5918123288192331,0.5680850477131257,0.5072506678967637,0.6052178315205892,0.5988283320769828,0.5547172150137236,1.110729970787952,1.0289109633319067,0.4758039144893984,0.2007527337288078,C:\Users\p06596\Documents\check\CNR-BOVINO\progetti_BOVINO\geological-transformer\src\results_uq\unified_feature_representation_study\stage4_all_embeddings_ablation\e5-mistral\embeddings_depth_pca032\mc_dropout\fold_metrics.csv
e5-mistral,Embeddings + depth: PCA 32,Subsample Ensemble,classification_head,11.0,0.4701086956521739,0.3072670624849392,0.6254441974210762,0.6213678981381069,0.5951331526490157,0.6311711139560018,0.6373511855191636,0.627498375970855,1.2027960834412932,1.184202063370639,0.4407481052792574,0.216173563832822,C:\Users\p06596\Documents\check\CNR-BOVINO\progetti_BOVINO\geological-transformer\src\results_uq\unified_feature_representation_study\stage4_all_embeddings_ablation\e5-mistral\embeddings_depth_pca032\subsample_ensemble\fold_metrics.csv
e5-mistral,Embeddings + depth: PCA 32,TabICLv2: encoder input,encoder_input,,0.4771739130434783,0.3112901675745941,0.5489944780947058,0.5399846797910579,0.5476862222306413,0.5855731105579108,0.5702795557103599,0.5927046142271178,1.0907633913794825,1.1336553951953188,0.5014977730992274,0.2593972037681754,C:\Users\p06596\Documents\check\CNR-BOVINO\progetti_BOVINO\geological-transformer\src\results_uq\unified_feature_representation_study\stage4_all_embeddings_ablation\e5-mistral\embeddings_depth_pca032\tabicl\summary.csv
e5-mistral,Embeddings + depth: PCA 32,TabICLv2: hidden,hidden,,0.4739130434782608,0.3186741473576781,0.5451962809917356,0.5534323110167564,0.5463335923875957,0.5718187573174551,0.5649004210621924,0.5656565733089834,1.0737776598702828,1.075214974058398,0.4861961818774647,0.2827558813493695,C:\Users\p06596\Documents\check\CNR-BOVINO\progetti_BOVINO\geological-transformer\src\results_uq\unified_feature_representation_study\stage4_all_embeddings_ablation\e5-mistral\embeddings_depth_pca032\tabicl\summary.csv
e5-mistral,Embeddings + depth: PCA 32,TabICLv2: model input,model_input,,0.4679347826086956,0.2990558016736028,0.5779873273707201,0.5758661271130441,0.5982194018642361,0.6079765871805949,0.600891692173091,0.6003931554189819,1.1293572151159217,1.1284202308181068,0.4648168415580943,0.2660451233448456,C:\Users\p06596\Documents\check\CNR-BOVINO\progetti_BOVINO\geological-transformer\src\results_uq\unified_feature_representation_study\stage4_all_embeddings_ablation\e5-mistral\embeddings_depth_pca032\tabicl\summary.csv
e5-small,Embeddings + depth: PCA 32,Deep Ensemble,classification_head,11.0,0.4793478260869565,0.3144010598715047,0.5969316745487339,0.6352943466218619,0.6121463518913876,0.6132830035734709,0.6604467503403456,0.6589772989960617,1.2684989776891815,1.2656766494287615,0.4387692434721457,0.216155225864571,C:\Users\p06596\Documents\check\CNR-BOVINO\progetti_BOVINO\geological-transformer\src\results_uq\unified_feature_representation_study\stage4_all_embeddings_ablation\e5-small\embeddings_depth_pca032\deep_ensemble\fold_metrics.csv
e5-small,Embeddings + depth: PCA 32,LLLA,classification_head,11.0,0.471195652173913,0.3044769656517592,0.6822773121097783,0.7112013422840441,0.6131213130097964,0.7234017732939038,0.7188416213402657,0.6294035003718056,1.3593716169230101,1.1902388907339385,0.3872826358261681,0.1850556966241287,C:\Users\p06596\Documents\check\CNR-BOVINO\progetti_BOVINO\geological-transformer\src\results_uq\unified_feature_representation_study\stage4_all_embeddings_ablation\e5-small\embeddings_depth_pca032\laplace\fold_metrics.csv
e5-small,Embeddings + depth: PCA 32,MC dropout,classification_head,11.0,0.4782608695652174,0.3115676147428732,0.5884659090909091,0.6210618384594494,0.5928012622943155,0.6184796286171078,0.6494758879839369,0.6168150676793142,1.2448287853025457,1.1822288797186855,0.4557760652619104,0.1941989437393519,C:\Users\p06596\Documents\check\CNR-BOVINO\progetti_BOVINO\geological-transformer\src\results_uq\unified_feature_representation_study\stage4_all_embeddings_ablation\e5-small\embeddings_depth_pca032\mc_dropout\fold_metrics.csv
e5-small,Embeddings + depth: PCA 32,Subsample Ensemble,classification_head,11.0,0.4869565217391304,0.3205419873028794,0.6126830167978209,0.6262352832839193,0.6253707276802434,0.6062664512840554,0.6195998160812306,0.6397286485433255,1.2076945567685002,1.2469287217369902,0.4372908567845553,0.1948932480228983,C:\Users\p06596\Documents\check\CNR-BOVINO\progetti_BOVINO\geological-transformer\src\results_uq\unified_feature_representation_study\stage4_all_embeddings_ablation\e5-small\embeddings_depth_pca032\subsample_ensemble\fold_metrics.csv
e5-small,Embeddings + depth: PCA 32,TabICLv2: encoder input,encoder_input,,0.4815217391304348,0.3173423267513481,0.5545375063295332,0.5413046410267331,0.5347467713464988,0.5966057845175154,0.5769478333065988,0.5711238675588818,1.1127715023942786,1.1015386963399816,0.503259030729098,0.2791684219296051,C:\Users\p06596\Documents\check\CNR-BOVINO\progetti_BOVINO\geological-transformer\src\results_uq\unified_feature_representation_study\stage4_all_embeddings_ablation\e5-small\embeddings_depth_pca032\tabicl\summary.csv
e5-small,Embeddings + depth: PCA 32,TabICLv2: hidden,hidden,,0.4445652173913043,0.2800381022973173,0.554709591911923,0.5572753936621706,0.5338745639931292,0.6190671396161553,0.6200284295468642,0.6059877217193556,1.1162938457595206,1.0910150762853368,0.5220360143013765,0.3358819876901746,C:\Users\p06596\Documents\check\CNR-BOVINO\progetti_BOVINO\geological-transformer\src\results_uq\unified_feature_representation_study\stage4_all_embeddings_ablation\e5-small\embeddings_depth_pca032\tabicl\summary.csv
e5-small,Embeddings + depth: PCA 32,TabICLv2: model input,model_input,,0.5065217391304347,0.348754318003042,0.566559646253616,0.5667735295229812,0.627499834565427,0.5587402289046659,0.5600216793189046,0.6032642781514799,1.1348456937739915,1.2224738676197389,0.4398132784445718,0.2315246594242596,C:\Users\p06596\Documents\check\CNR-BOVINO\progetti_BOVINO\geological-transformer\src\results_uq\unified_feature_representation_study\stage4_all_embeddings_ablation\e5-small\embeddings_depth_pca032\tabicl\summary.csv
gte-base,Embeddings + depth: PCA 32,Deep Ensemble,classification_head,11.0,0.4516304347826086,0.2838651046346612,0.5954567735149001,0.614247534282895,0.6301314660920515,0.6244216833384659,0.6563143766756491,0.6631201361093397,1.1968468315988048,1.209257730863414,0.467842577281732,0.2352268207332362,C:\Users\p06596\Documents\check\CNR-BOVINO\progetti_BOVINO\geological-transformer\src\results_uq\unified_feature_representation_study\stage4_all_embeddings_ablation\gte-base\embeddings_depth_pca032\deep_ensemble\fold_metrics.csv
gte-base,Embeddings + depth: PCA 32,LLLA,classification_head,11.0,0.4532608695652174,0.2853114842754488,0.6554938951423355,0.643262453259644,0.5495868578799922,0.7110057865774679,0.6615409657987151,0.6109827517868821,1.2099755239260794,1.1175032438249135,0.435775106099333,0.190704528728257,C:\Users\p06596\Documents\check\CNR-BOVINO\progetti_BOVINO\geological-transformer\src\results_uq\unified_feature_representation_study\stage4_all_embeddings_ablation\gte-base\embeddings_depth_pca032\laplace\fold_metrics.csv
gte-base,Embeddings + depth: PCA 32,MC dropout,classification_head,11.0,0.4516304347826086,0.282974500539579,0.5794146305393456,0.5689046607322478,0.5085101032859892,0.6138626996506958,0.6188568683050802,0.5602016246164644,1.1285397796643681,1.0215767981112926,0.5112215622042865,0.2040565635037162,C:\Users\p06596\Documents\check\CNR-BOVINO\progetti_BOVINO\geological-transformer\src\results_uq\unified_feature_representation_study\stage4_all_embeddings_ablation\gte-base\embeddings_depth_pca032\mc_dropout\fold_metrics.csv
gte-base,Embeddings + depth: PCA 32,Subsample Ensemble,classification_head,11.0,0.4652173913043478,0.2936415844858594,0.6179348548742497,0.6194477541952924,0.5969981128134914,0.6288217838920023,0.6358443973465546,0.6359732127846358,1.188977328371606,1.189218202768018,0.4544282696393876,0.2106490195607361,C:\Users\p06596\Documents\check\CNR-BOVINO\progetti_BOVINO\geological-transformer\src\results_uq\unified_feature_representation_study\stage4_all_embeddings_ablation\gte-base\embeddings_depth_pca032\subsample_ensemble\fold_metrics.csv
gte-base,Embeddings + depth: PCA 32,TabICLv2: encoder input,encoder_input,,0.4608695652173913,0.2877356355389201,0.5253270265900791,0.5119214327830188,0.5194961817178941,0.5804829951419144,0.5662061727851746,0.5717105781248519,1.0502211269402433,1.0604309110380319,0.5312502644269382,0.2715384174771134,C:\Users\p06596\Documents\check\CNR-BOVINO\progetti_BOVINO\geological-transformer\src\results_uq\unified_feature_representation_study\stage4_all_embeddings_ablation\gte-base\embeddings_depth_pca032\tabicl\summary.csv
gte-base,Embeddings + depth: PCA 32,TabICLv2: hidden,hidden,,0.4516304347826086,0.2862138182847153,0.5010691979167039,0.498972544333251,0.4796423046969572,0.5619862369496442,0.5625271392308829,0.540613785850349,1.0258175779829775,0.9858566560601011,0.5494533684002751,0.3182352294839835,C:\Users\p06596\Documents\check\CNR-BOVINO\progetti_BOVINO\geological-transformer\src\results_uq\unified_feature_representation_study\stage4_all_embeddings_ablation\gte-base\embeddings_depth_pca032\tabicl\summary.csv
gte-base,Embeddings + depth: PCA 32,TabICLv2: model input,model_input,,0.4706521739130435,0.2987256101951184,0.595607622669784,0.5862997994034267,0.6204462680975573,0.604781129846643,0.5950045004812277,0.6342140959741791,1.1240331425928736,1.1981046576924943,0.4505131995210472,0.2536863398721575,C:\Users\p06596\Documents\check\CNR-BOVINO\progetti_BOVINO\geological-transformer\src\results_uq\unified_feature_representation_study\stage4_all_embeddings_ablation\gte-base\embeddings_depth_pca032\tabicl\summary.csv
gte-large,Embeddings + depth: PCA 32,Deep Ensemble,classification_head,11.0,0.483695652173913,0.3136737268135048,0.6025062093435837,0.630125294114495,0.597985829242521,0.6042347189840696,0.6376226662370809,0.5998370493446453,1.2349744272381356,1.1617896534675236,0.4292272816849692,0.2094916406209054,C:\Users\p06596\Documents\check\CNR-BOVINO\progetti_BOVINO\geological-transformer\src\results_uq\unified_feature_representation_study\stage4_all_embeddings_ablation\gte-large\embeddings_depth_pca032\deep_ensemble\fold_metrics.csv
gte-large,Embeddings + depth: PCA 32,LLLA,classification_head,11.0,0.4782608695652174,0.3053022272822639,0.6778042140151515,0.6751602441304354,0.5920119783915128,0.7025226878621849,0.675482071187176,0.5977735380938684,1.2946739697754206,1.1457326146799143,0.3945176506329901,0.1611573695812536,C:\Users\p06596\Documents\check\CNR-BOVINO\progetti_BOVINO\geological-transformer\src\results_uq\unified_feature_representation_study\stage4_all_embeddings_ablation\gte-large\embeddings_depth_pca032\laplace\fold_metrics.csv
gte-large,Embeddings + depth: PCA 32,MC dropout,classification_head,11.0,0.4885869565217391,0.3175515918541035,0.5923963218075581,0.5991289015013253,0.5424469414684774,0.5875412735092124,0.6123989303384847,0.5610810111788975,1.1974644333929987,1.097119086683498,0.453139023547258,0.1844344740166612,C:\Users\p06596\Documents\check\CNR-BOVINO\progetti_BOVINO\geological-transformer\src\results_uq\unified_feature_representation_study\stage4_all_embeddings_ablation\gte-large\embeddings_depth_pca032\mc_dropout\fold_metrics.csv
gte-large,Embeddings + depth: PCA 32,Subsample Ensemble,classification_head,11.0,0.4972826086956521,0.3246956723849086,0.6161252399940924,0.6251886309552018,0.5883021302759044,0.5969331658906375,0.6168652645646352,0.6054645133740716,1.2270617154583012,1.2043834644413962,0.4201452220526987,0.1870280245076054,C:\Users\p06596\Documents\check\CNR-BOVINO\progetti_BOVINO\geological-transformer\src\results_uq\unified_feature_representation_study\stage4_all_embeddings_ablation\gte-large\embeddings_depth_pca032\subsample_ensemble\fold_metrics.csv
gte-large,Embeddings + depth: PCA 32,TabICLv2: encoder input,encoder_input,,0.4896739130434782,0.3241351307264327,0.5656080866248482,0.558912177807406,0.5336580228571023,0.5740340585463296,0.5736025558259032,0.5585182701183038,1.1239922286684365,1.0944340969304354,0.4758963522102527,0.2549250334262104,C:\Users\p06596\Documents\check\CNR-BOVINO\progetti_BOVINO\geological-transformer\src\results_uq\unified_feature_representation_study\stage4_all_embeddings_ablation\gte-large\embeddings_depth_pca032\tabicl\summary.csv
gte-large,Embeddings + depth: PCA 32,TabICLv2: hidden,hidden,,0.4635869565217391,0.3013593655268348,0.538149519367249,0.5360293427690102,0.5276709770985294,0.5664112567307834,0.5516578533823457,0.5582607179379079,1.0284199090410497,1.040729200613729,0.4981202869335999,0.3042915482703148,C:\Users\p06596\Documents\check\CNR-BOVINO\progetti_BOVINO\geological-transformer\src\results_uq\unified_feature_representation_study\stage4_all_embeddings_ablation\gte-large\embeddings_depth_pca032\tabicl\summary.csv
gte-large,Embeddings + depth: PCA 32,TabICLv2: model input,model_input,,0.4994565217391304,0.3359444034083674,0.5849422081075237,0.5855565755630618,0.600825969784936,0.5594862133832947,0.5616942701818237,0.5921676486180444,1.122168791677042,1.1830493740034764,0.4149459436426661,0.231857744046691,C:\Users\p06596\Documents\check\CNR-BOVINO\progetti_BOVINO\geological-transformer\src\results_uq\unified_feature_representation_study\stage4_all_embeddings_ablation\gte-large\embeddings_depth_pca032\tabicl\summary.csv
gte-modernbert,Embeddings + depth: PCA 32,Deep Ensemble,classification_head,11.0,0.5271739130434783,0.3481820210304215,0.6048536556464036,0.6064931748708431,0.6100276925805503,0.5696167758694778,0.5844334643852623,0.5677269290840337,1.2360431890446928,1.2007098270283012,0.3778780663545448,0.2714479123768599,C:\Users\p06596\Documents\check\CNR-BOVINO\progetti_BOVINO\geological-transformer\src\results_uq\unified_feature_representation_study\stage4_all_embeddings_ablation\gte-modernbert\embeddings_depth_pca032\deep_ensemble\fold_metrics.csv
gte-modernbert,Embeddings + depth: PCA 32,LLLA,classification_head,11.0,0.5244565217391305,0.3450839754255884,0.5750016284233901,0.6234010379428001,0.6324431022355246,0.5348018646509765,0.5796727454930082,0.5939201906026242,1.218968973379583,1.2489293150958043,0.3588204896754304,0.2040447430685162,C:\Users\p06596\Documents\check\CNR-BOVINO\progetti_BOVINO\geological-transformer\src\results_uq\unified_feature_representation_study\stage4_all_embeddings_ablation\gte-modernbert\embeddings_depth_pca032\laplace\fold_metrics.csv
gte-modernbert,Embeddings + depth: PCA 32,MC dropout,classification_head,11.0,0.5260869565217391,0.3474941180071931,0.5777411574038972,0.5976109284710988,0.59848402463383,0.5475628198492538,0.5657489526378394,0.5657236109106049,1.1937821936394777,1.1937287202700835,0.3761622069939401,0.3049948395756275,C:\Users\p06596\Documents\check\CNR-BOVINO\progetti_BOVINO\geological-transformer\src\results_uq\unified_feature_representation_study\stage4_all_embeddings_ablation\gte-modernbert\embeddings_depth_pca032\mc_dropout\fold_metrics.csv
gte-modernbert,Embeddings + depth: PCA 32,Subsample Ensemble,classification_head,11.0,0.5407608695652174,0.3727634725632128,0.6352032351104635,0.631855353420713,0.6291021597691786,0.5650820058576429,0.5642710615768738,0.5503726997101149,1.2287085837886955,1.1984446952267591,0.3396821363914091,0.2136851854136456,C:\Users\p06596\Documents\check\CNR-BOVINO\progetti_BOVINO\geological-transformer\src\results_uq\unified_feature_representation_study\stage4_all_embeddings_ablation\gte-modernbert\embeddings_depth_pca032\subsample_ensemble\fold_metrics.csv
gte-modernbert,Embeddings + depth: PCA 32,TabICLv2: encoder input,encoder_input,,0.5563839701770736,0.3938766767104137,0.6541548780316147,0.6461386061962473,0.5917243781934884,0.5774773273583956,0.5690014840267086,0.4908750295409737,1.2826441015980217,1.1065313165913124,0.3223452277399789,0.202658514498834,C:\Users\p06596\Documents\check\CNR-BOVINO\progetti_BOVINO\geological-transformer\src\results_uq\unified_feature_representation_study\stage4_all_embeddings_ablation\gte-modernbert\embeddings_depth_pca032\tabicl\summary.csv
gte-modernbert,Embeddings + depth: PCA 32,TabICLv2: hidden,hidden,,0.4939422180801491,0.3196648762260625,0.5931026095416797,0.5932728725807012,0.5838979811668231,0.5710559850888508,0.572524678294617,0.5488376221346873,1.131342504254372,1.0845354853600728,0.4046107481304445,0.453606104362094,C:\Users\p06596\Documents\check\CNR-BOVINO\progetti_BOVINO\geological-transformer\src\results_uq\unified_feature_representation_study\stage4_all_embeddings_ablation\gte-modernbert\embeddings_depth_pca032\tabicl\summary.csv
gte-modernbert,Embeddings + depth: PCA 32,TabICLv2: model input,model_input,,0.5479962721342032,0.382933362423564,0.6774125113963112,0.665409565888211,0.6678606494144049,0.5832222670978708,0.5610016131596658,0.5974432412335049,1.2411437750934462,1.3217661811207233,0.3081035374181824,0.2063067483755954,C:\Users\p06596\Documents\check\CNR-BOVINO\progetti_BOVINO\geological-transformer\src\results_uq\unified_feature_representation_study\stage4_all_embeddings_ablation\gte-modernbert\embeddings_depth_pca032\tabicl\summary.csv
labse,Embeddings + depth: PCA 32,Deep Ensemble,classification_head,11.0,0.4972826086956521,0.3339249342213689,0.6429644070299808,0.6506843657294923,0.6418479950355779,0.6150390817297242,0.6338772738920737,0.6227684010011597,1.2609018204988276,1.2388041706401445,0.3831525675756954,0.2472216814270486,C:\Users\p06596\Documents\check\CNR-BOVINO\progetti_BOVINO\geological-transformer\src\results_uq\unified_feature_representation_study\stage4_all_embeddings_ablation\labse\embeddings_depth_pca032\deep_ensemble\fold_metrics.csv
labse,Embeddings + depth: PCA 32,LLLA,classification_head,11.0,0.5054347826086957,0.3445694497878153,0.70023927685218,0.6853535079230915,0.6378641795630624,0.7174967391103473,0.6718493305572479,0.6262977146873302,1.3584645804674025,1.2663602143128436,0.3595282054715875,0.1848976816172184,C:\Users\p06596\Documents\check\CNR-BOVINO\progetti_BOVINO\geological-transformer\src\results_uq\unified_feature_representation_study\stage4_all_embeddings_ablation\labse\embeddings_depth_pca032\laplace\fold_metrics.csv
labse,Embeddings + depth: PCA 32,MC dropout,classification_head,11.0,0.5179347826086956,0.3560110980525137,0.6299480309613859,0.6305302577329961,0.5816616221537095,0.5950840040211978,0.6096940258286544,0.5699862415782501,1.2647542362172763,1.1823840862502595,0.3869463979068499,0.1866382027125876,C:\Users\p06596\Documents\check\CNR-BOVINO\progetti_BOVINO\geological-transformer\src\results_uq\unified_feature_representation_study\stage4_all_embeddings_ablation\labse\embeddings_depth_pca032\mc_dropout\fold_metrics.csv
labse,Embeddings + depth: PCA 32,Subsample Ensemble,classification_head,11.0,0.4951086956521739,0.3241964726492066,0.6545191588514496,0.6427643184624858,0.6329987712772833,0.6363192031851207,0.626185764811723,0.6221467891789814,1.2402387591534665,1.2322390657581548,0.3915182748260609,0.2136339662029691,C:\Users\p06596\Documents\check\CNR-BOVINO\progetti_BOVINO\geological-transformer\src\results_uq\unified_feature_representation_study\stage4_all_embeddings_ablation\labse\embeddings_depth_pca032\subsample_ensemble\fold_metrics.csv
labse,Embeddings + depth: PCA 32,TabICLv2: encoder input,encoder_input,,0.4896739130434782,0.3290234187044392,0.5150820470451125,0.4972566276495528,0.5041771124026198,0.5289620664131272,0.5173619572816264,0.5281087037985062,1.013787008943762,1.0348455963676797,0.5217449492602196,0.2506364123409337,C:\Users\p06596\Documents\check\CNR-BOVINO\progetti_BOVINO\geological-transformer\src\results_uq\unified_feature_representation_study\stage4_all_embeddings_ablation\labse\embeddings_depth_pca032\tabicl\summary.csv
labse,Embeddings + depth: PCA 32,TabICLv2: hidden,hidden,,0.4972826086956521,0.3487597929959154,0.5307351942106041,0.5325570816718358,0.5457096440702998,0.5403421256637118,0.5420464757757576,0.5374722715757156,1.0782329896512366,1.0691340321073695,0.4815464204503922,0.3061157971240417,C:\Users\p06596\Documents\check\CNR-BOVINO\progetti_BOVINO\geological-transformer\src\results_uq\unified_feature_representation_study\stage4_all_embeddings_ablation\labse\embeddings_depth_pca032\tabicl\summary.csv
labse,Embeddings + depth: PCA 32,TabICLv2: model input,model_input,,0.4793478260869565,0.3126583369304598,0.5460029871377918,0.5197661179990437,0.6009928327628894,0.5681779572766313,0.5308328368066912,0.5862495609629718,1.0195536740337283,1.1259908060249144,0.4878726903888796,0.2478213863575589,C:\Users\p06596\Documents\check\CNR-BOVINO\progetti_BOVINO\geological-transformer\src\results_uq\unified_feature_representation_study\stage4_all_embeddings_ablation\labse\embeddings_depth_pca032\tabicl\summary.csv
minilm-en,Embeddings + depth: PCA 32,Deep Ensemble,classification_head,11.0,0.4788043478260869,0.3286721006517759,0.6116449811156391,0.6444751224743746,0.6340966005093179,0.6085779886954065,0.6392846021547907,0.617406739242302,1.226573167846522,1.184596871956033,0.423336899878439,0.2816663083660862,C:\Users\p06596\Documents\check\CNR-BOVINO\progetti_BOVINO\geological-transformer\src\results_uq\unified_feature_representation_study\stage3_minilm_ablation\embeddings_depth_pca032\deep_ensemble\fold_metrics.csv
minilm-en,Embeddings + depth: PCA 32,LLLA,classification_head,11.0,0.4717391304347826,0.3174956978706174,0.6750494253854469,0.6615491227578881,0.6037671168047405,0.6946053612558145,0.6798974902643115,0.6138342933099311,1.2870487470024004,1.1619908433027504,0.4067624409362551,0.2098813204985597,C:\Users\p06596\Documents\check\CNR-BOVINO\progetti_BOVINO\geological-transformer\src\results_uq\unified_feature_representation_study\stage3_minilm_ablation\embeddings_depth_pca032\laplace\fold_metrics.csv
minilm-en,Embeddings + depth: PCA 32,MC dropout,classification_head,11.0,0.4760869565217391,0.3241890775938991,0.6208222020121639,0.6117445540076937,0.5838363545470794,0.62613515115824,0.6350241886130482,0.6180818489373228,1.2120793641576855,1.179741288428085,0.4469262547606327,0.2295031410358522,C:\Users\p06596\Documents\check\CNR-BOVINO\progetti_BOVINO\geological-transformer\src\results_uq\unified_feature_representation_study\stage3_minilm_ablation\embeddings_depth_pca032\mc_dropout\fold_metrics.csv
minilm-en,Embeddings + depth: PCA 32,Subsample Ensemble,classification_head,11.0,0.4826086956521739,0.3279269735349593,0.6193823813309107,0.6445752433232821,0.6456711803518884,0.6404791527208094,0.6463300927002025,0.6431556769590976,1.2492094228659376,1.2430739974839702,0.4242158586666819,0.2544855410638063,C:\Users\p06596\Documents\check\CNR-BOVINO\progetti_BOVINO\geological-transformer\src\results_uq\unified_feature_representation_study\stage3_minilm_ablation\embeddings_depth_pca032\subsample_ensemble\fold_metrics.csv
minilm-en,Embeddings + depth: PCA 32,TabICLv2: encoder input,encoder_input,,0.4967391304347826,0.3375381320709087,0.525772008261221,0.5283808148739786,0.5352242061335312,0.5237657249539125,0.5177836176359509,0.540986742944687,1.028857296382451,1.0749628585509978,0.4664046909894002,0.2438361618253215,C:\Users\p06596\Documents\check\CNR-BOVINO\progetti_BOVINO\geological-transformer\src\results_uq\unified_feature_representation_study\stage3_minilm_ablation\embeddings_depth_pca032\tabicl\summary.csv
minilm-en,Embeddings + depth: PCA 32,TabICLv2: hidden,hidden,,0.4440217391304348,0.2824128786896845,0.5576106945396636,0.5643815260035104,0.5702633792419397,0.598474072166296,0.597009876882814,0.6056732557089721,1.0738007560746607,1.089382981920341,0.483953209167638,0.3587273400653326,C:\Users\p06596\Documents\check\CNR-BOVINO\progetti_BOVINO\geological-transformer\src\results_uq\unified_feature_representation_study\stage3_minilm_ablation\embeddings_depth_pca032\tabicl\summary.csv
minilm-en,Embeddings + depth: PCA 32,TabICLv2: model input,model_input,,0.475,0.3097692978903276,0.5843703066740575,0.5853000885957805,0.6309754774459779,0.5923461592591268,0.5922017442972205,0.6314294945533399,1.128003322470896,1.2027228467682662,0.4422522958264636,0.2599245852025051,C:\Users\p06596\Documents\check\CNR-BOVINO\progetti_BOVINO\geological-transformer\src\results_uq\unified_feature_representation_study\stage3_minilm_ablation\embeddings_depth_pca032\tabicl\summary.csv
mpnet,Embeddings + depth: PCA 32,Deep Ensemble,classification_head,11.0,0.4603260869565217,0.3100353587332708,0.5852585572442754,0.5994143122083344,0.5789858877139088,0.5952857394767892,0.6226115893854927,0.593074246880346,1.1536810921141054,1.0989492590733503,0.4751034205205267,0.2623262451394744,C:\Users\p06596\Documents\check\CNR-BOVINO\progetti_BOVINO\geological-transformer\src\results_uq\unified_feature_representation_study\stage4_all_embeddings_ablation\mpnet\embeddings_depth_pca032\deep_ensemble\fold_metrics.csv
mpnet,Embeddings + depth: PCA 32,LLLA,classification_head,11.0,0.4413043478260869,0.287042056345825,0.6581865404151732,0.6415647197784905,0.5714344416708702,0.7198561660404188,0.6772230031439506,0.6333887367672645,1.212150122358822,1.133691902384987,0.4525994102261747,0.2149466838606673,C:\Users\p06596\Documents\check\CNR-BOVINO\progetti_BOVINO\geological-transformer\src\results_uq\unified_feature_representation_study\stage4_all_embeddings_ablation\mpnet\embeddings_depth_pca032\laplace\fold_metrics.csv
mpnet,Embeddings + depth: PCA 32,MC dropout,classification_head,11.0,0.4554347826086956,0.2959894991380424,0.5849256141654638,0.5825115899963494,0.5312312201027652,0.5995394239566826,0.6129155431633764,0.5821617127441057,1.12551357227606,1.0690394725041459,0.4882607556250977,0.2181848330666189,C:\Users\p06596\Documents\check\CNR-BOVINO\progetti_BOVINO\geological-transformer\src\results_uq\unified_feature_representation_study\stage4_all_embeddings_ablation\mpnet\embeddings_depth_pca032\mc_dropout\fold_metrics.csv
mpnet,Embeddings + depth: PCA 32,Subsample Ensemble,classification_head,11.0,0.4663043478260869,0.3123016522457646,0.5942768195823186,0.5986618261176196,0.6006649060894748,0.5969408812463075,0.5991108750810259,0.6230687142634053,1.1225702751009037,1.1674607273367266,0.4701522986700959,0.2468193480016096,C:\Users\p06596\Documents\check\CNR-BOVINO\progetti_BOVINO\geological-transformer\src\results_uq\unified_feature_representation_study\stage4_all_embeddings_ablation\mpnet\embeddings_depth_pca032\subsample_ensemble\fold_metrics.csv
mpnet,Embeddings + depth: PCA 32,TabICLv2: encoder input,encoder_input,,0.4875,0.3218614027469945,0.5385058714626699,0.5250215458385499,0.4909182369415668,0.5563232976428236,0.5351505677134573,0.5229055128536506,1.0441962296847946,1.0203034397144404,0.5035504730214503,0.2517295034416914,C:\Users\p06596\Documents\check\CNR-BOVINO\progetti_BOVINO\geological-transformer\src\results_uq\unified_feature_representation_study\stage4_all_embeddings_ablation\mpnet\embeddings_depth_pca032\tabicl\summary.csv
mpnet,Embeddings + depth: PCA 32,TabICLv2: hidden,hidden,,0.4298913043478261,0.2625360391304911,0.521444178369864,0.5225203944759864,0.5113978878204395,0.5881249666117142,0.5903982917788902,0.5762712409926951,1.0355889960659277,1.010809421760304,0.5536538884383395,0.3445156725149965,C:\Users\p06596\Documents\check\CNR-BOVINO\progetti_BOVINO\geological-transformer\src\results_uq\unified_feature_representation_study\stage4_all_embeddings_ablation\mpnet\embeddings_depth_pca032\tabicl\summary.csv
mpnet,Embeddings + depth: PCA 32,TabICLv2: model input,model_input,,0.5032608695652174,0.3402904313162769,0.5516686673818829,0.5382193713343195,0.5614670520012666,0.5392136993651162,0.5182405958135985,0.5357865289202977,1.0432852257079008,1.078607454281562,0.4527315558454702,0.2289828449518965,C:\Users\p06596\Documents\check\CNR-BOVINO\progetti_BOVINO\geological-transformer\src\results_uq\unified_feature_representation_study\stage4_all_embeddings_ablation\mpnet\embeddings_depth_pca032\tabicl\summary.csv
bge-base,Embeddings + depth: PCA 64,Deep Ensemble,classification_head,11.0,0.4907608695652174,0.3395140658137323,0.5831185270017765,0.604577351185759,0.6318424168905891,0.6003720175640781,0.6140443072616206,0.6507245817911532,1.2058073909940044,1.277836958906854,0.4476106037174237,0.2399563483893871,C:\Users\p06596\Documents\check\CNR-BOVINO\progetti_BOVINO\geological-transformer\src\results_uq\unified_feature_representation_study\stage4_all_embeddings_ablation\bge-base\embeddings_depth_pca064\deep_ensemble\fold_metrics.csv
bge-base,Embeddings + depth: PCA 64,LLLA,classification_head,11.0,0.4934782608695652,0.3448591501011678,0.6483245022782704,0.655031175924189,0.6101601251181982,0.700283096642202,0.6525707321404127,0.6038419684972746,1.2883370677450205,1.1921343584066364,0.3981464602451878,0.1876658575042434,C:\Users\p06596\Documents\check\CNR-BOVINO\progetti_BOVINO\geological-transformer\src\results_uq\unified_feature_representation_study\stage4_all_embeddings_ablation\bge-base\embeddings_depth_pca064\laplace\fold_metrics.csv
bge-base,Embeddings + depth: PCA 64,MC dropout,classification_head,11.0,0.5092391304347826,0.3589561950977166,0.5449893690071398,0.568907389841504,0.5404234186923531,0.5435733347280824,0.564261420404734,0.540914199365138,1.1497685642798567,1.1021950463254195,0.460657166268545,0.2049330488738157,C:\Users\p06596\Documents\check\CNR-BOVINO\progetti_BOVINO\geological-transformer\src\results_uq\unified_feature_representation_study\stage4_all_embeddings_ablation\bge-base\embeddings_depth_pca064\mc_dropout\fold_metrics.csv
bge-base,Embeddings + depth: PCA 64,Subsample Ensemble,classification_head,11.0,0.5114130434782609,0.3541865312015429,0.5944519769870644,0.6072934732336116,0.5963806095420743,0.5718329829750475,0.5900379308016749,0.6049883132788643,1.207641593631904,1.2382408191691994,0.4356332228506585,0.2081664738771707,C:\Users\p06596\Documents\check\CNR-BOVINO\progetti_BOVINO\geological-transformer\src\results_uq\unified_feature_representation_study\stage4_all_embeddings_ablation\bge-base\embeddings_depth_pca064\subsample_ensemble\fold_metrics.csv
bge-base,Embeddings + depth: PCA 64,TabICLv2: encoder input,encoder_input,,0.4771739130434783,0.3088332969543573,0.5212109121562425,0.5066969676878561,0.4859898228349253,0.5485228482532858,0.5344357273676792,0.5268879999497749,1.0222055492271618,1.0077691475130828,0.5117638959070002,0.2837897825646056,C:\Users\p06596\Documents\check\CNR-BOVINO\progetti_BOVINO\geological-transformer\src\results_uq\unified_feature_representation_study\stage4_all_embeddings_ablation\bge-base\embeddings_depth_pca064\tabicl\summary.csv
bge-base,Embeddings + depth: PCA 64,TabICLv2: hidden,hidden,,0.4380434782608696,0.2721463297438494,0.5186800159346487,0.5165237987818633,0.4760608300416125,0.5933659300294405,0.5818886455971717,0.5513330645973373,1.0354691565752379,0.9810955888385886,0.5577084366910903,0.3621168843019601,C:\Users\p06596\Documents\check\CNR-BOVINO\progetti_BOVINO\geological-transformer\src\results_uq\unified_feature_representation_study\stage4_all_embeddings_ablation\bge-base\embeddings_depth_pca064\tabicl\summary.csv
bge-base,Embeddings + depth: PCA 64,TabICLv2: model input,model_input,,0.5027173913043478,0.3365606842456805,0.5700575985821887,0.5591227292866637,0.5781131295229656,0.5382665527950186,0.528128297612223,0.5660230602453282,1.062028489187421,1.1382321648649223,0.4252820178207032,0.224203523898232,C:\Users\p06596\Documents\check\CNR-BOVINO\progetti_BOVINO\geological-transformer\src\results_uq\unified_feature_representation_study\stage4_all_embeddings_ablation\bge-base\embeddings_depth_pca064\tabicl\summary.csv
bge-large,Embeddings + depth: PCA 64,Deep Ensemble,classification_head,11.0,0.4875,0.3248931631708965,0.609245381387942,0.6194988534537047,0.646996651162728,0.623714945411526,0.64082011801492,0.6650330187214998,1.2503807180778927,1.2976254023834144,0.4359296610137513,0.2470598535855179,C:\Users\p06596\Documents\check\CNR-BOVINO\progetti_BOVINO\geological-transformer\src\results_uq\unified_feature_representation_study\stage4_all_embeddings_ablation\bge-large\embeddings_depth_pca064\deep_ensemble\fold_metrics.csv
bge-large,Embeddings + depth: PCA 64,LLLA,classification_head,11.0,0.4891304347826087,0.3183073969287663,0.6416264775413713,0.640662447729073,0.6022999486492369,0.6361060754005099,0.6375128386985887,0.5974949923224959,1.2478974714951097,1.1695646658227579,0.3979312722212101,0.1860101105645298,C:\Users\p06596\Documents\check\CNR-BOVINO\progetti_BOVINO\geological-transformer\src\results_uq\unified_feature_representation_study\stage4_all_embeddings_ablation\bge-large\embeddings_depth_pca064\laplace\fold_metrics.csv
bge-large,Embeddings + depth: PCA 64,MC dropout,classification_head,11.0,0.4891304347826087,0.3179057990539441,0.5800697399527187,0.5767657414225087,0.5473939601977689,0.5822634491220285,0.607870827270613,0.5622028582794845,1.189874810827583,1.1004821906747355,0.4579424852060554,0.2035051643362511,C:\Users\p06596\Documents\check\CNR-BOVINO\progetti_BOVINO\geological-transformer\src\results_uq\unified_feature_representation_study\stage4_all_embeddings_ablation\bge-large\embeddings_depth_pca064\mc_dropout\fold_metrics.csv
bge-large,Embeddings + depth: PCA 64,Subsample Ensemble,classification_head,11.0,0.4956521739130435,0.3277066213675612,0.6102209996975198,0.6072389798303115,0.6078377044024613,0.5883988484916143,0.6060975958454199,0.622967940511529,1.2017452331417808,1.2351950544625145,0.4343412482093405,0.2229610623224921,C:\Users\p06596\Documents\check\CNR-BOVINO\progetti_BOVINO\geological-transformer\src\results_uq\unified_feature_representation_study\stage4_all_embeddings_ablation\bge-large\embeddings_depth_pca064\subsample_ensemble\fold_metrics.csv
bge-large,Embeddings + depth: PCA 64,TabICLv2: encoder input,encoder_input,,0.4842391304347826,0.3181741862377519,0.5394236238985097,0.5240598231465812,0.498198824682843,0.5444618895074662,0.5301118994500627,0.5185434566356901,1.0278249683752532,1.0053951108637196,0.4966217547412349,0.2664257811679065,C:\Users\p06596\Documents\check\CNR-BOVINO\progetti_BOVINO\geological-transformer\src\results_uq\unified_feature_representation_study\stage4_all_embeddings_ablation\bge-large\embeddings_depth_pca064\tabicl\summary.csv
bge-large,Embeddings + depth: PCA 64,TabICLv2: hidden,hidden,,0.45,0.2903853247929172,0.5561558400641576,0.5520875102633136,0.5448196520975349,0.6059048454371397,0.6007609469627788,0.5831595170469664,1.092292630841416,1.0602900309944843,0.5182163770093102,0.3427462285440518,C:\Users\p06596\Documents\check\CNR-BOVINO\progetti_BOVINO\geological-transformer\src\results_uq\unified_feature_representation_study\stage4_all_embeddings_ablation\bge-large\embeddings_depth_pca064\tabicl\summary.csv
bge-large,Embeddings + depth: PCA 64,TabICLv2: model input,model_input,,0.4744565217391304,0.3014901162076292,0.5978250182719314,0.5758667173660936,0.6545491482377803,0.6067726474998665,0.5733569976598205,0.6626802049995578,1.0909791889287173,1.26094268583163,0.4472851593271104,0.2466318442763212,C:\Users\p06596\Documents\check\CNR-BOVINO\progetti_BOVINO\geological-transformer\src\results_uq\unified_feature_representation_study\stage4_all_embeddings_ablation\bge-large\embeddings_depth_pca064\tabicl\summary.csv
bge-m3,Embeddings + depth: PCA 64,Deep Ensemble,classification_head,11.0,0.4913043478260869,0.333898798481248,0.6391087096286212,0.6438307013793394,0.6589954205758346,0.6272207341974261,0.6369160995499706,0.6416091014127852,1.2520572897136173,1.2612828489311159,0.4184583703688259,0.2473775797887988,C:\Users\p06596\Documents\check\CNR-BOVINO\progetti_BOVINO\geological-transformer\src\results_uq\unified_feature_representation_study\stage4_all_embeddings_ablation\bge-m3\embeddings_depth_pca064\deep_ensemble\fold_metrics.csv
bge-m3,Embeddings + depth: PCA 64,LLLA,classification_head,11.0,0.4923913043478261,0.3467322791554461,0.6898253848953682,0.6574555745935764,0.602231909901089,0.7181718821198013,0.6418704866258705,0.5913664073910636,1.2644986032029997,1.1650044856526307,0.3973017364430072,0.1984283112718359,C:\Users\p06596\Documents\check\CNR-BOVINO\progetti_BOVINO\geological-transformer\src\results_uq\unified_feature_representation_study\stage4_all_embeddings_ablation\bge-m3\embeddings_depth_pca064\laplace\fold_metrics.csv
bge-m3,Embeddings + depth: PCA 64,MC dropout,classification_head,11.0,0.5059782608695652,0.3579707376202372,0.5940960368861805,0.581800640410776,0.5614529876694708,0.5781060029046601,0.5724581814312913,0.5509976894568994,1.1587712363405678,1.115330856546419,0.4423934295880701,0.2131126019941723,C:\Users\p06596\Documents\check\CNR-BOVINO\progetti_BOVINO\geological-transformer\src\results_uq\unified_feature_representation_study\stage4_all_embeddings_ablation\bge-m3\embeddings_depth_pca064\mc_dropout\fold_metrics.csv
bge-m3,Embeddings + depth: PCA 64,Subsample Ensemble,classification_head,11.0,0.5021739130434782,0.3385427958986934,0.6315903892323107,0.622235226174853,0.6331585634388971,0.6038652873614,0.5953671643296827,0.6112102143323662,1.1959340418849522,1.2277585091392509,0.415448209612928,0.2284616757346236,C:\Users\p06596\Documents\check\CNR-BOVINO\progetti_BOVINO\geological-transformer\src\results_uq\unified_feature_representation_study\stage4_all_embeddings_ablation\bge-m3\embeddings_depth_pca064\subsample_ensemble\fold_metrics.csv
bge-m3,Embeddings + depth: PCA 64,TabICLv2: encoder input,encoder_input,,0.4793478260869565,0.312687817513219,0.5321265249314757,0.5216821941024148,0.4773000014201923,0.5655930290552376,0.5444763261935335,0.5105516989036508,1.0457582883049077,0.9806003402742353,0.5207470561504656,0.2755086363205549,C:\Users\p06596\Documents\check\CNR-BOVINO\progetti_BOVINO\geological-transformer\src\results_uq\unified_feature_representation_study\stage4_all_embeddings_ablation\bge-m3\embeddings_depth_pca064\tabicl\summary.csv
bge-m3,Embeddings + depth: PCA 64,TabICLv2: hidden,hidden,,0.4532608695652174,0.2906770305032941,0.5618149615496469,0.5646743042941391,0.5306840015065482,0.5953243269944739,0.5888918178873073,0.5692114823019878,1.0770983547839417,1.0411025123614885,0.4941394249878383,0.3560471195957629,C:\Users\p06596\Documents\check\CNR-BOVINO\progetti_BOVINO\geological-transformer\src\results_uq\unified_feature_representation_study\stage4_all_embeddings_ablation\bge-m3\embeddings_depth_pca064\tabicl\summary.csv
bge-m3,Embeddings + depth: PCA 64,TabICLv2: model input,model_input,,0.508695652173913,0.3455656818571684,0.5848478509568111,0.5685586614098782,0.6160328502004386,0.5739223373839397,0.5532961463818641,0.5955412484287614,1.1261779970604313,1.2121636029965939,0.4280675080807856,0.2255357156115209,C:\Users\p06596\Documents\check\CNR-BOVINO\progetti_BOVINO\geological-transformer\src\results_uq\unified_feature_representation_study\stage4_all_embeddings_ablation\bge-m3\embeddings_depth_pca064\tabicl\summary.csv
distilroberta,Embeddings + depth: PCA 64,Deep Ensemble,classification_head,11.0,0.4576086956521739,0.3024943964785921,0.608782886437959,0.607989385540759,0.6179925450390527,0.6428911901312445,0.6592127651384297,0.6646120623236491,1.2153822523594295,1.225336868412339,0.4581864785416677,0.2814206041557632,C:\Users\p06596\Documents\check\CNR-BOVINO\progetti_BOVINO\geological-transformer\src\results_uq\unified_feature_representation_study\stage4_all_embeddings_ablation\distilroberta\embeddings_depth_pca064\deep_ensemble\fold_metrics.csv
distilroberta,Embeddings + depth: PCA 64,LLLA,classification_head,11.0,0.4728260869565217,0.3158216215633889,0.6066050479914682,0.599060946349984,0.5728805430264793,0.618410671120478,0.6208619980304303,0.5947960231817992,1.1777176045113318,1.1282728687159904,0.4387442810924609,0.2165897917326377,C:\Users\p06596\Documents\check\CNR-BOVINO\progetti_BOVINO\geological-transformer\src\results_uq\unified_feature_representation_study\stage4_all_embeddings_ablation\distilroberta\embeddings_depth_pca064\laplace\fold_metrics.csv
distilroberta,Embeddings + depth: PCA 64,MC dropout,classification_head,11.0,0.4641304347826087,0.309989063684087,0.5820990352048111,0.5784097109104877,0.581154536782174,0.6109004770257163,0.6249349696040302,0.6110049611233512,1.166207245508535,1.1402120978366799,0.4757181275501019,0.2339217760478672,C:\Users\p06596\Documents\check\CNR-BOVINO\progetti_BOVINO\geological-transformer\src\results_uq\unified_feature_representation_study\stage4_all_embeddings_ablation\distilroberta\embeddings_depth_pca064\mc_dropout\fold_metrics.csv
distilroberta,Embeddings + depth: PCA 64,Subsample Ensemble,classification_head,11.0,0.4728260869565217,0.3109593177705347,0.6209302050005925,0.6156476262207115,0.637574801808631,0.6254735932731788,0.6326442053954366,0.6428227504155302,1.2000673586882509,1.219375114190284,0.439920748328328,0.2489519202676804,C:\Users\p06596\Documents\check\CNR-BOVINO\progetti_BOVINO\geological-transformer\src\results_uq\unified_feature_representation_study\stage4_all_embeddings_ablation\distilroberta\embeddings_depth_pca064\subsample_ensemble\fold_metrics.csv
distilroberta,Embeddings + depth: PCA 64,TabICLv2: encoder input,encoder_input,,0.4603260869565217,0.2838926403343025,0.5487485598718778,0.5351896569968528,0.5018773682602301,0.5921734369682156,0.5704901857927644,0.5479273615119393,1.0571016534327156,1.0152933989747919,0.5242653735541456,0.3025474021007183,C:\Users\p06596\Documents\check\CNR-BOVINO\progetti_BOVINO\geological-transformer\src\results_uq\unified_feature_representation_study\stage4_all_embeddings_ablation\distilroberta\embeddings_depth_pca064\tabicl\summary.csv
distilroberta,Embeddings + depth: PCA 64,TabICLv2: hidden,hidden,,0.4630434782608695,0.3026600202920287,0.5689328277356446,0.5689007526943035,0.5491342114766874,0.5963885463891611,0.5962701586123287,0.5712178066215811,1.1104626435695188,1.0638064414814867,0.4881106508079129,0.3646028723962412,C:\Users\p06596\Documents\check\CNR-BOVINO\progetti_BOVINO\geological-transformer\src\results_uq\unified_feature_representation_study\stage4_all_embeddings_ablation\distilroberta\embeddings_depth_pca064\tabicl\summary.csv
distilroberta,Embeddings + depth: PCA 64,TabICLv2: model input,model_input,,0.4728260869565217,0.2935992125420178,0.6049608958407393,0.6050379191847376,0.6181982462377059,0.6051820952434479,0.5997094163823362,0.612640546713432,1.1375931197355655,1.1621222741780566,0.4361943962298868,0.251021596677328,C:\Users\p06596\Documents\check\CNR-BOVINO\progetti_BOVINO\geological-transformer\src\results_uq\unified_feature_representation_study\stage4_all_embeddings_ablation\distilroberta\embeddings_depth_pca064\tabicl\summary.csv
e5-base,Embeddings + depth: PCA 64,Deep Ensemble,classification_head,11.0,0.4869565217391304,0.3175667769578559,0.5935454657233656,0.6329439414591751,0.6055687357134936,0.6202049900904636,0.645976653621942,0.6316657260082106,1.2591070367207344,1.2312128557787154,0.4331509507515546,0.2156977343332508,C:\Users\p06596\Documents\check\CNR-BOVINO\progetti_BOVINO\geological-transformer\src\results_uq\unified_feature_representation_study\stage4_all_embeddings_ablation\e5-base\embeddings_depth_pca064\deep_ensemble\fold_metrics.csv
e5-base,Embeddings + depth: PCA 64,LLLA,classification_head,11.0,0.5054347826086957,0.3393817574248369,0.6622751979203592,0.6567279054219505,0.5827580783517619,0.6653627162845405,0.6365161958561527,0.5654168429882108,1.287021758654199,1.1432604297783604,0.3812051562522509,0.1695656475651522,C:\Users\p06596\Documents\check\CNR-BOVINO\progetti_BOVINO\geological-transformer\src\results_uq\unified_feature_representation_study\stage4_all_embeddings_ablation\e5-base\embeddings_depth_pca064\laplace\fold_metrics.csv
e5-base,Embeddings + depth: PCA 64,MC dropout,classification_head,11.0,0.5125,0.3456708989619069,0.5559594784547526,0.5771148439091748,0.5656822527113429,0.5437931612989957,0.5599858066294403,0.5552191435253837,1.1486888341116723,1.1389110636418127,0.4415929780639176,0.201661190358193,C:\Users\p06596\Documents\check\CNR-BOVINO\progetti_BOVINO\geological-transformer\src\results_uq\unified_feature_representation_study\stage4_all_embeddings_ablation\e5-base\embeddings_depth_pca064\mc_dropout\fold_metrics.csv
e5-base,Embeddings + depth: PCA 64,Subsample Ensemble,classification_head,11.0,0.5016304347826087,0.3279874617500543,0.6123263361732343,0.6295463302193515,0.599459592184128,0.6014965212074571,0.6162899920393301,0.6181457475410634,1.2366124158695393,1.2403360692208907,0.4187686158759465,0.1878151283801897,C:\Users\p06596\Documents\check\CNR-BOVINO\progetti_BOVINO\geological-transformer\src\results_uq\unified_feature_representation_study\stage4_all_embeddings_ablation\e5-base\embeddings_depth_pca064\subsample_ensemble\fold_metrics.csv
e5-base,Embeddings + depth: PCA 64,TabICLv2: encoder input,encoder_input,,0.4951086956521739,0.3356941214510454,0.5328457709208938,0.5270323601384348,0.4979771221017134,0.5515112504229389,0.5484846209147693,0.5056459883129214,1.0863419832972827,1.001494745420641,0.5026218165880886,0.2514225340644934,C:\Users\p06596\Documents\check\CNR-BOVINO\progetti_BOVINO\geological-transformer\src\results_uq\unified_feature_representation_study\stage4_all_embeddings_ablation\e5-base\embeddings_depth_pca064\tabicl\summary.csv
e5-base,Embeddings + depth: PCA 64,TabICLv2: hidden,hidden,,0.4668478260869565,0.3096086198712802,0.5515599653011408,0.5437859493353934,0.5194967478719655,0.5868701619609146,0.5600067215838707,0.5535006678298254,1.050369386049258,1.0381663902210794,0.5040161079354879,0.3099256943325181,C:\Users\p06596\Documents\check\CNR-BOVINO\progetti_BOVINO\geological-transformer\src\results_uq\unified_feature_representation_study\stage4_all_embeddings_ablation\e5-base\embeddings_depth_pca064\tabicl\summary.csv
e5-base,Embeddings + depth: PCA 64,TabICLv2: model input,model_input,,0.5195652173913043,0.3638882533872238,0.5670941091273973,0.5491377392604934,0.5920862994377023,0.5550844771737129,0.5227516562035703,0.5580288962196578,1.0880803703784723,1.1615081097784732,0.4304102658791414,0.2103403835159969,C:\Users\p06596\Documents\check\CNR-BOVINO\progetti_BOVINO\geological-transformer\src\results_uq\unified_feature_representation_study\stage4_all_embeddings_ablation\e5-base\embeddings_depth_pca064\tabicl\summary.csv
e5-large,Embeddings + depth: PCA 64,Deep Ensemble,classification_head,11.0,0.4847826086956521,0.315750727628494,0.5574315055533481,0.5948209494406796,0.5907049539364372,0.5693160403401237,0.6095592085083404,0.6004391072458318,1.1831107000583823,1.1654092376923317,0.4601672759392941,0.232011043669089,C:\Users\p06596\Documents\check\CNR-BOVINO\progetti_BOVINO\geological-transformer\src\results_uq\unified_feature_representation_study\stage4_all_embeddings_ablation\e5-large\embeddings_depth_pca064\deep_ensemble\fold_metrics.csv
e5-large,Embeddings + depth: PCA 64,LLLA,classification_head,11.0,0.4777173913043478,0.3037769149810975,0.6338746967926613,0.6498127715212699,0.567427278182174,0.657705237619331,0.6609709824021865,0.5815832197529471,1.2655427758793165,1.1135412324093887,0.4193768453039239,0.1835258761987738,C:\Users\p06596\Documents\check\CNR-BOVINO\progetti_BOVINO\geological-transformer\src\results_uq\unified_feature_representation_study\stage4_all_embeddings_ablation\e5-large\embeddings_depth_pca064\laplace\fold_metrics.csv
e5-large,Embeddings + depth: PCA 64,MC dropout,classification_head,11.0,0.4842391304347826,0.3108435045007296,0.549035608396339,0.5729735347958612,0.5631178840038987,0.5859994400245444,0.5867131662893582,0.5795770302883783,1.1375682043966482,1.1237320713705121,0.4784350918192698,0.1958935323454763,C:\Users\p06596\Documents\check\CNR-BOVINO\progetti_BOVINO\geological-transformer\src\results_uq\unified_feature_representation_study\stage4_all_embeddings_ablation\e5-large\embeddings_depth_pca064\mc_dropout\fold_metrics.csv
e5-large,Embeddings + depth: PCA 64,Subsample Ensemble,classification_head,11.0,0.4956521739130435,0.3268952076775273,0.5858606983514821,0.6065422578267106,0.5664765861824209,0.5899750764598058,0.6011283488172203,0.5917413061443874,1.1918924157582818,1.1732801759759406,0.4426309176544743,0.2047929013066965,C:\Users\p06596\Documents\check\CNR-BOVINO\progetti_BOVINO\geological-transformer\src\results_uq\unified_feature_representation_study\stage4_all_embeddings_ablation\e5-large\embeddings_depth_pca064\subsample_ensemble\fold_metrics.csv
e5-large,Embeddings + depth: PCA 64,TabICLv2: encoder input,encoder_input,,0.475,0.3059317794791756,0.5068063589976832,0.4887839873786546,0.4696316642267294,0.5545418375565292,0.5307166655990669,0.5051252529335761,1.0108888868553656,0.9621433389210974,0.5459942774401346,0.2766941086537433,C:\Users\p06596\Documents\check\CNR-BOVINO\progetti_BOVINO\geological-transformer\src\results_uq\unified_feature_representation_study\stage4_all_embeddings_ablation\e5-large\embeddings_depth_pca064\tabicl\summary.csv
e5-large,Embeddings + depth: PCA 64,TabICLv2: hidden,hidden,,0.4451086956521739,0.2756159697327592,0.5371269279202677,0.531750217352568,0.5025956739962616,0.605058412471671,0.5974586430562464,0.5834829065385176,1.0767129316586614,1.0515264917050662,0.5362394334637164,0.3341315149691417,C:\Users\p06596\Documents\check\CNR-BOVINO\progetti_BOVINO\geological-transformer\src\results_uq\unified_feature_representation_study\stage4_all_embeddings_ablation\e5-large\embeddings_depth_pca064\tabicl\summary.csv
e5-large,Embeddings + depth: PCA 64,TabICLv2: model input,model_input,,0.4744565217391304,0.3027443410285861,0.5730510038605008,0.55798924650938,0.5484961341686894,0.5891309688015431,0.5729446788938031,0.582570001599919,1.0901946320213003,1.1085096204176326,0.4756616209919081,0.2666328964971264,C:\Users\p06596\Documents\check\CNR-BOVINO\progetti_BOVINO\geological-transformer\src\results_uq\unified_feature_representation_study\stage4_all_embeddings_ablation\e5-large\embeddings_depth_pca064\tabicl\summary.csv
e5-mistral,Embeddings + depth: PCA 64,Deep Ensemble,classification_head,11.0,0.4478260869565217,0.2868440856930606,0.6219934924699947,0.6357651171850663,0.5864125150268369,0.658681070891836,0.6729341838010197,0.6421581299297715,1.2186997029467284,1.1629635423924995,0.4559621378279188,0.2442786888259908,C:\Users\p06596\Documents\check\CNR-BOVINO\progetti_BOVINO\geological-transformer\src\results_uq\unified_feature_representation_study\stage4_all_embeddings_ablation\e5-mistral\embeddings_depth_pca064\deep_ensemble\fold_metrics.csv
e5-mistral,Embeddings + depth: PCA 64,LLLA,classification_head,11.0,0.4581521739130434,0.2947580641252859,0.6442316272661401,0.6533516574310267,0.5427606814740251,0.6550373289456877,0.6591009066467499,0.5795194627674777,1.2163948527883848,1.0695243846460971,0.4243267034678104,0.202632985426032,C:\Users\p06596\Documents\check\CNR-BOVINO\progetti_BOVINO\geological-transformer\src\results_uq\unified_feature_representation_study\stage4_all_embeddings_ablation\e5-mistral\embeddings_depth_pca064\laplace\fold_metrics.csv
e5-mistral,Embeddings + depth: PCA 64,MC dropout,classification_head,11.0,0.4554347826086956,0.2945282710034281,0.5766283661793359,0.5872104194664624,0.5533893248121694,0.5983777204063659,0.6268546387146282,0.599420868486683,1.1511103146057042,1.100732932151194,0.4920615401585807,0.2163616670862487,C:\Users\p06596\Documents\check\CNR-BOVINO\progetti_BOVINO\geological-transformer\src\results_uq\unified_feature_representation_study\stage4_all_embeddings_ablation\e5-mistral\embeddings_depth_pca064\mc_dropout\fold_metrics.csv
e5-mistral,Embeddings + depth: PCA 64,Subsample Ensemble,classification_head,11.0,0.4554347826086956,0.2926759092377688,0.6261450845326055,0.6303831449950397,0.626074735859391,0.6306104005844488,0.6498474393864596,0.6594324904713015,1.1933326232246362,1.2109339146379186,0.4482722831663185,0.2269735417126313,C:\Users\p06596\Documents\check\CNR-BOVINO\progetti_BOVINO\geological-transformer\src\results_uq\unified_feature_representation_study\stage4_all_embeddings_ablation\e5-mistral\embeddings_depth_pca064\subsample_ensemble\fold_metrics.csv
e5-mistral,Embeddings + depth: PCA 64,TabICLv2: encoder input,encoder_input,,0.4771739130434783,0.3136279791367846,0.5220846613215633,0.5137236632111348,0.4912157426394328,0.5554511455134631,0.5343790636623091,0.5135253024739853,1.022097169582795,0.9822105577464999,0.5146237508685267,0.2689560270916063,C:\Users\p06596\Documents\check\CNR-BOVINO\progetti_BOVINO\geological-transformer\src\results_uq\unified_feature_representation_study\stage4_all_embeddings_ablation\e5-mistral\embeddings_depth_pca064\tabicl\summary.csv
e5-mistral,Embeddings + depth: PCA 64,TabICLv2: hidden,hidden,,0.4728260869565217,0.3147321454282136,0.546673776513805,0.5490792747955919,0.4959414622585614,0.6041802535643045,0.600573097867358,0.5428285091285332,1.1392314433772563,1.0296953162850526,0.5024211543271122,0.2980510966861625,C:\Users\p06596\Documents\check\CNR-BOVINO\progetti_BOVINO\geological-transformer\src\results_uq\unified_feature_representation_study\stage4_all_embeddings_ablation\e5-mistral\embeddings_depth_pca064\tabicl\summary.csv
e5-mistral,Embeddings + depth: PCA 64,TabICLv2: model input,model_input,,0.4853260869565217,0.3174584957121801,0.594129986720604,0.5873744044669853,0.6033569792507961,0.5850475494087863,0.5815387054401905,0.6234146224099589,1.1299168088806235,1.2112807869422644,0.4379389433377875,0.2543440019626278,C:\Users\p06596\Documents\check\CNR-BOVINO\progetti_BOVINO\geological-transformer\src\results_uq\unified_feature_representation_study\stage4_all_embeddings_ablation\e5-mistral\embeddings_depth_pca064\tabicl\summary.csv
e5-small,Embeddings + depth: PCA 64,Deep Ensemble,classification_head,11.0,0.479891304347826,0.3169341718264007,0.5951414800167094,0.6356038336769312,0.594936688071748,0.6263602319954046,0.6586704767699109,0.6307199389956254,1.266409276130236,1.2126694751849012,0.4439288022878769,0.2228193199504976,C:\Users\p06596\Documents\check\CNR-BOVINO\progetti_BOVINO\geological-transformer\src\results_uq\unified_feature_representation_study\stage4_all_embeddings_ablation\e5-small\embeddings_depth_pca064\deep_ensemble\fold_metrics.csv
e5-small,Embeddings + depth: PCA 64,LLLA,classification_head,11.0,0.4739130434782608,0.3032912197979541,0.6650700868147699,0.6891778169924277,0.590325708631999,0.7049188986075041,0.7049612602681811,0.6072527260603959,1.3400090071213357,1.1542820412718269,0.4012785303079646,0.1862197633832693,C:\Users\p06596\Documents\check\CNR-BOVINO\progetti_BOVINO\geological-transformer\src\results_uq\unified_feature_representation_study\stage4_all_embeddings_ablation\e5-small\embeddings_depth_pca064\laplace\fold_metrics.csv
e5-small,Embeddings + depth: PCA 64,MC dropout,classification_head,11.0,0.4978260869565217,0.3271423577834628,0.5715354968903004,0.595697003006586,0.5639729579154333,0.5633395875923104,0.5961833622623539,0.5648433595331404,1.1872049638124793,1.1247963003690238,0.4476654186680389,0.1863754773593467,C:\Users\p06596\Documents\check\CNR-BOVINO\progetti_BOVINO\geological-transformer\src\results_uq\unified_feature_representation_study\stage4_all_embeddings_ablation\e5-small\embeddings_depth_pca064\mc_dropout\fold_metrics.csv
e5-small,Embeddings + depth: PCA 64,Subsample Ensemble,classification_head,11.0,0.4902173913043478,0.3220591055203063,0.6087561873874214,0.6310924403990109,0.5824629512476721,0.6056249827366968,0.6324488426050854,0.6200832273803426,1.2406245953020865,1.2163679513644248,0.436025616151044,0.1924246201858571,C:\Users\p06596\Documents\check\CNR-BOVINO\progetti_BOVINO\geological-transformer\src\results_uq\unified_feature_representation_study\stage4_all_embeddings_ablation\e5-small\embeddings_depth_pca064\subsample_ensemble\fold_metrics.csv
e5-small,Embeddings + depth: PCA 64,TabICLv2: encoder input,encoder_input,,0.4831521739130435,0.3183196718597276,0.5519274601715795,0.5425110504720033,0.5282947675704575,0.5869347966267251,0.5839040500657133,0.5373314370324812,1.1297407488127367,1.0396318024603213,0.4909686979711175,0.2735749514908008,C:\Users\p06596\Documents\check\CNR-BOVINO\progetti_BOVINO\geological-transformer\src\results_uq\unified_feature_representation_study\stage4_all_embeddings_ablation\e5-small\embeddings_depth_pca064\tabicl\summary.csv
e5-small,Embeddings + depth: PCA 64,TabICLv2: hidden,hidden,,0.4657608695652174,0.3007348253557467,0.5248489193773733,0.5203654661331314,0.5171153483193283,0.5735904289915846,0.5642506983367327,0.5607541719887271,1.0561762817289808,1.0496314104366813,0.5225047826519507,0.3124114348037962,C:\Users\p06596\Documents\check\CNR-BOVINO\progetti_BOVINO\geological-transformer\src\results_uq\unified_feature_representation_study\stage4_all_embeddings_ablation\e5-small\embeddings_depth_pca064\tabicl\summary.csv
e5-small,Embeddings + depth: PCA 64,TabICLv2: model input,model_input,,0.5168478260869566,0.3601950048774689,0.5832242184238011,0.5740621144754383,0.6204190958779994,0.5538726287884174,0.5449909613918612,0.6022704578713173,1.127990291294741,1.246544029789903,0.4132766156784827,0.214265105445102,C:\Users\p06596\Documents\check\CNR-BOVINO\progetti_BOVINO\geological-transformer\src\results_uq\unified_feature_representation_study\stage4_all_embeddings_ablation\e5-small\embeddings_depth_pca064\tabicl\summary.csv
gte-base,Embeddings + depth: PCA 64,Deep Ensemble,classification_head,11.0,0.4505434782608695,0.2811627563657025,0.6035026052386356,0.626361590562897,0.6136850405758697,0.6517337914935937,0.6722926869623759,0.6678295924211612,1.2235593907129292,1.2154366469386118,0.4695796197549788,0.2398416399469841,C:\Users\p06596\Documents\check\CNR-BOVINO\progetti_BOVINO\geological-transformer\src\results_uq\unified_feature_representation_study\stage4_all_embeddings_ablation\gte-base\embeddings_depth_pca064\deep_ensemble\fold_metrics.csv
gte-base,Embeddings + depth: PCA 64,LLLA,classification_head,11.0,0.4684782608695652,0.2976988069090326,0.6336906134494849,0.6456301830870621,0.5820739451162495,0.6528157375819827,0.6474376079703104,0.5934420108851135,1.218083025220216,1.1164962167981687,0.4245515767542254,0.1910571194618292,C:\Users\p06596\Documents\check\CNR-BOVINO\progetti_BOVINO\geological-transformer\src\results_uq\unified_feature_representation_study\stage4_all_embeddings_ablation\gte-base\embeddings_depth_pca064\laplace\fold_metrics.csv
gte-base,Embeddings + depth: PCA 64,MC dropout,classification_head,11.0,0.4771739130434783,0.3063980001827724,0.5443800643117271,0.5586084471660219,0.5329294166307955,0.5662891964057127,0.5859548125560222,0.5758982460681632,1.1207451716248242,1.101510158799813,0.5005473119044352,0.2078896189675383,C:\Users\p06596\Documents\check\CNR-BOVINO\progetti_BOVINO\geological-transformer\src\results_uq\unified_feature_representation_study\stage4_all_embeddings_ablation\gte-base\embeddings_depth_pca064\mc_dropout\fold_metrics.csv
gte-base,Embeddings + depth: PCA 64,Subsample Ensemble,classification_head,11.0,0.4722826086956522,0.3005858447822583,0.6182070611603,0.6227750878201678,0.6160713213885632,0.6324331138454833,0.6412969727160359,0.6657075488070707,1.2152280430458353,1.2614849534552113,0.4474004045087416,0.195749666120695,C:\Users\p06596\Documents\check\CNR-BOVINO\progetti_BOVINO\geological-transformer\src\results_uq\unified_feature_representation_study\stage4_all_embeddings_ablation\gte-base\embeddings_depth_pca064\subsample_ensemble\fold_metrics.csv
gte-base,Embeddings + depth: PCA 64,TabICLv2: encoder input,encoder_input,,0.4994565217391304,0.3413829931116178,0.5068608304121343,0.498677928494717,0.4698499171194672,0.512861312316547,0.5101779687860973,0.4771840528805212,1.0192480592469264,0.9533318754616276,0.5074298759419642,0.2680935395711578,C:\Users\p06596\Documents\check\CNR-BOVINO\progetti_BOVINO\geological-transformer\src\results_uq\unified_feature_representation_study\stage4_all_embeddings_ablation\gte-base\embeddings_depth_pca064\tabicl\summary.csv
gte-base,Embeddings + depth: PCA 64,TabICLv2: hidden,hidden,,0.4603260869565217,0.297146378598955,0.4954361760184336,0.4841422424503995,0.4810176548709919,0.5555472073531209,0.5387024206294604,0.540190758080239,0.9981998529287082,1.0009576987589524,0.5545511532572236,0.3192237310301258,C:\Users\p06596\Documents\check\CNR-BOVINO\progetti_BOVINO\geological-transformer\src\results_uq\unified_feature_representation_study\stage4_all_embeddings_ablation\gte-base\embeddings_depth_pca064\tabicl\summary.csv
gte-base,Embeddings + depth: PCA 64,TabICLv2: model input,model_input,,0.4989130434782609,0.3364039436807035,0.5974951441169382,0.583948293706492,0.6197636803576576,0.5882567790926669,0.5716520103167247,0.6191411717785569,1.140823968527954,1.2355962647207643,0.4220276572364957,0.2237386367570409,C:\Users\p06596\Documents\check\CNR-BOVINO\progetti_BOVINO\geological-transformer\src\results_uq\unified_feature_representation_study\stage4_all_embeddings_ablation\gte-base\embeddings_depth_pca064\tabicl\summary.csv
gte-large,Embeddings + depth: PCA 64,Deep Ensemble,classification_head,11.0,0.4815217391304348,0.3105182507310156,0.5964005659904122,0.6207637776954604,0.5972934814850117,0.6301339946642006,0.6494545828843806,0.6157776383243762,1.252616805563166,1.18766336951452,0.4458344596212368,0.2128196633542361,C:\Users\p06596\Documents\check\CNR-BOVINO\progetti_BOVINO\geological-transformer\src\results_uq\unified_feature_representation_study\stage4_all_embeddings_ablation\gte-large\embeddings_depth_pca064\deep_ensemble\fold_metrics.csv
gte-large,Embeddings + depth: PCA 64,LLLA,classification_head,11.0,0.4907608695652174,0.3198499494157538,0.6370216200947629,0.6461386697066069,0.554549657433907,0.613939968477541,0.6265211775753511,0.5663433458358637,1.2303083956655776,1.1121363461451326,0.3991147726253889,0.165656706917545,C:\Users\p06596\Documents\check\CNR-BOVINO\progetti_BOVINO\geological-transformer\src\results_uq\unified_feature_representation_study\stage4_all_embeddings_ablation\gte-large\embeddings_depth_pca064\laplace\fold_metrics.csv
gte-large,Embeddings + depth: PCA 64,MC dropout,classification_head,11.0,0.4864130434782608,0.3151872151788839,0.5569093435015222,0.5719845857395346,0.5645699150090953,0.581754281106957,0.5867076375048179,0.5799702874613961,1.1423725428665235,1.1292543163269508,0.4730488752534277,0.1932105618002621,C:\Users\p06596\Documents\check\CNR-BOVINO\progetti_BOVINO\geological-transformer\src\results_uq\unified_feature_representation_study\stage4_all_embeddings_ablation\gte-large\embeddings_depth_pca064\mc_dropout\fold_metrics.csv
gte-large,Embeddings + depth: PCA 64,Subsample Ensemble,classification_head,11.0,0.4913043478260869,0.320191295421993,0.6135515940549127,0.6173277759529318,0.610557730117973,0.6044477775026549,0.6241865213956098,0.6261458425964097,1.2270333326580363,1.2308849897194378,0.4341121873008927,0.1929839117209548,C:\Users\p06596\Documents\check\CNR-BOVINO\progetti_BOVINO\geological-transformer\src\results_uq\unified_feature_representation_study\stage4_all_embeddings_ablation\gte-large\embeddings_depth_pca064\subsample_ensemble\fold_metrics.csv
gte-large,Embeddings + depth: PCA 64,TabICLv2: encoder input,encoder_input,,0.4777173913043478,0.3075156854997096,0.566664772545663,0.5621804410697522,0.5323042337155907,0.5835845959380348,0.5861089377026396,0.5653700364387673,1.122206498827114,1.0824983007776603,0.4822015961251362,0.2696909102909043,C:\Users\p06596\Documents\check\CNR-BOVINO\progetti_BOVINO\geological-transformer\src\results_uq\unified_feature_representation_study\stage4_all_embeddings_ablation\gte-large\embeddings_depth_pca064\tabicl\summary.csv
gte-large,Embeddings + depth: PCA 64,TabICLv2: hidden,hidden,,0.4940217391304348,0.3424442155826717,0.5319404120863214,0.523451485857501,0.4882361490714055,0.54968841794286,0.5435106643897234,0.5115890174263742,1.07417789739752,1.0110889281036826,0.4908615287065746,0.2736538570757799,C:\Users\p06596\Documents\check\CNR-BOVINO\progetti_BOVINO\geological-transformer\src\results_uq\unified_feature_representation_study\stage4_all_embeddings_ablation\gte-large\embeddings_depth_pca064\tabicl\summary.csv
gte-large,Embeddings + depth: PCA 64,TabICLv2: model input,model_input,,0.4875,0.3181036654403862,0.5995861071014374,0.5918780759713952,0.5816117351227315,0.5907702722388406,0.5818748819986284,0.5945495990570713,1.1353656234119578,1.1600967786479441,0.4203243850622239,0.2293924903835334,C:\Users\p06596\Documents\check\CNR-BOVINO\progetti_BOVINO\geological-transformer\src\results_uq\unified_feature_representation_study\stage4_all_embeddings_ablation\gte-large\embeddings_depth_pca064\tabicl\summary.csv
gte-modernbert,Embeddings + depth: PCA 64,Deep Ensemble,classification_head,11.0,0.4956521739130435,0.3212943007056322,0.6139618307622504,0.6161313347796359,0.6324465501974783,0.5949519826560776,0.6118180947202408,0.6214029022601325,1.2130876016004777,1.232091961377849,0.4133572208866051,0.3240755665885365,C:\Users\p06596\Documents\check\CNR-BOVINO\progetti_BOVINO\geological-transformer\src\results_uq\unified_feature_representation_study\stage4_all_embeddings_ablation\gte-modernbert\embeddings_depth_pca064\deep_ensemble\fold_metrics.csv
gte-modernbert,Embeddings + depth: PCA 64,LLLA,classification_head,11.0,0.5076086956521739,0.3414639128996234,0.579224395063129,0.5845334428545573,0.5900552597165977,0.5693346194322011,0.5787177887709072,0.5886047001760347,1.1753208955170742,1.1954002740881942,0.4100337084341566,0.1952302222018656,C:\Users\p06596\Documents\check\CNR-BOVINO\progetti_BOVINO\geological-transformer\src\results_uq\unified_feature_representation_study\stage4_all_embeddings_ablation\gte-modernbert\embeddings_depth_pca064\laplace\fold_metrics.csv
gte-modernbert,Embeddings + depth: PCA 64,MC dropout,classification_head,11.0,0.5206521739130435,0.3553064992545603,0.550001420192294,0.5569801908314232,0.5628283733871807,0.5207812834711917,0.5478355820329771,0.5458785777500392,1.142876951179907,1.1387943118594923,0.4221911000640183,0.3258087992182244,C:\Users\p06596\Documents\check\CNR-BOVINO\progetti_BOVINO\geological-transformer\src\results_uq\unified_feature_representation_study\stage4_all_embeddings_ablation\gte-modernbert\embeddings_depth_pca064\mc_dropout\fold_metrics.csv
gte-modernbert,Embeddings + depth: PCA 64,Subsample Ensemble,classification_head,11.0,0.5146739130434783,0.3456423548571648,0.6159073682318539,0.6245983209384427,0.6349587988028635,0.5630449802775842,0.5890533760630461,0.5800982789519342,1.2137270010705543,1.1952752892178713,0.3860104706642229,0.2670087278213189,C:\Users\p06596\Documents\check\CNR-BOVINO\progetti_BOVINO\geological-transformer\src\results_uq\unified_feature_representation_study\stage4_all_embeddings_ablation\gte-modernbert\embeddings_depth_pca064\subsample_ensemble\fold_metrics.csv
gte-modernbert,Embeddings + depth: PCA 64,TabICLv2: encoder input,encoder_input,,0.5368126747437092,0.3638504345129101,0.6258820282807959,0.6269299826738207,0.5879111474401968,0.5399795372498426,0.5456749314635693,0.5283217142328276,1.1780869244676253,1.140622131532845,0.3443249340579927,0.234185927165745,C:\Users\p06596\Documents\check\CNR-BOVINO\progetti_BOVINO\geological-transformer\src\results_uq\unified_feature_representation_study\stage4_all_embeddings_ablation\gte-modernbert\embeddings_depth_pca064\tabicl\summary.csv
gte-modernbert,Embeddings + depth: PCA 64,TabICLv2: hidden,hidden,,0.5060577819198508,0.3352247089876581,0.5743945237847041,0.5742346850133778,0.573390319330067,0.5491887836005899,0.5475684721563057,0.5435493481961363,1.1085678691013507,1.1004310388951966,0.4283654666860686,0.4453497039723667,C:\Users\p06596\Documents\check\CNR-BOVINO\progetti_BOVINO\geological-transformer\src\results_uq\unified_feature_representation_study\stage4_all_embeddings_ablation\gte-modernbert\embeddings_depth_pca064\tabicl\summary.csv
gte-modernbert,Embeddings + depth: PCA 64,TabICLv2: model input,model_input,,0.5507921714818267,0.3875164612367482,0.6401819126454213,0.6223311638617998,0.6253431486123104,0.5615702152852884,0.5457629297385278,0.5514488788207784,1.2149452771980092,1.2276030020221893,0.3288235867830876,0.1945274872182424,C:\Users\p06596\Documents\check\CNR-BOVINO\progetti_BOVINO\geological-transformer\src\results_uq\unified_feature_representation_study\stage4_all_embeddings_ablation\gte-modernbert\embeddings_depth_pca064\tabicl\summary.csv
labse,Embeddings + depth: PCA 64,Deep Ensemble,classification_head,11.0,0.4913043478260869,0.3294897725127551,0.6131308618863929,0.6385282312381164,0.6178100090736263,0.6123283186953923,0.6387476566858503,0.6190688994471817,1.255657786647398,1.2169730501953142,0.4108817659518065,0.2666382463405961,C:\Users\p06596\Documents\check\CNR-BOVINO\progetti_BOVINO\geological-transformer\src\results_uq\unified_feature_representation_study\stage4_all_embeddings_ablation\labse\embeddings_depth_pca064\deep_ensemble\fold_metrics.csv
labse,Embeddings + depth: PCA 64,LLLA,classification_head,11.0,0.4907608695652174,0.32511457778859,0.658616304480145,0.6496111554823584,0.6081370916638825,0.6682630793474648,0.6365381267781567,0.6165654371697308,1.2499788188599876,1.2107581690419476,0.4066490370498736,0.1997629176420362,C:\Users\p06596\Documents\check\CNR-BOVINO\progetti_BOVINO\geological-transformer\src\results_uq\unified_feature_representation_study\stage4_all_embeddings_ablation\labse\embeddings_depth_pca064\laplace\fold_metrics.csv
labse,Embeddings + depth: PCA 64,MC dropout,classification_head,11.0,0.4923913043478261,0.326277742990408,0.6098990314392274,0.6118588380274402,0.5922674566272527,0.6032787570029835,0.6003988202361025,0.597977599111727,1.1827985323709085,1.178028674909612,0.4266646121374395,0.2149543792171322,C:\Users\p06596\Documents\check\CNR-BOVINO\progetti_BOVINO\geological-transformer\src\results_uq\unified_feature_representation_study\stage4_all_embeddings_ablation\labse\embeddings_depth_pca064\mc_dropout\fold_metrics.csv
labse,Embeddings + depth: PCA 64,Subsample Ensemble,classification_head,11.0,0.4820652173913043,0.3137552929088507,0.6268059921141449,0.6250582634680778,0.6409184618649356,0.6253611029840843,0.6188657745579011,0.647672756539207,1.194872009639599,1.2504909465185106,0.4284819732149462,0.2447655928037736,C:\Users\p06596\Documents\check\CNR-BOVINO\progetti_BOVINO\geological-transformer\src\results_uq\unified_feature_representation_study\stage4_all_embeddings_ablation\labse\embeddings_depth_pca064\subsample_ensemble\fold_metrics.csv
labse,Embeddings + depth: PCA 64,TabICLv2: encoder input,encoder_input,,0.4804347826086956,0.3186882393700935,0.5200951598856471,0.5088219911395521,0.5127386688502243,0.5543403267012466,0.5346632066874857,0.5420056861377027,1.0290588915323993,1.0431908603487166,0.5191496581891817,0.2689517408590959,C:\Users\p06596\Documents\check\CNR-BOVINO\progetti_BOVINO\geological-transformer\src\results_uq\unified_feature_representation_study\stage4_all_embeddings_ablation\labse\embeddings_depth_pca064\tabicl\summary.csv
labse,Embeddings + depth: PCA 64,TabICLv2: hidden,hidden,,0.479891304347826,0.327422703723452,0.5006751231611621,0.5081269207875214,0.5412937513535007,0.5358517825503681,0.5440474521708514,0.5685131825521218,1.0460264493149074,1.0930660981148421,0.5177846389592682,0.3457902284018921,C:\Users\p06596\Documents\check\CNR-BOVINO\progetti_BOVINO\geological-transformer\src\results_uq\unified_feature_representation_study\stage4_all_embeddings_ablation\labse\embeddings_depth_pca064\tabicl\summary.csv
labse,Embeddings + depth: PCA 64,TabICLv2: model input,model_input,,0.4858695652173913,0.3199976872795689,0.5772740279334629,0.5572379405101427,0.5946106531208764,0.574866740874179,0.555497877428388,0.6022264487298391,1.0804609878099722,1.171349540869877,0.4487881134171912,0.2207374430392098,C:\Users\p06596\Documents\check\CNR-BOVINO\progetti_BOVINO\geological-transformer\src\results_uq\unified_feature_representation_study\stage4_all_embeddings_ablation\labse\embeddings_depth_pca064\tabicl\summary.csv
minilm-en,Embeddings + depth: PCA 64,Deep Ensemble,classification_head,11.0,0.4722826086956522,0.325362366726062,0.6042078741501234,0.6258918277248487,0.6166532367695398,0.6296454513670853,0.6468202636628463,0.6275694573869586,1.2256944234187819,1.189215037684865,0.4453688181393321,0.2809205567059309,C:\Users\p06596\Documents\check\CNR-BOVINO\progetti_BOVINO\geological-transformer\src\results_uq\unified_feature_representation_study\stage3_minilm_ablation\embeddings_depth_pca064\deep_ensemble\fold_metrics.csv
minilm-en,Embeddings + depth: PCA 64,LLLA,classification_head,11.0,0.4793478260869565,0.3250823621623865,0.6476940811119158,0.6330871211020891,0.6083029840295799,0.6678843217052212,0.6291215126418408,0.6118243560044745,1.2083335942181492,1.175111497962665,0.4163007484578324,0.218750709829771,C:\Users\p06596\Documents\check\CNR-BOVINO\progetti_BOVINO\geological-transformer\src\results_uq\unified_feature_representation_study\stage3_minilm_ablation\embeddings_depth_pca064\laplace\fold_metrics.csv
minilm-en,Embeddings + depth: PCA 64,MC dropout,classification_head,11.0,0.4777173913043478,0.3252192045494377,0.5874332174368044,0.5785595652346959,0.5731427597848884,0.5867988249059388,0.5953979374456094,0.5878550928173996,1.139991888553508,1.1255498135109419,0.465757604091725,0.2378406734570213,C:\Users\p06596\Documents\check\CNR-BOVINO\progetti_BOVINO\geological-transformer\src\results_uq\unified_feature_representation_study\stage3_minilm_ablation\embeddings_depth_pca064\mc_dropout\fold_metrics.csv
minilm-en,Embeddings + depth: PCA 64,Subsample Ensemble,classification_head,11.0,0.479891304347826,0.3275325122043881,0.6149667882006696,0.6222722503251888,0.6414537839175962,0.6160044349771863,0.6221980354094097,0.6501473881881186,1.1962846239846536,1.2500221465685872,0.4430562105350952,0.2589628371693517,C:\Users\p06596\Documents\check\CNR-BOVINO\progetti_BOVINO\geological-transformer\src\results_uq\unified_feature_representation_study\stage3_minilm_ablation\embeddings_depth_pca064\subsample_ensemble\fold_metrics.csv
minilm-en,Embeddings + depth: PCA 64,TabICLv2: encoder input,encoder_input,,0.483695652173913,0.3234351535043582,0.5386546422235363,0.5285671200473093,0.4686782968657599,0.5601654011429127,0.538999763133837,0.4920305540200296,1.0439574359644843,0.9529854941019521,0.4846890277771212,0.270221243387205,C:\Users\p06596\Documents\check\CNR-BOVINO\progetti_BOVINO\geological-transformer\src\results_uq\unified_feature_representation_study\stage3_minilm_ablation\embeddings_depth_pca064\tabicl\summary.csv
minilm-en,Embeddings + depth: PCA 64,TabICLv2: hidden,hidden,,0.4510869565217391,0.2925574254632885,0.5211618752236669,0.5223881665274961,0.5167696528689013,0.5643050910795772,0.5594189214917982,0.5610931996653983,1.0191394213315925,1.0221895914696362,0.521845738908705,0.3858468757530891,C:\Users\p06596\Documents\check\CNR-BOVINO\progetti_BOVINO\geological-transformer\src\results_uq\unified_feature_representation_study\stage3_minilm_ablation\embeddings_depth_pca064\tabicl\summary.csv
minilm-en,Embeddings + depth: PCA 64,TabICLv2: model input,model_input,,0.5125,0.3540317050795132,0.5995719205410754,0.6098808210708252,0.623472728111024,0.5475715626315913,0.5487701492260942,0.6042277265770248,1.12568235738686,1.2394414904144098,0.380949416155143,0.2024317415018132,C:\Users\p06596\Documents\check\CNR-BOVINO\progetti_BOVINO\geological-transformer\src\results_uq\unified_feature_representation_study\stage3_minilm_ablation\embeddings_depth_pca064\tabicl\summary.csv
mpnet,Embeddings + depth: PCA 64,Deep Ensemble,classification_head,11.0,0.4625,0.3088505773949923,0.600850245770455,0.606976322041307,0.5648557335201196,0.6318001065444335,0.6463495789254333,0.6169564949505612,1.2025108445124342,1.1478260371173232,0.4770127077129155,0.2631133045029381,C:\Users\p06596\Documents\check\CNR-BOVINO\progetti_BOVINO\geological-transformer\src\results_uq\unified_feature_representation_study\stage4_all_embeddings_ablation\mpnet\embeddings_depth_pca064\deep_ensemble\fold_metrics.csv
mpnet,Embeddings + depth: PCA 64,LLLA,classification_head,11.0,0.4630434782608695,0.3087203872426525,0.6304563209214803,0.6138331462425501,0.5707508482037976,0.6624598041289151,0.6308917714793304,0.5981280522762958,1.1749401412165665,1.1139226884497815,0.4507757435613694,0.1988567616061671,C:\Users\p06596\Documents\check\CNR-BOVINO\progetti_BOVINO\geological-transformer\src\results_uq\unified_feature_representation_study\stage4_all_embeddings_ablation\mpnet\embeddings_depth_pca064\laplace\fold_metrics.csv
mpnet,Embeddings + depth: PCA 64,MC dropout,classification_head,11.0,0.4706521739130435,0.314242097243102,0.5534023170563994,0.5539451091628557,0.5464581561975907,0.562682192022012,0.5793442462638904,0.5740198800404079,1.094449089451292,1.0843907384746927,0.4956680054854736,0.2092443052517331,C:\Users\p06596\Documents\check\CNR-BOVINO\progetti_BOVINO\geological-transformer\src\results_uq\unified_feature_representation_study\stage4_all_embeddings_ablation\mpnet\embeddings_depth_pca064\mc_dropout\fold_metrics.csv
mpnet,Embeddings + depth: PCA 64,Subsample Ensemble,classification_head,11.0,0.4673913043478261,0.3087779622337296,0.6177384907451353,0.6184909946933109,0.5974671094641251,0.6246211180278473,0.6197882675469774,0.6113506871405603,1.1636840941698352,1.147842106467991,0.4649255007468303,0.2404949513466461,C:\Users\p06596\Documents\check\CNR-BOVINO\progetti_BOVINO\geological-transformer\src\results_uq\unified_feature_representation_study\stage4_all_embeddings_ablation\mpnet\embeddings_depth_pca064\subsample_ensemble\fold_metrics.csv
mpnet,Embeddings + depth: PCA 64,TabICLv2: encoder input,encoder_input,,0.5043478260869565,0.3437753331511008,0.5033361454552329,0.4966047763535994,0.4821979686554749,0.5142314035644695,0.5084257353504169,0.4921377287726143,1.0257712204438236,0.9929094527868534,0.5062763841685847,0.2483477629564592,C:\Users\p06596\Documents\check\CNR-BOVINO\progetti_BOVINO\geological-transformer\src\results_uq\unified_feature_representation_study\stage4_all_embeddings_ablation\mpnet\embeddings_depth_pca064\tabicl\summary.csv
mpnet,Embeddings + depth: PCA 64,TabICLv2: hidden,hidden,,0.4195652173913043,0.2505583285534712,0.5330614096369175,0.5331790572664997,0.5186974830684443,0.6216464682025784,0.6197463658418645,0.6009730192650815,1.0677278213005903,1.0353842279473313,0.5560227740962822,0.3777348939803422,C:\Users\p06596\Documents\check\CNR-BOVINO\progetti_BOVINO\geological-transformer\src\results_uq\unified_feature_representation_study\stage4_all_embeddings_ablation\mpnet\embeddings_depth_pca064\tabicl\summary.csv
mpnet,Embeddings + depth: PCA 64,TabICLv2: model input,model_input,,0.5141304347826087,0.3495490030854665,0.5582228954126879,0.5446073423480946,0.59786112254116,0.5314341359578121,0.5106655886892941,0.5736573820722632,1.0510343212397104,1.1806818601934723,0.4334355622439201,0.2203364717046394,C:\Users\p06596\Documents\check\CNR-BOVINO\progetti_BOVINO\geological-transformer\src\results_uq\unified_feature_representation_study\stage4_all_embeddings_ablation\mpnet\embeddings_depth_pca064\tabicl\summary.csv
bge-base,Embeddings + depth: PCA 8,Deep Ensemble,classification_head,11.0,0.4885869565217391,0.3321832409692758,0.5699779776561275,0.6140213286595009,0.6177367061747622,0.5901150790619332,0.6341741162027632,0.6268284442307476,1.240042905221131,1.225679423362992,0.4373837880574205,0.2454454599191312,C:\Users\p06596\Documents\check\CNR-BOVINO\progetti_BOVINO\geological-transformer\src\results_uq\unified_feature_representation_study\stage4_all_embeddings_ablation\bge-base\embeddings_depth_pca008\deep_ensemble\fold_metrics.csv
bge-base,Embeddings + depth: PCA 8,LLLA,classification_head,11.0,0.5043478260869565,0.3469294289046813,0.6247016551346037,0.6528060327134134,0.6143815410314906,0.627568636253634,0.636352114418829,0.5845671530859011,1.2838683010204444,1.1793898702610286,0.3834526451857802,0.196061046866943,C:\Users\p06596\Documents\check\CNR-BOVINO\progetti_BOVINO\geological-transformer\src\results_uq\unified_feature_representation_study\stage4_all_embeddings_ablation\bge-base\embeddings_depth_pca008\laplace\fold_metrics.csv
bge-base,Embeddings + depth: PCA 8,MC dropout,classification_head,11.0,0.5,0.3404278473849139,0.5502764650283554,0.6016727651540718,0.5766522364014107,0.5635717937355996,0.6082069995113382,0.5785807358220978,1.2164139990226763,1.1571614716441956,0.4384021517509501,0.2126666342434675,C:\Users\p06596\Documents\check\CNR-BOVINO\progetti_BOVINO\geological-transformer\src\results_uq\unified_feature_representation_study\stage4_all_embeddings_ablation\bge-base\embeddings_depth_pca008\mc_dropout\fold_metrics.csv
bge-base,Embeddings + depth: PCA 8,Subsample Ensemble,classification_head,11.0,0.5005434782608695,0.3412397085751846,0.6028114399946125,0.6327898960358541,0.6102944383076113,0.5890443815174826,0.6178879306901351,0.6194828011228369,1.237120557638573,1.240313769386311,0.4171461710396336,0.2312463709841603,C:\Users\p06596\Documents\check\CNR-BOVINO\progetti_BOVINO\geological-transformer\src\results_uq\unified_feature_representation_study\stage4_all_embeddings_ablation\bge-base\embeddings_depth_pca008\subsample_ensemble\fold_metrics.csv
bge-base,Embeddings + depth: PCA 8,TabICLv2: encoder input,encoder_input,,0.4570652173913043,0.2795095133310493,0.5323057897374187,0.5172253109232895,0.4908112631061501,0.6004128024124333,0.5682086416386491,0.5624366330054004,1.0465504510661805,1.0359193240539906,0.5441468690775759,0.2630459963465121,C:\Users\p06596\Documents\check\CNR-BOVINO\progetti_BOVINO\geological-transformer\src\results_uq\unified_feature_representation_study\stage4_all_embeddings_ablation\bge-base\embeddings_depth_pca008\tabicl\summary.csv
bge-base,Embeddings + depth: PCA 8,TabICLv2: hidden,hidden,,0.4179347826086956,0.2418976717275041,0.4993631609557564,0.5060095993317136,0.4653903173753246,0.5831667660734243,0.5848555109169069,0.5477705711266945,1.004793781593939,0.9410810932522109,0.5651473211650743,0.3398540006938788,C:\Users\p06596\Documents\check\CNR-BOVINO\progetti_BOVINO\geological-transformer\src\results_uq\unified_feature_representation_study\stage4_all_embeddings_ablation\bge-base\embeddings_depth_pca008\tabicl\summary.csv
bge-base,Embeddings + depth: PCA 8,TabICLv2: model input,model_input,,0.4565217391304347,0.2758003979949117,0.5793482142857143,0.5663827380952381,0.624410119047619,0.6088675117393054,0.5905537000705752,0.66174780987558,1.0866188081298582,1.2176159701710672,0.4770334613666238,0.2885275835708379,C:\Users\p06596\Documents\check\CNR-BOVINO\progetti_BOVINO\geological-transformer\src\results_uq\unified_feature_representation_study\stage4_all_embeddings_ablation\bge-base\embeddings_depth_pca008\tabicl\summary.csv
bge-large,Embeddings + depth: PCA 8,Deep Ensemble,classification_head,11.0,0.4923913043478261,0.3367488400334029,0.6173062287580773,0.6388874611075512,0.5785294145562283,0.6112383144625657,0.6314494245365707,0.5721874240214471,1.243968887737998,1.1272214777296172,0.4046609842209142,0.2329344450779582,C:\Users\p06596\Documents\check\CNR-BOVINO\progetti_BOVINO\geological-transformer\src\results_uq\unified_feature_representation_study\stage4_all_embeddings_ablation\bge-large\embeddings_depth_pca008\deep_ensemble\fold_metrics.csv
bge-large,Embeddings + depth: PCA 8,LLLA,classification_head,11.0,0.4869565217391304,0.3299859429233396,0.6679829373486683,0.6645676241652559,0.5593103685348687,0.6537871352296148,0.6416766248830653,0.5708209938646736,1.2507256247720764,1.1126171914311433,0.3852883883045674,0.172679232482029,C:\Users\p06596\Documents\check\CNR-BOVINO\progetti_BOVINO\geological-transformer\src\results_uq\unified_feature_representation_study\stage4_all_embeddings_ablation\bge-large\embeddings_depth_pca008\laplace\fold_metrics.csv
bge-large,Embeddings + depth: PCA 8,MC dropout,classification_head,11.0,0.4809782608695652,0.3210884929898156,0.5933747448753216,0.6062878569022768,0.5522976060866389,0.590554296463019,0.61716543285023,0.5725249688341714,1.1890936088423278,1.1030847567066757,0.4349737790571891,0.203688076770176,C:\Users\p06596\Documents\check\CNR-BOVINO\progetti_BOVINO\geological-transformer\src\results_uq\unified_feature_representation_study\stage4_all_embeddings_ablation\bge-large\embeddings_depth_pca008\mc_dropout\fold_metrics.csv
bge-large,Embeddings + depth: PCA 8,Subsample Ensemble,classification_head,11.0,0.4918478260869565,0.3317417757639875,0.6415091440895796,0.6579175554191212,0.6115190965385876,0.6238420863593522,0.6402507319375407,0.6256180185549783,1.2599586596417913,1.2311627317017757,0.3943387059316502,0.2169456887666297,C:\Users\p06596\Documents\check\CNR-BOVINO\progetti_BOVINO\geological-transformer\src\results_uq\unified_feature_representation_study\stage4_all_embeddings_ablation\bge-large\embeddings_depth_pca008\subsample_ensemble\fold_metrics.csv
bge-large,Embeddings + depth: PCA 8,TabICLv2: encoder input,encoder_input,,0.475,0.3037246017385732,0.5610854878216335,0.5487945999213535,0.5056302144775928,0.5961998309277053,0.5840978271013184,0.5438284236131657,1.1125672897167969,1.0358636640250776,0.5123439875631285,0.2380361650334135,C:\Users\p06596\Documents\check\CNR-BOVINO\progetti_BOVINO\geological-transformer\src\results_uq\unified_feature_representation_study\stage4_all_embeddings_ablation\bge-large\embeddings_depth_pca008\tabicl\summary.csv
bge-large,Embeddings + depth: PCA 8,TabICLv2: hidden,hidden,,0.4625,0.2979104293342385,0.534396576204287,0.533978344634695,0.5061671334146824,0.5988100920434716,0.6019591467250851,0.5611125564081286,1.119923993907135,1.0439303375034952,0.5323933797434307,0.293107385505544,C:\Users\p06596\Documents\check\CNR-BOVINO\progetti_BOVINO\geological-transformer\src\results_uq\unified_feature_representation_study\stage4_all_embeddings_ablation\bge-large\embeddings_depth_pca008\tabicl\summary.csv
bge-large,Embeddings + depth: PCA 8,TabICLv2: model input,model_input,,0.4728260869565217,0.3003788569222236,0.615584784927124,0.6078386064699608,0.6692771655409409,0.6228266923476584,0.6183551583957823,0.6945321347828188,1.1729623623177725,1.3174630185570997,0.4454239739021873,0.253150005420845,C:\Users\p06596\Documents\check\CNR-BOVINO\progetti_BOVINO\geological-transformer\src\results_uq\unified_feature_representation_study\stage4_all_embeddings_ablation\bge-large\embeddings_depth_pca008\tabicl\summary.csv
bge-m3,Embeddings + depth: PCA 8,Deep Ensemble,classification_head,11.0,0.5315217391304348,0.3794056162759556,0.6410260060068609,0.6746187312994771,0.6111804134182022,0.5909128052974996,0.6446255368909363,0.5766949812340902,1.375998825846082,1.2309962476458538,0.3507378605077081,0.1972192231403744,C:\Users\p06596\Documents\check\CNR-BOVINO\progetti_BOVINO\geological-transformer\src\results_uq\unified_feature_representation_study\stage4_all_embeddings_ablation\bge-m3\embeddings_depth_pca008\deep_ensemble\fold_metrics.csv
bge-m3,Embeddings + depth: PCA 8,LLLA,classification_head,11.0,0.533695652173913,0.3766808130658626,0.696309800179454,0.7025939997061945,0.5727404282260904,0.6505089898607204,0.6255342180394389,0.5288348727701997,1.3414719827419201,1.134098095451244,0.315317299545183,0.142357057997066,C:\Users\p06596\Documents\check\CNR-BOVINO\progetti_BOVINO\geological-transformer\src\results_uq\unified_feature_representation_study\stage4_all_embeddings_ablation\bge-m3\embeddings_depth_pca008\laplace\fold_metrics.csv
bge-m3,Embeddings + depth: PCA 8,MC dropout,classification_head,11.0,0.5271739130434783,0.3676379880331675,0.626128688233203,0.6565209659668686,0.5966053457907393,0.5736795075598159,0.6191447150390152,0.5738605448939486,1.3094554892779173,1.2136820719596153,0.3654860682726337,0.1750608405017334,C:\Users\p06596\Documents\check\CNR-BOVINO\progetti_BOVINO\geological-transformer\src\results_uq\unified_feature_representation_study\stage4_all_embeddings_ablation\bge-m3\embeddings_depth_pca008\mc_dropout\fold_metrics.csv
bge-m3,Embeddings + depth: PCA 8,Subsample Ensemble,classification_head,11.0,0.5315217391304348,0.3744412086827601,0.6747541030276287,0.6921749826398594,0.6191992076730543,0.6151162680495781,0.6358349889267544,0.5750750577534743,1.3572347791475963,1.227538406341523,0.336915118534632,0.1785248791555995,C:\Users\p06596\Documents\check\CNR-BOVINO\progetti_BOVINO\geological-transformer\src\results_uq\unified_feature_representation_study\stage4_all_embeddings_ablation\bge-m3\embeddings_depth_pca008\subsample_ensemble\fold_metrics.csv
bge-m3,Embeddings + depth: PCA 8,TabICLv2: encoder input,encoder_input,,0.4875,0.3170526266071277,0.5190696926599918,0.4964976929106211,0.5610193516505472,0.5480720452046808,0.5293780807660973,0.5554560635065955,1.0329328405192142,1.083816709281162,0.517894382357615,0.2615643720418124,C:\Users\p06596\Documents\check\CNR-BOVINO\progetti_BOVINO\geological-transformer\src\results_uq\unified_feature_representation_study\stage4_all_embeddings_ablation\bge-m3\embeddings_depth_pca008\tabicl\summary.csv
bge-m3,Embeddings + depth: PCA 8,TabICLv2: hidden,hidden,,0.5201086956521739,0.3765263346938273,0.556434024313901,0.5588670711488691,0.5398583010564109,0.5613453133183791,0.5568532514169798,0.5257866285944254,1.1603737062369681,1.095636915757353,0.4382961455824819,0.2516160211834675,C:\Users\p06596\Documents\check\CNR-BOVINO\progetti_BOVINO\geological-transformer\src\results_uq\unified_feature_representation_study\stage4_all_embeddings_ablation\bge-m3\embeddings_depth_pca008\tabicl\summary.csv
bge-m3,Embeddings + depth: PCA 8,TabICLv2: model input,model_input,,0.5065217391304347,0.343530808731914,0.5537922330831333,0.5433946701707285,0.5996542417424515,0.5353282987857448,0.519545236514475,0.5991499600812429,1.0528229462407863,1.2141364829840162,0.4510454625461635,0.2441394563965144,C:\Users\p06596\Documents\check\CNR-BOVINO\progetti_BOVINO\geological-transformer\src\results_uq\unified_feature_representation_study\stage4_all_embeddings_ablation\bge-m3\embeddings_depth_pca008\tabicl\summary.csv
distilroberta,Embeddings + depth: PCA 8,Deep Ensemble,classification_head,11.0,0.4489130434782609,0.2736995924957458,0.6134014833493321,0.616254355347505,0.627940697197165,0.6284664824457968,0.6438355561804144,0.6622047054056799,1.1683012064812255,1.2016337849570522,0.4615896427665782,0.2557803460923226,C:\Users\p06596\Documents\check\CNR-BOVINO\progetti_BOVINO\geological-transformer\src\results_uq\unified_feature_representation_study\stage4_all_embeddings_ablation\distilroberta\embeddings_depth_pca008\deep_ensemble\fold_metrics.csv
distilroberta,Embeddings + depth: PCA 8,LLLA,classification_head,11.0,0.4451086956521739,0.2713517746855857,0.6745810506829115,0.6678218089622528,0.5929002542087917,0.7271043834440413,0.6879322113449418,0.6378492998993532,1.2397603025217363,1.1495031457539764,0.4273122050122412,0.1989862817299106,C:\Users\p06596\Documents\check\CNR-BOVINO\progetti_BOVINO\geological-transformer\src\results_uq\unified_feature_representation_study\stage4_all_embeddings_ablation\distilroberta\embeddings_depth_pca008\laplace\fold_metrics.csv
distilroberta,Embeddings + depth: PCA 8,MC dropout,classification_head,11.0,0.4489130434782609,0.272516464948019,0.5962839854626034,0.5947104517702627,0.563620439607121,0.6131171669653749,0.6303685352079595,0.6116272687511991,1.1438640086613863,1.1098561878719984,0.4754756168424768,0.2300538229553596,C:\Users\p06596\Documents\check\CNR-BOVINO\progetti_BOVINO\geological-transformer\src\results_uq\unified_feature_representation_study\stage4_all_embeddings_ablation\distilroberta\embeddings_depth_pca008\mc_dropout\fold_metrics.csv
distilroberta,Embeddings + depth: PCA 8,Subsample Ensemble,classification_head,11.0,0.4635869565217391,0.2833561469347459,0.6277159937333043,0.6182941663796571,0.6100593884822464,0.6286522894310576,0.6263574848058685,0.6417551113013568,1.1676775805904742,1.1963823756783145,0.4497951360267533,0.2384500797514034,C:\Users\p06596\Documents\check\CNR-BOVINO\progetti_BOVINO\geological-transformer\src\results_uq\unified_feature_representation_study\stage4_all_embeddings_ablation\distilroberta\embeddings_depth_pca008\subsample_ensemble\fold_metrics.csv
distilroberta,Embeddings + depth: PCA 8,TabICLv2: encoder input,encoder_input,,0.4358695652173913,0.2458042649778292,0.49756209188012634,0.4829046122650983,0.4806691123828194,0.5712899945240315,0.5620490815513117,0.5825292641318035,0.996310510649724,1.0326144951854705,0.5826221041727488,0.3012261145089795,C:\Users\p06596\Documents\check\CNR-BOVINO\progetti_BOVINO\geological-transformer\src\results_uq\unified_feature_representation_study\stage4_all_embeddings_ablation\distilroberta\embeddings_depth_pca008\tabicl\summary.csv
distilroberta,Embeddings + depth: PCA 8,TabICLv2: hidden,hidden,,0.446195652173913,0.2717385815883816,0.4986475001763091,0.4956532341061846,0.4711337211734654,0.5724937487525245,0.5666372194758456,0.5624391832108856,1.023172211811144,1.0155918519215206,0.5802527758576691,0.315636773895369,C:\Users\p06596\Documents\check\CNR-BOVINO\progetti_BOVINO\geological-transformer\src\results_uq\unified_feature_representation_study\stage4_all_embeddings_ablation\distilroberta\embeddings_depth_pca008\tabicl\summary.csv
distilroberta,Embeddings + depth: PCA 8,TabICLv2: model input,model_input,,0.4298913043478261,0.2367488036139517,0.5131483961005545,0.5031888777343783,0.5770826227856523,0.5845521655882299,0.5762595774271992,0.62887029954473,1.010788963266012,1.1030708781337493,0.5654934294136654,0.3281468682528582,C:\Users\p06596\Documents\check\CNR-BOVINO\progetti_BOVINO\geological-transformer\src\results_uq\unified_feature_representation_study\stage4_all_embeddings_ablation\distilroberta\embeddings_depth_pca008\tabicl\summary.csv
e5-base,Embeddings + depth: PCA 8,Deep Ensemble,classification_head,11.0,0.4728260869565217,0.3106658140248796,0.6103803768218984,0.6304160596688898,0.6386027390996841,0.6272950353452817,0.6626823255458761,0.6609519259969718,1.2570468855715589,1.2537644781798227,0.4351497126644933,0.2239950277073228,C:\Users\p06596\Documents\check\CNR-BOVINO\progetti_BOVINO\geological-transformer\src\results_uq\unified_feature_representation_study\stage4_all_embeddings_ablation\e5-base\embeddings_depth_pca008\deep_ensemble\fold_metrics.csv
e5-base,Embeddings + depth: PCA 8,LLLA,classification_head,11.0,0.4940217391304348,0.3275671862309718,0.6737009898626813,0.6576904763555597,0.5434634839716664,0.6445731417129456,0.6260282287209996,0.542894596037902,1.2372630943572924,1.0729603187000427,0.3799112525456135,0.145685589686036,C:\Users\p06596\Documents\check\CNR-BOVINO\progetti_BOVINO\geological-transformer\src\results_uq\unified_feature_representation_study\stage4_all_embeddings_ablation\e5-base\embeddings_depth_pca008\laplace\fold_metrics.csv
e5-base,Embeddings + depth: PCA 8,MC dropout,classification_head,11.0,0.4918478260869565,0.3288107160892488,0.5879977546015895,0.5972541828942187,0.5540493958817296,0.5777002651042192,0.5926078404676972,0.5674613785737042,1.1662015256262706,1.1167154401878243,0.4339245356258839,0.1895422930626765,C:\Users\p06596\Documents\check\CNR-BOVINO\progetti_BOVINO\geological-transformer\src\results_uq\unified_feature_representation_study\stage4_all_embeddings_ablation\e5-base\embeddings_depth_pca008\mc_dropout\fold_metrics.csv
e5-base,Embeddings + depth: PCA 8,Subsample Ensemble,classification_head,11.0,0.4788043478260869,0.3156936580729546,0.6527692131062555,0.6576034585608995,0.573123137703087,0.6437804119373475,0.6595092743889757,0.5931317162907236,1.2653775441873982,1.1380212283367375,0.4207833257551955,0.2102757211936556,C:\Users\p06596\Documents\check\CNR-BOVINO\progetti_BOVINO\geological-transformer\src\results_uq\unified_feature_representation_study\stage4_all_embeddings_ablation\e5-base\embeddings_depth_pca008\subsample_ensemble\fold_metrics.csv
e5-base,Embeddings + depth: PCA 8,TabICLv2: encoder input,encoder_input,,0.4668478260869565,0.2944868003555237,0.506424747739056,0.4904768007746722,0.4908173812329487,0.5624398544145244,0.5381757905615557,0.5292130378624368,1.0094224817872197,0.992611610261859,0.5527472898140141,0.2574251140693093,C:\Users\p06596\Documents\check\CNR-BOVINO\progetti_BOVINO\geological-transformer\src\results_uq\unified_feature_representation_study\stage4_all_embeddings_ablation\e5-base\embeddings_depth_pca008\tabicl\summary.csv
e5-base,Embeddings + depth: PCA 8,TabICLv2: hidden,hidden,,0.45,0.2839968638718109,0.5140583529052338,0.5078585954058544,0.4844212445819251,0.582916158352876,0.5868539085045097,0.5470918218202087,1.0670071063718358,0.9947124033094702,0.536826866724896,0.3138996264233458,C:\Users\p06596\Documents\check\CNR-BOVINO\progetti_BOVINO\geological-transformer\src\results_uq\unified_feature_representation_study\stage4_all_embeddings_ablation\e5-base\embeddings_depth_pca008\tabicl\summary.csv
e5-base,Embeddings + depth: PCA 8,TabICLv2: model input,model_input,,0.4472826086956522,0.2701784382673484,0.5520375965810863,0.5424198109657092,0.5449120719338678,0.6225649144098464,0.6117907719570582,0.5905995719533215,1.1068780928229962,1.0685380652842789,0.5356737407696384,0.2934991276951904,C:\Users\p06596\Documents\check\CNR-BOVINO\progetti_BOVINO\geological-transformer\src\results_uq\unified_feature_representation_study\stage4_all_embeddings_ablation\e5-base\embeddings_depth_pca008\tabicl\summary.csv
e5-large,Embeddings + depth: PCA 8,Deep Ensemble,classification_head,11.0,0.4646739130434782,0.3055079102191017,0.6024626710600529,0.6320993869631316,0.611746687546415,0.6314635615526812,0.6592134140560965,0.6428403188591356,1.2314240425007283,1.2008387682241721,0.4419850834314562,0.242509647588367,C:\Users\p06596\Documents\check\CNR-BOVINO\progetti_BOVINO\geological-transformer\src\results_uq\unified_feature_representation_study\stage4_all_embeddings_ablation\e5-large\embeddings_depth_pca008\deep_ensemble\fold_metrics.csv
e5-large,Embeddings + depth: PCA 8,LLLA,classification_head,11.0,0.4755434782608695,0.3129482153656956,0.6815099925980754,0.6711564318408023,0.5271508024567944,0.6879137358821696,0.6555240829667894,0.5673166275298441,1.2499112048278678,1.081722896015454,0.3853595932208441,0.1813062459230422,C:\Users\p06596\Documents\check\CNR-BOVINO\progetti_BOVINO\geological-transformer\src\results_uq\unified_feature_representation_study\stage4_all_embeddings_ablation\e5-large\embeddings_depth_pca008\laplace\fold_metrics.csv
e5-large,Embeddings + depth: PCA 8,MC dropout,classification_head,11.0,0.4755434782608695,0.3093358111862978,0.5781424130273871,0.5872068989268407,0.5455346814954606,0.5943129982221645,0.5955989334563483,0.5778983599287418,1.1356497798545915,1.1018994634910724,0.4548625817431707,0.2005023390054702,C:\Users\p06596\Documents\check\CNR-BOVINO\progetti_BOVINO\geological-transformer\src\results_uq\unified_feature_representation_study\stage4_all_embeddings_ablation\e5-large\embeddings_depth_pca008\mc_dropout\fold_metrics.csv
e5-large,Embeddings + depth: PCA 8,Subsample Ensemble,classification_head,11.0,0.483695652173913,0.3200500846499777,0.6270005913660557,0.64170937743027,0.5897737397545788,0.6162090405234697,0.6269903710742295,0.6148849403790201,1.2143813502911394,1.1909350424183127,0.4191643678617593,0.2102095359693402,C:\Users\p06596\Documents\check\CNR-BOVINO\progetti_BOVINO\geological-transformer\src\results_uq\unified_feature_representation_study\stage4_all_embeddings_ablation\e5-large\embeddings_depth_pca008\subsample_ensemble\fold_metrics.csv
e5-large,Embeddings + depth: PCA 8,TabICLv2: encoder input,encoder_input,,0.4239130434782608,0.2441183150163274,0.5065064102564103,0.494849419448476,0.4765185050798258,0.6136709833497936,0.599845028673399,0.5714409198525285,1.0412404271311828,0.9919351816308041,0.594504495932463,0.3088305425207843,C:\Users\p06596\Documents\check\CNR-BOVINO\progetti_BOVINO\geological-transformer\src\results_uq\unified_feature_representation_study\stage4_all_embeddings_ablation\e5-large\embeddings_depth_pca008\tabicl\summary.csv
e5-large,Embeddings + depth: PCA 8,TabICLv2: hidden,hidden,,0.4489130434782609,0.2847641296422516,0.4917343629859927,0.4913988662358936,0.4756555916920976,0.5657497055639721,0.5750293038177987,0.5402660278523672,1.0434456795115874,0.9803643897912778,0.5646260268086387,0.3319023773382825,C:\Users\p06596\Documents\check\CNR-BOVINO\progetti_BOVINO\geological-transformer\src\results_uq\unified_feature_representation_study\stage4_all_embeddings_ablation\e5-large\embeddings_depth_pca008\tabicl\summary.csv
e5-large,Embeddings + depth: PCA 8,TabICLv2: model input,model_input,,0.4206521739130435,0.2399166227162409,0.5349334128403895,0.5274820503124531,0.5538793625861124,0.6088926135014515,0.6056301045175315,0.6256463835059389,1.045365283594989,1.0799149583967427,0.5600897145440121,0.3378555605651517,C:\Users\p06596\Documents\check\CNR-BOVINO\progetti_BOVINO\geological-transformer\src\results_uq\unified_feature_representation_study\stage4_all_embeddings_ablation\e5-large\embeddings_depth_pca008\tabicl\summary.csv
e5-mistral,Embeddings + depth: PCA 8,Deep Ensemble,classification_head,11.0,0.4673913043478261,0.3115777387342431,0.5897615092548647,0.6152901273268582,0.6267879124264626,0.6092148642569422,0.6510789899818917,0.6414723026599224,1.2224340220068173,1.2043969764227116,0.4500175525008349,0.2353401530695998,C:\Users\p06596\Documents\check\CNR-BOVINO\progetti_BOVINO\geological-transformer\src\results_uq\unified_feature_representation_study\stage4_all_embeddings_ablation\e5-mistral\embeddings_depth_pca008\deep_ensemble\fold_metrics.csv
e5-mistral,Embeddings + depth: PCA 8,LLLA,classification_head,11.0,0.4635869565217391,0.301764196363828,0.6754977663909844,0.6741310234330421,0.5420604307528969,0.6960834214249876,0.6837312625534024,0.5841895070968427,1.2746357883467685,1.0890665583163024,0.4136422886229675,0.1727921366853558,C:\Users\p06596\Documents\check\CNR-BOVINO\progetti_BOVINO\geological-transformer\src\results_uq\unified_feature_representation_study\stage4_all_embeddings_ablation\e5-mistral\embeddings_depth_pca008\laplace\fold_metrics.csv
e5-mistral,Embeddings + depth: PCA 8,MC dropout,classification_head,11.0,0.4597826086956522,0.2971205252594738,0.5956768982690468,0.6037933556096367,0.5556740172125767,0.6335426461432299,0.6445542803833695,0.6042785052919747,1.1931387081543259,1.1185839534579813,0.4664621786366606,0.211616381144394,C:\Users\p06596\Documents\check\CNR-BOVINO\progetti_BOVINO\geological-transformer\src\results_uq\unified_feature_representation_study\stage4_all_embeddings_ablation\e5-mistral\embeddings_depth_pca008\mc_dropout\fold_metrics.csv
e5-mistral,Embeddings + depth: PCA 8,Subsample Ensemble,classification_head,11.0,0.4777173913043478,0.3199641579168559,0.6156686424716384,0.6278623307159654,0.5710673019808246,0.611516262640374,0.6289101540440684,0.5885833544270362,1.2041567985859372,1.1269441957812139,0.4355056043224536,0.2070374501626128,C:\Users\p06596\Documents\check\CNR-BOVINO\progetti_BOVINO\geological-transformer\src\results_uq\unified_feature_representation_study\stage4_all_embeddings_ablation\e5-mistral\embeddings_depth_pca008\subsample_ensemble\fold_metrics.csv
e5-mistral,Embeddings + depth: PCA 8,TabICLv2: encoder input,encoder_input,,0.4652173913043478,0.2943407654073571,0.5167712607324672,0.5078932309474964,0.5307721440240103,0.5533117908428198,0.5503532859923367,0.5640274673536374,1.0291159006360766,1.0546855080596471,0.5325838230102952,0.2566650801454643,C:\Users\p06596\Documents\check\CNR-BOVINO\progetti_BOVINO\geological-transformer\src\results_uq\unified_feature_representation_study\stage4_all_embeddings_ablation\e5-mistral\embeddings_depth_pca008\tabicl\summary.csv
e5-mistral,Embeddings + depth: PCA 8,TabICLv2: hidden,hidden,,0.4831521739130435,0.3223830752215815,0.5102023918934423,0.5170225172957481,0.5038542106526904,0.5450038739111511,0.5616587417923182,0.5378455243545684,1.086700404729617,1.0406264614220884,0.5140800926517259,0.29763278283682,C:\Users\p06596\Documents\check\CNR-BOVINO\progetti_BOVINO\geological-transformer\src\results_uq\unified_feature_representation_study\stage4_all_embeddings_ablation\e5-mistral\embeddings_depth_pca008\tabicl\summary.csv
e5-mistral,Embeddings + depth: PCA 8,TabICLv2: model input,model_input,,0.4467391304347826,0.2647600849573585,0.5470598568826811,0.5373908336081913,0.6093641700008126,0.58611902616185,0.5849333770890234,0.6500139443879552,1.05724696841238,1.174877856261137,0.5088565810459689,0.2949362408144321,C:\Users\p06596\Documents\check\CNR-BOVINO\progetti_BOVINO\geological-transformer\src\results_uq\unified_feature_representation_study\stage4_all_embeddings_ablation\e5-mistral\embeddings_depth_pca008\tabicl\summary.csv
e5-small,Embeddings + depth: PCA 8,Deep Ensemble,classification_head,11.0,0.4760869565217391,0.3123144169210317,0.5941804505579871,0.6104951995164549,0.6082399181630147,0.6070503142572409,0.6379592516976549,0.6430279271038314,1.2176815592569348,1.2273562094098027,0.4436823860669357,0.2274870556819697,C:\Users\p06596\Documents\check\CNR-BOVINO\progetti_BOVINO\geological-transformer\src\results_uq\unified_feature_representation_study\stage4_all_embeddings_ablation\e5-small\embeddings_depth_pca008\deep_ensemble\fold_metrics.csv
e5-small,Embeddings + depth: PCA 8,LLLA,classification_head,11.0,0.4777173913043478,0.3098551261259052,0.6953507616142173,0.7052438081610444,0.5672384627917464,0.723280603069842,0.6996910820854232,0.6045064283211989,1.3396790749606435,1.1574316629667074,0.3762341020382836,0.1667718036343221,C:\Users\p06596\Documents\check\CNR-BOVINO\progetti_BOVINO\geological-transformer\src\results_uq\unified_feature_representation_study\stage4_all_embeddings_ablation\e5-small\embeddings_depth_pca008\laplace\fold_metrics.csv
e5-small,Embeddings + depth: PCA 8,MC dropout,classification_head,11.0,0.4777173913043478,0.3096226163769622,0.5919649019378042,0.6073716983150665,0.5647693364610894,0.6271077409986062,0.6316655007088204,0.5994061407338477,1.209432384291602,1.1476662840273462,0.4514938831849484,0.1974600116033916,C:\Users\p06596\Documents\check\CNR-BOVINO\progetti_BOVINO\geological-transformer\src\results_uq\unified_feature_representation_study\stage4_all_embeddings_ablation\e5-small\embeddings_depth_pca008\mc_dropout\fold_metrics.csv
e5-small,Embeddings + depth: PCA 8,Subsample Ensemble,classification_head,11.0,0.4891304347826087,0.3239115240739321,0.6297742316784871,0.6377482245250988,0.5656653972062765,0.6046839227679142,0.6321252875686766,0.5946857468335086,1.2373516267301754,1.1640657172060167,0.4182388424387435,0.20499209244938,C:\Users\p06596\Documents\check\CNR-BOVINO\progetti_BOVINO\geological-transformer\src\results_uq\unified_feature_representation_study\stage4_all_embeddings_ablation\e5-small\embeddings_depth_pca008\subsample_ensemble\fold_metrics.csv
e5-small,Embeddings + depth: PCA 8,TabICLv2: encoder input,encoder_input,,0.4641304347826087,0.2883315543975802,0.5244375590824232,0.5117434480858483,0.5227393105348414,0.5759880139945607,0.5660030588886152,0.5564948037151437,1.0562328887982273,1.038489288880187,0.544712815158122,0.2658362215840664,C:\Users\p06596\Documents\check\CNR-BOVINO\progetti_BOVINO\geological-transformer\src\results_uq\unified_feature_representation_study\stage4_all_embeddings_ablation\e5-small\embeddings_depth_pca008\tabicl\summary.csv
e5-small,Embeddings + depth: PCA 8,TabICLv2: hidden,hidden,,0.4641304347826087,0.3067958642508348,0.5098272774344333,0.5096313256789431,0.4957128131071536,0.5664294371675256,0.5704754782136221,0.5560629277284845,1.0645789857130474,1.0376833539760768,0.5423866845330942,0.3139763375442884,C:\Users\p06596\Documents\check\CNR-BOVINO\progetti_BOVINO\geological-transformer\src\results_uq\unified_feature_representation_study\stage4_all_embeddings_ablation\e5-small\embeddings_depth_pca008\tabicl\summary.csv
e5-small,Embeddings + depth: PCA 8,TabICLv2: model input,model_input,,0.4733695652173913,0.3002385443379276,0.5584692635891749,0.5535320539479311,0.6097311726672662,0.5823913129600098,0.5805160964763465,0.6265784341835103,1.102321586704311,1.1897877388004736,0.4922648025319358,0.2814739606741212,C:\Users\p06596\Documents\check\CNR-BOVINO\progetti_BOVINO\geological-transformer\src\results_uq\unified_feature_representation_study\stage4_all_embeddings_ablation\e5-small\embeddings_depth_pca008\tabicl\summary.csv
gte-base,Embeddings + depth: PCA 8,Deep Ensemble,classification_head,11.0,0.4641304347826087,0.2961379208392845,0.5936815653338781,0.6079477115270709,0.5975712736602855,0.6208391580804069,0.6382336522807667,0.6453837567117269,1.1910242598342908,1.204367253904237,0.4546674194887491,0.2362348928885614,C:\Users\p06596\Documents\check\CNR-BOVINO\progetti_BOVINO\geological-transformer\src\results_uq\unified_feature_representation_study\stage4_all_embeddings_ablation\gte-base\embeddings_depth_pca008\deep_ensemble\fold_metrics.csv
gte-base,Embeddings + depth: PCA 8,LLLA,classification_head,11.0,0.4668478260869565,0.2940401845873905,0.6646575979702829,0.6721721705769094,0.545154671478661,0.6780168875937178,0.672110809462341,0.5889037433618644,1.2606359728957264,1.1045697123199087,0.3980908003661559,0.1782075126128999,C:\Users\p06596\Documents\check\CNR-BOVINO\progetti_BOVINO\geological-transformer\src\results_uq\unified_feature_representation_study\stage4_all_embeddings_ablation\gte-base\embeddings_depth_pca008\laplace\fold_metrics.csv
gte-base,Embeddings + depth: PCA 8,MC dropout,classification_head,11.0,0.4684782608695652,0.2986689800034331,0.5701607048809303,0.5888390149066309,0.5307327374648387,0.5954149509536837,0.620067253602466,0.5841299525503576,1.1665886979841895,1.0989765978452537,0.4690611794802045,0.201705212097453,C:\Users\p06596\Documents\check\CNR-BOVINO\progetti_BOVINO\geological-transformer\src\results_uq\unified_feature_representation_study\stage4_all_embeddings_ablation\gte-base\embeddings_depth_pca008\mc_dropout\fold_metrics.csv
gte-base,Embeddings + depth: PCA 8,Subsample Ensemble,classification_head,11.0,0.4722826086956522,0.2985510106906302,0.6202863478150602,0.6172182272669732,0.6035589016639866,0.6127035862973622,0.6186274863424005,0.6338201301588506,1.1722704169619125,1.201059772906576,0.4424136387694895,0.2198884239987186,C:\Users\p06596\Documents\check\CNR-BOVINO\progetti_BOVINO\geological-transformer\src\results_uq\unified_feature_representation_study\stage4_all_embeddings_ablation\gte-base\embeddings_depth_pca008\subsample_ensemble\fold_metrics.csv
gte-base,Embeddings + depth: PCA 8,TabICLv2: encoder input,encoder_input,,0.4445652173913043,0.2614968935805901,0.53650077273097,0.5218487887501855,0.4833773128101091,0.6083154627742502,0.5754250503891443,0.5624431678233555,1.0359903059843691,1.0126178363942993,0.5485583352200049,0.2717767725888003,C:\Users\p06596\Documents\check\CNR-BOVINO\progetti_BOVINO\geological-transformer\src\results_uq\unified_feature_representation_study\stage4_all_embeddings_ablation\gte-base\embeddings_depth_pca008\tabicl\summary.csv
gte-base,Embeddings + depth: PCA 8,TabICLv2: hidden,hidden,,0.4358695652173913,0.2643829744129357,0.4945716152777978,0.4917691320830871,0.4843226711640936,0.5748422502237953,0.5682573529536297,0.5693456504329695,1.0073155389544108,1.009244698262682,0.5685105787279823,0.3297647029005682,C:\Users\p06596\Documents\check\CNR-BOVINO\progetti_BOVINO\geological-transformer\src\results_uq\unified_feature_representation_study\stage4_all_embeddings_ablation\gte-base\embeddings_depth_pca008\tabicl\summary.csv
gte-base,Embeddings + depth: PCA 8,TabICLv2: model input,model_input,,0.4657608695652174,0.289418155917698,0.5479267738247998,0.5448926974434701,0.5682061794971932,0.5701370628722375,0.5676822713975432,0.5988842585660458,1.0625995720971306,1.1210041055559756,0.4926717519171728,0.2748170815289057,C:\Users\p06596\Documents\check\CNR-BOVINO\progetti_BOVINO\geological-transformer\src\results_uq\unified_feature_representation_study\stage4_all_embeddings_ablation\gte-base\embeddings_depth_pca008\tabicl\summary.csv
gte-large,Embeddings + depth: PCA 8,Deep Ensemble,classification_head,11.0,0.4663043478260869,0.2932816832452839,0.6028074098338865,0.6311944553199059,0.5818585820679236,0.6099829442985774,0.633671213918122,0.5898014471703913,1.1873269181357884,1.1051269478549082,0.4341898201639445,0.2198248178414676,C:\Users\p06596\Documents\check\CNR-BOVINO\progetti_BOVINO\geological-transformer\src\results_uq\unified_feature_representation_study\stage4_all_embeddings_ablation\gte-large\embeddings_depth_pca008\deep_ensemble\fold_metrics.csv
gte-large,Embeddings + depth: PCA 8,LLLA,classification_head,11.0,0.45,0.2746280807628856,0.6807178591205056,0.6879805837888356,0.524186634217372,0.7048817718601001,0.6996935814284749,0.5875106475712459,1.2721701480517724,1.0682011774022653,0.4067916138251701,0.1776918868655743,C:\Users\p06596\Documents\check\CNR-BOVINO\progetti_BOVINO\geological-transformer\src\results_uq\unified_feature_representation_study\stage4_all_embeddings_ablation\gte-large\embeddings_depth_pca008\laplace\fold_metrics.csv
gte-large,Embeddings + depth: PCA 8,MC dropout,classification_head,11.0,0.4570652173913043,0.2794558183595364,0.5895610235681579,0.6024743145085659,0.5319227831900113,0.6249424841332969,0.6329493945794697,0.5851145904386057,1.1657926787049293,1.0776885349419765,0.4710734300300399,0.1988974469673373,C:\Users\p06596\Documents\check\CNR-BOVINO\progetti_BOVINO\geological-transformer\src\results_uq\unified_feature_representation_study\stage4_all_embeddings_ablation\gte-large\embeddings_depth_pca008\mc_dropout\fold_metrics.csv
gte-large,Embeddings + depth: PCA 8,Subsample Ensemble,classification_head,11.0,0.4760869565217391,0.3004595157510822,0.6209654881676424,0.6346258996792942,0.5984730930730002,0.6101229293815074,0.6261057944514223,0.6147523142070511,1.1950567031023,1.1733861598972761,0.4248750932854924,0.2014197579220585,C:\Users\p06596\Documents\check\CNR-BOVINO\progetti_BOVINO\geological-transformer\src\results_uq\unified_feature_representation_study\stage4_all_embeddings_ablation\gte-large\embeddings_depth_pca008\subsample_ensemble\fold_metrics.csv
gte-large,Embeddings + depth: PCA 8,TabICLv2: encoder input,encoder_input,,0.4788043478260869,0.307761865625239,0.5818010626373717,0.5771353057656777,0.5405868769374076,0.6028992799756778,0.5979483058467059,0.5512857978056599,1.1472626514681319,1.0577329175833305,0.4813160138112662,0.218823010348273,C:\Users\p06596\Documents\check\CNR-BOVINO\progetti_BOVINO\geological-transformer\src\results_uq\unified_feature_representation_study\stage4_all_embeddings_ablation\gte-large\embeddings_depth_pca008\tabicl\summary.csv
gte-large,Embeddings + depth: PCA 8,TabICLv2: hidden,hidden,,0.4592391304347826,0.295651645338982,0.5311968124646904,0.5339859058606643,0.4822027296244536,0.5738068780820991,0.5736981786980357,0.5249153079634614,1.0609091947782772,0.970697654927406,0.5221232581376256,0.280105286972681,C:\Users\p06596\Documents\check\CNR-BOVINO\progetti_BOVINO\geological-transformer\src\results_uq\unified_feature_representation_study\stage4_all_embeddings_ablation\gte-large\embeddings_depth_pca008\tabicl\summary.csv
gte-large,Embeddings + depth: PCA 8,TabICLv2: model input,model_input,,0.4945652173913043,0.3262928468615451,0.596807869549805,0.602040056717476,0.64319094883611,0.5854236732911792,0.5808150075800838,0.6327494869239196,1.1491393698358645,1.251891458000013,0.4165350980438991,0.2259288671018327,C:\Users\p06596\Documents\check\CNR-BOVINO\progetti_BOVINO\geological-transformer\src\results_uq\unified_feature_representation_study\stage4_all_embeddings_ablation\gte-large\embeddings_depth_pca008\tabicl\summary.csv
gte-modernbert,Embeddings + depth: PCA 8,Deep Ensemble,classification_head,11.0,0.5646739130434782,0.3981745061341186,0.6269833545411835,0.6543108759721239,0.6353078060948589,0.5887298071198331,0.6152846815881722,0.5687744043307918,1.413388032612031,1.3065479450295343,0.332120833428503,0.2175401589468769,C:\Users\p06596\Documents\check\CNR-BOVINO\progetti_BOVINO\geological-transformer\src\results_uq\unified_feature_representation_study\stage4_all_embeddings_ablation\gte-modernbert\embeddings_depth_pca008\deep_ensemble\fold_metrics.csv
gte-modernbert,Embeddings + depth: PCA 8,LLLA,classification_head,11.0,0.5353260869565217,0.3548859104686786,0.5857143705286906,0.6189543361721281,0.6173033597395009,0.5607122721986235,0.6036658694780356,0.5960351744784853,1.2991171927948368,1.2826955801642257,0.3724008152481659,0.2144602732246984,C:\Users\p06596\Documents\check\CNR-BOVINO\progetti_BOVINO\geological-transformer\src\results_uq\unified_feature_representation_study\stage4_all_embeddings_ablation\gte-modernbert\embeddings_depth_pca008\laplace\fold_metrics.csv
gte-modernbert,Embeddings + depth: PCA 8,MC dropout,classification_head,11.0,0.5369565217391304,0.3580200651228044,0.5982987160479747,0.6284454573478924,0.6229372864466027,0.5640439078354682,0.6025988985339548,0.5875727540665375,1.3013872926085408,1.2689364641812548,0.3660108925146165,0.2797175026296273,C:\Users\p06596\Documents\check\CNR-BOVINO\progetti_BOVINO\geological-transformer\src\results_uq\unified_feature_representation_study\stage4_all_embeddings_ablation\gte-modernbert\embeddings_depth_pca008\mc_dropout\fold_metrics.csv
gte-modernbert,Embeddings + depth: PCA 8,Subsample Ensemble,classification_head,11.0,0.5717391304347826,0.4136337999553779,0.6348048676921889,0.6607603502437177,0.6482032165054978,0.5600045606070244,0.5813938831413675,0.5634935353231583,1.3575694733250208,1.3157717068459533,0.3105874543231235,0.199808829229163,C:\Users\p06596\Documents\check\CNR-BOVINO\progetti_BOVINO\geological-transformer\src\results_uq\unified_feature_representation_study\stage4_all_embeddings_ablation\gte-modernbert\embeddings_depth_pca008\subsample_ensemble\fold_metrics.csv
gte-modernbert,Embeddings + depth: PCA 8,TabICLv2: encoder input,encoder_input,,0.5144454799627214,0.3384232681381441,0.6106445937300063,0.600696472780884,0.5792181284597624,0.5836798627796738,0.5832000672464597,0.5409844832883743,1.2011010981870467,1.1141580625113738,0.406246072101545,0.2150940687207584,C:\Users\p06596\Documents\check\CNR-BOVINO\progetti_BOVINO\geological-transformer\src\results_uq\unified_feature_representation_study\stage4_all_embeddings_ablation\gte-modernbert\embeddings_depth_pca008\tabicl\summary.csv
gte-modernbert,Embeddings + depth: PCA 8,TabICLv2: hidden,hidden,,0.5051258154706431,0.3376281408904584,0.5704442637646715,0.5724386904885999,0.5666395647007317,0.5566454255353528,0.5680367332802928,0.556343266167493,1.1478407058564108,1.124211534082335,0.4596805106824482,0.4331386305547521,C:\Users\p06596\Documents\check\CNR-BOVINO\progetti_BOVINO\geological-transformer\src\results_uq\unified_feature_representation_study\stage4_all_embeddings_ablation\gte-modernbert\embeddings_depth_pca008\tabicl\summary.csv
gte-modernbert,Embeddings + depth: PCA 8,TabICLv2: model input,model_input,,0.4967381174277726,0.3118543661416481,0.6416423459106385,0.6349784587589465,0.564899937460913,0.6207140941122022,0.6277756681783824,0.5562461188699958,1.247413503621119,1.1052816399027876,0.3951734839717828,0.2448775053775,C:\Users\p06596\Documents\check\CNR-BOVINO\progetti_BOVINO\geological-transformer\src\results_uq\unified_feature_representation_study\stage4_all_embeddings_ablation\gte-modernbert\embeddings_depth_pca008\tabicl\summary.csv
labse,Embeddings + depth: PCA 8,Deep Ensemble,classification_head,11.0,0.4467391304347826,0.2894440520105424,0.6018037849129297,0.6136532142980426,0.6476598737017567,0.6271797956753372,0.6629278097288408,0.666176458207992,1.198219223871382,1.2040910443052113,0.4706312811003132,0.2725485784690017,C:\Users\p06596\Documents\check\CNR-BOVINO\progetti_BOVINO\geological-transformer\src\results_uq\unified_feature_representation_study\stage4_all_embeddings_ablation\labse\embeddings_depth_pca008\deep_ensemble\fold_metrics.csv
labse,Embeddings + depth: PCA 8,LLLA,classification_head,11.0,0.4429347826086957,0.2848235976499347,0.6835552895406255,0.6757692132004682,0.606245438931151,0.7363843042761737,0.7012846902744996,0.6581474664913409,1.258891541565931,1.1814549642381145,0.4310659039676205,0.198546255412309,C:\Users\p06596\Documents\check\CNR-BOVINO\progetti_BOVINO\geological-transformer\src\results_uq\unified_feature_representation_study\stage4_all_embeddings_ablation\labse\embeddings_depth_pca008\laplace\fold_metrics.csv
labse,Embeddings + depth: PCA 8,MC dropout,classification_head,11.0,0.4423913043478261,0.2824462573745552,0.6127886259465206,0.616050476893159,0.5854232692099106,0.6496749081516299,0.6707345813379347,0.6357501353617738,1.2028768320290446,1.1401366949957736,0.4743380987059352,0.2301071449952281,C:\Users\p06596\Documents\check\CNR-BOVINO\progetti_BOVINO\geological-transformer\src\results_uq\unified_feature_representation_study\stage4_all_embeddings_ablation\labse\embeddings_depth_pca008\mc_dropout\fold_metrics.csv
labse,Embeddings + depth: PCA 8,Subsample Ensemble,classification_head,11.0,0.4505434782608695,0.288044550843742,0.6407156978901565,0.6382458667447578,0.6670324148533991,0.6540700201406587,0.6654190901984863,0.6980875225905174,1.2110495805788473,1.2705054812725538,0.4540395007737878,0.2513904051288314,C:\Users\p06596\Documents\check\CNR-BOVINO\progetti_BOVINO\geological-transformer\src\results_uq\unified_feature_representation_study\stage4_all_embeddings_ablation\labse\embeddings_depth_pca008\subsample_ensemble\fold_metrics.csv
labse,Embeddings + depth: PCA 8,TabICLv2: encoder input,encoder_input,,0.4527173913043478,0.272675886054335,0.5277922489750617,0.5220902660965081,0.5551291022863962,0.5683390339737889,0.5647559300899028,0.6055087700990103,1.0319274194294152,1.1063913972017665,0.5505446111855824,0.2786796419299314,C:\Users\p06596\Documents\check\CNR-BOVINO\progetti_BOVINO\geological-transformer\src\results_uq\unified_feature_representation_study\stage4_all_embeddings_ablation\labse\embeddings_depth_pca008\tabicl\summary.csv
labse,Embeddings + depth: PCA 8,TabICLv2: hidden,hidden,,0.4641304347826087,0.2993413366752466,0.49544085582226116,0.4938851176423084,0.4854425659466725,0.5470926024825407,0.5455029112572262,0.5470634688606391,1.0179770352061828,1.0208892319508884,0.5310747295103883,0.2928641020169996,C:\Users\p06596\Documents\check\CNR-BOVINO\progetti_BOVINO\geological-transformer\src\results_uq\unified_feature_representation_study\stage4_all_embeddings_ablation\labse\embeddings_depth_pca008\tabicl\summary.csv
labse,Embeddings + depth: PCA 8,TabICLv2: model input,model_input,,0.4559782608695652,0.2758631128717667,0.5783138196725801,0.5689679807677424,0.6006752484702425,0.6115502067372764,0.5987546777423465,0.613117785984896,1.1006079990468707,1.127009716495713,0.4917785721770881,0.2725706737642181,C:\Users\p06596\Documents\check\CNR-BOVINO\progetti_BOVINO\geological-transformer\src\results_uq\unified_feature_representation_study\stage4_all_embeddings_ablation\labse\embeddings_depth_pca008\tabicl\summary.csv
minilm-en,Embeddings + depth: PCA 8,Deep Ensemble,classification_head,11.0,0.4630434782608695,0.2981787307923561,0.6043139742639372,0.6329138206801354,0.6248736569819113,0.6173970843853022,0.6467468201088877,0.6514524494798313,1.2044677621461064,1.2132312824320741,0.4342497590547765,0.2711599590013856,C:\Users\p06596\Documents\check\CNR-BOVINO\progetti_BOVINO\geological-transformer\src\results_uq\unified_feature_representation_study\stage3_minilm_ablation\embeddings_depth_pca008\deep_ensemble\fold_metrics.csv
minilm-en,Embeddings + depth: PCA 8,LLLA,classification_head,11.0,0.4646739130434782,0.2985897864624893,0.6679122510167128,0.6622799088358635,0.5607343017290637,0.6954455558363696,0.6608281868616822,0.5994834757968522,1.2344404708888277,1.1198473050418356,0.4070069589092351,0.2004844786842232,C:\Users\p06596\Documents\check\CNR-BOVINO\progetti_BOVINO\geological-transformer\src\results_uq\unified_feature_representation_study\stage3_minilm_ablation\embeddings_depth_pca008\laplace\fold_metrics.csv
minilm-en,Embeddings + depth: PCA 8,MC dropout,classification_head,11.0,0.4652173913043478,0.3001741493642804,0.5982911157966719,0.6181489636274837,0.5775014294872565,0.6082193933648522,0.6284852026131476,0.6056091307692557,1.17521623252865,1.1324398380238114,0.4429351072730357,0.2235042678273242,C:\Users\p06596\Documents\check\CNR-BOVINO\progetti_BOVINO\geological-transformer\src\results_uq\unified_feature_representation_study\stage3_minilm_ablation\embeddings_depth_pca008\mc_dropout\fold_metrics.csv
minilm-en,Embeddings + depth: PCA 8,Subsample Ensemble,classification_head,11.0,0.4809782608695652,0.3128028454061345,0.6087200875558316,0.6288484795945597,0.612093209913648,0.6027984307166379,0.625355476585153,0.6220507954947229,1.2048733789703472,1.1985062447228167,0.4218903387487134,0.2367610905157483,C:\Users\p06596\Documents\check\CNR-BOVINO\progetti_BOVINO\geological-transformer\src\results_uq\unified_feature_representation_study\stage3_minilm_ablation\embeddings_depth_pca008\subsample_ensemble\fold_metrics.csv
minilm-en,Embeddings + depth: PCA 8,TabICLv2: encoder input,encoder_input,,0.4896739130434782,0.3287470963696414,0.5355090013580934,0.5366838880949933,0.5220639946858242,0.541711749243404,0.5372134297595557,0.5490130682604911,1.0526865929260727,1.0758083552708237,0.4860558938288652,0.2230731409080462,C:\Users\p06596\Documents\check\CNR-BOVINO\progetti_BOVINO\geological-transformer\src\results_uq\unified_feature_representation_study\stage3_minilm_ablation\embeddings_depth_pca008\tabicl\summary.csv
minilm-en,Embeddings + depth: PCA 8,TabICLv2: hidden,hidden,,0.4445652173913043,0.2848697673339638,0.5202536854243321,0.5351843788726263,0.4922655132321207,0.5790302019520008,0.5885440079390396,0.55126195881326,1.059609564195531,0.9924872839690786,0.5076549294957925,0.3096465509025402,C:\Users\p06596\Documents\check\CNR-BOVINO\progetti_BOVINO\geological-transformer\src\results_uq\unified_feature_representation_study\stage3_minilm_ablation\embeddings_depth_pca008\tabicl\summary.csv
minilm-en,Embeddings + depth: PCA 8,TabICLv2: model input,model_input,,0.4668478260869565,0.2994883079233684,0.5862819650187082,0.5905018399651587,0.6154152411535116,0.5842299710174732,0.5914100459021356,0.6363625664456991,1.1092706263607846,1.1935852418553379,0.4591149227173017,0.2579863783247649,C:\Users\p06596\Documents\check\CNR-BOVINO\progetti_BOVINO\geological-transformer\src\results_uq\unified_feature_representation_study\stage3_minilm_ablation\embeddings_depth_pca008\tabicl\summary.csv
mpnet,Embeddings + depth: PCA 8,Deep Ensemble,classification_head,11.0,0.4489130434782609,0.2796132483831675,0.6028924356825269,0.6326346866463101,0.644900501309807,0.6313175129707277,0.6615251279537757,0.6671882210898912,1.2004006266616838,1.2106768508928991,0.4548361610442094,0.2539190012475719,C:\Users\p06596\Documents\check\CNR-BOVINO\progetti_BOVINO\geological-transformer\src\results_uq\unified_feature_representation_study\stage4_all_embeddings_ablation\mpnet\embeddings_depth_pca008\deep_ensemble\fold_metrics.csv
mpnet,Embeddings + depth: PCA 8,LLLA,classification_head,11.0,0.4548913043478261,0.2829886915349067,0.6486597555005236,0.6606135809243482,0.5336339065687336,0.6684569504389374,0.6632133030338272,0.5778055988102999,1.2166624901119063,1.0599823547467118,0.4171366432270187,0.1836173541115029,C:\Users\p06596\Documents\check\CNR-BOVINO\progetti_BOVINO\geological-transformer\src\results_uq\unified_feature_representation_study\stage4_all_embeddings_ablation\mpnet\embeddings_depth_pca008\laplace\fold_metrics.csv
mpnet,Embeddings + depth: PCA 8,MC dropout,classification_head,11.0,0.4527173913043478,0.281469418662798,0.5830208945544454,0.6064186414376586,0.5589028438293345,0.6074867724122619,0.6313042754292995,0.6032781233041687,1.153525190456714,1.1023155381128804,0.4734520625518696,0.2135914390987676,C:\Users\p06596\Documents\check\CNR-BOVINO\progetti_BOVINO\geological-transformer\src\results_uq\unified_feature_representation_study\stage4_all_embeddings_ablation\mpnet\embeddings_depth_pca008\mc_dropout\fold_metrics.csv
mpnet,Embeddings + depth: PCA 8,Subsample Ensemble,classification_head,11.0,0.4543478260869565,0.2837839837697626,0.6229269524771727,0.6415244409140384,0.6139950786368211,0.633364494653259,0.6485012916157751,0.6491160600767056,1.1884884228815,1.1896150901804166,0.4482807356289037,0.2469900097050096,C:\Users\p06596\Documents\check\CNR-BOVINO\progetti_BOVINO\geological-transformer\src\results_uq\unified_feature_representation_study\stage4_all_embeddings_ablation\mpnet\embeddings_depth_pca008\subsample_ensemble\fold_metrics.csv
mpnet,Embeddings + depth: PCA 8,TabICLv2: encoder input,encoder_input,,0.4396739130434782,0.2547282703067534,0.5050271017493546,0.4896316775749059,0.5041830570005958,0.596410556759295,0.5760195786576783,0.5761054686715004,1.028007783443383,1.028161069210049,0.5878538434199424,0.2807955348730847,C:\Users\p06596\Documents\check\CNR-BOVINO\progetti_BOVINO\geological-transformer\src\results_uq\unified_feature_representation_study\stage4_all_embeddings_ablation\mpnet\embeddings_depth_pca008\tabicl\summary.csv
mpnet,Embeddings + depth: PCA 8,TabICLv2: hidden,hidden,,0.4114130434782608,0.2337171822978794,0.4852378112074318,0.4777667592467227,0.4582346849533623,0.5984142034908859,0.5768452125306858,0.5575757244538764,0.9800509612709711,0.9473124035042774,0.6037749785803381,0.3197928084142253,C:\Users\p06596\Documents\check\CNR-BOVINO\progetti_BOVINO\geological-transformer\src\results_uq\unified_feature_representation_study\stage4_all_embeddings_ablation\mpnet\embeddings_depth_pca008\tabicl\summary.csv
mpnet,Embeddings + depth: PCA 8,TabICLv2: model input,model_input,,0.4353260869565217,0.2507168467210043,0.5502295614601094,0.5356796545223188,0.5912298029772698,0.627521146820152,0.5987005667002305,0.6531136007605978,1.0602589439157113,1.156620813666506,0.5528511799475029,0.2910534581076704,C:\Users\p06596\Documents\check\CNR-BOVINO\progetti_BOVINO\geological-transformer\src\results_uq\unified_feature_representation_study\stage4_all_embeddings_ablation\mpnet\embeddings_depth_pca008\tabicl\summary.csv
bge-base,Embeddings + depth: native,Deep Ensemble,classification_head,11.0,0.4701086956521739,0.3219179867661372,0.6176054542759745,0.6298378622799233,0.6538625988676949,0.6356509379856194,0.6659276007643546,0.695527742624233,1.256724908109141,1.3125856886447063,0.4510172167830353,0.2642543608079785,C:\Users\p06596\Documents\check\CNR-BOVINO\progetti_BOVINO\geological-transformer\src\results_uq\unified_feature_representation_study\stage4_all_embeddings_ablation\bge-base\emb_depth_raw\deep_ensemble\fold_metrics.csv
bge-base,Embeddings + depth: native,LLLA,classification_head,11.0,0.5054347826086957,0.360281226275474,0.6290759777856553,0.6096959160589992,0.5835322471476152,0.6420225339106458,0.5984532277279764,0.5579515721154488,1.2100592736477764,1.1281658161455228,0.4093967117664691,0.1907807489533139,C:\Users\p06596\Documents\check\CNR-BOVINO\progetti_BOVINO\geological-transformer\src\results_uq\unified_feature_representation_study\stage4_all_embeddings_ablation\bge-base\emb_depth_raw\laplace\fold_metrics.csv
bge-base,Embeddings + depth: native,MC dropout,classification_head,11.0,0.4929347826086956,0.3510440782469361,0.5819155762433662,0.5887052379379322,0.5376635404905292,0.5989229939461324,0.6044719762663554,0.5607643573600548,1.1920990743087823,1.1059018408815657,0.463553235407419,0.2069772789173799,C:\Users\p06596\Documents\check\CNR-BOVINO\progetti_BOVINO\geological-transformer\src\results_uq\unified_feature_representation_study\stage4_all_embeddings_ablation\bge-base\emb_depth_raw\mc_dropout\fold_metrics.csv
bge-base,Embeddings + depth: native,Subsample Ensemble,classification_head,11.0,0.5054347826086957,0.3549370061110181,0.6066690298948363,0.6097524039927399,0.5870467351525841,0.5961228210875019,0.6034571139900472,0.606160171177801,1.2201770216941614,1.2256425439199492,0.4374093147820611,0.2336310171076784,C:\Users\p06596\Documents\check\CNR-BOVINO\progetti_BOVINO\geological-transformer\src\results_uq\unified_feature_representation_study\stage4_all_embeddings_ablation\bge-base\emb_depth_raw\subsample_ensemble\fold_metrics.csv
bge-base,Embeddings + depth: native,TabICLv2: encoder input,encoder_input,,0.4782608695652174,0.3153339762413447,0.5202337831439394,0.5081315104166667,0.4775076941287879,0.5711035265475883,0.5468457306085943,0.517059159256289,1.0481209836664724,0.9910300552412206,0.520246435751798,0.3048682721233175,C:\Users\p06596\Documents\check\CNR-BOVINO\progetti_BOVINO\geological-transformer\src\results_uq\unified_feature_representation_study\stage4_all_embeddings_ablation\bge-base\emb_depth_raw\tabicl\summary.csv
bge-base,Embeddings + depth: native,TabICLv2: hidden,hidden,,0.453804347826087,0.2897114558418465,0.5430142699675276,0.5506872821521137,0.524643846635088,0.5926068195895248,0.6016779006925701,0.5772632847656832,1.1015794400739591,1.0568800437501065,0.527702865954149,0.4094243543009251,C:\Users\p06596\Documents\check\CNR-BOVINO\progetti_BOVINO\geological-transformer\src\results_uq\unified_feature_representation_study\stage4_all_embeddings_ablation\bge-base\emb_depth_raw\tabicl\summary.csv
bge-base,Embeddings + depth: native,TabICLv2: model input,model_input,,0.5054347826086957,0.3203414529203318,0.5559429280397022,0.5292549923195085,0.5731259600614439,0.5374484549106936,0.5136071903363832,0.5711627435745352,1.0385024507900498,1.154878514480379,0.4436198025679821,0.1536561508359706,C:\Users\p06596\Documents\check\CNR-BOVINO\progetti_BOVINO\geological-transformer\src\results_uq\unified_feature_representation_study\stage4_all_embeddings_ablation\bge-base\emb_depth_raw\tabicl\summary.csv
bge-large,Embeddings + depth: native,Deep Ensemble,classification_head,11.0,0.4972826086956521,0.3384799793932433,0.5989153743907842,0.5997450886865703,0.5846138730863557,0.5910995844990709,0.601682021209601,0.6026330854128518,1.1968593719196385,1.1987512185509699,0.441155177469142,0.2356914715598458,C:\Users\p06596\Documents\check\CNR-BOVINO\progetti_BOVINO\geological-transformer\src\results_uq\unified_feature_representation_study\stage4_all_embeddings_ablation\bge-large\emb_depth_raw\deep_ensemble\fold_metrics.csv
bge-large,Embeddings + depth: native,LLLA,classification_head,11.0,0.4885869565217391,0.3291314519451099,0.652226644553696,0.6443912030884262,0.5996812161417471,0.6702810365484823,0.6673462098263085,0.599284820152151,1.3049065101810922,1.1718215399361933,0.4089458719509615,0.1991686252148254,C:\Users\p06596\Documents\check\CNR-BOVINO\progetti_BOVINO\geological-transformer\src\results_uq\unified_feature_representation_study\stage4_all_embeddings_ablation\bge-large\emb_depth_raw\laplace\fold_metrics.csv
bge-large,Embeddings + depth: native,MC dropout,classification_head,11.0,0.4940217391304348,0.3330809268618716,0.5931170453242962,0.584571938120036,0.5764194010352447,0.5924425817118593,0.6056015023252359,0.5951939592857333,1.196892335422593,1.1763231848396876,0.4563448783239121,0.2089643340719782,C:\Users\p06596\Documents\check\CNR-BOVINO\progetti_BOVINO\geological-transformer\src\results_uq\unified_feature_representation_study\stage4_all_embeddings_ablation\bge-large\emb_depth_raw\mc_dropout\fold_metrics.csv
bge-large,Embeddings + depth: native,Subsample Ensemble,classification_head,11.0,0.5070652173913044,0.3433566144355502,0.5986214166108308,0.5958727757800193,0.5947273826002664,0.5820825185162903,0.5847128468474726,0.6004590101567764,1.1861870321933292,1.2181307372529975,0.4345144451818293,0.2218448540276807,C:\Users\p06596\Documents\check\CNR-BOVINO\progetti_BOVINO\geological-transformer\src\results_uq\unified_feature_representation_study\stage4_all_embeddings_ablation\bge-large\emb_depth_raw\subsample_ensemble\fold_metrics.csv
bge-large,Embeddings + depth: native,TabICLv2: encoder input,encoder_input,,0.4527173913043478,0.2870917152614576,0.5264248698486347,0.5081244016971238,0.5019121849335564,0.5693585308930477,0.547596973134955,0.5534162239150355,1.0005744097004143,1.0112074002022498,0.5393648545848586,0.319113831249115,C:\Users\p06596\Documents\check\CNR-BOVINO\progetti_BOVINO\geological-transformer\src\results_uq\unified_feature_representation_study\stage4_all_embeddings_ablation\bge-large\emb_depth_raw\tabicl\summary.csv
bge-large,Embeddings + depth: native,TabICLv2: hidden,hidden,,0.4717391304347826,0.318790285997013,0.5434635224061747,0.5438593995941666,0.5283787051260169,0.5761477155276882,0.5789144632560128,0.5639221181649495,1.0958874613076788,1.0675068903534024,0.5104067545231477,0.3970489754933058,C:\Users\p06596\Documents\check\CNR-BOVINO\progetti_BOVINO\geological-transformer\src\results_uq\unified_feature_representation_study\stage4_all_embeddings_ablation\bge-large\emb_depth_raw\tabicl\summary.csv
bge-large,Embeddings + depth: native,TabICLv2: model input,model_input,,0.4875,0.2984201190298571,0.5859451382066533,0.5437862274507579,0.5102539276083469,0.5876758567717992,0.5451250705537014,0.5103072047669924,1.0636586742511247,0.9957213751551073,0.448915925187221,0.1254405132323445,C:\Users\p06596\Documents\check\CNR-BOVINO\progetti_BOVINO\geological-transformer\src\results_uq\unified_feature_representation_study\stage4_all_embeddings_ablation\bge-large\emb_depth_raw\tabicl\summary.csv
bge-m3,Embeddings + depth: native,Deep Ensemble,classification_head,11.0,0.4923913043478261,0.336753015849221,0.6212875382295523,0.6390821725762332,0.5940946793841516,0.6114891171372577,0.631936368664092,0.591935409215209,1.244928178096284,1.1661254314303904,0.423035547596708,0.257736391817098,C:\Users\p06596\Documents\check\CNR-BOVINO\progetti_BOVINO\geological-transformer\src\results_uq\unified_feature_representation_study\stage4_all_embeddings_ablation\bge-m3\emb_depth_raw\deep_ensemble\fold_metrics.csv
bge-m3,Embeddings + depth: native,LLLA,classification_head,11.0,0.5081521739130435,0.3606461839584221,0.6382887700534758,0.6040132532964412,0.5509550595855321,0.6079491788241203,0.5899208863953722,0.5368270721827417,1.1993971612900385,1.0914495169240273,0.4158422856039222,0.216996240178528,C:\Users\p06596\Documents\check\CNR-BOVINO\progetti_BOVINO\geological-transformer\src\results_uq\unified_feature_representation_study\stage4_all_embeddings_ablation\bge-m3\emb_depth_raw\laplace\fold_metrics.csv
bge-m3,Embeddings + depth: native,MC dropout,classification_head,11.0,0.5021739130434782,0.3520612415368326,0.5922896699370499,0.5853417111674357,0.576896764217365,0.5690230800624161,0.5882726165224444,0.5758754288505822,1.1816829851542552,1.156780337429117,0.4402168571914614,0.2356625905665366,C:\Users\p06596\Documents\check\CNR-BOVINO\progetti_BOVINO\geological-transformer\src\results_uq\unified_feature_representation_study\stage4_all_embeddings_ablation\bge-m3\emb_depth_raw\mc_dropout\fold_metrics.csv
bge-m3,Embeddings + depth: native,Subsample Ensemble,classification_head,11.0,0.4945652173913043,0.3340368428855631,0.6205967151128442,0.614069280855494,0.6275232461098741,0.6067881060453744,0.6017649142897661,0.6211533749251834,1.190588647627064,1.2289486127552016,0.4271764832493426,0.2483761352041493,C:\Users\p06596\Documents\check\CNR-BOVINO\progetti_BOVINO\geological-transformer\src\results_uq\unified_feature_representation_study\stage4_all_embeddings_ablation\bge-m3\emb_depth_raw\subsample_ensemble\fold_metrics.csv
bge-m3,Embeddings + depth: native,TabICLv2: encoder input,encoder_input,,0.4570652173913043,0.2912153441991334,0.5376452552433528,0.534780321343936,0.5321105885909692,0.5965457555585295,0.5807800811039638,0.582763545563018,1.069705054285579,1.0733582821180712,0.5379930907533512,0.3329777031319213,C:\Users\p06596\Documents\check\CNR-BOVINO\progetti_BOVINO\geological-transformer\src\results_uq\unified_feature_representation_study\stage4_all_embeddings_ablation\bge-m3\emb_depth_raw\tabicl\summary.csv
bge-m3,Embeddings + depth: native,TabICLv2: hidden,hidden,,0.4554347826086956,0.298574268349518,0.5587500416827442,0.5594050562359767,0.549407152282547,0.5905808022321836,0.5862157101354127,0.5813746860243693,1.0764839387716159,1.0675942338172049,0.4895915285006605,0.4177897468222821,C:\Users\p06596\Documents\check\CNR-BOVINO\progetti_BOVINO\geological-transformer\src\results_uq\unified_feature_representation_study\stage4_all_embeddings_ablation\bge-m3\emb_depth_raw\tabicl\summary.csv
bge-m3,Embeddings + depth: native,TabICLv2: model input,model_input,,0.5125,0.3293109109291341,0.5711006761078226,0.5424473708165902,0.5189532446436868,0.5458546416908364,0.521751459965058,0.5089898033289368,1.070259405056529,1.0440816478542294,0.4397284290347553,0.1486165095160331,C:\Users\p06596\Documents\check\CNR-BOVINO\progetti_BOVINO\geological-transformer\src\results_uq\unified_feature_representation_study\stage4_all_embeddings_ablation\bge-m3\emb_depth_raw\tabicl\summary.csv
distilroberta,Embeddings + depth: native,Deep Ensemble,classification_head,11.0,0.4532608695652174,0.3044002469663505,0.6016216847595482,0.5942177588460664,0.6240270523489088,0.6283475346235372,0.640848533591103,0.6402324342424631,1.1721285306238862,1.171001668992179,0.4740165515689576,0.3024538830570552,C:\Users\p06596\Documents\check\CNR-BOVINO\progetti_BOVINO\geological-transformer\src\results_uq\unified_feature_representation_study\stage4_all_embeddings_ablation\distilroberta\emb_depth_raw\deep_ensemble\fold_metrics.csv
distilroberta,Embeddings + depth: native,LLLA,classification_head,11.0,0.4554347826086956,0.2983591827704207,0.6435589441641776,0.6126906476370458,0.6028440616586928,0.7069085314000927,0.666681354489488,0.6410361930517594,1.2242452018569436,1.177152290633969,0.4537183550792217,0.2520233478478115,C:\Users\p06596\Documents\check\CNR-BOVINO\progetti_BOVINO\geological-transformer\src\results_uq\unified_feature_representation_study\stage4_all_embeddings_ablation\distilroberta\emb_depth_raw\laplace\fold_metrics.csv
distilroberta,Embeddings + depth: native,MC dropout,classification_head,11.0,0.4559782608695652,0.3010142754059184,0.5824080567823119,0.5863999257828436,0.5548728539440227,0.6224538135921243,0.6531086074867289,0.6242366137590166,1.2005193184571243,1.1474479213951956,0.4862479384522841,0.2616920447381942,C:\Users\p06596\Documents\check\CNR-BOVINO\progetti_BOVINO\geological-transformer\src\results_uq\unified_feature_representation_study\stage4_all_embeddings_ablation\distilroberta\emb_depth_raw\mc_dropout\fold_metrics.csv
distilroberta,Embeddings + depth: native,Subsample Ensemble,classification_head,11.0,0.471195652173913,0.3143733566888905,0.6100373285158329,0.5962370694318756,0.6314580079023557,0.6274265184329991,0.612966341070343,0.6479085279104233,1.159155259578038,1.2252329818655485,0.4490470409957596,0.269319543906528,C:\Users\p06596\Documents\check\CNR-BOVINO\progetti_BOVINO\geological-transformer\src\results_uq\unified_feature_representation_study\stage4_all_embeddings_ablation\distilroberta\emb_depth_raw\subsample_ensemble\fold_metrics.csv
distilroberta,Embeddings + depth: native,TabICLv2: encoder input,encoder_input,,0.4326086956521739,0.2483460137640454,0.5608748965132174,0.5495346704788309,0.5434445936579448,0.6150395482367388,0.5940901759579799,0.5854740530841829,1.0470554825313056,1.0318699786158014,0.5394908188629024,0.3579024452825303,C:\Users\p06596\Documents\check\CNR-BOVINO\progetti_BOVINO\geological-transformer\src\results_uq\unified_feature_representation_study\stage4_all_embeddings_ablation\distilroberta\emb_depth_raw\tabicl\summary.csv
distilroberta,Embeddings + depth: native,TabICLv2: hidden,hidden,,0.4733695652173913,0.3173383485649808,0.5320681659575426,0.5353335726701097,0.5366534794472506,0.5706577458499154,0.5735996035371177,0.5672001915078271,1.0891881016597487,1.0770364833585158,0.5054780299946704,0.4069052166534355,C:\Users\p06596\Documents\check\CNR-BOVINO\progetti_BOVINO\geological-transformer\src\results_uq\unified_feature_representation_study\stage4_all_embeddings_ablation\distilroberta\emb_depth_raw\tabicl\summary.csv
distilroberta,Embeddings + depth: native,TabICLv2: model input,model_input,,0.4635869565217391,0.260525142462758,0.5811570344133763,0.5701867537067458,0.5686580885628053,0.569503440995247,0.5698076969478504,0.5763571324923552,1.0622554836717777,1.0744651710090511,0.4555281361344524,0.1838356918448297,C:\Users\p06596\Documents\check\CNR-BOVINO\progetti_BOVINO\geological-transformer\src\results_uq\unified_feature_representation_study\stage4_all_embeddings_ablation\distilroberta\emb_depth_raw\tabicl\summary.csv
e5-base,Embeddings + depth: native,Deep Ensemble,classification_head,11.0,0.4918478260869565,0.3310636772895047,0.6239536738854257,0.651846896348105,0.6367518085366796,0.5952516307116689,0.6426204114382169,0.6346111449404274,1.264621986145796,1.2488604349629802,0.4177829749014034,0.2110402792368245,C:\Users\p06596\Documents\check\CNR-BOVINO\progetti_BOVINO\geological-transformer\src\results_uq\unified_feature_representation_study\stage4_all_embeddings_ablation\e5-base\emb_depth_raw\deep_ensemble\fold_metrics.csv
e5-base,Embeddings + depth: native,LLLA,classification_head,11.0,0.4880434782608696,0.3167155372232166,0.6680734257302143,0.6586538601743487,0.559498340522003,0.6619961338255604,0.6342528635677835,0.5463431767888315,1.2388803279880274,1.0671671393752122,0.3941804739954462,0.1515893493171619,C:\Users\p06596\Documents\check\CNR-BOVINO\progetti_BOVINO\geological-transformer\src\results_uq\unified_feature_representation_study\stage4_all_embeddings_ablation\e5-base\emb_depth_raw\laplace\fold_metrics.csv
e5-base,Embeddings + depth: native,MC dropout,classification_head,11.0,0.4717391304347826,0.3003802833929609,0.6296912632038081,0.638917908783523,0.5638281648137768,0.6371399784893746,0.6627632364713886,0.5866146109634722,1.254613534061065,1.11046387260575,0.4463467150997901,0.185766556162549,C:\Users\p06596\Documents\check\CNR-BOVINO\progetti_BOVINO\geological-transformer\src\results_uq\unified_feature_representation_study\stage4_all_embeddings_ablation\e5-base\emb_depth_raw\mc_dropout\fold_metrics.csv
e5-base,Embeddings + depth: native,Subsample Ensemble,classification_head,11.0,0.4994565217391304,0.3316295461030534,0.6267871299469872,0.6395782319236112,0.6202458514279164,0.6003120289484101,0.616206398643774,0.6242619292667149,1.2310746726433706,1.247168240880299,0.4142215869993391,0.1916191387597633,C:\Users\p06596\Documents\check\CNR-BOVINO\progetti_BOVINO\geological-transformer\src\results_uq\unified_feature_representation_study\stage4_all_embeddings_ablation\e5-base\emb_depth_raw\subsample_ensemble\fold_metrics.csv
e5-base,Embeddings + depth: native,TabICLv2: encoder input,encoder_input,,0.4907608695652174,0.3305783744137494,0.5259965891000117,0.5185330293543046,0.4970358499062179,0.5425649752963662,0.5390549431902131,0.5137523690314705,1.0585497283564484,1.0088627097309562,0.513753009967335,0.2751956541740798,C:\Users\p06596\Documents\check\CNR-BOVINO\progetti_BOVINO\geological-transformer\src\results_uq\unified_feature_representation_study\stage4_all_embeddings_ablation\e5-base\emb_depth_raw\tabicl\summary.csv
e5-base,Embeddings + depth: native,TabICLv2: hidden,hidden,,0.4668478260869565,0.3160457788266106,0.5523016474837987,0.5539250414452004,0.538096950321534,0.5873799876050354,0.5909240670743527,0.5547962646654288,1.108359106439153,1.040596459719051,0.4966618553277827,0.3645898292807015,C:\Users\p06596\Documents\check\CNR-BOVINO\progetti_BOVINO\geological-transformer\src\results_uq\unified_feature_representation_study\stage4_all_embeddings_ablation\e5-base\emb_depth_raw\tabicl\summary.csv
e5-base,Embeddings + depth: native,TabICLv2: model input,model_input,,0.5081521739130435,0.3302742810764679,0.5904221939906048,0.5682884746063167,0.5562046857919462,0.5695279455407276,0.5374588771259503,0.5228807198807728,1.0927340706207167,1.0630945022990297,0.4248598703635115,0.1241558697229152,C:\Users\p06596\Documents\check\CNR-BOVINO\progetti_BOVINO\geological-transformer\src\results_uq\unified_feature_representation_study\stage4_all_embeddings_ablation\e5-base\emb_depth_raw\tabicl\summary.csv
e5-large,Embeddings + depth: native,Deep Ensemble,classification_head,11.0,0.4934782608695652,0.330024088654458,0.6010840691232913,0.636797427489536,0.5999943115618072,0.5981621840805319,0.6344884896379268,0.6089810689367843,1.2526382198860355,1.2022802219352822,0.4256244071269872,0.2119468860652135,C:\Users\p06596\Documents\check\CNR-BOVINO\progetti_BOVINO\geological-transformer\src\results_uq\unified_feature_representation_study\stage4_all_embeddings_ablation\e5-large\emb_depth_raw\deep_ensemble\fold_metrics.csv
e5-large,Embeddings + depth: native,LLLA,classification_head,11.0,0.4820652173913043,0.3126291934748316,0.6553895548502268,0.6568562631536022,0.551027675981679,0.655578645557793,0.6516923113468573,0.5727856638176103,1.2582516819288745,1.105903065503046,0.4025711721769694,0.1777490509754937,C:\Users\p06596\Documents\check\CNR-BOVINO\progetti_BOVINO\geological-transformer\src\results_uq\unified_feature_representation_study\stage4_all_embeddings_ablation\e5-large\emb_depth_raw\laplace\fold_metrics.csv
e5-large,Embeddings + depth: native,MC dropout,classification_head,11.0,0.4809782608695652,0.3100942823367234,0.5872032419321442,0.6042577231110493,0.5519604649372908,0.6003214995673853,0.620755553560477,0.5917100172309345,1.1960107000536937,1.140048619586303,0.4641232546608542,0.196265864258875,C:\Users\p06596\Documents\check\CNR-BOVINO\progetti_BOVINO\geological-transformer\src\results_uq\unified_feature_representation_study\stage4_all_embeddings_ablation\e5-large\emb_depth_raw\mc_dropout\fold_metrics.csv
e5-large,Embeddings + depth: native,Subsample Ensemble,classification_head,11.0,0.4994565217391304,0.3288399224410342,0.5954106751071303,0.6139298667236488,0.601328378209401,0.590861495659299,0.6031828959612369,0.6092696741542414,1.205055948500191,1.2172162871268233,0.4346681440069864,0.1880368461427481,C:\Users\p06596\Documents\check\CNR-BOVINO\progetti_BOVINO\geological-transformer\src\results_uq\unified_feature_representation_study\stage4_all_embeddings_ablation\e5-large\emb_depth_raw\subsample_ensemble\fold_metrics.csv
e5-large,Embeddings + depth: native,TabICLv2: encoder input,encoder_input,,0.4510869565217391,0.281487040359906,0.5264177502087558,0.5233186210187284,0.512046999880711,0.5896926138181076,0.5868146193658734,0.5660795108568771,1.0690484154784228,1.0312735643333206,0.5454414312972355,0.3203931137556529,C:\Users\p06596\Documents\check\CNR-BOVINO\progetti_BOVINO\geological-transformer\src\results_uq\unified_feature_representation_study\stage4_all_embeddings_ablation\e5-large\emb_depth_raw\tabicl\summary.csv
e5-large,Embeddings + depth: native,TabICLv2: hidden,hidden,,0.4315217391304348,0.2680844526130088,0.546553741974946,0.5508991913538922,0.5391295134156268,0.6078237013603367,0.6142759811100219,0.6049152445589221,1.0805619552987,1.0640956500845284,0.53440638309381,0.3964196165473055,C:\Users\p06596\Documents\check\CNR-BOVINO\progetti_BOVINO\geological-transformer\src\results_uq\unified_feature_representation_study\stage4_all_embeddings_ablation\e5-large\emb_depth_raw\tabicl\summary.csv
e5-large,Embeddings + depth: native,TabICLv2: model input,model_input,,0.5108695652173914,0.3304906137290662,0.5761317966903073,0.5819036643026004,0.5411459810874705,0.5480525689993534,0.5463162146648497,0.5362390150763408,1.1169131499814706,1.0963108752671857,0.4198380223426049,0.1482408433047942,C:\Users\p06596\Documents\check\CNR-BOVINO\progetti_BOVINO\geological-transformer\src\results_uq\unified_feature_representation_study\stage4_all_embeddings_ablation\e5-large\emb_depth_raw\tabicl\summary.csv
e5-mistral,Embeddings + depth: native,Deep Ensemble,classification_head,11.0,0.45,0.295418259417733,0.6227003016936854,0.6468855545594344,0.6382695393886112,0.673431517165409,0.6965764839463847,0.699205811785135,1.2665026980843357,1.2712832941547907,0.4605614827198481,0.2618175397910502,C:\Users\p06596\Documents\check\CNR-BOVINO\progetti_BOVINO\geological-transformer\src\results_uq\unified_feature_representation_study\stage4_all_embeddings_ablation\e5-mistral\emb_depth_raw\deep_ensemble\fold_metrics.csv
e5-mistral,Embeddings + depth: native,LLLA,classification_head,11.0,0.4739130434782608,0.3132497179748963,0.6396653935097429,0.6357480877498705,0.5750842895310254,0.6803497415917977,0.6476688654057825,0.589084897935942,1.2311061077961154,1.119748153101377,0.4291683515428238,0.1911781025807494,C:\Users\p06596\Documents\check\CNR-BOVINO\progetti_BOVINO\geological-transformer\src\results_uq\unified_feature_representation_study\stage4_all_embeddings_ablation\e5-mistral\emb_depth_raw\laplace\fold_metrics.csv
e5-mistral,Embeddings + depth: native,MC dropout,classification_head,11.0,0.4793478260869565,0.3214513598549271,0.5753920914225119,0.5910924199128653,0.5551706439291819,0.5838575587159578,0.6142103841316146,0.5784537718619676,1.1796942659730383,1.111017682908163,0.4667662829487175,0.1923154943987079,C:\Users\p06596\Documents\check\CNR-BOVINO\progetti_BOVINO\geological-transformer\src\results_uq\unified_feature_representation_study\stage4_all_embeddings_ablation\e5-mistral\emb_depth_raw\mc_dropout\fold_metrics.csv
e5-mistral,Embeddings + depth: native,Subsample Ensemble,classification_head,11.0,0.4489130434782609,0.2885691691182797,0.6146742219102063,0.6213230406911358,0.6637431475694866,0.6344686117889606,0.6493720320819784,0.6840034468317618,1.1783476716280477,1.2411896865586212,0.4613771450511072,0.2454990102059167,C:\Users\p06596\Documents\check\CNR-BOVINO\progetti_BOVINO\geological-transformer\src\results_uq\unified_feature_representation_study\stage4_all_embeddings_ablation\e5-mistral\emb_depth_raw\subsample_ensemble\fold_metrics.csv
e5-mistral,Embeddings + depth: native,TabICLv2: encoder input,encoder_input,,0.4646739130434782,0.3043286007155543,0.5346946893460386,0.5337970136848043,0.5368011399056016,0.5771619855089329,0.577951490570705,0.5779267057044385,1.0796251194417232,1.0795788208082913,0.5092453736648721,0.2979052848619825,C:\Users\p06596\Documents\check\CNR-BOVINO\progetti_BOVINO\geological-transformer\src\results_uq\unified_feature_representation_study\stage4_all_embeddings_ablation\e5-mistral\emb_depth_raw\tabicl\summary.csv
e5-mistral,Embeddings + depth: native,TabICLv2: hidden,hidden,,0.4483695652173913,0.2879357418816628,0.525111210628452,0.529606209882072,0.5215405284370801,0.5809469716186237,0.5782794270539744,0.5610491671069342,1.0483095032308503,1.0170743521938512,0.5343683194227502,0.3801789480023714,C:\Users\p06596\Documents\check\CNR-BOVINO\progetti_BOVINO\geological-transformer\src\results_uq\unified_feature_representation_study\stage4_all_embeddings_ablation\e5-mistral\emb_depth_raw\tabicl\summary.csv
e5-mistral,Embeddings + depth: native,TabICLv2: model input,model_input,,0.4396739130434782,0.2442568516412266,0.6029896448657741,0.6075275843175526,0.5760113850126907,0.640313421053343,0.6318897153221604,0.6074638361585035,1.1277178236593355,1.0841255659860778,0.4580536630230111,0.1732617993487776,C:\Users\p06596\Documents\check\CNR-BOVINO\progetti_BOVINO\geological-transformer\src\results_uq\unified_feature_representation_study\stage4_all_embeddings_ablation\e5-mistral\emb_depth_raw\tabicl\summary.csv
e5-small,Embeddings + depth: native,Deep Ensemble,classification_head,11.0,0.4907608695652174,0.3236498155547727,0.6096221417757246,0.6368679591341303,0.5809870529027585,0.6002792671839635,0.6351799482527976,0.5868165774245612,1.2473117447013315,1.1523399172478044,0.4253844826380616,0.2100990316142206,C:\Users\p06596\Documents\check\CNR-BOVINO\progetti_BOVINO\geological-transformer\src\results_uq\unified_feature_representation_study\stage4_all_embeddings_ablation\e5-small\emb_depth_raw\deep_ensemble\fold_metrics.csv
e5-small,Embeddings + depth: native,LLLA,classification_head,11.0,0.4815217391304348,0.308684333954795,0.6744721050962799,0.6885086876982117,0.5895078373434901,0.6781381739182973,0.7003608957417179,0.6012830640950866,1.3508008890615941,1.1597073772903137,0.3938676464363158,0.157870033553437,C:\Users\p06596\Documents\check\CNR-BOVINO\progetti_BOVINO\geological-transformer\src\results_uq\unified_feature_representation_study\stage4_all_embeddings_ablation\e5-small\emb_depth_raw\laplace\fold_metrics.csv
e5-small,Embeddings + depth: native,MC dropout,classification_head,11.0,0.4842391304347826,0.3109733496094364,0.6103725464456058,0.6267501339629817,0.5650425446439462,0.6322161720014714,0.6623617934973126,0.5898444378590939,1.2842420442940519,1.143639373720477,0.4436979337537343,0.1777833593280419,C:\Users\p06596\Documents\check\CNR-BOVINO\progetti_BOVINO\geological-transformer\src\results_uq\unified_feature_representation_study\stage4_all_embeddings_ablation\e5-small\emb_depth_raw\mc_dropout\fold_metrics.csv
e5-small,Embeddings + depth: native,Subsample Ensemble,classification_head,11.0,0.4989130434782609,0.3327550485441802,0.6032731723684894,0.6198024519065395,0.6069068330883446,0.580034899736287,0.6077973867773382,0.6277369648408245,1.2129579085361197,1.2527505589014287,0.4300462675733418,0.1966581745640091,C:\Users\p06596\Documents\check\CNR-BOVINO\progetti_BOVINO\geological-transformer\src\results_uq\unified_feature_representation_study\stage4_all_embeddings_ablation\e5-small\emb_depth_raw\subsample_ensemble\fold_metrics.csv
e5-small,Embeddings + depth: native,TabICLv2: encoder input,encoder_input,,0.4733695652173913,0.3084608972989032,0.5198732462953155,0.5145260835617104,0.5095758407296691,0.5504128026149134,0.5431954145301564,0.5381736680890541,1.0314546571057666,1.0219190395086268,0.5305264883530374,0.285838820187486,C:\Users\p06596\Documents\check\CNR-BOVINO\progetti_BOVINO\geological-transformer\src\results_uq\unified_feature_representation_study\stage4_all_embeddings_ablation\e5-small\emb_depth_raw\tabicl\summary.csv
e5-small,Embeddings + depth: native,TabICLv2: hidden,hidden,,0.4309782608695652,0.2663901527325678,0.5834829832669092,0.5871709357547114,0.5453111092643246,0.6390726476572068,0.6442959576461835,0.6143670850100754,1.1322870697888994,1.0796900061304093,0.4942310619048133,0.3908384738089432,C:\Users\p06596\Documents\check\CNR-BOVINO\progetti_BOVINO\geological-transformer\src\results_uq\unified_feature_representation_study\stage4_all_embeddings_ablation\e5-small\emb_depth_raw\tabicl\summary.csv
e5-small,Embeddings + depth: native,TabICLv2: model input,model_input,,0.5385869565217392,0.3757208247313915,0.5497932511567595,0.5264215394379806,0.5341839809165885,0.5276304693555187,0.4914218454677337,0.4829862640469674,1.0650367440054536,1.0467546829757597,0.4210070978810969,0.1321019190229595,C:\Users\p06596\Documents\check\CNR-BOVINO\progetti_BOVINO\geological-transformer\src\results_uq\unified_feature_representation_study\stage4_all_embeddings_ablation\e5-small\emb_depth_raw\tabicl\summary.csv
gte-base,Embeddings + depth: native,Deep Ensemble,classification_head,11.0,0.4570652173913043,0.2952100023537905,0.6011612087711968,0.6250229318504626,0.6156106726685998,0.6264192685041646,0.6603117092582307,0.6783745044918388,1.2161897347699144,1.2494585468117951,0.462733885432957,0.2475331831561482,C:\Users\p06596\Documents\check\CNR-BOVINO\progetti_BOVINO\geological-transformer\src\results_uq\unified_feature_representation_study\stage4_all_embeddings_ablation\gte-base\emb_depth_raw\deep_ensemble\fold_metrics.csv
gte-base,Embeddings + depth: native,LLLA,classification_head,11.0,0.4364130434782609,0.2791610875631281,0.6601449962832244,0.6497528591653946,0.6129520491759531,0.7385537132723192,0.6912202027288987,0.6582636120903866,1.2264659334823276,1.1679894370745532,0.4443866768387807,0.222713720296388,C:\Users\p06596\Documents\check\CNR-BOVINO\progetti_BOVINO\geological-transformer\src\results_uq\unified_feature_representation_study\stage4_all_embeddings_ablation\gte-base\emb_depth_raw\laplace\fold_metrics.csv
gte-base,Embeddings + depth: native,MC dropout,classification_head,11.0,0.4391304347826087,0.2798204543351897,0.5767206807890092,0.5730213484568707,0.5085657492677663,0.6192461564313796,0.6334672714883773,0.5912059203393553,1.1294377708707504,1.0540880750236568,0.5093721103137175,0.2291062816167655,C:\Users\p06596\Documents\check\CNR-BOVINO\progetti_BOVINO\geological-transformer\src\results_uq\unified_feature_representation_study\stage4_all_embeddings_ablation\gte-base\emb_depth_raw\mc_dropout\fold_metrics.csv
gte-base,Embeddings + depth: native,Subsample Ensemble,classification_head,11.0,0.4809782608695652,0.316381355968571,0.6000828230839768,0.609703629943787,0.6410750958506667,0.6143078089712798,0.6223158003571417,0.6653317950036384,1.1990168300074773,1.2818958144572719,0.4571428654889078,0.212848680174869,C:\Users\p06596\Documents\check\CNR-BOVINO\progetti_BOVINO\geological-transformer\src\results_uq\unified_feature_representation_study\stage4_all_embeddings_ablation\gte-base\emb_depth_raw\subsample_ensemble\fold_metrics.csv
gte-base,Embeddings + depth: native,TabICLv2: encoder input,encoder_input,,0.4396739130434782,0.26446030088639,0.5449501785802064,0.5373585715501769,0.5393140218132815,0.6112039636478364,0.6006462008104967,0.5844920678704864,1.0719583021254255,1.0431284237455816,0.5400705627536684,0.3343205744932134,C:\Users\p06596\Documents\check\CNR-BOVINO\progetti_BOVINO\geological-transformer\src\results_uq\unified_feature_representation_study\stage4_all_embeddings_ablation\gte-base\emb_depth_raw\tabicl\summary.csv
gte-base,Embeddings + depth: native,TabICLv2: hidden,hidden,,0.4309782608695652,0.2605444046447428,0.5272266525026166,0.5289911366288838,0.5323683472022991,0.6082927254685767,0.606921827173963,0.6033451957053422,1.0666056943649396,1.0603201147066184,0.5634216838022488,0.4153499672888058,C:\Users\p06596\Documents\check\CNR-BOVINO\progetti_BOVINO\geological-transformer\src\results_uq\unified_feature_representation_study\stage4_all_embeddings_ablation\gte-base\emb_depth_raw\tabicl\summary.csv
gte-base,Embeddings + depth: native,TabICLv2: model input,model_input,,0.4733695652173913,0.27710784754945,0.588330673377575,0.5625972305654391,0.6062726377637888,0.6125089617994204,0.5702356757888258,0.6158720416685368,1.0828004576382244,1.1694577468215765,0.4556949534272896,0.1758111343525251,C:\Users\p06596\Documents\check\CNR-BOVINO\progetti_BOVINO\geological-transformer\src\results_uq\unified_feature_representation_study\stage4_all_embeddings_ablation\gte-base\emb_depth_raw\tabicl\summary.csv
gte-large,Embeddings + depth: native,Deep Ensemble,classification_head,11.0,0.4896739130434782,0.3228270904541066,0.6265704063287862,0.643299832991752,0.6160579533854418,0.6238695764951943,0.6376354605016741,0.613423546965502,1.249466717063983,1.2020227118386833,0.413854233900762,0.2076556975912788,C:\Users\p06596\Documents\check\CNR-BOVINO\progetti_BOVINO\geological-transformer\src\results_uq\unified_feature_representation_study\stage4_all_embeddings_ablation\gte-large\emb_depth_raw\deep_ensemble\fold_metrics.csv
gte-large,Embeddings + depth: native,LLLA,classification_head,11.0,0.4853260869565217,0.3174565365326121,0.6646497278492463,0.6753101305200019,0.5929924321389162,0.6701969842963229,0.6658681940851794,0.5897332012883414,1.2937671352869375,1.1458385325982556,0.3861627239364174,0.1834048801952082,C:\Users\p06596\Documents\check\CNR-BOVINO\progetti_BOVINO\geological-transformer\src\results_uq\unified_feature_representation_study\stage4_all_embeddings_ablation\gte-large\emb_depth_raw\laplace\fold_metrics.csv
gte-large,Embeddings + depth: native,MC dropout,classification_head,11.0,0.4880434782608696,0.3188209922170461,0.5893623007485377,0.6088069400269317,0.5556079750248186,0.5893918664374314,0.6079735406846681,0.580694355471078,1.187549166517823,1.1342649830857574,0.4455216378886182,0.1977591484947048,C:\Users\p06596\Documents\check\CNR-BOVINO\progetti_BOVINO\geological-transformer\src\results_uq\unified_feature_representation_study\stage4_all_embeddings_ablation\gte-large\emb_depth_raw\mc_dropout\fold_metrics.csv
gte-large,Embeddings + depth: native,Subsample Ensemble,classification_head,11.0,0.4994565217391304,0.3281332096749787,0.6040756191819697,0.6101258082498268,0.5867262665363014,0.5935474512139942,0.5928112534075575,0.5844841939138901,1.1843351859608098,1.1676991496216698,0.4269905582672918,0.1981506559673858,C:\Users\p06596\Documents\check\CNR-BOVINO\progetti_BOVINO\geological-transformer\src\results_uq\unified_feature_representation_study\stage4_all_embeddings_ablation\gte-large\emb_depth_raw\subsample_ensemble\fold_metrics.csv
gte-large,Embeddings + depth: native,TabICLv2: encoder input,encoder_input,,0.4820652173913043,0.3209451282676844,0.5498692197309629,0.5505257828183946,0.5182571858168177,0.571949277089911,0.5695725046528681,0.5437403620032006,1.0996992744609415,1.0498239937942173,0.4995058779537945,0.2913049276362282,C:\Users\p06596\Documents\check\CNR-BOVINO\progetti_BOVINO\geological-transformer\src\results_uq\unified_feature_representation_study\stage4_all_embeddings_ablation\gte-large\emb_depth_raw\tabicl\summary.csv
gte-large,Embeddings + depth: native,TabICLv2: hidden,hidden,,0.4831521739130435,0.3277595018357684,0.5536212547564048,0.5505258214962878,0.5430101994348497,0.5809856983828317,0.5743570894225057,0.5780487911407004,1.1112692371581605,1.1184119618284847,0.495671997174923,0.3630371866548568,C:\Users\p06596\Documents\check\CNR-BOVINO\progetti_BOVINO\geological-transformer\src\results_uq\unified_feature_representation_study\stage4_all_embeddings_ablation\gte-large\emb_depth_raw\tabicl\summary.csv
gte-large,Embeddings + depth: native,TabICLv2: model input,model_input,,0.4804347826086956,0.2808221418338578,0.61603009807077,0.5888973428122456,0.5756043043223082,0.6179122643513029,0.5932122311888312,0.5693869607877098,1.1417473905726456,1.0958912215997763,0.4311837538914835,0.1251880071518095,C:\Users\p06596\Documents\check\CNR-BOVINO\progetti_BOVINO\geological-transformer\src\results_uq\unified_feature_representation_study\stage4_all_embeddings_ablation\gte-large\emb_depth_raw\tabicl\summary.csv
gte-modernbert,Embeddings + depth: native,Deep Ensemble,classification_head,11.0,0.4907608695652174,0.3155280610110155,0.6095074996070255,0.5977950377570536,0.5939464451496992,0.5933151493177236,0.5992535454630322,0.592544762260534,1.1767625652635854,1.1635884338947522,0.4221696732642499,0.3517801495835833,C:\Users\p06596\Documents\check\CNR-BOVINO\progetti_BOVINO\geological-transformer\src\results_uq\unified_feature_representation_study\stage4_all_embeddings_ablation\gte-modernbert\emb_depth_raw\deep_ensemble\fold_metrics.csv
gte-modernbert,Embeddings + depth: native,LLLA,classification_head,11.0,0.4847826086956521,0.3098454729282808,0.5972072430039166,0.5765427015688487,0.5557723860883426,0.5895966534169785,0.5906706604225495,0.5782010644313808,1.146449383098619,1.122246791723355,0.4451185116540243,0.1946232593415872,C:\Users\p06596\Documents\check\CNR-BOVINO\progetti_BOVINO\geological-transformer\src\results_uq\unified_feature_representation_study\stage4_all_embeddings_ablation\gte-modernbert\emb_depth_raw\laplace\fold_metrics.csv
gte-modernbert,Embeddings + depth: native,MC dropout,classification_head,11.0,0.4940217391304348,0.3220745586626922,0.5990743005557269,0.5954966425629198,0.6010955999417661,0.5686755877380427,0.5953976098222431,0.5889814680599788,1.17672567354772,1.164045006692117,0.4218422077426958,0.3391917318753574,C:\Users\p06596\Documents\check\CNR-BOVINO\progetti_BOVINO\geological-transformer\src\results_uq\unified_feature_representation_study\stage4_all_embeddings_ablation\gte-modernbert\emb_depth_raw\mc_dropout\fold_metrics.csv
gte-modernbert,Embeddings + depth: native,Subsample Ensemble,classification_head,11.0,0.4847826086956521,0.3105904932777125,0.6050382206580764,0.5928181840021602,0.5584988997125137,0.6011674916183938,0.5989435868818613,0.5633140608590019,1.1625065399394776,1.0933521856335058,0.4300856031163304,0.3241246247745079,C:\Users\p06596\Documents\check\CNR-BOVINO\progetti_BOVINO\geological-transformer\src\results_uq\unified_feature_representation_study\stage4_all_embeddings_ablation\gte-modernbert\emb_depth_raw\subsample_ensemble\fold_metrics.csv
gte-modernbert,Embeddings + depth: native,TabICLv2: encoder input,encoder_input,,0.4809782608695652,0.3218661878205283,0.6480243736504275,0.6525902919513711,0.6446511077587482,0.633378919967023,0.6412934435342053,0.6215112666795017,1.2355810849245419,1.1974667337071028,0.3849981510447772,0.3681958070690581,C:\Users\p06596\Documents\check\CNR-BOVINO\progetti_BOVINO\geological-transformer\src\results_uq\unified_feature_representation_study\stage4_all_embeddings_ablation\gte-modernbert\emb_depth_raw\tabicl\summary.csv
gte-modernbert,Embeddings + depth: native,TabICLv2: hidden,hidden,,0.4603260869565217,0.2992444072675894,0.6419434268926167,0.6441037676961874,0.6348132321765938,0.651440110083219,0.6608826476057059,0.6294243738560634,1.2245962453116808,1.1663049827745788,0.4334238011405795,0.4556841183362655,C:\Users\p06596\Documents\check\CNR-BOVINO\progetti_BOVINO\geological-transformer\src\results_uq\unified_feature_representation_study\stage4_all_embeddings_ablation\gte-modernbert\emb_depth_raw\tabicl\summary.csv
gte-modernbert,Embeddings + depth: native,TabICLv2: model input,model_input,,0.5135869565217391,0.3295326067086638,0.6200496585971447,0.5854754515089711,0.5265366084360498,0.5767162864524974,0.5601759146985081,0.5179436002869675,1.1516465732349217,1.0648225972380114,0.3980966144933535,0.1305961937009301,C:\Users\p06596\Documents\check\CNR-BOVINO\progetti_BOVINO\geological-transformer\src\results_uq\unified_feature_representation_study\stage4_all_embeddings_ablation\gte-modernbert\emb_depth_raw\tabicl\summary.csv
labse,Embeddings + depth: native,Deep Ensemble,classification_head,11.0,0.4788043478260869,0.3181315110961409,0.614290922132045,0.6253910062870822,0.6136932622978541,0.6256713377715715,0.6346129605675821,0.6299988355384167,1.217609851349688,1.2087568898755856,0.4446626467737008,0.2880369697252045,C:\Users\p06596\Documents\check\CNR-BOVINO\progetti_BOVINO\geological-transformer\src\results_uq\unified_feature_representation_study\stage4_all_embeddings_ablation\labse\emb_depth_raw\deep_ensemble\fold_metrics.csv
labse,Embeddings + depth: native,LLLA,classification_head,11.0,0.4929347826086956,0.3320451209692089,0.6460292756942253,0.6216157074658623,0.5954309474442384,0.6679988978213807,0.6319019228345265,0.5988126459366636,1.2461945745075333,1.1809381227475466,0.4273176240688175,0.216004873536851,C:\Users\p06596\Documents\check\CNR-BOVINO\progetti_BOVINO\geological-transformer\src\results_uq\unified_feature_representation_study\stage4_all_embeddings_ablation\labse\emb_depth_raw\laplace\fold_metrics.csv
labse,Embeddings + depth: native,MC dropout,classification_head,11.0,0.4853260869565217,0.3244375584896404,0.6019279365143182,0.5994155277040206,0.56407932526756,0.5993646384940794,0.6071168437100509,0.5890999168268993,1.1796145643363185,1.1446080749329406,0.4660852775916793,0.2412455029785632,C:\Users\p06596\Documents\check\CNR-BOVINO\progetti_BOVINO\geological-transformer\src\results_uq\unified_feature_representation_study\stage4_all_embeddings_ablation\labse\emb_depth_raw\mc_dropout\fold_metrics.csv
labse,Embeddings + depth: native,Subsample Ensemble,classification_head,11.0,0.471195652173913,0.3012992684136503,0.627959520668191,0.6249060936832781,0.6321099846351698,0.6446807960679206,0.6298873633608089,0.6617631669416436,1.1911539039916632,1.2514329159019775,0.4426288950889776,0.2637034193653126,C:\Users\p06596\Documents\check\CNR-BOVINO\progetti_BOVINO\geological-transformer\src\results_uq\unified_feature_representation_study\stage4_all_embeddings_ablation\labse\emb_depth_raw\subsample_ensemble\fold_metrics.csv
labse,Embeddings + depth: native,TabICLv2: encoder input,encoder_input,,0.4456521739130434,0.2745147002773141,0.54569643711143,0.5368322572931612,0.5327433046389288,0.6066143330772611,0.5919410711807267,0.6035290030490101,1.06781526565935,1.088718985892332,0.5277148011756779,0.3342921035525099,C:\Users\p06596\Documents\check\CNR-BOVINO\progetti_BOVINO\geological-transformer\src\results_uq\unified_feature_representation_study\stage4_all_embeddings_ablation\labse\emb_depth_raw\tabicl\summary.csv
labse,Embeddings + depth: native,TabICLv2: hidden,hidden,,0.4820652173913043,0.3308118055128877,0.5108108140080988,0.5121748090347812,0.5411262836991355,0.5333172801130017,0.5361749617360423,0.5685798998158516,1.0352171349363248,1.0977828076192724,0.5196649263044699,0.3996606974147441,C:\Users\p06596\Documents\check\CNR-BOVINO\progetti_BOVINO\geological-transformer\src\results_uq\unified_feature_representation_study\stage4_all_embeddings_ablation\labse\emb_depth_raw\tabicl\summary.csv
labse,Embeddings + depth: native,TabICLv2: model input,model_input,,0.4989130434782609,0.3151730616222334,0.5697185478192242,0.552930897594034,0.5704132580966829,0.5598967444929771,0.5345187948823886,0.5303824932118799,1.0667186362078038,1.05846397777642,0.4386458188127795,0.1375062586323847,C:\Users\p06596\Documents\check\CNR-BOVINO\progetti_BOVINO\geological-transformer\src\results_uq\unified_feature_representation_study\stage4_all_embeddings_ablation\labse\emb_depth_raw\tabicl\summary.csv
minilm-en,Embeddings + depth: native,Deep Ensemble,classification_head,11.0,0.4788043478260869,0.3317290167326988,0.6139103942694752,0.6158314675680754,0.567192138240053,0.6163953997639615,0.6313818643973261,0.584294380577294,1.2114104593233366,1.1210653391681134,0.4469121053438425,0.2876335407566764,C:\Users\p06596\Documents\check\CNR-BOVINO\progetti_BOVINO\geological-transformer\src\results_uq\unified_feature_representation_study\stage3_minilm_ablation\embeddings_depth_raw384\deep_ensemble\fold_metrics.csv
minilm-en,Embeddings + depth: native,LLLA,classification_head,11.0,0.4820652173913043,0.3284007023196902,0.6490309483728474,0.6302690911138974,0.6156438734193305,0.6408764900453076,0.6319044762916564,0.6257918967308259,1.2200464180237645,1.2082445855033783,0.413457048062962,0.2329441220621052,C:\Users\p06596\Documents\check\CNR-BOVINO\progetti_BOVINO\geological-transformer\src\results_uq\unified_feature_representation_study\stage3_minilm_ablation\embeddings_depth_raw384\laplace\fold_metrics.csv
minilm-en,Embeddings + depth: native,MC dropout,classification_head,11.0,0.4782608695652174,0.3249566746194925,0.6129202178030303,0.6131431742888687,0.5936487672404479,0.6182446801365631,0.6206910734937191,0.6038988226164911,1.1896578908629616,1.1574727433482745,0.4472537522720906,0.2290835903228624,C:\Users\p06596\Documents\check\CNR-BOVINO\progetti_BOVINO\geological-transformer\src\results_uq\unified_feature_representation_study\stage3_minilm_ablation\embeddings_depth_raw384\mc_dropout\fold_metrics.csv
minilm-en,Embeddings + depth: native,Subsample Ensemble,classification_head,11.0,0.5,0.3473635641468635,0.6092414933837429,0.6153231323834323,0.6180941693827227,0.6010073229287756,0.5901471774297763,0.5985369738919109,1.1802943548595526,1.1970739477838217,0.4238950245566764,0.2582205650275168,C:\Users\p06596\Documents\check\CNR-BOVINO\progetti_BOVINO\geological-transformer\src\results_uq\unified_feature_representation_study\stage3_minilm_ablation\embeddings_depth_raw384\subsample_ensemble\fold_metrics.csv
minilm-en,Embeddings + depth: native,TabICLv2: encoder input,encoder_input,,0.4739130434782608,0.3130250318201103,0.5608526755250587,0.5614319935173251,0.5302898011600576,0.5758646851775407,0.5678430831575946,0.5554095171972342,1.079371149803692,1.05573709880466,0.4820514560595469,0.3034489741863222,C:\Users\p06596\Documents\check\CNR-BOVINO\progetti_BOVINO\geological-transformer\src\results_uq\unified_feature_representation_study\stage3_minilm_ablation\embeddings_depth_raw384\tabicl\summary.csv
minilm-en,Embeddings + depth: native,TabICLv2: hidden,hidden,,0.4543478260869565,0.2961719520316741,0.5546772241178826,0.5547522827350884,0.5532332392916373,0.59422046669211,0.5844634120602332,0.5898302487478242,1.0711281655287141,1.0809638024860522,0.5047583806770514,0.4210682176452139,C:\Users\p06596\Documents\check\CNR-BOVINO\progetti_BOVINO\geological-transformer\src\results_uq\unified_feature_representation_study\stage3_minilm_ablation\embeddings_depth_raw384\tabicl\summary.csv
minilm-en,Embeddings + depth: native,TabICLv2: model input,model_input,,0.5489130434782609,0.384242213115415,0.5771388524394608,0.5610551115352499,0.5534969581295479,0.5047476855545067,0.4808298914250725,0.5162506271868099,1.065936144845944,1.1444592217153375,0.3853310839396392,0.1273477609271162,C:\Users\p06596\Documents\check\CNR-BOVINO\progetti_BOVINO\geological-transformer\src\results_uq\unified_feature_representation_study\stage3_minilm_ablation\embeddings_depth_raw384\tabicl\summary.csv
mpnet,Embeddings + depth: native,Deep Ensemble,classification_head,11.0,0.4614130434782608,0.3119852537471376,0.6033500562779979,0.6069187788935889,0.666260766771958,0.609950915777199,0.6352230441987475,0.6819046395064798,1.1794252283811255,1.2660994315761078,0.4691991593936047,0.2869184207009232,C:\Users\p06596\Documents\check\CNR-BOVINO\progetti_BOVINO\geological-transformer\src\results_uq\unified_feature_representation_study\stage4_all_embeddings_ablation\mpnet\emb_depth_raw\deep_ensemble\fold_metrics.csv
mpnet,Embeddings + depth: native,LLLA,classification_head,11.0,0.4733695652173913,0.3300232430643351,0.664908370744515,0.626780526016872,0.5955697239070795,0.7031495668413498,0.635002409831604,0.6106969301757158,1.2057837297111986,1.1596309097247854,0.4271692694043664,0.2290546058798613,C:\Users\p06596\Documents\check\CNR-BOVINO\progetti_BOVINO\geological-transformer\src\results_uq\unified_feature_representation_study\stage4_all_embeddings_ablation\mpnet\emb_depth_raw\laplace\fold_metrics.csv
mpnet,Embeddings + depth: native,MC dropout,classification_head,11.0,0.4695652173913043,0.3238730954117235,0.6013033877884031,0.5903279370220937,0.5759548714128097,0.6019926424422386,0.6038743401367442,0.6079577984905907,1.1384516248479604,1.1461499479740644,0.4732241954806301,0.2473082324894873,C:\Users\p06596\Documents\check\CNR-BOVINO\progetti_BOVINO\geological-transformer\src\results_uq\unified_feature_representation_study\stage4_all_embeddings_ablation\mpnet\emb_depth_raw\mc_dropout\fold_metrics.csv
mpnet,Embeddings + depth: native,Subsample Ensemble,classification_head,11.0,0.4793478260869565,0.3212856602764922,0.5886271001093548,0.5806963040186107,0.5834983907017323,0.5872786121595632,0.5909248097383849,0.5862395589171239,1.1349704070131819,1.1259715954149352,0.4676659199209094,0.253905896388966,C:\Users\p06596\Documents\check\CNR-BOVINO\progetti_BOVINO\geological-transformer\src\results_uq\unified_feature_representation_study\stage4_all_embeddings_ablation\mpnet\emb_depth_raw\subsample_ensemble\fold_metrics.csv
mpnet,Embeddings + depth: native,TabICLv2: encoder input,encoder_input,,0.4809782608695652,0.3199100850847751,0.5627160055609784,0.5561552341231106,0.5154855503298134,0.6026270478777191,0.5909146527209629,0.5418195343996978,1.138516189535677,1.0439245479533443,0.4965663940609002,0.2931908729297086,C:\Users\p06596\Documents\check\CNR-BOVINO\progetti_BOVINO\geological-transformer\src\results_uq\unified_feature_representation_study\stage4_all_embeddings_ablation\mpnet\emb_depth_raw\tabicl\summary.csv
mpnet,Embeddings + depth: native,TabICLv2: hidden,hidden,,0.45,0.2887764424766321,0.529460483855569,0.5300738958583949,0.528089257413454,0.5813060573573351,0.5802360414491237,0.5643238985284222,1.0549746208165884,1.0260434518698585,0.5352091276558251,0.4117894794247813,C:\Users\p06596\Documents\check\CNR-BOVINO\progetti_BOVINO\geological-transformer\src\results_uq\unified_feature_representation_study\stage4_all_embeddings_ablation\mpnet\emb_depth_raw\tabicl\summary.csv
mpnet,Embeddings + depth: native,TabICLv2: model input,model_input,,0.5141304347826087,0.3311909238165248,0.6125443998278398,0.5790192781569401,0.528941474996571,0.5997619379287249,0.5629694720142727,0.5068220269868393,1.1586843719309416,1.0431236349617274,0.4354611240171929,0.1239398614176573,C:\Users\p06596\Documents\check\CNR-BOVINO\progetti_BOVINO\geological-transformer\src\results_uq\unified_feature_representation_study\stage4_all_embeddings_ablation\mpnet\emb_depth_raw\tabicl\summary.csv
minilm-en,XYZ + depth,Deep Ensemble,classification_head,11.0,0.6467391304347826,0.5051812463852745,0.6675164835164836,0.6829759432315706,0.6521779855368149,0.4608147727095714,0.5190332495893625,0.4902031706065983,1.4692633526837338,1.3876520521786782,0.245968747145679,0.1704299121123292,C:\Users\p06596\Documents\check\CNR-BOVINO\progetti_BOVINO\geological-transformer\src\results_uq\unified_feature_representation_study\stage3_minilm_ablation\xyz_depth\deep_ensemble\fold_metrics.csv
minilm-en,XYZ + depth,LLLA,classification_head,11.0,0.6440217391304348,0.5010394884329143,0.6580887042226302,0.6775122912130856,0.5866074485779772,0.511490281898066,0.5462699060682341,0.4689562107699991,1.534559736130612,1.3173731722393869,0.2481871479006402,0.1366826319824094,C:\Users\p06596\Documents\check\CNR-BOVINO\progetti_BOVINO\geological-transformer\src\results_uq\unified_feature_representation_study\stage3_minilm_ablation\xyz_depth\laplace\fold_metrics.csv
minilm-en,XYZ + depth,MC dropout,classification_head,11.0,0.6494565217391305,0.5094032035754011,0.6736531413188025,0.6913493715669619,0.6635892110592025,0.4785623107810749,0.5165635255325467,0.4830120750488381,1.4736075767130017,1.3778949117672283,0.236004525368756,0.1335204371453626,C:\Users\p06596\Documents\check\CNR-BOVINO\progetti_BOVINO\geological-transformer\src\results_uq\unified_feature_representation_study\stage3_minilm_ablation\xyz_depth\mc_dropout\fold_metrics.csv
minilm-en,XYZ + depth,Subsample Ensemble,classification_head,11.0,0.633695652173913,0.4877929803769334,0.7090830198858864,0.7154632119412373,0.6691035668679469,0.5655151346225773,0.5986111935043208,0.5442293945725777,1.634190795323368,1.4857300979429418,0.2449769087699144,0.1434534602191136,C:\Users\p06596\Documents\check\CNR-BOVINO\progetti_BOVINO\geological-transformer\src\results_uq\unified_feature_representation_study\stage3_minilm_ablation\xyz_depth\subsample_ensemble\fold_metrics.csv
minilm-en,XYZ + depth,TabICLv2: encoder input,encoder_input,,0.5945652173913043,0.4747337295994569,0.6234199704946797,0.6345445054918125,0.5872882062039592,0.49876357005100724,0.5058502390678588,0.4680518648292817,1.24767351191,1.1544442778631074,0.3188136396412769,0.1840743488485413,C:\Users\p06596\Documents\check\CNR-BOVINO\progetti_BOVINO\geological-transformer\src\results_uq\unified_feature_representation_study\stage3_minilm_ablation\xyz_depth\tabicl\summary.csv
minilm-en,XYZ + depth,TabICLv2: hidden,hidden,,0.5902173913043478,0.4634373486837321,0.6684264646257406,0.679627621378431,0.6572021044301479,0.5706978120833945,0.595293684363154,0.5546275928060002,1.4527060732469539,1.353467865733475,0.2813211652464119,0.2278764923817835,C:\Users\p06596\Documents\check\CNR-BOVINO\progetti_BOVINO\geological-transformer\src\results_uq\unified_feature_representation_study\stage3_minilm_ablation\xyz_depth\tabicl\summary.csv
minilm-en,XYZ + depth,TabICLv2: model input,model_input,,0.5940217391304348,0.4776064945726535,0.5947192245652326,0.5851940852767581,0.5381771061066468,0.5015318850102262,0.4947089365558523,0.4308103637262732,1.2185601650103992,1.0611660900352646,0.3274354756151093,0.1268239773757759,C:\Users\p06596\Documents\check\CNR-BOVINO\progetti_BOVINO\geological-transformer\src\results_uq\unified_feature_representation_study\stage3_minilm_ablation\xyz_depth\tabicl\summary.csv
