"","borehole","Depth","Description","Unit","Valid","campaign","DEPTH","x","y","z"
"1","A5","0","Materiale di riporto.","Riporto","1","Geodaunia","20.4",528653.729,4566527.932,593
"2","A5","0.05","Materiale di riporto.","Riporto","1","Geodaunia","20.4",528653.729,4566527.932,593
"3","A5","0.1","Materiale di riporto.","Riporto","1","Geodaunia","20.4",528653.729,4566527.932,593
"4","A5","0.15","Argille giallastre, limoso-sabbiose eterogenee, con intercalazioni calcarenitiche (dmax = 10 cm).","4","1","Geodaunia","20.4",528653.729,4566527.932,593
"5","A5","0.2","Argille giallastre, limoso-sabbiose eterogenee, con intercalazioni calcarenitiche (dmax = 10 cm).","4","1","Geodaunia","20.4",528653.729,4566527.932,593
"6","A5","0.25","Argille giallastre, limoso-sabbiose eterogenee, con intercalazioni calcarenitiche (dmax = 10 cm).","4","1","Geodaunia","20.4",528653.729,4566527.932,593
"7","A5","0.3","Argille giallastre, limoso-sabbiose eterogenee, con intercalazioni calcarenitiche (dmax = 10 cm).","4","1","Geodaunia","20.4",528653.729,4566527.932,593
"8","A5","0.35","Argille giallastre, limoso-sabbiose eterogenee, con intercalazioni calcarenitiche (dmax = 10 cm).","4","1","Geodaunia","20.4",528653.729,4566527.932,593
"9","A5","0.4","Argille giallastre, limoso-sabbiose eterogenee, con intercalazioni calcarenitiche (dmax = 10 cm).","4","1","Geodaunia","20.4",528653.729,4566527.932,593
"10","A5","0.45","Argille giallastre, limoso-sabbiose eterogenee, con intercalazioni calcarenitiche (dmax = 10 cm).","4","1","Geodaunia","20.4",528653.729,4566527.932,593
"11","A5","0.5","Argille giallastre, limoso-sabbiose eterogenee, con intercalazioni calcarenitiche (dmax = 10 cm).","4","1","Geodaunia","20.4",528653.729,4566527.932,593
"12","A5","0.55","Argille giallastre, limoso-sabbiose eterogenee, con intercalazioni calcarenitiche (dmax = 10 cm).","4","1","Geodaunia","20.4",528653.729,4566527.932,593
"13","A5","0.6","Argille giallastre, limoso-sabbiose eterogenee, con intercalazioni calcarenitiche (dmax = 10 cm).","4","1","Geodaunia","20.4",528653.729,4566527.932,593
"14","A5","0.65","Argille giallastre, limoso-sabbiose eterogenee, con intercalazioni calcarenitiche (dmax = 10 cm).","4","1","Geodaunia","20.4",528653.729,4566527.932,593
"15","A5","0.7","Argille giallastre, limoso-sabbiose eterogenee, con intercalazioni calcarenitiche (dmax = 10 cm).","4","1","Geodaunia","20.4",528653.729,4566527.932,593
"16","A5","0.75","Argille giallastre, limoso-sabbiose eterogenee, con intercalazioni calcarenitiche (dmax = 10 cm).","4","1","Geodaunia","20.4",528653.729,4566527.932,593
"17","A5","0.8","Argille giallastre, limoso-sabbiose eterogenee, con intercalazioni calcarenitiche (dmax = 10 cm).","4","1","Geodaunia","20.4",528653.729,4566527.932,593
"18","A5","0.85","Argille giallastre, limoso-sabbiose eterogenee, con intercalazioni calcarenitiche (dmax = 10 cm).","4","1","Geodaunia","20.4",528653.729,4566527.932,593
"19","A5","0.9","Argille giallastre, limoso-sabbiose eterogenee, con intercalazioni calcarenitiche (dmax = 10 cm).","4","1","Geodaunia","20.4",528653.729,4566527.932,593
"20","A5","0.95","Argille giallastre, limoso-sabbiose eterogenee, con intercalazioni calcarenitiche (dmax = 10 cm).","4","1","Geodaunia","20.4",528653.729,4566527.932,593
"21","A5","1","Argille giallastre, limoso-sabbiose eterogenee, con intercalazioni calcarenitiche (dmax = 10 cm).","4","1","Geodaunia","20.4",528653.729,4566527.932,593
"22","A5","1.05","Argille giallastre, limoso-sabbiose eterogenee, con intercalazioni calcarenitiche (dmax = 10 cm).","4","1","Geodaunia","20.4",528653.729,4566527.932,593
"23","A5","1.1","Argille giallastre, limoso-sabbiose eterogenee, con intercalazioni calcarenitiche (dmax = 10 cm).","4","1","Geodaunia","20.4",528653.729,4566527.932,593
"24","A5","1.15","Argille giallastre, limoso-sabbiose eterogenee, con intercalazioni calcarenitiche (dmax = 10 cm).","4","1","Geodaunia","20.4",528653.729,4566527.932,593
"25","A5","1.2","Argille giallastre, limoso-sabbiose eterogenee, con intercalazioni calcarenitiche (dmax = 10 cm).","4","1","Geodaunia","20.4",528653.729,4566527.932,593
"26","A5","1.25","Argille giallastre, limoso-sabbiose eterogenee, con intercalazioni calcarenitiche (dmax = 10 cm).","4","1","Geodaunia","20.4",528653.729,4566527.932,593
"27","A5","1.3","Argille giallastre, limoso-sabbiose eterogenee, con intercalazioni calcarenitiche (dmax = 10 cm).","4","1","Geodaunia","20.4",528653.729,4566527.932,593
"28","A5","1.35","Argille giallastre, limoso-sabbiose eterogenee, con intercalazioni calcarenitiche (dmax = 10 cm).","4","1","Geodaunia","20.4",528653.729,4566527.932,593
"29","A5","1.4","Argille giallastre, limoso-sabbiose eterogenee, con intercalazioni calcarenitiche (dmax = 10 cm).","4","1","Geodaunia","20.4",528653.729,4566527.932,593
"30","A5","1.45","Argille giallastre, limoso-sabbiose eterogenee, con intercalazioni calcarenitiche (dmax = 10 cm).","4","1","Geodaunia","20.4",528653.729,4566527.932,593
"31","A5","1.5","Argille giallastre, limoso-sabbiose eterogenee, con intercalazioni calcarenitiche (dmax = 10 cm).","4","1","Geodaunia","20.4",528653.729,4566527.932,593
"32","A5","1.55","Argille giallastre, limoso-sabbiose eterogenee, con intercalazioni calcarenitiche (dmax = 10 cm).","4","1","Geodaunia","20.4",528653.729,4566527.932,593
"33","A5","1.6","Argille giallastre, limoso-sabbiose eterogenee, con intercalazioni calcarenitiche (dmax = 10 cm).","4","1","Geodaunia","20.4",528653.729,4566527.932,593
"34","A5","1.65","Argille giallastre, limoso-sabbiose eterogenee, con intercalazioni calcarenitiche (dmax = 10 cm).","4","1","Geodaunia","20.4",528653.729,4566527.932,593
"35","A5","1.7","Argille giallastre, limoso-sabbiose eterogenee, con intercalazioni calcarenitiche (dmax = 10 cm).","4","1","Geodaunia","20.4",528653.729,4566527.932,593
"36","A5","1.75","Argille giallastre, limoso-sabbiose eterogenee, con intercalazioni calcarenitiche (dmax = 10 cm).","4","1","Geodaunia","20.4",528653.729,4566527.932,593
"37","A5","1.8","Argille giallastre, limoso-sabbiose eterogenee, con intercalazioni calcarenitiche (dmax = 10 cm).","4","1","Geodaunia","20.4",528653.729,4566527.932,593
"38","A5","1.85","Argille giallastre, limoso-sabbiose eterogenee, con intercalazioni calcarenitiche (dmax = 10 cm).","4","1","Geodaunia","20.4",528653.729,4566527.932,593
"39","A5","1.9","Argille giallastre, limoso-sabbiose eterogenee, con intercalazioni calcarenitiche (dmax = 10 cm).","4","1","Geodaunia","20.4",528653.729,4566527.932,593
"40","A5","1.95","Argille giallastre, limoso-sabbiose eterogenee, con intercalazioni calcarenitiche (dmax = 10 cm).","4","1","Geodaunia","20.4",528653.729,4566527.932,593
"41","A5","2","Argille giallastre, limoso-sabbiose eterogenee, con intercalazioni calcarenitiche (dmax = 10 cm).","4","1","Geodaunia","20.4",528653.729,4566527.932,593
"42","A5","2.05","Argille giallastre, limoso-sabbiose eterogenee, con intercalazioni calcarenitiche (dmax = 10 cm).","4","1","Geodaunia","20.4",528653.729,4566527.932,593
"43","A5","2.1","Argille giallastre, limoso-sabbiose eterogenee, con intercalazioni calcarenitiche (dmax = 10 cm).","4","1","Geodaunia","20.4",528653.729,4566527.932,593
"44","A5","2.15","Argille giallastre, limoso-sabbiose eterogenee, con intercalazioni calcarenitiche (dmax = 10 cm).","4","1","Geodaunia","20.4",528653.729,4566527.932,593
"45","A5","2.2","Argille giallastre, limoso-sabbiose eterogenee, con intercalazioni calcarenitiche (dmax = 10 cm).","4","1","Geodaunia","20.4",528653.729,4566527.932,593
"46","A5","2.25","Argille giallastre, limoso-sabbiose eterogenee, con intercalazioni calcarenitiche (dmax = 10 cm).","4","1","Geodaunia","20.4",528653.729,4566527.932,593
"47","A5","2.3","Argille giallastre, limoso-sabbiose eterogenee, con intercalazioni calcarenitiche (dmax = 10 cm).","4","1","Geodaunia","20.4",528653.729,4566527.932,593
"48","A5","2.35","Argille giallastre, limoso-sabbiose eterogenee, con intercalazioni calcarenitiche (dmax = 10 cm).","4","1","Geodaunia","20.4",528653.729,4566527.932,593
"49","A5","2.4","Argille giallastre, limoso-sabbiose eterogenee, con intercalazioni calcarenitiche (dmax = 10 cm).","4","1","Geodaunia","20.4",528653.729,4566527.932,593
"50","A5","2.45","Argille giallastre, limoso-sabbiose eterogenee, con intercalazioni calcarenitiche (dmax = 10 cm).","4","1","Geodaunia","20.4",528653.729,4566527.932,593
"51","A5","2.5","Argille giallastre, limoso-sabbiose eterogenee, con intercalazioni calcarenitiche (dmax = 10 cm).","4","1","Geodaunia","20.4",528653.729,4566527.932,593
"52","A5","2.55","Argille giallastre, limoso-sabbiose eterogenee, con intercalazioni calcarenitiche (dmax = 10 cm).","4","1","Geodaunia","20.4",528653.729,4566527.932,593
"53","A5","2.6","Argille giallastre, limoso-sabbiose eterogenee, con intercalazioni calcarenitiche (dmax = 10 cm).","4","1","Geodaunia","20.4",528653.729,4566527.932,593
"54","A5","2.65","Argille giallastre, limoso-sabbiose eterogenee, con intercalazioni calcarenitiche (dmax = 10 cm).","4","1","Geodaunia","20.4",528653.729,4566527.932,593
"55","A5","2.7","Argille giallastre, limoso-sabbiose eterogenee, con intercalazioni calcarenitiche (dmax = 10 cm).","4","1","Geodaunia","20.4",528653.729,4566527.932,593
"56","A5","2.75","Argille giallastre, limoso-sabbiose eterogenee, con intercalazioni calcarenitiche (dmax = 10 cm).","4","1","Geodaunia","20.4",528653.729,4566527.932,593
"57","A5","2.8","Argille giallastre, limoso-sabbiose eterogenee, con intercalazioni calcarenitiche (dmax = 10 cm).","4","1","Geodaunia","20.4",528653.729,4566527.932,593
"58","A5","2.85","Argille giallastre, limoso-sabbiose eterogenee, con intercalazioni calcarenitiche (dmax = 10 cm).","4","1","Geodaunia","20.4",528653.729,4566527.932,593
"59","A5","2.9","Argille giallastre, limoso-sabbiose eterogenee, con intercalazioni calcarenitiche (dmax = 10 cm).","4","1","Geodaunia","20.4",528653.729,4566527.932,593
"60","A5","2.95","Argille giallastre, limoso-sabbiose eterogenee, con intercalazioni calcarenitiche (dmax = 10 cm).","4","1","Geodaunia","20.4",528653.729,4566527.932,593
"61","A5","3","Argille giallastre, limoso-sabbiose eterogenee, con intercalazioni calcarenitiche (dmax = 10 cm).","4","1","Geodaunia","20.4",528653.729,4566527.932,593
"62","A5","3.05","Argille giallastre, limoso-sabbiose eterogenee, con intercalazioni calcarenitiche (dmax = 10 cm).","4","1","Geodaunia","20.4",528653.729,4566527.932,593
"63","A5","3.1","Argille giallastre, limoso-sabbiose eterogenee, con intercalazioni calcarenitiche (dmax = 10 cm).","4","1","Geodaunia","20.4",528653.729,4566527.932,593
"64","A5","3.15","Argille giallastre, limoso-sabbiose eterogenee, con intercalazioni calcarenitiche (dmax = 10 cm).","4","1","Geodaunia","20.4",528653.729,4566527.932,593
"65","A5","3.2","Argille giallastre, limoso-sabbiose eterogenee, con intercalazioni calcarenitiche (dmax = 10 cm).","4","1","Geodaunia","20.4",528653.729,4566527.932,593
"66","A5","3.25","Argille giallastre, limoso-sabbiose eterogenee, con intercalazioni calcarenitiche (dmax = 10 cm).","4","1","Geodaunia","20.4",528653.729,4566527.932,593
"67","A5","3.3","Argille giallastre, limoso-sabbiose eterogenee, con intercalazioni calcarenitiche (dmax = 10 cm).","4","1","Geodaunia","20.4",528653.729,4566527.932,593
"68","A5","3.35","Argille giallastre, limoso-sabbiose eterogenee, con intercalazioni calcarenitiche (dmax = 10 cm).","4","1","Geodaunia","20.4",528653.729,4566527.932,593
"69","A5","3.4","Argille giallastre, limoso-sabbiose eterogenee, con intercalazioni calcarenitiche (dmax = 10 cm).","4","1","Geodaunia","20.4",528653.729,4566527.932,593
"70","A5","3.45","Argille giallastre, limoso-sabbiose eterogenee, con intercalazioni calcarenitiche (dmax = 10 cm).","4","1","Geodaunia","20.4",528653.729,4566527.932,593
"71","A5","3.5","Argille giallastre, limoso-sabbiose eterogenee, con intercalazioni calcarenitiche (dmax = 10 cm).","4","1","Geodaunia","20.4",528653.729,4566527.932,593
"72","A5","3.55","Argille giallastre, limoso-sabbiose eterogenee, con intercalazioni calcarenitiche (dmax = 10 cm).","4","1","Geodaunia","20.4",528653.729,4566527.932,593
"73","A5","3.6","Argille giallastre, limoso-sabbiose eterogenee, con intercalazioni calcarenitiche (dmax = 10 cm).","4","1","Geodaunia","20.4",528653.729,4566527.932,593
"74","A5","3.65","Argille giallastre, limoso-sabbiose eterogenee, con intercalazioni calcarenitiche (dmax = 10 cm).","4","1","Geodaunia","20.4",528653.729,4566527.932,593
"75","A5","3.7","Argille giallastre, limoso-sabbiose eterogenee, con intercalazioni calcarenitiche (dmax = 10 cm).","4","1","Geodaunia","20.4",528653.729,4566527.932,593
"76","A5","3.75","Argille giallastre, limoso-sabbiose eterogenee, con intercalazioni calcarenitiche (dmax = 10 cm).","4","1","Geodaunia","20.4",528653.729,4566527.932,593
"77","A5","3.8","Argille giallastre, limoso-sabbiose eterogenee, con intercalazioni calcarenitiche (dmax = 10 cm).","4","1","Geodaunia","20.4",528653.729,4566527.932,593
"78","A5","3.85","Argille giallastre, limoso-sabbiose eterogenee, con intercalazioni calcarenitiche (dmax = 10 cm).","4","1","Geodaunia","20.4",528653.729,4566527.932,593
"79","A5","3.9","Argille giallastre, limoso-sabbiose eterogenee, con intercalazioni calcarenitiche (dmax = 10 cm).","4","1","Geodaunia","20.4",528653.729,4566527.932,593
"80","A5","3.95","Argille giallastre, limoso-sabbiose eterogenee, con intercalazioni calcarenitiche (dmax = 10 cm).","4","1","Geodaunia","20.4",528653.729,4566527.932,593
"81","A5","4","Argille giallastre, limoso-sabbiose eterogenee, con intercalazioni calcarenitiche (dmax = 10 cm).","4","1","Geodaunia","20.4",528653.729,4566527.932,593
"82","A5","4.05","Argille giallastre, limoso-sabbiose eterogenee, con intercalazioni calcarenitiche (dmax = 10 cm).","4","1","Geodaunia","20.4",528653.729,4566527.932,593
"83","A5","4.1","Argille giallastre, limoso-sabbiose eterogenee, con intercalazioni calcarenitiche (dmax = 10 cm).","4","1","Geodaunia","20.4",528653.729,4566527.932,593
"84","A5","4.15","Argille giallastre, limoso-sabbiose eterogenee, con intercalazioni calcarenitiche (dmax = 10 cm).","4","1","Geodaunia","20.4",528653.729,4566527.932,593
"85","A5","4.2","Argille giallastre, limoso-sabbiose eterogenee, con intercalazioni calcarenitiche (dmax = 10 cm).","4","1","Geodaunia","20.4",528653.729,4566527.932,593
"86","A5","4.25","Argille giallastre, limoso-sabbiose eterogenee, con intercalazioni calcarenitiche (dmax = 10 cm).","4","1","Geodaunia","20.4",528653.729,4566527.932,593
"87","A5","4.3","Argille giallastre, limoso-sabbiose eterogenee, con intercalazioni calcarenitiche (dmax = 10 cm).","4","1","Geodaunia","20.4",528653.729,4566527.932,593
"88","A5","4.35","Argille giallastre, limoso-sabbiose eterogenee, con intercalazioni calcarenitiche (dmax = 10 cm).","4","1","Geodaunia","20.4",528653.729,4566527.932,593
"89","A5","4.4","Argille giallastre, limoso-sabbiose eterogenee, con intercalazioni calcarenitiche (dmax = 10 cm).","4","1","Geodaunia","20.4",528653.729,4566527.932,593
"90","A5","4.45","Argille giallastre, limoso-sabbiose eterogenee, con intercalazioni calcarenitiche (dmax = 10 cm).","4","1","Geodaunia","20.4",528653.729,4566527.932,593
"91","A5","4.5","Argille giallastre, limoso-sabbiose eterogenee, con intercalazioni calcarenitiche (dmax = 10 cm).","4","1","Geodaunia","20.4",528653.729,4566527.932,593
"92","A5","4.55","Argille giallastre, limoso-sabbiose eterogenee, con intercalazioni calcarenitiche (dmax = 10 cm).","4","1","Geodaunia","20.4",528653.729,4566527.932,593
"93","A5","4.6","Argille giallastre, limoso-sabbiose eterogenee, con intercalazioni calcarenitiche (dmax = 10 cm).","4","1","Geodaunia","20.4",528653.729,4566527.932,593
"94","A5","4.65","Argille giallastre, limoso-sabbiose eterogenee, con intercalazioni calcarenitiche (dmax = 10 cm).","4","1","Geodaunia","20.4",528653.729,4566527.932,593
"95","A5","4.7","Argille giallastre, limoso-sabbiose eterogenee, con intercalazioni calcarenitiche (dmax = 10 cm).","4","1","Geodaunia","20.4",528653.729,4566527.932,593
"96","A5","4.75","Argille giallastre, limoso-sabbiose eterogenee, con intercalazioni calcarenitiche (dmax = 10 cm).","4","1","Geodaunia","20.4",528653.729,4566527.932,593
"97","A5","4.8","Argille giallastre, limoso-sabbiose eterogenee, con intercalazioni calcarenitiche (dmax = 10 cm).","4","1","Geodaunia","20.4",528653.729,4566527.932,593
"98","A5","4.85","Argille giallastre, limoso-sabbiose eterogenee, con intercalazioni calcarenitiche (dmax = 10 cm).","4","1","Geodaunia","20.4",528653.729,4566527.932,593
"99","A5","4.9","Argille giallastre, limoso-sabbiose eterogenee, con intercalazioni calcarenitiche (dmax = 10 cm).","4","1","Geodaunia","20.4",528653.729,4566527.932,593
"100","A5","4.95","Argille giallastre, limoso-sabbiose eterogenee, con intercalazioni calcarenitiche (dmax = 10 cm).","4","1","Geodaunia","20.4",528653.729,4566527.932,593
"101","A5","5","Argille giallastre, limoso-sabbiose eterogenee, con intercalazioni calcarenitiche (dmax = 10 cm).","4","1","Geodaunia","20.4",528653.729,4566527.932,593
"102","A5","5.05","Argille giallastre, limoso-sabbiose eterogenee, con intercalazioni calcarenitiche (dmax = 10 cm).","4","1","Geodaunia","20.4",528653.729,4566527.932,593
"103","A5","5.1","Argille giallastre, limoso-sabbiose eterogenee, con intercalazioni calcarenitiche (dmax = 10 cm).","4","1","Geodaunia","20.4",528653.729,4566527.932,593
"104","A5","5.15","Argille giallastre, limoso-sabbiose eterogenee, con intercalazioni calcarenitiche (dmax = 10 cm).","4","1","Geodaunia","20.4",528653.729,4566527.932,593
"105","A5","5.2","Argille giallastre, limoso-sabbiose eterogenee, con intercalazioni calcarenitiche (dmax = 10 cm).","4","1","Geodaunia","20.4",528653.729,4566527.932,593
"106","A5","5.25","Argille giallastre, limoso-sabbiose eterogenee, con intercalazioni calcarenitiche (dmax = 10 cm).","4","1","Geodaunia","20.4",528653.729,4566527.932,593
"107","A5","5.3","Argille giallastre, limoso-sabbiose eterogenee, con intercalazioni calcarenitiche (dmax = 10 cm).","4","1","Geodaunia","20.4",528653.729,4566527.932,593
"108","A5","5.35","Argille giallastre, limoso-sabbiose eterogenee, con intercalazioni calcarenitiche (dmax = 10 cm).","4","1","Geodaunia","20.4",528653.729,4566527.932,593
"109","A5","5.4","Argille giallastre, limoso-sabbiose eterogenee, con intercalazioni calcarenitiche (dmax = 10 cm).","4","1","Geodaunia","20.4",528653.729,4566527.932,593
"110","A5","5.45","Argille giallastre, limoso-sabbiose eterogenee, con intercalazioni calcarenitiche (dmax = 10 cm).","4","1","Geodaunia","20.4",528653.729,4566527.932,593
"111","A5","5.5","Argille giallastre, limoso-sabbiose eterogenee, con intercalazioni calcarenitiche (dmax = 10 cm).","4","1","Geodaunia","20.4",528653.729,4566527.932,593
"112","A5","5.55","Argille giallastre, limoso-sabbiose eterogenee, con intercalazioni calcarenitiche (dmax = 10 cm).","4","1","Geodaunia","20.4",528653.729,4566527.932,593
"113","A5","5.6","Argille giallastre, limoso-sabbiose eterogenee, con intercalazioni calcarenitiche (dmax = 10 cm).","4","1","Geodaunia","20.4",528653.729,4566527.932,593
"114","A5","5.65","Argille giallastre, limoso-sabbiose eterogenee, con intercalazioni calcarenitiche (dmax = 10 cm).","4","1","Geodaunia","20.4",528653.729,4566527.932,593
"115","A5","5.7","Argille giallastre, limoso-sabbiose eterogenee, con intercalazioni calcarenitiche (dmax = 10 cm).","4","1","Geodaunia","20.4",528653.729,4566527.932,593
"116","A5","5.75","Argille giallastre, limoso-sabbiose eterogenee, con intercalazioni calcarenitiche (dmax = 10 cm).","4","1","Geodaunia","20.4",528653.729,4566527.932,593
"117","A5","5.8","Argille giallastre, limoso-sabbiose eterogenee, con intercalazioni calcarenitiche (dmax = 10 cm).","4","1","Geodaunia","20.4",528653.729,4566527.932,593
"118","A5","5.85","Argille giallastre, limoso-sabbiose eterogenee, con intercalazioni calcarenitiche (dmax = 10 cm).","4","1","Geodaunia","20.4",528653.729,4566527.932,593
"119","A5","5.9","Argille giallastre, limoso-sabbiose eterogenee, con intercalazioni calcarenitiche (dmax = 10 cm).","4","1","Geodaunia","20.4",528653.729,4566527.932,593
"120","A5","5.95","Argille giallastre, limoso-sabbiose eterogenee, con intercalazioni calcarenitiche (dmax = 10 cm).","4","1","Geodaunia","20.4",528653.729,4566527.932,593
"121","A5","6","Argille giallastre, limoso-sabbiose eterogenee, con intercalazioni calcarenitiche (dmax = 10 cm).","4","1","Geodaunia","20.4",528653.729,4566527.932,593
"122","A5","6.05","Argille giallastre, limoso-sabbiose eterogenee, con intercalazioni calcarenitiche (dmax = 10 cm).","4","1","Geodaunia","20.4",528653.729,4566527.932,593
"123","A5","6.1","Argille giallastre, limoso-sabbiose eterogenee, con intercalazioni calcarenitiche (dmax = 10 cm).","4","1","Geodaunia","20.4",528653.729,4566527.932,593
"124","A5","6.15","Argille giallastre, limoso-sabbiose eterogenee, con intercalazioni calcarenitiche (dmax = 10 cm).","4","1","Geodaunia","20.4",528653.729,4566527.932,593
"125","A5","6.2","Argille giallastre, limoso-sabbiose eterogenee, con intercalazioni calcarenitiche (dmax = 10 cm).","4","1","Geodaunia","20.4",528653.729,4566527.932,593
"126","A5","6.25","Argille giallastre, limoso-sabbiose eterogenee, con intercalazioni calcarenitiche (dmax = 10 cm).","4","1","Geodaunia","20.4",528653.729,4566527.932,593
"127","A5","6.3","Argille giallastre, limoso-sabbiose eterogenee, con intercalazioni calcarenitiche (dmax = 10 cm).","4","1","Geodaunia","20.4",528653.729,4566527.932,593
"128","A5","6.35","Argille giallastre, limoso-sabbiose eterogenee, con intercalazioni calcarenitiche (dmax = 10 cm).","4","1","Geodaunia","20.4",528653.729,4566527.932,593
"129","A5","6.4","Argille giallastre, limoso-sabbiose eterogenee, con intercalazioni calcarenitiche (dmax = 10 cm).","4","1","Geodaunia","20.4",528653.729,4566527.932,593
"130","A5","6.45","Argille giallastre, limoso-sabbiose eterogenee, con intercalazioni calcarenitiche (dmax = 10 cm).","4","1","Geodaunia","20.4",528653.729,4566527.932,593
"131","A5","6.5","Argille giallastre, limoso-sabbiose eterogenee, con intercalazioni calcarenitiche (dmax = 10 cm).","4","1","Geodaunia","20.4",528653.729,4566527.932,593
"132","A5","6.55","Argille giallastre, limoso-sabbiose eterogenee, con intercalazioni calcarenitiche (dmax = 10 cm).","4","1","Geodaunia","20.4",528653.729,4566527.932,593
"133","A5","6.6","Argille giallastre, limoso-sabbiose eterogenee, con intercalazioni calcarenitiche (dmax = 10 cm).","4","1","Geodaunia","20.4",528653.729,4566527.932,593
"134","A5","6.65","Argille giallastre, limoso-sabbiose eterogenee, con intercalazioni calcarenitiche (dmax = 10 cm).","4","1","Geodaunia","20.4",528653.729,4566527.932,593
"135","A5","6.7","Argille giallastre, limoso-sabbiose eterogenee, con intercalazioni calcarenitiche (dmax = 10 cm).","4","1","Geodaunia","20.4",528653.729,4566527.932,593
"136","A5","6.75","Argille giallastre, limoso-sabbiose eterogenee, con intercalazioni calcarenitiche (dmax = 10 cm).","4","1","Geodaunia","20.4",528653.729,4566527.932,593
"137","A5","6.8","Argille giallastre, limoso-sabbiose eterogenee, con intercalazioni calcarenitiche (dmax = 10 cm).","4","1","Geodaunia","20.4",528653.729,4566527.932,593
"138","A5","6.85","Argille giallastre, limoso-sabbiose eterogenee, con intercalazioni calcarenitiche (dmax = 10 cm).","4","1","Geodaunia","20.4",528653.729,4566527.932,593
"139","A5","6.9","Argille giallastre, limoso-sabbiose eterogenee, con intercalazioni calcarenitiche (dmax = 10 cm).","4","1","Geodaunia","20.4",528653.729,4566527.932,593
"140","A5","6.95","Argille giallastre, limoso-sabbiose eterogenee, con intercalazioni calcarenitiche (dmax = 10 cm).","4","1","Geodaunia","20.4",528653.729,4566527.932,593
"141","A5","7","Argille giallastre, limoso-sabbiose eterogenee, con intercalazioni calcarenitiche (dmax = 10 cm).","4","1","Geodaunia","20.4",528653.729,4566527.932,593
"142","A5","7.05","Argille giallastre, limoso-sabbiose eterogenee, con intercalazioni calcarenitiche (dmax = 10 cm).","4","1","Geodaunia","20.4",528653.729,4566527.932,593
"143","A5","7.1","Argille giallastre, limoso-sabbiose eterogenee, con intercalazioni calcarenitiche (dmax = 10 cm).","4","1","Geodaunia","20.4",528653.729,4566527.932,593
"144","A5","7.15","Argille giallastre, limoso-sabbiose eterogenee, con intercalazioni calcarenitiche (dmax = 10 cm).","4","1","Geodaunia","20.4",528653.729,4566527.932,593
"145","A5","7.2","Argille giallastre, limoso-sabbiose eterogenee, con intercalazioni calcarenitiche (dmax = 10 cm).","4","1","Geodaunia","20.4",528653.729,4566527.932,593
"146","A5","7.25","Argille giallastre, limoso-sabbiose eterogenee, con intercalazioni calcarenitiche (dmax = 10 cm).","4","1","Geodaunia","20.4",528653.729,4566527.932,593
"147","A5","7.3","Argille giallastre, limoso-sabbiose eterogenee, con intercalazioni calcarenitiche (dmax = 10 cm).","4","1","Geodaunia","20.4",528653.729,4566527.932,593
"148","A5","7.35","Argille giallastre, limoso-sabbiose eterogenee, con intercalazioni calcarenitiche (dmax = 10 cm).","4","1","Geodaunia","20.4",528653.729,4566527.932,593
"149","A5","7.4","Argille giallastre, limoso-sabbiose eterogenee, con intercalazioni calcarenitiche (dmax = 10 cm).","4","1","Geodaunia","20.4",528653.729,4566527.932,593
"150","A5","7.45","Argille giallastre, limoso-sabbiose eterogenee, con intercalazioni calcarenitiche (dmax = 10 cm).","4","1","Geodaunia","20.4",528653.729,4566527.932,593
"151","A5","7.5","Argille giallastre, limoso-sabbiose eterogenee, con intercalazioni calcarenitiche (dmax = 10 cm).","4","1","Geodaunia","20.4",528653.729,4566527.932,593
"152","A5","7.55","Argille giallastre, limoso-sabbiose eterogenee, con intercalazioni calcarenitiche (dmax = 10 cm).","4","1","Geodaunia","20.4",528653.729,4566527.932,593
"153","A5","7.6","Argille giallastre, limoso-sabbiose eterogenee, con intercalazioni calcarenitiche (dmax = 10 cm).","4","1","Geodaunia","20.4",528653.729,4566527.932,593
"154","A5","7.65","Argille giallastre, limoso-sabbiose eterogenee, con intercalazioni calcarenitiche (dmax = 10 cm).","4","1","Geodaunia","20.4",528653.729,4566527.932,593
"155","A5","7.7","Argille giallastre, limoso-sabbiose eterogenee, con intercalazioni calcarenitiche (dmax = 10 cm).","4","1","Geodaunia","20.4",528653.729,4566527.932,593
"156","A5","7.75","Argille giallastre, limoso-sabbiose eterogenee, con intercalazioni calcarenitiche (dmax = 10 cm).","4","1","Geodaunia","20.4",528653.729,4566527.932,593
"157","A5","7.8","Argille giallastre, limoso-sabbiose eterogenee, con intercalazioni calcarenitiche (dmax = 10 cm).","4","1","Geodaunia","20.4",528653.729,4566527.932,593
"158","A5","7.85","Argille giallastre, limoso-sabbiose eterogenee, con intercalazioni calcarenitiche (dmax = 10 cm).","4","1","Geodaunia","20.4",528653.729,4566527.932,593
"159","A5","7.9","Argille giallastre, limoso-sabbiose eterogenee, con intercalazioni calcarenitiche (dmax = 10 cm).","4","1","Geodaunia","20.4",528653.729,4566527.932,593
"160","A5","7.95","Argille giallastre, limoso-sabbiose eterogenee, con intercalazioni calcarenitiche (dmax = 10 cm).","4","1","Geodaunia","20.4",528653.729,4566527.932,593
"161","A5","8","Argille giallastre, limoso-sabbiose eterogenee, con intercalazioni calcarenitiche (dmax = 10 cm).","4","1","Geodaunia","20.4",528653.729,4566527.932,593
"162","A5","8.05","Argille giallastre, limoso-sabbiose eterogenee, con intercalazioni calcarenitiche (dmax = 10 cm).","4","1","Geodaunia","20.4",528653.729,4566527.932,593
"163","A5","8.1","Argille giallastre, limoso-sabbiose eterogenee, con intercalazioni calcarenitiche (dmax = 10 cm).","4","1","Geodaunia","20.4",528653.729,4566527.932,593
"164","A5","8.15","Argille giallastre, limoso-sabbiose eterogenee, con intercalazioni calcarenitiche (dmax = 10 cm).","4","1","Geodaunia","20.4",528653.729,4566527.932,593
"165","A5","8.2","Argille giallastre, limoso-sabbiose eterogenee, con intercalazioni calcarenitiche (dmax = 10 cm).","4","1","Geodaunia","20.4",528653.729,4566527.932,593
"166","A5","8.25","Argille giallastre, limoso-sabbiose eterogenee, con intercalazioni calcarenitiche (dmax = 10 cm).","4","1","Geodaunia","20.4",528653.729,4566527.932,593
"167","A5","8.3","Argille giallastre, limoso-sabbiose eterogenee, con intercalazioni calcarenitiche (dmax = 10 cm).","4","1","Geodaunia","20.4",528653.729,4566527.932,593
"168","A5","8.35","Argille giallastre, limoso-sabbiose eterogenee, con intercalazioni calcarenitiche (dmax = 10 cm).","4","1","Geodaunia","20.4",528653.729,4566527.932,593
"169","A5","8.4","Argille giallastre, limoso-sabbiose eterogenee, con intercalazioni calcarenitiche (dmax = 10 cm).","4","1","Geodaunia","20.4",528653.729,4566527.932,593
"170","A5","8.45","Marne argillose ed argilliti marnose, dure, a placchette.","2b","1","Geodaunia","20.4",528653.729,4566527.932,593
"171","A5","8.5","Marne argillose ed argilliti marnose, dure, a placchette.","2b","1","Geodaunia","20.4",528653.729,4566527.932,593
"172","A5","8.55","Marne argillose ed argilliti marnose, dure, a placchette.","2b","1","Geodaunia","20.4",528653.729,4566527.932,593
"173","A5","8.6","Marne argillose ed argilliti marnose, dure, a placchette.","2b","1","Geodaunia","20.4",528653.729,4566527.932,593
"174","A5","8.65","Marne argillose ed argilliti marnose, dure, a placchette.","2b","1","Geodaunia","20.4",528653.729,4566527.932,593
"175","A5","8.7","Marne argillose ed argilliti marnose, dure, a placchette.","2b","1","Geodaunia","20.4",528653.729,4566527.932,593
"176","A5","8.75","Marne argillose ed argilliti marnose, dure, a placchette.","2b","1","Geodaunia","20.4",528653.729,4566527.932,593
"177","A5","8.8","Marne argillose ed argilliti marnose, dure, a placchette.","2b","1","Geodaunia","20.4",528653.729,4566527.932,593
"178","A5","8.85","Marne argillose ed argilliti marnose, dure, a placchette.","2b","1","Geodaunia","20.4",528653.729,4566527.932,593
"179","A5","8.9","Marne argillose ed argilliti marnose, dure, a placchette.","2b","1","Geodaunia","20.4",528653.729,4566527.932,593
"180","A5","8.95","Marne argillose ed argilliti marnose, dure, a placchette.","2b","1","Geodaunia","20.4",528653.729,4566527.932,593
"181","A5","9","Marne argillose ed argilliti marnose, dure, a placchette.","2b","1","Geodaunia","20.4",528653.729,4566527.932,593
"182","A5","9.05","Marne argillose ed argilliti marnose, dure, a placchette.","2b","1","Geodaunia","20.4",528653.729,4566527.932,593
"183","A5","9.1","Marne argillose ed argilliti marnose, dure, a placchette.","2b","1","Geodaunia","20.4",528653.729,4566527.932,593
"184","A5","9.15","Marne argillose ed argilliti marnose, dure, a placchette.","2b","1","Geodaunia","20.4",528653.729,4566527.932,593
"185","A5","9.2","Marne argillose ed argilliti marnose, dure, a placchette.","2b","1","Geodaunia","20.4",528653.729,4566527.932,593
"186","A5","9.25","Marne argillose ed argilliti marnose, dure, a placchette.","2b","1","Geodaunia","20.4",528653.729,4566527.932,593
"187","A5","9.3","Marne argillose ed argilliti marnose, dure, a placchette.","2b","1","Geodaunia","20.4",528653.729,4566527.932,593
"188","A5","9.35","Marne argillose ed argilliti marnose, dure, a placchette.","2b","1","Geodaunia","20.4",528653.729,4566527.932,593
"189","A5","9.4","Marne argillose ed argilliti marnose, dure, a placchette.","2b","1","Geodaunia","20.4",528653.729,4566527.932,593
"190","A5","9.45","Marne argillose ed argilliti marnose, dure, a placchette.","2b","1","Geodaunia","20.4",528653.729,4566527.932,593
"191","A5","9.5","Marne argillose ed argilliti marnose, dure, a placchette.","2b","1","Geodaunia","20.4",528653.729,4566527.932,593
"192","A5","9.55","Marne argillose ed argilliti marnose, dure, a placchette.","2b","1","Geodaunia","20.4",528653.729,4566527.932,593
"193","A5","9.6","Marne argillose ed argilliti marnose, dure, a placchette.","2b","1","Geodaunia","20.4",528653.729,4566527.932,593
"194","A5","9.65","Marne argillose ed argilliti marnose, dure, a placchette.","2b","1","Geodaunia","20.4",528653.729,4566527.932,593
"195","A5","9.7","Marne argillose ed argilliti marnose, dure, a placchette.","2b","1","Geodaunia","20.4",528653.729,4566527.932,593
"196","A5","9.75","Marne argillose ed argilliti marnose, dure, a placchette.","2b","1","Geodaunia","20.4",528653.729,4566527.932,593
"197","A5","9.8","Marne argillose ed argilliti marnose, dure, a placchette.","2b","1","Geodaunia","20.4",528653.729,4566527.932,593
"198","A5","9.85","Marne argillose ed argilliti marnose, dure, a placchette.","2b","1","Geodaunia","20.4",528653.729,4566527.932,593
"199","A5","9.9","Marne argillose ed argilliti marnose, dure, a placchette.","2b","1","Geodaunia","20.4",528653.729,4566527.932,593
"200","A5","9.95","Marne argillose ed argilliti marnose, dure, a placchette.","2b","1","Geodaunia","20.4",528653.729,4566527.932,593
"201","A5","10","Marne argillose ed argilliti marnose, dure, a placchette.","2b","1","Geodaunia","20.4",528653.729,4566527.932,593
"202","A5","10.05","Marne argillose ed argilliti marnose, dure, a placchette.","2b","1","Geodaunia","20.4",528653.729,4566527.932,593
"203","A5","10.1","Marne argillose ed argilliti marnose, dure, a placchette.","2b","1","Geodaunia","20.4",528653.729,4566527.932,593
"204","A5","10.15","Marne argillose ed argilliti marnose, dure, a placchette.","2b","1","Geodaunia","20.4",528653.729,4566527.932,593
"205","A5","10.2","Marne argillose ed argilliti marnose, dure, a placchette.","2b","1","Geodaunia","20.4",528653.729,4566527.932,593
"206","A5","10.25","Marne argillose ed argilliti marnose, dure, a placchette.","2b","1","Geodaunia","20.4",528653.729,4566527.932,593
"207","A5","10.3","Marne argillose ed argilliti marnose, dure, a placchette.","2b","1","Geodaunia","20.4",528653.729,4566527.932,593
"208","A5","10.35","Marne argillose ed argilliti marnose, dure, a placchette.","2b","1","Geodaunia","20.4",528653.729,4566527.932,593
"209","A5","10.4","Marne argillose ed argilliti marnose, dure, a placchette.","2b","1","Geodaunia","20.4",528653.729,4566527.932,593
"210","A5","10.45","Marne argillose ed argilliti marnose, dure, a placchette.","2b","1","Geodaunia","20.4",528653.729,4566527.932,593
"211","A5","10.5","Marne argillose ed argilliti marnose, dure, a placchette.","2b","1","Geodaunia","20.4",528653.729,4566527.932,593
"212","A5","10.55","Marne argillose ed argilliti marnose, dure, a placchette.","2b","1","Geodaunia","20.4",528653.729,4566527.932,593
"213","A5","10.6","Marne argillose ed argilliti marnose, dure, a placchette.","2b","1","Geodaunia","20.4",528653.729,4566527.932,593
"214","A5","10.65","Marne argillose ed argilliti marnose, dure, a placchette.","2b","1","Geodaunia","20.4",528653.729,4566527.932,593
"215","A5","10.7","Marne argillose ed argilliti marnose, dure, a placchette.","2b","1","Geodaunia","20.4",528653.729,4566527.932,593
"216","A5","10.75","Marne argillose ed argilliti marnose, dure, a placchette.","2b","1","Geodaunia","20.4",528653.729,4566527.932,593
"217","A5","10.8","Marne argillose ed argilliti marnose, dure, a placchette.","2b","1","Geodaunia","20.4",528653.729,4566527.932,593
"218","A5","10.85","Marne argillose ed argilliti marnose, dure, a placchette.","2b","1","Geodaunia","20.4",528653.729,4566527.932,593
"219","A5","10.9","Marne argillose ed argilliti marnose, dure, a placchette.","2b","1","Geodaunia","20.4",528653.729,4566527.932,593
"220","A5","10.95","Marne argillose ed argilliti marnose, dure, a placchette.","2b","1","Geodaunia","20.4",528653.729,4566527.932,593
"221","A5","11","Marne argillose ed argilliti marnose, dure, a placchette.","2b","1","Geodaunia","20.4",528653.729,4566527.932,593
"222","A5","11.05","Marne argillose ed argilliti marnose, dure, a placchette.","2b","1","Geodaunia","20.4",528653.729,4566527.932,593
"223","A5","11.1","Marne argillose ed argilliti marnose, dure, a placchette.","2b","1","Geodaunia","20.4",528653.729,4566527.932,593
"224","A5","11.15","Marne argillose ed argilliti marnose, dure, a placchette.","2b","1","Geodaunia","20.4",528653.729,4566527.932,593
"225","A5","11.2","Marne argillose ed argilliti marnose, dure, a placchette.","2b","1","Geodaunia","20.4",528653.729,4566527.932,593
"226","A5","11.25","Marne argillose ed argilliti marnose, dure, a placchette.","2b","1","Geodaunia","20.4",528653.729,4566527.932,593
"227","A5","11.3","Marne argillose ed argilliti marnose, dure, a placchette.","2b","1","Geodaunia","20.4",528653.729,4566527.932,593
"228","A5","11.35","Marne argillose ed argilliti marnose, dure, a placchette.","2b","1","Geodaunia","20.4",528653.729,4566527.932,593
"229","A5","11.4","Marne argillose ed argilliti marnose, dure, a placchette.","2b","1","Geodaunia","20.4",528653.729,4566527.932,593
"230","A5","11.45","Marne argillose ed argilliti marnose, dure, a placchette.","2b","1","Geodaunia","20.4",528653.729,4566527.932,593
"231","A5","11.5","Marne argillose ed argilliti marnose, dure, a placchette.","2b","1","Geodaunia","20.4",528653.729,4566527.932,593
"232","A5","11.55","Argille molto plastiche bentonitiche, grigie con sottili livelli marnosi e sabbiosi e con qualche blocco calcarenitico.","2b","1","Geodaunia","20.4",528653.729,4566527.932,593
"233","A5","11.6","Argille molto plastiche bentonitiche, grigie con sottili livelli marnosi e sabbiosi e con qualche blocco calcarenitico.","2b","1","Geodaunia","20.4",528653.729,4566527.932,593
"234","A5","11.65","Argille molto plastiche bentonitiche, grigie con sottili livelli marnosi e sabbiosi e con qualche blocco calcarenitico.","2b","1","Geodaunia","20.4",528653.729,4566527.932,593
"235","A5","11.7","Argille molto plastiche bentonitiche, grigie con sottili livelli marnosi e sabbiosi e con qualche blocco calcarenitico.","2b","1","Geodaunia","20.4",528653.729,4566527.932,593
"236","A5","11.75","Argille molto plastiche bentonitiche, grigie con sottili livelli marnosi e sabbiosi e con qualche blocco calcarenitico.","2b","1","Geodaunia","20.4",528653.729,4566527.932,593
"237","A5","11.8","Argille molto plastiche bentonitiche, grigie con sottili livelli marnosi e sabbiosi e con qualche blocco calcarenitico.","2b","1","Geodaunia","20.4",528653.729,4566527.932,593
"238","A5","11.85","Argille molto plastiche bentonitiche, grigie con sottili livelli marnosi e sabbiosi e con qualche blocco calcarenitico.","2b","1","Geodaunia","20.4",528653.729,4566527.932,593
"239","A5","11.9","Argille molto plastiche bentonitiche, grigie con sottili livelli marnosi e sabbiosi e con qualche blocco calcarenitico.","2b","1","Geodaunia","20.4",528653.729,4566527.932,593
"240","A5","11.95","Argille molto plastiche bentonitiche, grigie con sottili livelli marnosi e sabbiosi e con qualche blocco calcarenitico.","2b","1","Geodaunia","20.4",528653.729,4566527.932,593
"241","A5","12","Argille molto plastiche bentonitiche, grigie con sottili livelli marnosi e sabbiosi e con qualche blocco calcarenitico.","2b","1","Geodaunia","20.4",528653.729,4566527.932,593
"242","A5","12.05","Argille molto plastiche bentonitiche, grigie con sottili livelli marnosi e sabbiosi e con qualche blocco calcarenitico.","2b","1","Geodaunia","20.4",528653.729,4566527.932,593
"243","A5","12.1","Argille molto plastiche bentonitiche, grigie con sottili livelli marnosi e sabbiosi e con qualche blocco calcarenitico.","2b","1","Geodaunia","20.4",528653.729,4566527.932,593
"244","A5","12.15","Argille molto plastiche bentonitiche, grigie con sottili livelli marnosi e sabbiosi e con qualche blocco calcarenitico.","2b","1","Geodaunia","20.4",528653.729,4566527.932,593
"245","A5","12.2","Argille molto plastiche bentonitiche, grigie con sottili livelli marnosi e sabbiosi e con qualche blocco calcarenitico.","2b","1","Geodaunia","20.4",528653.729,4566527.932,593
"246","A5","12.25","Argille molto plastiche bentonitiche, grigie con sottili livelli marnosi e sabbiosi e con qualche blocco calcarenitico.","2b","1","Geodaunia","20.4",528653.729,4566527.932,593
"247","A5","12.3","Argille molto plastiche bentonitiche, grigie con sottili livelli marnosi e sabbiosi e con qualche blocco calcarenitico.","2b","1","Geodaunia","20.4",528653.729,4566527.932,593
"248","A5","12.35","Argille molto plastiche bentonitiche, grigie con sottili livelli marnosi e sabbiosi e con qualche blocco calcarenitico.","2b","1","Geodaunia","20.4",528653.729,4566527.932,593
"249","A5","12.4","Argille molto plastiche bentonitiche, grigie con sottili livelli marnosi e sabbiosi e con qualche blocco calcarenitico.","2b","1","Geodaunia","20.4",528653.729,4566527.932,593
"250","A5","12.45","Argille molto plastiche bentonitiche, grigie con sottili livelli marnosi e sabbiosi e con qualche blocco calcarenitico.","2b","1","Geodaunia","20.4",528653.729,4566527.932,593
"251","A5","12.5","Argille molto plastiche bentonitiche, grigie con sottili livelli marnosi e sabbiosi e con qualche blocco calcarenitico.","2b","1","Geodaunia","20.4",528653.729,4566527.932,593
"252","A5","12.55","Argille molto plastiche bentonitiche, grigie con sottili livelli marnosi e sabbiosi e con qualche blocco calcarenitico.","2b","1","Geodaunia","20.4",528653.729,4566527.932,593
"253","A5","12.6","Argille molto plastiche bentonitiche, grigie con sottili livelli marnosi e sabbiosi e con qualche blocco calcarenitico.","2b","1","Geodaunia","20.4",528653.729,4566527.932,593
"254","A5","12.65","Argille molto plastiche bentonitiche, grigie con sottili livelli marnosi e sabbiosi e con qualche blocco calcarenitico.","2b","1","Geodaunia","20.4",528653.729,4566527.932,593
"255","A5","12.7","Argille molto plastiche bentonitiche, grigie con sottili livelli marnosi e sabbiosi e con qualche blocco calcarenitico.","2b","1","Geodaunia","20.4",528653.729,4566527.932,593
"256","A5","12.75","Argille molto plastiche bentonitiche, grigie con sottili livelli marnosi e sabbiosi e con qualche blocco calcarenitico.","2b","1","Geodaunia","20.4",528653.729,4566527.932,593
"257","A5","12.8","Argille molto plastiche bentonitiche, grigie con sottili livelli marnosi e sabbiosi e con qualche blocco calcarenitico.","2b","1","Geodaunia","20.4",528653.729,4566527.932,593
"258","A5","12.85","Argille molto plastiche bentonitiche, grigie con sottili livelli marnosi e sabbiosi e con qualche blocco calcarenitico.","2b","1","Geodaunia","20.4",528653.729,4566527.932,593
"259","A5","12.9","Argille molto plastiche bentonitiche, grigie con sottili livelli marnosi e sabbiosi e con qualche blocco calcarenitico.","2b","1","Geodaunia","20.4",528653.729,4566527.932,593
"260","A5","12.95","Argille molto plastiche bentonitiche, grigie con sottili livelli marnosi e sabbiosi e con qualche blocco calcarenitico.","2b","1","Geodaunia","20.4",528653.729,4566527.932,593
"261","A5","13","Argille molto plastiche bentonitiche, grigie con sottili livelli marnosi e sabbiosi e con qualche blocco calcarenitico.","2b","1","Geodaunia","20.4",528653.729,4566527.932,593
"262","A5","13.05","Argille molto plastiche bentonitiche, grigie con sottili livelli marnosi e sabbiosi e con qualche blocco calcarenitico.","2b","1","Geodaunia","20.4",528653.729,4566527.932,593
"263","A5","13.1","Argille molto plastiche bentonitiche, grigie con sottili livelli marnosi e sabbiosi e con qualche blocco calcarenitico.","2b","1","Geodaunia","20.4",528653.729,4566527.932,593
"264","A5","13.15","Argille molto plastiche bentonitiche, grigie con sottili livelli marnosi e sabbiosi e con qualche blocco calcarenitico.","2b","1","Geodaunia","20.4",528653.729,4566527.932,593
"265","A5","13.2","Argille molto plastiche bentonitiche, grigie con sottili livelli marnosi e sabbiosi e con qualche blocco calcarenitico.","2b","1","Geodaunia","20.4",528653.729,4566527.932,593
"266","A5","13.25","Argille molto plastiche bentonitiche, grigie con sottili livelli marnosi e sabbiosi e con qualche blocco calcarenitico.","2b","1","Geodaunia","20.4",528653.729,4566527.932,593
"267","A5","13.3","Argille molto plastiche bentonitiche, grigie con sottili livelli marnosi e sabbiosi e con qualche blocco calcarenitico.","2b","1","Geodaunia","20.4",528653.729,4566527.932,593
"268","A5","13.35","Argille molto plastiche bentonitiche, grigie con sottili livelli marnosi e sabbiosi e con qualche blocco calcarenitico.","2b","1","Geodaunia","20.4",528653.729,4566527.932,593
"269","A5","13.4","Argille molto plastiche bentonitiche, grigie con sottili livelli marnosi e sabbiosi e con qualche blocco calcarenitico.","2b","1","Geodaunia","20.4",528653.729,4566527.932,593
"270","A5","13.45","Argille molto plastiche bentonitiche, grigie con sottili livelli marnosi e sabbiosi e con qualche blocco calcarenitico.","2b","1","Geodaunia","20.4",528653.729,4566527.932,593
"271","A5","13.5","Argille molto plastiche bentonitiche, grigie con sottili livelli marnosi e sabbiosi e con qualche blocco calcarenitico.","2b","1","Geodaunia","20.4",528653.729,4566527.932,593
"272","A5","13.55","Argille molto plastiche bentonitiche, grigie con sottili livelli marnosi e sabbiosi e con qualche blocco calcarenitico.","2b","1","Geodaunia","20.4",528653.729,4566527.932,593
"273","A5","13.6","Argille molto plastiche bentonitiche, grigie con sottili livelli marnosi e sabbiosi e con qualche blocco calcarenitico.","2b","1","Geodaunia","20.4",528653.729,4566527.932,593
"274","A5","13.65","Argille molto plastiche bentonitiche, grigie con sottili livelli marnosi e sabbiosi e con qualche blocco calcarenitico.","2b","1","Geodaunia","20.4",528653.729,4566527.932,593
"275","A5","13.7","Argille molto plastiche bentonitiche, grigie con sottili livelli marnosi e sabbiosi e con qualche blocco calcarenitico.","2b","1","Geodaunia","20.4",528653.729,4566527.932,593
"276","A5","13.75","Argille molto plastiche bentonitiche, grigie con sottili livelli marnosi e sabbiosi e con qualche blocco calcarenitico.","2b","1","Geodaunia","20.4",528653.729,4566527.932,593
"277","A5","13.8","Argille molto plastiche bentonitiche, grigie con sottili livelli marnosi e sabbiosi e con qualche blocco calcarenitico.","2b","1","Geodaunia","20.4",528653.729,4566527.932,593
"278","A5","13.85","Argille molto plastiche bentonitiche, grigie con sottili livelli marnosi e sabbiosi e con qualche blocco calcarenitico.","2b","1","Geodaunia","20.4",528653.729,4566527.932,593
"279","A5","13.9","Argille molto plastiche bentonitiche, grigie con sottili livelli marnosi e sabbiosi e con qualche blocco calcarenitico.","2b","1","Geodaunia","20.4",528653.729,4566527.932,593
"280","A5","13.95","Argille molto plastiche bentonitiche, grigie con sottili livelli marnosi e sabbiosi e con qualche blocco calcarenitico.","2b","1","Geodaunia","20.4",528653.729,4566527.932,593
"281","A5","14","Argille molto plastiche bentonitiche, grigie con sottili livelli marnosi e sabbiosi e con qualche blocco calcarenitico.","2b","1","Geodaunia","20.4",528653.729,4566527.932,593
"282","A5","14.05","Argille molto plastiche bentonitiche, grigie con sottili livelli marnosi e sabbiosi e con qualche blocco calcarenitico.","2b","1","Geodaunia","20.4",528653.729,4566527.932,593
"283","A5","14.1","Argille molto plastiche bentonitiche, grigie con sottili livelli marnosi e sabbiosi e con qualche blocco calcarenitico.","2b","1","Geodaunia","20.4",528653.729,4566527.932,593
"284","A5","14.15","Argille molto plastiche bentonitiche, grigie con sottili livelli marnosi e sabbiosi e con qualche blocco calcarenitico.","2b","1","Geodaunia","20.4",528653.729,4566527.932,593
"285","A5","14.2","Argille molto plastiche bentonitiche, grigie con sottili livelli marnosi e sabbiosi e con qualche blocco calcarenitico.","2b","1","Geodaunia","20.4",528653.729,4566527.932,593
"286","A5","14.25","Argille molto plastiche bentonitiche, grigie con sottili livelli marnosi e sabbiosi e con qualche blocco calcarenitico.","2b","1","Geodaunia","20.4",528653.729,4566527.932,593
"287","A5","14.3","Argille molto plastiche bentonitiche, grigie con sottili livelli marnosi e sabbiosi e con qualche blocco calcarenitico.","2b","1","Geodaunia","20.4",528653.729,4566527.932,593
"288","A5","14.35","Argille molto plastiche bentonitiche, grigie con sottili livelli marnosi e sabbiosi e con qualche blocco calcarenitico.","2b","1","Geodaunia","20.4",528653.729,4566527.932,593
"289","A5","14.4","Argille molto plastiche bentonitiche, grigie con sottili livelli marnosi e sabbiosi e con qualche blocco calcarenitico.","2b","1","Geodaunia","20.4",528653.729,4566527.932,593
"290","A5","14.45","Argille molto plastiche bentonitiche, grigie con sottili livelli marnosi e sabbiosi e con qualche blocco calcarenitico.","2b","1","Geodaunia","20.4",528653.729,4566527.932,593
"291","A5","14.5","Argille molto plastiche bentonitiche, grigie con sottili livelli marnosi e sabbiosi e con qualche blocco calcarenitico.","2b","1","Geodaunia","20.4",528653.729,4566527.932,593
"292","A5","14.55","Argille molto plastiche bentonitiche, grigie con sottili livelli marnosi e sabbiosi e con qualche blocco calcarenitico.","2b","1","Geodaunia","20.4",528653.729,4566527.932,593
"293","A5","14.6","Argille molto plastiche bentonitiche, grigie con sottili livelli marnosi e sabbiosi e con qualche blocco calcarenitico.","2b","1","Geodaunia","20.4",528653.729,4566527.932,593
"294","A5","14.65","Argille molto plastiche bentonitiche, grigie con sottili livelli marnosi e sabbiosi e con qualche blocco calcarenitico.","2b","1","Geodaunia","20.4",528653.729,4566527.932,593
"295","A5","14.7","Argille molto plastiche bentonitiche, grigie con sottili livelli marnosi e sabbiosi e con qualche blocco calcarenitico.","2b","1","Geodaunia","20.4",528653.729,4566527.932,593
"296","A5","14.75","Argille molto plastiche bentonitiche, grigie con sottili livelli marnosi e sabbiosi e con qualche blocco calcarenitico.","2b","1","Geodaunia","20.4",528653.729,4566527.932,593
"297","A5","14.8","Argille molto plastiche bentonitiche, grigie con sottili livelli marnosi e sabbiosi e con qualche blocco calcarenitico.","2b","1","Geodaunia","20.4",528653.729,4566527.932,593
"298","A5","14.85","Argille molto plastiche bentonitiche, grigie con sottili livelli marnosi e sabbiosi e con qualche blocco calcarenitico.","2b","1","Geodaunia","20.4",528653.729,4566527.932,593
"299","A5","14.9","Argille molto plastiche bentonitiche, grigie con sottili livelli marnosi e sabbiosi e con qualche blocco calcarenitico.","2b","1","Geodaunia","20.4",528653.729,4566527.932,593
"300","A5","14.95","Argille molto plastiche bentonitiche, grigie con sottili livelli marnosi e sabbiosi e con qualche blocco calcarenitico.","2b","1","Geodaunia","20.4",528653.729,4566527.932,593
"301","A5","15","Argille molto plastiche bentonitiche, grigie con sottili livelli marnosi e sabbiosi e con qualche blocco calcarenitico.","2b","1","Geodaunia","20.4",528653.729,4566527.932,593
"302","A5","15.05","Argille molto plastiche bentonitiche, grigie con sottili livelli marnosi e sabbiosi e con qualche blocco calcarenitico.","2b","1","Geodaunia","20.4",528653.729,4566527.932,593
"303","A5","15.1","Argille molto plastiche bentonitiche, grigie con sottili livelli marnosi e sabbiosi e con qualche blocco calcarenitico.","2b","1","Geodaunia","20.4",528653.729,4566527.932,593
"304","A5","15.15","Argille molto plastiche bentonitiche, grigie con sottili livelli marnosi e sabbiosi e con qualche blocco calcarenitico.","2b","1","Geodaunia","20.4",528653.729,4566527.932,593
"305","A5","15.2","Argille molto plastiche bentonitiche, grigie con sottili livelli marnosi e sabbiosi e con qualche blocco calcarenitico.","2b","1","Geodaunia","20.4",528653.729,4566527.932,593
"306","A5","15.25","Argille molto plastiche bentonitiche, grigie con sottili livelli marnosi e sabbiosi e con qualche blocco calcarenitico.","2b","1","Geodaunia","20.4",528653.729,4566527.932,593
"307","A5","15.3","Argille molto plastiche bentonitiche, grigie con sottili livelli marnosi e sabbiosi e con qualche blocco calcarenitico.","2b","1","Geodaunia","20.4",528653.729,4566527.932,593
"308","A5","15.35","Argille molto plastiche bentonitiche, grigie con sottili livelli marnosi e sabbiosi e con qualche blocco calcarenitico.","2b","1","Geodaunia","20.4",528653.729,4566527.932,593
"309","A5","15.4","Argille molto plastiche bentonitiche, grigie con sottili livelli marnosi e sabbiosi e con qualche blocco calcarenitico.","2b","1","Geodaunia","20.4",528653.729,4566527.932,593
"310","A5","15.45","Argille molto plastiche bentonitiche, grigie con sottili livelli marnosi e sabbiosi e con qualche blocco calcarenitico.","2b","1","Geodaunia","20.4",528653.729,4566527.932,593
"311","A5","15.5","Argille molto plastiche bentonitiche, grigie con sottili livelli marnosi e sabbiosi e con qualche blocco calcarenitico.","2b","1","Geodaunia","20.4",528653.729,4566527.932,593
"312","A5","15.55","Argille molto plastiche bentonitiche, grigie con sottili livelli marnosi e sabbiosi e con qualche blocco calcarenitico.","2b","1","Geodaunia","20.4",528653.729,4566527.932,593
"313","A5","15.6","Argille molto plastiche bentonitiche, grigie con sottili livelli marnosi e sabbiosi e con qualche blocco calcarenitico.","2b","1","Geodaunia","20.4",528653.729,4566527.932,593
"314","A5","15.65","Argille molto plastiche bentonitiche, grigie con sottili livelli marnosi e sabbiosi e con qualche blocco calcarenitico.","2b","1","Geodaunia","20.4",528653.729,4566527.932,593
"315","A5","15.7","Argille molto plastiche bentonitiche, grigie con sottili livelli marnosi e sabbiosi e con qualche blocco calcarenitico.","2b","1","Geodaunia","20.4",528653.729,4566527.932,593
"316","A5","15.75","Calcarenite biancastra ed avana (dmax=20cm)","2b","1","Geodaunia","20.4",528653.729,4566527.932,593
"317","A5","15.8","Calcarenite biancastra ed avana (dmax=20cm)","2b","1","Geodaunia","20.4",528653.729,4566527.932,593
"318","A5","15.85","Calcarenite biancastra ed avana (dmax=20cm)","2b","1","Geodaunia","20.4",528653.729,4566527.932,593
"319","A5","15.9","Calcarenite biancastra ed avana (dmax=20cm)","2b","1","Geodaunia","20.4",528653.729,4566527.932,593
"320","A5","15.95","Calcarenite biancastra ed avana (dmax=20cm)","2b","1","Geodaunia","20.4",528653.729,4566527.932,593
"321","A5","16","Calcarenite biancastra ed avana (dmax=20cm)","2b","1","Geodaunia","20.4",528653.729,4566527.932,593
"322","A5","16.05","Calcarenite biancastra ed avana (dmax=20cm)","2b","1","Geodaunia","20.4",528653.729,4566527.932,593
"323","A5","16.1","Calcarenite biancastra ed avana (dmax=20cm)","2b","1","Geodaunia","20.4",528653.729,4566527.932,593
"324","A5","16.15","Calcarenite biancastra ed avana (dmax=20cm)","2b","1","Geodaunia","20.4",528653.729,4566527.932,593
"325","A5","16.2","Calcarenite biancastra ed avana (dmax=20cm)","2b","1","Geodaunia","20.4",528653.729,4566527.932,593
"326","A5","16.25","Calcarenite biancastra ed avana (dmax=20cm)","2b","1","Geodaunia","20.4",528653.729,4566527.932,593
"327","A5","16.3","Calcarenite biancastra ed avana (dmax=20cm)","2b","1","Geodaunia","20.4",528653.729,4566527.932,593
"328","A5","16.35","Calcarenite biancastra ed avana (dmax=20cm)","2b","1","Geodaunia","20.4",528653.729,4566527.932,593
"329","A5","16.4","Calcarenite biancastra ed avana (dmax=20cm)","2b","1","Geodaunia","20.4",528653.729,4566527.932,593
"330","A5","16.45","Calcarenite biancastra ed avana (dmax=20cm)","2b","1","Geodaunia","20.4",528653.729,4566527.932,593
"331","A5","16.5","Calcarenite biancastra ed avana (dmax=20cm)","2b","1","Geodaunia","20.4",528653.729,4566527.932,593
"332","A5","16.55","Calcarenite biancastra ed avana (dmax=20cm)","2b","1","Geodaunia","20.4",528653.729,4566527.932,593
"333","A5","16.6","Calcarenite biancastra ed avana (dmax=20cm)","2b","1","Geodaunia","20.4",528653.729,4566527.932,593
"334","A5","16.65","Calcarenite biancastra ed avana (dmax=20cm)","2b","1","Geodaunia","20.4",528653.729,4566527.932,593
"335","A5","16.7","Calcarenite biancastra ed avana (dmax=20cm)","2b","1","Geodaunia","20.4",528653.729,4566527.932,593
"336","A5","16.75","Calcarenite biancastra ed avana (dmax=20cm)","2b","1","Geodaunia","20.4",528653.729,4566527.932,593
"337","A5","16.8","Calcarenite biancastra ed avana (dmax=20cm)","2b","1","Geodaunia","20.4",528653.729,4566527.932,593
"338","A5","16.85","Calcarenite biancastra ed avana (dmax=20cm)","2b","1","Geodaunia","20.4",528653.729,4566527.932,593
"339","A5","16.9","Calcarenite biancastra ed avana (dmax=20cm)","2b","1","Geodaunia","20.4",528653.729,4566527.932,593
"340","A5","16.95","Calcarenite biancastra ed avana (dmax=20cm)","2b","1","Geodaunia","20.4",528653.729,4566527.932,593
"341","A5","17","Calcarenite biancastra ed avana (dmax=20cm)","2b","1","Geodaunia","20.4",528653.729,4566527.932,593
"342","A5","17.05","Calcarenite biancastra ed avana (dmax=20cm)","2b","1","Geodaunia","20.4",528653.729,4566527.932,593
"343","A5","17.1","Calcarenite biancastra ed avana (dmax=20cm)","2b","1","Geodaunia","20.4",528653.729,4566527.932,593
"344","A5","17.15","Calcarenite biancastra ed avana (dmax=20cm)","2b","1","Geodaunia","20.4",528653.729,4566527.932,593
"345","A5","17.2","Calcarenite biancastra ed avana (dmax=20cm)","2b","1","Geodaunia","20.4",528653.729,4566527.932,593
"346","A5","17.25","Calcarenite biancastra ed avana (dmax=20cm)","2b","1","Geodaunia","20.4",528653.729,4566527.932,593
"347","A5","17.3","Calcarenite biancastra ed avana (dmax=20cm)","2b","1","Geodaunia","20.4",528653.729,4566527.932,593
"348","A5","17.35","Calcarenite biancastra ed avana (dmax=20cm)","2b","1","Geodaunia","20.4",528653.729,4566527.932,593
"349","A5","17.4","Calcarenite biancastra ed avana (dmax=20cm)","2b","1","Geodaunia","20.4",528653.729,4566527.932,593
"350","A5","17.45","Calcarenite biancastra ed avana (dmax=20cm)","2b","1","Geodaunia","20.4",528653.729,4566527.932,593
"351","A5","17.5","Calcarenite biancastra ed avana (dmax=20cm)","2b","1","Geodaunia","20.4",528653.729,4566527.932,593
"352","A5","17.55","Argille ed argilliti a scagliette.","2b","1","Geodaunia","20.4",528653.729,4566527.932,593
"353","A5","17.6","Argille ed argilliti a scagliette.","2b","1","Geodaunia","20.4",528653.729,4566527.932,593
"354","A5","17.65","Argille ed argilliti a scagliette.","2b","1","Geodaunia","20.4",528653.729,4566527.932,593
"355","A5","17.7","Argille ed argilliti a scagliette.","2b","1","Geodaunia","20.4",528653.729,4566527.932,593
"356","A5","17.75","Argille ed argilliti a scagliette.","2b","1","Geodaunia","20.4",528653.729,4566527.932,593
"357","A5","17.8","Argille ed argilliti a scagliette.","2b","1","Geodaunia","20.4",528653.729,4566527.932,593
"358","A5","17.85","Argille ed argilliti a scagliette.","2b","1","Geodaunia","20.4",528653.729,4566527.932,593
"359","A5","17.9","Argille ed argilliti a scagliette.","2b","1","Geodaunia","20.4",528653.729,4566527.932,593
"360","A5","17.95","Argille ed argilliti a scagliette.","2b","1","Geodaunia","20.4",528653.729,4566527.932,593
"361","A5","18","Argille ed argilliti a scagliette.","2b","1","Geodaunia","20.4",528653.729,4566527.932,593
"362","A5","18.05","Argille ed argilliti a scagliette.","2b","1","Geodaunia","20.4",528653.729,4566527.932,593
"363","A5","18.1","Argille ed argilliti a scagliette.","2b","1","Geodaunia","20.4",528653.729,4566527.932,593
"364","A5","18.15","Argille ed argilliti a scagliette.","2b","1","Geodaunia","20.4",528653.729,4566527.932,593
"365","A5","18.2","Argille ed argilliti a scagliette.","2b","1","Geodaunia","20.4",528653.729,4566527.932,593
"366","A5","18.25","Argille ed argilliti a scagliette.","2b","1","Geodaunia","20.4",528653.729,4566527.932,593
"367","A5","18.3","Argille ed argilliti a scagliette.","2b","1","Geodaunia","20.4",528653.729,4566527.932,593
"368","A5","18.35","Argille ed argilliti a scagliette.","2b","1","Geodaunia","20.4",528653.729,4566527.932,593
"369","A5","18.4","Argille ed argilliti a scagliette.","2b","1","Geodaunia","20.4",528653.729,4566527.932,593
"370","A5","18.45","Argille ed argilliti a scagliette.","2b","1","Geodaunia","20.4",528653.729,4566527.932,593
"371","A5","18.5","Argille ed argilliti a scagliette.","2b","1","Geodaunia","20.4",528653.729,4566527.932,593
"372","A5","18.55","Argille ed argilliti a scagliette.","2b","1","Geodaunia","20.4",528653.729,4566527.932,593
"373","A5","18.6","Argille ed argilliti a scagliette.","2b","1","Geodaunia","20.4",528653.729,4566527.932,593
"374","A5","18.65","Argille ed argilliti a scagliette.","2b","1","Geodaunia","20.4",528653.729,4566527.932,593
"375","A5","18.7","Argille ed argilliti a scagliette.","2b","1","Geodaunia","20.4",528653.729,4566527.932,593
"376","A5","18.75","Argille ed argilliti a scagliette.","2b","1","Geodaunia","20.4",528653.729,4566527.932,593
"377","A5","18.8","Argille ed argilliti a scagliette.","2b","1","Geodaunia","20.4",528653.729,4566527.932,593
"378","A5","18.85","Argille ed argilliti a scagliette.","2b","1","Geodaunia","20.4",528653.729,4566527.932,593
"379","A5","18.9","Argille ed argilliti a scagliette.","2b","1","Geodaunia","20.4",528653.729,4566527.932,593
"380","A5","18.95","Argille ed argilliti a scagliette.","2b","1","Geodaunia","20.4",528653.729,4566527.932,593
"381","A5","19","Argille ed argilliti a scagliette.","2b","1","Geodaunia","20.4",528653.729,4566527.932,593
"382","A5","19.05","Argille ed argilliti a scagliette.","2b","1","Geodaunia","20.4",528653.729,4566527.932,593
"383","A5","19.1","Argille ed argilliti a scagliette.","2b","1","Geodaunia","20.4",528653.729,4566527.932,593
"384","A5","19.15","Argille ed argilliti a scagliette.","2b","1","Geodaunia","20.4",528653.729,4566527.932,593
"385","A5","19.2","Argille ed argilliti a scagliette.","2b","1","Geodaunia","20.4",528653.729,4566527.932,593
"386","A5","19.25","Argille ed argilliti a scagliette.","2b","1","Geodaunia","20.4",528653.729,4566527.932,593
"387","A5","19.3","Argille ed argilliti a scagliette.","2b","1","Geodaunia","20.4",528653.729,4566527.932,593
"388","A5","19.35","Argille ed argilliti a scagliette.","2b","1","Geodaunia","20.4",528653.729,4566527.932,593
"389","A5","19.4","Argille ed argilliti a scagliette.","2b","1","Geodaunia","20.4",528653.729,4566527.932,593
"390","A5","19.45","Argille ed argilliti a scagliette.","2b","1","Geodaunia","20.4",528653.729,4566527.932,593
"391","A5","19.5","Argille ed argilliti a scagliette.","2b","1","Geodaunia","20.4",528653.729,4566527.932,593
"392","A5","19.55","Argille ed argilliti a scagliette.","2b","1","Geodaunia","20.4",528653.729,4566527.932,593
"393","A5","19.6","Argille ed argilliti a scagliette.","2b","1","Geodaunia","20.4",528653.729,4566527.932,593
"394","A5","19.65","Argille ed argilliti a scagliette.","2b","1","Geodaunia","20.4",528653.729,4566527.932,593
"395","A5","19.7","Argille ed argilliti a scagliette.","2b","1","Geodaunia","20.4",528653.729,4566527.932,593
"396","A5","19.75","Argille ed argilliti a scagliette.","2b","1","Geodaunia","20.4",528653.729,4566527.932,593
"397","A5","19.8","Argille ed argilliti a scagliette.","2b","1","Geodaunia","20.4",528653.729,4566527.932,593
"398","A5","19.85","Argille ed argilliti a scagliette.","2b","1","Geodaunia","20.4",528653.729,4566527.932,593
"399","A5","19.9","Argille ed argilliti a scagliette.","2b","1","Geodaunia","20.4",528653.729,4566527.932,593
"400","A5","19.95","Argille ed argilliti a scagliette.","2b","1","Geodaunia","20.4",528653.729,4566527.932,593
"401","A5","20","Argille ed argilliti a scagliette.","2b","1","Geodaunia","20.4",528653.729,4566527.932,593
"402","A5","20.05","Calcirudite (dmax=20cm).","2b","1","Geodaunia","20.4",528653.729,4566527.932,593
"403","A5","20.1","Calcirudite (dmax=20cm).","2b","1","Geodaunia","20.4",528653.729,4566527.932,593
"404","A5","20.15","Calcirudite (dmax=20cm).","2b","1","Geodaunia","20.4",528653.729,4566527.932,593
"405","A5","20.2","Calcirudite (dmax=20cm).","2b","1","Geodaunia","20.4",528653.729,4566527.932,593
"406","A5","20.25","Calcirudite (dmax=20cm).","2b","1","Geodaunia","20.4",528653.729,4566527.932,593
"407","A5","20.3","Calcirudite (dmax=20cm).","2b","1","Geodaunia","20.4",528653.729,4566527.932,593
"408","A5","20.35","Calcirudite (dmax=20cm).","2b","1","Geodaunia","20.4",528653.729,4566527.932,593
"409","A5","20.4","Calcirudite (dmax=20cm).","2b","1","Geodaunia","20.4",528653.729,4566527.932,593
"410","A5","20.45","Argille con livelli limosi.","2b","1","Geodaunia","20.4",528653.729,4566527.932,593
"411","A5","20.5","Argille con livelli limosi.","2b","1","Geodaunia","20.4",528653.729,4566527.932,593
"412","A5","20.55","Argille con livelli limosi.","2b","1","Geodaunia","20.4",528653.729,4566527.932,593
"413","A5","20.6","Argille con livelli limosi.","2b","1","Geodaunia","20.4",528653.729,4566527.932,593
"414","A5","20.65","Argille con livelli limosi.","2b","1","Geodaunia","20.4",528653.729,4566527.932,593
"415","A5","20.7","Argille con livelli limosi.","2b","1","Geodaunia","20.4",528653.729,4566527.932,593
"416","A5","20.75","Argille con livelli limosi.","2b","1","Geodaunia","20.4",528653.729,4566527.932,593
"417","A5","20.8","Argille con livelli limosi.","2b","1","Geodaunia","20.4",528653.729,4566527.932,593
"418","A5","20.85","Argille con livelli limosi.","2b","1","Geodaunia","20.4",528653.729,4566527.932,593
"419","A5","20.9","Argille con livelli limosi.","2b","1","Geodaunia","20.4",528653.729,4566527.932,593
"420","A5","20.95","Argille con livelli limosi.","2b","1","Geodaunia","20.4",528653.729,4566527.932,593
"421","A5","21","Argille con livelli limosi.","2b","1","Geodaunia","20.4",528653.729,4566527.932,593
"422","A5","21.05","Argille con livelli limosi.","2b","1","Geodaunia","20.4",528653.729,4566527.932,593
"423","A5","21.1","Argille con livelli limosi.","2b","1","Geodaunia","20.4",528653.729,4566527.932,593
"424","A5","21.15","Argille con livelli limosi.","2b","1","Geodaunia","20.4",528653.729,4566527.932,593
"425","A5","21.2","Argille con livelli limosi.","2b","1","Geodaunia","20.4",528653.729,4566527.932,593
"426","A5","21.25","Argille con livelli limosi.","2b","1","Geodaunia","20.4",528653.729,4566527.932,593
"427","A5","21.3","Argille con livelli limosi.","2b","1","Geodaunia","20.4",528653.729,4566527.932,593
"428","A5","21.35","Calcirudite (dmax = 30 cm)","2b","1","Geodaunia","20.4",528653.729,4566527.932,593
"429","A5","21.4","Calcirudite (dmax = 30 cm)","2b","1","Geodaunia","20.4",528653.729,4566527.932,593
"430","A5","21.45","Calcirudite (dmax = 30 cm)","2b","1","Geodaunia","20.4",528653.729,4566527.932,593
"431","A5","21.5","Calcirudite (dmax = 30 cm)","2b","1","Geodaunia","20.4",528653.729,4566527.932,593
"432","A5","21.55","Calcirudite (dmax = 30 cm)","2b","1","Geodaunia","20.4",528653.729,4566527.932,593
"433","A5","21.6","Calcirudite (dmax = 30 cm)","2b","1","Geodaunia","20.4",528653.729,4566527.932,593
"434","A5","21.65","Calcirudite (dmax = 30 cm)","2b","1","Geodaunia","20.4",528653.729,4566527.932,593
"435","A5","21.7","Calcirudite (dmax = 30 cm)","2b","1","Geodaunia","20.4",528653.729,4566527.932,593
"436","A5","21.75","Calcirudite (dmax = 30 cm)","2b","1","Geodaunia","20.4",528653.729,4566527.932,593
"437","A5","21.8","Calcirudite (dmax = 30 cm)","2b","1","Geodaunia","20.4",528653.729,4566527.932,593
"438","A5","21.85","Calcirudite (dmax = 30 cm)","2b","1","Geodaunia","20.4",528653.729,4566527.932,593
"439","A5","21.9","Calcirudite (dmax = 30 cm)","2b","1","Geodaunia","20.4",528653.729,4566527.932,593
"440","A5","21.95","Calcirudite (dmax = 30 cm)","2b","1","Geodaunia","20.4",528653.729,4566527.932,593
"441","A5","22","Calcirudite (dmax = 30 cm)","2b","1","Geodaunia","20.4",528653.729,4566527.932,593
"442","A5","22.05","Calcirudite (dmax = 30 cm)","2b","1","Geodaunia","20.4",528653.729,4566527.932,593
"443","A5","22.1","Calcirudite (dmax = 30 cm)","2b","1","Geodaunia","20.4",528653.729,4566527.932,593
"444","A5","22.15","Calcirudite (dmax = 30 cm)","2b","1","Geodaunia","20.4",528653.729,4566527.932,593
"445","A5","22.2","Calcirudite (dmax = 30 cm)","2b","1","Geodaunia","20.4",528653.729,4566527.932,593
"446","A5","22.25","Calcirudite (dmax = 30 cm)","2b","1","Geodaunia","20.4",528653.729,4566527.932,593
"447","A5","22.3","Calcirudite (dmax = 30 cm)","2b","1","Geodaunia","20.4",528653.729,4566527.932,593
"448","A5","22.35","Calcirudite (dmax = 30 cm)","2b","1","Geodaunia","20.4",528653.729,4566527.932,593
"449","A5","22.4","Calcirudite (dmax = 30 cm)","2b","1","Geodaunia","20.4",528653.729,4566527.932,593
"450","A5","22.45","Calcirudite (dmax = 30 cm)","2b","1","Geodaunia","20.4",528653.729,4566527.932,593
"451","A5","22.5","Calcirudite (dmax = 30 cm)","2b","1","Geodaunia","20.4",528653.729,4566527.932,593
"452","A5","22.55","Calcirudite (dmax = 30 cm)","2b","1","Geodaunia","20.4",528653.729,4566527.932,593
"453","A5","22.6","Calcirudite (dmax = 30 cm)","2b","1","Geodaunia","20.4",528653.729,4566527.932,593
"454","A5","22.65","Calcirudite (dmax = 30 cm)","2b","1","Geodaunia","20.4",528653.729,4566527.932,593
"455","A5","22.7","Calcirudite (dmax = 30 cm)","2b","1","Geodaunia","20.4",528653.729,4566527.932,593
"456","A5","22.75","Calcirudite (dmax = 30 cm)","2b","1","Geodaunia","20.4",528653.729,4566527.932,593
"457","A5","22.8","Calcirudite (dmax = 30 cm)","2b","1","Geodaunia","20.4",528653.729,4566527.932,593
"458","A5","22.85","Argilliti grigio-verdastre a scagliette.","2b","1","Geodaunia","20.4",528653.729,4566527.932,593
"459","A5","22.9","Argilliti grigio-verdastre a scagliette.","2b","1","Geodaunia","20.4",528653.729,4566527.932,593
"460","A5","22.95","Argilliti grigio-verdastre a scagliette.","2b","1","Geodaunia","20.4",528653.729,4566527.932,593
"461","A5","23","Argilliti grigio-verdastre a scagliette.","2b","1","Geodaunia","20.4",528653.729,4566527.932,593
"462","A5","23.05","Argilliti grigio-verdastre a scagliette.","2b","1","Geodaunia","20.4",528653.729,4566527.932,593
"463","A5","23.1","Argilliti grigio-verdastre a scagliette.","2b","1","Geodaunia","20.4",528653.729,4566527.932,593
"464","A5","23.15","Argilliti grigio-verdastre a scagliette.","2b","1","Geodaunia","20.4",528653.729,4566527.932,593
"465","A5","23.2","Argilliti grigio-verdastre a scagliette.","2b","1","Geodaunia","20.4",528653.729,4566527.932,593
"466","A5","23.25","Argilliti grigio-verdastre a scagliette.","2b","1","Geodaunia","20.4",528653.729,4566527.932,593
"467","A5","23.3","Argilliti grigio-verdastre a scagliette.","2b","1","Geodaunia","20.4",528653.729,4566527.932,593
"468","A5","23.35","Argilliti grigio-verdastre a scagliette.","2b","1","Geodaunia","20.4",528653.729,4566527.932,593
"469","A5","23.4","Argilliti grigio-verdastre a scagliette.","2b","1","Geodaunia","20.4",528653.729,4566527.932,593
"470","A5","23.45","Argilliti grigio-verdastre a scagliette.","2b","1","Geodaunia","20.4",528653.729,4566527.932,593
"471","A5","23.5","Argilliti grigio-verdastre a scagliette.","2b","1","Geodaunia","20.4",528653.729,4566527.932,593
"472","A5","23.55","Argilliti grigio-verdastre a scagliette.","2b","1","Geodaunia","20.4",528653.729,4566527.932,593
"473","A5","23.6","Argilliti grigio-verdastre a scagliette.","2b","1","Geodaunia","20.4",528653.729,4566527.932,593
"474","A5","23.65","Argilliti grigio-verdastre a scagliette.","2b","1","Geodaunia","20.4",528653.729,4566527.932,593
"475","A5","23.7","Argilliti grigio-verdastre a scagliette.","2b","1","Geodaunia","20.4",528653.729,4566527.932,593
"476","A5","23.75","Argilliti grigio-verdastre a scagliette.","2b","1","Geodaunia","20.4",528653.729,4566527.932,593
"477","A5","23.8","Argilliti grigio-verdastre a scagliette.","2b","1","Geodaunia","20.4",528653.729,4566527.932,593
"478","A5","23.85","Argilliti grigio-verdastre a scagliette.","2b","1","Geodaunia","20.4",528653.729,4566527.932,593
"479","A5","23.9","Argilliti grigio-verdastre a scagliette.","2b","1","Geodaunia","20.4",528653.729,4566527.932,593
"480","A5","23.95","Argilliti grigio-verdastre a scagliette.","2b","1","Geodaunia","20.4",528653.729,4566527.932,593
"481","A5","24","Argilliti grigio-verdastre a scagliette.","2b","1","Geodaunia","20.4",528653.729,4566527.932,593
"482","A5","24.05","Argilliti grigio-verdastre a scagliette.","2b","1","Geodaunia","20.4",528653.729,4566527.932,593
"483","A5","24.1","Argilliti grigio-verdastre a scagliette.","2b","1","Geodaunia","20.4",528653.729,4566527.932,593
"484","A5","24.15","Argilliti grigio-verdastre a scagliette.","2b","1","Geodaunia","20.4",528653.729,4566527.932,593
"485","A5","24.2","Argilliti grigio-verdastre a scagliette.","2b","1","Geodaunia","20.4",528653.729,4566527.932,593
"486","A5","24.25","Argilliti grigio-verdastre a scagliette.","2b","1","Geodaunia","20.4",528653.729,4566527.932,593
"487","A5","24.3","Argilliti grigio-verdastre a scagliette.","2b","1","Geodaunia","20.4",528653.729,4566527.932,593
"488","A5","24.35","Argilliti grigio-verdastre a scagliette.","2b","1","Geodaunia","20.4",528653.729,4566527.932,593
"489","A5","24.4","Argilliti grigio-verdastre a scagliette.","2b","1","Geodaunia","20.4",528653.729,4566527.932,593
"490","A5","24.45","Argilliti grigio-verdastre a scagliette.","2b","1","Geodaunia","20.4",528653.729,4566527.932,593
"491","A5","24.5","Argilliti grigio-verdastre a scagliette.","2b","1","Geodaunia","20.4",528653.729,4566527.932,593
"492","A5","24.55","Argilliti grigio-verdastre a scagliette.","2b","1","Geodaunia","20.4",528653.729,4566527.932,593
"493","A5","24.6","Argilliti grigio-verdastre a scagliette.","2b","1","Geodaunia","20.4",528653.729,4566527.932,593
"494","A5","24.65","Argilliti grigio-verdastre a scagliette.","2b","1","Geodaunia","20.4",528653.729,4566527.932,593
"495","A5","24.7","Argilliti grigio-verdastre a scagliette.","2b","1","Geodaunia","20.4",528653.729,4566527.932,593
"496","A5","24.75","Argilliti grigio-verdastre a scagliette.","2b","1","Geodaunia","20.4",528653.729,4566527.932,593
"497","A5","24.8","Argilliti grigio-verdastre a scagliette.","2b","1","Geodaunia","20.4",528653.729,4566527.932,593
"498","A5","24.85","Argilliti grigio-verdastre a scagliette.","2b","1","Geodaunia","20.4",528653.729,4566527.932,593
"499","A5","24.9","Argilliti grigio-verdastre a scagliette.","2b","1","Geodaunia","20.4",528653.729,4566527.932,593
"500","A5","24.95","Argilliti grigio-verdastre a scagliette.","2b","1","Geodaunia","20.4",528653.729,4566527.932,593
"501","A5","25","Argilliti grigio-verdastre a scagliette.","2b","1","Geodaunia","20.4",528653.729,4566527.932,593
"502","A5","25","Argilliti grigio-verdastre a scagliette.","2b","0","Geodaunia","20.4",528653.729,4566527.932,593
"503","A5","25.05","Argilliti grigio-verdastre a scagliette.","2b","0","Geodaunia","20.4",528653.729,4566527.932,593
"504","A5","25.1","Argilliti grigio-verdastre a scagliette.","2b","0","Geodaunia","20.4",528653.729,4566527.932,593
"505","A5","25.15","Argilliti grigio-verdastre a scagliette.","2b","0","Geodaunia","20.4",528653.729,4566527.932,593
"506","A5","25.2","Argilliti grigio-verdastre a scagliette.","2b","0","Geodaunia","20.4",528653.729,4566527.932,593
"507","A5","25.25","Argilliti grigio-verdastre a scagliette.","2b","0","Geodaunia","20.4",528653.729,4566527.932,593
"508","A5","25.3","Argilliti grigio-verdastre a scagliette.","2b","0","Geodaunia","20.4",528653.729,4566527.932,593
"509","A5","25.35","Argilliti grigio-verdastre a scagliette.","2b","0","Geodaunia","20.4",528653.729,4566527.932,593
"510","A5","25.4","Argilliti grigio-verdastre a scagliette.","2b","0","Geodaunia","20.4",528653.729,4566527.932,593
"511","A5","25.45","Argilliti grigio-verdastre a scagliette.","2b","0","Geodaunia","20.4",528653.729,4566527.932,593
"512","A5","25.5","Argilliti grigio-verdastre a scagliette.","2b","0","Geodaunia","20.4",528653.729,4566527.932,593
"513","A5","25.55","Argilliti grigio-verdastre a scagliette.","2b","0","Geodaunia","20.4",528653.729,4566527.932,593
"514","A5","25.6","Argilliti grigio-verdastre a scagliette.","2b","0","Geodaunia","20.4",528653.729,4566527.932,593
"515","A5","25.65","Argilliti grigio-verdastre a scagliette.","2b","0","Geodaunia","20.4",528653.729,4566527.932,593
"516","A5","25.7","Argilliti grigio-verdastre a scagliette.","2b","0","Geodaunia","20.4",528653.729,4566527.932,593
"517","A5","25.75","Argilliti grigio-verdastre a scagliette.","2b","0","Geodaunia","20.4",528653.729,4566527.932,593
"518","A5","25.8","Argilliti grigio-verdastre a scagliette.","2b","0","Geodaunia","20.4",528653.729,4566527.932,593
"519","A5","25.85","Argilliti grigio-verdastre a scagliette.","2b","0","Geodaunia","20.4",528653.729,4566527.932,593
"520","A5","25.9","Argilliti grigio-verdastre a scagliette.","2b","0","Geodaunia","20.4",528653.729,4566527.932,593
"521","A5","25.95","Argilliti grigio-verdastre a scagliette.","2b","0","Geodaunia","20.4",528653.729,4566527.932,593
"522","A5","26","Argilliti grigio-verdastre a scagliette.","2b","0","Geodaunia","20.4",528653.729,4566527.932,593
"523","A5","26.05","Argilliti grigio-verdastre a scagliette.","2b","0","Geodaunia","20.4",528653.729,4566527.932,593
"524","A5","26.1","Argilliti grigio-verdastre a scagliette.","2b","0","Geodaunia","20.4",528653.729,4566527.932,593
"525","A5","26.15","Argilliti grigio-verdastre a scagliette.","2b","0","Geodaunia","20.4",528653.729,4566527.932,593
"526","A5","26.2","Argilliti grigio-verdastre a scagliette.","2b","0","Geodaunia","20.4",528653.729,4566527.932,593
"527","A5","26.25","Argilliti grigio-verdastre a scagliette.","2b","0","Geodaunia","20.4",528653.729,4566527.932,593
"528","A5","26.3","Argilliti grigio-verdastre a scagliette.","2b","0","Geodaunia","20.4",528653.729,4566527.932,593
"529","A5","26.35","Argilliti grigio-verdastre a scagliette.","2b","0","Geodaunia","20.4",528653.729,4566527.932,593
"530","A5","26.4","Argilliti grigio-verdastre a scagliette.","2b","0","Geodaunia","20.4",528653.729,4566527.932,593
"531","A5","26.45","Argilliti grigio-verdastre a scagliette.","2b","0","Geodaunia","20.4",528653.729,4566527.932,593
"532","A5","26.5","Argilliti grigio-verdastre a scagliette.","2b","0","Geodaunia","20.4",528653.729,4566527.932,593
"533","A5","26.55","Argilliti grigio-verdastre a scagliette.","2b","0","Geodaunia","20.4",528653.729,4566527.932,593
"534","A5","26.6","Argilliti grigio-verdastre a scagliette.","2b","0","Geodaunia","20.4",528653.729,4566527.932,593
"535","A5","26.65","Argilliti grigio-verdastre a scagliette.","2b","0","Geodaunia","20.4",528653.729,4566527.932,593
"536","A5","26.7","Argilliti grigio-verdastre a scagliette.","2b","0","Geodaunia","20.4",528653.729,4566527.932,593
"537","A5","26.75","Argilliti grigio-verdastre a scagliette.","2b","0","Geodaunia","20.4",528653.729,4566527.932,593
"538","A5","26.8","Argilliti grigio-verdastre a scagliette.","2b","0","Geodaunia","20.4",528653.729,4566527.932,593
"539","A5","26.85","Argilliti grigio-verdastre a scagliette.","2b","0","Geodaunia","20.4",528653.729,4566527.932,593
"540","A5","26.9","Argilliti grigio-verdastre a scagliette.","2b","0","Geodaunia","20.4",528653.729,4566527.932,593
"541","A5","26.95","Argilliti grigio-verdastre a scagliette.","2b","0","Geodaunia","20.4",528653.729,4566527.932,593
"542","A5","27","Argilliti grigio-verdastre a scagliette.","2b","0","Geodaunia","20.4",528653.729,4566527.932,593
"543","A5","27.05","Argilliti grigio-verdastre a scagliette.","2b","0","Geodaunia","20.4",528653.729,4566527.932,593
"544","A5","27.1","Argilliti grigio-verdastre a scagliette.","2b","0","Geodaunia","20.4",528653.729,4566527.932,593
"545","A5","27.15","Argilliti grigio-verdastre a scagliette.","2b","0","Geodaunia","20.4",528653.729,4566527.932,593
"546","A5","27.2","Argilliti grigio-verdastre a scagliette.","2b","0","Geodaunia","20.4",528653.729,4566527.932,593
"547","A5","27.25","Argilliti grigio-verdastre a scagliette.","2b","0","Geodaunia","20.4",528653.729,4566527.932,593
"548","A5","27.3","Argilliti grigio-verdastre a scagliette.","2b","0","Geodaunia","20.4",528653.729,4566527.932,593
"549","A5","27.35","Argilliti grigio-verdastre a scagliette.","2b","0","Geodaunia","20.4",528653.729,4566527.932,593
"550","A5","27.4","Argilliti grigio-verdastre a scagliette.","2b","0","Geodaunia","20.4",528653.729,4566527.932,593
"551","A5","27.45","Argilliti grigio-verdastre a scagliette.","2b","0","Geodaunia","20.4",528653.729,4566527.932,593
"552","A5","27.5","Argilliti grigio-verdastre a scagliette.","2b","0","Geodaunia","20.4",528653.729,4566527.932,593
"553","A5","27.55","Argilliti grigio-verdastre a scagliette.","2b","0","Geodaunia","20.4",528653.729,4566527.932,593
"554","A5","27.6","Argilliti grigio-verdastre a scagliette.","2b","0","Geodaunia","20.4",528653.729,4566527.932,593
"555","A5","27.65","Argilliti grigio-verdastre a scagliette.","2b","0","Geodaunia","20.4",528653.729,4566527.932,593
"556","A5","27.7","Argilliti grigio-verdastre a scagliette.","2b","0","Geodaunia","20.4",528653.729,4566527.932,593
"557","A5","27.75","Argilliti grigio-verdastre a scagliette.","2b","0","Geodaunia","20.4",528653.729,4566527.932,593
"558","A5","27.8","Argilliti grigio-verdastre a scagliette.","2b","0","Geodaunia","20.4",528653.729,4566527.932,593
"559","A5","27.85","Argilliti grigio-verdastre a scagliette.","2b","0","Geodaunia","20.4",528653.729,4566527.932,593
"560","A5","27.9","Argilliti grigio-verdastre a scagliette.","2b","0","Geodaunia","20.4",528653.729,4566527.932,593
"561","A5","27.95","Argilliti grigio-verdastre a scagliette.","2b","0","Geodaunia","20.4",528653.729,4566527.932,593
"562","A5","28","Argilliti grigio-verdastre a scagliette.","2b","0","Geodaunia","20.4",528653.729,4566527.932,593
"563","A5","28.05","Argilliti grigio-verdastre a scagliette.","2b","0","Geodaunia","20.4",528653.729,4566527.932,593
"564","A5","28.1","Argilliti grigio-verdastre a scagliette.","2b","0","Geodaunia","20.4",528653.729,4566527.932,593
"565","A5","28.15","Argilliti grigio-verdastre a scagliette.","2b","0","Geodaunia","20.4",528653.729,4566527.932,593
"566","A5","28.2","Argilliti grigio-verdastre a scagliette.","2b","0","Geodaunia","20.4",528653.729,4566527.932,593
"567","A5","28.25","Argilliti grigio-verdastre a scagliette.","2b","0","Geodaunia","20.4",528653.729,4566527.932,593
"568","A5","28.3","Argilliti grigio-verdastre a scagliette.","2b","0","Geodaunia","20.4",528653.729,4566527.932,593
"569","A5","28.35","Argilliti grigio-verdastre a scagliette.","2b","0","Geodaunia","20.4",528653.729,4566527.932,593
"570","A5","28.4","Argilliti grigio-verdastre a scagliette.","2b","0","Geodaunia","20.4",528653.729,4566527.932,593
"571","A5","28.45","Argilliti grigio-verdastre a scagliette.","2b","0","Geodaunia","20.4",528653.729,4566527.932,593
"572","A5","28.5","Argilliti grigio-verdastre a scagliette.","2b","0","Geodaunia","20.4",528653.729,4566527.932,593
"573","A5","28.55","Argilliti grigio-verdastre a scagliette.","2b","0","Geodaunia","20.4",528653.729,4566527.932,593
"574","A5","28.6","Argilliti grigio-verdastre a scagliette.","2b","0","Geodaunia","20.4",528653.729,4566527.932,593
"575","A5","28.65","Argilliti grigio-verdastre a scagliette.","2b","0","Geodaunia","20.4",528653.729,4566527.932,593
"576","A5","28.7","Argilliti grigio-verdastre a scagliette.","2b","0","Geodaunia","20.4",528653.729,4566527.932,593
"577","A5","28.75","Argilliti grigio-verdastre a scagliette.","2b","0","Geodaunia","20.4",528653.729,4566527.932,593
"578","A5","28.8","Argilliti grigio-verdastre a scagliette.","2b","0","Geodaunia","20.4",528653.729,4566527.932,593
"579","A5","28.85","Argilliti grigio-verdastre a scagliette.","2b","0","Geodaunia","20.4",528653.729,4566527.932,593
"580","A5","28.9","Argilliti grigio-verdastre a scagliette.","2b","0","Geodaunia","20.4",528653.729,4566527.932,593
"581","A5","28.95","Argilliti grigio-verdastre a scagliette.","2b","0","Geodaunia","20.4",528653.729,4566527.932,593
"582","A5","29","Argilliti grigio-verdastre a scagliette.","2b","0","Geodaunia","20.4",528653.729,4566527.932,593
"583","A5","29.05","Argilliti grigio-verdastre a scagliette.","2b","0","Geodaunia","20.4",528653.729,4566527.932,593
"584","A5","29.1","Argilliti grigio-verdastre a scagliette.","2b","0","Geodaunia","20.4",528653.729,4566527.932,593
"585","A5","29.15","Argilliti grigio-verdastre a scagliette.","2b","0","Geodaunia","20.4",528653.729,4566527.932,593
"586","A5","29.2","Argilliti grigio-verdastre a scagliette.","2b","0","Geodaunia","20.4",528653.729,4566527.932,593
"587","A5","29.25","Argilliti grigio-verdastre a scagliette.","2b","0","Geodaunia","20.4",528653.729,4566527.932,593
"588","A5","29.3","Argilliti grigio-verdastre a scagliette.","2b","0","Geodaunia","20.4",528653.729,4566527.932,593
"589","A5","29.35","Argilliti grigio-verdastre a scagliette.","2b","0","Geodaunia","20.4",528653.729,4566527.932,593
"590","A5","29.4","Argilliti grigio-verdastre a scagliette.","2b","0","Geodaunia","20.4",528653.729,4566527.932,593
"591","A5","29.45","Argilliti grigio-verdastre a scagliette.","2b","0","Geodaunia","20.4",528653.729,4566527.932,593
"592","A5","29.5","Argilliti grigio-verdastre a scagliette.","2b","0","Geodaunia","20.4",528653.729,4566527.932,593
"593","A5","29.55","Argilliti grigio-verdastre a scagliette.","2b","0","Geodaunia","20.4",528653.729,4566527.932,593
"594","A5","29.6","Argilliti grigio-verdastre a scagliette.","2b","0","Geodaunia","20.4",528653.729,4566527.932,593
"595","A5","29.65","Argilliti grigio-verdastre a scagliette.","2b","0","Geodaunia","20.4",528653.729,4566527.932,593
"596","A5","29.7","Argilliti grigio-verdastre a scagliette.","2b","0","Geodaunia","20.4",528653.729,4566527.932,593
"597","A5","29.75","Argilliti grigio-verdastre a scagliette.","2b","0","Geodaunia","20.4",528653.729,4566527.932,593
"598","A5","29.8","Argilliti grigio-verdastre a scagliette.","2b","0","Geodaunia","20.4",528653.729,4566527.932,593
"599","A5","29.85","Argilliti grigio-verdastre a scagliette.","2b","0","Geodaunia","20.4",528653.729,4566527.932,593
"600","A5","29.9","Argilliti grigio-verdastre a scagliette.","2b","0","Geodaunia","20.4",528653.729,4566527.932,593
"601","A5","29.95","Argilliti grigio-verdastre a scagliette.","2b","0","Geodaunia","20.4",528653.729,4566527.932,593
"602","A5","30","Argilliti grigio-verdastre a scagliette.","2b","0","Geodaunia","20.4",528653.729,4566527.932,593
"603","A5","30.05","Argilliti grigio-verdastre a scagliette.","2b","0","Geodaunia","20.4",528653.729,4566527.932,593
"604","A5","30.1","Argilliti grigio-verdastre a scagliette.","2b","0","Geodaunia","20.4",528653.729,4566527.932,593
"605","A5","30.15","Argilliti grigio-verdastre a scagliette.","2b","0","Geodaunia","20.4",528653.729,4566527.932,593
"606","A5","30.2","Argilliti grigio-verdastre a scagliette.","2b","0","Geodaunia","20.4",528653.729,4566527.932,593
"607","A5","30.25","Argilliti grigio-verdastre a scagliette.","2b","0","Geodaunia","20.4",528653.729,4566527.932,593
"608","A5","30.3","Argilliti grigio-verdastre a scagliette.","2b","0","Geodaunia","20.4",528653.729,4566527.932,593
"609","A5","30.35","Argilliti grigio-verdastre a scagliette.","2b","0","Geodaunia","20.4",528653.729,4566527.932,593
"610","A5","30.4","Argilliti grigio-verdastre a scagliette.","2b","0","Geodaunia","20.4",528653.729,4566527.932,593
"611","A5","30.45","Argilliti grigio-verdastre a scagliette.","2b","0","Geodaunia","20.4",528653.729,4566527.932,593
"612","A5","30.5","Argilliti grigio-verdastre a scagliette.","2b","0","Geodaunia","20.4",528653.729,4566527.932,593
"613","A5","30.55","Argilliti grigio-verdastre a scagliette.","2b","0","Geodaunia","20.4",528653.729,4566527.932,593
"614","A5","30.6","Argilliti grigio-verdastre a scagliette.","2b","0","Geodaunia","20.4",528653.729,4566527.932,593
"615","A5","30.65","Argilliti grigio-verdastre a scagliette.","2b","0","Geodaunia","20.4",528653.729,4566527.932,593
"616","A5","30.7","Argilliti grigio-verdastre a scagliette.","2b","0","Geodaunia","20.4",528653.729,4566527.932,593
"617","A5","30.75","Argilliti grigio-verdastre a scagliette.","2b","0","Geodaunia","20.4",528653.729,4566527.932,593
"618","A5","30.8","Argilliti grigio-verdastre a scagliette.","2b","0","Geodaunia","20.4",528653.729,4566527.932,593
"619","A5","30.85","Argilliti grigio-verdastre a scagliette.","2b","0","Geodaunia","20.4",528653.729,4566527.932,593
"620","A5","30.9","Argilliti grigio-verdastre a scagliette.","2b","0","Geodaunia","20.4",528653.729,4566527.932,593
"621","A5","30.95","Argilliti grigio-verdastre a scagliette.","2b","0","Geodaunia","20.4",528653.729,4566527.932,593
"622","A5","31","Argilliti grigio-verdastre a scagliette.","2b","0","Geodaunia","20.4",528653.729,4566527.932,593
"623","A5","31.05","Argilliti grigio-verdastre a scagliette.","2b","0","Geodaunia","20.4",528653.729,4566527.932,593
"624","A5","31.1","Argilliti grigio-verdastre a scagliette.","2b","0","Geodaunia","20.4",528653.729,4566527.932,593
"625","A5","31.15","Argilliti grigio-verdastre a scagliette.","2b","0","Geodaunia","20.4",528653.729,4566527.932,593
"626","A5","31.2","Argilliti grigio-verdastre a scagliette.","2b","0","Geodaunia","20.4",528653.729,4566527.932,593
"627","A5","31.25","Argilliti grigio-verdastre a scagliette.","2b","0","Geodaunia","20.4",528653.729,4566527.932,593
"628","A5","31.3","Argilliti grigio-verdastre a scagliette.","2b","0","Geodaunia","20.4",528653.729,4566527.932,593
"629","A5","31.35","Argilliti grigio-verdastre a scagliette.","2b","0","Geodaunia","20.4",528653.729,4566527.932,593
"630","A5","31.4","Argilliti grigio-verdastre a scagliette.","2b","0","Geodaunia","20.4",528653.729,4566527.932,593
"631","A5","31.45","Argilliti grigio-verdastre a scagliette.","2b","0","Geodaunia","20.4",528653.729,4566527.932,593
"632","A5","31.5","Argilliti grigio-verdastre a scagliette.","2b","0","Geodaunia","20.4",528653.729,4566527.932,593
"633","A5","31.55","Argilliti grigio-verdastre a scagliette.","2b","0","Geodaunia","20.4",528653.729,4566527.932,593
"634","A5","31.6","Argilliti grigio-verdastre a scagliette.","2b","0","Geodaunia","20.4",528653.729,4566527.932,593
"635","A5","31.65","Argilliti grigio-verdastre a scagliette.","2b","0","Geodaunia","20.4",528653.729,4566527.932,593
"636","A5","31.7","Argilliti grigio-verdastre a scagliette.","2b","0","Geodaunia","20.4",528653.729,4566527.932,593
"637","A5","31.75","Argilliti grigio-verdastre a scagliette.","2b","0","Geodaunia","20.4",528653.729,4566527.932,593
"638","A5","31.8","Argilliti grigio-verdastre a scagliette.","2b","0","Geodaunia","20.4",528653.729,4566527.932,593
"639","A5","31.85","Argilliti grigio-verdastre a scagliette.","2b","0","Geodaunia","20.4",528653.729,4566527.932,593
"640","A5","31.9","Argilliti grigio-verdastre a scagliette.","2b","0","Geodaunia","20.4",528653.729,4566527.932,593
"641","A5","31.95","Argilliti grigio-verdastre a scagliette.","2b","0","Geodaunia","20.4",528653.729,4566527.932,593
"642","A5","32","Argilliti grigio-verdastre a scagliette.","2b","0","Geodaunia","20.4",528653.729,4566527.932,593
"643","A5","32.05","Argilliti grigio-verdastre a scagliette.","2b","0","Geodaunia","20.4",528653.729,4566527.932,593
"644","A5","32.1","Argilliti grigio-verdastre a scagliette.","2b","0","Geodaunia","20.4",528653.729,4566527.932,593
"645","A5","32.15","Argilliti grigio-verdastre a scagliette.","2b","0","Geodaunia","20.4",528653.729,4566527.932,593
"646","A5","32.2","Argilliti grigio-verdastre a scagliette.","2b","0","Geodaunia","20.4",528653.729,4566527.932,593
"647","A5","32.25","Argilliti grigio-verdastre a scagliette.","2b","0","Geodaunia","20.4",528653.729,4566527.932,593
"648","A5","32.3","Argilliti grigio-verdastre a scagliette.","2b","0","Geodaunia","20.4",528653.729,4566527.932,593
"649","A5","32.35","Argilliti grigio-verdastre a scagliette.","2b","0","Geodaunia","20.4",528653.729,4566527.932,593
"650","A5","32.4","Argilliti grigio-verdastre a scagliette.","2b","0","Geodaunia","20.4",528653.729,4566527.932,593
"651","A5","32.45","Argilliti grigio-verdastre a scagliette.","2b","0","Geodaunia","20.4",528653.729,4566527.932,593
"652","A5","32.5","Argilliti grigio-verdastre a scagliette.","2b","0","Geodaunia","20.4",528653.729,4566527.932,593
"653","A5","32.55","Argilliti grigio-verdastre a scagliette.","2b","0","Geodaunia","20.4",528653.729,4566527.932,593
"654","A5","32.6","Argilliti grigio-verdastre a scagliette.","2b","0","Geodaunia","20.4",528653.729,4566527.932,593
"655","A5","32.65","Argilliti grigio-verdastre a scagliette.","2b","0","Geodaunia","20.4",528653.729,4566527.932,593
"656","A5","32.7","Argilliti grigio-verdastre a scagliette.","2b","0","Geodaunia","20.4",528653.729,4566527.932,593
"657","A5","32.75","Argilliti grigio-verdastre a scagliette.","2b","0","Geodaunia","20.4",528653.729,4566527.932,593
"658","A5","32.8","Argilliti grigio-verdastre a scagliette.","2b","0","Geodaunia","20.4",528653.729,4566527.932,593
"659","A5","32.85","Argilliti grigio-verdastre a scagliette.","2b","0","Geodaunia","20.4",528653.729,4566527.932,593
"660","A5","32.9","Argilliti grigio-verdastre a scagliette.","2b","0","Geodaunia","20.4",528653.729,4566527.932,593
"661","A5","32.95","Argilliti grigio-verdastre a scagliette.","2b","0","Geodaunia","20.4",528653.729,4566527.932,593
"662","A5","33","Argilliti grigio-verdastre a scagliette.","2b","0","Geodaunia","20.4",528653.729,4566527.932,593
"663","A5","33.05","Argilliti grigio-verdastre a scagliette.","2b","0","Geodaunia","20.4",528653.729,4566527.932,593
"664","A5","33.1","Argilliti grigio-verdastre a scagliette.","2b","0","Geodaunia","20.4",528653.729,4566527.932,593
"665","A5","33.15","Argilliti grigio-verdastre a scagliette.","2b","0","Geodaunia","20.4",528653.729,4566527.932,593
"666","A5","33.2","Argilliti grigio-verdastre a scagliette.","2b","0","Geodaunia","20.4",528653.729,4566527.932,593
"667","A5","33.25","Argilliti grigio-verdastre a scagliette.","2b","0","Geodaunia","20.4",528653.729,4566527.932,593
"668","A5","33.3","Argilliti grigio-verdastre a scagliette.","2b","0","Geodaunia","20.4",528653.729,4566527.932,593
"669","A5","33.35","Argilliti grigio-verdastre a scagliette.","2b","0","Geodaunia","20.4",528653.729,4566527.932,593
"670","A5","33.4","Argilliti grigio-verdastre a scagliette.","2b","0","Geodaunia","20.4",528653.729,4566527.932,593
"671","A5","33.45","Argilliti grigio-verdastre a scagliette.","2b","0","Geodaunia","20.4",528653.729,4566527.932,593
"672","A5","33.5","Argilliti grigio-verdastre a scagliette.","2b","0","Geodaunia","20.4",528653.729,4566527.932,593
"673","A5","33.55","Argilliti grigio-verdastre a scagliette.","2b","0","Geodaunia","20.4",528653.729,4566527.932,593
"674","A5","33.6","Argilliti grigio-verdastre a scagliette.","2b","0","Geodaunia","20.4",528653.729,4566527.932,593
"675","A5","33.65","Argilliti grigio-verdastre a scagliette.","2b","0","Geodaunia","20.4",528653.729,4566527.932,593
"676","A5","33.7","Argilliti grigio-verdastre a scagliette.","2b","0","Geodaunia","20.4",528653.729,4566527.932,593
"677","A5","33.75","Argilliti grigio-verdastre a scagliette.","2b","0","Geodaunia","20.4",528653.729,4566527.932,593
"678","A5","33.8","Argilliti grigio-verdastre a scagliette.","2b","0","Geodaunia","20.4",528653.729,4566527.932,593
"679","A5","33.85","Argilliti grigio-verdastre a scagliette.","2b","0","Geodaunia","20.4",528653.729,4566527.932,593
"680","A5","33.9","Argilliti grigio-verdastre a scagliette.","2b","0","Geodaunia","20.4",528653.729,4566527.932,593
"681","A5","33.95","Argilliti grigio-verdastre a scagliette.","2b","0","Geodaunia","20.4",528653.729,4566527.932,593
"682","A5","34","Argilliti grigio-verdastre a scagliette.","2b","0","Geodaunia","20.4",528653.729,4566527.932,593
"683","A5","34.05","Argilliti grigio-verdastre a scagliette.","2b","0","Geodaunia","20.4",528653.729,4566527.932,593
"684","A5","34.1","Argilliti grigio-verdastre a scagliette.","2b","0","Geodaunia","20.4",528653.729,4566527.932,593
"685","A5","34.15","Argilliti grigio-verdastre a scagliette.","2b","0","Geodaunia","20.4",528653.729,4566527.932,593
"686","A5","34.2","Argilliti grigio-verdastre a scagliette.","2b","0","Geodaunia","20.4",528653.729,4566527.932,593
"687","A5","34.25","Argilliti grigio-verdastre a scagliette.","2b","0","Geodaunia","20.4",528653.729,4566527.932,593
"688","A5","34.3","Argilliti grigio-verdastre a scagliette.","2b","0","Geodaunia","20.4",528653.729,4566527.932,593
"689","A5","34.35","Argilliti grigio-verdastre a scagliette.","2b","0","Geodaunia","20.4",528653.729,4566527.932,593
"690","A5","34.4","Argilliti grigio-verdastre a scagliette.","2b","0","Geodaunia","20.4",528653.729,4566527.932,593
"691","A5","34.45","Argilliti grigio-verdastre a scagliette.","2b","0","Geodaunia","20.4",528653.729,4566527.932,593
"692","A5","34.5","Argilliti grigio-verdastre a scagliette.","2b","0","Geodaunia","20.4",528653.729,4566527.932,593
"693","A5","34.55","Argilliti grigio-verdastre a scagliette.","2b","0","Geodaunia","20.4",528653.729,4566527.932,593
"694","A5","34.6","Argilliti grigio-verdastre a scagliette.","2b","0","Geodaunia","20.4",528653.729,4566527.932,593
"695","A5","34.65","Argilliti grigio-verdastre a scagliette.","2b","0","Geodaunia","20.4",528653.729,4566527.932,593
"696","A5","34.7","Argilliti grigio-verdastre a scagliette.","2b","0","Geodaunia","20.4",528653.729,4566527.932,593
"697","A5","34.75","Argilliti grigio-verdastre a scagliette.","2b","0","Geodaunia","20.4",528653.729,4566527.932,593
"698","A5","34.8","Argilliti grigio-verdastre a scagliette.","2b","0","Geodaunia","20.4",528653.729,4566527.932,593
"699","A5","34.85","Argilliti grigio-verdastre a scagliette.","2b","0","Geodaunia","20.4",528653.729,4566527.932,593
"700","A5","34.9","Argilliti grigio-verdastre a scagliette.","2b","0","Geodaunia","20.4",528653.729,4566527.932,593
"701","A5","34.95","Argilliti grigio-verdastre a scagliette.","2b","0","Geodaunia","20.4",528653.729,4566527.932,593
"702","A5","35","Argilliti grigio-verdastre a scagliette.","2b","0","Geodaunia","20.4",528653.729,4566527.932,593
"703","A5","35.05","Argilliti grigio-verdastre a scagliette.","2b","0","Geodaunia","20.4",528653.729,4566527.932,593
"704","A5","35.1","Argilliti grigio-verdastre a scagliette.","2b","0","Geodaunia","20.4",528653.729,4566527.932,593
"705","A5","35.15","Argilliti grigio-verdastre a scagliette.","2b","0","Geodaunia","20.4",528653.729,4566527.932,593
"706","A5","35.2","Argilliti grigio-verdastre a scagliette.","2b","0","Geodaunia","20.4",528653.729,4566527.932,593
"707","A5","35.25","Argilliti grigio-verdastre a scagliette.","2b","0","Geodaunia","20.4",528653.729,4566527.932,593
"708","A5","35.3","Argilliti grigio-verdastre a scagliette.","2b","0","Geodaunia","20.4",528653.729,4566527.932,593
"709","A5","35.35","Argilliti grigio-verdastre a scagliette.","2b","0","Geodaunia","20.4",528653.729,4566527.932,593
"710","A5","35.4","Argilliti grigio-verdastre a scagliette.","2b","0","Geodaunia","20.4",528653.729,4566527.932,593
"711","A5","35.45","Argilliti grigio-verdastre a scagliette.","2b","0","Geodaunia","20.4",528653.729,4566527.932,593
"712","A5","35.5","Argilliti grigio-verdastre a scagliette.","2b","0","Geodaunia","20.4",528653.729,4566527.932,593
"713","A5","35.55","Argilliti grigio-verdastre a scagliette.","2b","0","Geodaunia","20.4",528653.729,4566527.932,593
"714","A5","35.6","Argilliti grigio-verdastre a scagliette.","2b","0","Geodaunia","20.4",528653.729,4566527.932,593
"715","A5","35.65","Argilliti grigio-verdastre a scagliette.","2b","0","Geodaunia","20.4",528653.729,4566527.932,593
"716","A5","35.7","Argilliti grigio-verdastre a scagliette.","2b","0","Geodaunia","20.4",528653.729,4566527.932,593
"717","A5","35.75","Argilliti grigio-verdastre a scagliette.","2b","0","Geodaunia","20.4",528653.729,4566527.932,593
"718","A5","35.8","Argilliti grigio-verdastre a scagliette.","2b","0","Geodaunia","20.4",528653.729,4566527.932,593
"719","A5","35.85","Argilliti grigio-verdastre a scagliette.","2b","0","Geodaunia","20.4",528653.729,4566527.932,593
"720","A5","35.9","Argilliti grigio-verdastre a scagliette.","2b","0","Geodaunia","20.4",528653.729,4566527.932,593
"721","A5","35.95","Argilliti grigio-verdastre a scagliette.","2b","0","Geodaunia","20.4",528653.729,4566527.932,593
"722","A5","36","Argilliti grigio-verdastre a scagliette.","2b","0","Geodaunia","20.4",528653.729,4566527.932,593
"723","A5","36.05","Argilliti grigio-verdastre a scagliette.","2b","0","Geodaunia","20.4",528653.729,4566527.932,593
"724","A5","36.1","Argilliti grigio-verdastre a scagliette.","2b","0","Geodaunia","20.4",528653.729,4566527.932,593
"725","A5","36.15","Argilliti grigio-verdastre a scagliette.","2b","0","Geodaunia","20.4",528653.729,4566527.932,593
"726","A5","36.2","Argilliti grigio-verdastre a scagliette.","2b","0","Geodaunia","20.4",528653.729,4566527.932,593
"727","A5","36.25","Argilliti grigio-verdastre a scagliette.","2b","0","Geodaunia","20.4",528653.729,4566527.932,593
"728","A5","36.3","Argilliti grigio-verdastre a scagliette.","2b","0","Geodaunia","20.4",528653.729,4566527.932,593
"729","A5","36.35","Argilliti grigio-verdastre a scagliette.","2b","0","Geodaunia","20.4",528653.729,4566527.932,593
"730","A5","36.4","Argilliti grigio-verdastre a scagliette.","2b","0","Geodaunia","20.4",528653.729,4566527.932,593
"731","A5","36.45","Argilliti grigio-verdastre a scagliette.","2b","0","Geodaunia","20.4",528653.729,4566527.932,593
"732","A5","36.5","Argilliti grigio-verdastre a scagliette.","2b","0","Geodaunia","20.4",528653.729,4566527.932,593
"733","A5","36.55","Argilliti grigio-verdastre a scagliette.","2b","0","Geodaunia","20.4",528653.729,4566527.932,593
"734","A5","36.6","Argilliti grigio-verdastre a scagliette.","2b","0","Geodaunia","20.4",528653.729,4566527.932,593
"735","A5","36.65","Argilliti grigio-verdastre a scagliette.","2b","0","Geodaunia","20.4",528653.729,4566527.932,593
"736","A5","36.7","Argilliti grigio-verdastre a scagliette.","2b","0","Geodaunia","20.4",528653.729,4566527.932,593
"737","A5","36.75","Argilliti grigio-verdastre a scagliette.","2b","0","Geodaunia","20.4",528653.729,4566527.932,593
"738","A5","36.8","Argilliti grigio-verdastre a scagliette.","2b","0","Geodaunia","20.4",528653.729,4566527.932,593
"739","A5","36.85","Argilliti grigio-verdastre a scagliette.","2b","0","Geodaunia","20.4",528653.729,4566527.932,593
"740","A5","36.9","Argilliti grigio-verdastre a scagliette.","2b","0","Geodaunia","20.4",528653.729,4566527.932,593
"741","A5","36.95","Argilliti grigio-verdastre a scagliette.","2b","0","Geodaunia","20.4",528653.729,4566527.932,593
"742","A5","37","Argilliti grigio-verdastre a scagliette.","2b","0","Geodaunia","20.4",528653.729,4566527.932,593
"743","A5","37.05","Argilliti grigio-verdastre a scagliette.","2b","0","Geodaunia","20.4",528653.729,4566527.932,593
"744","A5","37.1","Argilliti grigio-verdastre a scagliette.","2b","0","Geodaunia","20.4",528653.729,4566527.932,593
"745","A5","37.15","Argilliti grigio-verdastre a scagliette.","2b","0","Geodaunia","20.4",528653.729,4566527.932,593
"746","A5","37.2","Argilliti grigio-verdastre a scagliette.","2b","0","Geodaunia","20.4",528653.729,4566527.932,593
"747","A5","37.25","Argilliti grigio-verdastre a scagliette.","2b","0","Geodaunia","20.4",528653.729,4566527.932,593
"748","A5","37.3","Argilliti grigio-verdastre a scagliette.","2b","0","Geodaunia","20.4",528653.729,4566527.932,593
"749","A5","37.35","Argilliti grigio-verdastre a scagliette.","2b","0","Geodaunia","20.4",528653.729,4566527.932,593
"750","A5","37.4","Argilliti grigio-verdastre a scagliette.","2b","0","Geodaunia","20.4",528653.729,4566527.932,593
"751","A5","37.45","Argilliti grigio-verdastre a scagliette.","2b","0","Geodaunia","20.4",528653.729,4566527.932,593
"752","A5","37.5","Argilliti grigio-verdastre a scagliette.","2b","0","Geodaunia","20.4",528653.729,4566527.932,593
"753","A5","37.55","Argilliti grigio-verdastre a scagliette.","2b","0","Geodaunia","20.4",528653.729,4566527.932,593
"754","A5","37.6","Argilliti grigio-verdastre a scagliette.","2b","0","Geodaunia","20.4",528653.729,4566527.932,593
"755","A5","37.65","Argilliti grigio-verdastre a scagliette.","2b","0","Geodaunia","20.4",528653.729,4566527.932,593
"756","A5","37.7","Argilliti grigio-verdastre a scagliette.","2b","0","Geodaunia","20.4",528653.729,4566527.932,593
"757","A5","37.75","Argilliti grigio-verdastre a scagliette.","2b","0","Geodaunia","20.4",528653.729,4566527.932,593
"758","A5","37.8","Argilliti grigio-verdastre a scagliette.","2b","0","Geodaunia","20.4",528653.729,4566527.932,593
"759","A5","37.85","Argilliti grigio-verdastre a scagliette.","2b","0","Geodaunia","20.4",528653.729,4566527.932,593
"760","A5","37.9","Argilliti grigio-verdastre a scagliette.","2b","0","Geodaunia","20.4",528653.729,4566527.932,593
"761","A5","37.95","Argilliti grigio-verdastre a scagliette.","2b","0","Geodaunia","20.4",528653.729,4566527.932,593
"762","A5","38","Argilliti grigio-verdastre a scagliette.","2b","0","Geodaunia","20.4",528653.729,4566527.932,593
"763","A5","38.05","Argilliti grigio-verdastre a scagliette.","2b","0","Geodaunia","20.4",528653.729,4566527.932,593
"764","A5","38.1","Argilliti grigio-verdastre a scagliette.","2b","0","Geodaunia","20.4",528653.729,4566527.932,593
"765","A5","38.15","Argilliti grigio-verdastre a scagliette.","2b","0","Geodaunia","20.4",528653.729,4566527.932,593
"766","A5","38.2","Argilliti grigio-verdastre a scagliette.","2b","0","Geodaunia","20.4",528653.729,4566527.932,593
"767","A5","38.25","Argilliti grigio-verdastre a scagliette.","2b","0","Geodaunia","20.4",528653.729,4566527.932,593
"768","A5","38.3","Argilliti grigio-verdastre a scagliette.","2b","0","Geodaunia","20.4",528653.729,4566527.932,593
"769","A5","38.35","Argilliti grigio-verdastre a scagliette.","2b","0","Geodaunia","20.4",528653.729,4566527.932,593
"770","A5","38.4","Argilliti grigio-verdastre a scagliette.","2b","0","Geodaunia","20.4",528653.729,4566527.932,593
"771","A5","38.45","Argilliti grigio-verdastre a scagliette.","2b","0","Geodaunia","20.4",528653.729,4566527.932,593
"772","A5","38.5","Argilliti grigio-verdastre a scagliette.","2b","0","Geodaunia","20.4",528653.729,4566527.932,593
"773","A5","38.55","Argilliti grigio-verdastre a scagliette.","2b","0","Geodaunia","20.4",528653.729,4566527.932,593
"774","A5","38.6","Argilliti grigio-verdastre a scagliette.","2b","0","Geodaunia","20.4",528653.729,4566527.932,593
"775","A5","38.65","Argilliti grigio-verdastre a scagliette.","2b","0","Geodaunia","20.4",528653.729,4566527.932,593
"776","A5","38.7","Argilliti grigio-verdastre a scagliette.","2b","0","Geodaunia","20.4",528653.729,4566527.932,593
"777","A5","38.75","Argilliti grigio-verdastre a scagliette.","2b","0","Geodaunia","20.4",528653.729,4566527.932,593
"778","A5","38.8","Argilliti grigio-verdastre a scagliette.","2b","0","Geodaunia","20.4",528653.729,4566527.932,593
"779","A5","38.85","Argilliti grigio-verdastre a scagliette.","2b","0","Geodaunia","20.4",528653.729,4566527.932,593
"780","A5","38.9","Argilliti grigio-verdastre a scagliette.","2b","0","Geodaunia","20.4",528653.729,4566527.932,593
"781","A5","38.95","Argilliti grigio-verdastre a scagliette.","2b","0","Geodaunia","20.4",528653.729,4566527.932,593
"782","A5","39","Argilliti grigio-verdastre a scagliette.","2b","0","Geodaunia","20.4",528653.729,4566527.932,593
"783","A5","39.05","Argilliti grigio-verdastre a scagliette.","2b","0","Geodaunia","20.4",528653.729,4566527.932,593
"784","A5","39.1","Argilliti grigio-verdastre a scagliette.","2b","0","Geodaunia","20.4",528653.729,4566527.932,593
"785","A5","39.15","Argilliti grigio-verdastre a scagliette.","2b","0","Geodaunia","20.4",528653.729,4566527.932,593
"786","A5","39.2","Argilliti grigio-verdastre a scagliette.","2b","0","Geodaunia","20.4",528653.729,4566527.932,593
"787","A5","39.25","Argilliti grigio-verdastre a scagliette.","2b","0","Geodaunia","20.4",528653.729,4566527.932,593
"788","A5","39.3","Argilliti grigio-verdastre a scagliette.","2b","0","Geodaunia","20.4",528653.729,4566527.932,593
"789","A5","39.35","Argilliti grigio-verdastre a scagliette.","2b","0","Geodaunia","20.4",528653.729,4566527.932,593
"790","A5","39.4","Argilliti grigio-verdastre a scagliette.","2b","0","Geodaunia","20.4",528653.729,4566527.932,593
"791","A5","39.45","Argilliti grigio-verdastre a scagliette.","2b","0","Geodaunia","20.4",528653.729,4566527.932,593
"792","A5","39.5","Argilliti grigio-verdastre a scagliette.","2b","0","Geodaunia","20.4",528653.729,4566527.932,593
"793","A5","39.55","Argilliti grigio-verdastre a scagliette.","2b","0","Geodaunia","20.4",528653.729,4566527.932,593
"794","A5","39.6","Argilliti grigio-verdastre a scagliette.","2b","0","Geodaunia","20.4",528653.729,4566527.932,593
"795","A5","39.65","Argilliti grigio-verdastre a scagliette.","2b","0","Geodaunia","20.4",528653.729,4566527.932,593
"796","A5","39.7","Argilliti grigio-verdastre a scagliette.","2b","0","Geodaunia","20.4",528653.729,4566527.932,593
"797","A5","39.75","Argilliti grigio-verdastre a scagliette.","2b","0","Geodaunia","20.4",528653.729,4566527.932,593
"798","A5","39.8","Argilliti grigio-verdastre a scagliette.","2b","0","Geodaunia","20.4",528653.729,4566527.932,593
"799","A5","39.85","Argilliti grigio-verdastre a scagliette.","2b","0","Geodaunia","20.4",528653.729,4566527.932,593
"800","A5","39.9","Argilliti grigio-verdastre a scagliette.","2b","0","Geodaunia","20.4",528653.729,4566527.932,593
"801","A5","39.95","Argilliti grigio-verdastre a scagliette.","2b","0","Geodaunia","20.4",528653.729,4566527.932,593
"802","A5","40","Argilliti grigio-verdastre a scagliette.","2b","0","Geodaunia","20.4",528653.729,4566527.932,593
"803","A5","40.05","Argilliti grigio-verdastre a scagliette.","2b","0","Geodaunia","20.4",528653.729,4566527.932,593
"804","A5","40.1","Argilliti grigio-verdastre a scagliette.","2b","0","Geodaunia","20.4",528653.729,4566527.932,593
"805","A5","40.15","Argilliti grigio-verdastre a scagliette.","2b","0","Geodaunia","20.4",528653.729,4566527.932,593
"806","A5","40.2","Argilliti grigio-verdastre a scagliette.","2b","0","Geodaunia","20.4",528653.729,4566527.932,593
"807","A5","40.25","Argilliti grigio-verdastre a scagliette.","2b","0","Geodaunia","20.4",528653.729,4566527.932,593
"808","A5","40.3","Argilliti grigio-verdastre a scagliette.","2b","0","Geodaunia","20.4",528653.729,4566527.932,593
"809","A5","40.35","Argilliti grigio-verdastre a scagliette.","2b","0","Geodaunia","20.4",528653.729,4566527.932,593
"810","A5","40.4","Argilliti grigio-verdastre a scagliette.","2b","0","Geodaunia","20.4",528653.729,4566527.932,593
"811","A5","40.45","Argilliti grigio-verdastre a scagliette.","2b","0","Geodaunia","20.4",528653.729,4566527.932,593
"812","A5","40.5","Argilliti grigio-verdastre a scagliette.","2b","0","Geodaunia","20.4",528653.729,4566527.932,593
"813","A5","40.55","Argilliti grigio-verdastre a scagliette.","2b","0","Geodaunia","20.4",528653.729,4566527.932,593
"814","A5","40.6","Argilliti grigio-verdastre a scagliette.","2b","0","Geodaunia","20.4",528653.729,4566527.932,593
"815","A5","40.65","Argilliti grigio-verdastre a scagliette.","2b","0","Geodaunia","20.4",528653.729,4566527.932,593
"816","A5","40.7","Argilliti grigio-verdastre a scagliette.","2b","0","Geodaunia","20.4",528653.729,4566527.932,593
"817","A5","40.75","Argilliti grigio-verdastre a scagliette.","2b","0","Geodaunia","20.4",528653.729,4566527.932,593
"818","A5","40.8","Argilliti grigio-verdastre a scagliette.","2b","0","Geodaunia","20.4",528653.729,4566527.932,593
"819","A5","40.85","Argilliti grigio-verdastre a scagliette.","2b","0","Geodaunia","20.4",528653.729,4566527.932,593
"820","A5","40.9","Argilliti grigio-verdastre a scagliette.","2b","0","Geodaunia","20.4",528653.729,4566527.932,593
"821","A5","40.95","Argilliti grigio-verdastre a scagliette.","2b","0","Geodaunia","20.4",528653.729,4566527.932,593
"822","A5","41","Argilliti grigio-verdastre a scagliette.","2b","0","Geodaunia","20.4",528653.729,4566527.932,593
"823","A5","41.05","Argilliti grigio-verdastre a scagliette.","2b","0","Geodaunia","20.4",528653.729,4566527.932,593
"824","A5","41.1","Argilliti grigio-verdastre a scagliette.","2b","0","Geodaunia","20.4",528653.729,4566527.932,593
"825","A5","41.15","Argilliti grigio-verdastre a scagliette.","2b","0","Geodaunia","20.4",528653.729,4566527.932,593
"826","A5","41.2","Argilliti grigio-verdastre a scagliette.","2b","0","Geodaunia","20.4",528653.729,4566527.932,593
"827","A5","41.25","Argilliti grigio-verdastre a scagliette.","2b","0","Geodaunia","20.4",528653.729,4566527.932,593
"828","A5","41.3","Argilliti grigio-verdastre a scagliette.","2b","0","Geodaunia","20.4",528653.729,4566527.932,593
"829","A5","41.35","Argilliti grigio-verdastre a scagliette.","2b","0","Geodaunia","20.4",528653.729,4566527.932,593
"830","A5","41.4","Argilliti grigio-verdastre a scagliette.","2b","0","Geodaunia","20.4",528653.729,4566527.932,593
"831","A5","41.45","Argilliti grigio-verdastre a scagliette.","2b","0","Geodaunia","20.4",528653.729,4566527.932,593
"832","A5","41.5","Argilliti grigio-verdastre a scagliette.","2b","0","Geodaunia","20.4",528653.729,4566527.932,593
"833","A5","41.55","Argilliti grigio-verdastre a scagliette.","2b","0","Geodaunia","20.4",528653.729,4566527.932,593
"834","A5","41.6","Argilliti grigio-verdastre a scagliette.","2b","0","Geodaunia","20.4",528653.729,4566527.932,593
"835","A5","41.65","Argilliti grigio-verdastre a scagliette.","2b","0","Geodaunia","20.4",528653.729,4566527.932,593
"836","A5","41.7","Argilliti grigio-verdastre a scagliette.","2b","0","Geodaunia","20.4",528653.729,4566527.932,593
"837","A5","41.75","Argilliti grigio-verdastre a scagliette.","2b","0","Geodaunia","20.4",528653.729,4566527.932,593
"838","A5","41.8","Argilliti grigio-verdastre a scagliette.","2b","0","Geodaunia","20.4",528653.729,4566527.932,593
"839","A5","41.85","Argilliti grigio-verdastre a scagliette.","2b","0","Geodaunia","20.4",528653.729,4566527.932,593
"840","A5","41.9","Argilliti grigio-verdastre a scagliette.","2b","0","Geodaunia","20.4",528653.729,4566527.932,593
"841","A5","41.95","Argilliti grigio-verdastre a scagliette.","2b","0","Geodaunia","20.4",528653.729,4566527.932,593
"842","A5","42","Argilliti grigio-verdastre a scagliette.","2b","0","Geodaunia","20.4",528653.729,4566527.932,593
"843","A5","42.05","Argilliti grigio-verdastre a scagliette.","2b","0","Geodaunia","20.4",528653.729,4566527.932,593
"844","A5","42.1","Argilliti grigio-verdastre a scagliette.","2b","0","Geodaunia","20.4",528653.729,4566527.932,593
"845","A5","42.15","Argilliti grigio-verdastre a scagliette.","2b","0","Geodaunia","20.4",528653.729,4566527.932,593
"846","A5","42.2","Argilliti grigio-verdastre a scagliette.","2b","0","Geodaunia","20.4",528653.729,4566527.932,593
"847","A5","42.25","Argilliti grigio-verdastre a scagliette.","2b","0","Geodaunia","20.4",528653.729,4566527.932,593
"848","A5","42.3","Argilliti grigio-verdastre a scagliette.","2b","0","Geodaunia","20.4",528653.729,4566527.932,593
"849","A5","42.35","Argilliti grigio-verdastre a scagliette.","2b","0","Geodaunia","20.4",528653.729,4566527.932,593
"850","A5","42.4","Argilliti grigio-verdastre a scagliette.","2b","0","Geodaunia","20.4",528653.729,4566527.932,593
"851","A5","42.45","Argilliti grigio-verdastre a scagliette.","2b","0","Geodaunia","20.4",528653.729,4566527.932,593
"852","A5","42.5","Argilliti grigio-verdastre a scagliette.","2b","0","Geodaunia","20.4",528653.729,4566527.932,593
"853","A5","42.55","Argilliti grigio-verdastre a scagliette.","2b","0","Geodaunia","20.4",528653.729,4566527.932,593
"854","A5","42.6","Argilliti grigio-verdastre a scagliette.","2b","0","Geodaunia","20.4",528653.729,4566527.932,593
"855","A5","42.65","Argilliti grigio-verdastre a scagliette.","2b","0","Geodaunia","20.4",528653.729,4566527.932,593
"856","A5","42.7","Argilliti grigio-verdastre a scagliette.","2b","0","Geodaunia","20.4",528653.729,4566527.932,593
"857","A5","42.75","Argilliti grigio-verdastre a scagliette.","2b","0","Geodaunia","20.4",528653.729,4566527.932,593
"858","A5","42.8","Argilliti grigio-verdastre a scagliette.","2b","0","Geodaunia","20.4",528653.729,4566527.932,593
"859","A5","42.85","Argilliti grigio-verdastre a scagliette.","2b","0","Geodaunia","20.4",528653.729,4566527.932,593
"860","A5","42.9","Argilliti grigio-verdastre a scagliette.","2b","0","Geodaunia","20.4",528653.729,4566527.932,593
"861","A5","42.95","Argilliti grigio-verdastre a scagliette.","2b","0","Geodaunia","20.4",528653.729,4566527.932,593
"862","A5","43","Argilliti grigio-verdastre a scagliette.","2b","0","Geodaunia","20.4",528653.729,4566527.932,593
"863","A5","43.05","Argilliti grigio-verdastre a scagliette.","2b","0","Geodaunia","20.4",528653.729,4566527.932,593
"864","A5","43.1","Argilliti grigio-verdastre a scagliette.","2b","0","Geodaunia","20.4",528653.729,4566527.932,593
"865","A5","43.15","Argilliti grigio-verdastre a scagliette.","2b","0","Geodaunia","20.4",528653.729,4566527.932,593
"866","A5","43.2","Argilliti grigio-verdastre a scagliette.","2b","0","Geodaunia","20.4",528653.729,4566527.932,593
"867","A5","43.25","Argilliti grigio-verdastre a scagliette.","2b","0","Geodaunia","20.4",528653.729,4566527.932,593
"868","A5","43.3","Argilliti grigio-verdastre a scagliette.","2b","0","Geodaunia","20.4",528653.729,4566527.932,593
"869","A5","43.35","Argilliti grigio-verdastre a scagliette.","2b","0","Geodaunia","20.4",528653.729,4566527.932,593
"870","A5","43.4","Argilliti grigio-verdastre a scagliette.","2b","0","Geodaunia","20.4",528653.729,4566527.932,593
"871","A5","43.45","Argilliti grigio-verdastre a scagliette.","2b","0","Geodaunia","20.4",528653.729,4566527.932,593
"872","A5","43.5","Argilliti grigio-verdastre a scagliette.","2b","0","Geodaunia","20.4",528653.729,4566527.932,593
"873","A5","43.55","Argilliti grigio-verdastre a scagliette.","2b","0","Geodaunia","20.4",528653.729,4566527.932,593
"874","A5","43.6","Argilliti grigio-verdastre a scagliette.","2b","0","Geodaunia","20.4",528653.729,4566527.932,593
"875","A5","43.65","Argilliti grigio-verdastre a scagliette.","2b","0","Geodaunia","20.4",528653.729,4566527.932,593
"876","A5","43.7","Argilliti grigio-verdastre a scagliette.","2b","0","Geodaunia","20.4",528653.729,4566527.932,593
"877","A5","43.75","Argilliti grigio-verdastre a scagliette.","2b","0","Geodaunia","20.4",528653.729,4566527.932,593
"878","A5","43.8","Argilliti grigio-verdastre a scagliette.","2b","0","Geodaunia","20.4",528653.729,4566527.932,593
"879","A5","43.85","Argilliti grigio-verdastre a scagliette.","2b","0","Geodaunia","20.4",528653.729,4566527.932,593
"880","A5","43.9","Argilliti grigio-verdastre a scagliette.","2b","0","Geodaunia","20.4",528653.729,4566527.932,593
"881","A5","43.95","Argilliti grigio-verdastre a scagliette.","2b","0","Geodaunia","20.4",528653.729,4566527.932,593
"882","A5","44","Argilliti grigio-verdastre a scagliette.","2b","0","Geodaunia","20.4",528653.729,4566527.932,593
"883","A5","44.05","Argilliti grigio-verdastre a scagliette.","2b","0","Geodaunia","20.4",528653.729,4566527.932,593
"884","A5","44.1","Argilliti grigio-verdastre a scagliette.","2b","0","Geodaunia","20.4",528653.729,4566527.932,593
"885","A5","44.15","Argilliti grigio-verdastre a scagliette.","2b","0","Geodaunia","20.4",528653.729,4566527.932,593
"886","A5","44.2","Argilliti grigio-verdastre a scagliette.","2b","0","Geodaunia","20.4",528653.729,4566527.932,593
"887","A5","44.25","Argilliti grigio-verdastre a scagliette.","2b","0","Geodaunia","20.4",528653.729,4566527.932,593
"888","A5","44.3","Argilliti grigio-verdastre a scagliette.","2b","0","Geodaunia","20.4",528653.729,4566527.932,593
"889","A5","44.35","Argilliti grigio-verdastre a scagliette.","2b","0","Geodaunia","20.4",528653.729,4566527.932,593
"890","A5","44.4","Argilliti grigio-verdastre a scagliette.","2b","0","Geodaunia","20.4",528653.729,4566527.932,593
"891","A5","44.45","Argilliti grigio-verdastre a scagliette.","2b","0","Geodaunia","20.4",528653.729,4566527.932,593
"892","A5","44.5","Argilliti grigio-verdastre a scagliette.","2b","0","Geodaunia","20.4",528653.729,4566527.932,593
"893","A5","44.55","Argilliti grigio-verdastre a scagliette.","2b","0","Geodaunia","20.4",528653.729,4566527.932,593
"894","A5","44.6","Argilliti grigio-verdastre a scagliette.","2b","0","Geodaunia","20.4",528653.729,4566527.932,593
"895","A5","44.65","Argilliti grigio-verdastre a scagliette.","2b","0","Geodaunia","20.4",528653.729,4566527.932,593
"896","A5","44.7","Argilliti grigio-verdastre a scagliette.","2b","0","Geodaunia","20.4",528653.729,4566527.932,593
"897","A5","44.75","Argilliti grigio-verdastre a scagliette.","2b","0","Geodaunia","20.4",528653.729,4566527.932,593
"898","A5","44.8","Argilliti grigio-verdastre a scagliette.","2b","0","Geodaunia","20.4",528653.729,4566527.932,593
"899","A5","44.85","Argilliti grigio-verdastre a scagliette.","2b","0","Geodaunia","20.4",528653.729,4566527.932,593
"900","A5","44.9","Argilliti grigio-verdastre a scagliette.","2b","0","Geodaunia","20.4",528653.729,4566527.932,593
"901","A5","44.95","Argilliti grigio-verdastre a scagliette.","2b","0","Geodaunia","20.4",528653.729,4566527.932,593
"902","A5","45","Argilliti grigio-verdastre a scagliette.","2b","0","Geodaunia","20.4",528653.729,4566527.932,593
"903","A5","45.05","Argilliti grigio-verdastre a scagliette.","2b","0","Geodaunia","20.4",528653.729,4566527.932,593
"904","A5","45.1","Argilliti grigio-verdastre a scagliette.","2b","0","Geodaunia","20.4",528653.729,4566527.932,593
"905","A5","45.15","Argilliti grigio-verdastre a scagliette.","2b","0","Geodaunia","20.4",528653.729,4566527.932,593
"906","A5","45.2","Argilliti grigio-verdastre a scagliette.","2b","0","Geodaunia","20.4",528653.729,4566527.932,593
"907","A5","45.25","Argilliti grigio-verdastre a scagliette.","2b","0","Geodaunia","20.4",528653.729,4566527.932,593
"908","A5","45.3","Argilliti grigio-verdastre a scagliette.","2b","0","Geodaunia","20.4",528653.729,4566527.932,593
"909","A5","45.35","Argilliti grigio-verdastre a scagliette.","2b","0","Geodaunia","20.4",528653.729,4566527.932,593
"910","A5","45.4","Argilliti grigio-verdastre a scagliette.","2b","0","Geodaunia","20.4",528653.729,4566527.932,593
"911","A5","45.45","Argilliti grigio-verdastre a scagliette.","2b","0","Geodaunia","20.4",528653.729,4566527.932,593
"912","A5","45.5","Argilliti grigio-verdastre a scagliette.","2b","0","Geodaunia","20.4",528653.729,4566527.932,593
"913","A5","45.55","Argilliti grigio-verdastre a scagliette.","2b","0","Geodaunia","20.4",528653.729,4566527.932,593
"914","A5","45.6","Argilliti grigio-verdastre a scagliette.","2b","0","Geodaunia","20.4",528653.729,4566527.932,593
"915","A5","45.65","Argilliti grigio-verdastre a scagliette.","2b","0","Geodaunia","20.4",528653.729,4566527.932,593
"916","A5","45.7","Argilliti grigio-verdastre a scagliette.","2b","0","Geodaunia","20.4",528653.729,4566527.932,593
"917","A5","45.75","Argilliti grigio-verdastre a scagliette.","2b","0","Geodaunia","20.4",528653.729,4566527.932,593
"918","A5","45.8","Argilliti grigio-verdastre a scagliette.","2b","0","Geodaunia","20.4",528653.729,4566527.932,593
"919","A5","45.85","Argilliti grigio-verdastre a scagliette.","2b","0","Geodaunia","20.4",528653.729,4566527.932,593
"920","A5","45.9","Argilliti grigio-verdastre a scagliette.","2b","0","Geodaunia","20.4",528653.729,4566527.932,593
"921","A5","45.95","Argilliti grigio-verdastre a scagliette.","2b","0","Geodaunia","20.4",528653.729,4566527.932,593
"922","A5","46","Argilliti grigio-verdastre a scagliette.","2b","0","Geodaunia","20.4",528653.729,4566527.932,593
"923","A5","46.05","Argilliti grigio-verdastre a scagliette.","2b","0","Geodaunia","20.4",528653.729,4566527.932,593
"924","A5","46.1","Argilliti grigio-verdastre a scagliette.","2b","0","Geodaunia","20.4",528653.729,4566527.932,593
"925","A5","46.15","Argilliti grigio-verdastre a scagliette.","2b","0","Geodaunia","20.4",528653.729,4566527.932,593
"926","A5","46.2","Argilliti grigio-verdastre a scagliette.","2b","0","Geodaunia","20.4",528653.729,4566527.932,593
"927","A5","46.25","Argilliti grigio-verdastre a scagliette.","2b","0","Geodaunia","20.4",528653.729,4566527.932,593
"928","A5","46.3","Argilliti grigio-verdastre a scagliette.","2b","0","Geodaunia","20.4",528653.729,4566527.932,593
"929","A5","46.35","Argilliti grigio-verdastre a scagliette.","2b","0","Geodaunia","20.4",528653.729,4566527.932,593
"930","A5","46.4","Argilliti grigio-verdastre a scagliette.","2b","0","Geodaunia","20.4",528653.729,4566527.932,593
"931","A5","46.45","Argilliti grigio-verdastre a scagliette.","2b","0","Geodaunia","20.4",528653.729,4566527.932,593
"932","A5","46.5","Argilliti grigio-verdastre a scagliette.","2b","0","Geodaunia","20.4",528653.729,4566527.932,593
"933","A5","46.55","Argilliti grigio-verdastre a scagliette.","2b","0","Geodaunia","20.4",528653.729,4566527.932,593
"934","A5","46.6","Argilliti grigio-verdastre a scagliette.","2b","0","Geodaunia","20.4",528653.729,4566527.932,593
"935","A5","46.65","Argilliti grigio-verdastre a scagliette.","2b","0","Geodaunia","20.4",528653.729,4566527.932,593
"936","A5","46.7","Argilliti grigio-verdastre a scagliette.","2b","0","Geodaunia","20.4",528653.729,4566527.932,593
"937","A5","46.75","Argilliti grigio-verdastre a scagliette.","2b","0","Geodaunia","20.4",528653.729,4566527.932,593
"938","A5","46.8","Argilliti grigio-verdastre a scagliette.","2b","0","Geodaunia","20.4",528653.729,4566527.932,593
"939","A5","46.85","Argilliti grigio-verdastre a scagliette.","2b","0","Geodaunia","20.4",528653.729,4566527.932,593
"940","A5","46.9","Argilliti grigio-verdastre a scagliette.","2b","0","Geodaunia","20.4",528653.729,4566527.932,593
"941","A5","46.95","Argilliti grigio-verdastre a scagliette.","2b","0","Geodaunia","20.4",528653.729,4566527.932,593
"942","A5","47","Argilliti grigio-verdastre a scagliette.","2b","0","Geodaunia","20.4",528653.729,4566527.932,593
"943","A5","47.05","Argilliti grigio-verdastre a scagliette.","2b","0","Geodaunia","20.4",528653.729,4566527.932,593
"944","A5","47.1","Argilliti grigio-verdastre a scagliette.","2b","0","Geodaunia","20.4",528653.729,4566527.932,593
"945","A5","47.15","Argilliti grigio-verdastre a scagliette.","2b","0","Geodaunia","20.4",528653.729,4566527.932,593
"946","A5","47.2","Argilliti grigio-verdastre a scagliette.","2b","0","Geodaunia","20.4",528653.729,4566527.932,593
"947","A5","47.25","Argilliti grigio-verdastre a scagliette.","2b","0","Geodaunia","20.4",528653.729,4566527.932,593
"948","A5","47.3","Argilliti grigio-verdastre a scagliette.","2b","0","Geodaunia","20.4",528653.729,4566527.932,593
"949","A5","47.35","Argilliti grigio-verdastre a scagliette.","2b","0","Geodaunia","20.4",528653.729,4566527.932,593
"950","A5","47.4","Argilliti grigio-verdastre a scagliette.","2b","0","Geodaunia","20.4",528653.729,4566527.932,593
"951","A5","47.45","Argilliti grigio-verdastre a scagliette.","2b","0","Geodaunia","20.4",528653.729,4566527.932,593
"952","A5","47.5","Argilliti grigio-verdastre a scagliette.","2b","0","Geodaunia","20.4",528653.729,4566527.932,593
"953","A5","47.55","Argilliti grigio-verdastre a scagliette.","2b","0","Geodaunia","20.4",528653.729,4566527.932,593
"954","A5","47.6","Argilliti grigio-verdastre a scagliette.","2b","0","Geodaunia","20.4",528653.729,4566527.932,593
"955","A5","47.65","Argilliti grigio-verdastre a scagliette.","2b","0","Geodaunia","20.4",528653.729,4566527.932,593
"956","A5","47.7","Argilliti grigio-verdastre a scagliette.","2b","0","Geodaunia","20.4",528653.729,4566527.932,593
"957","A5","47.75","Argilliti grigio-verdastre a scagliette.","2b","0","Geodaunia","20.4",528653.729,4566527.932,593
"958","A5","47.8","Argilliti grigio-verdastre a scagliette.","2b","0","Geodaunia","20.4",528653.729,4566527.932,593
"959","A5","47.85","Argilliti grigio-verdastre a scagliette.","2b","0","Geodaunia","20.4",528653.729,4566527.932,593
"960","A5","47.9","Argilliti grigio-verdastre a scagliette.","2b","0","Geodaunia","20.4",528653.729,4566527.932,593
"961","A5","47.95","Argilliti grigio-verdastre a scagliette.","2b","0","Geodaunia","20.4",528653.729,4566527.932,593
"962","A5","48","Argilliti grigio-verdastre a scagliette.","2b","0","Geodaunia","20.4",528653.729,4566527.932,593
"963","A5","48.05","Argilliti grigio-verdastre a scagliette.","2b","0","Geodaunia","20.4",528653.729,4566527.932,593
"964","A5","48.1","Argilliti grigio-verdastre a scagliette.","2b","0","Geodaunia","20.4",528653.729,4566527.932,593
"965","A5","48.15","Argilliti grigio-verdastre a scagliette.","2b","0","Geodaunia","20.4",528653.729,4566527.932,593
"966","A5","48.2","Argilliti grigio-verdastre a scagliette.","2b","0","Geodaunia","20.4",528653.729,4566527.932,593
"967","A5","48.25","Argilliti grigio-verdastre a scagliette.","2b","0","Geodaunia","20.4",528653.729,4566527.932,593
"968","A5","48.3","Argilliti grigio-verdastre a scagliette.","2b","0","Geodaunia","20.4",528653.729,4566527.932,593
"969","A5","48.35","Argilliti grigio-verdastre a scagliette.","2b","0","Geodaunia","20.4",528653.729,4566527.932,593
"970","A5","48.4","Argilliti grigio-verdastre a scagliette.","2b","0","Geodaunia","20.4",528653.729,4566527.932,593
"971","A5","48.45","Argilliti grigio-verdastre a scagliette.","2b","0","Geodaunia","20.4",528653.729,4566527.932,593
"972","A5","48.5","Argilliti grigio-verdastre a scagliette.","2b","0","Geodaunia","20.4",528653.729,4566527.932,593
"973","A5","48.55","Argilliti grigio-verdastre a scagliette.","2b","0","Geodaunia","20.4",528653.729,4566527.932,593
"974","A5","48.6","Argilliti grigio-verdastre a scagliette.","2b","0","Geodaunia","20.4",528653.729,4566527.932,593
"975","A5","48.65","Argilliti grigio-verdastre a scagliette.","2b","0","Geodaunia","20.4",528653.729,4566527.932,593
"976","A5","48.7","Argilliti grigio-verdastre a scagliette.","2b","0","Geodaunia","20.4",528653.729,4566527.932,593
"977","A5","48.75","Argilliti grigio-verdastre a scagliette.","2b","0","Geodaunia","20.4",528653.729,4566527.932,593
"978","A5","48.8","Argilliti grigio-verdastre a scagliette.","2b","0","Geodaunia","20.4",528653.729,4566527.932,593
"979","A5","48.85","Argilliti grigio-verdastre a scagliette.","2b","0","Geodaunia","20.4",528653.729,4566527.932,593
"980","A5","48.9","Argilliti grigio-verdastre a scagliette.","2b","0","Geodaunia","20.4",528653.729,4566527.932,593
"981","A5","48.95","Argilliti grigio-verdastre a scagliette.","2b","0","Geodaunia","20.4",528653.729,4566527.932,593
"982","A5","49","Argilliti grigio-verdastre a scagliette.","2b","0","Geodaunia","20.4",528653.729,4566527.932,593
"983","A5","49.05","Argilliti grigio-verdastre a scagliette.","2b","0","Geodaunia","20.4",528653.729,4566527.932,593
"984","A5","49.1","Argilliti grigio-verdastre a scagliette.","2b","0","Geodaunia","20.4",528653.729,4566527.932,593
"985","A5","49.15","Argilliti grigio-verdastre a scagliette.","2b","0","Geodaunia","20.4",528653.729,4566527.932,593
"986","A5","49.2","Argilliti grigio-verdastre a scagliette.","2b","0","Geodaunia","20.4",528653.729,4566527.932,593
"987","A5","49.25","Argilliti grigio-verdastre a scagliette.","2b","0","Geodaunia","20.4",528653.729,4566527.932,593
"988","A5","49.3","Argilliti grigio-verdastre a scagliette.","2b","0","Geodaunia","20.4",528653.729,4566527.932,593
"989","A5","49.35","Argilliti grigio-verdastre a scagliette.","2b","0","Geodaunia","20.4",528653.729,4566527.932,593
"990","A5","49.4","Argilliti grigio-verdastre a scagliette.","2b","0","Geodaunia","20.4",528653.729,4566527.932,593
"991","A5","49.45","Argilliti grigio-verdastre a scagliette.","2b","0","Geodaunia","20.4",528653.729,4566527.932,593
"992","A5","49.5","Argilliti grigio-verdastre a scagliette.","2b","0","Geodaunia","20.4",528653.729,4566527.932,593
"993","A5","49.55","Argilliti grigio-verdastre a scagliette.","2b","0","Geodaunia","20.4",528653.729,4566527.932,593
"994","A5","49.6","Argilliti grigio-verdastre a scagliette.","2b","0","Geodaunia","20.4",528653.729,4566527.932,593
"995","A5","49.65","Argilliti grigio-verdastre a scagliette.","2b","0","Geodaunia","20.4",528653.729,4566527.932,593
"996","A5","49.7","Argilliti grigio-verdastre a scagliette.","2b","0","Geodaunia","20.4",528653.729,4566527.932,593
"997","A5","49.75","Argilliti grigio-verdastre a scagliette.","2b","0","Geodaunia","20.4",528653.729,4566527.932,593
"998","A5","49.8","Argilliti grigio-verdastre a scagliette.","2b","0","Geodaunia","20.4",528653.729,4566527.932,593
"999","A5","49.85","Argilliti grigio-verdastre a scagliette.","2b","0","Geodaunia","20.4",528653.729,4566527.932,593
"1000","A5","49.9","Argilliti grigio-verdastre a scagliette.","2b","0","Geodaunia","20.4",528653.729,4566527.932,593
"1001","A5","49.95","Argilliti grigio-verdastre a scagliette.","2b","0","Geodaunia","20.4",528653.729,4566527.932,593
"1002","A5","50","Argilliti grigio-verdastre a scagliette.","2b","0","Geodaunia","20.4",528653.729,4566527.932,593
"1003","A5","50.05","Argilliti grigio-verdastre a scagliette.","2b","0","Geodaunia","20.4",528653.729,4566527.932,593
"1004","A5","50.1","Argilliti grigio-verdastre a scagliette.","2b","0","Geodaunia","20.4",528653.729,4566527.932,593
"1005","A5","50.15","Argilliti grigio-verdastre a scagliette.","2b","0","Geodaunia","20.4",528653.729,4566527.932,593
"1006","A5","50.2","Argilliti grigio-verdastre a scagliette.","2b","0","Geodaunia","20.4",528653.729,4566527.932,593
"1007","A5","50.25","Argilliti grigio-verdastre a scagliette.","2b","0","Geodaunia","20.4",528653.729,4566527.932,593
"1008","A5","50.3","Argilliti grigio-verdastre a scagliette.","2b","0","Geodaunia","20.4",528653.729,4566527.932,593
"1009","A5","50.35","Argilliti grigio-verdastre a scagliette.","2b","0","Geodaunia","20.4",528653.729,4566527.932,593
"1010","A5","50.4","Argilliti grigio-verdastre a scagliette.","2b","0","Geodaunia","20.4",528653.729,4566527.932,593
"1011","A5","50.45","Argilliti grigio-verdastre a scagliette.","2b","0","Geodaunia","20.4",528653.729,4566527.932,593
"1012","A5","50.5","Argilliti grigio-verdastre a scagliette.","2b","0","Geodaunia","20.4",528653.729,4566527.932,593
"1013","A5","50.55","Argilliti grigio-verdastre a scagliette.","2b","0","Geodaunia","20.4",528653.729,4566527.932,593
"1014","A5","50.6","Argilliti grigio-verdastre a scagliette.","2b","0","Geodaunia","20.4",528653.729,4566527.932,593
"1015","A5","50.65","Argilliti grigio-verdastre a scagliette.","2b","0","Geodaunia","20.4",528653.729,4566527.932,593
"1016","A5","50.7","Argilliti grigio-verdastre a scagliette.","2b","0","Geodaunia","20.4",528653.729,4566527.932,593
"1017","A5","50.75","Argilliti grigio-verdastre a scagliette.","2b","0","Geodaunia","20.4",528653.729,4566527.932,593
"1018","A5","50.8","Argilliti grigio-verdastre a scagliette.","2b","0","Geodaunia","20.4",528653.729,4566527.932,593
"1019","A5","50.85","Argilliti grigio-verdastre a scagliette.","2b","0","Geodaunia","20.4",528653.729,4566527.932,593
"1020","A5","50.9","Argilliti grigio-verdastre a scagliette.","2b","0","Geodaunia","20.4",528653.729,4566527.932,593
"1021","A5","50.95","Argilliti grigio-verdastre a scagliette.","2b","0","Geodaunia","20.4",528653.729,4566527.932,593
"1022","A5","51","Argilliti grigio-verdastre a scagliette.","2b","0","Geodaunia","20.4",528653.729,4566527.932,593
"1023","A5","51.05","Argilliti grigio-verdastre a scagliette.","2b","0","Geodaunia","20.4",528653.729,4566527.932,593
"1024","A5","51.1","Argilliti grigio-verdastre a scagliette.","2b","0","Geodaunia","20.4",528653.729,4566527.932,593
"1025","A5","51.15","Argilliti grigio-verdastre a scagliette.","2b","0","Geodaunia","20.4",528653.729,4566527.932,593
"1026","A5","51.2","Argilliti grigio-verdastre a scagliette.","2b","0","Geodaunia","20.4",528653.729,4566527.932,593
"1027","A5","51.25","Argilliti grigio-verdastre a scagliette.","2b","0","Geodaunia","20.4",528653.729,4566527.932,593
"1028","A5","51.3","Argilliti grigio-verdastre a scagliette.","2b","0","Geodaunia","20.4",528653.729,4566527.932,593
"1029","A5","51.35","Argilliti grigio-verdastre a scagliette.","2b","0","Geodaunia","20.4",528653.729,4566527.932,593
"1030","A5","51.4","Argilliti grigio-verdastre a scagliette.","2b","0","Geodaunia","20.4",528653.729,4566527.932,593
"1031","A5","51.45","Argilliti grigio-verdastre a scagliette.","2b","0","Geodaunia","20.4",528653.729,4566527.932,593
"1032","A5","51.5","Argilliti grigio-verdastre a scagliette.","2b","0","Geodaunia","20.4",528653.729,4566527.932,593
"1033","A5","51.55","Argilliti grigio-verdastre a scagliette.","2b","0","Geodaunia","20.4",528653.729,4566527.932,593
"1034","A5","51.6","Argilliti grigio-verdastre a scagliette.","2b","0","Geodaunia","20.4",528653.729,4566527.932,593
"1035","A5","51.65","Argilliti grigio-verdastre a scagliette.","2b","0","Geodaunia","20.4",528653.729,4566527.932,593
"1036","A5","51.7","Argilliti grigio-verdastre a scagliette.","2b","0","Geodaunia","20.4",528653.729,4566527.932,593
"1037","A5","51.75","Argilliti grigio-verdastre a scagliette.","2b","0","Geodaunia","20.4",528653.729,4566527.932,593
"1038","A5","51.8","Argilliti grigio-verdastre a scagliette.","2b","0","Geodaunia","20.4",528653.729,4566527.932,593
"1039","A5","51.85","Argilliti grigio-verdastre a scagliette.","2b","0","Geodaunia","20.4",528653.729,4566527.932,593
"1040","A5","51.9","Argilliti grigio-verdastre a scagliette.","2b","0","Geodaunia","20.4",528653.729,4566527.932,593
"1041","A5","51.95","Argilliti grigio-verdastre a scagliette.","2b","0","Geodaunia","20.4",528653.729,4566527.932,593
"1042","A5","52","Argilliti grigio-verdastre a scagliette.","2b","0","Geodaunia","20.4",528653.729,4566527.932,593
"1043","A5","52.05","Argilliti grigio-verdastre a scagliette.","2b","0","Geodaunia","20.4",528653.729,4566527.932,593
"1044","A5","52.1","Argilliti grigio-verdastre a scagliette.","2b","0","Geodaunia","20.4",528653.729,4566527.932,593
"1045","A5","52.15","Argilliti grigio-verdastre a scagliette.","2b","0","Geodaunia","20.4",528653.729,4566527.932,593
"1046","A5","52.2","Argilliti grigio-verdastre a scagliette.","2b","0","Geodaunia","20.4",528653.729,4566527.932,593
"1047","A5","52.25","Argilliti grigio-verdastre a scagliette.","2b","0","Geodaunia","20.4",528653.729,4566527.932,593
"1048","A5","52.3","Argilliti grigio-verdastre a scagliette.","2b","0","Geodaunia","20.4",528653.729,4566527.932,593
"1049","A5","52.35","Argilliti grigio-verdastre a scagliette.","2b","0","Geodaunia","20.4",528653.729,4566527.932,593
"1050","A5","52.4","Argilliti grigio-verdastre a scagliette.","2b","0","Geodaunia","20.4",528653.729,4566527.932,593
"1051","A5","52.45","Argilliti grigio-verdastre a scagliette.","2b","0","Geodaunia","20.4",528653.729,4566527.932,593
"1052","A5","52.5","Argilliti grigio-verdastre a scagliette.","2b","0","Geodaunia","20.4",528653.729,4566527.932,593
"1053","A5","52.55","Argilliti grigio-verdastre a scagliette.","2b","0","Geodaunia","20.4",528653.729,4566527.932,593
"1054","A5","52.6","Argilliti grigio-verdastre a scagliette.","2b","0","Geodaunia","20.4",528653.729,4566527.932,593
"1055","A5","52.65","Argilliti grigio-verdastre a scagliette.","2b","0","Geodaunia","20.4",528653.729,4566527.932,593
"1056","A5","52.7","Argilliti grigio-verdastre a scagliette.","2b","0","Geodaunia","20.4",528653.729,4566527.932,593
"1057","A5","52.75","Argilliti grigio-verdastre a scagliette.","2b","0","Geodaunia","20.4",528653.729,4566527.932,593
"1058","A5","52.8","Argilliti grigio-verdastre a scagliette.","2b","0","Geodaunia","20.4",528653.729,4566527.932,593
"1059","A5","52.85","Argilliti grigio-verdastre a scagliette.","2b","0","Geodaunia","20.4",528653.729,4566527.932,593
"1060","A5","52.9","Argilliti grigio-verdastre a scagliette.","2b","0","Geodaunia","20.4",528653.729,4566527.932,593
"1061","A5","52.95","Argilliti grigio-verdastre a scagliette.","2b","0","Geodaunia","20.4",528653.729,4566527.932,593
"1062","A5","53","Argilliti grigio-verdastre a scagliette.","2b","0","Geodaunia","20.4",528653.729,4566527.932,593
"1063","A5","53.05","Argilliti grigio-verdastre a scagliette.","2b","0","Geodaunia","20.4",528653.729,4566527.932,593
"1064","A5","53.1","Argilliti grigio-verdastre a scagliette.","2b","0","Geodaunia","20.4",528653.729,4566527.932,593
"1065","A5","53.15","Argilliti grigio-verdastre a scagliette.","2b","0","Geodaunia","20.4",528653.729,4566527.932,593
"1066","A5","53.2","Argilliti grigio-verdastre a scagliette.","2b","0","Geodaunia","20.4",528653.729,4566527.932,593
"1067","A5","53.25","Argilliti grigio-verdastre a scagliette.","2b","0","Geodaunia","20.4",528653.729,4566527.932,593
"1068","A5","53.3","Argilliti grigio-verdastre a scagliette.","2b","0","Geodaunia","20.4",528653.729,4566527.932,593
"1069","A5","53.35","Argilliti grigio-verdastre a scagliette.","2b","0","Geodaunia","20.4",528653.729,4566527.932,593
"1070","A5","53.4","Argilliti grigio-verdastre a scagliette.","2b","0","Geodaunia","20.4",528653.729,4566527.932,593
"1071","A5","53.45","Argilliti grigio-verdastre a scagliette.","2b","0","Geodaunia","20.4",528653.729,4566527.932,593
"1072","A5","53.5","Argilliti grigio-verdastre a scagliette.","2b","0","Geodaunia","20.4",528653.729,4566527.932,593
"1073","A5","53.55","Argilliti grigio-verdastre a scagliette.","2b","0","Geodaunia","20.4",528653.729,4566527.932,593
"1074","A5","53.6","Argilliti grigio-verdastre a scagliette.","2b","0","Geodaunia","20.4",528653.729,4566527.932,593
"1075","A5","53.65","Argilliti grigio-verdastre a scagliette.","2b","0","Geodaunia","20.4",528653.729,4566527.932,593
"1076","A5","53.7","Argilliti grigio-verdastre a scagliette.","2b","0","Geodaunia","20.4",528653.729,4566527.932,593
"1077","A5","53.75","Argilliti grigio-verdastre a scagliette.","2b","0","Geodaunia","20.4",528653.729,4566527.932,593
"1078","A5","53.8","Argilliti grigio-verdastre a scagliette.","2b","0","Geodaunia","20.4",528653.729,4566527.932,593
"1079","A5","53.85","Argilliti grigio-verdastre a scagliette.","2b","0","Geodaunia","20.4",528653.729,4566527.932,593
"1080","A5","53.9","Argilliti grigio-verdastre a scagliette.","2b","0","Geodaunia","20.4",528653.729,4566527.932,593
"1081","A5","53.95","Argilliti grigio-verdastre a scagliette.","2b","0","Geodaunia","20.4",528653.729,4566527.932,593
"1082","A5","54","Argilliti grigio-verdastre a scagliette.","2b","0","Geodaunia","20.4",528653.729,4566527.932,593
"1083","A5","54.05","Argilliti grigio-verdastre a scagliette.","2b","0","Geodaunia","20.4",528653.729,4566527.932,593
"1084","A5","54.1","Argilliti grigio-verdastre a scagliette.","2b","0","Geodaunia","20.4",528653.729,4566527.932,593
"1085","A5","54.15","Argilliti grigio-verdastre a scagliette.","2b","0","Geodaunia","20.4",528653.729,4566527.932,593
"1086","A5","54.2","Argilliti grigio-verdastre a scagliette.","2b","0","Geodaunia","20.4",528653.729,4566527.932,593
"1087","A5","54.25","Argilliti grigio-verdastre a scagliette.","2b","0","Geodaunia","20.4",528653.729,4566527.932,593
"1088","A5","54.3","Argilliti grigio-verdastre a scagliette.","2b","0","Geodaunia","20.4",528653.729,4566527.932,593
"1089","A5","54.35","Argilliti grigio-verdastre a scagliette.","2b","0","Geodaunia","20.4",528653.729,4566527.932,593
"1090","A5","54.4","Argilliti grigio-verdastre a scagliette.","2b","0","Geodaunia","20.4",528653.729,4566527.932,593
"1091","A5","54.45","Argilliti grigio-verdastre a scagliette.","2b","0","Geodaunia","20.4",528653.729,4566527.932,593
"1092","A5","54.5","Argilliti grigio-verdastre a scagliette.","2b","0","Geodaunia","20.4",528653.729,4566527.932,593
"1093","A5","54.55","Argilliti grigio-verdastre a scagliette.","2b","0","Geodaunia","20.4",528653.729,4566527.932,593
"1094","A5","54.6","Argilliti grigio-verdastre a scagliette.","2b","0","Geodaunia","20.4",528653.729,4566527.932,593
"1095","A5","54.65","Argilliti grigio-verdastre a scagliette.","2b","0","Geodaunia","20.4",528653.729,4566527.932,593
"1096","A5","54.7","Argilliti grigio-verdastre a scagliette.","2b","0","Geodaunia","20.4",528653.729,4566527.932,593
"1097","A5","54.75","Argilliti grigio-verdastre a scagliette.","2b","0","Geodaunia","20.4",528653.729,4566527.932,593
"1098","A5","54.8","Argilliti grigio-verdastre a scagliette.","2b","0","Geodaunia","20.4",528653.729,4566527.932,593
"1099","A5","54.85","Argilliti grigio-verdastre a scagliette.","2b","0","Geodaunia","20.4",528653.729,4566527.932,593
"1100","A5","54.9","Argilliti grigio-verdastre a scagliette.","2b","0","Geodaunia","20.4",528653.729,4566527.932,593
"1101","A5","54.95","Argilliti grigio-verdastre a scagliette.","2b","0","Geodaunia","20.4",528653.729,4566527.932,593
"1102","A5","55","Argilliti grigio-verdastre a scagliette.","2b","0","Geodaunia","20.4",528653.729,4566527.932,593
"1103","A5","55.05","Argilliti grigio-verdastre a scagliette.","2b","0","Geodaunia","20.4",528653.729,4566527.932,593
"1104","A5","55.1","Argilliti grigio-verdastre a scagliette.","2b","0","Geodaunia","20.4",528653.729,4566527.932,593
"1105","A5","55.15","Argilliti grigio-verdastre a scagliette.","2b","0","Geodaunia","20.4",528653.729,4566527.932,593
"1106","A5","55.2","Argilliti grigio-verdastre a scagliette.","2b","0","Geodaunia","20.4",528653.729,4566527.932,593
"1107","A5","55.25","Argilliti grigio-verdastre a scagliette.","2b","0","Geodaunia","20.4",528653.729,4566527.932,593
"1108","A5","55.3","Argilliti grigio-verdastre a scagliette.","2b","0","Geodaunia","20.4",528653.729,4566527.932,593
"1109","A5","55.35","Argilliti grigio-verdastre a scagliette.","2b","0","Geodaunia","20.4",528653.729,4566527.932,593
"1110","A5","55.4","Argilliti grigio-verdastre a scagliette.","2b","0","Geodaunia","20.4",528653.729,4566527.932,593
"1111","A5","55.45","Argilliti grigio-verdastre a scagliette.","2b","0","Geodaunia","20.4",528653.729,4566527.932,593
"1112","A5","55.5","Argilliti grigio-verdastre a scagliette.","2b","0","Geodaunia","20.4",528653.729,4566527.932,593
"1113","A5","55.55","Argilliti grigio-verdastre a scagliette.","2b","0","Geodaunia","20.4",528653.729,4566527.932,593
"1114","A5","55.6","Argilliti grigio-verdastre a scagliette.","2b","0","Geodaunia","20.4",528653.729,4566527.932,593
"1115","A5","55.65","Argilliti grigio-verdastre a scagliette.","2b","0","Geodaunia","20.4",528653.729,4566527.932,593
"1116","A5","55.7","Argilliti grigio-verdastre a scagliette.","2b","0","Geodaunia","20.4",528653.729,4566527.932,593
"1117","A5","55.75","Argilliti grigio-verdastre a scagliette.","2b","0","Geodaunia","20.4",528653.729,4566527.932,593
"1118","A5","55.8","Argilliti grigio-verdastre a scagliette.","2b","0","Geodaunia","20.4",528653.729,4566527.932,593
"1119","A5","55.85","Argilliti grigio-verdastre a scagliette.","2b","0","Geodaunia","20.4",528653.729,4566527.932,593
"1120","A5","55.9","Argilliti grigio-verdastre a scagliette.","2b","0","Geodaunia","20.4",528653.729,4566527.932,593
"1121","A5","55.95","Argilliti grigio-verdastre a scagliette.","2b","0","Geodaunia","20.4",528653.729,4566527.932,593
"1122","A5","56","Argilliti grigio-verdastre a scagliette.","2b","0","Geodaunia","20.4",528653.729,4566527.932,593
"1123","A5","56.05","Argilliti grigio-verdastre a scagliette.","2b","0","Geodaunia","20.4",528653.729,4566527.932,593
"1124","A5","56.1","Argilliti grigio-verdastre a scagliette.","2b","0","Geodaunia","20.4",528653.729,4566527.932,593
"1125","A5","56.15","Argilliti grigio-verdastre a scagliette.","2b","0","Geodaunia","20.4",528653.729,4566527.932,593
"1126","A5","56.2","Argilliti grigio-verdastre a scagliette.","2b","0","Geodaunia","20.4",528653.729,4566527.932,593
"1127","A5","56.25","Argilliti grigio-verdastre a scagliette.","2b","0","Geodaunia","20.4",528653.729,4566527.932,593
"1128","A5","56.3","Argilliti grigio-verdastre a scagliette.","2b","0","Geodaunia","20.4",528653.729,4566527.932,593
"1129","A5","56.35","Argilliti grigio-verdastre a scagliette.","2b","0","Geodaunia","20.4",528653.729,4566527.932,593
"1130","A5","56.4","Argilliti grigio-verdastre a scagliette.","2b","0","Geodaunia","20.4",528653.729,4566527.932,593
"1131","A5","56.45","Argilliti grigio-verdastre a scagliette.","2b","0","Geodaunia","20.4",528653.729,4566527.932,593
"1132","A5","56.5","Argilliti grigio-verdastre a scagliette.","2b","0","Geodaunia","20.4",528653.729,4566527.932,593
"1133","A5","56.55","Argilliti grigio-verdastre a scagliette.","2b","0","Geodaunia","20.4",528653.729,4566527.932,593
"1134","A5","56.6","Argilliti grigio-verdastre a scagliette.","2b","0","Geodaunia","20.4",528653.729,4566527.932,593
"1135","A5","56.65","Argilliti grigio-verdastre a scagliette.","2b","0","Geodaunia","20.4",528653.729,4566527.932,593
"1136","A5","56.7","Argilliti grigio-verdastre a scagliette.","2b","0","Geodaunia","20.4",528653.729,4566527.932,593
"1137","A5","56.75","Argilliti grigio-verdastre a scagliette.","2b","0","Geodaunia","20.4",528653.729,4566527.932,593
"1138","A5","56.8","Argilliti grigio-verdastre a scagliette.","2b","0","Geodaunia","20.4",528653.729,4566527.932,593
"1139","A5","56.85","Argilliti grigio-verdastre a scagliette.","2b","0","Geodaunia","20.4",528653.729,4566527.932,593
"1140","A5","56.9","Argilliti grigio-verdastre a scagliette.","2b","0","Geodaunia","20.4",528653.729,4566527.932,593
"1141","A5","56.95","Argilliti grigio-verdastre a scagliette.","2b","0","Geodaunia","20.4",528653.729,4566527.932,593
"1142","A5","57","Argilliti grigio-verdastre a scagliette.","2b","0","Geodaunia","20.4",528653.729,4566527.932,593
"1143","A5","57.05","Argilliti grigio-verdastre a scagliette.","2b","0","Geodaunia","20.4",528653.729,4566527.932,593
"1144","A5","57.1","Argilliti grigio-verdastre a scagliette.","2b","0","Geodaunia","20.4",528653.729,4566527.932,593
"1145","A5","57.15","Argilliti grigio-verdastre a scagliette.","2b","0","Geodaunia","20.4",528653.729,4566527.932,593
"1146","A5","57.2","Argilliti grigio-verdastre a scagliette.","2b","0","Geodaunia","20.4",528653.729,4566527.932,593
"1147","A5","57.25","Argilliti grigio-verdastre a scagliette.","2b","0","Geodaunia","20.4",528653.729,4566527.932,593
"1148","A5","57.3","Argilliti grigio-verdastre a scagliette.","2b","0","Geodaunia","20.4",528653.729,4566527.932,593
"1149","A5","57.35","Argilliti grigio-verdastre a scagliette.","2b","0","Geodaunia","20.4",528653.729,4566527.932,593
"1150","A5","57.4","Argilliti grigio-verdastre a scagliette.","2b","0","Geodaunia","20.4",528653.729,4566527.932,593
"1151","A5","57.45","Argilliti grigio-verdastre a scagliette.","2b","0","Geodaunia","20.4",528653.729,4566527.932,593
"1152","A5","57.5","Argilliti grigio-verdastre a scagliette.","2b","0","Geodaunia","20.4",528653.729,4566527.932,593
"1153","A5","57.55","Argilliti grigio-verdastre a scagliette.","2b","0","Geodaunia","20.4",528653.729,4566527.932,593
"1154","A5","57.6","Argilliti grigio-verdastre a scagliette.","2b","0","Geodaunia","20.4",528653.729,4566527.932,593
"1155","A5","57.65","Argilliti grigio-verdastre a scagliette.","2b","0","Geodaunia","20.4",528653.729,4566527.932,593
"1156","A5","57.7","Argilliti grigio-verdastre a scagliette.","2b","0","Geodaunia","20.4",528653.729,4566527.932,593
"1157","A5","57.75","Argilliti grigio-verdastre a scagliette.","2b","0","Geodaunia","20.4",528653.729,4566527.932,593
"1158","A5","57.8","Argilliti grigio-verdastre a scagliette.","2b","0","Geodaunia","20.4",528653.729,4566527.932,593
"1159","A5","57.85","Argilliti grigio-verdastre a scagliette.","2b","0","Geodaunia","20.4",528653.729,4566527.932,593
"1160","A5","57.9","Argilliti grigio-verdastre a scagliette.","2b","0","Geodaunia","20.4",528653.729,4566527.932,593
"1161","A5","57.95","Argilliti grigio-verdastre a scagliette.","2b","0","Geodaunia","20.4",528653.729,4566527.932,593
"1162","A5","58","Argilliti grigio-verdastre a scagliette.","2b","0","Geodaunia","20.4",528653.729,4566527.932,593
"1163","A5","58.05","Argilliti grigio-verdastre a scagliette.","2b","0","Geodaunia","20.4",528653.729,4566527.932,593
"1164","A5","58.1","Argilliti grigio-verdastre a scagliette.","2b","0","Geodaunia","20.4",528653.729,4566527.932,593
"1165","A5","58.15","Argilliti grigio-verdastre a scagliette.","2b","0","Geodaunia","20.4",528653.729,4566527.932,593
"1166","A5","58.2","Argilliti grigio-verdastre a scagliette.","2b","0","Geodaunia","20.4",528653.729,4566527.932,593
"1167","A5","58.25","Argilliti grigio-verdastre a scagliette.","2b","0","Geodaunia","20.4",528653.729,4566527.932,593
"1168","A5","58.3","Argilliti grigio-verdastre a scagliette.","2b","0","Geodaunia","20.4",528653.729,4566527.932,593
"1169","A5","58.35","Argilliti grigio-verdastre a scagliette.","2b","0","Geodaunia","20.4",528653.729,4566527.932,593
"1170","A5","58.4","Argilliti grigio-verdastre a scagliette.","2b","0","Geodaunia","20.4",528653.729,4566527.932,593
"1171","A5","58.45","Argilliti grigio-verdastre a scagliette.","2b","0","Geodaunia","20.4",528653.729,4566527.932,593
"1172","A5","58.5","Argilliti grigio-verdastre a scagliette.","2b","0","Geodaunia","20.4",528653.729,4566527.932,593
"1173","A5","58.55","Argilliti grigio-verdastre a scagliette.","2b","0","Geodaunia","20.4",528653.729,4566527.932,593
"1174","A5","58.6","Argilliti grigio-verdastre a scagliette.","2b","0","Geodaunia","20.4",528653.729,4566527.932,593
"1175","A5","58.65","Argilliti grigio-verdastre a scagliette.","2b","0","Geodaunia","20.4",528653.729,4566527.932,593
"1176","A5","58.7","Argilliti grigio-verdastre a scagliette.","2b","0","Geodaunia","20.4",528653.729,4566527.932,593
"1177","A5","58.75","Argilliti grigio-verdastre a scagliette.","2b","0","Geodaunia","20.4",528653.729,4566527.932,593
"1178","A5","58.8","Argilliti grigio-verdastre a scagliette.","2b","0","Geodaunia","20.4",528653.729,4566527.932,593
"1179","A5","58.85","Argilliti grigio-verdastre a scagliette.","2b","0","Geodaunia","20.4",528653.729,4566527.932,593
"1180","A5","58.9","Argilliti grigio-verdastre a scagliette.","2b","0","Geodaunia","20.4",528653.729,4566527.932,593
"1181","A5","58.95","Argilliti grigio-verdastre a scagliette.","2b","0","Geodaunia","20.4",528653.729,4566527.932,593
"1182","A5","59","Argilliti grigio-verdastre a scagliette.","2b","0","Geodaunia","20.4",528653.729,4566527.932,593
"1183","A5","59.05","Argilliti grigio-verdastre a scagliette.","2b","0","Geodaunia","20.4",528653.729,4566527.932,593
"1184","A5","59.1","Argilliti grigio-verdastre a scagliette.","2b","0","Geodaunia","20.4",528653.729,4566527.932,593
"1185","A5","59.15","Argilliti grigio-verdastre a scagliette.","2b","0","Geodaunia","20.4",528653.729,4566527.932,593
"1186","A5","59.2","Argilliti grigio-verdastre a scagliette.","2b","0","Geodaunia","20.4",528653.729,4566527.932,593
"1187","A5","59.25","Argilliti grigio-verdastre a scagliette.","2b","0","Geodaunia","20.4",528653.729,4566527.932,593
"1188","A5","59.3","Argilliti grigio-verdastre a scagliette.","2b","0","Geodaunia","20.4",528653.729,4566527.932,593
"1189","A5","59.35","Argilliti grigio-verdastre a scagliette.","2b","0","Geodaunia","20.4",528653.729,4566527.932,593
"1190","A5","59.4","Argilliti grigio-verdastre a scagliette.","2b","0","Geodaunia","20.4",528653.729,4566527.932,593
"1191","A5","59.45","Argilliti grigio-verdastre a scagliette.","2b","0","Geodaunia","20.4",528653.729,4566527.932,593
"1192","A5","59.5","Argilliti grigio-verdastre a scagliette.","2b","0","Geodaunia","20.4",528653.729,4566527.932,593
"1193","A5","59.55","Argilliti grigio-verdastre a scagliette.","2b","0","Geodaunia","20.4",528653.729,4566527.932,593
"1194","A5","59.6","Argilliti grigio-verdastre a scagliette.","2b","0","Geodaunia","20.4",528653.729,4566527.932,593
"1195","A5","59.65","Argilliti grigio-verdastre a scagliette.","2b","0","Geodaunia","20.4",528653.729,4566527.932,593
"1196","A5","59.7","Argilliti grigio-verdastre a scagliette.","2b","0","Geodaunia","20.4",528653.729,4566527.932,593
"1197","A5","59.75","Argilliti grigio-verdastre a scagliette.","2b","0","Geodaunia","20.4",528653.729,4566527.932,593
"1198","A5","59.8","Argilliti grigio-verdastre a scagliette.","2b","0","Geodaunia","20.4",528653.729,4566527.932,593
"1199","A5","59.85","Argilliti grigio-verdastre a scagliette.","2b","0","Geodaunia","20.4",528653.729,4566527.932,593
"1200","A5","59.9","Argilliti grigio-verdastre a scagliette.","2b","0","Geodaunia","20.4",528653.729,4566527.932,593
"1201","A5","59.95","Argilliti grigio-verdastre a scagliette.","2b","0","Geodaunia","20.4",528653.729,4566527.932,593
"1202","A5","60","Argilliti grigio-verdastre a scagliette.","2b","0","Geodaunia","20.4",528653.729,4566527.932,593
"1203","A5","60.05","Argilliti grigio-verdastre a scagliette.","2b","0","Geodaunia","20.4",528653.729,4566527.932,593
"1204","A5","60.1","Argilliti grigio-verdastre a scagliette.","2b","0","Geodaunia","20.4",528653.729,4566527.932,593
"1205","A5","60.15","Argilliti grigio-verdastre a scagliette.","2b","0","Geodaunia","20.4",528653.729,4566527.932,593
"1206","A5","60.2","Argilliti grigio-verdastre a scagliette.","2b","0","Geodaunia","20.4",528653.729,4566527.932,593
"1207","A5","60.25","Argilliti grigio-verdastre a scagliette.","2b","0","Geodaunia","20.4",528653.729,4566527.932,593
"1208","A5","60.3","Argilliti grigio-verdastre a scagliette.","2b","0","Geodaunia","20.4",528653.729,4566527.932,593
"1209","A5","60.35","Argilliti grigio-verdastre a scagliette.","2b","0","Geodaunia","20.4",528653.729,4566527.932,593
"1210","A5","60.4","Argilliti grigio-verdastre a scagliette.","2b","0","Geodaunia","20.4",528653.729,4566527.932,593
"1211","A5","60.45","Argilliti grigio-verdastre a scagliette.","2b","0","Geodaunia","20.4",528653.729,4566527.932,593
"1212","A5","60.5","Argilliti grigio-verdastre a scagliette.","2b","0","Geodaunia","20.4",528653.729,4566527.932,593
"1213","A5","60.55","Argilliti grigio-verdastre a scagliette.","2b","0","Geodaunia","20.4",528653.729,4566527.932,593
"1214","A5","60.6","Argilliti grigio-verdastre a scagliette.","2b","0","Geodaunia","20.4",528653.729,4566527.932,593
"1215","A5","60.65","Argilliti grigio-verdastre a scagliette.","2b","0","Geodaunia","20.4",528653.729,4566527.932,593
"1216","A5","60.7","Argilliti grigio-verdastre a scagliette.","2b","0","Geodaunia","20.4",528653.729,4566527.932,593
"1217","A5","60.75","Argilliti grigio-verdastre a scagliette.","2b","0","Geodaunia","20.4",528653.729,4566527.932,593
"1218","A5","60.8","Argilliti grigio-verdastre a scagliette.","2b","0","Geodaunia","20.4",528653.729,4566527.932,593
"1219","A5","60.85","Argilliti grigio-verdastre a scagliette.","2b","0","Geodaunia","20.4",528653.729,4566527.932,593
"1220","A5","60.9","Argilliti grigio-verdastre a scagliette.","2b","0","Geodaunia","20.4",528653.729,4566527.932,593
"1221","A5","60.95","Argilliti grigio-verdastre a scagliette.","2b","0","Geodaunia","20.4",528653.729,4566527.932,593
"1222","A5","61","Argilliti grigio-verdastre a scagliette.","2b","0","Geodaunia","20.4",528653.729,4566527.932,593
"1223","A5","61.05","Argilliti grigio-verdastre a scagliette.","2b","0","Geodaunia","20.4",528653.729,4566527.932,593
"1224","A5","61.1","Argilliti grigio-verdastre a scagliette.","2b","0","Geodaunia","20.4",528653.729,4566527.932,593
"1225","A5","61.15","Argilliti grigio-verdastre a scagliette.","2b","0","Geodaunia","20.4",528653.729,4566527.932,593
"1226","A5","61.2","Argilliti grigio-verdastre a scagliette.","2b","0","Geodaunia","20.4",528653.729,4566527.932,593
"1227","A5","61.25","Argilliti grigio-verdastre a scagliette.","2b","0","Geodaunia","20.4",528653.729,4566527.932,593
"1228","A5","61.3","Argilliti grigio-verdastre a scagliette.","2b","0","Geodaunia","20.4",528653.729,4566527.932,593
"1229","A5","61.35","Argilliti grigio-verdastre a scagliette.","2b","0","Geodaunia","20.4",528653.729,4566527.932,593
"1230","A5","61.4","Argilliti grigio-verdastre a scagliette.","2b","0","Geodaunia","20.4",528653.729,4566527.932,593
"1231","A5","61.45","Argilliti grigio-verdastre a scagliette.","2b","0","Geodaunia","20.4",528653.729,4566527.932,593
"1232","A5","61.5","Argilliti grigio-verdastre a scagliette.","2b","0","Geodaunia","20.4",528653.729,4566527.932,593
"1233","A5","61.55","Argilliti grigio-verdastre a scagliette.","2b","0","Geodaunia","20.4",528653.729,4566527.932,593
"1234","A5","61.6","Argilliti grigio-verdastre a scagliette.","2b","0","Geodaunia","20.4",528653.729,4566527.932,593
"1235","A5","61.65","Argilliti grigio-verdastre a scagliette.","2b","0","Geodaunia","20.4",528653.729,4566527.932,593
"1236","A5","61.7","Argilliti grigio-verdastre a scagliette.","2b","0","Geodaunia","20.4",528653.729,4566527.932,593
"1237","A5","61.75","Argilliti grigio-verdastre a scagliette.","2b","0","Geodaunia","20.4",528653.729,4566527.932,593
"1238","A5","61.8","Argilliti grigio-verdastre a scagliette.","2b","0","Geodaunia","20.4",528653.729,4566527.932,593
"1239","A5","61.85","Argilliti grigio-verdastre a scagliette.","2b","0","Geodaunia","20.4",528653.729,4566527.932,593
"1240","A5","61.9","Argilliti grigio-verdastre a scagliette.","2b","0","Geodaunia","20.4",528653.729,4566527.932,593
"1241","A5","61.95","Argilliti grigio-verdastre a scagliette.","2b","0","Geodaunia","20.4",528653.729,4566527.932,593
"1242","A5","62","Argilliti grigio-verdastre a scagliette.","2b","0","Geodaunia","20.4",528653.729,4566527.932,593
"1243","A5","62.05","Argilliti grigio-verdastre a scagliette.","2b","0","Geodaunia","20.4",528653.729,4566527.932,593
"1244","A5","62.1","Argilliti grigio-verdastre a scagliette.","2b","0","Geodaunia","20.4",528653.729,4566527.932,593
"1245","A5","62.15","Argilliti grigio-verdastre a scagliette.","2b","0","Geodaunia","20.4",528653.729,4566527.932,593
"1246","A5","62.2","Argilliti grigio-verdastre a scagliette.","2b","0","Geodaunia","20.4",528653.729,4566527.932,593
"1247","A5","62.25","Argilliti grigio-verdastre a scagliette.","2b","0","Geodaunia","20.4",528653.729,4566527.932,593
"1248","A5","62.3","Argilliti grigio-verdastre a scagliette.","2b","0","Geodaunia","20.4",528653.729,4566527.932,593
"1249","A5","62.35","Argilliti grigio-verdastre a scagliette.","2b","0","Geodaunia","20.4",528653.729,4566527.932,593
"1250","A5","62.4","Argilliti grigio-verdastre a scagliette.","2b","0","Geodaunia","20.4",528653.729,4566527.932,593
"1251","A5","62.45","Argilliti grigio-verdastre a scagliette.","2b","0","Geodaunia","20.4",528653.729,4566527.932,593
"1252","A5","62.5","Argilliti grigio-verdastre a scagliette.","2b","0","Geodaunia","20.4",528653.729,4566527.932,593
"1253","A5","62.55","Argilliti grigio-verdastre a scagliette.","2b","0","Geodaunia","20.4",528653.729,4566527.932,593
"1254","A5","62.6","Argilliti grigio-verdastre a scagliette.","2b","0","Geodaunia","20.4",528653.729,4566527.932,593
"1255","A5","62.65","Argilliti grigio-verdastre a scagliette.","2b","0","Geodaunia","20.4",528653.729,4566527.932,593
"1256","A5","62.7","Argilliti grigio-verdastre a scagliette.","2b","0","Geodaunia","20.4",528653.729,4566527.932,593
"1257","A5","62.75","Argilliti grigio-verdastre a scagliette.","2b","0","Geodaunia","20.4",528653.729,4566527.932,593
"1258","A5","62.8","Argilliti grigio-verdastre a scagliette.","2b","0","Geodaunia","20.4",528653.729,4566527.932,593
"1259","A5","62.85","Argilliti grigio-verdastre a scagliette.","2b","0","Geodaunia","20.4",528653.729,4566527.932,593
"1260","A5","62.9","Argilliti grigio-verdastre a scagliette.","2b","0","Geodaunia","20.4",528653.729,4566527.932,593
"1261","A5","62.95","Argilliti grigio-verdastre a scagliette.","2b","0","Geodaunia","20.4",528653.729,4566527.932,593
"1262","A5","63","Argilliti grigio-verdastre a scagliette.","2b","0","Geodaunia","20.4",528653.729,4566527.932,593
"1263","A5","63.05","Argilliti grigio-verdastre a scagliette.","2b","0","Geodaunia","20.4",528653.729,4566527.932,593
"1264","A5","63.1","Argilliti grigio-verdastre a scagliette.","2b","0","Geodaunia","20.4",528653.729,4566527.932,593
"1265","A5","63.15","Argilliti grigio-verdastre a scagliette.","2b","0","Geodaunia","20.4",528653.729,4566527.932,593
"1266","A5","63.2","Argilliti grigio-verdastre a scagliette.","2b","0","Geodaunia","20.4",528653.729,4566527.932,593
"1267","A5","63.25","Argilliti grigio-verdastre a scagliette.","2b","0","Geodaunia","20.4",528653.729,4566527.932,593
"1268","A5","63.3","Argilliti grigio-verdastre a scagliette.","2b","0","Geodaunia","20.4",528653.729,4566527.932,593
"1269","A5","63.35","Argilliti grigio-verdastre a scagliette.","2b","0","Geodaunia","20.4",528653.729,4566527.932,593
"1270","A5","63.4","Argilliti grigio-verdastre a scagliette.","2b","0","Geodaunia","20.4",528653.729,4566527.932,593
"1271","A5","63.45","Argilliti grigio-verdastre a scagliette.","2b","0","Geodaunia","20.4",528653.729,4566527.932,593
"1272","A5","63.5","Argilliti grigio-verdastre a scagliette.","2b","0","Geodaunia","20.4",528653.729,4566527.932,593
"1273","A5","63.55","Argilliti grigio-verdastre a scagliette.","2b","0","Geodaunia","20.4",528653.729,4566527.932,593
"1274","A5","63.6","Argilliti grigio-verdastre a scagliette.","2b","0","Geodaunia","20.4",528653.729,4566527.932,593
"1275","A5","63.65","Argilliti grigio-verdastre a scagliette.","2b","0","Geodaunia","20.4",528653.729,4566527.932,593
"1276","A5","63.7","Argilliti grigio-verdastre a scagliette.","2b","0","Geodaunia","20.4",528653.729,4566527.932,593
"1277","A5","63.75","Argilliti grigio-verdastre a scagliette.","2b","0","Geodaunia","20.4",528653.729,4566527.932,593
"1278","A5","63.8","Argilliti grigio-verdastre a scagliette.","2b","0","Geodaunia","20.4",528653.729,4566527.932,593
"1279","A5","63.85","Argilliti grigio-verdastre a scagliette.","2b","0","Geodaunia","20.4",528653.729,4566527.932,593
"1280","A5","63.9","Argilliti grigio-verdastre a scagliette.","2b","0","Geodaunia","20.4",528653.729,4566527.932,593
"1281","A5","63.95","Argilliti grigio-verdastre a scagliette.","2b","0","Geodaunia","20.4",528653.729,4566527.932,593
"1282","A5","64","Argilliti grigio-verdastre a scagliette.","2b","0","Geodaunia","20.4",528653.729,4566527.932,593
"1283","A5","64.05","Argilliti grigio-verdastre a scagliette.","2b","0","Geodaunia","20.4",528653.729,4566527.932,593
"1284","A5","64.1","Argilliti grigio-verdastre a scagliette.","2b","0","Geodaunia","20.4",528653.729,4566527.932,593
"1285","A5","64.15","Argilliti grigio-verdastre a scagliette.","2b","0","Geodaunia","20.4",528653.729,4566527.932,593
"1286","A5","64.2","Argilliti grigio-verdastre a scagliette.","2b","0","Geodaunia","20.4",528653.729,4566527.932,593
"1287","A5","64.25","Argilliti grigio-verdastre a scagliette.","2b","0","Geodaunia","20.4",528653.729,4566527.932,593
"1288","A5","64.3","Argilliti grigio-verdastre a scagliette.","2b","0","Geodaunia","20.4",528653.729,4566527.932,593
"1289","A5","64.35","Argilliti grigio-verdastre a scagliette.","2b","0","Geodaunia","20.4",528653.729,4566527.932,593
"1290","A5","64.4","Argilliti grigio-verdastre a scagliette.","2b","0","Geodaunia","20.4",528653.729,4566527.932,593
"1291","A5","64.45","Argilliti grigio-verdastre a scagliette.","2b","0","Geodaunia","20.4",528653.729,4566527.932,593
"1292","A5","64.5","Argilliti grigio-verdastre a scagliette.","2b","0","Geodaunia","20.4",528653.729,4566527.932,593
"1293","A5","64.55","Argilliti grigio-verdastre a scagliette.","2b","0","Geodaunia","20.4",528653.729,4566527.932,593
"1294","A5","64.6","Argilliti grigio-verdastre a scagliette.","2b","0","Geodaunia","20.4",528653.729,4566527.932,593
"1295","A5","64.65","Argilliti grigio-verdastre a scagliette.","2b","0","Geodaunia","20.4",528653.729,4566527.932,593
"1296","A5","64.7","Argilliti grigio-verdastre a scagliette.","2b","0","Geodaunia","20.4",528653.729,4566527.932,593
"1297","A5","64.75","Argilliti grigio-verdastre a scagliette.","2b","0","Geodaunia","20.4",528653.729,4566527.932,593
"1298","A5","64.8","Argilliti grigio-verdastre a scagliette.","2b","0","Geodaunia","20.4",528653.729,4566527.932,593
"1299","A5","64.85","Argilliti grigio-verdastre a scagliette.","2b","0","Geodaunia","20.4",528653.729,4566527.932,593
"1300","A5","64.9","Argilliti grigio-verdastre a scagliette.","2b","0","Geodaunia","20.4",528653.729,4566527.932,593
"1301","A5","64.95","Argilliti grigio-verdastre a scagliette.","2b","0","Geodaunia","20.4",528653.729,4566527.932,593
"1302","A5","65","Argilliti grigio-verdastre a scagliette.","2b","0","Geodaunia","20.4",528653.729,4566527.932,593
"1303","A5","65.05","Argilliti grigio-verdastre a scagliette.","2b","0","Geodaunia","20.4",528653.729,4566527.932,593
"1304","A5","65.1","Argilliti grigio-verdastre a scagliette.","2b","0","Geodaunia","20.4",528653.729,4566527.932,593
"1305","A5","65.15","Argilliti grigio-verdastre a scagliette.","2b","0","Geodaunia","20.4",528653.729,4566527.932,593
"1306","A5","65.2","Argilliti grigio-verdastre a scagliette.","2b","0","Geodaunia","20.4",528653.729,4566527.932,593
"1307","A5","65.25","Argilliti grigio-verdastre a scagliette.","2b","0","Geodaunia","20.4",528653.729,4566527.932,593
"1308","A5","65.3","Argilliti grigio-verdastre a scagliette.","2b","0","Geodaunia","20.4",528653.729,4566527.932,593
"1309","A5","65.35","Argilliti grigio-verdastre a scagliette.","2b","0","Geodaunia","20.4",528653.729,4566527.932,593
"1310","A5","65.4","Argilliti grigio-verdastre a scagliette.","2b","0","Geodaunia","20.4",528653.729,4566527.932,593
"1311","A5","65.45","Argilliti grigio-verdastre a scagliette.","2b","0","Geodaunia","20.4",528653.729,4566527.932,593
"1312","A5","65.5","Argilliti grigio-verdastre a scagliette.","2b","0","Geodaunia","20.4",528653.729,4566527.932,593
"1313","A5","65.55","Argilliti grigio-verdastre a scagliette.","2b","0","Geodaunia","20.4",528653.729,4566527.932,593
"1314","A5","65.6","Argilliti grigio-verdastre a scagliette.","2b","0","Geodaunia","20.4",528653.729,4566527.932,593
"1315","A5","65.65","Argilliti grigio-verdastre a scagliette.","2b","0","Geodaunia","20.4",528653.729,4566527.932,593
"1316","A5","65.7","Argilliti grigio-verdastre a scagliette.","2b","0","Geodaunia","20.4",528653.729,4566527.932,593
"1317","A5","65.75","Argilliti grigio-verdastre a scagliette.","2b","0","Geodaunia","20.4",528653.729,4566527.932,593
"1318","A5","65.8","Argilliti grigio-verdastre a scagliette.","2b","0","Geodaunia","20.4",528653.729,4566527.932,593
"1319","A5","65.85","Argilliti grigio-verdastre a scagliette.","2b","0","Geodaunia","20.4",528653.729,4566527.932,593
"1320","A5","65.9","Argilliti grigio-verdastre a scagliette.","2b","0","Geodaunia","20.4",528653.729,4566527.932,593
"1321","A5","65.95","Argilliti grigio-verdastre a scagliette.","2b","0","Geodaunia","20.4",528653.729,4566527.932,593
"1322","A5","66","Argilliti grigio-verdastre a scagliette.","2b","0","Geodaunia","20.4",528653.729,4566527.932,593
"1323","A5","66.05","Argilliti grigio-verdastre a scagliette.","2b","0","Geodaunia","20.4",528653.729,4566527.932,593
"1324","A5","66.1","Argilliti grigio-verdastre a scagliette.","2b","0","Geodaunia","20.4",528653.729,4566527.932,593
"1325","A5","66.15","Argilliti grigio-verdastre a scagliette.","2b","0","Geodaunia","20.4",528653.729,4566527.932,593
"1326","A5","66.2","Argilliti grigio-verdastre a scagliette.","2b","0","Geodaunia","20.4",528653.729,4566527.932,593
"1327","A5","66.25","Argilliti grigio-verdastre a scagliette.","2b","0","Geodaunia","20.4",528653.729,4566527.932,593
"1328","A5","66.3","Argilliti grigio-verdastre a scagliette.","2b","0","Geodaunia","20.4",528653.729,4566527.932,593
"1329","A5","66.35","Argilliti grigio-verdastre a scagliette.","2b","0","Geodaunia","20.4",528653.729,4566527.932,593
"1330","A5","66.4","Argilliti grigio-verdastre a scagliette.","2b","0","Geodaunia","20.4",528653.729,4566527.932,593
"1331","A5","66.45","Argilliti grigio-verdastre a scagliette.","2b","0","Geodaunia","20.4",528653.729,4566527.932,593
"1332","A5","66.5","Argilliti grigio-verdastre a scagliette.","2b","0","Geodaunia","20.4",528653.729,4566527.932,593
"1333","A5","66.55","Argilliti grigio-verdastre a scagliette.","2b","0","Geodaunia","20.4",528653.729,4566527.932,593
"1334","A5","66.6","Argilliti grigio-verdastre a scagliette.","2b","0","Geodaunia","20.4",528653.729,4566527.932,593
"1335","A5","66.65","Argilliti grigio-verdastre a scagliette.","2b","0","Geodaunia","20.4",528653.729,4566527.932,593
"1336","A5","66.7","Argilliti grigio-verdastre a scagliette.","2b","0","Geodaunia","20.4",528653.729,4566527.932,593
"1337","A5","66.75","Argilliti grigio-verdastre a scagliette.","2b","0","Geodaunia","20.4",528653.729,4566527.932,593
"1338","A5","66.8","Argilliti grigio-verdastre a scagliette.","2b","0","Geodaunia","20.4",528653.729,4566527.932,593
"1339","A5","66.85","Argilliti grigio-verdastre a scagliette.","2b","0","Geodaunia","20.4",528653.729,4566527.932,593
"1340","A5","66.9","Argilliti grigio-verdastre a scagliette.","2b","0","Geodaunia","20.4",528653.729,4566527.932,593
"1341","A5","66.95","Argilliti grigio-verdastre a scagliette.","2b","0","Geodaunia","20.4",528653.729,4566527.932,593
"1342","A5","67","Argilliti grigio-verdastre a scagliette.","2b","0","Geodaunia","20.4",528653.729,4566527.932,593
"1343","A5","67.05","Argilliti grigio-verdastre a scagliette.","2b","0","Geodaunia","20.4",528653.729,4566527.932,593
"1344","A5","67.1","Argilliti grigio-verdastre a scagliette.","2b","0","Geodaunia","20.4",528653.729,4566527.932,593
"1345","A5","67.15","Argilliti grigio-verdastre a scagliette.","2b","0","Geodaunia","20.4",528653.729,4566527.932,593
"1346","A5","67.2","Argilliti grigio-verdastre a scagliette.","2b","0","Geodaunia","20.4",528653.729,4566527.932,593
"1347","A5","67.25","Argilliti grigio-verdastre a scagliette.","2b","0","Geodaunia","20.4",528653.729,4566527.932,593
"1348","A5","67.3","Argilliti grigio-verdastre a scagliette.","2b","0","Geodaunia","20.4",528653.729,4566527.932,593
"1349","A5","67.35","Argilliti grigio-verdastre a scagliette.","2b","0","Geodaunia","20.4",528653.729,4566527.932,593
"1350","A5","67.4","Argilliti grigio-verdastre a scagliette.","2b","0","Geodaunia","20.4",528653.729,4566527.932,593
"1351","A5","67.45","Argilliti grigio-verdastre a scagliette.","2b","0","Geodaunia","20.4",528653.729,4566527.932,593
"1352","A5","67.5","Argilliti grigio-verdastre a scagliette.","2b","0","Geodaunia","20.4",528653.729,4566527.932,593
"1353","A5","67.55","Argilliti grigio-verdastre a scagliette.","2b","0","Geodaunia","20.4",528653.729,4566527.932,593
"1354","A5","67.6","Argilliti grigio-verdastre a scagliette.","2b","0","Geodaunia","20.4",528653.729,4566527.932,593
"1355","A5","67.65","Argilliti grigio-verdastre a scagliette.","2b","0","Geodaunia","20.4",528653.729,4566527.932,593
"1356","A5","67.7","Argilliti grigio-verdastre a scagliette.","2b","0","Geodaunia","20.4",528653.729,4566527.932,593
"1357","A5","67.75","Argilliti grigio-verdastre a scagliette.","2b","0","Geodaunia","20.4",528653.729,4566527.932,593
"1358","A5","67.8","Argilliti grigio-verdastre a scagliette.","2b","0","Geodaunia","20.4",528653.729,4566527.932,593
"1359","A5","67.85","Argilliti grigio-verdastre a scagliette.","2b","0","Geodaunia","20.4",528653.729,4566527.932,593
"1360","A5","67.9","Argilliti grigio-verdastre a scagliette.","2b","0","Geodaunia","20.4",528653.729,4566527.932,593
"1361","A5","67.95","Argilliti grigio-verdastre a scagliette.","2b","0","Geodaunia","20.4",528653.729,4566527.932,593
"1362","A5","68","Argilliti grigio-verdastre a scagliette.","2b","0","Geodaunia","20.4",528653.729,4566527.932,593
"1363","A5","68.05","Argilliti grigio-verdastre a scagliette.","2b","0","Geodaunia","20.4",528653.729,4566527.932,593
"1364","A5","68.1","Argilliti grigio-verdastre a scagliette.","2b","0","Geodaunia","20.4",528653.729,4566527.932,593
"1365","A5","68.15","Argilliti grigio-verdastre a scagliette.","2b","0","Geodaunia","20.4",528653.729,4566527.932,593
"1366","A5","68.2","Argilliti grigio-verdastre a scagliette.","2b","0","Geodaunia","20.4",528653.729,4566527.932,593
"1367","A5","68.25","Argilliti grigio-verdastre a scagliette.","2b","0","Geodaunia","20.4",528653.729,4566527.932,593
"1368","A5","68.3","Argilliti grigio-verdastre a scagliette.","2b","0","Geodaunia","20.4",528653.729,4566527.932,593
"1369","A5","68.35","Argilliti grigio-verdastre a scagliette.","2b","0","Geodaunia","20.4",528653.729,4566527.932,593
"1370","A5","68.4","Argilliti grigio-verdastre a scagliette.","2b","0","Geodaunia","20.4",528653.729,4566527.932,593
"1371","A5","68.45","Argilliti grigio-verdastre a scagliette.","2b","0","Geodaunia","20.4",528653.729,4566527.932,593
"1372","A5","68.5","Argilliti grigio-verdastre a scagliette.","2b","0","Geodaunia","20.4",528653.729,4566527.932,593
"1373","A5","68.55","Argilliti grigio-verdastre a scagliette.","2b","0","Geodaunia","20.4",528653.729,4566527.932,593
"1374","A5","68.6","Argilliti grigio-verdastre a scagliette.","2b","0","Geodaunia","20.4",528653.729,4566527.932,593
"1375","A5","68.65","Argilliti grigio-verdastre a scagliette.","2b","0","Geodaunia","20.4",528653.729,4566527.932,593
"1376","A5","68.7","Argilliti grigio-verdastre a scagliette.","2b","0","Geodaunia","20.4",528653.729,4566527.932,593
"1377","A5","68.75","Argilliti grigio-verdastre a scagliette.","2b","0","Geodaunia","20.4",528653.729,4566527.932,593
"1378","A5","68.8","Argilliti grigio-verdastre a scagliette.","2b","0","Geodaunia","20.4",528653.729,4566527.932,593
"1379","A5","68.85","Argilliti grigio-verdastre a scagliette.","2b","0","Geodaunia","20.4",528653.729,4566527.932,593
"1380","A5","68.9","Argilliti grigio-verdastre a scagliette.","2b","0","Geodaunia","20.4",528653.729,4566527.932,593
"1381","A5","68.95","Argilliti grigio-verdastre a scagliette.","2b","0","Geodaunia","20.4",528653.729,4566527.932,593
"1382","A5","69","Argilliti grigio-verdastre a scagliette.","2b","0","Geodaunia","20.4",528653.729,4566527.932,593
"1383","A5","69.05","Argilliti grigio-verdastre a scagliette.","2b","0","Geodaunia","20.4",528653.729,4566527.932,593
"1384","A5","69.1","Argilliti grigio-verdastre a scagliette.","2b","0","Geodaunia","20.4",528653.729,4566527.932,593
"1385","A5","69.15","Argilliti grigio-verdastre a scagliette.","2b","0","Geodaunia","20.4",528653.729,4566527.932,593
"1386","A5","69.2","Argilliti grigio-verdastre a scagliette.","2b","0","Geodaunia","20.4",528653.729,4566527.932,593
"1387","A5","69.25","Argilliti grigio-verdastre a scagliette.","2b","0","Geodaunia","20.4",528653.729,4566527.932,593
"1388","A5","69.3","Argilliti grigio-verdastre a scagliette.","2b","0","Geodaunia","20.4",528653.729,4566527.932,593
"1389","A5","69.35","Argilliti grigio-verdastre a scagliette.","2b","0","Geodaunia","20.4",528653.729,4566527.932,593
"1390","A5","69.4","Argilliti grigio-verdastre a scagliette.","2b","0","Geodaunia","20.4",528653.729,4566527.932,593
"1391","A5","69.45","Argilliti grigio-verdastre a scagliette.","2b","0","Geodaunia","20.4",528653.729,4566527.932,593
"1392","A5","69.5","Argilliti grigio-verdastre a scagliette.","2b","0","Geodaunia","20.4",528653.729,4566527.932,593
"1393","A5","69.55","Argilliti grigio-verdastre a scagliette.","2b","0","Geodaunia","20.4",528653.729,4566527.932,593
"1394","A5","69.6","Argilliti grigio-verdastre a scagliette.","2b","0","Geodaunia","20.4",528653.729,4566527.932,593
"1395","A5","69.65","Argilliti grigio-verdastre a scagliette.","2b","0","Geodaunia","20.4",528653.729,4566527.932,593
"1396","A5","69.7","Argilliti grigio-verdastre a scagliette.","2b","0","Geodaunia","20.4",528653.729,4566527.932,593
"1397","A5","69.75","Argilliti grigio-verdastre a scagliette.","2b","0","Geodaunia","20.4",528653.729,4566527.932,593
"1398","A5","69.8","Argilliti grigio-verdastre a scagliette.","2b","0","Geodaunia","20.4",528653.729,4566527.932,593
"1399","A5","69.85","Argilliti grigio-verdastre a scagliette.","2b","0","Geodaunia","20.4",528653.729,4566527.932,593
"1400","A5","69.9","Argilliti grigio-verdastre a scagliette.","2b","0","Geodaunia","20.4",528653.729,4566527.932,593
"1401","A5","69.95","Argilliti grigio-verdastre a scagliette.","2b","0","Geodaunia","20.4",528653.729,4566527.932,593
"1402","A5","70","Argilliti grigio-verdastre a scagliette.","2b","0","Geodaunia","20.4",528653.729,4566527.932,593
"1403","A5","70.05","Argilliti grigio-verdastre a scagliette.","2b","0","Geodaunia","20.4",528653.729,4566527.932,593
"1404","A5","70.1","Argilliti grigio-verdastre a scagliette.","2b","0","Geodaunia","20.4",528653.729,4566527.932,593
"1405","A5","70.15","Argilliti grigio-verdastre a scagliette.","2b","0","Geodaunia","20.4",528653.729,4566527.932,593
"1406","A5","70.2","Argilliti grigio-verdastre a scagliette.","2b","0","Geodaunia","20.4",528653.729,4566527.932,593
"1407","A5","70.25","Argilliti grigio-verdastre a scagliette.","2b","0","Geodaunia","20.4",528653.729,4566527.932,593
"1408","A5","70.3","Argilliti grigio-verdastre a scagliette.","2b","0","Geodaunia","20.4",528653.729,4566527.932,593
"1409","A5","70.35","Argilliti grigio-verdastre a scagliette.","2b","0","Geodaunia","20.4",528653.729,4566527.932,593
"1410","A5","70.4","Argilliti grigio-verdastre a scagliette.","2b","0","Geodaunia","20.4",528653.729,4566527.932,593
"1411","A5","70.45","Argilliti grigio-verdastre a scagliette.","2b","0","Geodaunia","20.4",528653.729,4566527.932,593
"1412","A5","70.5","Argilliti grigio-verdastre a scagliette.","2b","0","Geodaunia","20.4",528653.729,4566527.932,593
"1413","A5","70.55","Argilliti grigio-verdastre a scagliette.","2b","0","Geodaunia","20.4",528653.729,4566527.932,593
"1414","A5","70.6","Argilliti grigio-verdastre a scagliette.","2b","0","Geodaunia","20.4",528653.729,4566527.932,593
"1415","A5","70.65","Argilliti grigio-verdastre a scagliette.","2b","0","Geodaunia","20.4",528653.729,4566527.932,593
"1416","A5","70.7","Argilliti grigio-verdastre a scagliette.","2b","0","Geodaunia","20.4",528653.729,4566527.932,593
"1417","A5","70.75","Argilliti grigio-verdastre a scagliette.","2b","0","Geodaunia","20.4",528653.729,4566527.932,593
"1418","A5","70.8","Argilliti grigio-verdastre a scagliette.","2b","0","Geodaunia","20.4",528653.729,4566527.932,593
"1419","A5","70.85","Argilliti grigio-verdastre a scagliette.","2b","0","Geodaunia","20.4",528653.729,4566527.932,593
"1420","A5","70.9","Argilliti grigio-verdastre a scagliette.","2b","0","Geodaunia","20.4",528653.729,4566527.932,593
"1421","A5","70.95","Argilliti grigio-verdastre a scagliette.","2b","0","Geodaunia","20.4",528653.729,4566527.932,593
"1422","A5","71","Argilliti grigio-verdastre a scagliette.","2b","0","Geodaunia","20.4",528653.729,4566527.932,593
"1423","A5","71.05","Argilliti grigio-verdastre a scagliette.","2b","0","Geodaunia","20.4",528653.729,4566527.932,593
"1424","A5","71.1","Argilliti grigio-verdastre a scagliette.","2b","0","Geodaunia","20.4",528653.729,4566527.932,593
"1425","A5","71.15","Argilliti grigio-verdastre a scagliette.","2b","0","Geodaunia","20.4",528653.729,4566527.932,593
"1426","A5","71.2","Argilliti grigio-verdastre a scagliette.","2b","0","Geodaunia","20.4",528653.729,4566527.932,593
"1427","A5","71.25","Argilliti grigio-verdastre a scagliette.","2b","0","Geodaunia","20.4",528653.729,4566527.932,593
"1428","A5","71.3","Argilliti grigio-verdastre a scagliette.","2b","0","Geodaunia","20.4",528653.729,4566527.932,593
"1429","A5","71.35","Argilliti grigio-verdastre a scagliette.","2b","0","Geodaunia","20.4",528653.729,4566527.932,593
"1430","A5","71.4","Argilliti grigio-verdastre a scagliette.","2b","0","Geodaunia","20.4",528653.729,4566527.932,593
"1431","A5","71.45","Argilliti grigio-verdastre a scagliette.","2b","0","Geodaunia","20.4",528653.729,4566527.932,593
"1432","A5","71.5","Argilliti grigio-verdastre a scagliette.","2b","0","Geodaunia","20.4",528653.729,4566527.932,593
"1433","A5","71.55","Argilliti grigio-verdastre a scagliette.","2b","0","Geodaunia","20.4",528653.729,4566527.932,593
"1434","A5","71.6","Argilliti grigio-verdastre a scagliette.","2b","0","Geodaunia","20.4",528653.729,4566527.932,593
"1435","A5","71.65","Argilliti grigio-verdastre a scagliette.","2b","0","Geodaunia","20.4",528653.729,4566527.932,593
"1436","A5","71.7","Argilliti grigio-verdastre a scagliette.","2b","0","Geodaunia","20.4",528653.729,4566527.932,593
"1437","A5","71.75","Argilliti grigio-verdastre a scagliette.","2b","0","Geodaunia","20.4",528653.729,4566527.932,593
"1438","A5","71.8","Argilliti grigio-verdastre a scagliette.","2b","0","Geodaunia","20.4",528653.729,4566527.932,593
"1439","A5","71.85","Argilliti grigio-verdastre a scagliette.","2b","0","Geodaunia","20.4",528653.729,4566527.932,593
"1440","A5","71.9","Argilliti grigio-verdastre a scagliette.","2b","0","Geodaunia","20.4",528653.729,4566527.932,593
"1441","A5","71.95","Argilliti grigio-verdastre a scagliette.","2b","0","Geodaunia","20.4",528653.729,4566527.932,593
"1442","A5","72","Argilliti grigio-verdastre a scagliette.","2b","0","Geodaunia","20.4",528653.729,4566527.932,593
"1443","A5","72.05","Argilliti grigio-verdastre a scagliette.","2b","0","Geodaunia","20.4",528653.729,4566527.932,593
"1444","A5","72.1","Argilliti grigio-verdastre a scagliette.","2b","0","Geodaunia","20.4",528653.729,4566527.932,593
"1445","A5","72.15","Argilliti grigio-verdastre a scagliette.","2b","0","Geodaunia","20.4",528653.729,4566527.932,593
"1446","A5","72.2","Argilliti grigio-verdastre a scagliette.","2b","0","Geodaunia","20.4",528653.729,4566527.932,593
"1447","A5","72.25","Argilliti grigio-verdastre a scagliette.","2b","0","Geodaunia","20.4",528653.729,4566527.932,593
"1448","A5","72.3","Argilliti grigio-verdastre a scagliette.","2b","0","Geodaunia","20.4",528653.729,4566527.932,593
"1449","A5","72.35","Argilliti grigio-verdastre a scagliette.","2b","0","Geodaunia","20.4",528653.729,4566527.932,593
"1450","A5","72.4","Argilliti grigio-verdastre a scagliette.","2b","0","Geodaunia","20.4",528653.729,4566527.932,593
"1451","A5","72.45","Argilliti grigio-verdastre a scagliette.","2b","0","Geodaunia","20.4",528653.729,4566527.932,593
"1452","A5","72.5","Argilliti grigio-verdastre a scagliette.","2b","0","Geodaunia","20.4",528653.729,4566527.932,593
"1453","A5","72.55","Argilliti grigio-verdastre a scagliette.","2b","0","Geodaunia","20.4",528653.729,4566527.932,593
"1454","A5","72.6","Argilliti grigio-verdastre a scagliette.","2b","0","Geodaunia","20.4",528653.729,4566527.932,593
"1455","A5","72.65","Argilliti grigio-verdastre a scagliette.","2b","0","Geodaunia","20.4",528653.729,4566527.932,593
"1456","A5","72.7","Argilliti grigio-verdastre a scagliette.","2b","0","Geodaunia","20.4",528653.729,4566527.932,593
"1457","A5","72.75","Argilliti grigio-verdastre a scagliette.","2b","0","Geodaunia","20.4",528653.729,4566527.932,593
"1458","A5","72.8","Argilliti grigio-verdastre a scagliette.","2b","0","Geodaunia","20.4",528653.729,4566527.932,593
"1459","A5","72.85","Argilliti grigio-verdastre a scagliette.","2b","0","Geodaunia","20.4",528653.729,4566527.932,593
"1460","A5","72.9","Argilliti grigio-verdastre a scagliette.","2b","0","Geodaunia","20.4",528653.729,4566527.932,593
"1461","A5","72.95","Argilliti grigio-verdastre a scagliette.","2b","0","Geodaunia","20.4",528653.729,4566527.932,593
"1462","A5","73","Argilliti grigio-verdastre a scagliette.","2b","0","Geodaunia","20.4",528653.729,4566527.932,593
"1463","A5","73.05","Argilliti grigio-verdastre a scagliette.","2b","0","Geodaunia","20.4",528653.729,4566527.932,593
"1464","A5","73.1","Argilliti grigio-verdastre a scagliette.","2b","0","Geodaunia","20.4",528653.729,4566527.932,593
"1465","A5","73.15","Argilliti grigio-verdastre a scagliette.","2b","0","Geodaunia","20.4",528653.729,4566527.932,593
"1466","A5","73.2","Argilliti grigio-verdastre a scagliette.","2b","0","Geodaunia","20.4",528653.729,4566527.932,593
"1467","A5","73.25","Argilliti grigio-verdastre a scagliette.","2b","0","Geodaunia","20.4",528653.729,4566527.932,593
"1468","A5","73.3","Argilliti grigio-verdastre a scagliette.","2b","0","Geodaunia","20.4",528653.729,4566527.932,593
"1469","A5","73.35","Argilliti grigio-verdastre a scagliette.","2b","0","Geodaunia","20.4",528653.729,4566527.932,593
"1470","A5","73.4","Argilliti grigio-verdastre a scagliette.","2b","0","Geodaunia","20.4",528653.729,4566527.932,593
"1471","A5","73.45","Argilliti grigio-verdastre a scagliette.","2b","0","Geodaunia","20.4",528653.729,4566527.932,593
"1472","A5","73.5","Argilliti grigio-verdastre a scagliette.","2b","0","Geodaunia","20.4",528653.729,4566527.932,593
"1473","A5","73.55","Argilliti grigio-verdastre a scagliette.","2b","0","Geodaunia","20.4",528653.729,4566527.932,593
"1474","A5","73.6","Argilliti grigio-verdastre a scagliette.","2b","0","Geodaunia","20.4",528653.729,4566527.932,593
"1475","A5","73.65","Argilliti grigio-verdastre a scagliette.","2b","0","Geodaunia","20.4",528653.729,4566527.932,593
"1476","A5","73.7","Argilliti grigio-verdastre a scagliette.","2b","0","Geodaunia","20.4",528653.729,4566527.932,593
"1477","A5","73.75","Argilliti grigio-verdastre a scagliette.","2b","0","Geodaunia","20.4",528653.729,4566527.932,593
"1478","A5","73.8","Argilliti grigio-verdastre a scagliette.","2b","0","Geodaunia","20.4",528653.729,4566527.932,593
"1479","A5","73.85","Argilliti grigio-verdastre a scagliette.","2b","0","Geodaunia","20.4",528653.729,4566527.932,593
"1480","A5","73.9","Argilliti grigio-verdastre a scagliette.","2b","0","Geodaunia","20.4",528653.729,4566527.932,593
"1481","A5","73.95","Argilliti grigio-verdastre a scagliette.","2b","0","Geodaunia","20.4",528653.729,4566527.932,593
"1482","A5","74","Argilliti grigio-verdastre a scagliette.","2b","0","Geodaunia","20.4",528653.729,4566527.932,593
"1483","A5","74.05","Argilliti grigio-verdastre a scagliette.","2b","0","Geodaunia","20.4",528653.729,4566527.932,593
"1484","A5","74.1","Argilliti grigio-verdastre a scagliette.","2b","0","Geodaunia","20.4",528653.729,4566527.932,593
"1485","A5","74.15","Argilliti grigio-verdastre a scagliette.","2b","0","Geodaunia","20.4",528653.729,4566527.932,593
"1486","A5","74.2","Argilliti grigio-verdastre a scagliette.","2b","0","Geodaunia","20.4",528653.729,4566527.932,593
"1487","A5","74.25","Argilliti grigio-verdastre a scagliette.","2b","0","Geodaunia","20.4",528653.729,4566527.932,593
"1488","A5","74.3","Argilliti grigio-verdastre a scagliette.","2b","0","Geodaunia","20.4",528653.729,4566527.932,593
"1489","A5","74.35","Argilliti grigio-verdastre a scagliette.","2b","0","Geodaunia","20.4",528653.729,4566527.932,593
"1490","A5","74.4","Argilliti grigio-verdastre a scagliette.","2b","0","Geodaunia","20.4",528653.729,4566527.932,593
"1491","A5","74.45","Argilliti grigio-verdastre a scagliette.","2b","0","Geodaunia","20.4",528653.729,4566527.932,593
"1492","A5","74.5","Argilliti grigio-verdastre a scagliette.","2b","0","Geodaunia","20.4",528653.729,4566527.932,593
"1493","A5","74.55","Argilliti grigio-verdastre a scagliette.","2b","0","Geodaunia","20.4",528653.729,4566527.932,593
"1494","A5","74.6","Argilliti grigio-verdastre a scagliette.","2b","0","Geodaunia","20.4",528653.729,4566527.932,593
"1495","A5","74.65","Argilliti grigio-verdastre a scagliette.","2b","0","Geodaunia","20.4",528653.729,4566527.932,593
"1496","A5","74.7","Argilliti grigio-verdastre a scagliette.","2b","0","Geodaunia","20.4",528653.729,4566527.932,593
"1497","A5","74.75","Argilliti grigio-verdastre a scagliette.","2b","0","Geodaunia","20.4",528653.729,4566527.932,593
"1498","A5","74.8","Argilliti grigio-verdastre a scagliette.","2b","0","Geodaunia","20.4",528653.729,4566527.932,593
"1499","A5","74.85","Argilliti grigio-verdastre a scagliette.","2b","0","Geodaunia","20.4",528653.729,4566527.932,593
"1500","A5","74.9","Argilliti grigio-verdastre a scagliette.","2b","0","Geodaunia","20.4",528653.729,4566527.932,593
"1501","A5","74.95","Argilliti grigio-verdastre a scagliette.","2b","0","Geodaunia","20.4",528653.729,4566527.932,593
"1502","A5","75","Argilliti grigio-verdastre a scagliette.","2b","0","Geodaunia","20.4",528653.729,4566527.932,593
"1503","A5","75.05","Argilliti grigio-verdastre a scagliette.","2b","0","Geodaunia","20.4",528653.729,4566527.932,593
"1504","A5","75.1","Argilliti grigio-verdastre a scagliette.","2b","0","Geodaunia","20.4",528653.729,4566527.932,593
"1505","A5","75.15","Argilliti grigio-verdastre a scagliette.","2b","0","Geodaunia","20.4",528653.729,4566527.932,593
"1506","A5","75.2","Argilliti grigio-verdastre a scagliette.","2b","0","Geodaunia","20.4",528653.729,4566527.932,593
"1507","A5","75.25","Argilliti grigio-verdastre a scagliette.","2b","0","Geodaunia","20.4",528653.729,4566527.932,593
"1508","A5","75.3","Argilliti grigio-verdastre a scagliette.","2b","0","Geodaunia","20.4",528653.729,4566527.932,593
"1509","A5","75.35","Argilliti grigio-verdastre a scagliette.","2b","0","Geodaunia","20.4",528653.729,4566527.932,593
"1510","A5","75.4","Argilliti grigio-verdastre a scagliette.","2b","0","Geodaunia","20.4",528653.729,4566527.932,593
"1511","A5","75.45","Argilliti grigio-verdastre a scagliette.","2b","0","Geodaunia","20.4",528653.729,4566527.932,593
"1512","A5","75.5","Argilliti grigio-verdastre a scagliette.","2b","0","Geodaunia","20.4",528653.729,4566527.932,593
"1513","A5","75.55","Argilliti grigio-verdastre a scagliette.","2b","0","Geodaunia","20.4",528653.729,4566527.932,593
"1514","A5","75.6","Argilliti grigio-verdastre a scagliette.","2b","0","Geodaunia","20.4",528653.729,4566527.932,593
"1515","A5","75.65","Argilliti grigio-verdastre a scagliette.","2b","0","Geodaunia","20.4",528653.729,4566527.932,593
"1516","A5","75.7","Argilliti grigio-verdastre a scagliette.","2b","0","Geodaunia","20.4",528653.729,4566527.932,593
"1517","A5","75.75","Argilliti grigio-verdastre a scagliette.","2b","0","Geodaunia","20.4",528653.729,4566527.932,593
"1518","A5","75.8","Argilliti grigio-verdastre a scagliette.","2b","0","Geodaunia","20.4",528653.729,4566527.932,593
"1519","A5","75.85","Argilliti grigio-verdastre a scagliette.","2b","0","Geodaunia","20.4",528653.729,4566527.932,593
"1520","A5","75.9","Argilliti grigio-verdastre a scagliette.","2b","0","Geodaunia","20.4",528653.729,4566527.932,593
"1521","A5","75.95","Argilliti grigio-verdastre a scagliette.","2b","0","Geodaunia","20.4",528653.729,4566527.932,593
"1522","A5","76","Argilliti grigio-verdastre a scagliette.","2b","0","Geodaunia","20.4",528653.729,4566527.932,593
"1523","A5","76.05","Argilliti grigio-verdastre a scagliette.","2b","0","Geodaunia","20.4",528653.729,4566527.932,593
"1524","A5","76.1","Argilliti grigio-verdastre a scagliette.","2b","0","Geodaunia","20.4",528653.729,4566527.932,593
"1525","A5","76.15","Argilliti grigio-verdastre a scagliette.","2b","0","Geodaunia","20.4",528653.729,4566527.932,593
"1526","A5","76.2","Argilliti grigio-verdastre a scagliette.","2b","0","Geodaunia","20.4",528653.729,4566527.932,593
"1527","A5","76.25","Argilliti grigio-verdastre a scagliette.","2b","0","Geodaunia","20.4",528653.729,4566527.932,593
"1528","A5","76.3","Argilliti grigio-verdastre a scagliette.","2b","0","Geodaunia","20.4",528653.729,4566527.932,593
"1529","A5","76.35","Argilliti grigio-verdastre a scagliette.","2b","0","Geodaunia","20.4",528653.729,4566527.932,593
"1530","A5","76.4","Argilliti grigio-verdastre a scagliette.","2b","0","Geodaunia","20.4",528653.729,4566527.932,593
"1531","A5","76.45","Argilliti grigio-verdastre a scagliette.","2b","0","Geodaunia","20.4",528653.729,4566527.932,593
"1532","A5","76.5","Argilliti grigio-verdastre a scagliette.","2b","0","Geodaunia","20.4",528653.729,4566527.932,593
"1533","A5","76.55","Argilliti grigio-verdastre a scagliette.","2b","0","Geodaunia","20.4",528653.729,4566527.932,593
"1534","A5","76.6","Argilliti grigio-verdastre a scagliette.","2b","0","Geodaunia","20.4",528653.729,4566527.932,593
"1535","A5","76.65","Argilliti grigio-verdastre a scagliette.","2b","0","Geodaunia","20.4",528653.729,4566527.932,593
"1536","A5","76.7","Argilliti grigio-verdastre a scagliette.","2b","0","Geodaunia","20.4",528653.729,4566527.932,593
