"","borehole","Depth","Description","Unit","Valid","campaign","DEPTH","x","y","z"
"1","C2","0","Suolo vegetale limoso sabbioso. Materiale debolmente umido.","T","1","Coppolella","70.000",528419.73,4565849.44,536.13
"2","C2","0.05","Suolo vegetale limoso sabbioso. Materiale debolmente umido.","T","1","Coppolella","70.000",528419.73,4565849.44,536.13
"3","C2","0.1","Suolo vegetale limoso sabbioso. Materiale debolmente umido.","T","1","Coppolella","70.000",528419.73,4565849.44,536.13
"4","C2","0.15","Suolo vegetale limoso sabbioso. Materiale debolmente umido.","T","1","Coppolella","70.000",528419.73,4565849.44,536.13
"5","C2","0.2","Suolo vegetale limoso sabbioso. Materiale debolmente umido.","T","1","Coppolella","70.000",528419.73,4565849.44,536.13
"6","C2","0.25","Suolo vegetale limoso sabbioso. Materiale debolmente umido.","T","1","Coppolella","70.000",528419.73,4565849.44,536.13
"7","C2","0.3","Suolo vegetale limoso sabbioso. Materiale debolmente umido.","T","1","Coppolella","70.000",528419.73,4565849.44,536.13
"8","C2","0.35","Suolo vegetale limoso sabbioso. Materiale debolmente umido.","T","1","Coppolella","70.000",528419.73,4565849.44,536.13
"9","C2","0.4","Suolo vegetale limoso sabbioso. Materiale debolmente umido.","T","1","Coppolella","70.000",528419.73,4565849.44,536.13
"10","C2","0.45","Suolo vegetale limoso sabbioso. Materiale debolmente umido.","T","1","Coppolella","70.000",528419.73,4565849.44,536.13
"11","C2","0.5","Suolo vegetale limoso sabbioso. Materiale debolmente umido.","T","1","Coppolella","70.000",528419.73,4565849.44,536.13
"12","C2","0.55","Suolo vegetale limoso sabbioso. Materiale debolmente umido.","T","1","Coppolella","70.000",528419.73,4565849.44,536.13
"13","C2","0.6","Suolo vegetale limoso sabbioso. Materiale debolmente umido.","T","1","Coppolella","70.000",528419.73,4565849.44,536.13
"14","C2","0.65","Suolo vegetale limoso sabbioso. Materiale debolmente umido.","T","1","Coppolella","70.000",528419.73,4565849.44,536.13
"15","C2","0.7","Suolo vegetale limoso sabbioso. Materiale debolmente umido.","T","1","Coppolella","70.000",528419.73,4565849.44,536.13
"16","C2","0.75","Calcarenite, da debolmente a mediamente cementata, molto friabile di colore bianco con sottili bandature marroni di alterazione. Materiale asciutto.","3","1","Coppolella","70.000",528419.73,4565849.44,536.13
"17","C2","0.8","Calcarenite, da debolmente a mediamente cementata, molto friabile di colore bianco con sottili bandature marroni di alterazione. Materiale asciutto.","3","1","Coppolella","70.000",528419.73,4565849.44,536.13
"18","C2","0.85","Calcarenite, da debolmente a mediamente cementata, molto friabile di colore bianco con sottili bandature marroni di alterazione. Materiale asciutto.","3","1","Coppolella","70.000",528419.73,4565849.44,536.13
"19","C2","0.9","Calcarenite, da debolmente a mediamente cementata, molto friabile di colore bianco con sottili bandature marroni di alterazione. Materiale asciutto.","3","1","Coppolella","70.000",528419.73,4565849.44,536.13
"20","C2","0.95","Calcarenite, da debolmente a mediamente cementata, molto friabile di colore bianco con sottili bandature marroni di alterazione. Materiale asciutto.","3","1","Coppolella","70.000",528419.73,4565849.44,536.13
"21","C2","1","Calcarenite, da debolmente a mediamente cementata, molto friabile di colore bianco con sottili bandature marroni di alterazione. Materiale asciutto.","3","1","Coppolella","70.000",528419.73,4565849.44,536.13
"22","C2","1.05","Calcarenite, da debolmente a mediamente cementata, molto friabile di colore bianco con sottili bandature marroni di alterazione. Materiale asciutto.","3","1","Coppolella","70.000",528419.73,4565849.44,536.13
"23","C2","1.1","Calcarenite, da debolmente a mediamente cementata, molto friabile di colore bianco con sottili bandature marroni di alterazione. Materiale asciutto.","3","1","Coppolella","70.000",528419.73,4565849.44,536.13
"24","C2","1.15","Calcarenite, da debolmente a mediamente cementata, molto friabile di colore bianco con sottili bandature marroni di alterazione. Materiale asciutto.","3","1","Coppolella","70.000",528419.73,4565849.44,536.13
"25","C2","1.2","Calcarenite, da debolmente a mediamente cementata, molto friabile di colore bianco con sottili bandature marroni di alterazione. Materiale asciutto.","3","1","Coppolella","70.000",528419.73,4565849.44,536.13
"26","C2","1.25","Calcarenite, da debolmente a mediamente cementata, molto friabile di colore bianco con sottili bandature marroni di alterazione. Materiale asciutto.","3","1","Coppolella","70.000",528419.73,4565849.44,536.13
"27","C2","1.3","Calcarenite, da debolmente a mediamente cementata, molto friabile di colore bianco con sottili bandature marroni di alterazione. Materiale asciutto.","3","1","Coppolella","70.000",528419.73,4565849.44,536.13
"28","C2","1.35","Calcarenite, da debolmente a mediamente cementata, molto friabile di colore bianco con sottili bandature marroni di alterazione. Materiale asciutto.","3","1","Coppolella","70.000",528419.73,4565849.44,536.13
"29","C2","1.4","Calcarenite, da debolmente a mediamente cementata, molto friabile di colore bianco con sottili bandature marroni di alterazione. Materiale asciutto.","3","1","Coppolella","70.000",528419.73,4565849.44,536.13
"30","C2","1.45","Calcarenite, da debolmente a mediamente cementata, molto friabile di colore bianco con sottili bandature marroni di alterazione. Materiale asciutto.","3","1","Coppolella","70.000",528419.73,4565849.44,536.13
"31","C2","1.5","Calcarenite, da debolmente a mediamente cementata, molto friabile di colore bianco con sottili bandature marroni di alterazione. Materiale asciutto.","3","1","Coppolella","70.000",528419.73,4565849.44,536.13
"32","C2","1.55","Calcarenite, da debolmente a mediamente cementata, molto friabile di colore bianco con sottili bandature marroni di alterazione. Materiale asciutto.","3","1","Coppolella","70.000",528419.73,4565849.44,536.13
"33","C2","1.6","Calcarenite, da debolmente a mediamente cementata, molto friabile di colore bianco con sottili bandature marroni di alterazione. Materiale asciutto.","3","1","Coppolella","70.000",528419.73,4565849.44,536.13
"34","C2","1.65","Sabbia poco addensata, calcarea e molto alterati di colore marroncino. Materiale debolmente umido.","3","1","Coppolella","70.000",528419.73,4565849.44,536.13
"35","C2","1.7","Sabbia poco addensata, calcarea e molto alterati di colore marroncino. Materiale debolmente umido.","3","1","Coppolella","70.000",528419.73,4565849.44,536.13
"36","C2","1.75","Sabbia poco addensata, calcarea e molto alterati di colore marroncino. Materiale debolmente umido.","3","1","Coppolella","70.000",528419.73,4565849.44,536.13
"37","C2","1.8","Sabbia poco addensata, calcarea e molto alterati di colore marroncino. Materiale debolmente umido.","3","1","Coppolella","70.000",528419.73,4565849.44,536.13
"38","C2","1.85","Sabbia poco addensata, calcarea e molto alterati di colore marroncino. Materiale debolmente umido.","3","1","Coppolella","70.000",528419.73,4565849.44,536.13
"39","C2","1.9","Sabbia poco addensata, calcarea e molto alterati di colore marroncino. Materiale debolmente umido.","3","1","Coppolella","70.000",528419.73,4565849.44,536.13
"40","C2","1.95","Sabbia poco addensata, calcarea e molto alterati di colore marroncino. Materiale debolmente umido.","3","1","Coppolella","70.000",528419.73,4565849.44,536.13
"41","C2","2","Sabbia poco addensata, calcarea e molto alterati di colore marroncino. Materiale debolmente umido.","3","1","Coppolella","70.000",528419.73,4565849.44,536.13
"42","C2","2.05","Calcari molto fratturati e alterati con sabbia nelle fratture.","3","1","Coppolella","70.000",528419.73,4565849.44,536.13
"43","C2","2.1","Calcari molto fratturati e alterati con sabbia nelle fratture.","3","1","Coppolella","70.000",528419.73,4565849.44,536.13
"44","C2","2.15","Calcari molto fratturati e alterati con sabbia nelle fratture.","3","1","Coppolella","70.000",528419.73,4565849.44,536.13
"45","C2","2.2","Calcari molto fratturati e alterati con sabbia nelle fratture.","3","1","Coppolella","70.000",528419.73,4565849.44,536.13
"46","C2","2.25","Calcari molto fratturati e alterati con sabbia nelle fratture.","3","1","Coppolella","70.000",528419.73,4565849.44,536.13
"47","C2","2.3","Calcari molto fratturati e alterati con sabbia nelle fratture.","3","1","Coppolella","70.000",528419.73,4565849.44,536.13
"48","C2","2.35","Calcari molto fratturati e alterati con sabbia nelle fratture.","3","1","Coppolella","70.000",528419.73,4565849.44,536.13
"49","C2","2.4","Calcari molto fratturati e alterati con sabbia nelle fratture.","3","1","Coppolella","70.000",528419.73,4565849.44,536.13
"50","C2","2.45","Calcari molto fratturati e alterati con sabbia nelle fratture.","3","1","Coppolella","70.000",528419.73,4565849.44,536.13
"51","C2","2.5","Calcari molto fratturati e alterati con sabbia nelle fratture.","3","1","Coppolella","70.000",528419.73,4565849.44,536.13
"52","C2","2.55","Calcari molto fratturati e alterati con sabbia nelle fratture.","3","1","Coppolella","70.000",528419.73,4565849.44,536.13
"53","C2","2.6","Calcari molto fratturati e alterati con sabbia nelle fratture.","3","1","Coppolella","70.000",528419.73,4565849.44,536.13
"54","C2","2.65","Calcari molto fratturati e alterati con sabbia nelle fratture.","3","1","Coppolella","70.000",528419.73,4565849.44,536.13
"55","C2","2.7","Calcari molto fratturati e alterati con sabbia nelle fratture.","3","1","Coppolella","70.000",528419.73,4565849.44,536.13
"56","C2","2.75","Calcari molto fratturati e alterati con sabbia nelle fratture.","3","1","Coppolella","70.000",528419.73,4565849.44,536.13
"57","C2","2.8","Calcari molto fratturati e alterati con sabbia nelle fratture.","3","1","Coppolella","70.000",528419.73,4565849.44,536.13
"58","C2","2.85","Calcari molto fratturati e alterati con sabbia nelle fratture.","3","1","Coppolella","70.000",528419.73,4565849.44,536.13
"59","C2","2.9","Calcari molto fratturati e alterati con sabbia nelle fratture.","3","1","Coppolella","70.000",528419.73,4565849.44,536.13
"60","C2","2.95","Calcari molto fratturati e alterati con sabbia nelle fratture.","3","1","Coppolella","70.000",528419.73,4565849.44,536.13
"61","C2","3","Calcari molto fratturati e alterati con sabbia nelle fratture.","3","1","Coppolella","70.000",528419.73,4565849.44,536.13
"62","C2","3.05","Sabbia limosa, poco addensata con frequenti ciottoli.calcari di dimensioni da 1 a 10 cm. Colore nocciola. Materiale debolmente umido.","3","1","Coppolella","70.000",528419.73,4565849.44,536.13
"63","C2","3.1","Sabbia limosa, poco addensata con frequenti ciottoli.calcari di dimensioni da 1 a 10 cm. Colore nocciola. Materiale debolmente umido.","3","1","Coppolella","70.000",528419.73,4565849.44,536.13
"64","C2","3.15","Sabbia limosa, poco addensata con frequenti ciottoli.calcari di dimensioni da 1 a 10 cm. Colore nocciola. Materiale debolmente umido.","3","1","Coppolella","70.000",528419.73,4565849.44,536.13
"65","C2","3.2","Sabbia limosa, poco addensata con frequenti ciottoli.calcari di dimensioni da 1 a 10 cm. Colore nocciola. Materiale debolmente umido.","3","1","Coppolella","70.000",528419.73,4565849.44,536.13
"66","C2","3.25","Sabbia limosa, poco addensata con frequenti ciottoli.calcari di dimensioni da 1 a 10 cm. Colore nocciola. Materiale debolmente umido.","3","1","Coppolella","70.000",528419.73,4565849.44,536.13
"67","C2","3.3","Sabbia limosa, poco addensata con frequenti ciottoli.calcari di dimensioni da 1 a 10 cm. Colore nocciola. Materiale debolmente umido.","3","1","Coppolella","70.000",528419.73,4565849.44,536.13
"68","C2","3.35","Sabbia limosa, poco addensata con frequenti ciottoli.calcari di dimensioni da 1 a 10 cm. Colore nocciola. Materiale debolmente umido.","3","1","Coppolella","70.000",528419.73,4565849.44,536.13
"69","C2","3.4","Sabbia limosa, poco addensata con frequenti ciottoli.calcari di dimensioni da 1 a 10 cm. Colore nocciola. Materiale debolmente umido.","3","1","Coppolella","70.000",528419.73,4565849.44,536.13
"70","C2","3.45","Sabbia limosa, poco addensata con frequenti ciottoli.calcari di dimensioni da 1 a 10 cm. Colore nocciola. Materiale debolmente umido.","3","1","Coppolella","70.000",528419.73,4565849.44,536.13
"71","C2","3.5","Sabbia limosa, poco addensata con frequenti ciottoli.calcari di dimensioni da 1 a 10 cm. Colore nocciola. Materiale debolmente umido.","3","1","Coppolella","70.000",528419.73,4565849.44,536.13
"72","C2","3.55","Sabbia limosa, poco addensata con frequenti ciottoli.calcari di dimensioni da 1 a 10 cm. Colore nocciola. Materiale debolmente umido.","3","1","Coppolella","70.000",528419.73,4565849.44,536.13
"73","C2","3.6","Sabbia limosa, poco addensata con frequenti ciottoli.calcari di dimensioni da 1 a 10 cm. Colore nocciola. Materiale debolmente umido.","3","1","Coppolella","70.000",528419.73,4565849.44,536.13
"74","C2","3.65","Sabbia limosa, poco addensata con frequenti ciottoli.calcari di dimensioni da 1 a 10 cm. Colore nocciola. Materiale debolmente umido.","3","1","Coppolella","70.000",528419.73,4565849.44,536.13
"75","C2","3.7","Sabbia limosa, poco addensata con frequenti ciottoli.calcari di dimensioni da 1 a 10 cm. Colore nocciola. Materiale debolmente umido.","3","1","Coppolella","70.000",528419.73,4565849.44,536.13
"76","C2","3.75","Sabbia limosa, poco addensata con frequenti ciottoli.calcari di dimensioni da 1 a 10 cm. Colore nocciola. Materiale debolmente umido.","3","1","Coppolella","70.000",528419.73,4565849.44,536.13
"77","C2","3.8","Sabbia limosa, poco addensata con frequenti ciottoli.calcari di dimensioni da 1 a 10 cm. Colore nocciola. Materiale debolmente umido.","3","1","Coppolella","70.000",528419.73,4565849.44,536.13
"78","C2","3.85","Sabbia limosa, poco addensata con frequenti ciottoli.calcari di dimensioni da 1 a 10 cm. Colore nocciola. Materiale debolmente umido.","3","1","Coppolella","70.000",528419.73,4565849.44,536.13
"79","C2","3.9","Sabbia limosa, poco addensata con frequenti ciottoli.calcari di dimensioni da 1 a 10 cm. Colore nocciola. Materiale debolmente umido.","3","1","Coppolella","70.000",528419.73,4565849.44,536.13
"80","C2","3.95","Sabbia limosa, poco addensata con frequenti ciottoli.calcari di dimensioni da 1 a 10 cm. Colore nocciola. Materiale debolmente umido.","3","1","Coppolella","70.000",528419.73,4565849.44,536.13
"81","C2","4","Sabbia limosa, poco addensata con frequenti ciottoli.calcari di dimensioni da 1 a 10 cm. Colore nocciola. Materiale debolmente umido.","3","1","Coppolella","70.000",528419.73,4565849.44,536.13
"82","C2","4.05","Sabbia limosa, poco addensata con frequenti ciottoli.calcari di dimensioni da 1 a 10 cm. Colore nocciola. Materiale debolmente umido.","3","1","Coppolella","70.000",528419.73,4565849.44,536.13
"83","C2","4.1","Sabbia limosa, poco addensata con frequenti ciottoli.calcari di dimensioni da 1 a 10 cm. Colore nocciola. Materiale debolmente umido.","3","1","Coppolella","70.000",528419.73,4565849.44,536.13
"84","C2","4.15","Sabbia limosa, poco addensata con frequenti ciottoli.calcari di dimensioni da 1 a 10 cm. Colore nocciola. Materiale debolmente umido.","3","1","Coppolella","70.000",528419.73,4565849.44,536.13
"85","C2","4.2","Sabbia limosa, poco addensata con frequenti ciottoli.calcari di dimensioni da 1 a 10 cm. Colore nocciola. Materiale debolmente umido.","3","1","Coppolella","70.000",528419.73,4565849.44,536.13
"86","C2","4.25","Sabbia limosa, poco addensata con frequenti ciottoli.calcari di dimensioni da 1 a 10 cm. Colore nocciola. Materiale debolmente umido.","3","1","Coppolella","70.000",528419.73,4565849.44,536.13
"87","C2","4.3","Sabbia limosa, poco addensata con frequenti ciottoli.calcari di dimensioni da 1 a 10 cm. Colore nocciola. Materiale debolmente umido.","3","1","Coppolella","70.000",528419.73,4565849.44,536.13
"88","C2","4.35","Sabbia limosa, poco addensata con frequenti ciottoli.calcari di dimensioni da 1 a 10 cm. Colore nocciola. Materiale debolmente umido.","3","1","Coppolella","70.000",528419.73,4565849.44,536.13
"89","C2","4.4","Sabbia limosa, poco addensata con frequenti ciottoli.calcari di dimensioni da 1 a 10 cm. Colore nocciola. Materiale debolmente umido.","3","1","Coppolella","70.000",528419.73,4565849.44,536.13
"90","C2","4.45","Sabbia limosa, poco addensata con frequenti ciottoli.calcari di dimensioni da 1 a 10 cm. Colore nocciola. Materiale debolmente umido.","3","1","Coppolella","70.000",528419.73,4565849.44,536.13
"91","C2","4.5","Sabbia limosa, poco addensata con frequenti ciottoli.calcari di dimensioni da 1 a 10 cm. Colore nocciola. Materiale debolmente umido.","3","1","Coppolella","70.000",528419.73,4565849.44,536.13
"92","C2","4.55","Sabbia limosa, poco addensata con frequenti ciottoli.calcari di dimensioni da 1 a 10 cm. Colore nocciola. Materiale debolmente umido.","3","1","Coppolella","70.000",528419.73,4565849.44,536.13
"93","C2","4.6","Sabbia limosa, poco addensata con frequenti ciottoli.calcari di dimensioni da 1 a 10 cm. Colore nocciola. Materiale debolmente umido.","3","1","Coppolella","70.000",528419.73,4565849.44,536.13
"94","C2","4.65","Sabbia limosa, poco addensata con frequenti ciottoli.calcari di dimensioni da 1 a 10 cm. Colore nocciola. Materiale debolmente umido.","3","1","Coppolella","70.000",528419.73,4565849.44,536.13
"95","C2","4.7","Sabbia limosa, poco addensata con frequenti ciottoli.calcari di dimensioni da 1 a 10 cm. Colore nocciola. Materiale debolmente umido.","3","1","Coppolella","70.000",528419.73,4565849.44,536.13
"96","C2","4.75","Sabbia limosa, poco addensata con frequenti ciottoli.calcari di dimensioni da 1 a 10 cm. Colore nocciola. Materiale debolmente umido.","3","1","Coppolella","70.000",528419.73,4565849.44,536.13
"97","C2","4.8","Sabbia limosa, poco addensata con frequenti ciottoli.calcari di dimensioni da 1 a 10 cm. Colore nocciola. Materiale debolmente umido.","3","1","Coppolella","70.000",528419.73,4565849.44,536.13
"98","C2","4.85","Sabbia limosa, poco addensata con frequenti ciottoli.calcari di dimensioni da 1 a 10 cm. Colore nocciola. Materiale debolmente umido.","3","1","Coppolella","70.000",528419.73,4565849.44,536.13
"99","C2","4.9","Sabbia limosa, poco addensata con frequenti ciottoli.calcari di dimensioni da 1 a 10 cm. Colore nocciola. Materiale debolmente umido.","3","1","Coppolella","70.000",528419.73,4565849.44,536.13
"100","C2","4.95","Sabbia limosa, poco addensata con frequenti ciottoli.calcari di dimensioni da 1 a 10 cm. Colore nocciola. Materiale debolmente umido.","3","1","Coppolella","70.000",528419.73,4565849.44,536.13
"101","C2","5","Sabbia limosa, poco addensata con frequenti ciottoli.calcari di dimensioni da 1 a 10 cm. Colore nocciola. Materiale debolmente umido.","3","1","Coppolella","70.000",528419.73,4565849.44,536.13
"102","C2","5.05","Sabbia limosa, poco addensata con frequenti ciottoli.calcari di dimensioni da 1 a 10 cm. Colore nocciola. Materiale debolmente umido.","3","1","Coppolella","70.000",528419.73,4565849.44,536.13
"103","C2","5.1","Sabbia limosa, poco addensata con frequenti ciottoli.calcari di dimensioni da 1 a 10 cm. Colore nocciola. Materiale debolmente umido.","3","1","Coppolella","70.000",528419.73,4565849.44,536.13
"104","C2","5.15","Sabbia limosa, poco addensata con frequenti ciottoli.calcari di dimensioni da 1 a 10 cm. Colore nocciola. Materiale debolmente umido.","3","1","Coppolella","70.000",528419.73,4565849.44,536.13
"105","C2","5.2","Sabbia limosa, poco addensata con frequenti ciottoli.calcari di dimensioni da 1 a 10 cm. Colore nocciola. Materiale debolmente umido.","3","1","Coppolella","70.000",528419.73,4565849.44,536.13
"106","C2","5.25","Sabbia limosa, poco addensata con frequenti ciottoli.calcari di dimensioni da 1 a 10 cm. Colore nocciola. Materiale debolmente umido.","3","1","Coppolella","70.000",528419.73,4565849.44,536.13
"107","C2","5.3","Sabbia limosa, poco addensata con frequenti ciottoli.calcari di dimensioni da 1 a 10 cm. Colore nocciola. Materiale debolmente umido.","3","1","Coppolella","70.000",528419.73,4565849.44,536.13
"108","C2","5.35","Sabbia limosa, poco addensata con frequenti ciottoli.calcari di dimensioni da 1 a 10 cm. Colore nocciola. Materiale debolmente umido.","3","1","Coppolella","70.000",528419.73,4565849.44,536.13
"109","C2","5.4","Sabbia limosa, poco addensata con frequenti ciottoli.calcari di dimensioni da 1 a 10 cm. Colore nocciola. Materiale debolmente umido.","3","1","Coppolella","70.000",528419.73,4565849.44,536.13
"110","C2","5.45","Sabbia limosa, poco addensata con frequenti ciottoli.calcari di dimensioni da 1 a 10 cm. Colore nocciola. Materiale debolmente umido.","3","1","Coppolella","70.000",528419.73,4565849.44,536.13
"111","C2","5.5","Sabbia limosa, poco addensata con frequenti ciottoli.calcari di dimensioni da 1 a 10 cm. Colore nocciola. Materiale debolmente umido.","3","1","Coppolella","70.000",528419.73,4565849.44,536.13
"112","C2","5.55","Calcari molto fratturati con sabbia di riempimento delle fratture.","3","1","Coppolella","70.000",528419.73,4565849.44,536.13
"113","C2","5.6","Calcari molto fratturati con sabbia di riempimento delle fratture.","3","1","Coppolella","70.000",528419.73,4565849.44,536.13
"114","C2","5.65","Calcari molto fratturati con sabbia di riempimento delle fratture.","3","1","Coppolella","70.000",528419.73,4565849.44,536.13
"115","C2","5.7","Calcari molto fratturati con sabbia di riempimento delle fratture.","3","1","Coppolella","70.000",528419.73,4565849.44,536.13
"116","C2","5.75","Calcari molto fratturati con sabbia di riempimento delle fratture.","3","1","Coppolella","70.000",528419.73,4565849.44,536.13
"117","C2","5.8","Calcari molto fratturati con sabbia di riempimento delle fratture.","3","1","Coppolella","70.000",528419.73,4565849.44,536.13
"118","C2","5.85","Calcari molto fratturati con sabbia di riempimento delle fratture.","3","1","Coppolella","70.000",528419.73,4565849.44,536.13
"119","C2","5.9","Calcari molto fratturati con sabbia di riempimento delle fratture.","3","1","Coppolella","70.000",528419.73,4565849.44,536.13
"120","C2","5.95","Calcari molto fratturati con sabbia di riempimento delle fratture.","3","1","Coppolella","70.000",528419.73,4565849.44,536.13
"121","C2","6","Calcari molto fratturati con sabbia di riempimento delle fratture.","3","1","Coppolella","70.000",528419.73,4565849.44,536.13
"122","C2","6.05","Calcari molto fratturati con sabbia di riempimento delle fratture.","3","1","Coppolella","70.000",528419.73,4565849.44,536.13
"123","C2","6.1","Calcari molto fratturati con sabbia di riempimento delle fratture.","3","1","Coppolella","70.000",528419.73,4565849.44,536.13
"124","C2","6.15","Calcari molto fratturati con sabbia di riempimento delle fratture.","3","1","Coppolella","70.000",528419.73,4565849.44,536.13
"125","C2","6.2","Calcari molto fratturati con sabbia di riempimento delle fratture.","3","1","Coppolella","70.000",528419.73,4565849.44,536.13
"126","C2","6.25","Calcari molto fratturati con sabbia di riempimento delle fratture.","3","1","Coppolella","70.000",528419.73,4565849.44,536.13
"127","C2","6.3","Calcari molto fratturati con sabbia di riempimento delle fratture.","3","1","Coppolella","70.000",528419.73,4565849.44,536.13
"128","C2","6.35","Calcari molto fratturati con sabbia di riempimento delle fratture.","3","1","Coppolella","70.000",528419.73,4565849.44,536.13
"129","C2","6.4","Calcari molto fratturati con sabbia di riempimento delle fratture.","3","1","Coppolella","70.000",528419.73,4565849.44,536.13
"130","C2","6.45","Calcari molto fratturati con sabbia di riempimento delle fratture.","3","1","Coppolella","70.000",528419.73,4565849.44,536.13
"131","C2","6.5","Calcari molto fratturati con sabbia di riempimento delle fratture.","3","1","Coppolella","70.000",528419.73,4565849.44,536.13
"132","C2","6.55","Calcari molto fratturati con sabbia di riempimento delle fratture.","3","1","Coppolella","70.000",528419.73,4565849.44,536.13
"133","C2","6.6","Calcari molto fratturati con sabbia di riempimento delle fratture.","3","1","Coppolella","70.000",528419.73,4565849.44,536.13
"134","C2","6.65","Calcari molto fratturati con sabbia di riempimento delle fratture.","3","1","Coppolella","70.000",528419.73,4565849.44,536.13
"135","C2","6.7","Calcari molto fratturati con sabbia di riempimento delle fratture.","3","1","Coppolella","70.000",528419.73,4565849.44,536.13
"136","C2","6.75","Calcari molto fratturati con sabbia di riempimento delle fratture.","3","1","Coppolella","70.000",528419.73,4565849.44,536.13
"137","C2","6.8","Calcari molto fratturati con sabbia di riempimento delle fratture.","3","1","Coppolella","70.000",528419.73,4565849.44,536.13
"138","C2","6.85","Calcari molto fratturati con sabbia di riempimento delle fratture.","3","1","Coppolella","70.000",528419.73,4565849.44,536.13
"139","C2","6.9","Calcari molto fratturati con sabbia di riempimento delle fratture.","3","1","Coppolella","70.000",528419.73,4565849.44,536.13
"140","C2","6.95","Calcari molto fratturati con sabbia di riempimento delle fratture.","3","1","Coppolella","70.000",528419.73,4565849.44,536.13
"141","C2","7","Calcari molto fratturati con sabbia di riempimento delle fratture.","3","1","Coppolella","70.000",528419.73,4565849.44,536.13
"142","C2","7.05","Calcari molto fratturati con sabbia di riempimento delle fratture.","3","1","Coppolella","70.000",528419.73,4565849.44,536.13
"143","C2","7.1","Calcari molto fratturati con sabbia di riempimento delle fratture.","3","1","Coppolella","70.000",528419.73,4565849.44,536.13
"144","C2","7.15","Calcari molto fratturati con sabbia di riempimento delle fratture.","3","1","Coppolella","70.000",528419.73,4565849.44,536.13
"145","C2","7.2","Calcari molto fratturati con sabbia di riempimento delle fratture.","3","1","Coppolella","70.000",528419.73,4565849.44,536.13
"146","C2","7.25","Calcari molto fratturati con sabbia di riempimento delle fratture.","3","1","Coppolella","70.000",528419.73,4565849.44,536.13
"147","C2","7.3","Calcari molto fratturati con sabbia di riempimento delle fratture.","3","1","Coppolella","70.000",528419.73,4565849.44,536.13
"148","C2","7.35","Calcari molto fratturati con sabbia di riempimento delle fratture.","3","1","Coppolella","70.000",528419.73,4565849.44,536.13
"149","C2","7.4","Calcari molto fratturati con sabbia di riempimento delle fratture.","3","1","Coppolella","70.000",528419.73,4565849.44,536.13
"150","C2","7.45","Calcari molto fratturati con sabbia di riempimento delle fratture.","3","1","Coppolella","70.000",528419.73,4565849.44,536.13
"151","C2","7.5","Calcari molto fratturati con sabbia di riempimento delle fratture.","3","1","Coppolella","70.000",528419.73,4565849.44,536.13
"152","C2","7.55","Calcari molto fratturati con sabbia di riempimento delle fratture.","3","1","Coppolella","70.000",528419.73,4565849.44,536.13
"153","C2","7.6","Calcari molto fratturati con sabbia di riempimento delle fratture.","3","1","Coppolella","70.000",528419.73,4565849.44,536.13
"154","C2","7.65","Calcari molto fratturati con sabbia di riempimento delle fratture.","3","1","Coppolella","70.000",528419.73,4565849.44,536.13
"155","C2","7.7","Calcari molto fratturati con sabbia di riempimento delle fratture.","3","1","Coppolella","70.000",528419.73,4565849.44,536.13
"156","C2","7.75","Calcari molto fratturati con sabbia di riempimento delle fratture.","3","1","Coppolella","70.000",528419.73,4565849.44,536.13
"157","C2","7.8","Calcari molto fratturati con sabbia di riempimento delle fratture.","3","1","Coppolella","70.000",528419.73,4565849.44,536.13
"158","C2","7.85","Limi sabbiosi con ciottoli e frequenti strati centimetrici di sabbia. Alla base lo strato si arricchisce in sabbia. Materiale umido.","3","1","Coppolella","70.000",528419.73,4565849.44,536.13
"159","C2","7.9","Limi sabbiosi con ciottoli e frequenti strati centimetrici di sabbia. Alla base lo strato si arricchisce in sabbia. Materiale umido.","3","1","Coppolella","70.000",528419.73,4565849.44,536.13
"160","C2","7.95","Limi sabbiosi con ciottoli e frequenti strati centimetrici di sabbia. Alla base lo strato si arricchisce in sabbia. Materiale umido.","3","1","Coppolella","70.000",528419.73,4565849.44,536.13
"161","C2","8","Limi sabbiosi con ciottoli e frequenti strati centimetrici di sabbia. Alla base lo strato si arricchisce in sabbia. Materiale umido.","3","1","Coppolella","70.000",528419.73,4565849.44,536.13
"162","C2","8.05","Limi sabbiosi con ciottoli e frequenti strati centimetrici di sabbia. Alla base lo strato si arricchisce in sabbia. Materiale umido.","3","1","Coppolella","70.000",528419.73,4565849.44,536.13
"163","C2","8.1","Limi sabbiosi con ciottoli e frequenti strati centimetrici di sabbia. Alla base lo strato si arricchisce in sabbia. Materiale umido.","3","1","Coppolella","70.000",528419.73,4565849.44,536.13
"164","C2","8.15","Limi sabbiosi con ciottoli e frequenti strati centimetrici di sabbia. Alla base lo strato si arricchisce in sabbia. Materiale umido.","3","1","Coppolella","70.000",528419.73,4565849.44,536.13
"165","C2","8.2","Limi sabbiosi con ciottoli e frequenti strati centimetrici di sabbia. Alla base lo strato si arricchisce in sabbia. Materiale umido.","3","1","Coppolella","70.000",528419.73,4565849.44,536.13
"166","C2","8.25","Limi sabbiosi con ciottoli e frequenti strati centimetrici di sabbia. Alla base lo strato si arricchisce in sabbia. Materiale umido.","3","1","Coppolella","70.000",528419.73,4565849.44,536.13
"167","C2","8.3","Limi sabbiosi con ciottoli e frequenti strati centimetrici di sabbia. Alla base lo strato si arricchisce in sabbia. Materiale umido.","3","1","Coppolella","70.000",528419.73,4565849.44,536.13
"168","C2","8.35","Limi sabbiosi con ciottoli e frequenti strati centimetrici di sabbia. Alla base lo strato si arricchisce in sabbia. Materiale umido.","3","1","Coppolella","70.000",528419.73,4565849.44,536.13
"169","C2","8.4","Limi sabbiosi con ciottoli e frequenti strati centimetrici di sabbia. Alla base lo strato si arricchisce in sabbia. Materiale umido.","3","1","Coppolella","70.000",528419.73,4565849.44,536.13
"170","C2","8.45","Limi sabbiosi con ciottoli e frequenti strati centimetrici di sabbia. Alla base lo strato si arricchisce in sabbia. Materiale umido.","3","1","Coppolella","70.000",528419.73,4565849.44,536.13
"171","C2","8.5","Limi sabbiosi con ciottoli e frequenti strati centimetrici di sabbia. Alla base lo strato si arricchisce in sabbia. Materiale umido.","3","1","Coppolella","70.000",528419.73,4565849.44,536.13
"172","C2","8.55","Limi sabbiosi con ciottoli e frequenti strati centimetrici di sabbia. Alla base lo strato si arricchisce in sabbia. Materiale umido.","3","1","Coppolella","70.000",528419.73,4565849.44,536.13
"173","C2","8.6","Limi sabbiosi con ciottoli e frequenti strati centimetrici di sabbia. Alla base lo strato si arricchisce in sabbia. Materiale umido.","3","1","Coppolella","70.000",528419.73,4565849.44,536.13
"174","C2","8.65","Limi sabbiosi con ciottoli e frequenti strati centimetrici di sabbia. Alla base lo strato si arricchisce in sabbia. Materiale umido.","3","1","Coppolella","70.000",528419.73,4565849.44,536.13
"175","C2","8.7","Limi sabbiosi con ciottoli e frequenti strati centimetrici di sabbia. Alla base lo strato si arricchisce in sabbia. Materiale umido.","3","1","Coppolella","70.000",528419.73,4565849.44,536.13
"176","C2","8.75","Limi sabbiosi con ciottoli e frequenti strati centimetrici di sabbia. Alla base lo strato si arricchisce in sabbia. Materiale umido.","3","1","Coppolella","70.000",528419.73,4565849.44,536.13
"177","C2","8.8","Limi sabbiosi con ciottoli e frequenti strati centimetrici di sabbia. Alla base lo strato si arricchisce in sabbia. Materiale umido.","3","1","Coppolella","70.000",528419.73,4565849.44,536.13
"178","C2","8.85","Limi sabbiosi con ciottoli e frequenti strati centimetrici di sabbia. Alla base lo strato si arricchisce in sabbia. Materiale umido.","3","1","Coppolella","70.000",528419.73,4565849.44,536.13
"179","C2","8.9","Limi sabbiosi con ciottoli e frequenti strati centimetrici di sabbia. Alla base lo strato si arricchisce in sabbia. Materiale umido.","3","1","Coppolella","70.000",528419.73,4565849.44,536.13
"180","C2","8.95","Limi sabbiosi con ciottoli e frequenti strati centimetrici di sabbia. Alla base lo strato si arricchisce in sabbia. Materiale umido.","3","1","Coppolella","70.000",528419.73,4565849.44,536.13
"181","C2","9","Limi sabbiosi con ciottoli e frequenti strati centimetrici di sabbia. Alla base lo strato si arricchisce in sabbia. Materiale umido.","3","1","Coppolella","70.000",528419.73,4565849.44,536.13
"182","C2","9.05","Limi sabbiosi con ciottoli e frequenti strati centimetrici di sabbia. Alla base lo strato si arricchisce in sabbia. Materiale umido.","3","1","Coppolella","70.000",528419.73,4565849.44,536.13
"183","C2","9.1","Limi sabbiosi con ciottoli e frequenti strati centimetrici di sabbia. Alla base lo strato si arricchisce in sabbia. Materiale umido.","3","1","Coppolella","70.000",528419.73,4565849.44,536.13
"184","C2","9.15","Limi sabbiosi con ciottoli e frequenti strati centimetrici di sabbia. Alla base lo strato si arricchisce in sabbia. Materiale umido.","3","1","Coppolella","70.000",528419.73,4565849.44,536.13
"185","C2","9.2","Limi sabbiosi con ciottoli e frequenti strati centimetrici di sabbia. Alla base lo strato si arricchisce in sabbia. Materiale umido.","3","1","Coppolella","70.000",528419.73,4565849.44,536.13
"186","C2","9.25","Limi sabbiosi con ciottoli e frequenti strati centimetrici di sabbia. Alla base lo strato si arricchisce in sabbia. Materiale umido.","3","1","Coppolella","70.000",528419.73,4565849.44,536.13
"187","C2","9.3","Limi sabbiosi con ciottoli e frequenti strati centimetrici di sabbia. Alla base lo strato si arricchisce in sabbia. Materiale umido.","3","1","Coppolella","70.000",528419.73,4565849.44,536.13
"188","C2","9.35","Limi sabbiosi con ciottoli e frequenti strati centimetrici di sabbia. Alla base lo strato si arricchisce in sabbia. Materiale umido.","3","1","Coppolella","70.000",528419.73,4565849.44,536.13
"189","C2","9.4","Limi sabbiosi con ciottoli e frequenti strati centimetrici di sabbia. Alla base lo strato si arricchisce in sabbia. Materiale umido.","3","1","Coppolella","70.000",528419.73,4565849.44,536.13
"190","C2","9.45","Limi sabbiosi con ciottoli e frequenti strati centimetrici di sabbia. Alla base lo strato si arricchisce in sabbia. Materiale umido.","3","1","Coppolella","70.000",528419.73,4565849.44,536.13
"191","C2","9.5","Limi sabbiosi con ciottoli e frequenti strati centimetrici di sabbia. Alla base lo strato si arricchisce in sabbia. Materiale umido.","3","1","Coppolella","70.000",528419.73,4565849.44,536.13
"192","C2","9.55","Limi sabbiosi con ciottoli e frequenti strati centimetrici di sabbia. Alla base lo strato si arricchisce in sabbia. Materiale umido.","3","1","Coppolella","70.000",528419.73,4565849.44,536.13
"193","C2","9.6","Limi sabbiosi con ciottoli e frequenti strati centimetrici di sabbia. Alla base lo strato si arricchisce in sabbia. Materiale umido.","3","1","Coppolella","70.000",528419.73,4565849.44,536.13
"194","C2","9.65","Limi sabbiosi con ciottoli e frequenti strati centimetrici di sabbia. Alla base lo strato si arricchisce in sabbia. Materiale umido.","3","1","Coppolella","70.000",528419.73,4565849.44,536.13
"195","C2","9.7","Limi sabbiosi con ciottoli e frequenti strati centimetrici di sabbia. Alla base lo strato si arricchisce in sabbia. Materiale umido.","3","1","Coppolella","70.000",528419.73,4565849.44,536.13
"196","C2","9.75","Calcare molto fratturato.","3","1","Coppolella","70.000",528419.73,4565849.44,536.13
"197","C2","9.8","Calcare molto fratturato.","3","1","Coppolella","70.000",528419.73,4565849.44,536.13
"198","C2","9.85","Sabbia limosa a grana fine, poco addensata di colore nocciola. Materiale debolmente umido.","3","1","Coppolella","70.000",528419.73,4565849.44,536.13
"199","C2","9.9","Sabbia limosa a grana fine, poco addensata di colore nocciola. Materiale debolmente umido.","3","1","Coppolella","70.000",528419.73,4565849.44,536.13
"200","C2","9.95","Sabbia limosa a grana fine, poco addensata di colore nocciola. Materiale debolmente umido.","3","1","Coppolella","70.000",528419.73,4565849.44,536.13
"201","C2","10","Sabbia limosa a grana fine, poco addensata di colore nocciola. Materiale debolmente umido.","3","1","Coppolella","70.000",528419.73,4565849.44,536.13
"202","C2","10.05","Sabbia limosa a grana fine, poco addensata di colore nocciola. Materiale debolmente umido.","3","1","Coppolella","70.000",528419.73,4565849.44,536.13
"203","C2","10.1","Sabbia limosa a grana fine, poco addensata di colore nocciola. Materiale debolmente umido.","3","1","Coppolella","70.000",528419.73,4565849.44,536.13
"204","C2","10.15","Sabbia limosa a grana fine, poco addensata di colore nocciola. Materiale debolmente umido.","3","1","Coppolella","70.000",528419.73,4565849.44,536.13
"205","C2","10.2","Sabbia limosa a grana fine, poco addensata di colore nocciola. Materiale debolmente umido.","3","1","Coppolella","70.000",528419.73,4565849.44,536.13
"206","C2","10.25","Sabbia limosa a grana fine, poco addensata di colore nocciola. Materiale debolmente umido.","3","1","Coppolella","70.000",528419.73,4565849.44,536.13
"207","C2","10.3","Sabbia limosa a grana fine, poco addensata di colore nocciola. Materiale debolmente umido.","3","1","Coppolella","70.000",528419.73,4565849.44,536.13
"208","C2","10.35","Sabbia limosa a grana fine, poco addensata di colore nocciola. Materiale debolmente umido.","3","1","Coppolella","70.000",528419.73,4565849.44,536.13
"209","C2","10.4","Sabbia limosa a grana fine, poco addensata di colore nocciola. Materiale debolmente umido.","3","1","Coppolella","70.000",528419.73,4565849.44,536.13
"210","C2","10.45","Sabbia limosa a grana fine, poco addensata di colore nocciola. Materiale debolmente umido.","3","1","Coppolella","70.000",528419.73,4565849.44,536.13
"211","C2","10.5","Sabbia limosa a grana fine, poco addensata di colore nocciola. Materiale debolmente umido.","3","1","Coppolella","70.000",528419.73,4565849.44,536.13
"212","C2","10.55","Sabbia limosa a grana fine, poco addensata di colore nocciola. Materiale debolmente umido.","3","1","Coppolella","70.000",528419.73,4565849.44,536.13
"213","C2","10.6","Sabbia limosa a grana fine, poco addensata di colore nocciola. Materiale debolmente umido.","3","1","Coppolella","70.000",528419.73,4565849.44,536.13
"214","C2","10.65","Calcare molto fratturato con limo all'interno delle fratture.","3","1","Coppolella","70.000",528419.73,4565849.44,536.13
"215","C2","10.7","Calcare molto fratturato con limo all'interno delle fratture.","3","1","Coppolella","70.000",528419.73,4565849.44,536.13
"216","C2","10.75","Calcare molto fratturato con limo all'interno delle fratture.","3","1","Coppolella","70.000",528419.73,4565849.44,536.13
"217","C2","10.8","Calcare molto fratturato con limo all'interno delle fratture.","3","1","Coppolella","70.000",528419.73,4565849.44,536.13
"218","C2","10.85","Calcare molto fratturato con limo all'interno delle fratture.","3","1","Coppolella","70.000",528419.73,4565849.44,536.13
"219","C2","10.9","Calcare molto fratturato con limo all'interno delle fratture.","3","1","Coppolella","70.000",528419.73,4565849.44,536.13
"220","C2","10.95","Calcare molto fratturato con limo all'interno delle fratture.","3","1","Coppolella","70.000",528419.73,4565849.44,536.13
"221","C2","11","Calcare molto fratturato con limo all'interno delle fratture.","3","1","Coppolella","70.000",528419.73,4565849.44,536.13
"222","C2","11.05","Calcare molto fratturato con limo all'interno delle fratture.","3","1","Coppolella","70.000",528419.73,4565849.44,536.13
"223","C2","11.1","Calcare molto fratturato con limo all'interno delle fratture.","3","1","Coppolella","70.000",528419.73,4565849.44,536.13
"224","C2","11.15","Calcare molto fratturato con limo all'interno delle fratture.","3","1","Coppolella","70.000",528419.73,4565849.44,536.13
"225","C2","11.2","Calcare molto fratturato con limo all'interno delle fratture.","3","1","Coppolella","70.000",528419.73,4565849.44,536.13
"226","C2","11.25","Calcare molto fratturato con limo all'interno delle fratture.","3","1","Coppolella","70.000",528419.73,4565849.44,536.13
"227","C2","11.3","Calcare molto fratturato con limo all'interno delle fratture.","3","1","Coppolella","70.000",528419.73,4565849.44,536.13
"228","C2","11.35","Calcare molto fratturato con limo all'interno delle fratture.","3","1","Coppolella","70.000",528419.73,4565849.44,536.13
"229","C2","11.4","Calcare molto fratturato con limo all'interno delle fratture.","3","1","Coppolella","70.000",528419.73,4565849.44,536.13
"230","C2","11.45","Calcare molto fratturato con limo all'interno delle fratture.","3","1","Coppolella","70.000",528419.73,4565849.44,536.13
"231","C2","11.5","Calcare molto fratturato con limo all'interno delle fratture.","3","1","Coppolella","70.000",528419.73,4565849.44,536.13
"232","C2","11.55","Calcare molto fratturato con limo all'interno delle fratture.","3","1","Coppolella","70.000",528419.73,4565849.44,536.13
"233","C2","11.6","Calcare molto fratturato con limo all'interno delle fratture.","3","1","Coppolella","70.000",528419.73,4565849.44,536.13
"234","C2","11.65","Calcare molto fratturato con limo all'interno delle fratture.","3","1","Coppolella","70.000",528419.73,4565849.44,536.13
"235","C2","11.7","Calcare molto fratturato con limo all'interno delle fratture.","3","1","Coppolella","70.000",528419.73,4565849.44,536.13
"236","C2","11.75","Calcare molto fratturato con limo all'interno delle fratture.","3","1","Coppolella","70.000",528419.73,4565849.44,536.13
"237","C2","11.8","Calcare molto fratturato con limo all'interno delle fratture.","3","1","Coppolella","70.000",528419.73,4565849.44,536.13
"238","C2","11.85","Calcare molto fratturato con limo all'interno delle fratture.","3","1","Coppolella","70.000",528419.73,4565849.44,536.13
"239","C2","11.9","Calcare molto fratturato con limo all'interno delle fratture.","3","1","Coppolella","70.000",528419.73,4565849.44,536.13
"240","C2","11.95","Calcare molto fratturato con limo all'interno delle fratture.","3","1","Coppolella","70.000",528419.73,4565849.44,536.13
"241","C2","12","Calcare molto fratturato con limo all'interno delle fratture.","3","1","Coppolella","70.000",528419.73,4565849.44,536.13
"242","C2","12.05","Calcare molto fratturato con limo all'interno delle fratture.","3","1","Coppolella","70.000",528419.73,4565849.44,536.13
"243","C2","12.1","Calcare molto fratturato con limo all'interno delle fratture.","3","1","Coppolella","70.000",528419.73,4565849.44,536.13
"244","C2","12.15","Calcare molto fratturato con limo all'interno delle fratture.","3","1","Coppolella","70.000",528419.73,4565849.44,536.13
"245","C2","12.2","Calcare molto fratturato con limo all'interno delle fratture.","3","1","Coppolella","70.000",528419.73,4565849.44,536.13
"246","C2","12.25","Calcare molto fratturato con limo all'interno delle fratture.","3","1","Coppolella","70.000",528419.73,4565849.44,536.13
"247","C2","12.3","Calcare molto fratturato con limo all'interno delle fratture.","3","1","Coppolella","70.000",528419.73,4565849.44,536.13
"248","C2","12.35","Calcare molto fratturato con limo all'interno delle fratture.","3","1","Coppolella","70.000",528419.73,4565849.44,536.13
"249","C2","12.4","Calcare molto fratturato con limo all'interno delle fratture.","3","1","Coppolella","70.000",528419.73,4565849.44,536.13
"250","C2","12.45","Calcare molto fratturato con limo all'interno delle fratture.","3","1","Coppolella","70.000",528419.73,4565849.44,536.13
"251","C2","12.5","Calcare molto fratturato con limo all'interno delle fratture.","3","1","Coppolella","70.000",528419.73,4565849.44,536.13
"252","C2","12.55","Calcare molto fratturato con limo all'interno delle fratture.","3","1","Coppolella","70.000",528419.73,4565849.44,536.13
"253","C2","12.6","Calcare molto fratturato con limo all'interno delle fratture.","3","1","Coppolella","70.000",528419.73,4565849.44,536.13
"254","C2","12.65","Calcare molto fratturato con limo all'interno delle fratture.","3","1","Coppolella","70.000",528419.73,4565849.44,536.13
"255","C2","12.7","Calcare molto fratturato con limo all'interno delle fratture.","3","1","Coppolella","70.000",528419.73,4565849.44,536.13
"256","C2","12.75","Calcare molto fratturato con limo all'interno delle fratture.","3","1","Coppolella","70.000",528419.73,4565849.44,536.13
"257","C2","12.8","Calcare molto fratturato con limo all'interno delle fratture.","3","1","Coppolella","70.000",528419.73,4565849.44,536.13
"258","C2","12.85","Materiale caotico composto da limi argillosi e ciottoli calcarei. Materiale debolmente umido.","2b","1","Coppolella","70.000",528419.73,4565849.44,536.13
"259","C2","12.9","Materiale caotico composto da limi argillosi e ciottoli calcarei. Materiale debolmente umido.","2b","1","Coppolella","70.000",528419.73,4565849.44,536.13
"260","C2","12.95","Materiale caotico composto da limi argillosi e ciottoli calcarei. Materiale debolmente umido.","2b","1","Coppolella","70.000",528419.73,4565849.44,536.13
"261","C2","13","Materiale caotico composto da limi argillosi e ciottoli calcarei. Materiale debolmente umido.","2b","1","Coppolella","70.000",528419.73,4565849.44,536.13
"262","C2","13.05","Materiale caotico composto da limi argillosi e ciottoli calcarei. Materiale debolmente umido.","2b","1","Coppolella","70.000",528419.73,4565849.44,536.13
"263","C2","13.1","Materiale caotico composto da limi argillosi e ciottoli calcarei. Materiale debolmente umido.","2b","1","Coppolella","70.000",528419.73,4565849.44,536.13
"264","C2","13.15","Materiale caotico composto da limi argillosi e ciottoli calcarei. Materiale debolmente umido.","2b","1","Coppolella","70.000",528419.73,4565849.44,536.13
"265","C2","13.2","Materiale caotico composto da limi argillosi e ciottoli calcarei. Materiale debolmente umido.","2b","1","Coppolella","70.000",528419.73,4565849.44,536.13
"266","C2","13.25","Materiale caotico composto da limi argillosi e ciottoli calcarei. Materiale debolmente umido.","2b","1","Coppolella","70.000",528419.73,4565849.44,536.13
"267","C2","13.3","Materiale caotico composto da limi argillosi e ciottoli calcarei. Materiale debolmente umido.","2b","1","Coppolella","70.000",528419.73,4565849.44,536.13
"268","C2","13.35","Materiale caotico composto da limi argillosi e ciottoli calcarei. Materiale debolmente umido.","2b","1","Coppolella","70.000",528419.73,4565849.44,536.13
"269","C2","13.4","Materiale caotico composto da limi argillosi e ciottoli calcarei. Materiale debolmente umido.","2b","1","Coppolella","70.000",528419.73,4565849.44,536.13
"270","C2","13.45","Materiale caotico composto da limi argillosi e ciottoli calcarei. Materiale debolmente umido.","2b","1","Coppolella","70.000",528419.73,4565849.44,536.13
"271","C2","13.5","Materiale caotico composto da limi argillosi e ciottoli calcarei. Materiale debolmente umido.","2b","1","Coppolella","70.000",528419.73,4565849.44,536.13
"272","C2","13.55","Materiale caotico composto da limi argillosi e ciottoli calcarei. Materiale debolmente umido.","2b","1","Coppolella","70.000",528419.73,4565849.44,536.13
"273","C2","13.6","Materiale caotico composto da limi argillosi e ciottoli calcarei. Materiale debolmente umido.","2b","1","Coppolella","70.000",528419.73,4565849.44,536.13
"274","C2","13.65","Materiale caotico composto da limi argillosi e ciottoli calcarei. Materiale debolmente umido.","2b","1","Coppolella","70.000",528419.73,4565849.44,536.13
"275","C2","13.7","Materiale caotico composto da limi argillosi e ciottoli calcarei. Materiale debolmente umido.","2b","1","Coppolella","70.000",528419.73,4565849.44,536.13
"276","C2","13.75","Materiale caotico composto da limi argillosi e ciottoli calcarei. Materiale debolmente umido.","2b","1","Coppolella","70.000",528419.73,4565849.44,536.13
"277","C2","13.8","Materiale caotico composto da limi argillosi e ciottoli calcarei. Materiale debolmente umido.","2b","1","Coppolella","70.000",528419.73,4565849.44,536.13
"278","C2","13.85","Argilla blu-verdastra da moderatamente a molto consistente. Materiale asciutto.","2b","1","Coppolella","70.000",528419.73,4565849.44,536.13
"279","C2","13.9","Argilla blu-verdastra da moderatamente a molto consistente. Materiale asciutto.","2b","1","Coppolella","70.000",528419.73,4565849.44,536.13
"280","C2","13.95","Argilla blu-verdastra da moderatamente a molto consistente. Materiale asciutto.","2b","1","Coppolella","70.000",528419.73,4565849.44,536.13
"281","C2","14","Argilla blu-verdastra da moderatamente a molto consistente. Materiale asciutto.","2b","1","Coppolella","70.000",528419.73,4565849.44,536.13
"282","C2","14.05","Argilla blu-verdastra da moderatamente a molto consistente. Materiale asciutto.","2b","1","Coppolella","70.000",528419.73,4565849.44,536.13
"283","C2","14.1","Argilla blu-verdastra da moderatamente a molto consistente. Materiale asciutto.","2b","1","Coppolella","70.000",528419.73,4565849.44,536.13
"284","C2","14.15","Argilla blu-verdastra da moderatamente a molto consistente. Materiale asciutto.","2b","1","Coppolella","70.000",528419.73,4565849.44,536.13
"285","C2","14.2","Argilla blu-verdastra da moderatamente a molto consistente. Materiale asciutto.","2b","1","Coppolella","70.000",528419.73,4565849.44,536.13
"286","C2","14.25","Argilla blu-verdastra da moderatamente a molto consistente. Materiale asciutto.","2b","1","Coppolella","70.000",528419.73,4565849.44,536.13
"287","C2","14.3","Argilla blu-verdastra da moderatamente a molto consistente. Materiale asciutto.","2b","1","Coppolella","70.000",528419.73,4565849.44,536.13
"288","C2","14.35","Argilla blu-verdastra da moderatamente a molto consistente. Materiale asciutto.","2b","1","Coppolella","70.000",528419.73,4565849.44,536.13
"289","C2","14.4","Argilla blu-verdastra da moderatamente a molto consistente. Materiale asciutto.","2b","1","Coppolella","70.000",528419.73,4565849.44,536.13
"290","C2","14.45","Argilla blu-verdastra da moderatamente a molto consistente. Materiale asciutto.","2b","1","Coppolella","70.000",528419.73,4565849.44,536.13
"291","C2","14.5","Argilla blu-verdastra da moderatamente a molto consistente. Materiale asciutto.","2b","1","Coppolella","70.000",528419.73,4565849.44,536.13
"292","C2","14.55","Argilla blu-verdastra da moderatamente a molto consistente. Materiale asciutto.","2b","1","Coppolella","70.000",528419.73,4565849.44,536.13
"293","C2","14.6","Argilla blu-verdastra da moderatamente a molto consistente. Materiale asciutto.","2b","1","Coppolella","70.000",528419.73,4565849.44,536.13
"294","C2","14.65","Argilla blu-verdastra da moderatamente a molto consistente. Materiale asciutto.","2b","1","Coppolella","70.000",528419.73,4565849.44,536.13
"295","C2","14.7","Argilla blu-verdastra da moderatamente a molto consistente. Materiale asciutto.","2b","1","Coppolella","70.000",528419.73,4565849.44,536.13
"296","C2","14.75","Argilla blu-verdastra da moderatamente a molto consistente. Materiale asciutto.","2b","1","Coppolella","70.000",528419.73,4565849.44,536.13
"297","C2","14.8","Argilla blu-verdastra da moderatamente a molto consistente. Materiale asciutto.","2b","1","Coppolella","70.000",528419.73,4565849.44,536.13
"298","C2","14.85","Argilla blu-verdastra da moderatamente a molto consistente. Materiale asciutto.","2b","1","Coppolella","70.000",528419.73,4565849.44,536.13
"299","C2","14.9","Argilla blu-verdastra da moderatamente a molto consistente. Materiale asciutto.","2b","1","Coppolella","70.000",528419.73,4565849.44,536.13
"300","C2","14.95","Argilla blu-verdastra da moderatamente a molto consistente. Materiale asciutto.","2b","1","Coppolella","70.000",528419.73,4565849.44,536.13
"301","C2","15","Argilla blu-verdastra da moderatamente a molto consistente. Materiale asciutto.","2b","1","Coppolella","70.000",528419.73,4565849.44,536.13
"302","C2","15.05","Argilla blu-verdastra da moderatamente a molto consistente. Materiale asciutto.","2b","1","Coppolella","70.000",528419.73,4565849.44,536.13
"303","C2","15.1","Argilla blu-verdastra da moderatamente a molto consistente. Materiale asciutto.","2b","1","Coppolella","70.000",528419.73,4565849.44,536.13
"304","C2","15.15","Argilla blu-verdastra da moderatamente a molto consistente. Materiale asciutto.","2b","1","Coppolella","70.000",528419.73,4565849.44,536.13
"305","C2","15.2","Argilla blu-verdastra da moderatamente a molto consistente. Materiale asciutto.","2b","1","Coppolella","70.000",528419.73,4565849.44,536.13
"306","C2","15.25","Argilla blu-verdastra da moderatamente a molto consistente. Materiale asciutto.","2b","1","Coppolella","70.000",528419.73,4565849.44,536.13
"307","C2","15.3","Argilla blu-verdastra da moderatamente a molto consistente. Materiale asciutto.","2b","1","Coppolella","70.000",528419.73,4565849.44,536.13
"308","C2","15.35","Argilla blu-verdastra da moderatamente a molto consistente. Materiale asciutto.","2b","1","Coppolella","70.000",528419.73,4565849.44,536.13
"309","C2","15.4","Argilla blu-verdastra da moderatamente a molto consistente. Materiale asciutto.","2b","1","Coppolella","70.000",528419.73,4565849.44,536.13
"310","C2","15.45","Argilla blu-verdastra da moderatamente a molto consistente. Materiale asciutto.","2b","1","Coppolella","70.000",528419.73,4565849.44,536.13
"311","C2","15.5","Argilla blu-verdastra da moderatamente a molto consistente. Materiale asciutto.","2b","1","Coppolella","70.000",528419.73,4565849.44,536.13
"312","C2","15.55","Argilla blu-verdastra da moderatamente a molto consistente. Materiale asciutto.","2b","1","Coppolella","70.000",528419.73,4565849.44,536.13
"313","C2","15.6","Argilla blu-verdastra da moderatamente a molto consistente. Materiale asciutto.","2b","1","Coppolella","70.000",528419.73,4565849.44,536.13
"314","C2","15.65","Argilla blu-verdastra da moderatamente a molto consistente. Materiale asciutto.","2b","1","Coppolella","70.000",528419.73,4565849.44,536.13
"315","C2","15.7","Argilla blu-verdastra da moderatamente a molto consistente. Materiale asciutto.","2b","1","Coppolella","70.000",528419.73,4565849.44,536.13
"316","C2","15.75","Argilla blu-verdastra da moderatamente a molto consistente. Materiale asciutto.","2b","1","Coppolella","70.000",528419.73,4565849.44,536.13
"317","C2","15.8","Argilla blu-verdastra da moderatamente a molto consistente. Materiale asciutto.","2b","1","Coppolella","70.000",528419.73,4565849.44,536.13
"318","C2","15.85","Argilla blu-verdastra da moderatamente a molto consistente. Materiale asciutto.","2b","1","Coppolella","70.000",528419.73,4565849.44,536.13
"319","C2","15.9","Argilla blu-verdastra da moderatamente a molto consistente. Materiale asciutto.","2b","1","Coppolella","70.000",528419.73,4565849.44,536.13
"320","C2","15.95","Argilla blu-verdastra da moderatamente a molto consistente. Materiale asciutto.","2b","1","Coppolella","70.000",528419.73,4565849.44,536.13
"321","C2","16","Argilla blu-verdastra da moderatamente a molto consistente. Materiale asciutto.","2b","1","Coppolella","70.000",528419.73,4565849.44,536.13
"322","C2","16.05","Argilla blu-verdastra da moderatamente a molto consistente. Materiale asciutto.","2b","1","Coppolella","70.000",528419.73,4565849.44,536.13
"323","C2","16.1","Argilla blu-verdastra da moderatamente a molto consistente. Materiale asciutto.","2b","1","Coppolella","70.000",528419.73,4565849.44,536.13
"324","C2","16.15","Argilla blu-verdastra da moderatamente a molto consistente. Materiale asciutto.","2b","1","Coppolella","70.000",528419.73,4565849.44,536.13
"325","C2","16.2","Argilla blu-verdastra da moderatamente a molto consistente. Materiale asciutto.","2b","1","Coppolella","70.000",528419.73,4565849.44,536.13
"326","C2","16.25","Argilla blu-verdastra da moderatamente a molto consistente. Materiale asciutto.","2b","1","Coppolella","70.000",528419.73,4565849.44,536.13
"327","C2","16.3","Argilla blu-verdastra da moderatamente a molto consistente. Materiale asciutto.","2b","1","Coppolella","70.000",528419.73,4565849.44,536.13
"328","C2","16.35","Argilla blu-verdastra da moderatamente a molto consistente. Materiale asciutto.","2b","1","Coppolella","70.000",528419.73,4565849.44,536.13
"329","C2","16.4","Argilla blu-verdastra da moderatamente a molto consistente. Materiale asciutto.","2b","1","Coppolella","70.000",528419.73,4565849.44,536.13
"330","C2","16.45","Argilla blu-verdastra da moderatamente a molto consistente. Materiale asciutto.","2b","1","Coppolella","70.000",528419.73,4565849.44,536.13
"331","C2","16.5","Argilla blu-verdastra da moderatamente a molto consistente. Materiale asciutto.","2b","1","Coppolella","70.000",528419.73,4565849.44,536.13
"332","C2","16.55","Argilla blu-verdastra da moderatamente a molto consistente. Materiale asciutto.","2b","1","Coppolella","70.000",528419.73,4565849.44,536.13
"333","C2","16.6","Argilla blu-verdastra da moderatamente a molto consistente. Materiale asciutto.","2b","1","Coppolella","70.000",528419.73,4565849.44,536.13
"334","C2","16.65","Argilla blu-verdastra da moderatamente a molto consistente. Materiale asciutto.","2b","1","Coppolella","70.000",528419.73,4565849.44,536.13
"335","C2","16.7","Argilla blu-verdastra da moderatamente a molto consistente. Materiale asciutto.","2b","1","Coppolella","70.000",528419.73,4565849.44,536.13
"336","C2","16.75","Argilla blu-verdastra da moderatamente a molto consistente. Materiale asciutto.","2b","1","Coppolella","70.000",528419.73,4565849.44,536.13
"337","C2","16.8","Argilla blu-verdastra da moderatamente a molto consistente. Materiale asciutto.","2b","1","Coppolella","70.000",528419.73,4565849.44,536.13
"338","C2","16.85","Argilla blu-verdastra da moderatamente a molto consistente. Materiale asciutto.","2b","1","Coppolella","70.000",528419.73,4565849.44,536.13
"339","C2","16.9","Argilla blu-verdastra da moderatamente a molto consistente. Materiale asciutto.","2b","1","Coppolella","70.000",528419.73,4565849.44,536.13
"340","C2","16.95","Argilla blu-verdastra da moderatamente a molto consistente. Materiale asciutto.","2b","1","Coppolella","70.000",528419.73,4565849.44,536.13
"341","C2","17","Argilla blu-verdastra da moderatamente a molto consistente. Materiale asciutto.","2b","1","Coppolella","70.000",528419.73,4565849.44,536.13
"342","C2","17.05","Argilla blu-verdastra da moderatamente a molto consistente. Materiale asciutto.","2b","1","Coppolella","70.000",528419.73,4565849.44,536.13
"343","C2","17.1","Argilla blu-verdastra da moderatamente a molto consistente. Materiale asciutto.","2b","1","Coppolella","70.000",528419.73,4565849.44,536.13
"344","C2","17.15","Argilla blu-verdastra da moderatamente a molto consistente. Materiale asciutto.","2b","1","Coppolella","70.000",528419.73,4565849.44,536.13
"345","C2","17.2","Argilla blu-verdastra da moderatamente a molto consistente. Materiale asciutto.","2b","1","Coppolella","70.000",528419.73,4565849.44,536.13
"346","C2","17.25","Argilla blu-verdastra da moderatamente a molto consistente. Materiale asciutto.","2b","1","Coppolella","70.000",528419.73,4565849.44,536.13
"347","C2","17.3","Argilla blu-verdastra da moderatamente a molto consistente. Materiale asciutto.","2b","1","Coppolella","70.000",528419.73,4565849.44,536.13
"348","C2","17.35","Calcare compatto/moderatamente fratturato con piccole porzioni di terra rossa.","2b","1","Coppolella","70.000",528419.73,4565849.44,536.13
"349","C2","17.4","Calcare compatto/moderatamente fratturato con piccole porzioni di terra rossa.","2b","1","Coppolella","70.000",528419.73,4565849.44,536.13
"350","C2","17.45","Calcare compatto/moderatamente fratturato con piccole porzioni di terra rossa.","2b","1","Coppolella","70.000",528419.73,4565849.44,536.13
"351","C2","17.5","Calcare compatto/moderatamente fratturato con piccole porzioni di terra rossa.","2b","1","Coppolella","70.000",528419.73,4565849.44,536.13
"352","C2","17.55","Calcare compatto/moderatamente fratturato con piccole porzioni di terra rossa.","2b","1","Coppolella","70.000",528419.73,4565849.44,536.13
"353","C2","17.6","Calcare compatto/moderatamente fratturato con piccole porzioni di terra rossa.","2b","1","Coppolella","70.000",528419.73,4565849.44,536.13
"354","C2","17.65","Calcare compatto/moderatamente fratturato con piccole porzioni di terra rossa.","2b","1","Coppolella","70.000",528419.73,4565849.44,536.13
"355","C2","17.7","Calcare compatto/moderatamente fratturato con piccole porzioni di terra rossa.","2b","1","Coppolella","70.000",528419.73,4565849.44,536.13
"356","C2","17.75","Calcare compatto/moderatamente fratturato con piccole porzioni di terra rossa.","2b","1","Coppolella","70.000",528419.73,4565849.44,536.13
"357","C2","17.8","Calcare compatto/moderatamente fratturato con piccole porzioni di terra rossa.","2b","1","Coppolella","70.000",528419.73,4565849.44,536.13
"358","C2","17.85","Calcare compatto/moderatamente fratturato con piccole porzioni di terra rossa.","2b","1","Coppolella","70.000",528419.73,4565849.44,536.13
"359","C2","17.9","Calcare compatto/moderatamente fratturato con piccole porzioni di terra rossa.","2b","1","Coppolella","70.000",528419.73,4565849.44,536.13
"360","C2","17.95","Calcare compatto/moderatamente fratturato con piccole porzioni di terra rossa.","2b","1","Coppolella","70.000",528419.73,4565849.44,536.13
"361","C2","18","Calcare compatto/moderatamente fratturato con piccole porzioni di terra rossa.","2b","1","Coppolella","70.000",528419.73,4565849.44,536.13
"362","C2","18.05","Calcare compatto/moderatamente fratturato con piccole porzioni di terra rossa.","2b","1","Coppolella","70.000",528419.73,4565849.44,536.13
"363","C2","18.1","Calcare compatto/moderatamente fratturato con piccole porzioni di terra rossa.","2b","1","Coppolella","70.000",528419.73,4565849.44,536.13
"364","C2","18.15","Argilla limosa blu-verdastra da poco a moderatamente consistente. Materiale asciutto.","2b","1","Coppolella","70.000",528419.73,4565849.44,536.13
"365","C2","18.2","Argilla limosa blu-verdastra da poco a moderatamente consistente. Materiale asciutto.","2b","1","Coppolella","70.000",528419.73,4565849.44,536.13
"366","C2","18.25","Argilla limosa blu-verdastra da poco a moderatamente consistente. Materiale asciutto.","2b","1","Coppolella","70.000",528419.73,4565849.44,536.13
"367","C2","18.3","Argilla limosa blu-verdastra da poco a moderatamente consistente. Materiale asciutto.","2b","1","Coppolella","70.000",528419.73,4565849.44,536.13
"368","C2","18.35","Argilla limosa blu-verdastra da poco a moderatamente consistente. Materiale asciutto.","2b","1","Coppolella","70.000",528419.73,4565849.44,536.13
"369","C2","18.4","Argilla limosa blu-verdastra da poco a moderatamente consistente. Materiale asciutto.","2b","1","Coppolella","70.000",528419.73,4565849.44,536.13
"370","C2","18.45","Argilla limosa blu-verdastra da poco a moderatamente consistente. Materiale asciutto.","2b","1","Coppolella","70.000",528419.73,4565849.44,536.13
"371","C2","18.5","Argilla limosa blu-verdastra da poco a moderatamente consistente. Materiale asciutto.","2b","1","Coppolella","70.000",528419.73,4565849.44,536.13
"372","C2","18.55","Argilla limosa blu-verdastra da poco a moderatamente consistente. Materiale asciutto.","2b","1","Coppolella","70.000",528419.73,4565849.44,536.13
"373","C2","18.6","Argilla limosa blu-verdastra da poco a moderatamente consistente. Materiale asciutto.","2b","1","Coppolella","70.000",528419.73,4565849.44,536.13
"374","C2","18.65","Argilla limosa blu-verdastra da poco a moderatamente consistente. Materiale asciutto.","2b","1","Coppolella","70.000",528419.73,4565849.44,536.13
"375","C2","18.7","Argilla limosa blu-verdastra da poco a moderatamente consistente. Materiale asciutto.","2b","1","Coppolella","70.000",528419.73,4565849.44,536.13
"376","C2","18.75","Argilla limosa blu-verdastra da poco a moderatamente consistente. Materiale asciutto.","2b","1","Coppolella","70.000",528419.73,4565849.44,536.13
"377","C2","18.8","Argilla limosa blu-verdastra da poco a moderatamente consistente. Materiale asciutto.","2b","1","Coppolella","70.000",528419.73,4565849.44,536.13
"378","C2","18.85","Argilla limosa blu-verdastra da poco a moderatamente consistente. Materiale asciutto.","2b","1","Coppolella","70.000",528419.73,4565849.44,536.13
"379","C2","18.9","Argilla limosa blu-verdastra da poco a moderatamente consistente. Materiale asciutto.","2b","1","Coppolella","70.000",528419.73,4565849.44,536.13
"380","C2","18.95","Argilla limosa blu-verdastra da poco a moderatamente consistente. Materiale asciutto.","2b","1","Coppolella","70.000",528419.73,4565849.44,536.13
"381","C2","19","Argilla limosa blu-verdastra da poco a moderatamente consistente. Materiale asciutto.","2b","1","Coppolella","70.000",528419.73,4565849.44,536.13
"382","C2","19.05","Argilla limosa blu-verdastra da poco a moderatamente consistente. Materiale asciutto.","2b","1","Coppolella","70.000",528419.73,4565849.44,536.13
"383","C2","19.1","Argilla limosa blu-verdastra da poco a moderatamente consistente. Materiale asciutto.","2b","1","Coppolella","70.000",528419.73,4565849.44,536.13
"384","C2","19.15","Argilla limosa blu-verdastra da poco a moderatamente consistente. Materiale asciutto.","2b","1","Coppolella","70.000",528419.73,4565849.44,536.13
"385","C2","19.2","Argilla limosa blu-verdastra da poco a moderatamente consistente. Materiale asciutto.","2b","1","Coppolella","70.000",528419.73,4565849.44,536.13
"386","C2","19.25","Argilla limosa blu-verdastra da poco a moderatamente consistente. Materiale asciutto.","2b","1","Coppolella","70.000",528419.73,4565849.44,536.13
"387","C2","19.3","Argilla limosa blu-verdastra da poco a moderatamente consistente. Materiale asciutto.","2b","1","Coppolella","70.000",528419.73,4565849.44,536.13
"388","C2","19.35","Argilla limosa blu-verdastra da poco a moderatamente consistente. Materiale asciutto.","2b","1","Coppolella","70.000",528419.73,4565849.44,536.13
"389","C2","19.4","Argilla limosa blu-verdastra da poco a moderatamente consistente. Materiale asciutto.","2b","1","Coppolella","70.000",528419.73,4565849.44,536.13
"390","C2","19.45","Argilla limosa blu-verdastra da poco a moderatamente consistente. Materiale asciutto.","2b","1","Coppolella","70.000",528419.73,4565849.44,536.13
"391","C2","19.5","Argilla limosa blu-verdastra da poco a moderatamente consistente. Materiale asciutto.","2b","1","Coppolella","70.000",528419.73,4565849.44,536.13
"392","C2","19.55","Argilla limosa blu-verdastra da poco a moderatamente consistente. Materiale asciutto.","2b","1","Coppolella","70.000",528419.73,4565849.44,536.13
"393","C2","19.6","Argilla limosa blu-verdastra da poco a moderatamente consistente. Materiale asciutto.","2b","1","Coppolella","70.000",528419.73,4565849.44,536.13
"394","C2","19.65","Argilla limosa blu-verdastra da poco a moderatamente consistente. Materiale asciutto.","2b","1","Coppolella","70.000",528419.73,4565849.44,536.13
"395","C2","19.7","Argilla limosa blu-verdastra da poco a moderatamente consistente. Materiale asciutto.","2b","1","Coppolella","70.000",528419.73,4565849.44,536.13
"396","C2","19.75","Argilla limosa blu-verdastra da poco a moderatamente consistente. Materiale asciutto.","2b","1","Coppolella","70.000",528419.73,4565849.44,536.13
"397","C2","19.8","Argilla limosa blu-verdastra da poco a moderatamente consistente. Materiale asciutto.","2b","1","Coppolella","70.000",528419.73,4565849.44,536.13
"398","C2","19.85","Argilla limosa blu-verdastra da poco a moderatamente consistente. Materiale asciutto.","2b","1","Coppolella","70.000",528419.73,4565849.44,536.13
"399","C2","19.9","Argilla limosa blu-verdastra da poco a moderatamente consistente. Materiale asciutto.","2b","1","Coppolella","70.000",528419.73,4565849.44,536.13
"400","C2","19.95","Argilla limosa blu-verdastra da poco a moderatamente consistente. Materiale asciutto.","2b","1","Coppolella","70.000",528419.73,4565849.44,536.13
"401","C2","20","Argilla limosa blu-verdastra da poco a moderatamente consistente. Materiale asciutto.","2b","1","Coppolella","70.000",528419.73,4565849.44,536.13
"402","C2","20.05","Argilla limosa blu-verdastra da poco a moderatamente consistente. Materiale debolmente umido.","2b","1","Coppolella","70.000",528419.73,4565849.44,536.13
"403","C2","20.1","Argilla limosa blu-verdastra da poco a moderatamente consistente. Materiale debolmente umido.","2b","1","Coppolella","70.000",528419.73,4565849.44,536.13
"404","C2","20.15","Argilla limosa blu-verdastra da poco a moderatamente consistente. Materiale debolmente umido.","2b","1","Coppolella","70.000",528419.73,4565849.44,536.13
"405","C2","20.2","Argilla limosa blu-verdastra da poco a moderatamente consistente. Materiale debolmente umido.","2b","1","Coppolella","70.000",528419.73,4565849.44,536.13
"406","C2","20.25","Argilla limosa blu-verdastra da poco a moderatamente consistente. Materiale debolmente umido.","2b","1","Coppolella","70.000",528419.73,4565849.44,536.13
"407","C2","20.3","Argilla limosa blu-verdastra da poco a moderatamente consistente. Materiale debolmente umido.","2b","1","Coppolella","70.000",528419.73,4565849.44,536.13
"408","C2","20.35","Argilla limosa blu-verdastra da poco a moderatamente consistente. Materiale debolmente umido.","2b","1","Coppolella","70.000",528419.73,4565849.44,536.13
"409","C2","20.4","Argilla limosa blu-verdastra da poco a moderatamente consistente. Materiale debolmente umido.","2b","1","Coppolella","70.000",528419.73,4565849.44,536.13
"410","C2","20.45","Argilla limosa blu-verdastra da poco a moderatamente consistente. Materiale debolmente umido.","2b","1","Coppolella","70.000",528419.73,4565849.44,536.13
"411","C2","20.5","Argilla limosa blu-verdastra da poco a moderatamente consistente. Materiale debolmente umido.","2b","1","Coppolella","70.000",528419.73,4565849.44,536.13
"412","C2","20.55","Argilla limosa blu-verdastra da poco a moderatamente consistente. Materiale debolmente umido.","2b","1","Coppolella","70.000",528419.73,4565849.44,536.13
"413","C2","20.6","Argilla limosa blu-verdastra da poco a moderatamente consistente. Materiale debolmente umido.","2b","1","Coppolella","70.000",528419.73,4565849.44,536.13
"414","C2","20.65","Argilla limosa blu-verdastra da poco a moderatamente consistente. Materiale debolmente umido.","2b","1","Coppolella","70.000",528419.73,4565849.44,536.13
"415","C2","20.7","Argilla limosa blu-verdastra da poco a moderatamente consistente. Materiale debolmente umido.","2b","1","Coppolella","70.000",528419.73,4565849.44,536.13
"416","C2","20.75","Argilla limosa blu-verdastra da poco a moderatamente consistente. Materiale debolmente umido.","2b","1","Coppolella","70.000",528419.73,4565849.44,536.13
"417","C2","20.8","Argilla limosa blu-verdastra da poco a moderatamente consistente. Materiale debolmente umido.","2b","1","Coppolella","70.000",528419.73,4565849.44,536.13
"418","C2","20.85","Argilla limosa blu-verdastra da poco a moderatamente consistente. Materiale debolmente umido.","2b","1","Coppolella","70.000",528419.73,4565849.44,536.13
"419","C2","20.9","Argilla limosa blu-verdastra da poco a moderatamente consistente. Materiale debolmente umido.","2b","1","Coppolella","70.000",528419.73,4565849.44,536.13
"420","C2","20.95","Argilla limosa blu-verdastra da poco a moderatamente consistente. Materiale debolmente umido.","2b","1","Coppolella","70.000",528419.73,4565849.44,536.13
"421","C2","21","Argilla limosa blu-verdastra da poco a moderatamente consistente. Materiale debolmente umido.","2b","1","Coppolella","70.000",528419.73,4565849.44,536.13
"422","C2","21.05","Argilla sabbiosa colore grigio con frequenti trovanti ciottolosi. Materiale molto caotico. Verso il basso dello strato sono presenti strati decimetrici di calcare. Materiale umido.","2b","1","Coppolella","70.000",528419.73,4565849.44,536.13
"423","C2","21.1","Argilla sabbiosa colore grigio con frequenti trovanti ciottolosi. Materiale molto caotico. Verso il basso dello strato sono presenti strati decimetrici di calcare. Materiale umido.","2b","1","Coppolella","70.000",528419.73,4565849.44,536.13
"424","C2","21.15","Argilla sabbiosa colore grigio con frequenti trovanti ciottolosi. Materiale molto caotico. Verso il basso dello strato sono presenti strati decimetrici di calcare. Materiale umido.","2b","1","Coppolella","70.000",528419.73,4565849.44,536.13
"425","C2","21.2","Argilla sabbiosa colore grigio con frequenti trovanti ciottolosi. Materiale molto caotico. Verso il basso dello strato sono presenti strati decimetrici di calcare. Materiale umido.","2b","1","Coppolella","70.000",528419.73,4565849.44,536.13
"426","C2","21.25","Argilla sabbiosa colore grigio con frequenti trovanti ciottolosi. Materiale molto caotico. Verso il basso dello strato sono presenti strati decimetrici di calcare. Materiale umido.","2b","1","Coppolella","70.000",528419.73,4565849.44,536.13
"427","C2","21.3","Argilla sabbiosa colore grigio con frequenti trovanti ciottolosi. Materiale molto caotico. Verso il basso dello strato sono presenti strati decimetrici di calcare. Materiale umido.","2b","1","Coppolella","70.000",528419.73,4565849.44,536.13
"428","C2","21.35","Argilla sabbiosa colore grigio con frequenti trovanti ciottolosi. Materiale molto caotico. Verso il basso dello strato sono presenti strati decimetrici di calcare. Materiale umido.","2b","1","Coppolella","70.000",528419.73,4565849.44,536.13
"429","C2","21.4","Argilla sabbiosa colore grigio con frequenti trovanti ciottolosi. Materiale molto caotico. Verso il basso dello strato sono presenti strati decimetrici di calcare. Materiale umido.","2b","1","Coppolella","70.000",528419.73,4565849.44,536.13
"430","C2","21.45","Argilla sabbiosa colore grigio con frequenti trovanti ciottolosi. Materiale molto caotico. Verso il basso dello strato sono presenti strati decimetrici di calcare. Materiale umido.","2b","1","Coppolella","70.000",528419.73,4565849.44,536.13
"431","C2","21.5","Argilla sabbiosa colore grigio con frequenti trovanti ciottolosi. Materiale molto caotico. Verso il basso dello strato sono presenti strati decimetrici di calcare. Materiale umido.","2b","1","Coppolella","70.000",528419.73,4565849.44,536.13
"432","C2","21.55","Argilla sabbiosa colore grigio con frequenti trovanti ciottolosi. Materiale molto caotico. Verso il basso dello strato sono presenti strati decimetrici di calcare. Materiale umido.","2b","1","Coppolella","70.000",528419.73,4565849.44,536.13
"433","C2","21.6","Argilla sabbiosa colore grigio con frequenti trovanti ciottolosi. Materiale molto caotico. Verso il basso dello strato sono presenti strati decimetrici di calcare. Materiale umido.","2b","1","Coppolella","70.000",528419.73,4565849.44,536.13
"434","C2","21.65","Argilla sabbiosa colore grigio con frequenti trovanti ciottolosi. Materiale molto caotico. Verso il basso dello strato sono presenti strati decimetrici di calcare. Materiale umido.","2b","1","Coppolella","70.000",528419.73,4565849.44,536.13
"435","C2","21.7","Argilla sabbiosa colore grigio con frequenti trovanti ciottolosi. Materiale molto caotico. Verso il basso dello strato sono presenti strati decimetrici di calcare. Materiale umido.","2b","1","Coppolella","70.000",528419.73,4565849.44,536.13
"436","C2","21.75","Argilla sabbiosa colore grigio con frequenti trovanti ciottolosi. Materiale molto caotico. Verso il basso dello strato sono presenti strati decimetrici di calcare. Materiale umido.","2b","1","Coppolella","70.000",528419.73,4565849.44,536.13
"437","C2","21.8","Argilla sabbiosa colore grigio con frequenti trovanti ciottolosi. Materiale molto caotico. Verso il basso dello strato sono presenti strati decimetrici di calcare. Materiale umido.","2b","1","Coppolella","70.000",528419.73,4565849.44,536.13
"438","C2","21.85","Argilla sabbiosa colore grigio con frequenti trovanti ciottolosi. Materiale molto caotico. Verso il basso dello strato sono presenti strati decimetrici di calcare. Materiale umido.","2b","1","Coppolella","70.000",528419.73,4565849.44,536.13
"439","C2","21.9","Argilla sabbiosa colore grigio con frequenti trovanti ciottolosi. Materiale molto caotico. Verso il basso dello strato sono presenti strati decimetrici di calcare. Materiale umido.","2b","1","Coppolella","70.000",528419.73,4565849.44,536.13
"440","C2","21.95","Argilla sabbiosa colore grigio con frequenti trovanti ciottolosi. Materiale molto caotico. Verso il basso dello strato sono presenti strati decimetrici di calcare. Materiale umido.","2b","1","Coppolella","70.000",528419.73,4565849.44,536.13
"441","C2","22","Argilla sabbiosa colore grigio con frequenti trovanti ciottolosi. Materiale molto caotico. Verso il basso dello strato sono presenti strati decimetrici di calcare. Materiale umido.","2b","1","Coppolella","70.000",528419.73,4565849.44,536.13
"442","C2","22.05","Argilla sabbiosa colore grigio con frequenti trovanti ciottolosi. Materiale molto caotico. Verso il basso dello strato sono presenti strati decimetrici di calcare. Materiale umido.","2b","1","Coppolella","70.000",528419.73,4565849.44,536.13
"443","C2","22.1","Argilla sabbiosa colore grigio con frequenti trovanti ciottolosi. Materiale molto caotico. Verso il basso dello strato sono presenti strati decimetrici di calcare. Materiale umido.","2b","1","Coppolella","70.000",528419.73,4565849.44,536.13
"444","C2","22.15","Argilla sabbiosa colore grigio con frequenti trovanti ciottolosi. Materiale molto caotico. Verso il basso dello strato sono presenti strati decimetrici di calcare. Materiale umido.","2b","1","Coppolella","70.000",528419.73,4565849.44,536.13
"445","C2","22.2","Argilla sabbiosa colore grigio con frequenti trovanti ciottolosi. Materiale molto caotico. Verso il basso dello strato sono presenti strati decimetrici di calcare. Materiale umido.","2b","1","Coppolella","70.000",528419.73,4565849.44,536.13
"446","C2","22.25","Argilla sabbiosa colore grigio con frequenti trovanti ciottolosi. Materiale molto caotico. Verso il basso dello strato sono presenti strati decimetrici di calcare. Materiale umido.","2b","1","Coppolella","70.000",528419.73,4565849.44,536.13
"447","C2","22.3","Argilla sabbiosa colore grigio con frequenti trovanti ciottolosi. Materiale molto caotico. Verso il basso dello strato sono presenti strati decimetrici di calcare. Materiale umido.","2b","1","Coppolella","70.000",528419.73,4565849.44,536.13
"448","C2","22.35","Argilla sabbiosa colore grigio con frequenti trovanti ciottolosi. Materiale molto caotico. Verso il basso dello strato sono presenti strati decimetrici di calcare. Materiale umido.","2b","1","Coppolella","70.000",528419.73,4565849.44,536.13
"449","C2","22.4","Argilla sabbiosa colore grigio con frequenti trovanti ciottolosi. Materiale molto caotico. Verso il basso dello strato sono presenti strati decimetrici di calcare. Materiale umido.","2b","1","Coppolella","70.000",528419.73,4565849.44,536.13
"450","C2","22.45","Argilla sabbiosa colore grigio con frequenti trovanti ciottolosi. Materiale molto caotico. Verso il basso dello strato sono presenti strati decimetrici di calcare. Materiale umido.","2b","1","Coppolella","70.000",528419.73,4565849.44,536.13
"451","C2","22.5","Argilla sabbiosa colore grigio con frequenti trovanti ciottolosi. Materiale molto caotico. Verso il basso dello strato sono presenti strati decimetrici di calcare. Materiale umido.","2b","1","Coppolella","70.000",528419.73,4565849.44,536.13
"452","C2","22.55","Argilla sabbiosa colore grigio con frequenti trovanti ciottolosi. Materiale molto caotico. Verso il basso dello strato sono presenti strati decimetrici di calcare. Materiale umido.","2b","1","Coppolella","70.000",528419.73,4565849.44,536.13
"453","C2","22.6","Argilla sabbiosa colore grigio con frequenti trovanti ciottolosi. Materiale molto caotico. Verso il basso dello strato sono presenti strati decimetrici di calcare. Materiale umido.","2b","1","Coppolella","70.000",528419.73,4565849.44,536.13
"454","C2","22.65","Argilla sabbiosa colore grigio con frequenti trovanti ciottolosi. Materiale molto caotico. Verso il basso dello strato sono presenti strati decimetrici di calcare. Materiale umido.","2b","1","Coppolella","70.000",528419.73,4565849.44,536.13
"455","C2","22.7","Argilla sabbiosa colore grigio con frequenti trovanti ciottolosi. Materiale molto caotico. Verso il basso dello strato sono presenti strati decimetrici di calcare. Materiale umido.","2b","1","Coppolella","70.000",528419.73,4565849.44,536.13
"456","C2","22.75","Argilla sabbiosa colore grigio con frequenti trovanti ciottolosi. Materiale molto caotico. Verso il basso dello strato sono presenti strati decimetrici di calcare. Materiale umido.","2b","1","Coppolella","70.000",528419.73,4565849.44,536.13
"457","C2","22.8","Argilla sabbiosa colore grigio con frequenti trovanti ciottolosi. Materiale molto caotico. Verso il basso dello strato sono presenti strati decimetrici di calcare. Materiale umido.","2b","1","Coppolella","70.000",528419.73,4565849.44,536.13
"458","C2","22.85","Argilla sabbiosa colore grigio con frequenti trovanti ciottolosi. Materiale molto caotico. Verso il basso dello strato sono presenti strati decimetrici di calcare. Materiale umido.","2b","1","Coppolella","70.000",528419.73,4565849.44,536.13
"459","C2","22.9","Argilla sabbiosa colore grigio con frequenti trovanti ciottolosi. Materiale molto caotico. Verso il basso dello strato sono presenti strati decimetrici di calcare. Materiale umido.","2b","1","Coppolella","70.000",528419.73,4565849.44,536.13
"460","C2","22.95","Argilla sabbiosa colore grigio con frequenti trovanti ciottolosi. Materiale molto caotico. Verso il basso dello strato sono presenti strati decimetrici di calcare. Materiale umido.","2b","1","Coppolella","70.000",528419.73,4565849.44,536.13
"461","C2","23","Argilla sabbiosa colore grigio con frequenti trovanti ciottolosi. Materiale molto caotico. Verso il basso dello strato sono presenti strati decimetrici di calcare. Materiale umido.","2b","1","Coppolella","70.000",528419.73,4565849.44,536.13
"462","C2","23.05","Argilla sabbiosa colore grigio con frequenti trovanti ciottolosi. Materiale molto caotico. Verso il basso dello strato sono presenti strati decimetrici di calcare. Materiale umido.","2b","1","Coppolella","70.000",528419.73,4565849.44,536.13
"463","C2","23.1","Argilla sabbiosa colore grigio con frequenti trovanti ciottolosi. Materiale molto caotico. Verso il basso dello strato sono presenti strati decimetrici di calcare. Materiale umido.","2b","1","Coppolella","70.000",528419.73,4565849.44,536.13
"464","C2","23.15","Argilla sabbiosa colore grigio con frequenti trovanti ciottolosi. Materiale molto caotico. Verso il basso dello strato sono presenti strati decimetrici di calcare. Materiale umido.","2b","1","Coppolella","70.000",528419.73,4565849.44,536.13
"465","C2","23.2","Argilla sabbiosa colore grigio con frequenti trovanti ciottolosi. Materiale molto caotico. Verso il basso dello strato sono presenti strati decimetrici di calcare. Materiale umido.","2b","1","Coppolella","70.000",528419.73,4565849.44,536.13
"466","C2","23.25","Argilla sabbiosa colore grigio con frequenti trovanti ciottolosi. Materiale molto caotico. Verso il basso dello strato sono presenti strati decimetrici di calcare. Materiale umido.","2b","1","Coppolella","70.000",528419.73,4565849.44,536.13
"467","C2","23.3","Argilla sabbiosa colore grigio con frequenti trovanti ciottolosi. Materiale molto caotico. Verso il basso dello strato sono presenti strati decimetrici di calcare. Materiale umido.","2b","1","Coppolella","70.000",528419.73,4565849.44,536.13
"468","C2","23.35","Argilla sabbiosa colore grigio con frequenti trovanti ciottolosi. Materiale molto caotico. Verso il basso dello strato sono presenti strati decimetrici di calcare. Materiale umido.","2b","1","Coppolella","70.000",528419.73,4565849.44,536.13
"469","C2","23.4","Argilla sabbiosa colore grigio con frequenti trovanti ciottolosi. Materiale molto caotico. Verso il basso dello strato sono presenti strati decimetrici di calcare. Materiale umido.","2b","1","Coppolella","70.000",528419.73,4565849.44,536.13
"470","C2","23.45","Argilla sabbiosa colore grigio con frequenti trovanti ciottolosi. Materiale molto caotico. Verso il basso dello strato sono presenti strati decimetrici di calcare. Materiale umido.","2b","1","Coppolella","70.000",528419.73,4565849.44,536.13
"471","C2","23.5","Argilla sabbiosa colore grigio con frequenti trovanti ciottolosi. Materiale molto caotico. Verso il basso dello strato sono presenti strati decimetrici di calcare. Materiale umido.","2b","1","Coppolella","70.000",528419.73,4565849.44,536.13
"472","C2","23.55","Argilla sabbiosa colore grigio con frequenti trovanti ciottolosi. Materiale molto caotico. Verso il basso dello strato sono presenti strati decimetrici di calcare. Materiale umido.","2b","1","Coppolella","70.000",528419.73,4565849.44,536.13
"473","C2","23.6","Argilla sabbiosa colore grigio con frequenti trovanti ciottolosi. Materiale molto caotico. Verso il basso dello strato sono presenti strati decimetrici di calcare. Materiale umido.","2b","1","Coppolella","70.000",528419.73,4565849.44,536.13
"474","C2","23.65","Argilla sabbiosa colore grigio con frequenti trovanti ciottolosi. Materiale molto caotico. Verso il basso dello strato sono presenti strati decimetrici di calcare. Materiale umido.","2b","1","Coppolella","70.000",528419.73,4565849.44,536.13
"475","C2","23.7","Argilla sabbiosa colore grigio con frequenti trovanti ciottolosi. Materiale molto caotico. Verso il basso dello strato sono presenti strati decimetrici di calcare. Materiale umido.","2b","1","Coppolella","70.000",528419.73,4565849.44,536.13
"476","C2","23.75","Argilla sabbiosa colore grigio con frequenti trovanti ciottolosi. Materiale molto caotico. Verso il basso dello strato sono presenti strati decimetrici di calcare. Materiale umido.","2b","1","Coppolella","70.000",528419.73,4565849.44,536.13
"477","C2","23.8","Argilla sabbiosa colore grigio con frequenti trovanti ciottolosi. Materiale molto caotico. Verso il basso dello strato sono presenti strati decimetrici di calcare. Materiale umido.","2b","1","Coppolella","70.000",528419.73,4565849.44,536.13
"478","C2","23.85","Argilla sabbiosa colore grigio con frequenti trovanti ciottolosi. Materiale molto caotico. Verso il basso dello strato sono presenti strati decimetrici di calcare. Materiale umido.","2b","1","Coppolella","70.000",528419.73,4565849.44,536.13
"479","C2","23.9","Argilla sabbiosa colore grigio con frequenti trovanti ciottolosi. Materiale molto caotico. Verso il basso dello strato sono presenti strati decimetrici di calcare. Materiale umido.","2b","1","Coppolella","70.000",528419.73,4565849.44,536.13
"480","C2","23.95","Argilla sabbiosa colore grigio con frequenti trovanti ciottolosi. Materiale molto caotico. Verso il basso dello strato sono presenti strati decimetrici di calcare. Materiale umido.","2b","1","Coppolella","70.000",528419.73,4565849.44,536.13
"481","C2","24","Argilla sabbiosa colore grigio con frequenti trovanti ciottolosi. Materiale molto caotico. Verso il basso dello strato sono presenti strati decimetrici di calcare. Materiale umido.","2b","1","Coppolella","70.000",528419.73,4565849.44,536.13
"482","C2","24.05","Argilla sabbiosa colore grigio con frequenti trovanti ciottolosi. Materiale molto caotico. Verso il basso dello strato sono presenti strati decimetrici di calcare. Materiale umido.","2b","1","Coppolella","70.000",528419.73,4565849.44,536.13
"483","C2","24.1","Argilla sabbiosa colore grigio con frequenti trovanti ciottolosi. Materiale molto caotico. Verso il basso dello strato sono presenti strati decimetrici di calcare. Materiale umido.","2b","1","Coppolella","70.000",528419.73,4565849.44,536.13
"484","C2","24.15","Argilla sabbiosa colore grigio con frequenti trovanti ciottolosi. Materiale molto caotico. Verso il basso dello strato sono presenti strati decimetrici di calcare. Materiale umido.","2b","1","Coppolella","70.000",528419.73,4565849.44,536.13
"485","C2","24.2","Argilla sabbiosa colore grigio con frequenti trovanti ciottolosi. Materiale molto caotico. Verso il basso dello strato sono presenti strati decimetrici di calcare. Materiale umido.","2b","1","Coppolella","70.000",528419.73,4565849.44,536.13
"486","C2","24.25","Argilla sabbiosa colore grigio con frequenti trovanti ciottolosi. Materiale molto caotico. Verso il basso dello strato sono presenti strati decimetrici di calcare. Materiale umido.","2b","1","Coppolella","70.000",528419.73,4565849.44,536.13
"487","C2","24.3","Argilla sabbiosa colore grigio con frequenti trovanti ciottolosi. Materiale molto caotico. Verso il basso dello strato sono presenti strati decimetrici di calcare. Materiale umido.","2b","1","Coppolella","70.000",528419.73,4565849.44,536.13
"488","C2","24.35","Calcareniti e calcari marnosi molto cementati con noduli di argilla inglobati. Presenti fratture con inclinazioni comprese tra 40 e 60° riempite di argilla e/o calcite. La grana varia da arenite a lutite andando in profondità, diventando più dura.","2b","1","Coppolella","70.000",528419.73,4565849.44,536.13
"489","C2","24.4","Calcareniti e calcari marnosi molto cementati con noduli di argilla inglobati. Presenti fratture con inclinazioni comprese tra 40 e 60° riempite di argilla e/o calcite. La grana varia da arenite a lutite andando in profondità, diventando più dura.","2b","1","Coppolella","70.000",528419.73,4565849.44,536.13
"490","C2","24.45","Calcareniti e calcari marnosi molto cementati con noduli di argilla inglobati. Presenti fratture con inclinazioni comprese tra 40 e 60° riempite di argilla e/o calcite. La grana varia da arenite a lutite andando in profondità, diventando più dura.","2b","1","Coppolella","70.000",528419.73,4565849.44,536.13
"491","C2","24.5","Calcareniti e calcari marnosi molto cementati con noduli di argilla inglobati. Presenti fratture con inclinazioni comprese tra 40 e 60° riempite di argilla e/o calcite. La grana varia da arenite a lutite andando in profondità, diventando più dura.","2b","1","Coppolella","70.000",528419.73,4565849.44,536.13
"492","C2","24.55","Calcareniti e calcari marnosi molto cementati con noduli di argilla inglobati. Presenti fratture con inclinazioni comprese tra 40 e 60° riempite di argilla e/o calcite. La grana varia da arenite a lutite andando in profondità, diventando più dura.","2b","1","Coppolella","70.000",528419.73,4565849.44,536.13
"493","C2","24.6","Calcareniti e calcari marnosi molto cementati con noduli di argilla inglobati. Presenti fratture con inclinazioni comprese tra 40 e 60° riempite di argilla e/o calcite. La grana varia da arenite a lutite andando in profondità, diventando più dura.","2b","1","Coppolella","70.000",528419.73,4565849.44,536.13
"494","C2","24.65","Calcareniti e calcari marnosi molto cementati con noduli di argilla inglobati. Presenti fratture con inclinazioni comprese tra 40 e 60° riempite di argilla e/o calcite. La grana varia da arenite a lutite andando in profondità, diventando più dura.","2b","1","Coppolella","70.000",528419.73,4565849.44,536.13
"495","C2","24.7","Calcareniti e calcari marnosi molto cementati con noduli di argilla inglobati. Presenti fratture con inclinazioni comprese tra 40 e 60° riempite di argilla e/o calcite. La grana varia da arenite a lutite andando in profondità, diventando più dura.","2b","1","Coppolella","70.000",528419.73,4565849.44,536.13
"496","C2","24.75","Calcareniti e calcari marnosi molto cementati con noduli di argilla inglobati. Presenti fratture con inclinazioni comprese tra 40 e 60° riempite di argilla e/o calcite. La grana varia da arenite a lutite andando in profondità, diventando più dura.","2b","1","Coppolella","70.000",528419.73,4565849.44,536.13
"497","C2","24.8","Calcareniti e calcari marnosi molto cementati con noduli di argilla inglobati. Presenti fratture con inclinazioni comprese tra 40 e 60° riempite di argilla e/o calcite. La grana varia da arenite a lutite andando in profondità, diventando più dura.","2b","1","Coppolella","70.000",528419.73,4565849.44,536.13
"498","C2","24.85","Calcareniti e calcari marnosi molto cementati con noduli di argilla inglobati. Presenti fratture con inclinazioni comprese tra 40 e 60° riempite di argilla e/o calcite. La grana varia da arenite a lutite andando in profondità, diventando più dura.","2b","1","Coppolella","70.000",528419.73,4565849.44,536.13
"499","C2","24.9","Calcareniti e calcari marnosi molto cementati con noduli di argilla inglobati. Presenti fratture con inclinazioni comprese tra 40 e 60° riempite di argilla e/o calcite. La grana varia da arenite a lutite andando in profondità, diventando più dura.","2b","1","Coppolella","70.000",528419.73,4565849.44,536.13
"500","C2","24.95","Calcareniti e calcari marnosi molto cementati con noduli di argilla inglobati. Presenti fratture con inclinazioni comprese tra 40 e 60° riempite di argilla e/o calcite. La grana varia da arenite a lutite andando in profondità, diventando più dura.","2b","1","Coppolella","70.000",528419.73,4565849.44,536.13
"501","C2","25","Calcareniti e calcari marnosi molto cementati con noduli di argilla inglobati. Presenti fratture con inclinazioni comprese tra 40 e 60° riempite di argilla e/o calcite. La grana varia da arenite a lutite andando in profondità, diventando più dura.","2b","1","Coppolella","70.000",528419.73,4565849.44,536.13
"502","C2","25.05","Calcareniti e calcari marnosi molto cementati con noduli di argilla inglobati. Presenti fratture con inclinazioni comprese tra 40 e 60° riempite di argilla e/o calcite. La grana varia da arenite a lutite andando in profondità, diventando più dura.","2b","1","Coppolella","70.000",528419.73,4565849.44,536.13
"503","C2","25.1","Calcareniti e calcari marnosi molto cementati con noduli di argilla inglobati. Presenti fratture con inclinazioni comprese tra 40 e 60° riempite di argilla e/o calcite. La grana varia da arenite a lutite andando in profondità, diventando più dura.","2b","1","Coppolella","70.000",528419.73,4565849.44,536.13
"504","C2","25.15","Calcareniti e calcari marnosi molto cementati con noduli di argilla inglobati. Presenti fratture con inclinazioni comprese tra 40 e 60° riempite di argilla e/o calcite. La grana varia da arenite a lutite andando in profondità, diventando più dura.","2b","1","Coppolella","70.000",528419.73,4565849.44,536.13
"505","C2","25.2","Calcareniti e calcari marnosi molto cementati con noduli di argilla inglobati. Presenti fratture con inclinazioni comprese tra 40 e 60° riempite di argilla e/o calcite. La grana varia da arenite a lutite andando in profondità, diventando più dura.","2b","1","Coppolella","70.000",528419.73,4565849.44,536.13
"506","C2","25.25","Calcareniti e calcari marnosi molto cementati con noduli di argilla inglobati. Presenti fratture con inclinazioni comprese tra 40 e 60° riempite di argilla e/o calcite. La grana varia da arenite a lutite andando in profondità, diventando più dura.","2b","1","Coppolella","70.000",528419.73,4565849.44,536.13
"507","C2","25.3","Calcareniti e calcari marnosi molto cementati con noduli di argilla inglobati. Presenti fratture con inclinazioni comprese tra 40 e 60° riempite di argilla e/o calcite. La grana varia da arenite a lutite andando in profondità, diventando più dura.","2b","1","Coppolella","70.000",528419.73,4565849.44,536.13
"508","C2","25.35","Calcareniti e calcari marnosi molto cementati con noduli di argilla inglobati. Presenti fratture con inclinazioni comprese tra 40 e 60° riempite di argilla e/o calcite. La grana varia da arenite a lutite andando in profondità, diventando più dura.","2b","1","Coppolella","70.000",528419.73,4565849.44,536.13
"509","C2","25.4","Calcareniti e calcari marnosi molto cementati con noduli di argilla inglobati. Presenti fratture con inclinazioni comprese tra 40 e 60° riempite di argilla e/o calcite. La grana varia da arenite a lutite andando in profondità, diventando più dura.","2b","1","Coppolella","70.000",528419.73,4565849.44,536.13
"510","C2","25.45","Calcareniti e calcari marnosi molto cementati con noduli di argilla inglobati. Presenti fratture con inclinazioni comprese tra 40 e 60° riempite di argilla e/o calcite. La grana varia da arenite a lutite andando in profondità, diventando più dura.","2b","1","Coppolella","70.000",528419.73,4565849.44,536.13
"511","C2","25.5","Calcareniti e calcari marnosi molto cementati con noduli di argilla inglobati. Presenti fratture con inclinazioni comprese tra 40 e 60° riempite di argilla e/o calcite. La grana varia da arenite a lutite andando in profondità, diventando più dura.","2b","1","Coppolella","70.000",528419.73,4565849.44,536.13
"512","C2","25.55","Calcareniti e calcari marnosi molto cementati con noduli di argilla inglobati. Presenti fratture con inclinazioni comprese tra 40 e 60° riempite di argilla e/o calcite. La grana varia da arenite a lutite andando in profondità, diventando più dura.","2b","1","Coppolella","70.000",528419.73,4565849.44,536.13
"513","C2","25.6","Calcareniti e calcari marnosi molto cementati con noduli di argilla inglobati. Presenti fratture con inclinazioni comprese tra 40 e 60° riempite di argilla e/o calcite. La grana varia da arenite a lutite andando in profondità, diventando più dura.","2b","1","Coppolella","70.000",528419.73,4565849.44,536.13
"514","C2","25.65","Calcareniti e calcari marnosi molto cementati con noduli di argilla inglobati. Presenti fratture con inclinazioni comprese tra 40 e 60° riempite di argilla e/o calcite. La grana varia da arenite a lutite andando in profondità, diventando più dura.","2b","1","Coppolella","70.000",528419.73,4565849.44,536.13
"515","C2","25.7","Calcareniti e calcari marnosi molto cementati con noduli di argilla inglobati. Presenti fratture con inclinazioni comprese tra 40 e 60° riempite di argilla e/o calcite. La grana varia da arenite a lutite andando in profondità, diventando più dura.","2b","1","Coppolella","70.000",528419.73,4565849.44,536.13
"516","C2","25.75","Calcareniti e calcari marnosi molto cementati con noduli di argilla inglobati. Presenti fratture con inclinazioni comprese tra 40 e 60° riempite di argilla e/o calcite. La grana varia da arenite a lutite andando in profondità, diventando più dura.","2b","1","Coppolella","70.000",528419.73,4565849.44,536.13
"517","C2","25.8","Calcareniti e calcari marnosi molto cementati con noduli di argilla inglobati. Presenti fratture con inclinazioni comprese tra 40 e 60° riempite di argilla e/o calcite. La grana varia da arenite a lutite andando in profondità, diventando più dura.","2b","1","Coppolella","70.000",528419.73,4565849.44,536.13
"518","C2","25.85","Calcareniti e calcari marnosi molto cementati con noduli di argilla inglobati. Presenti fratture con inclinazioni comprese tra 40 e 60° riempite di argilla e/o calcite. La grana varia da arenite a lutite andando in profondità, diventando più dura.","2b","1","Coppolella","70.000",528419.73,4565849.44,536.13
"519","C2","25.9","Calcareniti e calcari marnosi molto cementati con noduli di argilla inglobati. Presenti fratture con inclinazioni comprese tra 40 e 60° riempite di argilla e/o calcite. La grana varia da arenite a lutite andando in profondità, diventando più dura.","2b","1","Coppolella","70.000",528419.73,4565849.44,536.13
"520","C2","25.95","Calcareniti e calcari marnosi molto cementati con noduli di argilla inglobati. Presenti fratture con inclinazioni comprese tra 40 e 60° riempite di argilla e/o calcite. La grana varia da arenite a lutite andando in profondità, diventando più dura.","2b","1","Coppolella","70.000",528419.73,4565849.44,536.13
"521","C2","26","Calcareniti e calcari marnosi molto cementati con noduli di argilla inglobati. Presenti fratture con inclinazioni comprese tra 40 e 60° riempite di argilla e/o calcite. La grana varia da arenite a lutite andando in profondità, diventando più dura.","2b","1","Coppolella","70.000",528419.73,4565849.44,536.13
"522","C2","26.05","Calcareniti e calcari marnosi molto cementati con noduli di argilla inglobati. Presenti fratture con inclinazioni comprese tra 40 e 60° riempite di argilla e/o calcite. La grana varia da arenite a lutite andando in profondità, diventando più dura.","2b","1","Coppolella","70.000",528419.73,4565849.44,536.13
"523","C2","26.1","Calcareniti e calcari marnosi molto cementati con noduli di argilla inglobati. Presenti fratture con inclinazioni comprese tra 40 e 60° riempite di argilla e/o calcite. La grana varia da arenite a lutite andando in profondità, diventando più dura.","2b","1","Coppolella","70.000",528419.73,4565849.44,536.13
"524","C2","26.15","Calcareniti e calcari marnosi molto cementati con noduli di argilla inglobati. Presenti fratture con inclinazioni comprese tra 40 e 60° riempite di argilla e/o calcite. La grana varia da arenite a lutite andando in profondità, diventando più dura.","2b","1","Coppolella","70.000",528419.73,4565849.44,536.13
"525","C2","26.2","Calcareniti e calcari marnosi molto cementati con noduli di argilla inglobati. Presenti fratture con inclinazioni comprese tra 40 e 60° riempite di argilla e/o calcite. La grana varia da arenite a lutite andando in profondità, diventando più dura.","2b","1","Coppolella","70.000",528419.73,4565849.44,536.13
"526","C2","26.25","Calcareniti e calcari marnosi molto cementati con noduli di argilla inglobati. Presenti fratture con inclinazioni comprese tra 40 e 60° riempite di argilla e/o calcite. La grana varia da arenite a lutite andando in profondità, diventando più dura.","2b","1","Coppolella","70.000",528419.73,4565849.44,536.13
"527","C2","26.3","Calcareniti e calcari marnosi molto cementati con noduli di argilla inglobati. Presenti fratture con inclinazioni comprese tra 40 e 60° riempite di argilla e/o calcite. La grana varia da arenite a lutite andando in profondità, diventando più dura.","2b","1","Coppolella","70.000",528419.73,4565849.44,536.13
"528","C2","26.35","Calcareniti e calcari marnosi molto cementati con noduli di argilla inglobati. Presenti fratture con inclinazioni comprese tra 40 e 60° riempite di argilla e/o calcite. La grana varia da arenite a lutite andando in profondità, diventando più dura.","2b","1","Coppolella","70.000",528419.73,4565849.44,536.13
"529","C2","26.4","Calcareniti e calcari marnosi molto cementati con noduli di argilla inglobati. Presenti fratture con inclinazioni comprese tra 40 e 60° riempite di argilla e/o calcite. La grana varia da arenite a lutite andando in profondità, diventando più dura.","2b","1","Coppolella","70.000",528419.73,4565849.44,536.13
"530","C2","26.45","Calcareniti e calcari marnosi molto cementati con noduli di argilla inglobati. Presenti fratture con inclinazioni comprese tra 40 e 60° riempite di argilla e/o calcite. La grana varia da arenite a lutite andando in profondità, diventando più dura.","2b","1","Coppolella","70.000",528419.73,4565849.44,536.13
"531","C2","26.5","Calcareniti e calcari marnosi molto cementati con noduli di argilla inglobati. Presenti fratture con inclinazioni comprese tra 40 e 60° riempite di argilla e/o calcite. La grana varia da arenite a lutite andando in profondità, diventando più dura.","2b","1","Coppolella","70.000",528419.73,4565849.44,536.13
"532","C2","26.55","Calcareniti e calcari marnosi molto cementati con noduli di argilla inglobati. Presenti fratture con inclinazioni comprese tra 40 e 60° riempite di argilla e/o calcite. La grana varia da arenite a lutite andando in profondità, diventando più dura.","2b","1","Coppolella","70.000",528419.73,4565849.44,536.13
"533","C2","26.6","Calcareniti e calcari marnosi molto cementati con noduli di argilla inglobati. Presenti fratture con inclinazioni comprese tra 40 e 60° riempite di argilla e/o calcite. La grana varia da arenite a lutite andando in profondità, diventando più dura.","2b","1","Coppolella","70.000",528419.73,4565849.44,536.13
"534","C2","26.65","Calcareniti e calcari marnosi molto cementati con noduli di argilla inglobati. Presenti fratture con inclinazioni comprese tra 40 e 60° riempite di argilla e/o calcite. La grana varia da arenite a lutite andando in profondità, diventando più dura.","2b","1","Coppolella","70.000",528419.73,4565849.44,536.13
"535","C2","26.7","Calcareniti e calcari marnosi molto cementati con noduli di argilla inglobati. Presenti fratture con inclinazioni comprese tra 40 e 60° riempite di argilla e/o calcite. La grana varia da arenite a lutite andando in profondità, diventando più dura.","2b","1","Coppolella","70.000",528419.73,4565849.44,536.13
"536","C2","26.75","Calcareniti e calcari marnosi molto cementati con noduli di argilla inglobati. Presenti fratture con inclinazioni comprese tra 40 e 60° riempite di argilla e/o calcite. La grana varia da arenite a lutite andando in profondità, diventando più dura.","2b","1","Coppolella","70.000",528419.73,4565849.44,536.13
"537","C2","26.8","Calcareniti e calcari marnosi molto cementati con noduli di argilla inglobati. Presenti fratture con inclinazioni comprese tra 40 e 60° riempite di argilla e/o calcite. La grana varia da arenite a lutite andando in profondità, diventando più dura.","2b","1","Coppolella","70.000",528419.73,4565849.44,536.13
"538","C2","26.85","Calcareniti e calcari marnosi molto cementati con noduli di argilla inglobati. Presenti fratture con inclinazioni comprese tra 40 e 60° riempite di argilla e/o calcite. La grana varia da arenite a lutite andando in profondità, diventando più dura.","2b","1","Coppolella","70.000",528419.73,4565849.44,536.13
"539","C2","26.9","Calcareniti e calcari marnosi molto cementati con noduli di argilla inglobati. Presenti fratture con inclinazioni comprese tra 40 e 60° riempite di argilla e/o calcite. La grana varia da arenite a lutite andando in profondità, diventando più dura.","2b","1","Coppolella","70.000",528419.73,4565849.44,536.13
"540","C2","26.95","Calcareniti e calcari marnosi molto cementati con noduli di argilla inglobati. Presenti fratture con inclinazioni comprese tra 40 e 60° riempite di argilla e/o calcite. La grana varia da arenite a lutite andando in profondità, diventando più dura.","2b","1","Coppolella","70.000",528419.73,4565849.44,536.13
"541","C2","27","Calcareniti e calcari marnosi molto cementati con noduli di argilla inglobati. Presenti fratture con inclinazioni comprese tra 40 e 60° riempite di argilla e/o calcite. La grana varia da arenite a lutite andando in profondità, diventando più dura.","2b","1","Coppolella","70.000",528419.73,4565849.44,536.13
"542","C2","27.05","Calcareniti e calcari marnosi molto cementati con noduli di argilla inglobati. Presenti fratture con inclinazioni comprese tra 40 e 60° riempite di argilla e/o calcite. La grana varia da arenite a lutite andando in profondità, diventando più dura.","2b","1","Coppolella","70.000",528419.73,4565849.44,536.13
"543","C2","27.1","Calcareniti e calcari marnosi molto cementati con noduli di argilla inglobati. Presenti fratture con inclinazioni comprese tra 40 e 60° riempite di argilla e/o calcite. La grana varia da arenite a lutite andando in profondità, diventando più dura.","2b","1","Coppolella","70.000",528419.73,4565849.44,536.13
"544","C2","27.15","Calcareniti e calcari marnosi molto cementati con noduli di argilla inglobati. Presenti fratture con inclinazioni comprese tra 40 e 60° riempite di argilla e/o calcite. La grana varia da arenite a lutite andando in profondità, diventando più dura.","2b","1","Coppolella","70.000",528419.73,4565849.44,536.13
"545","C2","27.2","Calcareniti e calcari marnosi molto cementati con noduli di argilla inglobati. Presenti fratture con inclinazioni comprese tra 40 e 60° riempite di argilla e/o calcite. La grana varia da arenite a lutite andando in profondità, diventando più dura.","2b","1","Coppolella","70.000",528419.73,4565849.44,536.13
"546","C2","27.25","Calcareniti e calcari marnosi molto cementati con noduli di argilla inglobati. Presenti fratture con inclinazioni comprese tra 40 e 60° riempite di argilla e/o calcite. La grana varia da arenite a lutite andando in profondità, diventando più dura.","2b","1","Coppolella","70.000",528419.73,4565849.44,536.13
"547","C2","27.3","Calcareniti e calcari marnosi molto cementati con noduli di argilla inglobati. Presenti fratture con inclinazioni comprese tra 40 e 60° riempite di argilla e/o calcite. La grana varia da arenite a lutite andando in profondità, diventando più dura.","2b","1","Coppolella","70.000",528419.73,4565849.44,536.13
"548","C2","27.35","Calcareniti e calcari marnosi molto cementati con noduli di argilla inglobati. Presenti fratture con inclinazioni comprese tra 40 e 60° riempite di argilla e/o calcite. La grana varia da arenite a lutite andando in profondità, diventando più dura.","2b","1","Coppolella","70.000",528419.73,4565849.44,536.13
"549","C2","27.4","Calcareniti e calcari marnosi molto cementati con noduli di argilla inglobati. Presenti fratture con inclinazioni comprese tra 40 e 60° riempite di argilla e/o calcite. La grana varia da arenite a lutite andando in profondità, diventando più dura.","2b","1","Coppolella","70.000",528419.73,4565849.44,536.13
"550","C2","27.45","Calcareniti e calcari marnosi molto cementati con noduli di argilla inglobati. Presenti fratture con inclinazioni comprese tra 40 e 60° riempite di argilla e/o calcite. La grana varia da arenite a lutite andando in profondità, diventando più dura.","2b","1","Coppolella","70.000",528419.73,4565849.44,536.13
"551","C2","27.5","Calcareniti e calcari marnosi molto cementati con noduli di argilla inglobati. Presenti fratture con inclinazioni comprese tra 40 e 60° riempite di argilla e/o calcite. La grana varia da arenite a lutite andando in profondità, diventando più dura.","2b","1","Coppolella","70.000",528419.73,4565849.44,536.13
"552","C2","27.55","Calcareniti e calcari marnosi molto cementati con noduli di argilla inglobati. Presenti fratture con inclinazioni comprese tra 40 e 60° riempite di argilla e/o calcite. La grana varia da arenite a lutite andando in profondità, diventando più dura.","2b","1","Coppolella","70.000",528419.73,4565849.44,536.13
"553","C2","27.6","Calcareniti e calcari marnosi molto cementati con noduli di argilla inglobati. Presenti fratture con inclinazioni comprese tra 40 e 60° riempite di argilla e/o calcite. La grana varia da arenite a lutite andando in profondità, diventando più dura.","2b","1","Coppolella","70.000",528419.73,4565849.44,536.13
"554","C2","27.65","Calcareniti e calcari marnosi molto cementati con noduli di argilla inglobati. Presenti fratture con inclinazioni comprese tra 40 e 60° riempite di argilla e/o calcite. La grana varia da arenite a lutite andando in profondità, diventando più dura.","2b","1","Coppolella","70.000",528419.73,4565849.44,536.13
"555","C2","27.7","Calcareniti e calcari marnosi molto cementati con noduli di argilla inglobati. Presenti fratture con inclinazioni comprese tra 40 e 60° riempite di argilla e/o calcite. La grana varia da arenite a lutite andando in profondità, diventando più dura.","2b","1","Coppolella","70.000",528419.73,4565849.44,536.13
"556","C2","27.75","Calcareniti e calcari marnosi molto cementati con noduli di argilla inglobati. Presenti fratture con inclinazioni comprese tra 40 e 60° riempite di argilla e/o calcite. La grana varia da arenite a lutite andando in profondità, diventando più dura.","2b","1","Coppolella","70.000",528419.73,4565849.44,536.13
"557","C2","27.8","Calcareniti e calcari marnosi molto cementati con noduli di argilla inglobati. Presenti fratture con inclinazioni comprese tra 40 e 60° riempite di argilla e/o calcite. La grana varia da arenite a lutite andando in profondità, diventando più dura.","2b","1","Coppolella","70.000",528419.73,4565849.44,536.13
"558","C2","27.85","Calcareniti e calcari marnosi molto cementati con noduli di argilla inglobati. Presenti fratture con inclinazioni comprese tra 40 e 60° riempite di argilla e/o calcite. La grana varia da arenite a lutite andando in profondità, diventando più dura.","2b","1","Coppolella","70.000",528419.73,4565849.44,536.13
"559","C2","27.9","Calcareniti e calcari marnosi molto cementati con noduli di argilla inglobati. Presenti fratture con inclinazioni comprese tra 40 e 60° riempite di argilla e/o calcite. La grana varia da arenite a lutite andando in profondità, diventando più dura.","2b","1","Coppolella","70.000",528419.73,4565849.44,536.13
"560","C2","27.95","Calcareniti e calcari marnosi molto cementati con noduli di argilla inglobati. Presenti fratture con inclinazioni comprese tra 40 e 60° riempite di argilla e/o calcite. La grana varia da arenite a lutite andando in profondità, diventando più dura.","2b","1","Coppolella","70.000",528419.73,4565849.44,536.13
"561","C2","28","Calcareniti e calcari marnosi molto cementati con noduli di argilla inglobati. Presenti fratture con inclinazioni comprese tra 40 e 60° riempite di argilla e/o calcite. La grana varia da arenite a lutite andando in profondità, diventando più dura.","2b","1","Coppolella","70.000",528419.73,4565849.44,536.13
"562","C2","28.05","Calcareniti e calcari marnosi molto cementati con noduli di argilla inglobati. Presenti fratture con inclinazioni comprese tra 40 e 60° riempite di argilla e/o calcite. La grana varia da arenite a lutite andando in profondità, diventando più dura.","2b","1","Coppolella","70.000",528419.73,4565849.44,536.13
"563","C2","28.1","Calcareniti e calcari marnosi molto cementati con noduli di argilla inglobati. Presenti fratture con inclinazioni comprese tra 40 e 60° riempite di argilla e/o calcite. La grana varia da arenite a lutite andando in profondità, diventando più dura.","2b","1","Coppolella","70.000",528419.73,4565849.44,536.13
"564","C2","28.15","Calcareniti e calcari marnosi molto cementati con noduli di argilla inglobati. Presenti fratture con inclinazioni comprese tra 40 e 60° riempite di argilla e/o calcite. La grana varia da arenite a lutite andando in profondità, diventando più dura.","2b","1","Coppolella","70.000",528419.73,4565849.44,536.13
"565","C2","28.2","Calcareniti e calcari marnosi molto cementati con noduli di argilla inglobati. Presenti fratture con inclinazioni comprese tra 40 e 60° riempite di argilla e/o calcite. La grana varia da arenite a lutite andando in profondità, diventando più dura.","2b","1","Coppolella","70.000",528419.73,4565849.44,536.13
"566","C2","28.25","Calcareniti e calcari marnosi molto cementati con noduli di argilla inglobati. Presenti fratture con inclinazioni comprese tra 40 e 60° riempite di argilla e/o calcite. La grana varia da arenite a lutite andando in profondità, diventando più dura.","2b","1","Coppolella","70.000",528419.73,4565849.44,536.13
"567","C2","28.3","Calcareniti e calcari marnosi molto cementati con noduli di argilla inglobati. Presenti fratture con inclinazioni comprese tra 40 e 60° riempite di argilla e/o calcite. La grana varia da arenite a lutite andando in profondità, diventando più dura.","2b","1","Coppolella","70.000",528419.73,4565849.44,536.13
"568","C2","28.35","Calcareniti e calcari marnosi molto cementati con noduli di argilla inglobati. Presenti fratture con inclinazioni comprese tra 40 e 60° riempite di argilla e/o calcite. La grana varia da arenite a lutite andando in profondità, diventando più dura.","2b","1","Coppolella","70.000",528419.73,4565849.44,536.13
"569","C2","28.4","Calcareniti e calcari marnosi molto cementati con noduli di argilla inglobati. Presenti fratture con inclinazioni comprese tra 40 e 60° riempite di argilla e/o calcite. La grana varia da arenite a lutite andando in profondità, diventando più dura.","2b","1","Coppolella","70.000",528419.73,4565849.44,536.13
"570","C2","28.45","Calcareniti e calcari marnosi molto cementati con noduli di argilla inglobati. Presenti fratture con inclinazioni comprese tra 40 e 60° riempite di argilla e/o calcite. La grana varia da arenite a lutite andando in profondità, diventando più dura.","2b","1","Coppolella","70.000",528419.73,4565849.44,536.13
"571","C2","28.5","Calcareniti e calcari marnosi molto cementati con noduli di argilla inglobati. Presenti fratture con inclinazioni comprese tra 40 e 60° riempite di argilla e/o calcite. La grana varia da arenite a lutite andando in profondità, diventando più dura.","2b","1","Coppolella","70.000",528419.73,4565849.44,536.13
"572","C2","28.55","Calcareniti e calcari marnosi molto cementati con noduli di argilla inglobati. Presenti fratture con inclinazioni comprese tra 40 e 60° riempite di argilla e/o calcite. La grana varia da arenite a lutite andando in profondità, diventando più dura.","2b","1","Coppolella","70.000",528419.73,4565849.44,536.13
"573","C2","28.6","Calcareniti e calcari marnosi molto cementati con noduli di argilla inglobati. Presenti fratture con inclinazioni comprese tra 40 e 60° riempite di argilla e/o calcite. La grana varia da arenite a lutite andando in profondità, diventando più dura.","2b","1","Coppolella","70.000",528419.73,4565849.44,536.13
"574","C2","28.65","Calcareniti e calcari marnosi molto cementati con noduli di argilla inglobati. Presenti fratture con inclinazioni comprese tra 40 e 60° riempite di argilla e/o calcite. La grana varia da arenite a lutite andando in profondità, diventando più dura.","2b","1","Coppolella","70.000",528419.73,4565849.44,536.13
"575","C2","28.7","Calcareniti e calcari marnosi molto cementati con noduli di argilla inglobati. Presenti fratture con inclinazioni comprese tra 40 e 60° riempite di argilla e/o calcite. La grana varia da arenite a lutite andando in profondità, diventando più dura.","2b","1","Coppolella","70.000",528419.73,4565849.44,536.13
"576","C2","28.75","Calcareniti e calcari marnosi molto cementati con noduli di argilla inglobati. Presenti fratture con inclinazioni comprese tra 40 e 60° riempite di argilla e/o calcite. La grana varia da arenite a lutite andando in profondità, diventando più dura.","2b","1","Coppolella","70.000",528419.73,4565849.44,536.13
"577","C2","28.8","Calcareniti e calcari marnosi molto cementati con noduli di argilla inglobati. Presenti fratture con inclinazioni comprese tra 40 e 60° riempite di argilla e/o calcite. La grana varia da arenite a lutite andando in profondità, diventando più dura.","2b","1","Coppolella","70.000",528419.73,4565849.44,536.13
"578","C2","28.85","Calcareniti e calcari marnosi molto cementati con noduli di argilla inglobati. Presenti fratture con inclinazioni comprese tra 40 e 60° riempite di argilla e/o calcite. La grana varia da arenite a lutite andando in profondità, diventando più dura.","2b","1","Coppolella","70.000",528419.73,4565849.44,536.13
"579","C2","28.9","Calcareniti e calcari marnosi molto cementati con noduli di argilla inglobati. Presenti fratture con inclinazioni comprese tra 40 e 60° riempite di argilla e/o calcite. La grana varia da arenite a lutite andando in profondità, diventando più dura.","2b","1","Coppolella","70.000",528419.73,4565849.44,536.13
"580","C2","28.95","Calcareniti e calcari marnosi molto cementati con noduli di argilla inglobati. Presenti fratture con inclinazioni comprese tra 40 e 60° riempite di argilla e/o calcite. La grana varia da arenite a lutite andando in profondità, diventando più dura.","2b","1","Coppolella","70.000",528419.73,4565849.44,536.13
"581","C2","29","Calcareniti e calcari marnosi molto cementati con noduli di argilla inglobati. Presenti fratture con inclinazioni comprese tra 40 e 60° riempite di argilla e/o calcite. La grana varia da arenite a lutite andando in profondità, diventando più dura.","2b","1","Coppolella","70.000",528419.73,4565849.44,536.13
"582","C2","29.05","Calcareniti e calcari marnosi molto cementati con noduli di argilla inglobati. Presenti fratture con inclinazioni comprese tra 40 e 60° riempite di argilla e/o calcite. La grana varia da arenite a lutite andando in profondità, diventando più dura.","2b","1","Coppolella","70.000",528419.73,4565849.44,536.13
"583","C2","29.1","Calcareniti e calcari marnosi molto cementati con noduli di argilla inglobati. Presenti fratture con inclinazioni comprese tra 40 e 60° riempite di argilla e/o calcite. La grana varia da arenite a lutite andando in profondità, diventando più dura.","2b","1","Coppolella","70.000",528419.73,4565849.44,536.13
"584","C2","29.15","Calcareniti e calcari marnosi molto cementati con noduli di argilla inglobati. Presenti fratture con inclinazioni comprese tra 40 e 60° riempite di argilla e/o calcite. La grana varia da arenite a lutite andando in profondità, diventando più dura.","2b","1","Coppolella","70.000",528419.73,4565849.44,536.13
"585","C2","29.2","Calcareniti e calcari marnosi molto cementati con noduli di argilla inglobati. Presenti fratture con inclinazioni comprese tra 40 e 60° riempite di argilla e/o calcite. La grana varia da arenite a lutite andando in profondità, diventando più dura.","2b","1","Coppolella","70.000",528419.73,4565849.44,536.13
"586","C2","29.25","Calcareniti e calcari marnosi molto cementati con noduli di argilla inglobati. Presenti fratture con inclinazioni comprese tra 40 e 60° riempite di argilla e/o calcite. La grana varia da arenite a lutite andando in profondità, diventando più dura.","2b","1","Coppolella","70.000",528419.73,4565849.44,536.13
"587","C2","29.3","Calcareniti e calcari marnosi molto cementati con noduli di argilla inglobati. Presenti fratture con inclinazioni comprese tra 40 e 60° riempite di argilla e/o calcite. La grana varia da arenite a lutite andando in profondità, diventando più dura.","2b","1","Coppolella","70.000",528419.73,4565849.44,536.13
"588","C2","29.35","Calcareniti e calcari marnosi molto cementati con noduli di argilla inglobati. Presenti fratture con inclinazioni comprese tra 40 e 60° riempite di argilla e/o calcite. La grana varia da arenite a lutite andando in profondità, diventando più dura.","2b","1","Coppolella","70.000",528419.73,4565849.44,536.13
"589","C2","29.4","Calcareniti e calcari marnosi molto cementati con noduli di argilla inglobati. Presenti fratture con inclinazioni comprese tra 40 e 60° riempite di argilla e/o calcite. La grana varia da arenite a lutite andando in profondità, diventando più dura.","2b","1","Coppolella","70.000",528419.73,4565849.44,536.13
"590","C2","29.45","Calcareniti e calcari marnosi molto cementati con noduli di argilla inglobati. Presenti fratture con inclinazioni comprese tra 40 e 60° riempite di argilla e/o calcite. La grana varia da arenite a lutite andando in profondità, diventando più dura.","2b","1","Coppolella","70.000",528419.73,4565849.44,536.13
"591","C2","29.5","Calcareniti e calcari marnosi molto cementati con noduli di argilla inglobati. Presenti fratture con inclinazioni comprese tra 40 e 60° riempite di argilla e/o calcite. La grana varia da arenite a lutite andando in profondità, diventando più dura.","2b","1","Coppolella","70.000",528419.73,4565849.44,536.13
"592","C2","29.55","Calcareniti e calcari marnosi molto cementati con noduli di argilla inglobati. Presenti fratture con inclinazioni comprese tra 40 e 60° riempite di argilla e/o calcite. La grana varia da arenite a lutite andando in profondità, diventando più dura.","2b","1","Coppolella","70.000",528419.73,4565849.44,536.13
"593","C2","29.6","Calcareniti e calcari marnosi molto cementati con noduli di argilla inglobati. Presenti fratture con inclinazioni comprese tra 40 e 60° riempite di argilla e/o calcite. La grana varia da arenite a lutite andando in profondità, diventando più dura.","2b","1","Coppolella","70.000",528419.73,4565849.44,536.13
"594","C2","29.65","Calcareniti e calcari marnosi molto cementati con noduli di argilla inglobati. Presenti fratture con inclinazioni comprese tra 40 e 60° riempite di argilla e/o calcite. La grana varia da arenite a lutite andando in profondità, diventando più dura.","2b","1","Coppolella","70.000",528419.73,4565849.44,536.13
"595","C2","29.7","Calcareniti e calcari marnosi molto cementati con noduli di argilla inglobati. Presenti fratture con inclinazioni comprese tra 40 e 60° riempite di argilla e/o calcite. La grana varia da arenite a lutite andando in profondità, diventando più dura.","2b","1","Coppolella","70.000",528419.73,4565849.44,536.13
"596","C2","29.75","Calcareniti e calcari marnosi molto cementati con noduli di argilla inglobati. Presenti fratture con inclinazioni comprese tra 40 e 60° riempite di argilla e/o calcite. La grana varia da arenite a lutite andando in profondità, diventando più dura.","2b","1","Coppolella","70.000",528419.73,4565849.44,536.13
"597","C2","29.8","Calcareniti e calcari marnosi molto cementati con noduli di argilla inglobati. Presenti fratture con inclinazioni comprese tra 40 e 60° riempite di argilla e/o calcite. La grana varia da arenite a lutite andando in profondità, diventando più dura.","2b","1","Coppolella","70.000",528419.73,4565849.44,536.13
"598","C2","29.85","Calcareniti e calcari marnosi molto cementati con noduli di argilla inglobati. Presenti fratture con inclinazioni comprese tra 40 e 60° riempite di argilla e/o calcite. La grana varia da arenite a lutite andando in profondità, diventando più dura.","2b","1","Coppolella","70.000",528419.73,4565849.44,536.13
"599","C2","29.9","Calcareniti e calcari marnosi molto cementati con noduli di argilla inglobati. Presenti fratture con inclinazioni comprese tra 40 e 60° riempite di argilla e/o calcite. La grana varia da arenite a lutite andando in profondità, diventando più dura.","2b","1","Coppolella","70.000",528419.73,4565849.44,536.13
"600","C2","29.95","Calcareniti e calcari marnosi molto cementati con noduli di argilla inglobati. Presenti fratture con inclinazioni comprese tra 40 e 60° riempite di argilla e/o calcite. La grana varia da arenite a lutite andando in profondità, diventando più dura.","2b","1","Coppolella","70.000",528419.73,4565849.44,536.13
"601","C2","30","Calcareniti e calcari marnosi molto cementati con noduli di argilla inglobati. Presenti fratture con inclinazioni comprese tra 40 e 60° riempite di argilla e/o calcite. La grana varia da arenite a lutite andando in profondità, diventando più dura.","2b","1","Coppolella","70.000",528419.73,4565849.44,536.13
"602","C2","30.05","Calcareniti e calcari marnosi molto cementati con noduli di argilla inglobati. Presenti fratture con inclinazioni comprese tra 40 e 60° riempite di argilla e/o calcite. La grana varia da arenite a lutite andando in profondità, diventando più dura.","2b","1","Coppolella","70.000",528419.73,4565849.44,536.13
"603","C2","30.1","Calcareniti e calcari marnosi molto cementati con noduli di argilla inglobati. Presenti fratture con inclinazioni comprese tra 40 e 60° riempite di argilla e/o calcite. La grana varia da arenite a lutite andando in profondità, diventando più dura.","2b","1","Coppolella","70.000",528419.73,4565849.44,536.13
"604","C2","30.15","Calcareniti e calcari marnosi molto cementati con noduli di argilla inglobati. Presenti fratture con inclinazioni comprese tra 40 e 60° riempite di argilla e/o calcite. La grana varia da arenite a lutite andando in profondità, diventando più dura.","2b","1","Coppolella","70.000",528419.73,4565849.44,536.13
"605","C2","30.2","Calcareniti e calcari marnosi molto cementati con noduli di argilla inglobati. Presenti fratture con inclinazioni comprese tra 40 e 60° riempite di argilla e/o calcite. La grana varia da arenite a lutite andando in profondità, diventando più dura.","2b","1","Coppolella","70.000",528419.73,4565849.44,536.13
"606","C2","30.25","Calcareniti e calcari marnosi molto cementati con noduli di argilla inglobati. Presenti fratture con inclinazioni comprese tra 40 e 60° riempite di argilla e/o calcite. La grana varia da arenite a lutite andando in profondità, diventando più dura.","2b","1","Coppolella","70.000",528419.73,4565849.44,536.13
"607","C2","30.3","Calcareniti e calcari marnosi molto cementati con noduli di argilla inglobati. Presenti fratture con inclinazioni comprese tra 40 e 60° riempite di argilla e/o calcite. La grana varia da arenite a lutite andando in profondità, diventando più dura.","2b","1","Coppolella","70.000",528419.73,4565849.44,536.13
"608","C2","30.35","Calcareniti e calcari marnosi molto cementati con noduli di argilla inglobati. Presenti fratture con inclinazioni comprese tra 40 e 60° riempite di argilla e/o calcite. La grana varia da arenite a lutite andando in profondità, diventando più dura.","2b","1","Coppolella","70.000",528419.73,4565849.44,536.13
"609","C2","30.4","Calcareniti e calcari marnosi molto cementati con noduli di argilla inglobati. Presenti fratture con inclinazioni comprese tra 40 e 60° riempite di argilla e/o calcite. La grana varia da arenite a lutite andando in profondità, diventando più dura.","2b","1","Coppolella","70.000",528419.73,4565849.44,536.13
"610","C2","30.45","Calcareniti e calcari marnosi molto cementati con noduli di argilla inglobati. Presenti fratture con inclinazioni comprese tra 40 e 60° riempite di argilla e/o calcite. La grana varia da arenite a lutite andando in profondità, diventando più dura.","2b","1","Coppolella","70.000",528419.73,4565849.44,536.13
"611","C2","30.5","Calcareniti e calcari marnosi molto cementati con noduli di argilla inglobati. Presenti fratture con inclinazioni comprese tra 40 e 60° riempite di argilla e/o calcite. La grana varia da arenite a lutite andando in profondità, diventando più dura.","2b","1","Coppolella","70.000",528419.73,4565849.44,536.13
"612","C2","30.55","Calcareniti e calcari marnosi molto cementati con noduli di argilla inglobati. Presenti fratture con inclinazioni comprese tra 40 e 60° riempite di argilla e/o calcite. La grana varia da arenite a lutite andando in profondità, diventando più dura.","2b","1","Coppolella","70.000",528419.73,4565849.44,536.13
"613","C2","30.6","Calcareniti e calcari marnosi molto cementati con noduli di argilla inglobati. Presenti fratture con inclinazioni comprese tra 40 e 60° riempite di argilla e/o calcite. La grana varia da arenite a lutite andando in profondità, diventando più dura.","2b","1","Coppolella","70.000",528419.73,4565849.44,536.13
"614","C2","30.65","Calcareniti e calcari marnosi molto cementati con noduli di argilla inglobati. Presenti fratture con inclinazioni comprese tra 40 e 60° riempite di argilla e/o calcite. La grana varia da arenite a lutite andando in profondità, diventando più dura.","2b","1","Coppolella","70.000",528419.73,4565849.44,536.13
"615","C2","30.7","Calcareniti e calcari marnosi molto cementati con noduli di argilla inglobati. Presenti fratture con inclinazioni comprese tra 40 e 60° riempite di argilla e/o calcite. La grana varia da arenite a lutite andando in profondità, diventando più dura.","2b","1","Coppolella","70.000",528419.73,4565849.44,536.13
"616","C2","30.75","Calcareniti e calcari marnosi molto cementati con noduli di argilla inglobati. Presenti fratture con inclinazioni comprese tra 40 e 60° riempite di argilla e/o calcite. La grana varia da arenite a lutite andando in profondità, diventando più dura.","2b","1","Coppolella","70.000",528419.73,4565849.44,536.13
"617","C2","30.8","Calcareniti e calcari marnosi molto cementati con noduli di argilla inglobati. Presenti fratture con inclinazioni comprese tra 40 e 60° riempite di argilla e/o calcite. La grana varia da arenite a lutite andando in profondità, diventando più dura.","2b","1","Coppolella","70.000",528419.73,4565849.44,536.13
"618","C2","30.85","Calcareniti e calcari marnosi molto cementati con noduli di argilla inglobati. Presenti fratture con inclinazioni comprese tra 40 e 60° riempite di argilla e/o calcite. La grana varia da arenite a lutite andando in profondità, diventando più dura.","2b","1","Coppolella","70.000",528419.73,4565849.44,536.13
"619","C2","30.9","Calcareniti e calcari marnosi molto cementati con noduli di argilla inglobati. Presenti fratture con inclinazioni comprese tra 40 e 60° riempite di argilla e/o calcite. La grana varia da arenite a lutite andando in profondità, diventando più dura.","2b","1","Coppolella","70.000",528419.73,4565849.44,536.13
"620","C2","30.95","Calcareniti e calcari marnosi molto cementati con noduli di argilla inglobati. Presenti fratture con inclinazioni comprese tra 40 e 60° riempite di argilla e/o calcite. La grana varia da arenite a lutite andando in profondità, diventando più dura.","2b","1","Coppolella","70.000",528419.73,4565849.44,536.13
"621","C2","31","Calcareniti e calcari marnosi molto cementati con noduli di argilla inglobati. Presenti fratture con inclinazioni comprese tra 40 e 60° riempite di argilla e/o calcite. La grana varia da arenite a lutite andando in profondità, diventando più dura.","2b","1","Coppolella","70.000",528419.73,4565849.44,536.13
"622","C2","31.05","Calcareniti e calcari marnosi molto cementati con noduli di argilla inglobati. Presenti fratture con inclinazioni comprese tra 40 e 60° riempite di argilla e/o calcite. La grana varia da arenite a lutite andando in profondità, diventando più dura.","2b","1","Coppolella","70.000",528419.73,4565849.44,536.13
"623","C2","31.1","Calcareniti e calcari marnosi molto cementati con noduli di argilla inglobati. Presenti fratture con inclinazioni comprese tra 40 e 60° riempite di argilla e/o calcite. La grana varia da arenite a lutite andando in profondità, diventando più dura.","2b","1","Coppolella","70.000",528419.73,4565849.44,536.13
"624","C2","31.15","Calcareniti e calcari marnosi molto cementati con noduli di argilla inglobati. Presenti fratture con inclinazioni comprese tra 40 e 60° riempite di argilla e/o calcite. La grana varia da arenite a lutite andando in profondità, diventando più dura.","2b","1","Coppolella","70.000",528419.73,4565849.44,536.13
"625","C2","31.2","Calcareniti e calcari marnosi molto cementati con noduli di argilla inglobati. Presenti fratture con inclinazioni comprese tra 40 e 60° riempite di argilla e/o calcite. La grana varia da arenite a lutite andando in profondità, diventando più dura.","2b","1","Coppolella","70.000",528419.73,4565849.44,536.13
"626","C2","31.25","Calcareniti e calcari marnosi molto cementati con noduli di argilla inglobati. Presenti fratture con inclinazioni comprese tra 40 e 60° riempite di argilla e/o calcite. La grana varia da arenite a lutite andando in profondità, diventando più dura.","2b","1","Coppolella","70.000",528419.73,4565849.44,536.13
"627","C2","31.3","Calcareniti e calcari marnosi molto cementati con noduli di argilla inglobati. Presenti fratture con inclinazioni comprese tra 40 e 60° riempite di argilla e/o calcite. La grana varia da arenite a lutite andando in profondità, diventando più dura.","2b","1","Coppolella","70.000",528419.73,4565849.44,536.13
"628","C2","31.35","Calcareniti e calcari marnosi molto cementati con noduli di argilla inglobati. Presenti fratture con inclinazioni comprese tra 40 e 60° riempite di argilla e/o calcite. La grana varia da arenite a lutite andando in profondità, diventando più dura.","2b","1","Coppolella","70.000",528419.73,4565849.44,536.13
"629","C2","31.4","Calcareniti e calcari marnosi molto cementati con noduli di argilla inglobati. Presenti fratture con inclinazioni comprese tra 40 e 60° riempite di argilla e/o calcite. La grana varia da arenite a lutite andando in profondità, diventando più dura.","2b","1","Coppolella","70.000",528419.73,4565849.44,536.13
"630","C2","31.45","Calcareniti e calcari marnosi molto cementati con noduli di argilla inglobati. Presenti fratture con inclinazioni comprese tra 40 e 60° riempite di argilla e/o calcite. La grana varia da arenite a lutite andando in profondità, diventando più dura.","2b","1","Coppolella","70.000",528419.73,4565849.44,536.13
"631","C2","31.5","Calcareniti e calcari marnosi molto cementati con noduli di argilla inglobati. Presenti fratture con inclinazioni comprese tra 40 e 60° riempite di argilla e/o calcite. La grana varia da arenite a lutite andando in profondità, diventando più dura.","2b","1","Coppolella","70.000",528419.73,4565849.44,536.13
"632","C2","31.55","Calcareniti e calcari marnosi molto cementati con noduli di argilla inglobati. Presenti fratture con inclinazioni comprese tra 40 e 60° riempite di argilla e/o calcite. La grana varia da arenite a lutite andando in profondità, diventando più dura.","2b","1","Coppolella","70.000",528419.73,4565849.44,536.13
"633","C2","31.6","Calcareniti e calcari marnosi molto cementati con noduli di argilla inglobati. Presenti fratture con inclinazioni comprese tra 40 e 60° riempite di argilla e/o calcite. La grana varia da arenite a lutite andando in profondità, diventando più dura.","2b","1","Coppolella","70.000",528419.73,4565849.44,536.13
"634","C2","31.65","Calcareniti e calcari marnosi molto cementati con noduli di argilla inglobati. Presenti fratture con inclinazioni comprese tra 40 e 60° riempite di argilla e/o calcite. La grana varia da arenite a lutite andando in profondità, diventando più dura.","2b","1","Coppolella","70.000",528419.73,4565849.44,536.13
"635","C2","31.7","Calcareniti e calcari marnosi molto cementati con noduli di argilla inglobati. Presenti fratture con inclinazioni comprese tra 40 e 60° riempite di argilla e/o calcite. La grana varia da arenite a lutite andando in profondità, diventando più dura.","2b","1","Coppolella","70.000",528419.73,4565849.44,536.13
"636","C2","31.75","Calcareniti e calcari marnosi molto cementati con noduli di argilla inglobati. Presenti fratture con inclinazioni comprese tra 40 e 60° riempite di argilla e/o calcite. La grana varia da arenite a lutite andando in profondità, diventando più dura.","2b","1","Coppolella","70.000",528419.73,4565849.44,536.13
"637","C2","31.8","Calcareniti e calcari marnosi molto cementati con noduli di argilla inglobati. Presenti fratture con inclinazioni comprese tra 40 e 60° riempite di argilla e/o calcite. La grana varia da arenite a lutite andando in profondità, diventando più dura.","2b","1","Coppolella","70.000",528419.73,4565849.44,536.13
"638","C2","31.85","Calcareniti e calcari marnosi molto cementati con noduli di argilla inglobati. Presenti fratture con inclinazioni comprese tra 40 e 60° riempite di argilla e/o calcite. La grana varia da arenite a lutite andando in profondità, diventando più dura.","2b","1","Coppolella","70.000",528419.73,4565849.44,536.13
"639","C2","31.9","Calcareniti e calcari marnosi molto cementati con noduli di argilla inglobati. Presenti fratture con inclinazioni comprese tra 40 e 60° riempite di argilla e/o calcite. La grana varia da arenite a lutite andando in profondità, diventando più dura.","2b","1","Coppolella","70.000",528419.73,4565849.44,536.13
"640","C2","31.95","Calcareniti e calcari marnosi molto cementati con noduli di argilla inglobati. Presenti fratture con inclinazioni comprese tra 40 e 60° riempite di argilla e/o calcite. La grana varia da arenite a lutite andando in profondità, diventando più dura.","2b","1","Coppolella","70.000",528419.73,4565849.44,536.13
"641","C2","32","Calcareniti e calcari marnosi molto cementati con noduli di argilla inglobati. Presenti fratture con inclinazioni comprese tra 40 e 60° riempite di argilla e/o calcite. La grana varia da arenite a lutite andando in profondità, diventando più dura.","2b","1","Coppolella","70.000",528419.73,4565849.44,536.13
"642","C2","32.05","Calcareniti e calcari marnosi molto cementati con noduli di argilla inglobati. Presenti fratture con inclinazioni comprese tra 40 e 60° riempite di argilla e/o calcite. La grana varia da arenite a lutite andando in profondità, diventando più dura.","2b","1","Coppolella","70.000",528419.73,4565849.44,536.13
"643","C2","32.1","Calcareniti e calcari marnosi molto cementati con noduli di argilla inglobati. Presenti fratture con inclinazioni comprese tra 40 e 60° riempite di argilla e/o calcite. La grana varia da arenite a lutite andando in profondità, diventando più dura.","2b","1","Coppolella","70.000",528419.73,4565849.44,536.13
"644","C2","32.15","Calcareniti e calcari marnosi molto cementati con noduli di argilla inglobati. Presenti fratture con inclinazioni comprese tra 40 e 60° riempite di argilla e/o calcite. La grana varia da arenite a lutite andando in profondità, diventando più dura.","2b","1","Coppolella","70.000",528419.73,4565849.44,536.13
"645","C2","32.2","Calcareniti e calcari marnosi molto cementati con noduli di argilla inglobati. Presenti fratture con inclinazioni comprese tra 40 e 60° riempite di argilla e/o calcite. La grana varia da arenite a lutite andando in profondità, diventando più dura.","2b","1","Coppolella","70.000",528419.73,4565849.44,536.13
"646","C2","32.25","Calcareniti e calcari marnosi molto cementati con noduli di argilla inglobati. Presenti fratture con inclinazioni comprese tra 40 e 60° riempite di argilla e/o calcite. La grana varia da arenite a lutite andando in profondità, diventando più dura.","2b","1","Coppolella","70.000",528419.73,4565849.44,536.13
"647","C2","32.3","Calcareniti e calcari marnosi molto cementati con noduli di argilla inglobati. Presenti fratture con inclinazioni comprese tra 40 e 60° riempite di argilla e/o calcite. La grana varia da arenite a lutite andando in profondità, diventando più dura.","2b","1","Coppolella","70.000",528419.73,4565849.44,536.13
"648","C2","32.35","Calcareniti e calcari marnosi molto cementati con noduli di argilla inglobati. Presenti fratture con inclinazioni comprese tra 40 e 60° riempite di argilla e/o calcite. La grana varia da arenite a lutite andando in profondità, diventando più dura.","2b","1","Coppolella","70.000",528419.73,4565849.44,536.13
"649","C2","32.4","Calcareniti e calcari marnosi molto cementati con noduli di argilla inglobati. Presenti fratture con inclinazioni comprese tra 40 e 60° riempite di argilla e/o calcite. La grana varia da arenite a lutite andando in profondità, diventando più dura.","2b","1","Coppolella","70.000",528419.73,4565849.44,536.13
"650","C2","32.45","Calcareniti e calcari marnosi molto cementati con noduli di argilla inglobati. Presenti fratture con inclinazioni comprese tra 40 e 60° riempite di argilla e/o calcite. La grana varia da arenite a lutite andando in profondità, diventando più dura.","2b","1","Coppolella","70.000",528419.73,4565849.44,536.13
"651","C2","32.5","Calcareniti e calcari marnosi molto cementati con noduli di argilla inglobati. Presenti fratture con inclinazioni comprese tra 40 e 60° riempite di argilla e/o calcite. La grana varia da arenite a lutite andando in profondità, diventando più dura.","2b","1","Coppolella","70.000",528419.73,4565849.44,536.13
"652","C2","32.55","Calcareniti e calcari marnosi molto cementati con noduli di argilla inglobati. Presenti fratture con inclinazioni comprese tra 40 e 60° riempite di argilla e/o calcite. La grana varia da arenite a lutite andando in profondità, diventando più dura.","2b","1","Coppolella","70.000",528419.73,4565849.44,536.13
"653","C2","32.6","Calcareniti e calcari marnosi molto cementati con noduli di argilla inglobati. Presenti fratture con inclinazioni comprese tra 40 e 60° riempite di argilla e/o calcite. La grana varia da arenite a lutite andando in profondità, diventando più dura.","2b","1","Coppolella","70.000",528419.73,4565849.44,536.13
"654","C2","32.65","Calcareniti e calcari marnosi molto cementati con noduli di argilla inglobati. Presenti fratture con inclinazioni comprese tra 40 e 60° riempite di argilla e/o calcite. La grana varia da arenite a lutite andando in profondità, diventando più dura.","2b","1","Coppolella","70.000",528419.73,4565849.44,536.13
"655","C2","32.7","Calcareniti e calcari marnosi molto cementati con noduli di argilla inglobati. Presenti fratture con inclinazioni comprese tra 40 e 60° riempite di argilla e/o calcite. La grana varia da arenite a lutite andando in profondità, diventando più dura.","2b","1","Coppolella","70.000",528419.73,4565849.44,536.13
"656","C2","32.75","Calcareniti e calcari marnosi molto cementati con noduli di argilla inglobati. Presenti fratture con inclinazioni comprese tra 40 e 60° riempite di argilla e/o calcite. La grana varia da arenite a lutite andando in profondità, diventando più dura.","2b","1","Coppolella","70.000",528419.73,4565849.44,536.13
"657","C2","32.8","Calcareniti e calcari marnosi molto cementati con noduli di argilla inglobati. Presenti fratture con inclinazioni comprese tra 40 e 60° riempite di argilla e/o calcite. La grana varia da arenite a lutite andando in profondità, diventando più dura.","2b","1","Coppolella","70.000",528419.73,4565849.44,536.13
"658","C2","32.85","Calcareniti e calcari marnosi molto cementati con noduli di argilla inglobati. Presenti fratture con inclinazioni comprese tra 40 e 60° riempite di argilla e/o calcite. La grana varia da arenite a lutite andando in profondità, diventando più dura.","2b","1","Coppolella","70.000",528419.73,4565849.44,536.13
"659","C2","32.9","Calcareniti e calcari marnosi molto cementati con noduli di argilla inglobati. Presenti fratture con inclinazioni comprese tra 40 e 60° riempite di argilla e/o calcite. La grana varia da arenite a lutite andando in profondità, diventando più dura.","2b","1","Coppolella","70.000",528419.73,4565849.44,536.13
"660","C2","32.95","Calcareniti e calcari marnosi molto cementati con noduli di argilla inglobati. Presenti fratture con inclinazioni comprese tra 40 e 60° riempite di argilla e/o calcite. La grana varia da arenite a lutite andando in profondità, diventando più dura.","2b","1","Coppolella","70.000",528419.73,4565849.44,536.13
"661","C2","33","Calcareniti e calcari marnosi molto cementati con noduli di argilla inglobati. Presenti fratture con inclinazioni comprese tra 40 e 60° riempite di argilla e/o calcite. La grana varia da arenite a lutite andando in profondità, diventando più dura.","2b","1","Coppolella","70.000",528419.73,4565849.44,536.13
"662","C2","33.05","Calcareniti e calcari marnosi molto cementati con noduli di argilla inglobati. Presenti fratture con inclinazioni comprese tra 40 e 60° riempite di argilla e/o calcite. La grana varia da arenite a lutite andando in profondità, diventando più dura.","2b","1","Coppolella","70.000",528419.73,4565849.44,536.13
"663","C2","33.1","Calcareniti e calcari marnosi molto cementati con noduli di argilla inglobati. Presenti fratture con inclinazioni comprese tra 40 e 60° riempite di argilla e/o calcite. La grana varia da arenite a lutite andando in profondità, diventando più dura.","2b","1","Coppolella","70.000",528419.73,4565849.44,536.13
"664","C2","33.15","Calcareniti e calcari marnosi molto cementati con noduli di argilla inglobati. Presenti fratture con inclinazioni comprese tra 40 e 60° riempite di argilla e/o calcite. La grana varia da arenite a lutite andando in profondità, diventando più dura.","2b","1","Coppolella","70.000",528419.73,4565849.44,536.13
"665","C2","33.2","Calcareniti e calcari marnosi molto cementati con noduli di argilla inglobati. Presenti fratture con inclinazioni comprese tra 40 e 60° riempite di argilla e/o calcite. La grana varia da arenite a lutite andando in profondità, diventando più dura.","2b","1","Coppolella","70.000",528419.73,4565849.44,536.13
"666","C2","33.25","Calcareniti e calcari marnosi molto cementati con noduli di argilla inglobati. Presenti fratture con inclinazioni comprese tra 40 e 60° riempite di argilla e/o calcite. La grana varia da arenite a lutite andando in profondità, diventando più dura.","2b","1","Coppolella","70.000",528419.73,4565849.44,536.13
"667","C2","33.3","Calcareniti e calcari marnosi molto cementati con noduli di argilla inglobati. Presenti fratture con inclinazioni comprese tra 40 e 60° riempite di argilla e/o calcite. La grana varia da arenite a lutite andando in profondità, diventando più dura.","2b","1","Coppolella","70.000",528419.73,4565849.44,536.13
"668","C2","33.35","Calcareniti e calcari marnosi molto cementati con noduli di argilla inglobati. Presenti fratture con inclinazioni comprese tra 40 e 60° riempite di argilla e/o calcite. La grana varia da arenite a lutite andando in profondità, diventando più dura.","2b","1","Coppolella","70.000",528419.73,4565849.44,536.13
"669","C2","33.4","Calcareniti e calcari marnosi molto cementati con noduli di argilla inglobati. Presenti fratture con inclinazioni comprese tra 40 e 60° riempite di argilla e/o calcite. La grana varia da arenite a lutite andando in profondità, diventando più dura.","2b","1","Coppolella","70.000",528419.73,4565849.44,536.13
"670","C2","33.45","Calcareniti e calcari marnosi molto cementati con noduli di argilla inglobati. Presenti fratture con inclinazioni comprese tra 40 e 60° riempite di argilla e/o calcite. La grana varia da arenite a lutite andando in profondità, diventando più dura.","2b","1","Coppolella","70.000",528419.73,4565849.44,536.13
"671","C2","33.5","Calcareniti e calcari marnosi molto cementati con noduli di argilla inglobati. Presenti fratture con inclinazioni comprese tra 40 e 60° riempite di argilla e/o calcite. La grana varia da arenite a lutite andando in profondità, diventando più dura.","2b","1","Coppolella","70.000",528419.73,4565849.44,536.13
"672","C2","33.55","Calcareniti e calcari marnosi molto cementati con noduli di argilla inglobati. Presenti fratture con inclinazioni comprese tra 40 e 60° riempite di argilla e/o calcite. La grana varia da arenite a lutite andando in profondità, diventando più dura.","2b","1","Coppolella","70.000",528419.73,4565849.44,536.13
"673","C2","33.6","Calcareniti e calcari marnosi molto cementati con noduli di argilla inglobati. Presenti fratture con inclinazioni comprese tra 40 e 60° riempite di argilla e/o calcite. La grana varia da arenite a lutite andando in profondità, diventando più dura.","2b","1","Coppolella","70.000",528419.73,4565849.44,536.13
"674","C2","33.65","Calcareniti e calcari marnosi molto cementati con noduli di argilla inglobati. Presenti fratture con inclinazioni comprese tra 40 e 60° riempite di argilla e/o calcite. La grana varia da arenite a lutite andando in profondità, diventando più dura.","2b","1","Coppolella","70.000",528419.73,4565849.44,536.13
"675","C2","33.7","Calcareniti e calcari marnosi molto cementati con noduli di argilla inglobati. Presenti fratture con inclinazioni comprese tra 40 e 60° riempite di argilla e/o calcite. La grana varia da arenite a lutite andando in profondità, diventando più dura.","2b","1","Coppolella","70.000",528419.73,4565849.44,536.13
"676","C2","33.75","Calcareniti e calcari marnosi molto cementati con noduli di argilla inglobati. Presenti fratture con inclinazioni comprese tra 40 e 60° riempite di argilla e/o calcite. La grana varia da arenite a lutite andando in profondità, diventando più dura.","2b","1","Coppolella","70.000",528419.73,4565849.44,536.13
"677","C2","33.8","Calcareniti e calcari marnosi molto cementati con noduli di argilla inglobati. Presenti fratture con inclinazioni comprese tra 40 e 60° riempite di argilla e/o calcite. La grana varia da arenite a lutite andando in profondità, diventando più dura.","2b","1","Coppolella","70.000",528419.73,4565849.44,536.13
"678","C2","33.85","Calcareniti e calcari marnosi molto cementati con noduli di argilla inglobati. Presenti fratture con inclinazioni comprese tra 40 e 60° riempite di argilla e/o calcite. La grana varia da arenite a lutite andando in profondità, diventando più dura.","2b","1","Coppolella","70.000",528419.73,4565849.44,536.13
"679","C2","33.9","Calcareniti e calcari marnosi molto cementati con noduli di argilla inglobati. Presenti fratture con inclinazioni comprese tra 40 e 60° riempite di argilla e/o calcite. La grana varia da arenite a lutite andando in profondità, diventando più dura.","2b","1","Coppolella","70.000",528419.73,4565849.44,536.13
"680","C2","33.95","Calcareniti e calcari marnosi molto cementati con noduli di argilla inglobati. Presenti fratture con inclinazioni comprese tra 40 e 60° riempite di argilla e/o calcite. La grana varia da arenite a lutite andando in profondità, diventando più dura.","2b","1","Coppolella","70.000",528419.73,4565849.44,536.13
"681","C2","34","Calcareniti e calcari marnosi molto cementati con noduli di argilla inglobati. Presenti fratture con inclinazioni comprese tra 40 e 60° riempite di argilla e/o calcite. La grana varia da arenite a lutite andando in profondità, diventando più dura.","2b","1","Coppolella","70.000",528419.73,4565849.44,536.13
"682","C2","34.05","Calcareniti e calcari marnosi molto cementati con noduli di argilla inglobati. Presenti fratture con inclinazioni comprese tra 40 e 60° riempite di argilla e/o calcite. La grana varia da arenite a lutite andando in profondità, diventando più dura.","2b","1","Coppolella","70.000",528419.73,4565849.44,536.13
"683","C2","34.1","Calcareniti e calcari marnosi molto cementati con noduli di argilla inglobati. Presenti fratture con inclinazioni comprese tra 40 e 60° riempite di argilla e/o calcite. La grana varia da arenite a lutite andando in profondità, diventando più dura.","2b","1","Coppolella","70.000",528419.73,4565849.44,536.13
"684","C2","34.15","Calcareniti e calcari marnosi molto cementati con noduli di argilla inglobati. Presenti fratture con inclinazioni comprese tra 40 e 60° riempite di argilla e/o calcite. La grana varia da arenite a lutite andando in profondità, diventando più dura.","2b","1","Coppolella","70.000",528419.73,4565849.44,536.13
"685","C2","34.2","Calcareniti e calcari marnosi molto cementati con noduli di argilla inglobati. Presenti fratture con inclinazioni comprese tra 40 e 60° riempite di argilla e/o calcite. La grana varia da arenite a lutite andando in profondità, diventando più dura.","2b","1","Coppolella","70.000",528419.73,4565849.44,536.13
"686","C2","34.25","Calcareniti e calcari marnosi molto cementati con noduli di argilla inglobati. Presenti fratture con inclinazioni comprese tra 40 e 60° riempite di argilla e/o calcite. La grana varia da arenite a lutite andando in profondità, diventando più dura.","2b","1","Coppolella","70.000",528419.73,4565849.44,536.13
"687","C2","34.3","Calcareniti e calcari marnosi molto cementati con noduli di argilla inglobati. Presenti fratture con inclinazioni comprese tra 40 e 60° riempite di argilla e/o calcite. La grana varia da arenite a lutite andando in profondità, diventando più dura.","2b","1","Coppolella","70.000",528419.73,4565849.44,536.13
"688","C2","34.35","Calcareniti e calcari marnosi molto cementati con noduli di argilla inglobati. Presenti fratture con inclinazioni comprese tra 40 e 60° riempite di argilla e/o calcite. La grana varia da arenite a lutite andando in profondità, diventando più dura.","2b","1","Coppolella","70.000",528419.73,4565849.44,536.13
"689","C2","34.4","Calcareniti e calcari marnosi molto cementati con noduli di argilla inglobati. Presenti fratture con inclinazioni comprese tra 40 e 60° riempite di argilla e/o calcite. La grana varia da arenite a lutite andando in profondità, diventando più dura.","2b","1","Coppolella","70.000",528419.73,4565849.44,536.13
"690","C2","34.45","Calcareniti e calcari marnosi molto cementati con noduli di argilla inglobati. Presenti fratture con inclinazioni comprese tra 40 e 60° riempite di argilla e/o calcite. La grana varia da arenite a lutite andando in profondità, diventando più dura.","2b","1","Coppolella","70.000",528419.73,4565849.44,536.13
"691","C2","34.5","Calcareniti e calcari marnosi molto cementati con noduli di argilla inglobati. Presenti fratture con inclinazioni comprese tra 40 e 60° riempite di argilla e/o calcite. La grana varia da arenite a lutite andando in profondità, diventando più dura.","2b","1","Coppolella","70.000",528419.73,4565849.44,536.13
"692","C2","34.55","Calcareniti e calcari marnosi molto cementati con noduli di argilla inglobati. Presenti fratture con inclinazioni comprese tra 40 e 60° riempite di argilla e/o calcite. La grana varia da arenite a lutite andando in profondità, diventando più dura.","2b","1","Coppolella","70.000",528419.73,4565849.44,536.13
"693","C2","34.6","Calcareniti e calcari marnosi molto cementati con noduli di argilla inglobati. Presenti fratture con inclinazioni comprese tra 40 e 60° riempite di argilla e/o calcite. La grana varia da arenite a lutite andando in profondità, diventando più dura.","2b","1","Coppolella","70.000",528419.73,4565849.44,536.13
"694","C2","34.65","Calcareniti e calcari marnosi molto cementati con noduli di argilla inglobati. Presenti fratture con inclinazioni comprese tra 40 e 60° riempite di argilla e/o calcite. La grana varia da arenite a lutite andando in profondità, diventando più dura.","2b","1","Coppolella","70.000",528419.73,4565849.44,536.13
"695","C2","34.7","Calcareniti e calcari marnosi molto cementati con noduli di argilla inglobati. Presenti fratture con inclinazioni comprese tra 40 e 60° riempite di argilla e/o calcite. La grana varia da arenite a lutite andando in profondità, diventando più dura.","2b","1","Coppolella","70.000",528419.73,4565849.44,536.13
"696","C2","34.75","Calcareniti e calcari marnosi molto cementati con noduli di argilla inglobati. Presenti fratture con inclinazioni comprese tra 40 e 60° riempite di argilla e/o calcite. La grana varia da arenite a lutite andando in profondità, diventando più dura.","2b","1","Coppolella","70.000",528419.73,4565849.44,536.13
"697","C2","34.8","Calcareniti e calcari marnosi molto cementati con noduli di argilla inglobati. Presenti fratture con inclinazioni comprese tra 40 e 60° riempite di argilla e/o calcite. La grana varia da arenite a lutite andando in profondità, diventando più dura.","2b","1","Coppolella","70.000",528419.73,4565849.44,536.13
"698","C2","34.85","Calcareniti e calcari marnosi molto cementati con noduli di argilla inglobati. Presenti fratture con inclinazioni comprese tra 40 e 60° riempite di argilla e/o calcite. La grana varia da arenite a lutite andando in profondità, diventando più dura.","2b","1","Coppolella","70.000",528419.73,4565849.44,536.13
"699","C2","34.9","Calcareniti e calcari marnosi molto cementati con noduli di argilla inglobati. Presenti fratture con inclinazioni comprese tra 40 e 60° riempite di argilla e/o calcite. La grana varia da arenite a lutite andando in profondità, diventando più dura.","2b","1","Coppolella","70.000",528419.73,4565849.44,536.13
"700","C2","34.95","Calcareniti e calcari marnosi molto cementati con noduli di argilla inglobati. Presenti fratture con inclinazioni comprese tra 40 e 60° riempite di argilla e/o calcite. La grana varia da arenite a lutite andando in profondità, diventando più dura.","2b","1","Coppolella","70.000",528419.73,4565849.44,536.13
"701","C2","35","Calcareniti e calcari marnosi molto cementati con noduli di argilla inglobati. Presenti fratture con inclinazioni comprese tra 40 e 60° riempite di argilla e/o calcite. La grana varia da arenite a lutite andando in profondità, diventando più dura.","2b","1","Coppolella","70.000",528419.73,4565849.44,536.13
"702","C2","35.05","Calcareniti e calcari marnosi molto cementati con noduli di argilla inglobati. Presenti fratture con inclinazioni comprese tra 40 e 60° riempite di argilla e/o calcite. La grana varia da arenite a lutite andando in profondità, diventando più dura.","2b","1","Coppolella","70.000",528419.73,4565849.44,536.13
"703","C2","35.1","Calcareniti e calcari marnosi molto cementati con noduli di argilla inglobati. Presenti fratture con inclinazioni comprese tra 40 e 60° riempite di argilla e/o calcite. La grana varia da arenite a lutite andando in profondità, diventando più dura.","2b","1","Coppolella","70.000",528419.73,4565849.44,536.13
"704","C2","35.15","Calcareniti e calcari marnosi molto cementati con noduli di argilla inglobati. Presenti fratture con inclinazioni comprese tra 40 e 60° riempite di argilla e/o calcite. La grana varia da arenite a lutite andando in profondità, diventando più dura.","2b","1","Coppolella","70.000",528419.73,4565849.44,536.13
"705","C2","35.2","Calcareniti e calcari marnosi molto cementati con noduli di argilla inglobati. Presenti fratture con inclinazioni comprese tra 40 e 60° riempite di argilla e/o calcite. La grana varia da arenite a lutite andando in profondità, diventando più dura.","2b","1","Coppolella","70.000",528419.73,4565849.44,536.13
"706","C2","35.25","Calcareniti e calcari marnosi molto cementati con noduli di argilla inglobati. Presenti fratture con inclinazioni comprese tra 40 e 60° riempite di argilla e/o calcite. La grana varia da arenite a lutite andando in profondità, diventando più dura.","2b","1","Coppolella","70.000",528419.73,4565849.44,536.13
"707","C2","35.3","Calcareniti e calcari marnosi molto cementati con noduli di argilla inglobati. Presenti fratture con inclinazioni comprese tra 40 e 60° riempite di argilla e/o calcite. La grana varia da arenite a lutite andando in profondità, diventando più dura.","2b","1","Coppolella","70.000",528419.73,4565849.44,536.13
"708","C2","35.35","Calcareniti e calcari marnosi molto cementati con noduli di argilla inglobati. Presenti fratture con inclinazioni comprese tra 40 e 60° riempite di argilla e/o calcite. La grana varia da arenite a lutite andando in profondità, diventando più dura.","2b","1","Coppolella","70.000",528419.73,4565849.44,536.13
"709","C2","35.4","Calcareniti e calcari marnosi molto cementati con noduli di argilla inglobati. Presenti fratture con inclinazioni comprese tra 40 e 60° riempite di argilla e/o calcite. La grana varia da arenite a lutite andando in profondità, diventando più dura.","2b","1","Coppolella","70.000",528419.73,4565849.44,536.13
"710","C2","35.45","Calcareniti e calcari marnosi molto cementati con noduli di argilla inglobati. Presenti fratture con inclinazioni comprese tra 40 e 60° riempite di argilla e/o calcite. La grana varia da arenite a lutite andando in profondità, diventando più dura.","2b","1","Coppolella","70.000",528419.73,4565849.44,536.13
"711","C2","35.5","Calcareniti e calcari marnosi molto cementati con noduli di argilla inglobati. Presenti fratture con inclinazioni comprese tra 40 e 60° riempite di argilla e/o calcite. La grana varia da arenite a lutite andando in profondità, diventando più dura.","2b","1","Coppolella","70.000",528419.73,4565849.44,536.13
"712","C2","35.55","Calcareniti e calcari marnosi molto cementati con noduli di argilla inglobati. Presenti fratture con inclinazioni comprese tra 40 e 60° riempite di argilla e/o calcite. La grana varia da arenite a lutite andando in profondità, diventando più dura.","2b","1","Coppolella","70.000",528419.73,4565849.44,536.13
"713","C2","35.6","Calcareniti e calcari marnosi molto cementati con noduli di argilla inglobati. Presenti fratture con inclinazioni comprese tra 40 e 60° riempite di argilla e/o calcite. La grana varia da arenite a lutite andando in profondità, diventando più dura.","2b","1","Coppolella","70.000",528419.73,4565849.44,536.13
"714","C2","35.65","Calcareniti e calcari marnosi molto cementati con noduli di argilla inglobati. Presenti fratture con inclinazioni comprese tra 40 e 60° riempite di argilla e/o calcite. La grana varia da arenite a lutite andando in profondità, diventando più dura.","2b","1","Coppolella","70.000",528419.73,4565849.44,536.13
"715","C2","35.7","Calcareniti e calcari marnosi molto cementati con noduli di argilla inglobati. Presenti fratture con inclinazioni comprese tra 40 e 60° riempite di argilla e/o calcite. La grana varia da arenite a lutite andando in profondità, diventando più dura.","2b","1","Coppolella","70.000",528419.73,4565849.44,536.13
"716","C2","35.75","Calcareniti e calcari marnosi molto cementati con noduli di argilla inglobati. Presenti fratture con inclinazioni comprese tra 40 e 60° riempite di argilla e/o calcite. La grana varia da arenite a lutite andando in profondità, diventando più dura.","2b","1","Coppolella","70.000",528419.73,4565849.44,536.13
"717","C2","35.8","Calcareniti e calcari marnosi molto cementati con noduli di argilla inglobati. Presenti fratture con inclinazioni comprese tra 40 e 60° riempite di argilla e/o calcite. La grana varia da arenite a lutite andando in profondità, diventando più dura.","2b","1","Coppolella","70.000",528419.73,4565849.44,536.13
"718","C2","35.85","Calcareniti e calcari marnosi molto cementati con noduli di argilla inglobati. Presenti fratture con inclinazioni comprese tra 40 e 60° riempite di argilla e/o calcite. La grana varia da arenite a lutite andando in profondità, diventando più dura.","2b","1","Coppolella","70.000",528419.73,4565849.44,536.13
"719","C2","35.9","Calcareniti e calcari marnosi molto cementati con noduli di argilla inglobati. Presenti fratture con inclinazioni comprese tra 40 e 60° riempite di argilla e/o calcite. La grana varia da arenite a lutite andando in profondità, diventando più dura.","2b","1","Coppolella","70.000",528419.73,4565849.44,536.13
"720","C2","35.95","Calcareniti e calcari marnosi molto cementati con noduli di argilla inglobati. Presenti fratture con inclinazioni comprese tra 40 e 60° riempite di argilla e/o calcite. La grana varia da arenite a lutite andando in profondità, diventando più dura.","2b","1","Coppolella","70.000",528419.73,4565849.44,536.13
"721","C2","36","Calcareniti e calcari marnosi molto cementati con noduli di argilla inglobati. Presenti fratture con inclinazioni comprese tra 40 e 60° riempite di argilla e/o calcite. La grana varia da arenite a lutite andando in profondità, diventando più dura.","2b","1","Coppolella","70.000",528419.73,4565849.44,536.13
"722","C2","36.05","Calcareniti e calcari marnosi molto cementati con noduli di argilla inglobati. Presenti fratture con inclinazioni comprese tra 40 e 60° riempite di argilla e/o calcite. La grana varia da arenite a lutite andando in profondità, diventando più dura.","2b","1","Coppolella","70.000",528419.73,4565849.44,536.13
"723","C2","36.1","Calcareniti e calcari marnosi molto cementati con noduli di argilla inglobati. Presenti fratture con inclinazioni comprese tra 40 e 60° riempite di argilla e/o calcite. La grana varia da arenite a lutite andando in profondità, diventando più dura.","2b","1","Coppolella","70.000",528419.73,4565849.44,536.13
"724","C2","36.15","Calcareniti e calcari marnosi molto cementati con noduli di argilla inglobati. Presenti fratture con inclinazioni comprese tra 40 e 60° riempite di argilla e/o calcite. La grana varia da arenite a lutite andando in profondità, diventando più dura.","2b","1","Coppolella","70.000",528419.73,4565849.44,536.13
"725","C2","36.2","Calcareniti e calcari marnosi molto cementati con noduli di argilla inglobati. Presenti fratture con inclinazioni comprese tra 40 e 60° riempite di argilla e/o calcite. La grana varia da arenite a lutite andando in profondità, diventando più dura.","2b","1","Coppolella","70.000",528419.73,4565849.44,536.13
"726","C2","36.25","Calcareniti e calcari marnosi molto cementati con noduli di argilla inglobati. Presenti fratture con inclinazioni comprese tra 40 e 60° riempite di argilla e/o calcite. La grana varia da arenite a lutite andando in profondità, diventando più dura.","2b","1","Coppolella","70.000",528419.73,4565849.44,536.13
"727","C2","36.3","Calcareniti e calcari marnosi molto cementati con noduli di argilla inglobati. Presenti fratture con inclinazioni comprese tra 40 e 60° riempite di argilla e/o calcite. La grana varia da arenite a lutite andando in profondità, diventando più dura.","2b","1","Coppolella","70.000",528419.73,4565849.44,536.13
"728","C2","36.35","Calcareniti e calcari marnosi molto cementati con noduli di argilla inglobati. Presenti fratture con inclinazioni comprese tra 40 e 60° riempite di argilla e/o calcite. La grana varia da arenite a lutite andando in profondità, diventando più dura.","2b","1","Coppolella","70.000",528419.73,4565849.44,536.13
"729","C2","36.4","Calcareniti e calcari marnosi molto cementati con noduli di argilla inglobati. Presenti fratture con inclinazioni comprese tra 40 e 60° riempite di argilla e/o calcite. La grana varia da arenite a lutite andando in profondità, diventando più dura.","2b","1","Coppolella","70.000",528419.73,4565849.44,536.13
"730","C2","36.45","Calcareniti e calcari marnosi molto cementati con noduli di argilla inglobati. Presenti fratture con inclinazioni comprese tra 40 e 60° riempite di argilla e/o calcite. La grana varia da arenite a lutite andando in profondità, diventando più dura.","2b","1","Coppolella","70.000",528419.73,4565849.44,536.13
"731","C2","36.5","Calcareniti e calcari marnosi molto cementati con noduli di argilla inglobati. Presenti fratture con inclinazioni comprese tra 40 e 60° riempite di argilla e/o calcite. La grana varia da arenite a lutite andando in profondità, diventando più dura.","2b","1","Coppolella","70.000",528419.73,4565849.44,536.13
"732","C2","36.55","Calcareniti e calcari marnosi molto cementati con noduli di argilla inglobati. Presenti fratture con inclinazioni comprese tra 40 e 60° riempite di argilla e/o calcite. La grana varia da arenite a lutite andando in profondità, diventando più dura.","2b","1","Coppolella","70.000",528419.73,4565849.44,536.13
"733","C2","36.6","Calcareniti e calcari marnosi molto cementati con noduli di argilla inglobati. Presenti fratture con inclinazioni comprese tra 40 e 60° riempite di argilla e/o calcite. La grana varia da arenite a lutite andando in profondità, diventando più dura.","2b","1","Coppolella","70.000",528419.73,4565849.44,536.13
"734","C2","36.65","Calcareniti e calcari marnosi molto cementati con noduli di argilla inglobati. Presenti fratture con inclinazioni comprese tra 40 e 60° riempite di argilla e/o calcite. La grana varia da arenite a lutite andando in profondità, diventando più dura.","2b","1","Coppolella","70.000",528419.73,4565849.44,536.13
"735","C2","36.7","Calcareniti e calcari marnosi molto cementati con noduli di argilla inglobati. Presenti fratture con inclinazioni comprese tra 40 e 60° riempite di argilla e/o calcite. La grana varia da arenite a lutite andando in profondità, diventando più dura.","2b","1","Coppolella","70.000",528419.73,4565849.44,536.13
"736","C2","36.75","Calcareniti e calcari marnosi molto cementati con noduli di argilla inglobati. Presenti fratture con inclinazioni comprese tra 40 e 60° riempite di argilla e/o calcite. La grana varia da arenite a lutite andando in profondità, diventando più dura.","2b","1","Coppolella","70.000",528419.73,4565849.44,536.13
"737","C2","36.8","Calcareniti e calcari marnosi molto cementati con noduli di argilla inglobati. Presenti fratture con inclinazioni comprese tra 40 e 60° riempite di argilla e/o calcite. La grana varia da arenite a lutite andando in profondità, diventando più dura.","2b","1","Coppolella","70.000",528419.73,4565849.44,536.13
"738","C2","36.85","Calcareniti e calcari marnosi molto cementati con noduli di argilla inglobati. Presenti fratture con inclinazioni comprese tra 40 e 60° riempite di argilla e/o calcite. La grana varia da arenite a lutite andando in profondità, diventando più dura.","2b","1","Coppolella","70.000",528419.73,4565849.44,536.13
"739","C2","36.9","Calcareniti e calcari marnosi molto cementati con noduli di argilla inglobati. Presenti fratture con inclinazioni comprese tra 40 e 60° riempite di argilla e/o calcite. La grana varia da arenite a lutite andando in profondità, diventando più dura.","2b","1","Coppolella","70.000",528419.73,4565849.44,536.13
"740","C2","36.95","Calcareniti e calcari marnosi molto cementati con noduli di argilla inglobati. Presenti fratture con inclinazioni comprese tra 40 e 60° riempite di argilla e/o calcite. La grana varia da arenite a lutite andando in profondità, diventando più dura.","2b","1","Coppolella","70.000",528419.73,4565849.44,536.13
"741","C2","37","Calcareniti e calcari marnosi molto cementati con noduli di argilla inglobati. Presenti fratture con inclinazioni comprese tra 40 e 60° riempite di argilla e/o calcite. La grana varia da arenite a lutite andando in profondità, diventando più dura.","2b","1","Coppolella","70.000",528419.73,4565849.44,536.13
"742","C2","37.05","Calcareniti e calcari marnosi molto cementati con noduli di argilla inglobati. Presenti fratture con inclinazioni comprese tra 40 e 60° riempite di argilla e/o calcite. La grana varia da arenite a lutite andando in profondità, diventando più dura.","2b","1","Coppolella","70.000",528419.73,4565849.44,536.13
"743","C2","37.1","Calcareniti e calcari marnosi molto cementati con noduli di argilla inglobati. Presenti fratture con inclinazioni comprese tra 40 e 60° riempite di argilla e/o calcite. La grana varia da arenite a lutite andando in profondità, diventando più dura.","2b","1","Coppolella","70.000",528419.73,4565849.44,536.13
"744","C2","37.15","Calcareniti e calcari marnosi molto cementati con noduli di argilla inglobati. Presenti fratture con inclinazioni comprese tra 40 e 60° riempite di argilla e/o calcite. La grana varia da arenite a lutite andando in profondità, diventando più dura.","2b","1","Coppolella","70.000",528419.73,4565849.44,536.13
"745","C2","37.2","Calcareniti e calcari marnosi molto cementati con noduli di argilla inglobati. Presenti fratture con inclinazioni comprese tra 40 e 60° riempite di argilla e/o calcite. La grana varia da arenite a lutite andando in profondità, diventando più dura.","2b","1","Coppolella","70.000",528419.73,4565849.44,536.13
"746","C2","37.25","Calcareniti e calcari marnosi molto cementati con noduli di argilla inglobati. Presenti fratture con inclinazioni comprese tra 40 e 60° riempite di argilla e/o calcite. La grana varia da arenite a lutite andando in profondità, diventando più dura.","2b","1","Coppolella","70.000",528419.73,4565849.44,536.13
"747","C2","37.3","Calcareniti e calcari marnosi molto cementati con noduli di argilla inglobati. Presenti fratture con inclinazioni comprese tra 40 e 60° riempite di argilla e/o calcite. La grana varia da arenite a lutite andando in profondità, diventando più dura.","2b","1","Coppolella","70.000",528419.73,4565849.44,536.13
"748","C2","37.35","Calcareniti e calcari marnosi molto cementati con noduli di argilla inglobati. Presenti fratture con inclinazioni comprese tra 40 e 60° riempite di argilla e/o calcite. La grana varia da arenite a lutite andando in profondità, diventando più dura.","2b","1","Coppolella","70.000",528419.73,4565849.44,536.13
"749","C2","37.4","Calcareniti e calcari marnosi molto cementati con noduli di argilla inglobati. Presenti fratture con inclinazioni comprese tra 40 e 60° riempite di argilla e/o calcite. La grana varia da arenite a lutite andando in profondità, diventando più dura.","2b","1","Coppolella","70.000",528419.73,4565849.44,536.13
"750","C2","37.45","Calcareniti e calcari marnosi molto cementati con noduli di argilla inglobati. Presenti fratture con inclinazioni comprese tra 40 e 60° riempite di argilla e/o calcite. La grana varia da arenite a lutite andando in profondità, diventando più dura.","2b","1","Coppolella","70.000",528419.73,4565849.44,536.13
"751","C2","37.5","Calcareniti e calcari marnosi molto cementati con noduli di argilla inglobati. Presenti fratture con inclinazioni comprese tra 40 e 60° riempite di argilla e/o calcite. La grana varia da arenite a lutite andando in profondità, diventando più dura.","2b","1","Coppolella","70.000",528419.73,4565849.44,536.13
"752","C2","37.55","Calcareniti e calcari marnosi molto cementati con noduli di argilla inglobati. Presenti fratture con inclinazioni comprese tra 40 e 60° riempite di argilla e/o calcite. La grana varia da arenite a lutite andando in profondità, diventando più dura.","2b","1","Coppolella","70.000",528419.73,4565849.44,536.13
"753","C2","37.6","Calcareniti e calcari marnosi molto cementati con noduli di argilla inglobati. Presenti fratture con inclinazioni comprese tra 40 e 60° riempite di argilla e/o calcite. La grana varia da arenite a lutite andando in profondità, diventando più dura.","2b","1","Coppolella","70.000",528419.73,4565849.44,536.13
"754","C2","37.65","Calcareniti e calcari marnosi molto cementati con noduli di argilla inglobati. Presenti fratture con inclinazioni comprese tra 40 e 60° riempite di argilla e/o calcite. La grana varia da arenite a lutite andando in profondità, diventando più dura.","2b","1","Coppolella","70.000",528419.73,4565849.44,536.13
"755","C2","37.7","Calcareniti e calcari marnosi molto cementati con noduli di argilla inglobati. Presenti fratture con inclinazioni comprese tra 40 e 60° riempite di argilla e/o calcite. La grana varia da arenite a lutite andando in profondità, diventando più dura.","2b","1","Coppolella","70.000",528419.73,4565849.44,536.13
"756","C2","37.75","Calcareniti e calcari marnosi molto cementati con noduli di argilla inglobati. Presenti fratture con inclinazioni comprese tra 40 e 60° riempite di argilla e/o calcite. La grana varia da arenite a lutite andando in profondità, diventando più dura.","2b","1","Coppolella","70.000",528419.73,4565849.44,536.13
"757","C2","37.8","Calcareniti e calcari marnosi molto cementati con noduli di argilla inglobati. Presenti fratture con inclinazioni comprese tra 40 e 60° riempite di argilla e/o calcite. La grana varia da arenite a lutite andando in profondità, diventando più dura.","2b","1","Coppolella","70.000",528419.73,4565849.44,536.13
"758","C2","37.85","Calcareniti e calcari marnosi molto cementati con noduli di argilla inglobati. Presenti fratture con inclinazioni comprese tra 40 e 60° riempite di argilla e/o calcite. La grana varia da arenite a lutite andando in profondità, diventando più dura.","2b","1","Coppolella","70.000",528419.73,4565849.44,536.13
"759","C2","37.9","Calcareniti e calcari marnosi molto cementati con noduli di argilla inglobati. Presenti fratture con inclinazioni comprese tra 40 e 60° riempite di argilla e/o calcite. La grana varia da arenite a lutite andando in profondità, diventando più dura.","2b","1","Coppolella","70.000",528419.73,4565849.44,536.13
"760","C2","37.95","Calcareniti e calcari marnosi molto cementati con noduli di argilla inglobati. Presenti fratture con inclinazioni comprese tra 40 e 60° riempite di argilla e/o calcite. La grana varia da arenite a lutite andando in profondità, diventando più dura.","2b","1","Coppolella","70.000",528419.73,4565849.44,536.13
"761","C2","38","Calcareniti e calcari marnosi molto cementati con noduli di argilla inglobati. Presenti fratture con inclinazioni comprese tra 40 e 60° riempite di argilla e/o calcite. La grana varia da arenite a lutite andando in profondità, diventando più dura.","2b","1","Coppolella","70.000",528419.73,4565849.44,536.13
"762","C2","38.05","Calcareniti e calcari marnosi molto cementati con noduli di argilla inglobati. Presenti fratture con inclinazioni comprese tra 40 e 60° riempite di argilla e/o calcite. La grana varia da arenite a lutite andando in profondità, diventando più dura.","2b","1","Coppolella","70.000",528419.73,4565849.44,536.13
"763","C2","38.1","Calcareniti e calcari marnosi molto cementati con noduli di argilla inglobati. Presenti fratture con inclinazioni comprese tra 40 e 60° riempite di argilla e/o calcite. La grana varia da arenite a lutite andando in profondità, diventando più dura.","2b","1","Coppolella","70.000",528419.73,4565849.44,536.13
"764","C2","38.15","Calcareniti e calcari marnosi molto cementati con noduli di argilla inglobati. Presenti fratture con inclinazioni comprese tra 40 e 60° riempite di argilla e/o calcite. La grana varia da arenite a lutite andando in profondità, diventando più dura.","2b","1","Coppolella","70.000",528419.73,4565849.44,536.13
"765","C2","38.2","Calcareniti e calcari marnosi molto cementati con noduli di argilla inglobati. Presenti fratture con inclinazioni comprese tra 40 e 60° riempite di argilla e/o calcite. La grana varia da arenite a lutite andando in profondità, diventando più dura.","2b","1","Coppolella","70.000",528419.73,4565849.44,536.13
"766","C2","38.25","Calcareniti e calcari marnosi molto cementati con noduli di argilla inglobati. Presenti fratture con inclinazioni comprese tra 40 e 60° riempite di argilla e/o calcite. La grana varia da arenite a lutite andando in profondità, diventando più dura.","2b","1","Coppolella","70.000",528419.73,4565849.44,536.13
"767","C2","38.3","Calcareniti e calcari marnosi molto cementati con noduli di argilla inglobati. Presenti fratture con inclinazioni comprese tra 40 e 60° riempite di argilla e/o calcite. La grana varia da arenite a lutite andando in profondità, diventando più dura.","2b","1","Coppolella","70.000",528419.73,4565849.44,536.13
"768","C2","38.35","Calcareniti e calcari marnosi molto cementati con noduli di argilla inglobati. Presenti fratture con inclinazioni comprese tra 40 e 60° riempite di argilla e/o calcite. La grana varia da arenite a lutite andando in profondità, diventando più dura.","2b","1","Coppolella","70.000",528419.73,4565849.44,536.13
"769","C2","38.4","Calcareniti e calcari marnosi molto cementati con noduli di argilla inglobati. Presenti fratture con inclinazioni comprese tra 40 e 60° riempite di argilla e/o calcite. La grana varia da arenite a lutite andando in profondità, diventando più dura.","2b","1","Coppolella","70.000",528419.73,4565849.44,536.13
"770","C2","38.45","Calcareniti e calcari marnosi molto cementati con noduli di argilla inglobati. Presenti fratture con inclinazioni comprese tra 40 e 60° riempite di argilla e/o calcite. La grana varia da arenite a lutite andando in profondità, diventando più dura.","2b","1","Coppolella","70.000",528419.73,4565849.44,536.13
"771","C2","38.5","Calcareniti e calcari marnosi molto cementati con noduli di argilla inglobati. Presenti fratture con inclinazioni comprese tra 40 e 60° riempite di argilla e/o calcite. La grana varia da arenite a lutite andando in profondità, diventando più dura.","2b","1","Coppolella","70.000",528419.73,4565849.44,536.13
"772","C2","38.55","Calcareniti e calcari marnosi molto cementati con noduli di argilla inglobati. Presenti fratture con inclinazioni comprese tra 40 e 60° riempite di argilla e/o calcite. La grana varia da arenite a lutite andando in profondità, diventando più dura.","2b","1","Coppolella","70.000",528419.73,4565849.44,536.13
"773","C2","38.6","Calcareniti e calcari marnosi molto cementati con noduli di argilla inglobati. Presenti fratture con inclinazioni comprese tra 40 e 60° riempite di argilla e/o calcite. La grana varia da arenite a lutite andando in profondità, diventando più dura.","2b","1","Coppolella","70.000",528419.73,4565849.44,536.13
"774","C2","38.65","Calcareniti e calcari marnosi molto cementati con noduli di argilla inglobati. Presenti fratture con inclinazioni comprese tra 40 e 60° riempite di argilla e/o calcite. La grana varia da arenite a lutite andando in profondità, diventando più dura.","2b","1","Coppolella","70.000",528419.73,4565849.44,536.13
"775","C2","38.7","Calcareniti e calcari marnosi molto cementati con noduli di argilla inglobati. Presenti fratture con inclinazioni comprese tra 40 e 60° riempite di argilla e/o calcite. La grana varia da arenite a lutite andando in profondità, diventando più dura.","2b","1","Coppolella","70.000",528419.73,4565849.44,536.13
"776","C2","38.75","Calcareniti e calcari marnosi molto cementati con noduli di argilla inglobati. Presenti fratture con inclinazioni comprese tra 40 e 60° riempite di argilla e/o calcite. La grana varia da arenite a lutite andando in profondità, diventando più dura.","2b","1","Coppolella","70.000",528419.73,4565849.44,536.13
"777","C2","38.8","Calcareniti e calcari marnosi molto cementati con noduli di argilla inglobati. Presenti fratture con inclinazioni comprese tra 40 e 60° riempite di argilla e/o calcite. La grana varia da arenite a lutite andando in profondità, diventando più dura.","2b","1","Coppolella","70.000",528419.73,4565849.44,536.13
"778","C2","38.85","Calcareniti e calcari marnosi molto cementati con noduli di argilla inglobati. Presenti fratture con inclinazioni comprese tra 40 e 60° riempite di argilla e/o calcite. La grana varia da arenite a lutite andando in profondità, diventando più dura.","2b","1","Coppolella","70.000",528419.73,4565849.44,536.13
"779","C2","38.9","Calcareniti e calcari marnosi molto cementati con noduli di argilla inglobati. Presenti fratture con inclinazioni comprese tra 40 e 60° riempite di argilla e/o calcite. La grana varia da arenite a lutite andando in profondità, diventando più dura.","2b","1","Coppolella","70.000",528419.73,4565849.44,536.13
"780","C2","38.95","Calcareniti e calcari marnosi molto cementati con noduli di argilla inglobati. Presenti fratture con inclinazioni comprese tra 40 e 60° riempite di argilla e/o calcite. La grana varia da arenite a lutite andando in profondità, diventando più dura.","2b","1","Coppolella","70.000",528419.73,4565849.44,536.13
"781","C2","39","Calcareniti e calcari marnosi molto cementati con noduli di argilla inglobati. Presenti fratture con inclinazioni comprese tra 40 e 60° riempite di argilla e/o calcite. La grana varia da arenite a lutite andando in profondità, diventando più dura.","2b","1","Coppolella","70.000",528419.73,4565849.44,536.13
"782","C2","39.05","Calcareniti e calcari marnosi molto cementati con noduli di argilla inglobati. Presenti fratture con inclinazioni comprese tra 40 e 60° riempite di argilla e/o calcite. La grana varia da arenite a lutite andando in profondità, diventando più dura.","2b","1","Coppolella","70.000",528419.73,4565849.44,536.13
"783","C2","39.1","Calcareniti e calcari marnosi molto cementati con noduli di argilla inglobati. Presenti fratture con inclinazioni comprese tra 40 e 60° riempite di argilla e/o calcite. La grana varia da arenite a lutite andando in profondità, diventando più dura.","2b","1","Coppolella","70.000",528419.73,4565849.44,536.13
"784","C2","39.15","Calcareniti e calcari marnosi molto cementati con noduli di argilla inglobati. Presenti fratture con inclinazioni comprese tra 40 e 60° riempite di argilla e/o calcite. La grana varia da arenite a lutite andando in profondità, diventando più dura.","2b","1","Coppolella","70.000",528419.73,4565849.44,536.13
"785","C2","39.2","Calcareniti e calcari marnosi molto cementati con noduli di argilla inglobati. Presenti fratture con inclinazioni comprese tra 40 e 60° riempite di argilla e/o calcite. La grana varia da arenite a lutite andando in profondità, diventando più dura.","2b","1","Coppolella","70.000",528419.73,4565849.44,536.13
"786","C2","39.25","Calcareniti e calcari marnosi molto cementati con noduli di argilla inglobati. Presenti fratture con inclinazioni comprese tra 40 e 60° riempite di argilla e/o calcite. La grana varia da arenite a lutite andando in profondità, diventando più dura.","2b","1","Coppolella","70.000",528419.73,4565849.44,536.13
"787","C2","39.3","Calcareniti e calcari marnosi molto cementati con noduli di argilla inglobati. Presenti fratture con inclinazioni comprese tra 40 e 60° riempite di argilla e/o calcite. La grana varia da arenite a lutite andando in profondità, diventando più dura.","2b","1","Coppolella","70.000",528419.73,4565849.44,536.13
"788","C2","39.35","Calcareniti e calcari marnosi molto cementati con noduli di argilla inglobati. Presenti fratture con inclinazioni comprese tra 40 e 60° riempite di argilla e/o calcite. La grana varia da arenite a lutite andando in profondità, diventando più dura.","2b","1","Coppolella","70.000",528419.73,4565849.44,536.13
"789","C2","39.4","Calcareniti e calcari marnosi molto cementati con noduli di argilla inglobati. Presenti fratture con inclinazioni comprese tra 40 e 60° riempite di argilla e/o calcite. La grana varia da arenite a lutite andando in profondità, diventando più dura.","2b","1","Coppolella","70.000",528419.73,4565849.44,536.13
"790","C2","39.45","Calcareniti e calcari marnosi molto cementati con noduli di argilla inglobati. Presenti fratture con inclinazioni comprese tra 40 e 60° riempite di argilla e/o calcite. La grana varia da arenite a lutite andando in profondità, diventando più dura.","2b","1","Coppolella","70.000",528419.73,4565849.44,536.13
"791","C2","39.5","Calcareniti e calcari marnosi molto cementati con noduli di argilla inglobati. Presenti fratture con inclinazioni comprese tra 40 e 60° riempite di argilla e/o calcite. La grana varia da arenite a lutite andando in profondità, diventando più dura.","2b","1","Coppolella","70.000",528419.73,4565849.44,536.13
"792","C2","39.55","Calcareniti e calcari marnosi molto cementati con noduli di argilla inglobati. Presenti fratture con inclinazioni comprese tra 40 e 60° riempite di argilla e/o calcite. La grana varia da arenite a lutite andando in profondità, diventando più dura.","2b","1","Coppolella","70.000",528419.73,4565849.44,536.13
"793","C2","39.6","Calcareniti e calcari marnosi molto cementati con noduli di argilla inglobati. Presenti fratture con inclinazioni comprese tra 40 e 60° riempite di argilla e/o calcite. La grana varia da arenite a lutite andando in profondità, diventando più dura.","2b","1","Coppolella","70.000",528419.73,4565849.44,536.13
"794","C2","39.65","Calcareniti e calcari marnosi molto cementati con noduli di argilla inglobati. Presenti fratture con inclinazioni comprese tra 40 e 60° riempite di argilla e/o calcite. La grana varia da arenite a lutite andando in profondità, diventando più dura.","2b","1","Coppolella","70.000",528419.73,4565849.44,536.13
"795","C2","39.7","Calcareniti e calcari marnosi molto cementati con noduli di argilla inglobati. Presenti fratture con inclinazioni comprese tra 40 e 60° riempite di argilla e/o calcite. La grana varia da arenite a lutite andando in profondità, diventando più dura.","2b","1","Coppolella","70.000",528419.73,4565849.44,536.13
"796","C2","39.75","Calcareniti e calcari marnosi molto cementati con noduli di argilla inglobati. Presenti fratture con inclinazioni comprese tra 40 e 60° riempite di argilla e/o calcite. La grana varia da arenite a lutite andando in profondità, diventando più dura.","2b","1","Coppolella","70.000",528419.73,4565849.44,536.13
"797","C2","39.8","Calcareniti e calcari marnosi molto cementati con noduli di argilla inglobati. Presenti fratture con inclinazioni comprese tra 40 e 60° riempite di argilla e/o calcite. La grana varia da arenite a lutite andando in profondità, diventando più dura.","2b","1","Coppolella","70.000",528419.73,4565849.44,536.13
"798","C2","39.85","Calcareniti e calcari marnosi molto cementati con noduli di argilla inglobati. Presenti fratture con inclinazioni comprese tra 40 e 60° riempite di argilla e/o calcite. La grana varia da arenite a lutite andando in profondità, diventando più dura.","2b","1","Coppolella","70.000",528419.73,4565849.44,536.13
"799","C2","39.9","Calcareniti e calcari marnosi molto cementati con noduli di argilla inglobati. Presenti fratture con inclinazioni comprese tra 40 e 60° riempite di argilla e/o calcite. La grana varia da arenite a lutite andando in profondità, diventando più dura.","2b","1","Coppolella","70.000",528419.73,4565849.44,536.13
"800","C2","39.95","Calcareniti e calcari marnosi molto cementati con noduli di argilla inglobati. Presenti fratture con inclinazioni comprese tra 40 e 60° riempite di argilla e/o calcite. La grana varia da arenite a lutite andando in profondità, diventando più dura.","2b","1","Coppolella","70.000",528419.73,4565849.44,536.13
"801","C2","40","Calcareniti e calcari marnosi molto cementati con noduli di argilla inglobati. Presenti fratture con inclinazioni comprese tra 40 e 60° riempite di argilla e/o calcite. La grana varia da arenite a lutite andando in profondità, diventando più dura.","2b","1","Coppolella","70.000",528419.73,4565849.44,536.13
"802","C2","40.05","Calcareniti e calcari marnosi molto cementati con noduli di argilla. Presenti fratture con inclinazioni comprese tra 40 e 60° riempite di argilla e/o calcite. La granulometria dei clasti varia da lutite ad arenite, talvolta ci sono piccole porzioni ruditiche composte da clasti spigolosi tipo breccia. Matrice sostenuta molto cementata soprattutto verso 44.5 m.","2b","1","Coppolella","70.000",528419.73,4565849.44,536.13
"803","C2","40.1","Calcareniti e calcari marnosi molto cementati con noduli di argilla. Presenti fratture con inclinazioni comprese tra 40 e 60° riempite di argilla e/o calcite. La granulometria dei clasti varia da lutite ad arenite, talvolta ci sono piccole porzioni ruditiche composte da clasti spigolosi tipo breccia. Matrice sostenuta molto cementata soprattutto verso 44.5 m.","2b","1","Coppolella","70.000",528419.73,4565849.44,536.13
"804","C2","40.15","Calcareniti e calcari marnosi molto cementati con noduli di argilla. Presenti fratture con inclinazioni comprese tra 40 e 60° riempite di argilla e/o calcite. La granulometria dei clasti varia da lutite ad arenite, talvolta ci sono piccole porzioni ruditiche composte da clasti spigolosi tipo breccia. Matrice sostenuta molto cementata soprattutto verso 44.5 m.","2b","1","Coppolella","70.000",528419.73,4565849.44,536.13
"805","C2","40.2","Calcareniti e calcari marnosi molto cementati con noduli di argilla. Presenti fratture con inclinazioni comprese tra 40 e 60° riempite di argilla e/o calcite. La granulometria dei clasti varia da lutite ad arenite, talvolta ci sono piccole porzioni ruditiche composte da clasti spigolosi tipo breccia. Matrice sostenuta molto cementata soprattutto verso 44.5 m.","2b","1","Coppolella","70.000",528419.73,4565849.44,536.13
"806","C2","40.25","Calcareniti e calcari marnosi molto cementati con noduli di argilla. Presenti fratture con inclinazioni comprese tra 40 e 60° riempite di argilla e/o calcite. La granulometria dei clasti varia da lutite ad arenite, talvolta ci sono piccole porzioni ruditiche composte da clasti spigolosi tipo breccia. Matrice sostenuta molto cementata soprattutto verso 44.5 m.","2b","1","Coppolella","70.000",528419.73,4565849.44,536.13
"807","C2","40.3","Calcareniti e calcari marnosi molto cementati con noduli di argilla. Presenti fratture con inclinazioni comprese tra 40 e 60° riempite di argilla e/o calcite. La granulometria dei clasti varia da lutite ad arenite, talvolta ci sono piccole porzioni ruditiche composte da clasti spigolosi tipo breccia. Matrice sostenuta molto cementata soprattutto verso 44.5 m.","2b","1","Coppolella","70.000",528419.73,4565849.44,536.13
"808","C2","40.35","Calcareniti e calcari marnosi molto cementati con noduli di argilla. Presenti fratture con inclinazioni comprese tra 40 e 60° riempite di argilla e/o calcite. La granulometria dei clasti varia da lutite ad arenite, talvolta ci sono piccole porzioni ruditiche composte da clasti spigolosi tipo breccia. Matrice sostenuta molto cementata soprattutto verso 44.5 m.","2b","1","Coppolella","70.000",528419.73,4565849.44,536.13
"809","C2","40.4","Calcareniti e calcari marnosi molto cementati con noduli di argilla. Presenti fratture con inclinazioni comprese tra 40 e 60° riempite di argilla e/o calcite. La granulometria dei clasti varia da lutite ad arenite, talvolta ci sono piccole porzioni ruditiche composte da clasti spigolosi tipo breccia. Matrice sostenuta molto cementata soprattutto verso 44.5 m.","2b","1","Coppolella","70.000",528419.73,4565849.44,536.13
"810","C2","40.45","Calcareniti e calcari marnosi molto cementati con noduli di argilla. Presenti fratture con inclinazioni comprese tra 40 e 60° riempite di argilla e/o calcite. La granulometria dei clasti varia da lutite ad arenite, talvolta ci sono piccole porzioni ruditiche composte da clasti spigolosi tipo breccia. Matrice sostenuta molto cementata soprattutto verso 44.5 m.","2b","1","Coppolella","70.000",528419.73,4565849.44,536.13
"811","C2","40.5","Calcareniti e calcari marnosi molto cementati con noduli di argilla. Presenti fratture con inclinazioni comprese tra 40 e 60° riempite di argilla e/o calcite. La granulometria dei clasti varia da lutite ad arenite, talvolta ci sono piccole porzioni ruditiche composte da clasti spigolosi tipo breccia. Matrice sostenuta molto cementata soprattutto verso 44.5 m.","2b","1","Coppolella","70.000",528419.73,4565849.44,536.13
"812","C2","40.55","Calcareniti e calcari marnosi molto cementati con noduli di argilla. Presenti fratture con inclinazioni comprese tra 40 e 60° riempite di argilla e/o calcite. La granulometria dei clasti varia da lutite ad arenite, talvolta ci sono piccole porzioni ruditiche composte da clasti spigolosi tipo breccia. Matrice sostenuta molto cementata soprattutto verso 44.5 m.","2b","1","Coppolella","70.000",528419.73,4565849.44,536.13
"813","C2","40.6","Calcareniti e calcari marnosi molto cementati con noduli di argilla. Presenti fratture con inclinazioni comprese tra 40 e 60° riempite di argilla e/o calcite. La granulometria dei clasti varia da lutite ad arenite, talvolta ci sono piccole porzioni ruditiche composte da clasti spigolosi tipo breccia. Matrice sostenuta molto cementata soprattutto verso 44.5 m.","2b","1","Coppolella","70.000",528419.73,4565849.44,536.13
"814","C2","40.65","Calcareniti e calcari marnosi molto cementati con noduli di argilla. Presenti fratture con inclinazioni comprese tra 40 e 60° riempite di argilla e/o calcite. La granulometria dei clasti varia da lutite ad arenite, talvolta ci sono piccole porzioni ruditiche composte da clasti spigolosi tipo breccia. Matrice sostenuta molto cementata soprattutto verso 44.5 m.","2b","1","Coppolella","70.000",528419.73,4565849.44,536.13
"815","C2","40.7","Calcareniti e calcari marnosi molto cementati con noduli di argilla. Presenti fratture con inclinazioni comprese tra 40 e 60° riempite di argilla e/o calcite. La granulometria dei clasti varia da lutite ad arenite, talvolta ci sono piccole porzioni ruditiche composte da clasti spigolosi tipo breccia. Matrice sostenuta molto cementata soprattutto verso 44.5 m.","2b","1","Coppolella","70.000",528419.73,4565849.44,536.13
"816","C2","40.75","Calcareniti e calcari marnosi molto cementati con noduli di argilla. Presenti fratture con inclinazioni comprese tra 40 e 60° riempite di argilla e/o calcite. La granulometria dei clasti varia da lutite ad arenite, talvolta ci sono piccole porzioni ruditiche composte da clasti spigolosi tipo breccia. Matrice sostenuta molto cementata soprattutto verso 44.5 m.","2b","1","Coppolella","70.000",528419.73,4565849.44,536.13
"817","C2","40.8","Calcareniti e calcari marnosi molto cementati con noduli di argilla. Presenti fratture con inclinazioni comprese tra 40 e 60° riempite di argilla e/o calcite. La granulometria dei clasti varia da lutite ad arenite, talvolta ci sono piccole porzioni ruditiche composte da clasti spigolosi tipo breccia. Matrice sostenuta molto cementata soprattutto verso 44.5 m.","2b","1","Coppolella","70.000",528419.73,4565849.44,536.13
"818","C2","40.85","Calcareniti e calcari marnosi molto cementati con noduli di argilla. Presenti fratture con inclinazioni comprese tra 40 e 60° riempite di argilla e/o calcite. La granulometria dei clasti varia da lutite ad arenite, talvolta ci sono piccole porzioni ruditiche composte da clasti spigolosi tipo breccia. Matrice sostenuta molto cementata soprattutto verso 44.5 m.","2b","1","Coppolella","70.000",528419.73,4565849.44,536.13
"819","C2","40.9","Calcareniti e calcari marnosi molto cementati con noduli di argilla. Presenti fratture con inclinazioni comprese tra 40 e 60° riempite di argilla e/o calcite. La granulometria dei clasti varia da lutite ad arenite, talvolta ci sono piccole porzioni ruditiche composte da clasti spigolosi tipo breccia. Matrice sostenuta molto cementata soprattutto verso 44.5 m.","2b","1","Coppolella","70.000",528419.73,4565849.44,536.13
"820","C2","40.95","Calcareniti e calcari marnosi molto cementati con noduli di argilla. Presenti fratture con inclinazioni comprese tra 40 e 60° riempite di argilla e/o calcite. La granulometria dei clasti varia da lutite ad arenite, talvolta ci sono piccole porzioni ruditiche composte da clasti spigolosi tipo breccia. Matrice sostenuta molto cementata soprattutto verso 44.5 m.","2b","1","Coppolella","70.000",528419.73,4565849.44,536.13
"821","C2","41","Calcareniti e calcari marnosi molto cementati con noduli di argilla. Presenti fratture con inclinazioni comprese tra 40 e 60° riempite di argilla e/o calcite. La granulometria dei clasti varia da lutite ad arenite, talvolta ci sono piccole porzioni ruditiche composte da clasti spigolosi tipo breccia. Matrice sostenuta molto cementata soprattutto verso 44.5 m.","2b","1","Coppolella","70.000",528419.73,4565849.44,536.13
"822","C2","41.05","Calcareniti e calcari marnosi molto cementati con noduli di argilla. Presenti fratture con inclinazioni comprese tra 40 e 60° riempite di argilla e/o calcite. La granulometria dei clasti varia da lutite ad arenite, talvolta ci sono piccole porzioni ruditiche composte da clasti spigolosi tipo breccia. Matrice sostenuta molto cementata soprattutto verso 44.5 m.","2b","1","Coppolella","70.000",528419.73,4565849.44,536.13
"823","C2","41.1","Calcareniti e calcari marnosi molto cementati con noduli di argilla. Presenti fratture con inclinazioni comprese tra 40 e 60° riempite di argilla e/o calcite. La granulometria dei clasti varia da lutite ad arenite, talvolta ci sono piccole porzioni ruditiche composte da clasti spigolosi tipo breccia. Matrice sostenuta molto cementata soprattutto verso 44.5 m.","2b","1","Coppolella","70.000",528419.73,4565849.44,536.13
"824","C2","41.15","Calcareniti e calcari marnosi molto cementati con noduli di argilla. Presenti fratture con inclinazioni comprese tra 40 e 60° riempite di argilla e/o calcite. La granulometria dei clasti varia da lutite ad arenite, talvolta ci sono piccole porzioni ruditiche composte da clasti spigolosi tipo breccia. Matrice sostenuta molto cementata soprattutto verso 44.5 m.","2b","1","Coppolella","70.000",528419.73,4565849.44,536.13
"825","C2","41.2","Calcareniti e calcari marnosi molto cementati con noduli di argilla. Presenti fratture con inclinazioni comprese tra 40 e 60° riempite di argilla e/o calcite. La granulometria dei clasti varia da lutite ad arenite, talvolta ci sono piccole porzioni ruditiche composte da clasti spigolosi tipo breccia. Matrice sostenuta molto cementata soprattutto verso 44.5 m.","2b","1","Coppolella","70.000",528419.73,4565849.44,536.13
"826","C2","41.25","Calcareniti e calcari marnosi molto cementati con noduli di argilla. Presenti fratture con inclinazioni comprese tra 40 e 60° riempite di argilla e/o calcite. La granulometria dei clasti varia da lutite ad arenite, talvolta ci sono piccole porzioni ruditiche composte da clasti spigolosi tipo breccia. Matrice sostenuta molto cementata soprattutto verso 44.5 m.","2b","1","Coppolella","70.000",528419.73,4565849.44,536.13
"827","C2","41.3","Calcareniti e calcari marnosi molto cementati con noduli di argilla. Presenti fratture con inclinazioni comprese tra 40 e 60° riempite di argilla e/o calcite. La granulometria dei clasti varia da lutite ad arenite, talvolta ci sono piccole porzioni ruditiche composte da clasti spigolosi tipo breccia. Matrice sostenuta molto cementata soprattutto verso 44.5 m.","2b","1","Coppolella","70.000",528419.73,4565849.44,536.13
"828","C2","41.35","Calcareniti e calcari marnosi molto cementati con noduli di argilla. Presenti fratture con inclinazioni comprese tra 40 e 60° riempite di argilla e/o calcite. La granulometria dei clasti varia da lutite ad arenite, talvolta ci sono piccole porzioni ruditiche composte da clasti spigolosi tipo breccia. Matrice sostenuta molto cementata soprattutto verso 44.5 m.","2b","1","Coppolella","70.000",528419.73,4565849.44,536.13
"829","C2","41.4","Calcareniti e calcari marnosi molto cementati con noduli di argilla. Presenti fratture con inclinazioni comprese tra 40 e 60° riempite di argilla e/o calcite. La granulometria dei clasti varia da lutite ad arenite, talvolta ci sono piccole porzioni ruditiche composte da clasti spigolosi tipo breccia. Matrice sostenuta molto cementata soprattutto verso 44.5 m.","2b","1","Coppolella","70.000",528419.73,4565849.44,536.13
"830","C2","41.45","Calcareniti e calcari marnosi molto cementati con noduli di argilla. Presenti fratture con inclinazioni comprese tra 40 e 60° riempite di argilla e/o calcite. La granulometria dei clasti varia da lutite ad arenite, talvolta ci sono piccole porzioni ruditiche composte da clasti spigolosi tipo breccia. Matrice sostenuta molto cementata soprattutto verso 44.5 m.","2b","1","Coppolella","70.000",528419.73,4565849.44,536.13
"831","C2","41.5","Calcareniti e calcari marnosi molto cementati con noduli di argilla. Presenti fratture con inclinazioni comprese tra 40 e 60° riempite di argilla e/o calcite. La granulometria dei clasti varia da lutite ad arenite, talvolta ci sono piccole porzioni ruditiche composte da clasti spigolosi tipo breccia. Matrice sostenuta molto cementata soprattutto verso 44.5 m.","2b","1","Coppolella","70.000",528419.73,4565849.44,536.13
"832","C2","41.55","Calcareniti e calcari marnosi molto cementati con noduli di argilla. Presenti fratture con inclinazioni comprese tra 40 e 60° riempite di argilla e/o calcite. La granulometria dei clasti varia da lutite ad arenite, talvolta ci sono piccole porzioni ruditiche composte da clasti spigolosi tipo breccia. Matrice sostenuta molto cementata soprattutto verso 44.5 m.","2b","1","Coppolella","70.000",528419.73,4565849.44,536.13
"833","C2","41.6","Calcareniti e calcari marnosi molto cementati con noduli di argilla. Presenti fratture con inclinazioni comprese tra 40 e 60° riempite di argilla e/o calcite. La granulometria dei clasti varia da lutite ad arenite, talvolta ci sono piccole porzioni ruditiche composte da clasti spigolosi tipo breccia. Matrice sostenuta molto cementata soprattutto verso 44.5 m.","2b","1","Coppolella","70.000",528419.73,4565849.44,536.13
"834","C2","41.65","Calcareniti e calcari marnosi molto cementati con noduli di argilla. Presenti fratture con inclinazioni comprese tra 40 e 60° riempite di argilla e/o calcite. La granulometria dei clasti varia da lutite ad arenite, talvolta ci sono piccole porzioni ruditiche composte da clasti spigolosi tipo breccia. Matrice sostenuta molto cementata soprattutto verso 44.5 m.","2b","1","Coppolella","70.000",528419.73,4565849.44,536.13
"835","C2","41.7","Calcareniti e calcari marnosi molto cementati con noduli di argilla. Presenti fratture con inclinazioni comprese tra 40 e 60° riempite di argilla e/o calcite. La granulometria dei clasti varia da lutite ad arenite, talvolta ci sono piccole porzioni ruditiche composte da clasti spigolosi tipo breccia. Matrice sostenuta molto cementata soprattutto verso 44.5 m.","2b","1","Coppolella","70.000",528419.73,4565849.44,536.13
"836","C2","41.75","Calcareniti e calcari marnosi molto cementati con noduli di argilla. Presenti fratture con inclinazioni comprese tra 40 e 60° riempite di argilla e/o calcite. La granulometria dei clasti varia da lutite ad arenite, talvolta ci sono piccole porzioni ruditiche composte da clasti spigolosi tipo breccia. Matrice sostenuta molto cementata soprattutto verso 44.5 m.","2b","1","Coppolella","70.000",528419.73,4565849.44,536.13
"837","C2","41.8","Calcareniti e calcari marnosi molto cementati con noduli di argilla. Presenti fratture con inclinazioni comprese tra 40 e 60° riempite di argilla e/o calcite. La granulometria dei clasti varia da lutite ad arenite, talvolta ci sono piccole porzioni ruditiche composte da clasti spigolosi tipo breccia. Matrice sostenuta molto cementata soprattutto verso 44.5 m.","2b","1","Coppolella","70.000",528419.73,4565849.44,536.13
"838","C2","41.85","Calcareniti e calcari marnosi molto cementati con noduli di argilla. Presenti fratture con inclinazioni comprese tra 40 e 60° riempite di argilla e/o calcite. La granulometria dei clasti varia da lutite ad arenite, talvolta ci sono piccole porzioni ruditiche composte da clasti spigolosi tipo breccia. Matrice sostenuta molto cementata soprattutto verso 44.5 m.","2b","1","Coppolella","70.000",528419.73,4565849.44,536.13
"839","C2","41.9","Calcareniti e calcari marnosi molto cementati con noduli di argilla. Presenti fratture con inclinazioni comprese tra 40 e 60° riempite di argilla e/o calcite. La granulometria dei clasti varia da lutite ad arenite, talvolta ci sono piccole porzioni ruditiche composte da clasti spigolosi tipo breccia. Matrice sostenuta molto cementata soprattutto verso 44.5 m.","2b","1","Coppolella","70.000",528419.73,4565849.44,536.13
"840","C2","41.95","Calcareniti e calcari marnosi molto cementati con noduli di argilla. Presenti fratture con inclinazioni comprese tra 40 e 60° riempite di argilla e/o calcite. La granulometria dei clasti varia da lutite ad arenite, talvolta ci sono piccole porzioni ruditiche composte da clasti spigolosi tipo breccia. Matrice sostenuta molto cementata soprattutto verso 44.5 m.","2b","1","Coppolella","70.000",528419.73,4565849.44,536.13
"841","C2","42","Calcareniti e calcari marnosi molto cementati con noduli di argilla. Presenti fratture con inclinazioni comprese tra 40 e 60° riempite di argilla e/o calcite. La granulometria dei clasti varia da lutite ad arenite, talvolta ci sono piccole porzioni ruditiche composte da clasti spigolosi tipo breccia. Matrice sostenuta molto cementata soprattutto verso 44.5 m.","2b","1","Coppolella","70.000",528419.73,4565849.44,536.13
"842","C2","42.05","Calcareniti e calcari marnosi molto cementati con noduli di argilla. Presenti fratture con inclinazioni comprese tra 40 e 60° riempite di argilla e/o calcite. La granulometria dei clasti varia da lutite ad arenite, talvolta ci sono piccole porzioni ruditiche composte da clasti spigolosi tipo breccia. Matrice sostenuta molto cementata soprattutto verso 44.5 m.","2b","1","Coppolella","70.000",528419.73,4565849.44,536.13
"843","C2","42.1","Calcareniti e calcari marnosi molto cementati con noduli di argilla. Presenti fratture con inclinazioni comprese tra 40 e 60° riempite di argilla e/o calcite. La granulometria dei clasti varia da lutite ad arenite, talvolta ci sono piccole porzioni ruditiche composte da clasti spigolosi tipo breccia. Matrice sostenuta molto cementata soprattutto verso 44.5 m.","2b","1","Coppolella","70.000",528419.73,4565849.44,536.13
"844","C2","42.15","Calcareniti e calcari marnosi molto cementati con noduli di argilla. Presenti fratture con inclinazioni comprese tra 40 e 60° riempite di argilla e/o calcite. La granulometria dei clasti varia da lutite ad arenite, talvolta ci sono piccole porzioni ruditiche composte da clasti spigolosi tipo breccia. Matrice sostenuta molto cementata soprattutto verso 44.5 m.","2b","1","Coppolella","70.000",528419.73,4565849.44,536.13
"845","C2","42.2","Calcareniti e calcari marnosi molto cementati con noduli di argilla. Presenti fratture con inclinazioni comprese tra 40 e 60° riempite di argilla e/o calcite. La granulometria dei clasti varia da lutite ad arenite, talvolta ci sono piccole porzioni ruditiche composte da clasti spigolosi tipo breccia. Matrice sostenuta molto cementata soprattutto verso 44.5 m.","2b","1","Coppolella","70.000",528419.73,4565849.44,536.13
"846","C2","42.25","Calcareniti e calcari marnosi molto cementati con noduli di argilla. Presenti fratture con inclinazioni comprese tra 40 e 60° riempite di argilla e/o calcite. La granulometria dei clasti varia da lutite ad arenite, talvolta ci sono piccole porzioni ruditiche composte da clasti spigolosi tipo breccia. Matrice sostenuta molto cementata soprattutto verso 44.5 m.","2b","1","Coppolella","70.000",528419.73,4565849.44,536.13
"847","C2","42.3","Calcareniti e calcari marnosi molto cementati con noduli di argilla. Presenti fratture con inclinazioni comprese tra 40 e 60° riempite di argilla e/o calcite. La granulometria dei clasti varia da lutite ad arenite, talvolta ci sono piccole porzioni ruditiche composte da clasti spigolosi tipo breccia. Matrice sostenuta molto cementata soprattutto verso 44.5 m.","2b","1","Coppolella","70.000",528419.73,4565849.44,536.13
"848","C2","42.35","Calcareniti e calcari marnosi molto cementati con noduli di argilla. Presenti fratture con inclinazioni comprese tra 40 e 60° riempite di argilla e/o calcite. La granulometria dei clasti varia da lutite ad arenite, talvolta ci sono piccole porzioni ruditiche composte da clasti spigolosi tipo breccia. Matrice sostenuta molto cementata soprattutto verso 44.5 m.","2b","1","Coppolella","70.000",528419.73,4565849.44,536.13
"849","C2","42.4","Calcareniti e calcari marnosi molto cementati con noduli di argilla. Presenti fratture con inclinazioni comprese tra 40 e 60° riempite di argilla e/o calcite. La granulometria dei clasti varia da lutite ad arenite, talvolta ci sono piccole porzioni ruditiche composte da clasti spigolosi tipo breccia. Matrice sostenuta molto cementata soprattutto verso 44.5 m.","2b","1","Coppolella","70.000",528419.73,4565849.44,536.13
"850","C2","42.45","Calcareniti e calcari marnosi molto cementati con noduli di argilla. Presenti fratture con inclinazioni comprese tra 40 e 60° riempite di argilla e/o calcite. La granulometria dei clasti varia da lutite ad arenite, talvolta ci sono piccole porzioni ruditiche composte da clasti spigolosi tipo breccia. Matrice sostenuta molto cementata soprattutto verso 44.5 m.","2b","1","Coppolella","70.000",528419.73,4565849.44,536.13
"851","C2","42.5","Calcareniti e calcari marnosi molto cementati con noduli di argilla. Presenti fratture con inclinazioni comprese tra 40 e 60° riempite di argilla e/o calcite. La granulometria dei clasti varia da lutite ad arenite, talvolta ci sono piccole porzioni ruditiche composte da clasti spigolosi tipo breccia. Matrice sostenuta molto cementata soprattutto verso 44.5 m.","2b","1","Coppolella","70.000",528419.73,4565849.44,536.13
"852","C2","42.55","Calcareniti e calcari marnosi molto cementati con noduli di argilla. Presenti fratture con inclinazioni comprese tra 40 e 60° riempite di argilla e/o calcite. La granulometria dei clasti varia da lutite ad arenite, talvolta ci sono piccole porzioni ruditiche composte da clasti spigolosi tipo breccia. Matrice sostenuta molto cementata soprattutto verso 44.5 m.","2b","1","Coppolella","70.000",528419.73,4565849.44,536.13
"853","C2","42.6","Calcareniti e calcari marnosi molto cementati con noduli di argilla. Presenti fratture con inclinazioni comprese tra 40 e 60° riempite di argilla e/o calcite. La granulometria dei clasti varia da lutite ad arenite, talvolta ci sono piccole porzioni ruditiche composte da clasti spigolosi tipo breccia. Matrice sostenuta molto cementata soprattutto verso 44.5 m.","2b","1","Coppolella","70.000",528419.73,4565849.44,536.13
"854","C2","42.65","Calcareniti e calcari marnosi molto cementati con noduli di argilla. Presenti fratture con inclinazioni comprese tra 40 e 60° riempite di argilla e/o calcite. La granulometria dei clasti varia da lutite ad arenite, talvolta ci sono piccole porzioni ruditiche composte da clasti spigolosi tipo breccia. Matrice sostenuta molto cementata soprattutto verso 44.5 m.","2b","1","Coppolella","70.000",528419.73,4565849.44,536.13
"855","C2","42.7","Calcareniti e calcari marnosi molto cementati con noduli di argilla. Presenti fratture con inclinazioni comprese tra 40 e 60° riempite di argilla e/o calcite. La granulometria dei clasti varia da lutite ad arenite, talvolta ci sono piccole porzioni ruditiche composte da clasti spigolosi tipo breccia. Matrice sostenuta molto cementata soprattutto verso 44.5 m.","2b","1","Coppolella","70.000",528419.73,4565849.44,536.13
"856","C2","42.75","Calcareniti e calcari marnosi molto cementati con noduli di argilla. Presenti fratture con inclinazioni comprese tra 40 e 60° riempite di argilla e/o calcite. La granulometria dei clasti varia da lutite ad arenite, talvolta ci sono piccole porzioni ruditiche composte da clasti spigolosi tipo breccia. Matrice sostenuta molto cementata soprattutto verso 44.5 m.","2b","1","Coppolella","70.000",528419.73,4565849.44,536.13
"857","C2","42.8","Calcareniti e calcari marnosi molto cementati con noduli di argilla. Presenti fratture con inclinazioni comprese tra 40 e 60° riempite di argilla e/o calcite. La granulometria dei clasti varia da lutite ad arenite, talvolta ci sono piccole porzioni ruditiche composte da clasti spigolosi tipo breccia. Matrice sostenuta molto cementata soprattutto verso 44.5 m.","2b","1","Coppolella","70.000",528419.73,4565849.44,536.13
"858","C2","42.85","Calcareniti e calcari marnosi molto cementati con noduli di argilla. Presenti fratture con inclinazioni comprese tra 40 e 60° riempite di argilla e/o calcite. La granulometria dei clasti varia da lutite ad arenite, talvolta ci sono piccole porzioni ruditiche composte da clasti spigolosi tipo breccia. Matrice sostenuta molto cementata soprattutto verso 44.5 m.","2b","1","Coppolella","70.000",528419.73,4565849.44,536.13
"859","C2","42.9","Calcareniti e calcari marnosi molto cementati con noduli di argilla. Presenti fratture con inclinazioni comprese tra 40 e 60° riempite di argilla e/o calcite. La granulometria dei clasti varia da lutite ad arenite, talvolta ci sono piccole porzioni ruditiche composte da clasti spigolosi tipo breccia. Matrice sostenuta molto cementata soprattutto verso 44.5 m.","2b","1","Coppolella","70.000",528419.73,4565849.44,536.13
"860","C2","42.95","Calcareniti e calcari marnosi molto cementati con noduli di argilla. Presenti fratture con inclinazioni comprese tra 40 e 60° riempite di argilla e/o calcite. La granulometria dei clasti varia da lutite ad arenite, talvolta ci sono piccole porzioni ruditiche composte da clasti spigolosi tipo breccia. Matrice sostenuta molto cementata soprattutto verso 44.5 m.","2b","1","Coppolella","70.000",528419.73,4565849.44,536.13
"861","C2","43","Calcareniti e calcari marnosi molto cementati con noduli di argilla. Presenti fratture con inclinazioni comprese tra 40 e 60° riempite di argilla e/o calcite. La granulometria dei clasti varia da lutite ad arenite, talvolta ci sono piccole porzioni ruditiche composte da clasti spigolosi tipo breccia. Matrice sostenuta molto cementata soprattutto verso 44.5 m.","2b","1","Coppolella","70.000",528419.73,4565849.44,536.13
"862","C2","43.05","Calcareniti e calcari marnosi molto cementati con noduli di argilla. Presenti fratture con inclinazioni comprese tra 40 e 60° riempite di argilla e/o calcite. La granulometria dei clasti varia da lutite ad arenite, talvolta ci sono piccole porzioni ruditiche composte da clasti spigolosi tipo breccia. Matrice sostenuta molto cementata soprattutto verso 44.5 m.","2b","1","Coppolella","70.000",528419.73,4565849.44,536.13
"863","C2","43.1","Calcareniti e calcari marnosi molto cementati con noduli di argilla. Presenti fratture con inclinazioni comprese tra 40 e 60° riempite di argilla e/o calcite. La granulometria dei clasti varia da lutite ad arenite, talvolta ci sono piccole porzioni ruditiche composte da clasti spigolosi tipo breccia. Matrice sostenuta molto cementata soprattutto verso 44.5 m.","2b","1","Coppolella","70.000",528419.73,4565849.44,536.13
"864","C2","43.15","Calcareniti e calcari marnosi molto cementati con noduli di argilla. Presenti fratture con inclinazioni comprese tra 40 e 60° riempite di argilla e/o calcite. La granulometria dei clasti varia da lutite ad arenite, talvolta ci sono piccole porzioni ruditiche composte da clasti spigolosi tipo breccia. Matrice sostenuta molto cementata soprattutto verso 44.5 m.","2b","1","Coppolella","70.000",528419.73,4565849.44,536.13
"865","C2","43.2","Calcareniti e calcari marnosi molto cementati con noduli di argilla. Presenti fratture con inclinazioni comprese tra 40 e 60° riempite di argilla e/o calcite. La granulometria dei clasti varia da lutite ad arenite, talvolta ci sono piccole porzioni ruditiche composte da clasti spigolosi tipo breccia. Matrice sostenuta molto cementata soprattutto verso 44.5 m.","2b","1","Coppolella","70.000",528419.73,4565849.44,536.13
"866","C2","43.25","Calcareniti e calcari marnosi molto cementati con noduli di argilla. Presenti fratture con inclinazioni comprese tra 40 e 60° riempite di argilla e/o calcite. La granulometria dei clasti varia da lutite ad arenite, talvolta ci sono piccole porzioni ruditiche composte da clasti spigolosi tipo breccia. Matrice sostenuta molto cementata soprattutto verso 44.5 m.","2b","1","Coppolella","70.000",528419.73,4565849.44,536.13
"867","C2","43.3","Calcareniti e calcari marnosi molto cementati con noduli di argilla. Presenti fratture con inclinazioni comprese tra 40 e 60° riempite di argilla e/o calcite. La granulometria dei clasti varia da lutite ad arenite, talvolta ci sono piccole porzioni ruditiche composte da clasti spigolosi tipo breccia. Matrice sostenuta molto cementata soprattutto verso 44.5 m.","2b","1","Coppolella","70.000",528419.73,4565849.44,536.13
"868","C2","43.35","Calcareniti e calcari marnosi molto cementati con noduli di argilla. Presenti fratture con inclinazioni comprese tra 40 e 60° riempite di argilla e/o calcite. La granulometria dei clasti varia da lutite ad arenite, talvolta ci sono piccole porzioni ruditiche composte da clasti spigolosi tipo breccia. Matrice sostenuta molto cementata soprattutto verso 44.5 m.","2b","1","Coppolella","70.000",528419.73,4565849.44,536.13
"869","C2","43.4","Calcareniti e calcari marnosi molto cementati con noduli di argilla. Presenti fratture con inclinazioni comprese tra 40 e 60° riempite di argilla e/o calcite. La granulometria dei clasti varia da lutite ad arenite, talvolta ci sono piccole porzioni ruditiche composte da clasti spigolosi tipo breccia. Matrice sostenuta molto cementata soprattutto verso 44.5 m.","2b","1","Coppolella","70.000",528419.73,4565849.44,536.13
"870","C2","43.45","Calcareniti e calcari marnosi molto cementati con noduli di argilla. Presenti fratture con inclinazioni comprese tra 40 e 60° riempite di argilla e/o calcite. La granulometria dei clasti varia da lutite ad arenite, talvolta ci sono piccole porzioni ruditiche composte da clasti spigolosi tipo breccia. Matrice sostenuta molto cementata soprattutto verso 44.5 m.","2b","1","Coppolella","70.000",528419.73,4565849.44,536.13
"871","C2","43.5","Calcareniti e calcari marnosi molto cementati con noduli di argilla. Presenti fratture con inclinazioni comprese tra 40 e 60° riempite di argilla e/o calcite. La granulometria dei clasti varia da lutite ad arenite, talvolta ci sono piccole porzioni ruditiche composte da clasti spigolosi tipo breccia. Matrice sostenuta molto cementata soprattutto verso 44.5 m.","2b","1","Coppolella","70.000",528419.73,4565849.44,536.13
"872","C2","43.55","Calcareniti e calcari marnosi molto cementati con noduli di argilla. Presenti fratture con inclinazioni comprese tra 40 e 60° riempite di argilla e/o calcite. La granulometria dei clasti varia da lutite ad arenite, talvolta ci sono piccole porzioni ruditiche composte da clasti spigolosi tipo breccia. Matrice sostenuta molto cementata soprattutto verso 44.5 m.","2b","1","Coppolella","70.000",528419.73,4565849.44,536.13
"873","C2","43.6","Calcareniti e calcari marnosi molto cementati con noduli di argilla. Presenti fratture con inclinazioni comprese tra 40 e 60° riempite di argilla e/o calcite. La granulometria dei clasti varia da lutite ad arenite, talvolta ci sono piccole porzioni ruditiche composte da clasti spigolosi tipo breccia. Matrice sostenuta molto cementata soprattutto verso 44.5 m.","2b","1","Coppolella","70.000",528419.73,4565849.44,536.13
"874","C2","43.65","Calcareniti e calcari marnosi molto cementati con noduli di argilla. Presenti fratture con inclinazioni comprese tra 40 e 60° riempite di argilla e/o calcite. La granulometria dei clasti varia da lutite ad arenite, talvolta ci sono piccole porzioni ruditiche composte da clasti spigolosi tipo breccia. Matrice sostenuta molto cementata soprattutto verso 44.5 m.","2b","1","Coppolella","70.000",528419.73,4565849.44,536.13
"875","C2","43.7","Calcareniti e calcari marnosi molto cementati con noduli di argilla. Presenti fratture con inclinazioni comprese tra 40 e 60° riempite di argilla e/o calcite. La granulometria dei clasti varia da lutite ad arenite, talvolta ci sono piccole porzioni ruditiche composte da clasti spigolosi tipo breccia. Matrice sostenuta molto cementata soprattutto verso 44.5 m.","2b","1","Coppolella","70.000",528419.73,4565849.44,536.13
"876","C2","43.75","Calcareniti e calcari marnosi molto cementati con noduli di argilla. Presenti fratture con inclinazioni comprese tra 40 e 60° riempite di argilla e/o calcite. La granulometria dei clasti varia da lutite ad arenite, talvolta ci sono piccole porzioni ruditiche composte da clasti spigolosi tipo breccia. Matrice sostenuta molto cementata soprattutto verso 44.5 m.","2b","1","Coppolella","70.000",528419.73,4565849.44,536.13
"877","C2","43.8","Calcareniti e calcari marnosi molto cementati con noduli di argilla. Presenti fratture con inclinazioni comprese tra 40 e 60° riempite di argilla e/o calcite. La granulometria dei clasti varia da lutite ad arenite, talvolta ci sono piccole porzioni ruditiche composte da clasti spigolosi tipo breccia. Matrice sostenuta molto cementata soprattutto verso 44.5 m.","2b","1","Coppolella","70.000",528419.73,4565849.44,536.13
"878","C2","43.85","Calcareniti e calcari marnosi molto cementati con noduli di argilla. Presenti fratture con inclinazioni comprese tra 40 e 60° riempite di argilla e/o calcite. La granulometria dei clasti varia da lutite ad arenite, talvolta ci sono piccole porzioni ruditiche composte da clasti spigolosi tipo breccia. Matrice sostenuta molto cementata soprattutto verso 44.5 m.","2b","1","Coppolella","70.000",528419.73,4565849.44,536.13
"879","C2","43.9","Calcareniti e calcari marnosi molto cementati con noduli di argilla. Presenti fratture con inclinazioni comprese tra 40 e 60° riempite di argilla e/o calcite. La granulometria dei clasti varia da lutite ad arenite, talvolta ci sono piccole porzioni ruditiche composte da clasti spigolosi tipo breccia. Matrice sostenuta molto cementata soprattutto verso 44.5 m.","2b","1","Coppolella","70.000",528419.73,4565849.44,536.13
"880","C2","43.95","Calcareniti e calcari marnosi molto cementati con noduli di argilla. Presenti fratture con inclinazioni comprese tra 40 e 60° riempite di argilla e/o calcite. La granulometria dei clasti varia da lutite ad arenite, talvolta ci sono piccole porzioni ruditiche composte da clasti spigolosi tipo breccia. Matrice sostenuta molto cementata soprattutto verso 44.5 m.","2b","1","Coppolella","70.000",528419.73,4565849.44,536.13
"881","C2","44","Calcareniti e calcari marnosi molto cementati con noduli di argilla. Presenti fratture con inclinazioni comprese tra 40 e 60° riempite di argilla e/o calcite. La granulometria dei clasti varia da lutite ad arenite, talvolta ci sono piccole porzioni ruditiche composte da clasti spigolosi tipo breccia. Matrice sostenuta molto cementata soprattutto verso 44.5 m.","2b","1","Coppolella","70.000",528419.73,4565849.44,536.13
"882","C2","44.05","Calcareniti e calcari marnosi molto cementati con noduli di argilla. Presenti fratture con inclinazioni comprese tra 40 e 60° riempite di argilla e/o calcite. La granulometria dei clasti varia da lutite ad arenite, talvolta ci sono piccole porzioni ruditiche composte da clasti spigolosi tipo breccia. Matrice sostenuta molto cementata soprattutto verso 44.5 m.","2b","1","Coppolella","70.000",528419.73,4565849.44,536.13
"883","C2","44.1","Calcareniti e calcari marnosi molto cementati con noduli di argilla. Presenti fratture con inclinazioni comprese tra 40 e 60° riempite di argilla e/o calcite. La granulometria dei clasti varia da lutite ad arenite, talvolta ci sono piccole porzioni ruditiche composte da clasti spigolosi tipo breccia. Matrice sostenuta molto cementata soprattutto verso 44.5 m.","2b","1","Coppolella","70.000",528419.73,4565849.44,536.13
"884","C2","44.15","Calcareniti e calcari marnosi molto cementati con noduli di argilla. Presenti fratture con inclinazioni comprese tra 40 e 60° riempite di argilla e/o calcite. La granulometria dei clasti varia da lutite ad arenite, talvolta ci sono piccole porzioni ruditiche composte da clasti spigolosi tipo breccia. Matrice sostenuta molto cementata soprattutto verso 44.5 m.","2b","1","Coppolella","70.000",528419.73,4565849.44,536.13
"885","C2","44.2","Calcareniti e calcari marnosi molto cementati con noduli di argilla. Presenti fratture con inclinazioni comprese tra 40 e 60° riempite di argilla e/o calcite. La granulometria dei clasti varia da lutite ad arenite, talvolta ci sono piccole porzioni ruditiche composte da clasti spigolosi tipo breccia. Matrice sostenuta molto cementata soprattutto verso 44.5 m.","2b","1","Coppolella","70.000",528419.73,4565849.44,536.13
"886","C2","44.25","Calcareniti e calcari marnosi molto cementati con noduli di argilla. Presenti fratture con inclinazioni comprese tra 40 e 60° riempite di argilla e/o calcite. La granulometria dei clasti varia da lutite ad arenite, talvolta ci sono piccole porzioni ruditiche composte da clasti spigolosi tipo breccia. Matrice sostenuta molto cementata soprattutto verso 44.5 m.","2b","1","Coppolella","70.000",528419.73,4565849.44,536.13
"887","C2","44.3","Calcareniti e calcari marnosi molto cementati con noduli di argilla. Presenti fratture con inclinazioni comprese tra 40 e 60° riempite di argilla e/o calcite. La granulometria dei clasti varia da lutite ad arenite, talvolta ci sono piccole porzioni ruditiche composte da clasti spigolosi tipo breccia. Matrice sostenuta molto cementata soprattutto verso 44.5 m.","2b","1","Coppolella","70.000",528419.73,4565849.44,536.13
"888","C2","44.35","Calcareniti e calcari marnosi molto cementati con noduli di argilla. Presenti fratture con inclinazioni comprese tra 40 e 60° riempite di argilla e/o calcite. La granulometria dei clasti varia da lutite ad arenite, talvolta ci sono piccole porzioni ruditiche composte da clasti spigolosi tipo breccia. Matrice sostenuta molto cementata soprattutto verso 44.5 m.","2b","1","Coppolella","70.000",528419.73,4565849.44,536.13
"889","C2","44.4","Calcareniti e calcari marnosi molto cementati con noduli di argilla. Presenti fratture con inclinazioni comprese tra 40 e 60° riempite di argilla e/o calcite. La granulometria dei clasti varia da lutite ad arenite, talvolta ci sono piccole porzioni ruditiche composte da clasti spigolosi tipo breccia. Matrice sostenuta molto cementata soprattutto verso 44.5 m.","2b","1","Coppolella","70.000",528419.73,4565849.44,536.13
"890","C2","44.45","Calcareniti e calcari marnosi molto cementati con noduli di argilla. Presenti fratture con inclinazioni comprese tra 40 e 60° riempite di argilla e/o calcite. La granulometria dei clasti varia da lutite ad arenite, talvolta ci sono piccole porzioni ruditiche composte da clasti spigolosi tipo breccia. Matrice sostenuta molto cementata soprattutto verso 44.5 m.","2b","1","Coppolella","70.000",528419.73,4565849.44,536.13
"891","C2","44.5","Calcareniti e calcari marnosi molto cementati con noduli di argilla. Presenti fratture con inclinazioni comprese tra 40 e 60° riempite di argilla e/o calcite. La granulometria dei clasti varia da lutite ad arenite, talvolta ci sono piccole porzioni ruditiche composte da clasti spigolosi tipo breccia. Matrice sostenuta molto cementata soprattutto verso 44.5 m.","2b","1","Coppolella","70.000",528419.73,4565849.44,536.13
"892","C2","44.55","Calcareniti e calcari marnosi molto cementati con noduli di argilla. Presenti fratture con inclinazioni comprese tra 40 e 60° riempite di argilla e/o calcite. La granulometria dei clasti varia da lutite ad arenite, talvolta ci sono piccole porzioni ruditiche composte da clasti spigolosi tipo breccia. Matrice sostenuta molto cementata soprattutto verso 44.5 m.","2b","1","Coppolella","70.000",528419.73,4565849.44,536.13
"893","C2","44.6","Calcareniti e calcari marnosi molto cementati con noduli di argilla. Presenti fratture con inclinazioni comprese tra 40 e 60° riempite di argilla e/o calcite. La granulometria dei clasti varia da lutite ad arenite, talvolta ci sono piccole porzioni ruditiche composte da clasti spigolosi tipo breccia. Matrice sostenuta molto cementata soprattutto verso 44.5 m.","2b","1","Coppolella","70.000",528419.73,4565849.44,536.13
"894","C2","44.65","Limi sabbiosi da moderatamente a molto addensati con molti ciottoli calcarei all'interno di dimensioni centimetriche. Materiale debolmente umido.","2b","1","Coppolella","70.000",528419.73,4565849.44,536.13
"895","C2","44.7","Limi sabbiosi da moderatamente a molto addensati con molti ciottoli calcarei all'interno di dimensioni centimetriche. Materiale debolmente umido.","2b","1","Coppolella","70.000",528419.73,4565849.44,536.13
"896","C2","44.75","Limi sabbiosi da moderatamente a molto addensati con molti ciottoli calcarei all'interno di dimensioni centimetriche. Materiale debolmente umido.","2b","1","Coppolella","70.000",528419.73,4565849.44,536.13
"897","C2","44.8","Limi sabbiosi da moderatamente a molto addensati con molti ciottoli calcarei all'interno di dimensioni centimetriche. Materiale debolmente umido.","2b","1","Coppolella","70.000",528419.73,4565849.44,536.13
"898","C2","44.85","Limi sabbiosi da moderatamente a molto addensati con molti ciottoli calcarei all'interno di dimensioni centimetriche. Materiale debolmente umido.","2b","1","Coppolella","70.000",528419.73,4565849.44,536.13
"899","C2","44.9","Limi sabbiosi da moderatamente a molto addensati con molti ciottoli calcarei all'interno di dimensioni centimetriche. Materiale debolmente umido.","2b","1","Coppolella","70.000",528419.73,4565849.44,536.13
"900","C2","44.95","Limi sabbiosi da moderatamente a molto addensati con molti ciottoli calcarei all'interno di dimensioni centimetriche. Materiale debolmente umido.","2b","1","Coppolella","70.000",528419.73,4565849.44,536.13
"901","C2","45","Limi sabbiosi da moderatamente a molto addensati con molti ciottoli calcarei all'interno di dimensioni centimetriche. Materiale debolmente umido.","2b","1","Coppolella","70.000",528419.73,4565849.44,536.13
"902","C2","45.05","Limi sabbiosi da moderatamente a molto addensati con molti ciottoli calcarei all'interno di dimensioni centimetriche. Materiale debolmente umido.","2b","1","Coppolella","70.000",528419.73,4565849.44,536.13
"903","C2","45.1","Limi sabbiosi da moderatamente a molto addensati con molti ciottoli calcarei all'interno di dimensioni centimetriche. Materiale debolmente umido.","2b","1","Coppolella","70.000",528419.73,4565849.44,536.13
"904","C2","45.15","Limi sabbiosi da moderatamente a molto addensati con molti ciottoli calcarei all'interno di dimensioni centimetriche. Materiale debolmente umido.","2b","1","Coppolella","70.000",528419.73,4565849.44,536.13
"905","C2","45.2","Limi sabbiosi da moderatamente a molto addensati con molti ciottoli calcarei all'interno di dimensioni centimetriche. Materiale debolmente umido.","2b","1","Coppolella","70.000",528419.73,4565849.44,536.13
"906","C2","45.25","Limi sabbiosi da moderatamente a molto addensati con molti ciottoli calcarei all'interno di dimensioni centimetriche. Materiale debolmente umido.","2b","1","Coppolella","70.000",528419.73,4565849.44,536.13
"907","C2","45.3","Limi sabbiosi da moderatamente a molto addensati con molti ciottoli calcarei all'interno di dimensioni centimetriche. Materiale debolmente umido.","2b","1","Coppolella","70.000",528419.73,4565849.44,536.13
"908","C2","45.35","Limi sabbiosi da moderatamente a molto addensati con molti ciottoli calcarei all'interno di dimensioni centimetriche. Materiale debolmente umido.","2b","1","Coppolella","70.000",528419.73,4565849.44,536.13
"909","C2","45.4","Limi sabbiosi da moderatamente a molto addensati con molti ciottoli calcarei all'interno di dimensioni centimetriche. Materiale debolmente umido.","2b","1","Coppolella","70.000",528419.73,4565849.44,536.13
"910","C2","45.45","Limi sabbiosi da moderatamente a molto addensati con molti ciottoli calcarei all'interno di dimensioni centimetriche. Materiale debolmente umido.","2b","1","Coppolella","70.000",528419.73,4565849.44,536.13
"911","C2","45.5","Limi sabbiosi da moderatamente a molto addensati con molti ciottoli calcarei all'interno di dimensioni centimetriche. Materiale debolmente umido.","2b","1","Coppolella","70.000",528419.73,4565849.44,536.13
"912","C2","45.55","Limi sabbiosi da moderatamente a molto addensati con molti ciottoli calcarei all'interno di dimensioni centimetriche. Materiale debolmente umido.","2b","1","Coppolella","70.000",528419.73,4565849.44,536.13
"913","C2","45.6","Limi sabbiosi da moderatamente a molto addensati con molti ciottoli calcarei all'interno di dimensioni centimetriche. Materiale debolmente umido.","2b","1","Coppolella","70.000",528419.73,4565849.44,536.13
"914","C2","45.65","Limi sabbiosi da moderatamente a molto addensati con molti ciottoli calcarei all'interno di dimensioni centimetriche. Materiale debolmente umido.","2b","1","Coppolella","70.000",528419.73,4565849.44,536.13
"915","C2","45.7","Limi sabbiosi da moderatamente a molto addensati con molti ciottoli calcarei all'interno di dimensioni centimetriche. Materiale debolmente umido.","2b","1","Coppolella","70.000",528419.73,4565849.44,536.13
"916","C2","45.75","Limi sabbiosi da moderatamente a molto addensati con molti ciottoli calcarei all'interno di dimensioni centimetriche. Materiale debolmente umido.","2b","1","Coppolella","70.000",528419.73,4565849.44,536.13
"917","C2","45.8","Limi sabbiosi da moderatamente a molto addensati con molti ciottoli calcarei all'interno di dimensioni centimetriche. Materiale debolmente umido.","2b","1","Coppolella","70.000",528419.73,4565849.44,536.13
"918","C2","45.85","Limi sabbiosi da moderatamente a molto addensati con molti ciottoli calcarei all'interno di dimensioni centimetriche. Materiale debolmente umido.","2b","1","Coppolella","70.000",528419.73,4565849.44,536.13
"919","C2","45.9","Limi sabbiosi da moderatamente a molto addensati con molti ciottoli calcarei all'interno di dimensioni centimetriche. Materiale debolmente umido.","2b","1","Coppolella","70.000",528419.73,4565849.44,536.13
"920","C2","45.95","Limi sabbiosi da moderatamente a molto addensati con molti ciottoli calcarei all'interno di dimensioni centimetriche. Materiale debolmente umido.","2b","1","Coppolella","70.000",528419.73,4565849.44,536.13
"921","C2","46","Limi sabbiosi da moderatamente a molto addensati con molti ciottoli calcarei all'interno di dimensioni centimetriche. Materiale debolmente umido.","2b","1","Coppolella","70.000",528419.73,4565849.44,536.13
"922","C2","46.05","Limi sabbiosi da moderatamente a molto addensati con molti ciottoli calcarei all'interno di dimensioni centimetriche. Materiale debolmente umido.","2b","1","Coppolella","70.000",528419.73,4565849.44,536.13
"923","C2","46.1","Limi sabbiosi da moderatamente a molto addensati con molti ciottoli calcarei all'interno di dimensioni centimetriche. Materiale debolmente umido.","2b","1","Coppolella","70.000",528419.73,4565849.44,536.13
"924","C2","46.15","Limi sabbiosi da moderatamente a molto addensati con molti ciottoli calcarei all'interno di dimensioni centimetriche. Materiale debolmente umido.","2b","1","Coppolella","70.000",528419.73,4565849.44,536.13
"925","C2","46.2","Limi sabbiosi da moderatamente a molto addensati con molti ciottoli calcarei all'interno di dimensioni centimetriche. Materiale debolmente umido.","2b","1","Coppolella","70.000",528419.73,4565849.44,536.13
"926","C2","46.25","Limi sabbiosi da moderatamente a molto addensati con molti ciottoli calcarei all'interno di dimensioni centimetriche. Materiale debolmente umido.","2b","1","Coppolella","70.000",528419.73,4565849.44,536.13
"927","C2","46.3","Limi sabbiosi da moderatamente a molto addensati con molti ciottoli calcarei all'interno di dimensioni centimetriche. Materiale debolmente umido.","2b","1","Coppolella","70.000",528419.73,4565849.44,536.13
"928","C2","46.35","Limi sabbiosi da moderatamente a molto addensati con molti ciottoli calcarei all'interno di dimensioni centimetriche. Materiale debolmente umido.","2b","1","Coppolella","70.000",528419.73,4565849.44,536.13
"929","C2","46.4","Limi sabbiosi da moderatamente a molto addensati con molti ciottoli calcarei all'interno di dimensioni centimetriche. Materiale debolmente umido.","2b","1","Coppolella","70.000",528419.73,4565849.44,536.13
"930","C2","46.45","Limi sabbiosi da moderatamente a molto addensati con molti ciottoli calcarei all'interno di dimensioni centimetriche. Materiale debolmente umido.","2b","1","Coppolella","70.000",528419.73,4565849.44,536.13
"931","C2","46.5","Limi sabbiosi da moderatamente a molto addensati con molti ciottoli calcarei all'interno di dimensioni centimetriche. Materiale debolmente umido.","2b","1","Coppolella","70.000",528419.73,4565849.44,536.13
"932","C2","46.55","Limi sabbiosi da moderatamente a molto addensati con molti ciottoli calcarei all'interno di dimensioni centimetriche. Materiale debolmente umido.","2b","1","Coppolella","70.000",528419.73,4565849.44,536.13
"933","C2","46.6","Limi sabbiosi da moderatamente a molto addensati con molti ciottoli calcarei all'interno di dimensioni centimetriche. Materiale debolmente umido.","2b","1","Coppolella","70.000",528419.73,4565849.44,536.13
"934","C2","46.65","Limi sabbiosi da moderatamente a molto addensati con molti ciottoli calcarei all'interno di dimensioni centimetriche. Materiale debolmente umido.","2b","1","Coppolella","70.000",528419.73,4565849.44,536.13
"935","C2","46.7","Limi sabbiosi da moderatamente a molto addensati con molti ciottoli calcarei all'interno di dimensioni centimetriche. Materiale debolmente umido.","2b","1","Coppolella","70.000",528419.73,4565849.44,536.13
"936","C2","46.75","Limi sabbiosi da moderatamente a molto addensati con molti ciottoli calcarei all'interno di dimensioni centimetriche. Materiale debolmente umido.","2b","1","Coppolella","70.000",528419.73,4565849.44,536.13
"937","C2","46.8","Limi sabbiosi da moderatamente a molto addensati con molti ciottoli calcarei all'interno di dimensioni centimetriche. Materiale debolmente umido.","2b","1","Coppolella","70.000",528419.73,4565849.44,536.13
"938","C2","46.85","Limi sabbiosi da moderatamente a molto addensati con molti ciottoli calcarei all'interno di dimensioni centimetriche. Materiale debolmente umido.","2b","1","Coppolella","70.000",528419.73,4565849.44,536.13
"939","C2","46.9","Limi sabbiosi da moderatamente a molto addensati con molti ciottoli calcarei all'interno di dimensioni centimetriche. Materiale debolmente umido.","2b","1","Coppolella","70.000",528419.73,4565849.44,536.13
"940","C2","46.95","Limi sabbiosi da moderatamente a molto addensati con molti ciottoli calcarei all'interno di dimensioni centimetriche. Materiale debolmente umido.","2b","1","Coppolella","70.000",528419.73,4565849.44,536.13
"941","C2","47","Limi sabbiosi da moderatamente a molto addensati con molti ciottoli calcarei all'interno di dimensioni centimetriche. Materiale debolmente umido.","2b","1","Coppolella","70.000",528419.73,4565849.44,536.13
"942","C2","47.05","Limi sabbiosi da moderatamente a molto addensati con molti ciottoli calcarei all'interno di dimensioni centimetriche. Materiale debolmente umido.","2b","1","Coppolella","70.000",528419.73,4565849.44,536.13
"943","C2","47.1","Limi sabbiosi da moderatamente a molto addensati con molti ciottoli calcarei all'interno di dimensioni centimetriche. Materiale debolmente umido.","2b","1","Coppolella","70.000",528419.73,4565849.44,536.13
"944","C2","47.15","Limi sabbiosi da moderatamente a molto addensati con molti ciottoli calcarei all'interno di dimensioni centimetriche. Materiale debolmente umido.","2b","1","Coppolella","70.000",528419.73,4565849.44,536.13
"945","C2","47.2","Limi sabbiosi da moderatamente a molto addensati con molti ciottoli calcarei all'interno di dimensioni centimetriche. Materiale debolmente umido.","2b","1","Coppolella","70.000",528419.73,4565849.44,536.13
"946","C2","47.25","Limi sabbiosi da moderatamente a molto addensati con molti ciottoli calcarei all'interno di dimensioni centimetriche. Materiale debolmente umido.","2b","1","Coppolella","70.000",528419.73,4565849.44,536.13
"947","C2","47.3","Limi sabbiosi da moderatamente a molto addensati con molti ciottoli calcarei all'interno di dimensioni centimetriche. Materiale debolmente umido.","2b","1","Coppolella","70.000",528419.73,4565849.44,536.13
"948","C2","47.35","Limi sabbiosi da moderatamente a molto addensati con molti ciottoli calcarei all'interno di dimensioni centimetriche. Materiale debolmente umido.","2b","1","Coppolella","70.000",528419.73,4565849.44,536.13
"949","C2","47.4","Limi sabbiosi da moderatamente a molto addensati con molti ciottoli calcarei all'interno di dimensioni centimetriche. Materiale debolmente umido.","2b","1","Coppolella","70.000",528419.73,4565849.44,536.13
"950","C2","47.45","Limi sabbiosi da moderatamente a molto addensati con molti ciottoli calcarei all'interno di dimensioni centimetriche. Materiale debolmente umido.","2b","1","Coppolella","70.000",528419.73,4565849.44,536.13
"951","C2","47.5","Limi sabbiosi da moderatamente a molto addensati con molti ciottoli calcarei all'interno di dimensioni centimetriche. Materiale debolmente umido.","2b","1","Coppolella","70.000",528419.73,4565849.44,536.13
"952","C2","47.55","Limi sabbiosi da moderatamente a molto addensati con molti ciottoli calcarei all'interno di dimensioni centimetriche. Materiale debolmente umido.","2b","1","Coppolella","70.000",528419.73,4565849.44,536.13
"953","C2","47.6","Limi sabbiosi da moderatamente a molto addensati con molti ciottoli calcarei all'interno di dimensioni centimetriche. Materiale debolmente umido.","2b","1","Coppolella","70.000",528419.73,4565849.44,536.13
"954","C2","47.65","Limi sabbiosi da moderatamente a molto addensati con molti ciottoli calcarei all'interno di dimensioni centimetriche. Materiale debolmente umido.","2b","1","Coppolella","70.000",528419.73,4565849.44,536.13
"955","C2","47.7","Limi sabbiosi da moderatamente a molto addensati con molti ciottoli calcarei all'interno di dimensioni centimetriche. Materiale debolmente umido.","2b","1","Coppolella","70.000",528419.73,4565849.44,536.13
"956","C2","47.75","Calcari molto fratturati con limo sabbioso all'interno delle fratture.","2b","1","Coppolella","70.000",528419.73,4565849.44,536.13
"957","C2","47.8","Calcari molto fratturati con limo sabbioso all'interno delle fratture.","2b","1","Coppolella","70.000",528419.73,4565849.44,536.13
"958","C2","47.85","Calcari molto fratturati con limo sabbioso all'interno delle fratture.","2b","1","Coppolella","70.000",528419.73,4565849.44,536.13
"959","C2","47.9","Calcari molto fratturati con limo sabbioso all'interno delle fratture.","2b","1","Coppolella","70.000",528419.73,4565849.44,536.13
"960","C2","47.95","Calcari molto fratturati con limo sabbioso all'interno delle fratture.","2b","1","Coppolella","70.000",528419.73,4565849.44,536.13
"961","C2","48","Calcari molto fratturati con limo sabbioso all'interno delle fratture.","2b","1","Coppolella","70.000",528419.73,4565849.44,536.13
"962","C2","48.05","Calcari molto fratturati con limo sabbioso all'interno delle fratture.","2b","1","Coppolella","70.000",528419.73,4565849.44,536.13
"963","C2","48.1","Calcari molto fratturati con limo sabbioso all'interno delle fratture.","2b","1","Coppolella","70.000",528419.73,4565849.44,536.13
"964","C2","48.15","Calcari molto fratturati con limo sabbioso all'interno delle fratture.","2b","1","Coppolella","70.000",528419.73,4565849.44,536.13
"965","C2","48.2","Calcari molto fratturati con limo sabbioso all'interno delle fratture.","2b","1","Coppolella","70.000",528419.73,4565849.44,536.13
"966","C2","48.25","Calcari molto fratturati con limo sabbioso all'interno delle fratture.","2b","1","Coppolella","70.000",528419.73,4565849.44,536.13
"967","C2","48.3","Calcari molto fratturati con limo sabbioso all'interno delle fratture.","2b","1","Coppolella","70.000",528419.73,4565849.44,536.13
"968","C2","48.35","Calcari molto fratturati con limo sabbioso all'interno delle fratture.","2b","1","Coppolella","70.000",528419.73,4565849.44,536.13
"969","C2","48.4","Calcari molto fratturati con limo sabbioso all'interno delle fratture.","2b","1","Coppolella","70.000",528419.73,4565849.44,536.13
"970","C2","48.45","Calcari molto fratturati con limo sabbioso all'interno delle fratture.","2b","1","Coppolella","70.000",528419.73,4565849.44,536.13
"971","C2","48.5","Calcari molto fratturati con limo sabbioso all'interno delle fratture.","2b","1","Coppolella","70.000",528419.73,4565849.44,536.13
"972","C2","48.55","Calcari molto fratturati con limo sabbioso all'interno delle fratture.","2b","1","Coppolella","70.000",528419.73,4565849.44,536.13
"973","C2","48.6","Calcari molto fratturati con limo sabbioso all'interno delle fratture.","2b","1","Coppolella","70.000",528419.73,4565849.44,536.13
"974","C2","48.65","Calcari molto fratturati con limo sabbioso all'interno delle fratture.","2b","1","Coppolella","70.000",528419.73,4565849.44,536.13
"975","C2","48.7","Calcari molto fratturati con limo sabbioso all'interno delle fratture.","2b","1","Coppolella","70.000",528419.73,4565849.44,536.13
"976","C2","48.75","Calcari molto fratturati con limo sabbioso all'interno delle fratture.","2b","1","Coppolella","70.000",528419.73,4565849.44,536.13
"977","C2","48.8","Calcari molto fratturati con limo sabbioso all'interno delle fratture.","2b","1","Coppolella","70.000",528419.73,4565849.44,536.13
"978","C2","48.85","Calcari molto fratturati con limo sabbioso all'interno delle fratture.","2b","1","Coppolella","70.000",528419.73,4565849.44,536.13
"979","C2","48.9","Calcari molto fratturati con limo sabbioso all'interno delle fratture.","2b","1","Coppolella","70.000",528419.73,4565849.44,536.13
"980","C2","48.95","Calcari molto fratturati con limo sabbioso all'interno delle fratture.","2b","1","Coppolella","70.000",528419.73,4565849.44,536.13
"981","C2","49","Calcari molto fratturati con limo sabbioso all'interno delle fratture.","2b","1","Coppolella","70.000",528419.73,4565849.44,536.13
"982","C2","49.05","Calcari molto fratturati con limo sabbioso all'interno delle fratture.","2b","1","Coppolella","70.000",528419.73,4565849.44,536.13
"983","C2","49.1","Calcari molto fratturati con limo sabbioso all'interno delle fratture.","2b","1","Coppolella","70.000",528419.73,4565849.44,536.13
"984","C2","49.15","Calcari molto fratturati con limo sabbioso all'interno delle fratture.","2b","1","Coppolella","70.000",528419.73,4565849.44,536.13
"985","C2","49.2","Calcari molto fratturati con limo sabbioso all'interno delle fratture.","2b","1","Coppolella","70.000",528419.73,4565849.44,536.13
"986","C2","49.25","Calcari molto fratturati con limo sabbioso all'interno delle fratture.","2b","1","Coppolella","70.000",528419.73,4565849.44,536.13
"987","C2","49.3","Calcari molto fratturati con limo sabbioso all'interno delle fratture.","2b","1","Coppolella","70.000",528419.73,4565849.44,536.13
"988","C2","49.35","Calcari molto fratturati con limo sabbioso all'interno delle fratture.","2b","1","Coppolella","70.000",528419.73,4565849.44,536.13
"989","C2","49.4","Calcari molto fratturati con limo sabbioso all'interno delle fratture.","2b","1","Coppolella","70.000",528419.73,4565849.44,536.13
"990","C2","49.45","Calcari molto fratturati con limo sabbioso all'interno delle fratture.","2b","1","Coppolella","70.000",528419.73,4565849.44,536.13
"991","C2","49.5","Calcari molto fratturati con limo sabbioso all'interno delle fratture.","2b","1","Coppolella","70.000",528419.73,4565849.44,536.13
"992","C2","49.55","Argilla limosa poco consistente contenente frequenti clasti calcarei di dimensioni 1-5 cm. Materiale debolmente umido.","2a","1","Coppolella","70.000",528419.73,4565849.44,536.13
"993","C2","49.6","Argilla limosa poco consistente contenente frequenti clasti calcarei di dimensioni 1-5 cm. Materiale debolmente umido.","2a","1","Coppolella","70.000",528419.73,4565849.44,536.13
"994","C2","49.65","Argilla limosa poco consistente contenente frequenti clasti calcarei di dimensioni 1-5 cm. Materiale debolmente umido.","2a","1","Coppolella","70.000",528419.73,4565849.44,536.13
"995","C2","49.7","Argilla limosa poco consistente contenente frequenti clasti calcarei di dimensioni 1-5 cm. Materiale debolmente umido.","2a","1","Coppolella","70.000",528419.73,4565849.44,536.13
"996","C2","49.75","Argilla limosa poco consistente contenente frequenti clasti calcarei di dimensioni 1-5 cm. Materiale debolmente umido.","2a","1","Coppolella","70.000",528419.73,4565849.44,536.13
"997","C2","49.8","Argilla limosa poco consistente contenente frequenti clasti calcarei di dimensioni 1-5 cm. Materiale debolmente umido.","2a","1","Coppolella","70.000",528419.73,4565849.44,536.13
"998","C2","49.85","Argilla limosa poco consistente contenente frequenti clasti calcarei di dimensioni 1-5 cm. Materiale debolmente umido.","2a","1","Coppolella","70.000",528419.73,4565849.44,536.13
"999","C2","49.9","Argilla limosa poco consistente contenente frequenti clasti calcarei di dimensioni 1-5 cm. Materiale debolmente umido.","2a","1","Coppolella","70.000",528419.73,4565849.44,536.13
"1000","C2","49.95","Argilla limosa poco consistente contenente frequenti clasti calcarei di dimensioni 1-5 cm. Materiale debolmente umido.","2a","1","Coppolella","70.000",528419.73,4565849.44,536.13
"1001","C2","50","Argilla limosa poco consistente contenente frequenti clasti calcarei di dimensioni 1-5 cm. Materiale debolmente umido.","2a","1","Coppolella","70.000",528419.73,4565849.44,536.13
"1002","C2","50.05","Argilla limosa poco consistente contenente frequenti clasti calcarei di dimensioni 1-5 cm. Materiale debolmente umido.","2a","1","Coppolella","70.000",528419.73,4565849.44,536.13
"1003","C2","50.1","Argilla limosa poco consistente contenente frequenti clasti calcarei di dimensioni 1-5 cm. Materiale debolmente umido.","2a","1","Coppolella","70.000",528419.73,4565849.44,536.13
"1004","C2","50.15","Argilla limosa poco consistente contenente frequenti clasti calcarei di dimensioni 1-5 cm. Materiale debolmente umido.","2a","1","Coppolella","70.000",528419.73,4565849.44,536.13
"1005","C2","50.2","Argilla limosa poco consistente contenente frequenti clasti calcarei di dimensioni 1-5 cm. Materiale debolmente umido.","2a","1","Coppolella","70.000",528419.73,4565849.44,536.13
"1006","C2","50.25","Argilla limosa poco consistente contenente frequenti clasti calcarei di dimensioni 1-5 cm. Materiale debolmente umido.","2a","1","Coppolella","70.000",528419.73,4565849.44,536.13
"1007","C2","50.3","Argilla limosa poco consistente contenente frequenti clasti calcarei di dimensioni 1-5 cm. Materiale debolmente umido.","2a","1","Coppolella","70.000",528419.73,4565849.44,536.13
"1008","C2","50.35","Argilla limosa poco consistente contenente frequenti clasti calcarei di dimensioni 1-5 cm. Materiale debolmente umido.","2a","1","Coppolella","70.000",528419.73,4565849.44,536.13
"1009","C2","50.4","Argilla limosa poco consistente contenente frequenti clasti calcarei di dimensioni 1-5 cm. Materiale debolmente umido.","2a","1","Coppolella","70.000",528419.73,4565849.44,536.13
"1010","C2","50.45","Argilla limosa poco consistente contenente frequenti clasti calcarei di dimensioni 1-5 cm. Materiale debolmente umido.","2a","1","Coppolella","70.000",528419.73,4565849.44,536.13
"1011","C2","50.5","Argilla limosa poco consistente contenente frequenti clasti calcarei di dimensioni 1-5 cm. Materiale debolmente umido.","2a","1","Coppolella","70.000",528419.73,4565849.44,536.13
"1012","C2","50.55","Argilla limosa poco consistente contenente frequenti clasti calcarei di dimensioni 1-5 cm. Materiale debolmente umido.","2a","1","Coppolella","70.000",528419.73,4565849.44,536.13
"1013","C2","50.6","Argilla limosa poco consistente contenente frequenti clasti calcarei di dimensioni 1-5 cm. Materiale debolmente umido.","2a","1","Coppolella","70.000",528419.73,4565849.44,536.13
"1014","C2","50.65","Argilla limosa poco consistente contenente frequenti clasti calcarei di dimensioni 1-5 cm. Materiale debolmente umido.","2a","1","Coppolella","70.000",528419.73,4565849.44,536.13
"1015","C2","50.7","Argilla limosa poco consistente contenente frequenti clasti calcarei di dimensioni 1-5 cm. Materiale debolmente umido.","2a","1","Coppolella","70.000",528419.73,4565849.44,536.13
"1016","C2","50.75","Argilla limosa poco consistente contenente frequenti clasti calcarei di dimensioni 1-5 cm. Materiale debolmente umido.","2a","1","Coppolella","70.000",528419.73,4565849.44,536.13
"1017","C2","50.8","Argilla limosa poco consistente contenente frequenti clasti calcarei di dimensioni 1-5 cm. Materiale debolmente umido.","2a","1","Coppolella","70.000",528419.73,4565849.44,536.13
"1018","C2","50.85","Argilla limosa poco consistente contenente frequenti clasti calcarei di dimensioni 1-5 cm. Materiale debolmente umido.","2a","1","Coppolella","70.000",528419.73,4565849.44,536.13
"1019","C2","50.9","Argilla limosa poco consistente contenente frequenti clasti calcarei di dimensioni 1-5 cm. Materiale debolmente umido.","2a","1","Coppolella","70.000",528419.73,4565849.44,536.13
"1020","C2","50.95","Argilla limosa poco consistente contenente frequenti clasti calcarei di dimensioni 1-5 cm. Materiale debolmente umido.","2a","1","Coppolella","70.000",528419.73,4565849.44,536.13
"1021","C2","51","Argilla limosa poco consistente contenente frequenti clasti calcarei di dimensioni 1-5 cm. Materiale debolmente umido.","2a","1","Coppolella","70.000",528419.73,4565849.44,536.13
"1022","C2","51.05","Argilla limosa poco consistente contenente frequenti clasti calcarei di dimensioni 1-5 cm. Materiale debolmente umido.","2a","1","Coppolella","70.000",528419.73,4565849.44,536.13
"1023","C2","51.1","Argilla limosa poco consistente contenente frequenti clasti calcarei di dimensioni 1-5 cm. Materiale debolmente umido.","2a","1","Coppolella","70.000",528419.73,4565849.44,536.13
"1024","C2","51.15","Argilla limosa poco consistente contenente frequenti clasti calcarei di dimensioni 1-5 cm. Materiale debolmente umido.","2a","1","Coppolella","70.000",528419.73,4565849.44,536.13
"1025","C2","51.2","Argilla limosa poco consistente contenente frequenti clasti calcarei di dimensioni 1-5 cm. Materiale debolmente umido.","2a","1","Coppolella","70.000",528419.73,4565849.44,536.13
"1026","C2","51.25","Argilla limosa poco consistente contenente frequenti clasti calcarei di dimensioni 1-5 cm. Materiale debolmente umido.","2a","1","Coppolella","70.000",528419.73,4565849.44,536.13
"1027","C2","51.3","Argilla limosa poco consistente contenente frequenti clasti calcarei di dimensioni 1-5 cm. Materiale debolmente umido.","2a","1","Coppolella","70.000",528419.73,4565849.44,536.13
"1028","C2","51.35","Argilla limosa poco consistente contenente frequenti clasti calcarei di dimensioni 1-5 cm. Materiale debolmente umido.","2a","1","Coppolella","70.000",528419.73,4565849.44,536.13
"1029","C2","51.4","Argilla limosa poco consistente contenente frequenti clasti calcarei di dimensioni 1-5 cm. Materiale debolmente umido.","2a","1","Coppolella","70.000",528419.73,4565849.44,536.13
"1030","C2","51.45","Argilla limosa poco consistente contenente frequenti clasti calcarei di dimensioni 1-5 cm. Materiale debolmente umido.","2a","1","Coppolella","70.000",528419.73,4565849.44,536.13
"1031","C2","51.5","Argilla limosa poco consistente contenente frequenti clasti calcarei di dimensioni 1-5 cm. Materiale debolmente umido.","2a","1","Coppolella","70.000",528419.73,4565849.44,536.13
"1032","C2","51.55","Argilla limosa poco consistente contenente frequenti clasti calcarei di dimensioni 1-5 cm. Materiale debolmente umido.","2a","1","Coppolella","70.000",528419.73,4565849.44,536.13
"1033","C2","51.6","Argilla limosa poco consistente contenente frequenti clasti calcarei di dimensioni 1-5 cm. Materiale debolmente umido.","2a","1","Coppolella","70.000",528419.73,4565849.44,536.13
"1034","C2","51.65","Argilla limosa poco consistente contenente frequenti clasti calcarei di dimensioni 1-5 cm. Materiale debolmente umido.","2a","1","Coppolella","70.000",528419.73,4565849.44,536.13
"1035","C2","51.7","Argilla limosa poco consistente contenente frequenti clasti calcarei di dimensioni 1-5 cm. Materiale debolmente umido.","2a","1","Coppolella","70.000",528419.73,4565849.44,536.13
"1036","C2","51.75","Argilla limosa poco consistente contenente frequenti clasti calcarei di dimensioni 1-5 cm. Materiale debolmente umido.","2a","1","Coppolella","70.000",528419.73,4565849.44,536.13
"1037","C2","51.8","Argilla limosa poco consistente contenente frequenti clasti calcarei di dimensioni 1-5 cm. Materiale debolmente umido.","2a","1","Coppolella","70.000",528419.73,4565849.44,536.13
"1038","C2","51.85","Argilla limosa poco consistente contenente frequenti clasti calcarei di dimensioni 1-5 cm. Materiale debolmente umido.","2a","1","Coppolella","70.000",528419.73,4565849.44,536.13
"1039","C2","51.9","Argilla limosa poco consistente contenente frequenti clasti calcarei di dimensioni 1-5 cm. Materiale debolmente umido.","2a","1","Coppolella","70.000",528419.73,4565849.44,536.13
"1040","C2","51.95","Argilla limosa poco consistente contenente frequenti clasti calcarei di dimensioni 1-5 cm. Materiale debolmente umido.","2a","1","Coppolella","70.000",528419.73,4565849.44,536.13
"1041","C2","52","Argilla limosa poco consistente contenente frequenti clasti calcarei di dimensioni 1-5 cm. Materiale debolmente umido.","2a","1","Coppolella","70.000",528419.73,4565849.44,536.13
"1042","C2","52.05","Argilla limosa poco consistente contenente frequenti clasti calcarei di dimensioni 1-5 cm. Materiale debolmente umido.","2a","1","Coppolella","70.000",528419.73,4565849.44,536.13
"1043","C2","52.1","Argilla limosa poco consistente contenente frequenti clasti calcarei di dimensioni 1-5 cm. Materiale debolmente umido.","2a","1","Coppolella","70.000",528419.73,4565849.44,536.13
"1044","C2","52.15","Argilla limosa poco consistente contenente frequenti clasti calcarei di dimensioni 1-5 cm. Materiale debolmente umido.","2a","1","Coppolella","70.000",528419.73,4565849.44,536.13
"1045","C2","52.2","Argilla limosa poco consistente contenente frequenti clasti calcarei di dimensioni 1-5 cm. Materiale debolmente umido.","2a","1","Coppolella","70.000",528419.73,4565849.44,536.13
"1046","C2","52.25","Argilla limosa poco consistente contenente frequenti clasti calcarei di dimensioni 1-5 cm. Materiale debolmente umido.","2a","1","Coppolella","70.000",528419.73,4565849.44,536.13
"1047","C2","52.3","Argilla limosa poco consistente contenente frequenti clasti calcarei di dimensioni 1-5 cm. Materiale debolmente umido.","2a","1","Coppolella","70.000",528419.73,4565849.44,536.13
"1048","C2","52.35","Argilla limosa poco consistente contenente frequenti clasti calcarei di dimensioni 1-5 cm. Materiale debolmente umido.","2a","1","Coppolella","70.000",528419.73,4565849.44,536.13
"1049","C2","52.4","Argilla limosa poco consistente contenente frequenti clasti calcarei di dimensioni 1-5 cm. Materiale debolmente umido.","2a","1","Coppolella","70.000",528419.73,4565849.44,536.13
"1050","C2","52.45","Argilla limosa poco consistente contenente frequenti clasti calcarei di dimensioni 1-5 cm. Materiale debolmente umido.","2a","1","Coppolella","70.000",528419.73,4565849.44,536.13
"1051","C2","52.5","Argilla limosa poco consistente contenente frequenti clasti calcarei di dimensioni 1-5 cm. Materiale debolmente umido.","2a","1","Coppolella","70.000",528419.73,4565849.44,536.13
"1052","C2","52.55","Argilla limosa poco consistente contenente frequenti clasti calcarei di dimensioni 1-5 cm. Materiale debolmente umido.","2a","1","Coppolella","70.000",528419.73,4565849.44,536.13
"1053","C2","52.6","Argilla limosa poco consistente contenente frequenti clasti calcarei di dimensioni 1-5 cm. Materiale debolmente umido.","2a","1","Coppolella","70.000",528419.73,4565849.44,536.13
"1054","C2","52.65","Argilla limosa poco consistente contenente frequenti clasti calcarei di dimensioni 1-5 cm. Materiale debolmente umido.","2a","1","Coppolella","70.000",528419.73,4565849.44,536.13
"1055","C2","52.7","Argilla limosa poco consistente contenente frequenti clasti calcarei di dimensioni 1-5 cm. Materiale debolmente umido.","2a","1","Coppolella","70.000",528419.73,4565849.44,536.13
"1056","C2","52.75","Argilla limosa poco consistente contenente frequenti clasti calcarei di dimensioni 1-5 cm. Materiale debolmente umido.","2a","1","Coppolella","70.000",528419.73,4565849.44,536.13
"1057","C2","52.8","Argilla limosa poco consistente contenente frequenti clasti calcarei di dimensioni 1-5 cm. Materiale debolmente umido.","2a","1","Coppolella","70.000",528419.73,4565849.44,536.13
"1058","C2","52.85","Argilla limosa poco consistente contenente frequenti clasti calcarei di dimensioni 1-5 cm. Materiale debolmente umido.","2a","1","Coppolella","70.000",528419.73,4565849.44,536.13
"1059","C2","52.9","Argilla limosa poco consistente contenente frequenti clasti calcarei di dimensioni 1-5 cm. Materiale debolmente umido.","2a","1","Coppolella","70.000",528419.73,4565849.44,536.13
"1060","C2","52.95","Argilla limosa poco consistente contenente frequenti clasti calcarei di dimensioni 1-5 cm. Materiale debolmente umido.","2a","1","Coppolella","70.000",528419.73,4565849.44,536.13
"1061","C2","53","Argilla limosa poco consistente contenente frequenti clasti calcarei di dimensioni 1-5 cm. Materiale debolmente umido.","2a","1","Coppolella","70.000",528419.73,4565849.44,536.13
"1062","C2","53.05","Argilla limosa poco consistente contenente frequenti clasti calcarei di dimensioni 1-5 cm. Materiale debolmente umido.","2a","1","Coppolella","70.000",528419.73,4565849.44,536.13
"1063","C2","53.1","Argilla limosa poco consistente contenente frequenti clasti calcarei di dimensioni 1-5 cm. Materiale debolmente umido.","2a","1","Coppolella","70.000",528419.73,4565849.44,536.13
"1064","C2","53.15","Argilla limosa poco consistente contenente frequenti clasti calcarei di dimensioni 1-5 cm. Materiale debolmente umido.","2a","1","Coppolella","70.000",528419.73,4565849.44,536.13
"1065","C2","53.2","Argilla limosa poco consistente contenente frequenti clasti calcarei di dimensioni 1-5 cm. Materiale debolmente umido.","2a","1","Coppolella","70.000",528419.73,4565849.44,536.13
"1066","C2","53.25","Argilla limosa poco consistente contenente frequenti clasti calcarei di dimensioni 1-5 cm. Materiale debolmente umido.","2a","1","Coppolella","70.000",528419.73,4565849.44,536.13
"1067","C2","53.3","Argilla limosa poco consistente contenente frequenti clasti calcarei di dimensioni 1-5 cm. Materiale debolmente umido.","2a","1","Coppolella","70.000",528419.73,4565849.44,536.13
"1068","C2","53.35","Argilla limosa poco consistente contenente frequenti clasti calcarei di dimensioni 1-5 cm. Materiale debolmente umido.","2a","1","Coppolella","70.000",528419.73,4565849.44,536.13
"1069","C2","53.4","Argilla limosa poco consistente contenente frequenti clasti calcarei di dimensioni 1-5 cm. Materiale debolmente umido.","2a","1","Coppolella","70.000",528419.73,4565849.44,536.13
"1070","C2","53.45","Argilla limosa poco consistente contenente frequenti clasti calcarei di dimensioni 1-5 cm. Materiale debolmente umido.","2a","1","Coppolella","70.000",528419.73,4565849.44,536.13
"1071","C2","53.5","Argilla limosa poco consistente contenente frequenti clasti calcarei di dimensioni 1-5 cm. Materiale debolmente umido.","2a","1","Coppolella","70.000",528419.73,4565849.44,536.13
"1072","C2","53.55","Calcare molto fratturati con limo sabbioso all'interno delle fratture.","2a","1","Coppolella","70.000",528419.73,4565849.44,536.13
"1073","C2","53.6","Calcare molto fratturati con limo sabbioso all'interno delle fratture.","2a","1","Coppolella","70.000",528419.73,4565849.44,536.13
"1074","C2","53.65","Calcare molto fratturati con limo sabbioso all'interno delle fratture.","2a","1","Coppolella","70.000",528419.73,4565849.44,536.13
"1075","C2","53.7","Calcare molto fratturati con limo sabbioso all'interno delle fratture.","2a","1","Coppolella","70.000",528419.73,4565849.44,536.13
"1076","C2","53.75","Calcare molto fratturati con limo sabbioso all'interno delle fratture.","2a","1","Coppolella","70.000",528419.73,4565849.44,536.13
"1077","C2","53.8","Calcare molto fratturati con limo sabbioso all'interno delle fratture.","2a","1","Coppolella","70.000",528419.73,4565849.44,536.13
"1078","C2","53.85","Calcare molto fratturati con limo sabbioso all'interno delle fratture.","2a","1","Coppolella","70.000",528419.73,4565849.44,536.13
"1079","C2","53.9","Calcare molto fratturati con limo sabbioso all'interno delle fratture.","2a","1","Coppolella","70.000",528419.73,4565849.44,536.13
"1080","C2","53.95","Argilla limoso-sabbiosa molto consistente con piccoli livelli poco consistenti. Materiale debolmente umido.","2a","1","Coppolella","70.000",528419.73,4565849.44,536.13
"1081","C2","54","Argilla limoso-sabbiosa molto consistente con piccoli livelli poco consistenti. Materiale debolmente umido.","2a","1","Coppolella","70.000",528419.73,4565849.44,536.13
"1082","C2","54.05","Argilla limoso-sabbiosa molto consistente con piccoli livelli poco consistenti. Materiale debolmente umido.","2a","1","Coppolella","70.000",528419.73,4565849.44,536.13
"1083","C2","54.1","Argilla limoso-sabbiosa molto consistente con piccoli livelli poco consistenti. Materiale debolmente umido.","2a","1","Coppolella","70.000",528419.73,4565849.44,536.13
"1084","C2","54.15","Argilla limoso-sabbiosa molto consistente con piccoli livelli poco consistenti. Materiale debolmente umido.","2a","1","Coppolella","70.000",528419.73,4565849.44,536.13
"1085","C2","54.2","Argilla limoso-sabbiosa molto consistente con piccoli livelli poco consistenti. Materiale debolmente umido.","2a","1","Coppolella","70.000",528419.73,4565849.44,536.13
"1086","C2","54.25","Argilla limoso-sabbiosa molto consistente con piccoli livelli poco consistenti. Materiale debolmente umido.","2a","1","Coppolella","70.000",528419.73,4565849.44,536.13
"1087","C2","54.3","Argilla limoso-sabbiosa molto consistente con piccoli livelli poco consistenti. Materiale debolmente umido.","2a","1","Coppolella","70.000",528419.73,4565849.44,536.13
"1088","C2","54.35","Argilla limoso-sabbiosa molto consistente con piccoli livelli poco consistenti. Materiale debolmente umido.","2a","1","Coppolella","70.000",528419.73,4565849.44,536.13
"1089","C2","54.4","Argilla limoso-sabbiosa molto consistente con piccoli livelli poco consistenti. Materiale debolmente umido.","2a","1","Coppolella","70.000",528419.73,4565849.44,536.13
"1090","C2","54.45","Argilla limoso-sabbiosa molto consistente con piccoli livelli poco consistenti. Materiale debolmente umido.","2a","1","Coppolella","70.000",528419.73,4565849.44,536.13
"1091","C2","54.5","Argilla limoso-sabbiosa molto consistente con piccoli livelli poco consistenti. Materiale debolmente umido.","2a","1","Coppolella","70.000",528419.73,4565849.44,536.13
"1092","C2","54.55","Argilla limoso-sabbiosa molto consistente con piccoli livelli poco consistenti. Materiale debolmente umido.","2a","1","Coppolella","70.000",528419.73,4565849.44,536.13
"1093","C2","54.6","Argilla limoso-sabbiosa molto consistente con piccoli livelli poco consistenti. Materiale debolmente umido.","2a","1","Coppolella","70.000",528419.73,4565849.44,536.13
"1094","C2","54.65","Argilla limoso-sabbiosa molto consistente con piccoli livelli poco consistenti. Materiale debolmente umido.","2a","1","Coppolella","70.000",528419.73,4565849.44,536.13
"1095","C2","54.7","Argilla limoso-sabbiosa molto consistente con piccoli livelli poco consistenti. Materiale debolmente umido.","2a","1","Coppolella","70.000",528419.73,4565849.44,536.13
"1096","C2","54.75","Argilla limoso-sabbiosa molto consistente con piccoli livelli poco consistenti. Materiale debolmente umido.","2a","1","Coppolella","70.000",528419.73,4565849.44,536.13
"1097","C2","54.8","Argilla limoso-sabbiosa molto consistente con piccoli livelli poco consistenti. Materiale debolmente umido.","2a","1","Coppolella","70.000",528419.73,4565849.44,536.13
"1098","C2","54.85","Argilla limoso-sabbiosa molto consistente con piccoli livelli poco consistenti. Materiale debolmente umido.","2a","1","Coppolella","70.000",528419.73,4565849.44,536.13
"1099","C2","54.9","Argilla limoso-sabbiosa molto consistente con piccoli livelli poco consistenti. Materiale debolmente umido.","2a","1","Coppolella","70.000",528419.73,4565849.44,536.13
"1100","C2","54.95","Argilla limoso-sabbiosa molto consistente con piccoli livelli poco consistenti. Materiale debolmente umido.","2a","1","Coppolella","70.000",528419.73,4565849.44,536.13
"1101","C2","55","Argilla limoso-sabbiosa molto consistente con piccoli livelli poco consistenti. Materiale debolmente umido.","2a","1","Coppolella","70.000",528419.73,4565849.44,536.13
"1102","C2","55.05","Argilla limoso-sabbiosa molto consistente con piccoli livelli poco consistenti. Materiale debolmente umido.","2a","1","Coppolella","70.000",528419.73,4565849.44,536.13
"1103","C2","55.1","Argilla limoso-sabbiosa molto consistente con piccoli livelli poco consistenti. Materiale debolmente umido.","2a","1","Coppolella","70.000",528419.73,4565849.44,536.13
"1104","C2","55.15","Argilla limoso-sabbiosa molto consistente con piccoli livelli poco consistenti. Materiale debolmente umido.","2a","1","Coppolella","70.000",528419.73,4565849.44,536.13
"1105","C2","55.2","Argilla limoso-sabbiosa molto consistente con piccoli livelli poco consistenti. Materiale debolmente umido.","2a","1","Coppolella","70.000",528419.73,4565849.44,536.13
"1106","C2","55.25","Argilla limoso-sabbiosa molto consistente con piccoli livelli poco consistenti. Materiale debolmente umido.","2a","1","Coppolella","70.000",528419.73,4565849.44,536.13
"1107","C2","55.3","Argilla limoso-sabbiosa molto consistente con piccoli livelli poco consistenti. Materiale debolmente umido.","2a","1","Coppolella","70.000",528419.73,4565849.44,536.13
"1108","C2","55.35","Argilla limoso-sabbiosa molto consistente con piccoli livelli poco consistenti. Materiale debolmente umido.","2a","1","Coppolella","70.000",528419.73,4565849.44,536.13
"1109","C2","55.4","Argilla limoso-sabbiosa molto consistente con piccoli livelli poco consistenti. Materiale debolmente umido.","2a","1","Coppolella","70.000",528419.73,4565849.44,536.13
"1110","C2","55.45","Argilla limoso-sabbiosa molto consistente con piccoli livelli poco consistenti. Materiale debolmente umido.","2a","1","Coppolella","70.000",528419.73,4565849.44,536.13
"1111","C2","55.5","Argilla limoso-sabbiosa molto consistente con piccoli livelli poco consistenti. Materiale debolmente umido.","2a","1","Coppolella","70.000",528419.73,4565849.44,536.13
"1112","C2","55.55","Argilla limoso-sabbiosa molto consistente con piccoli livelli poco consistenti. Materiale debolmente umido.","2a","1","Coppolella","70.000",528419.73,4565849.44,536.13
"1113","C2","55.6","Argilla limoso-sabbiosa molto consistente con piccoli livelli poco consistenti. Materiale debolmente umido.","2a","1","Coppolella","70.000",528419.73,4565849.44,536.13
"1114","C2","55.65","Argilla limoso-sabbiosa molto consistente con piccoli livelli poco consistenti. Materiale debolmente umido.","2a","1","Coppolella","70.000",528419.73,4565849.44,536.13
"1115","C2","55.7","Argilla limoso-sabbiosa molto consistente con piccoli livelli poco consistenti. Materiale debolmente umido.","2a","1","Coppolella","70.000",528419.73,4565849.44,536.13
"1116","C2","55.75","Argilla limoso-sabbiosa molto consistente con piccoli livelli poco consistenti. Materiale debolmente umido.","2a","1","Coppolella","70.000",528419.73,4565849.44,536.13
"1117","C2","55.8","Argilla limoso-sabbiosa molto consistente con piccoli livelli poco consistenti. Materiale debolmente umido.","2a","1","Coppolella","70.000",528419.73,4565849.44,536.13
"1118","C2","55.85","Argilla limoso-sabbiosa molto consistente con piccoli livelli poco consistenti. Materiale debolmente umido.","2a","1","Coppolella","70.000",528419.73,4565849.44,536.13
"1119","C2","55.9","Argilla limoso-sabbiosa molto consistente con piccoli livelli poco consistenti. Materiale debolmente umido.","2a","1","Coppolella","70.000",528419.73,4565849.44,536.13
"1120","C2","55.95","Argilla limoso-sabbiosa molto consistente con piccoli livelli poco consistenti. Materiale debolmente umido.","2a","1","Coppolella","70.000",528419.73,4565849.44,536.13
"1121","C2","56","Argilla limoso-sabbiosa molto consistente con piccoli livelli poco consistenti. Materiale debolmente umido.","2a","1","Coppolella","70.000",528419.73,4565849.44,536.13
"1122","C2","56.05","Argilla limoso-sabbiosa molto consistente con piccoli livelli poco consistenti. Materiale debolmente umido.","2a","1","Coppolella","70.000",528419.73,4565849.44,536.13
"1123","C2","56.1","Argilla limoso-sabbiosa molto consistente con piccoli livelli poco consistenti. Materiale debolmente umido.","2a","1","Coppolella","70.000",528419.73,4565849.44,536.13
"1124","C2","56.15","Argilla limoso-sabbiosa molto consistente con piccoli livelli poco consistenti. Materiale debolmente umido.","2a","1","Coppolella","70.000",528419.73,4565849.44,536.13
"1125","C2","56.2","Argilla limoso-sabbiosa molto consistente con piccoli livelli poco consistenti. Materiale debolmente umido.","2a","1","Coppolella","70.000",528419.73,4565849.44,536.13
"1126","C2","56.25","Argilla limoso-sabbiosa molto consistente con piccoli livelli poco consistenti. Materiale debolmente umido.","2a","1","Coppolella","70.000",528419.73,4565849.44,536.13
"1127","C2","56.3","Argilla limoso-sabbiosa molto consistente con piccoli livelli poco consistenti. Materiale debolmente umido.","2a","1","Coppolella","70.000",528419.73,4565849.44,536.13
"1128","C2","56.35","Argilla limoso-sabbiosa molto consistente con piccoli livelli poco consistenti. Materiale debolmente umido.","2a","1","Coppolella","70.000",528419.73,4565849.44,536.13
"1129","C2","56.4","Argilla limoso-sabbiosa molto consistente con piccoli livelli poco consistenti. Materiale debolmente umido.","2a","1","Coppolella","70.000",528419.73,4565849.44,536.13
"1130","C2","56.45","Argilla limoso-sabbiosa molto consistente con piccoli livelli poco consistenti. Materiale debolmente umido.","2a","1","Coppolella","70.000",528419.73,4565849.44,536.13
"1131","C2","56.5","Argilla limoso-sabbiosa molto consistente con piccoli livelli poco consistenti. Materiale debolmente umido.","2a","1","Coppolella","70.000",528419.73,4565849.44,536.13
"1132","C2","56.55","Calcare molto fratturato con argilla all'interno delle fratture.","2a","1","Coppolella","70.000",528419.73,4565849.44,536.13
"1133","C2","56.6","Calcare molto fratturato con argilla all'interno delle fratture.","2a","1","Coppolella","70.000",528419.73,4565849.44,536.13
"1134","C2","56.65","Calcare molto fratturato con argilla all'interno delle fratture.","2a","1","Coppolella","70.000",528419.73,4565849.44,536.13
"1135","C2","56.7","Calcare molto fratturato con argilla all'interno delle fratture.","2a","1","Coppolella","70.000",528419.73,4565849.44,536.13
"1136","C2","56.75","Calcare molto fratturato con argilla all'interno delle fratture.","2a","1","Coppolella","70.000",528419.73,4565849.44,536.13
"1137","C2","56.8","Calcare molto fratturato con argilla all'interno delle fratture.","2a","1","Coppolella","70.000",528419.73,4565849.44,536.13
"1138","C2","56.85","Calcare molto fratturato con argilla all'interno delle fratture.","2a","1","Coppolella","70.000",528419.73,4565849.44,536.13
"1139","C2","56.9","Calcare molto fratturato con argilla all'interno delle fratture.","2a","1","Coppolella","70.000",528419.73,4565849.44,536.13
"1140","C2","56.95","Calcare molto fratturato con argilla all'interno delle fratture.","2a","1","Coppolella","70.000",528419.73,4565849.44,536.13
"1141","C2","57","Calcare molto fratturato con argilla all'interno delle fratture.","2a","1","Coppolella","70.000",528419.73,4565849.44,536.13
"1142","C2","57.05","Argilla sabbiosa da mediamente a molto consistente.Presenti all'interno rari clasti calcarei di dimansioni da 0.1 a 1 cm. Materiale debolmente umido.","2a","1","Coppolella","70.000",528419.73,4565849.44,536.13
"1143","C2","57.1","Argilla sabbiosa da mediamente a molto consistente.Presenti all'interno rari clasti calcarei di dimansioni da 0.1 a 1 cm. Materiale debolmente umido.","2a","1","Coppolella","70.000",528419.73,4565849.44,536.13
"1144","C2","57.15","Argilla sabbiosa da mediamente a molto consistente.Presenti all'interno rari clasti calcarei di dimansioni da 0.1 a 1 cm. Materiale debolmente umido.","2a","1","Coppolella","70.000",528419.73,4565849.44,536.13
"1145","C2","57.2","Argilla sabbiosa da mediamente a molto consistente.Presenti all'interno rari clasti calcarei di dimansioni da 0.1 a 1 cm. Materiale debolmente umido.","2a","1","Coppolella","70.000",528419.73,4565849.44,536.13
"1146","C2","57.25","Argilla sabbiosa da mediamente a molto consistente.Presenti all'interno rari clasti calcarei di dimansioni da 0.1 a 1 cm. Materiale debolmente umido.","2a","1","Coppolella","70.000",528419.73,4565849.44,536.13
"1147","C2","57.3","Argilla sabbiosa da mediamente a molto consistente.Presenti all'interno rari clasti calcarei di dimansioni da 0.1 a 1 cm. Materiale debolmente umido.","2a","1","Coppolella","70.000",528419.73,4565849.44,536.13
"1148","C2","57.35","Argilla sabbiosa da mediamente a molto consistente.Presenti all'interno rari clasti calcarei di dimansioni da 0.1 a 1 cm. Materiale debolmente umido.","2a","1","Coppolella","70.000",528419.73,4565849.44,536.13
"1149","C2","57.4","Argilla sabbiosa da mediamente a molto consistente.Presenti all'interno rari clasti calcarei di dimansioni da 0.1 a 1 cm. Materiale debolmente umido.","2a","1","Coppolella","70.000",528419.73,4565849.44,536.13
"1150","C2","57.45","Argilla sabbiosa da mediamente a molto consistente.Presenti all'interno rari clasti calcarei di dimansioni da 0.1 a 1 cm. Materiale debolmente umido.","2a","1","Coppolella","70.000",528419.73,4565849.44,536.13
"1151","C2","57.5","Argilla sabbiosa da mediamente a molto consistente.Presenti all'interno rari clasti calcarei di dimansioni da 0.1 a 1 cm. Materiale debolmente umido.","2a","1","Coppolella","70.000",528419.73,4565849.44,536.13
"1152","C2","57.55","Argilla sabbiosa da mediamente a molto consistente.Presenti all'interno rari clasti calcarei di dimansioni da 0.1 a 1 cm. Materiale debolmente umido.","2a","1","Coppolella","70.000",528419.73,4565849.44,536.13
"1153","C2","57.6","Argilla sabbiosa da mediamente a molto consistente.Presenti all'interno rari clasti calcarei di dimansioni da 0.1 a 1 cm. Materiale debolmente umido.","2a","1","Coppolella","70.000",528419.73,4565849.44,536.13
"1154","C2","57.65","Argilla sabbiosa da mediamente a molto consistente.Presenti all'interno rari clasti calcarei di dimansioni da 0.1 a 1 cm. Materiale debolmente umido.","2a","1","Coppolella","70.000",528419.73,4565849.44,536.13
"1155","C2","57.7","Argilla sabbiosa da mediamente a molto consistente.Presenti all'interno rari clasti calcarei di dimansioni da 0.1 a 1 cm. Materiale debolmente umido.","2a","1","Coppolella","70.000",528419.73,4565849.44,536.13
"1156","C2","57.75","Argilla sabbiosa da mediamente a molto consistente.Presenti all'interno rari clasti calcarei di dimansioni da 0.1 a 1 cm. Materiale debolmente umido.","2a","1","Coppolella","70.000",528419.73,4565849.44,536.13
"1157","C2","57.8","Argilla sabbiosa da mediamente a molto consistente.Presenti all'interno rari clasti calcarei di dimansioni da 0.1 a 1 cm. Materiale debolmente umido.","2a","1","Coppolella","70.000",528419.73,4565849.44,536.13
"1158","C2","57.85","Argilla sabbiosa da mediamente a molto consistente.Presenti all'interno rari clasti calcarei di dimansioni da 0.1 a 1 cm. Materiale debolmente umido.","2a","1","Coppolella","70.000",528419.73,4565849.44,536.13
"1159","C2","57.9","Argilla sabbiosa da mediamente a molto consistente.Presenti all'interno rari clasti calcarei di dimansioni da 0.1 a 1 cm. Materiale debolmente umido.","2a","1","Coppolella","70.000",528419.73,4565849.44,536.13
"1160","C2","57.95","Argilla sabbiosa da mediamente a molto consistente.Presenti all'interno rari clasti calcarei di dimansioni da 0.1 a 1 cm. Materiale debolmente umido.","2a","1","Coppolella","70.000",528419.73,4565849.44,536.13
"1161","C2","58","Argilla sabbiosa da mediamente a molto consistente.Presenti all'interno rari clasti calcarei di dimansioni da 0.1 a 1 cm. Materiale debolmente umido.","2a","1","Coppolella","70.000",528419.73,4565849.44,536.13
"1162","C2","58.05","Argilla sabbiosa da mediamente a molto consistente.Presenti all'interno rari clasti calcarei di dimansioni da 0.1 a 1 cm. Materiale debolmente umido.","2a","1","Coppolella","70.000",528419.73,4565849.44,536.13
"1163","C2","58.1","Argilla sabbiosa da mediamente a molto consistente.Presenti all'interno rari clasti calcarei di dimansioni da 0.1 a 1 cm. Materiale debolmente umido.","2a","1","Coppolella","70.000",528419.73,4565849.44,536.13
"1164","C2","58.15","Argilla sabbiosa da mediamente a molto consistente.Presenti all'interno rari clasti calcarei di dimansioni da 0.1 a 1 cm. Materiale debolmente umido.","2a","1","Coppolella","70.000",528419.73,4565849.44,536.13
"1165","C2","58.2","Argilla sabbiosa da mediamente a molto consistente.Presenti all'interno rari clasti calcarei di dimansioni da 0.1 a 1 cm. Materiale debolmente umido.","2a","1","Coppolella","70.000",528419.73,4565849.44,536.13
"1166","C2","58.25","Argilla sabbiosa da mediamente a molto consistente.Presenti all'interno rari clasti calcarei di dimansioni da 0.1 a 1 cm. Materiale debolmente umido.","2a","1","Coppolella","70.000",528419.73,4565849.44,536.13
"1167","C2","58.3","Argilla sabbiosa da mediamente a molto consistente.Presenti all'interno rari clasti calcarei di dimansioni da 0.1 a 1 cm. Materiale debolmente umido.","2a","1","Coppolella","70.000",528419.73,4565849.44,536.13
"1168","C2","58.35","Argilla sabbiosa da mediamente a molto consistente.Presenti all'interno rari clasti calcarei di dimansioni da 0.1 a 1 cm. Materiale debolmente umido.","2a","1","Coppolella","70.000",528419.73,4565849.44,536.13
"1169","C2","58.4","Argilla sabbiosa da mediamente a molto consistente.Presenti all'interno rari clasti calcarei di dimansioni da 0.1 a 1 cm. Materiale debolmente umido.","2a","1","Coppolella","70.000",528419.73,4565849.44,536.13
"1170","C2","58.45","Argilla sabbiosa da mediamente a molto consistente.Presenti all'interno rari clasti calcarei di dimansioni da 0.1 a 1 cm. Materiale debolmente umido.","2a","1","Coppolella","70.000",528419.73,4565849.44,536.13
"1171","C2","58.5","Argilla sabbiosa da mediamente a molto consistente.Presenti all'interno rari clasti calcarei di dimansioni da 0.1 a 1 cm. Materiale debolmente umido.","2a","1","Coppolella","70.000",528419.73,4565849.44,536.13
"1172","C2","58.55","Argilla sabbiosa da mediamente a molto consistente.Presenti all'interno rari clasti calcarei di dimansioni da 0.1 a 1 cm. Materiale debolmente umido.","2a","1","Coppolella","70.000",528419.73,4565849.44,536.13
"1173","C2","58.6","Argilla sabbiosa da mediamente a molto consistente.Presenti all'interno rari clasti calcarei di dimansioni da 0.1 a 1 cm. Materiale debolmente umido.","2a","1","Coppolella","70.000",528419.73,4565849.44,536.13
"1174","C2","58.65","Argilla sabbiosa da mediamente a molto consistente.Presenti all'interno rari clasti calcarei di dimansioni da 0.1 a 1 cm. Materiale debolmente umido.","2a","1","Coppolella","70.000",528419.73,4565849.44,536.13
"1175","C2","58.7","Argilla sabbiosa da mediamente a molto consistente.Presenti all'interno rari clasti calcarei di dimansioni da 0.1 a 1 cm. Materiale debolmente umido.","2a","1","Coppolella","70.000",528419.73,4565849.44,536.13
"1176","C2","58.75","Argilla sabbiosa da mediamente a molto consistente.Presenti all'interno rari clasti calcarei di dimansioni da 0.1 a 1 cm. Materiale debolmente umido.","2a","1","Coppolella","70.000",528419.73,4565849.44,536.13
"1177","C2","58.8","Argilla sabbiosa da mediamente a molto consistente.Presenti all'interno rari clasti calcarei di dimansioni da 0.1 a 1 cm. Materiale debolmente umido.","2a","1","Coppolella","70.000",528419.73,4565849.44,536.13
"1178","C2","58.85","Argilla sabbiosa da mediamente a molto consistente.Presenti all'interno rari clasti calcarei di dimansioni da 0.1 a 1 cm. Materiale debolmente umido.","2a","1","Coppolella","70.000",528419.73,4565849.44,536.13
"1179","C2","58.9","Argilla sabbiosa da mediamente a molto consistente.Presenti all'interno rari clasti calcarei di dimansioni da 0.1 a 1 cm. Materiale debolmente umido.","2a","1","Coppolella","70.000",528419.73,4565849.44,536.13
"1180","C2","58.95","Argilla sabbiosa da mediamente a molto consistente.Presenti all'interno rari clasti calcarei di dimansioni da 0.1 a 1 cm. Materiale debolmente umido.","2a","1","Coppolella","70.000",528419.73,4565849.44,536.13
"1181","C2","59","Argilla sabbiosa da mediamente a molto consistente.Presenti all'interno rari clasti calcarei di dimansioni da 0.1 a 1 cm. Materiale debolmente umido.","2a","1","Coppolella","70.000",528419.73,4565849.44,536.13
"1182","C2","59.05","Argilla sabbiosa da mediamente a molto consistente.Presenti all'interno rari clasti calcarei di dimansioni da 0.1 a 1 cm. Materiale debolmente umido.","2a","1","Coppolella","70.000",528419.73,4565849.44,536.13
"1183","C2","59.1","Argilla sabbiosa da mediamente a molto consistente.Presenti all'interno rari clasti calcarei di dimansioni da 0.1 a 1 cm. Materiale debolmente umido.","2a","1","Coppolella","70.000",528419.73,4565849.44,536.13
"1184","C2","59.15","Argilla sabbiosa da mediamente a molto consistente.Presenti all'interno rari clasti calcarei di dimansioni da 0.1 a 1 cm. Materiale debolmente umido.","2a","1","Coppolella","70.000",528419.73,4565849.44,536.13
"1185","C2","59.2","Argilla sabbiosa da mediamente a molto consistente.Presenti all'interno rari clasti calcarei di dimansioni da 0.1 a 1 cm. Materiale debolmente umido.","2a","1","Coppolella","70.000",528419.73,4565849.44,536.13
"1186","C2","59.25","Argilla sabbiosa da mediamente a molto consistente.Presenti all'interno rari clasti calcarei di dimansioni da 0.1 a 1 cm. Materiale debolmente umido.","2a","1","Coppolella","70.000",528419.73,4565849.44,536.13
"1187","C2","59.3","Argilla sabbiosa da mediamente a molto consistente.Presenti all'interno rari clasti calcarei di dimansioni da 0.1 a 1 cm. Materiale debolmente umido.","2a","1","Coppolella","70.000",528419.73,4565849.44,536.13
"1188","C2","59.35","Argilla sabbiosa da mediamente a molto consistente.Presenti all'interno rari clasti calcarei di dimansioni da 0.1 a 1 cm. Materiale debolmente umido.","2a","1","Coppolella","70.000",528419.73,4565849.44,536.13
"1189","C2","59.4","Argilla sabbiosa da mediamente a molto consistente.Presenti all'interno rari clasti calcarei di dimansioni da 0.1 a 1 cm. Materiale debolmente umido.","2a","1","Coppolella","70.000",528419.73,4565849.44,536.13
"1190","C2","59.45","Argilla sabbiosa da mediamente a molto consistente.Presenti all'interno rari clasti calcarei di dimansioni da 0.1 a 1 cm. Materiale debolmente umido.","2a","1","Coppolella","70.000",528419.73,4565849.44,536.13
"1191","C2","59.5","Argilla sabbiosa da mediamente a molto consistente.Presenti all'interno rari clasti calcarei di dimansioni da 0.1 a 1 cm. Materiale debolmente umido.","2a","1","Coppolella","70.000",528419.73,4565849.44,536.13
"1192","C2","59.55","Argilla sabbiosa da mediamente a molto consistente.Presenti all'interno rari clasti calcarei di dimansioni da 0.1 a 1 cm. Materiale debolmente umido.","2a","1","Coppolella","70.000",528419.73,4565849.44,536.13
"1193","C2","59.6","Argilla sabbiosa da mediamente a molto consistente.Presenti all'interno rari clasti calcarei di dimansioni da 0.1 a 1 cm. Materiale debolmente umido.","2a","1","Coppolella","70.000",528419.73,4565849.44,536.13
"1194","C2","59.65","Argilla sabbiosa da mediamente a molto consistente.Presenti all'interno rari clasti calcarei di dimansioni da 0.1 a 1 cm. Materiale debolmente umido.","2a","1","Coppolella","70.000",528419.73,4565849.44,536.13
"1195","C2","59.7","Argilla sabbiosa da mediamente a molto consistente.Presenti all'interno rari clasti calcarei di dimansioni da 0.1 a 1 cm. Materiale debolmente umido.","2a","1","Coppolella","70.000",528419.73,4565849.44,536.13
"1196","C2","59.75","Argilla sabbiosa da mediamente a molto consistente.Presenti all'interno rari clasti calcarei di dimansioni da 0.1 a 1 cm. Materiale debolmente umido.","2a","1","Coppolella","70.000",528419.73,4565849.44,536.13
"1197","C2","59.8","Argilla sabbiosa da mediamente a molto consistente.Presenti all'interno rari clasti calcarei di dimansioni da 0.1 a 1 cm. Materiale debolmente umido.","2a","1","Coppolella","70.000",528419.73,4565849.44,536.13
"1198","C2","59.85","Argilla sabbiosa da mediamente a molto consistente.Presenti all'interno rari clasti calcarei di dimansioni da 0.1 a 1 cm. Materiale debolmente umido.","2a","1","Coppolella","70.000",528419.73,4565849.44,536.13
"1199","C2","59.9","Argilla sabbiosa da mediamente a molto consistente.Presenti all'interno rari clasti calcarei di dimansioni da 0.1 a 1 cm. Materiale debolmente umido.","2a","1","Coppolella","70.000",528419.73,4565849.44,536.13
"1200","C2","59.95","Argilla sabbiosa da mediamente a molto consistente.Presenti all'interno rari clasti calcarei di dimansioni da 0.1 a 1 cm. Materiale debolmente umido.","2a","1","Coppolella","70.000",528419.73,4565849.44,536.13
"1201","C2","60","Argilla sabbiosa da mediamente a molto consistente.Presenti all'interno rari clasti calcarei di dimansioni da 0.1 a 1 cm. Materiale debolmente umido.","2a","1","Coppolella","70.000",528419.73,4565849.44,536.13
"1202","C2","60.05","Argilla sabbiosa da mediamente a molto consistente.Presenti all'interno rari clasti calcarei di dimansioni da 0.1 a 1 cm. Materiale debolmente umido.","2a","1","Coppolella","70.000",528419.73,4565849.44,536.13
"1203","C2","60.1","Argilla sabbiosa da mediamente a molto consistente.Presenti all'interno rari clasti calcarei di dimansioni da 0.1 a 1 cm. Materiale debolmente umido.","2a","1","Coppolella","70.000",528419.73,4565849.44,536.13
"1204","C2","60.15","Argilla sabbiosa da mediamente a molto consistente.Presenti all'interno rari clasti calcarei di dimansioni da 0.1 a 1 cm. Materiale debolmente umido.","2a","1","Coppolella","70.000",528419.73,4565849.44,536.13
"1205","C2","60.2","Argilla sabbiosa da mediamente a molto consistente.Presenti all'interno rari clasti calcarei di dimansioni da 0.1 a 1 cm. Materiale debolmente umido.","2a","1","Coppolella","70.000",528419.73,4565849.44,536.13
"1206","C2","60.25","Argilla sabbiosa da mediamente a molto consistente.Presenti all'interno rari clasti calcarei di dimansioni da 0.1 a 1 cm. Materiale debolmente umido.","2a","1","Coppolella","70.000",528419.73,4565849.44,536.13
"1207","C2","60.3","Argilla sabbiosa da mediamente a molto consistente.Presenti all'interno rari clasti calcarei di dimansioni da 0.1 a 1 cm. Materiale debolmente umido.","2a","1","Coppolella","70.000",528419.73,4565849.44,536.13
"1208","C2","60.35","Argilla sabbiosa da mediamente a molto consistente.Presenti all'interno rari clasti calcarei di dimansioni da 0.1 a 1 cm. Materiale debolmente umido.","2a","1","Coppolella","70.000",528419.73,4565849.44,536.13
"1209","C2","60.4","Argilla sabbiosa da mediamente a molto consistente.Presenti all'interno rari clasti calcarei di dimansioni da 0.1 a 1 cm. Materiale debolmente umido.","2a","1","Coppolella","70.000",528419.73,4565849.44,536.13
"1210","C2","60.45","Argilla sabbiosa da mediamente a molto consistente.Presenti all'interno rari clasti calcarei di dimansioni da 0.1 a 1 cm. Materiale debolmente umido.","2a","1","Coppolella","70.000",528419.73,4565849.44,536.13
"1211","C2","60.5","Argilla sabbiosa da mediamente a molto consistente.Presenti all'interno rari clasti calcarei di dimansioni da 0.1 a 1 cm. Materiale debolmente umido.","2a","1","Coppolella","70.000",528419.73,4565849.44,536.13
"1212","C2","60.55","Argilla sabbiosa da mediamente a molto consistente.Presenti all'interno rari clasti calcarei di dimansioni da 0.1 a 1 cm. Materiale debolmente umido.","2a","1","Coppolella","70.000",528419.73,4565849.44,536.13
"1213","C2","60.6","Argilla sabbiosa da mediamente a molto consistente.Presenti all'interno rari clasti calcarei di dimansioni da 0.1 a 1 cm. Materiale debolmente umido.","2a","1","Coppolella","70.000",528419.73,4565849.44,536.13
"1214","C2","60.65","Argilla sabbiosa da mediamente a molto consistente.Presenti all'interno rari clasti calcarei di dimansioni da 0.1 a 1 cm. Materiale debolmente umido.","2a","1","Coppolella","70.000",528419.73,4565849.44,536.13
"1215","C2","60.7","Argilla sabbiosa da mediamente a molto consistente.Presenti all'interno rari clasti calcarei di dimansioni da 0.1 a 1 cm. Materiale debolmente umido.","2a","1","Coppolella","70.000",528419.73,4565849.44,536.13
"1216","C2","60.75","Argilla sabbiosa da mediamente a molto consistente.Presenti all'interno rari clasti calcarei di dimansioni da 0.1 a 1 cm. Materiale debolmente umido.","2a","1","Coppolella","70.000",528419.73,4565849.44,536.13
"1217","C2","60.8","Argilla sabbiosa da mediamente a molto consistente.Presenti all'interno rari clasti calcarei di dimansioni da 0.1 a 1 cm. Materiale debolmente umido.","2a","1","Coppolella","70.000",528419.73,4565849.44,536.13
"1218","C2","60.85","Argilla sabbiosa da mediamente a molto consistente.Presenti all'interno rari clasti calcarei di dimansioni da 0.1 a 1 cm. Materiale debolmente umido.","2a","1","Coppolella","70.000",528419.73,4565849.44,536.13
"1219","C2","60.9","Argilla sabbiosa da mediamente a molto consistente.Presenti all'interno rari clasti calcarei di dimansioni da 0.1 a 1 cm. Materiale debolmente umido.","2a","1","Coppolella","70.000",528419.73,4565849.44,536.13
"1220","C2","60.95","Argilla sabbiosa da mediamente a molto consistente.Presenti all'interno rari clasti calcarei di dimansioni da 0.1 a 1 cm. Materiale debolmente umido.","2a","1","Coppolella","70.000",528419.73,4565849.44,536.13
"1221","C2","61","Argilla sabbiosa da mediamente a molto consistente.Presenti all'interno rari clasti calcarei di dimansioni da 0.1 a 1 cm. Materiale debolmente umido.","2a","1","Coppolella","70.000",528419.73,4565849.44,536.13
"1222","C2","61.05","Argilla sabbiosa da mediamente a molto consistente.Presenti all'interno rari clasti calcarei di dimansioni da 0.1 a 1 cm. Materiale debolmente umido.","2a","1","Coppolella","70.000",528419.73,4565849.44,536.13
"1223","C2","61.1","Argilla sabbiosa da mediamente a molto consistente.Presenti all'interno rari clasti calcarei di dimansioni da 0.1 a 1 cm. Materiale debolmente umido.","2a","1","Coppolella","70.000",528419.73,4565849.44,536.13
"1224","C2","61.15","Argilla sabbiosa da mediamente a molto consistente.Presenti all'interno rari clasti calcarei di dimansioni da 0.1 a 1 cm. Materiale debolmente umido.","2a","1","Coppolella","70.000",528419.73,4565849.44,536.13
"1225","C2","61.2","Argilla sabbiosa da mediamente a molto consistente.Presenti all'interno rari clasti calcarei di dimansioni da 0.1 a 1 cm. Materiale debolmente umido.","2a","1","Coppolella","70.000",528419.73,4565849.44,536.13
"1226","C2","61.25","Argilla sabbiosa da mediamente a molto consistente.Presenti all'interno rari clasti calcarei di dimansioni da 0.1 a 1 cm. Materiale debolmente umido.","2a","1","Coppolella","70.000",528419.73,4565849.44,536.13
"1227","C2","61.3","Argilla sabbiosa da mediamente a molto consistente.Presenti all'interno rari clasti calcarei di dimansioni da 0.1 a 1 cm. Materiale debolmente umido.","2a","1","Coppolella","70.000",528419.73,4565849.44,536.13
"1228","C2","61.35","Argilla sabbiosa da mediamente a molto consistente.Presenti all'interno rari clasti calcarei di dimansioni da 0.1 a 1 cm. Materiale debolmente umido.","2a","1","Coppolella","70.000",528419.73,4565849.44,536.13
"1229","C2","61.4","Argilla sabbiosa da mediamente a molto consistente.Presenti all'interno rari clasti calcarei di dimansioni da 0.1 a 1 cm. Materiale debolmente umido.","2a","1","Coppolella","70.000",528419.73,4565849.44,536.13
"1230","C2","61.45","Argilla sabbiosa da mediamente a molto consistente.Presenti all'interno rari clasti calcarei di dimansioni da 0.1 a 1 cm. Materiale debolmente umido.","2a","1","Coppolella","70.000",528419.73,4565849.44,536.13
"1231","C2","61.5","Argilla sabbiosa da mediamente a molto consistente.Presenti all'interno rari clasti calcarei di dimansioni da 0.1 a 1 cm. Materiale debolmente umido.","2a","1","Coppolella","70.000",528419.73,4565849.44,536.13
"1232","C2","61.55","Argilla sabbiosa da mediamente a molto consistente.Presenti all'interno rari clasti calcarei di dimansioni da 0.1 a 1 cm. Materiale debolmente umido.","2a","1","Coppolella","70.000",528419.73,4565849.44,536.13
"1233","C2","61.6","Argilla sabbiosa da mediamente a molto consistente.Presenti all'interno rari clasti calcarei di dimansioni da 0.1 a 1 cm. Materiale debolmente umido.","2a","1","Coppolella","70.000",528419.73,4565849.44,536.13
"1234","C2","61.65","Calcare molto fratturato.","2a","1","Coppolella","70.000",528419.73,4565849.44,536.13
"1235","C2","61.7","Calcare molto fratturato.","2a","1","Coppolella","70.000",528419.73,4565849.44,536.13
"1236","C2","61.75","Calcare molto fratturato.","2a","1","Coppolella","70.000",528419.73,4565849.44,536.13
"1237","C2","61.8","Calcare molto fratturato.","2a","1","Coppolella","70.000",528419.73,4565849.44,536.13
"1238","C2","61.85","Calcare molto fratturato.","2a","1","Coppolella","70.000",528419.73,4565849.44,536.13
"1239","C2","61.9","Calcare molto fratturato.","2a","1","Coppolella","70.000",528419.73,4565849.44,536.13
"1240","C2","61.95","Calcare molto fratturato.","2a","1","Coppolella","70.000",528419.73,4565849.44,536.13
"1241","C2","62","Calcare molto fratturato.","2a","1","Coppolella","70.000",528419.73,4565849.44,536.13
"1242","C2","62.05","Argilla sabbiosa da mediamente a molto consistente.Presenti all'interno rari clasti calcarei di dimansioni da 0.1 a 1 cm. Materiale debolmente umido.","2a","1","Coppolella","70.000",528419.73,4565849.44,536.13
"1243","C2","62.1","Argilla sabbiosa da mediamente a molto consistente.Presenti all'interno rari clasti calcarei di dimansioni da 0.1 a 1 cm. Materiale debolmente umido.","2a","1","Coppolella","70.000",528419.73,4565849.44,536.13
"1244","C2","62.15","Argilla sabbiosa da mediamente a molto consistente.Presenti all'interno rari clasti calcarei di dimansioni da 0.1 a 1 cm. Materiale debolmente umido.","2a","1","Coppolella","70.000",528419.73,4565849.44,536.13
"1245","C2","62.2","Argilla sabbiosa da mediamente a molto consistente.Presenti all'interno rari clasti calcarei di dimansioni da 0.1 a 1 cm. Materiale debolmente umido.","2a","1","Coppolella","70.000",528419.73,4565849.44,536.13
"1246","C2","62.25","Argilla sabbiosa da mediamente a molto consistente.Presenti all'interno rari clasti calcarei di dimansioni da 0.1 a 1 cm. Materiale debolmente umido.","2a","1","Coppolella","70.000",528419.73,4565849.44,536.13
"1247","C2","62.3","Argilla sabbiosa da mediamente a molto consistente.Presenti all'interno rari clasti calcarei di dimansioni da 0.1 a 1 cm. Materiale debolmente umido.","2a","1","Coppolella","70.000",528419.73,4565849.44,536.13
"1248","C2","62.35","Argilla sabbiosa da mediamente a molto consistente.Presenti all'interno rari clasti calcarei di dimansioni da 0.1 a 1 cm. Materiale debolmente umido.","2a","1","Coppolella","70.000",528419.73,4565849.44,536.13
"1249","C2","62.4","Argilla sabbiosa da mediamente a molto consistente.Presenti all'interno rari clasti calcarei di dimansioni da 0.1 a 1 cm. Materiale debolmente umido.","2a","1","Coppolella","70.000",528419.73,4565849.44,536.13
"1250","C2","62.45","Argilla sabbiosa da mediamente a molto consistente.Presenti all'interno rari clasti calcarei di dimansioni da 0.1 a 1 cm. Materiale debolmente umido.","2a","1","Coppolella","70.000",528419.73,4565849.44,536.13
"1251","C2","62.5","Argilla sabbiosa da mediamente a molto consistente.Presenti all'interno rari clasti calcarei di dimansioni da 0.1 a 1 cm. Materiale debolmente umido.","2a","1","Coppolella","70.000",528419.73,4565849.44,536.13
"1252","C2","62.55","Argilla sabbiosa da mediamente a molto consistente.Presenti all'interno rari clasti calcarei di dimansioni da 0.1 a 1 cm. Materiale debolmente umido.","2a","1","Coppolella","70.000",528419.73,4565849.44,536.13
"1253","C2","62.6","Argilla sabbiosa da mediamente a molto consistente.Presenti all'interno rari clasti calcarei di dimansioni da 0.1 a 1 cm. Materiale debolmente umido.","2a","1","Coppolella","70.000",528419.73,4565849.44,536.13
"1254","C2","62.65","Argilla sabbiosa da mediamente a molto consistente.Presenti all'interno rari clasti calcarei di dimansioni da 0.1 a 1 cm. Materiale debolmente umido.","2a","1","Coppolella","70.000",528419.73,4565849.44,536.13
"1255","C2","62.7","Argilla sabbiosa da mediamente a molto consistente.Presenti all'interno rari clasti calcarei di dimansioni da 0.1 a 1 cm. Materiale debolmente umido.","2a","1","Coppolella","70.000",528419.73,4565849.44,536.13
"1256","C2","62.75","Argilla sabbiosa da mediamente a molto consistente.Presenti all'interno rari clasti calcarei di dimansioni da 0.1 a 1 cm. Materiale debolmente umido.","2a","1","Coppolella","70.000",528419.73,4565849.44,536.13
"1257","C2","62.8","Argilla sabbiosa da mediamente a molto consistente.Presenti all'interno rari clasti calcarei di dimansioni da 0.1 a 1 cm. Materiale debolmente umido.","2a","1","Coppolella","70.000",528419.73,4565849.44,536.13
"1258","C2","62.85","Argilla sabbiosa da mediamente a molto consistente.Presenti all'interno rari clasti calcarei di dimansioni da 0.1 a 1 cm. Materiale debolmente umido.","2a","1","Coppolella","70.000",528419.73,4565849.44,536.13
"1259","C2","62.9","Argilla sabbiosa da mediamente a molto consistente.Presenti all'interno rari clasti calcarei di dimansioni da 0.1 a 1 cm. Materiale debolmente umido.","2a","1","Coppolella","70.000",528419.73,4565849.44,536.13
"1260","C2","62.95","Argilla sabbiosa da mediamente a molto consistente.Presenti all'interno rari clasti calcarei di dimansioni da 0.1 a 1 cm. Materiale debolmente umido.","2a","1","Coppolella","70.000",528419.73,4565849.44,536.13
"1261","C2","63","Argilla sabbiosa da mediamente a molto consistente.Presenti all'interno rari clasti calcarei di dimansioni da 0.1 a 1 cm. Materiale debolmente umido.","2a","1","Coppolella","70.000",528419.73,4565849.44,536.13
"1262","C2","63.05","Argilla sabbiosa da mediamente a molto consistente.Presenti all'interno rari clasti calcarei di dimansioni da 0.1 a 1 cm. Materiale debolmente umido.","2a","1","Coppolella","70.000",528419.73,4565849.44,536.13
"1263","C2","63.1","Argilla sabbiosa da mediamente a molto consistente.Presenti all'interno rari clasti calcarei di dimansioni da 0.1 a 1 cm. Materiale debolmente umido.","2a","1","Coppolella","70.000",528419.73,4565849.44,536.13
"1264","C2","63.15","Argilla sabbiosa da mediamente a molto consistente.Presenti all'interno rari clasti calcarei di dimansioni da 0.1 a 1 cm. Materiale debolmente umido.","2a","1","Coppolella","70.000",528419.73,4565849.44,536.13
"1265","C2","63.2","Argilla sabbiosa da mediamente a molto consistente.Presenti all'interno rari clasti calcarei di dimansioni da 0.1 a 1 cm. Materiale debolmente umido.","2a","1","Coppolella","70.000",528419.73,4565849.44,536.13
"1266","C2","63.25","Argilla sabbiosa da mediamente a molto consistente.Presenti all'interno rari clasti calcarei di dimansioni da 0.1 a 1 cm. Materiale debolmente umido.","2a","1","Coppolella","70.000",528419.73,4565849.44,536.13
"1267","C2","63.3","Argilla sabbiosa da mediamente a molto consistente.Presenti all'interno rari clasti calcarei di dimansioni da 0.1 a 1 cm. Materiale debolmente umido.","2a","1","Coppolella","70.000",528419.73,4565849.44,536.13
"1268","C2","63.35","Argilla sabbiosa da mediamente a molto consistente.Presenti all'interno rari clasti calcarei di dimansioni da 0.1 a 1 cm. Materiale debolmente umido.","2a","1","Coppolella","70.000",528419.73,4565849.44,536.13
"1269","C2","63.4","Argilla sabbiosa da mediamente a molto consistente.Presenti all'interno rari clasti calcarei di dimansioni da 0.1 a 1 cm. Materiale debolmente umido.","2a","1","Coppolella","70.000",528419.73,4565849.44,536.13
"1270","C2","63.45","Argilla sabbiosa da mediamente a molto consistente.Presenti all'interno rari clasti calcarei di dimansioni da 0.1 a 1 cm. Materiale debolmente umido.","2a","1","Coppolella","70.000",528419.73,4565849.44,536.13
"1271","C2","63.5","Argilla sabbiosa da mediamente a molto consistente.Presenti all'interno rari clasti calcarei di dimansioni da 0.1 a 1 cm. Materiale debolmente umido.","2a","1","Coppolella","70.000",528419.73,4565849.44,536.13
"1272","C2","63.55","Argilla sabbiosa da mediamente a molto consistente.Presenti all'interno rari clasti calcarei di dimansioni da 0.1 a 1 cm. Materiale debolmente umido.","2a","1","Coppolella","70.000",528419.73,4565849.44,536.13
"1273","C2","63.6","Argilla sabbiosa da mediamente a molto consistente.Presenti all'interno rari clasti calcarei di dimansioni da 0.1 a 1 cm. Materiale debolmente umido.","2a","1","Coppolella","70.000",528419.73,4565849.44,536.13
"1274","C2","63.65","Argilla sabbiosa da mediamente a molto consistente.Presenti all'interno rari clasti calcarei di dimansioni da 0.1 a 1 cm. Materiale debolmente umido.","2a","1","Coppolella","70.000",528419.73,4565849.44,536.13
"1275","C2","63.7","Argilla sabbiosa da mediamente a molto consistente.Presenti all'interno rari clasti calcarei di dimansioni da 0.1 a 1 cm. Materiale debolmente umido.","2a","1","Coppolella","70.000",528419.73,4565849.44,536.13
"1276","C2","63.75","Argilla sabbiosa da mediamente a molto consistente.Presenti all'interno rari clasti calcarei di dimansioni da 0.1 a 1 cm. Materiale debolmente umido.","2a","1","Coppolella","70.000",528419.73,4565849.44,536.13
"1277","C2","63.8","Argilla sabbiosa da mediamente a molto consistente.Presenti all'interno rari clasti calcarei di dimansioni da 0.1 a 1 cm. Materiale debolmente umido.","2a","1","Coppolella","70.000",528419.73,4565849.44,536.13
"1278","C2","63.85","Argilla sabbiosa da mediamente a molto consistente.Presenti all'interno rari clasti calcarei di dimansioni da 0.1 a 1 cm. Materiale debolmente umido.","2a","1","Coppolella","70.000",528419.73,4565849.44,536.13
"1279","C2","63.9","Argilla sabbiosa da mediamente a molto consistente.Presenti all'interno rari clasti calcarei di dimansioni da 0.1 a 1 cm. Materiale debolmente umido.","2a","1","Coppolella","70.000",528419.73,4565849.44,536.13
"1280","C2","63.95","Argilla sabbiosa da mediamente a molto consistente.Presenti all'interno rari clasti calcarei di dimansioni da 0.1 a 1 cm. Materiale debolmente umido.","2a","1","Coppolella","70.000",528419.73,4565849.44,536.13
"1281","C2","64","Argilla sabbiosa da mediamente a molto consistente.Presenti all'interno rari clasti calcarei di dimansioni da 0.1 a 1 cm. Materiale debolmente umido.","2a","1","Coppolella","70.000",528419.73,4565849.44,536.13
"1282","C2","64.05","Argilla sabbiosa da mediamente a molto consistente.Presenti all'interno rari clasti calcarei di dimansioni da 0.1 a 1 cm. Materiale debolmente umido.","2a","1","Coppolella","70.000",528419.73,4565849.44,536.13
"1283","C2","64.1","Argilla sabbiosa da mediamente a molto consistente.Presenti all'interno rari clasti calcarei di dimansioni da 0.1 a 1 cm. Materiale debolmente umido.","2a","1","Coppolella","70.000",528419.73,4565849.44,536.13
"1284","C2","64.15","Argilla sabbiosa da mediamente a molto consistente.Presenti all'interno rari clasti calcarei di dimansioni da 0.1 a 1 cm. Materiale debolmente umido.","2a","1","Coppolella","70.000",528419.73,4565849.44,536.13
"1285","C2","64.2","Argilla sabbiosa da mediamente a molto consistente.Presenti all'interno rari clasti calcarei di dimansioni da 0.1 a 1 cm. Materiale debolmente umido.","2a","1","Coppolella","70.000",528419.73,4565849.44,536.13
"1286","C2","64.25","Argilla sabbiosa da mediamente a molto consistente.Presenti all'interno rari clasti calcarei di dimansioni da 0.1 a 1 cm. Materiale debolmente umido.","2a","1","Coppolella","70.000",528419.73,4565849.44,536.13
"1287","C2","64.3","Argilla sabbiosa da mediamente a molto consistente.Presenti all'interno rari clasti calcarei di dimansioni da 0.1 a 1 cm. Materiale debolmente umido.","2a","1","Coppolella","70.000",528419.73,4565849.44,536.13
"1288","C2","64.35","Argilla sabbiosa da mediamente a molto consistente.Presenti all'interno rari clasti calcarei di dimansioni da 0.1 a 1 cm. Materiale debolmente umido.","2a","1","Coppolella","70.000",528419.73,4565849.44,536.13
"1289","C2","64.4","Argilla sabbiosa da mediamente a molto consistente.Presenti all'interno rari clasti calcarei di dimansioni da 0.1 a 1 cm. Materiale debolmente umido.","2a","1","Coppolella","70.000",528419.73,4565849.44,536.13
"1290","C2","64.45","Argilla sabbiosa da mediamente a molto consistente.Presenti all'interno rari clasti calcarei di dimansioni da 0.1 a 1 cm. Materiale debolmente umido.","2a","1","Coppolella","70.000",528419.73,4565849.44,536.13
"1291","C2","64.5","Argilla sabbiosa da mediamente a molto consistente.Presenti all'interno rari clasti calcarei di dimansioni da 0.1 a 1 cm. Materiale debolmente umido.","2a","1","Coppolella","70.000",528419.73,4565849.44,536.13
"1292","C2","64.55","Argilla sabbiosa da mediamente a molto consistente.Presenti all'interno rari clasti calcarei di dimansioni da 0.1 a 1 cm. Materiale debolmente umido.","2a","1","Coppolella","70.000",528419.73,4565849.44,536.13
"1293","C2","64.6","Argilla sabbiosa da mediamente a molto consistente.Presenti all'interno rari clasti calcarei di dimansioni da 0.1 a 1 cm. Materiale debolmente umido.","2a","1","Coppolella","70.000",528419.73,4565849.44,536.13
"1294","C2","64.65","Argilla sabbiosa da mediamente a molto consistente.Presenti all'interno rari clasti calcarei di dimansioni da 0.1 a 1 cm. Materiale debolmente umido.","2a","1","Coppolella","70.000",528419.73,4565849.44,536.13
"1295","C2","64.7","Argilla sabbiosa da mediamente a molto consistente.Presenti all'interno rari clasti calcarei di dimansioni da 0.1 a 1 cm. Materiale debolmente umido.","2a","1","Coppolella","70.000",528419.73,4565849.44,536.13
"1296","C2","64.75","Argilla sabbiosa da mediamente a molto consistente.Presenti all'interno rari clasti calcarei di dimansioni da 0.1 a 1 cm. Materiale debolmente umido.","2a","1","Coppolella","70.000",528419.73,4565849.44,536.13
"1297","C2","64.8","Argilla sabbiosa da mediamente a molto consistente.Presenti all'interno rari clasti calcarei di dimansioni da 0.1 a 1 cm. Materiale debolmente umido.","2a","1","Coppolella","70.000",528419.73,4565849.44,536.13
"1298","C2","64.85","Argilla sabbiosa da mediamente a molto consistente.Presenti all'interno rari clasti calcarei di dimansioni da 0.1 a 1 cm. Materiale debolmente umido.","2a","1","Coppolella","70.000",528419.73,4565849.44,536.13
"1299","C2","64.9","Argilla sabbiosa da mediamente a molto consistente.Presenti all'interno rari clasti calcarei di dimansioni da 0.1 a 1 cm. Materiale debolmente umido.","2a","1","Coppolella","70.000",528419.73,4565849.44,536.13
"1300","C2","64.95","Argilla sabbiosa da mediamente a molto consistente.Presenti all'interno rari clasti calcarei di dimansioni da 0.1 a 1 cm. Materiale debolmente umido.","2a","1","Coppolella","70.000",528419.73,4565849.44,536.13
"1301","C2","65","Argilla sabbiosa da mediamente a molto consistente.Presenti all'interno rari clasti calcarei di dimansioni da 0.1 a 1 cm. Materiale debolmente umido.","2a","1","Coppolella","70.000",528419.73,4565849.44,536.13
"1302","C2","65.05","Argilla sabbiosa da mediamente a molto consistente.Presenti all'interno rari clasti calcarei di dimansioni da 0.1 a 1 cm. Materiale debolmente umido.","2a","1","Coppolella","70.000",528419.73,4565849.44,536.13
"1303","C2","65.1","Argilla sabbiosa da mediamente a molto consistente.Presenti all'interno rari clasti calcarei di dimansioni da 0.1 a 1 cm. Materiale debolmente umido.","2a","1","Coppolella","70.000",528419.73,4565849.44,536.13
"1304","C2","65.15","Argilla sabbiosa da mediamente a molto consistente.Presenti all'interno rari clasti calcarei di dimansioni da 0.1 a 1 cm. Materiale debolmente umido.","2a","1","Coppolella","70.000",528419.73,4565849.44,536.13
"1305","C2","65.2","Argilla sabbiosa da mediamente a molto consistente.Presenti all'interno rari clasti calcarei di dimansioni da 0.1 a 1 cm. Materiale debolmente umido.","2a","1","Coppolella","70.000",528419.73,4565849.44,536.13
"1306","C2","65.25","Argilla sabbiosa da mediamente a molto consistente.Presenti all'interno rari clasti calcarei di dimansioni da 0.1 a 1 cm. Materiale debolmente umido.","2a","1","Coppolella","70.000",528419.73,4565849.44,536.13
"1307","C2","65.3","Argilla sabbiosa da mediamente a molto consistente.Presenti all'interno rari clasti calcarei di dimansioni da 0.1 a 1 cm. Materiale debolmente umido.","2a","1","Coppolella","70.000",528419.73,4565849.44,536.13
"1308","C2","65.35","Argilla sabbiosa da mediamente a molto consistente.Presenti all'interno rari clasti calcarei di dimansioni da 0.1 a 1 cm. Materiale debolmente umido.","2a","1","Coppolella","70.000",528419.73,4565849.44,536.13
"1309","C2","65.4","Argilla sabbiosa da mediamente a molto consistente.Presenti all'interno rari clasti calcarei di dimansioni da 0.1 a 1 cm. Materiale debolmente umido.","2a","1","Coppolella","70.000",528419.73,4565849.44,536.13
"1310","C2","65.45","Argilla sabbiosa da mediamente a molto consistente.Presenti all'interno rari clasti calcarei di dimansioni da 0.1 a 1 cm. Materiale debolmente umido.","2a","1","Coppolella","70.000",528419.73,4565849.44,536.13
"1311","C2","65.5","Argilla sabbiosa da mediamente a molto consistente.Presenti all'interno rari clasti calcarei di dimansioni da 0.1 a 1 cm. Materiale debolmente umido.","2a","1","Coppolella","70.000",528419.73,4565849.44,536.13
"1312","C2","65.55","Argilla sabbiosa da mediamente a molto consistente.Presenti all'interno rari clasti calcarei di dimansioni da 0.1 a 1 cm. Materiale debolmente umido.","2a","1","Coppolella","70.000",528419.73,4565849.44,536.13
"1313","C2","65.6","Argilla sabbiosa da mediamente a molto consistente.Presenti all'interno rari clasti calcarei di dimansioni da 0.1 a 1 cm. Materiale debolmente umido.","2a","1","Coppolella","70.000",528419.73,4565849.44,536.13
"1314","C2","65.65","Argilla sabbiosa da mediamente a molto consistente.Presenti all'interno rari clasti calcarei di dimansioni da 0.1 a 1 cm. Materiale debolmente umido.","2a","1","Coppolella","70.000",528419.73,4565849.44,536.13
"1315","C2","65.7","Argilla sabbiosa da mediamente a molto consistente.Presenti all'interno rari clasti calcarei di dimansioni da 0.1 a 1 cm. Materiale debolmente umido.","2a","1","Coppolella","70.000",528419.73,4565849.44,536.13
"1316","C2","65.75","Argilla sabbiosa da mediamente a molto consistente.Presenti all'interno rari clasti calcarei di dimansioni da 0.1 a 1 cm. Materiale debolmente umido.","2a","1","Coppolella","70.000",528419.73,4565849.44,536.13
"1317","C2","65.8","Argilla sabbiosa da mediamente a molto consistente.Presenti all'interno rari clasti calcarei di dimansioni da 0.1 a 1 cm. Materiale debolmente umido.","2a","1","Coppolella","70.000",528419.73,4565849.44,536.13
"1318","C2","65.85","Argilla sabbiosa da mediamente a molto consistente.Presenti all'interno rari clasti calcarei di dimansioni da 0.1 a 1 cm. Materiale debolmente umido.","2a","1","Coppolella","70.000",528419.73,4565849.44,536.13
"1319","C2","65.9","Argilla sabbiosa da mediamente a molto consistente.Presenti all'interno rari clasti calcarei di dimansioni da 0.1 a 1 cm. Materiale debolmente umido.","2a","1","Coppolella","70.000",528419.73,4565849.44,536.13
"1320","C2","65.95","Argilla sabbiosa da mediamente a molto consistente.Presenti all'interno rari clasti calcarei di dimansioni da 0.1 a 1 cm. Materiale debolmente umido.","2a","1","Coppolella","70.000",528419.73,4565849.44,536.13
"1321","C2","66","Argilla sabbiosa da mediamente a molto consistente.Presenti all'interno rari clasti calcarei di dimansioni da 0.1 a 1 cm. Materiale debolmente umido.","2a","1","Coppolella","70.000",528419.73,4565849.44,536.13
"1322","C2","66.05","Argilla sabbiosa da mediamente a molto consistente.Presenti all'interno rari clasti calcarei di dimansioni da 0.1 a 1 cm. Materiale debolmente umido.","2a","1","Coppolella","70.000",528419.73,4565849.44,536.13
"1323","C2","66.1","Argilla sabbiosa da mediamente a molto consistente.Presenti all'interno rari clasti calcarei di dimansioni da 0.1 a 1 cm. Materiale debolmente umido.","2a","1","Coppolella","70.000",528419.73,4565849.44,536.13
"1324","C2","66.15","Argilla sabbiosa da mediamente a molto consistente.Presenti all'interno rari clasti calcarei di dimansioni da 0.1 a 1 cm. Materiale debolmente umido.","2a","1","Coppolella","70.000",528419.73,4565849.44,536.13
"1325","C2","66.2","Argilla sabbiosa da mediamente a molto consistente.Presenti all'interno rari clasti calcarei di dimansioni da 0.1 a 1 cm. Materiale debolmente umido.","2a","1","Coppolella","70.000",528419.73,4565849.44,536.13
"1326","C2","66.25","Argilla sabbiosa da mediamente a molto consistente.Presenti all'interno rari clasti calcarei di dimansioni da 0.1 a 1 cm. Materiale debolmente umido.","2a","1","Coppolella","70.000",528419.73,4565849.44,536.13
"1327","C2","66.3","Argilla sabbiosa da mediamente a molto consistente.Presenti all'interno rari clasti calcarei di dimansioni da 0.1 a 1 cm. Materiale debolmente umido.","2a","1","Coppolella","70.000",528419.73,4565849.44,536.13
"1328","C2","66.35","Argilla sabbiosa da mediamente a molto consistente.Presenti all'interno rari clasti calcarei di dimansioni da 0.1 a 1 cm. Materiale debolmente umido.","2a","1","Coppolella","70.000",528419.73,4565849.44,536.13
"1329","C2","66.4","Argilla sabbiosa da mediamente a molto consistente.Presenti all'interno rari clasti calcarei di dimansioni da 0.1 a 1 cm. Materiale debolmente umido.","2a","1","Coppolella","70.000",528419.73,4565849.44,536.13
"1330","C2","66.45","Argilla sabbiosa da mediamente a molto consistente.Presenti all'interno rari clasti calcarei di dimansioni da 0.1 a 1 cm. Materiale debolmente umido.","2a","1","Coppolella","70.000",528419.73,4565849.44,536.13
"1331","C2","66.5","Argilla sabbiosa da mediamente a molto consistente.Presenti all'interno rari clasti calcarei di dimansioni da 0.1 a 1 cm. Materiale debolmente umido.","2a","1","Coppolella","70.000",528419.73,4565849.44,536.13
"1332","C2","66.55","Argilla sabbiosa da mediamente a molto consistente.Presenti all'interno rari clasti calcarei di dimansioni da 0.1 a 1 cm. Materiale debolmente umido.","2a","1","Coppolella","70.000",528419.73,4565849.44,536.13
"1333","C2","66.6","Argilla sabbiosa da mediamente a molto consistente.Presenti all'interno rari clasti calcarei di dimansioni da 0.1 a 1 cm. Materiale debolmente umido.","2a","1","Coppolella","70.000",528419.73,4565849.44,536.13
"1334","C2","66.65","Argilla sabbiosa da mediamente a molto consistente.Presenti all'interno rari clasti calcarei di dimansioni da 0.1 a 1 cm. Materiale debolmente umido.","2a","1","Coppolella","70.000",528419.73,4565849.44,536.13
"1335","C2","66.7","Argilla sabbiosa da mediamente a molto consistente.Presenti all'interno rari clasti calcarei di dimansioni da 0.1 a 1 cm. Materiale debolmente umido.","2a","1","Coppolella","70.000",528419.73,4565849.44,536.13
"1336","C2","66.75","Argilla sabbiosa da mediamente a molto consistente.Presenti all'interno rari clasti calcarei di dimansioni da 0.1 a 1 cm. Materiale debolmente umido.","2a","1","Coppolella","70.000",528419.73,4565849.44,536.13
"1337","C2","66.8","Argilla sabbiosa da mediamente a molto consistente.Presenti all'interno rari clasti calcarei di dimansioni da 0.1 a 1 cm. Materiale debolmente umido.","2a","1","Coppolella","70.000",528419.73,4565849.44,536.13
"1338","C2","66.85","Argilla sabbiosa da mediamente a molto consistente.Presenti all'interno rari clasti calcarei di dimansioni da 0.1 a 1 cm. Materiale debolmente umido.","2a","1","Coppolella","70.000",528419.73,4565849.44,536.13
"1339","C2","66.9","Argilla sabbiosa da mediamente a molto consistente.Presenti all'interno rari clasti calcarei di dimansioni da 0.1 a 1 cm. Materiale debolmente umido.","2a","1","Coppolella","70.000",528419.73,4565849.44,536.13
"1340","C2","66.95","Argilla sabbiosa da mediamente a molto consistente.Presenti all'interno rari clasti calcarei di dimansioni da 0.1 a 1 cm. Materiale debolmente umido.","2a","1","Coppolella","70.000",528419.73,4565849.44,536.13
"1341","C2","67","Argilla sabbiosa da mediamente a molto consistente.Presenti all'interno rari clasti calcarei di dimansioni da 0.1 a 1 cm. Materiale debolmente umido.","2a","1","Coppolella","70.000",528419.73,4565849.44,536.13
"1342","C2","67.05","Argilla sabbiosa da mediamente a molto consistente.Presenti all'interno rari clasti calcarei di dimansioni da 0.1 a 1 cm. Materiale debolmente umido.","2a","1","Coppolella","70.000",528419.73,4565849.44,536.13
"1343","C2","67.1","Argilla sabbiosa da mediamente a molto consistente.Presenti all'interno rari clasti calcarei di dimansioni da 0.1 a 1 cm. Materiale debolmente umido.","2a","1","Coppolella","70.000",528419.73,4565849.44,536.13
"1344","C2","67.15","Argilla sabbiosa da mediamente a molto consistente.Presenti all'interno rari clasti calcarei di dimansioni da 0.1 a 1 cm. Materiale debolmente umido.","2a","1","Coppolella","70.000",528419.73,4565849.44,536.13
"1345","C2","67.2","Argilla sabbiosa da mediamente a molto consistente.Presenti all'interno rari clasti calcarei di dimansioni da 0.1 a 1 cm. Materiale debolmente umido.","2a","1","Coppolella","70.000",528419.73,4565849.44,536.13
"1346","C2","67.25","Argilla sabbiosa da mediamente a molto consistente.Presenti all'interno rari clasti calcarei di dimansioni da 0.1 a 1 cm. Materiale debolmente umido.","2a","1","Coppolella","70.000",528419.73,4565849.44,536.13
"1347","C2","67.3","Argilla sabbiosa da mediamente a molto consistente.Presenti all'interno rari clasti calcarei di dimansioni da 0.1 a 1 cm. Materiale debolmente umido.","2a","1","Coppolella","70.000",528419.73,4565849.44,536.13
"1348","C2","67.35","Argilla sabbiosa da mediamente a molto consistente.Presenti all'interno rari clasti calcarei di dimansioni da 0.1 a 1 cm. Materiale debolmente umido.","2a","1","Coppolella","70.000",528419.73,4565849.44,536.13
"1349","C2","67.4","Argilla sabbiosa da mediamente a molto consistente.Presenti all'interno rari clasti calcarei di dimansioni da 0.1 a 1 cm. Materiale debolmente umido.","2a","1","Coppolella","70.000",528419.73,4565849.44,536.13
"1350","C2","67.45","Argilla sabbiosa da mediamente a molto consistente.Presenti all'interno rari clasti calcarei di dimansioni da 0.1 a 1 cm. Materiale debolmente umido.","2a","1","Coppolella","70.000",528419.73,4565849.44,536.13
"1351","C2","67.5","Argilla sabbiosa da mediamente a molto consistente.Presenti all'interno rari clasti calcarei di dimansioni da 0.1 a 1 cm. Materiale debolmente umido.","2a","1","Coppolella","70.000",528419.73,4565849.44,536.13
"1352","C2","67.55","Argilla sabbiosa da mediamente a molto consistente.Presenti all'interno rari clasti calcarei di dimansioni da 0.1 a 1 cm. Materiale debolmente umido.","2a","1","Coppolella","70.000",528419.73,4565849.44,536.13
"1353","C2","67.6","Argilla sabbiosa da mediamente a molto consistente.Presenti all'interno rari clasti calcarei di dimansioni da 0.1 a 1 cm. Materiale debolmente umido.","2a","1","Coppolella","70.000",528419.73,4565849.44,536.13
"1354","C2","67.65","Argilla sabbiosa da mediamente a molto consistente.Presenti all'interno rari clasti calcarei di dimansioni da 0.1 a 1 cm. Materiale debolmente umido.","2a","1","Coppolella","70.000",528419.73,4565849.44,536.13
"1355","C2","67.7","Argilla sabbiosa da mediamente a molto consistente.Presenti all'interno rari clasti calcarei di dimansioni da 0.1 a 1 cm. Materiale debolmente umido.","2a","1","Coppolella","70.000",528419.73,4565849.44,536.13
"1356","C2","67.75","Argilla sabbiosa da mediamente a molto consistente.Presenti all'interno rari clasti calcarei di dimansioni da 0.1 a 1 cm. Materiale debolmente umido.","2a","1","Coppolella","70.000",528419.73,4565849.44,536.13
"1357","C2","67.8","Argilla sabbiosa da mediamente a molto consistente.Presenti all'interno rari clasti calcarei di dimansioni da 0.1 a 1 cm. Materiale debolmente umido.","2a","1","Coppolella","70.000",528419.73,4565849.44,536.13
"1358","C2","67.85","Argilla sabbiosa da mediamente a molto consistente.Presenti all'interno rari clasti calcarei di dimansioni da 0.1 a 1 cm. Materiale debolmente umido.","2a","1","Coppolella","70.000",528419.73,4565849.44,536.13
"1359","C2","67.9","Argilla sabbiosa da mediamente a molto consistente.Presenti all'interno rari clasti calcarei di dimansioni da 0.1 a 1 cm. Materiale debolmente umido.","2a","1","Coppolella","70.000",528419.73,4565849.44,536.13
"1360","C2","67.95","Argilla sabbiosa da mediamente a molto consistente.Presenti all'interno rari clasti calcarei di dimansioni da 0.1 a 1 cm. Materiale debolmente umido.","2a","1","Coppolella","70.000",528419.73,4565849.44,536.13
"1361","C2","68","Argilla sabbiosa da mediamente a molto consistente.Presenti all'interno rari clasti calcarei di dimansioni da 0.1 a 1 cm. Materiale debolmente umido.","2a","1","Coppolella","70.000",528419.73,4565849.44,536.13
"1362","C2","68.05","Argilla sabbiosa da mediamente a molto consistente.Presenti all'interno rari clasti calcarei di dimansioni da 0.1 a 1 cm. Materiale debolmente umido.","2a","1","Coppolella","70.000",528419.73,4565849.44,536.13
"1363","C2","68.1","Argilla sabbiosa da mediamente a molto consistente.Presenti all'interno rari clasti calcarei di dimansioni da 0.1 a 1 cm. Materiale debolmente umido.","2a","1","Coppolella","70.000",528419.73,4565849.44,536.13
"1364","C2","68.15","Argilla sabbiosa da mediamente a molto consistente.Presenti all'interno rari clasti calcarei di dimansioni da 0.1 a 1 cm. Materiale debolmente umido.","2a","1","Coppolella","70.000",528419.73,4565849.44,536.13
"1365","C2","68.2","Argilla sabbiosa da mediamente a molto consistente.Presenti all'interno rari clasti calcarei di dimansioni da 0.1 a 1 cm. Materiale debolmente umido.","2a","1","Coppolella","70.000",528419.73,4565849.44,536.13
"1366","C2","68.25","Argilla sabbiosa da mediamente a molto consistente.Presenti all'interno rari clasti calcarei di dimansioni da 0.1 a 1 cm. Materiale debolmente umido.","2a","1","Coppolella","70.000",528419.73,4565849.44,536.13
"1367","C2","68.3","Argilla sabbiosa da mediamente a molto consistente.Presenti all'interno rari clasti calcarei di dimansioni da 0.1 a 1 cm. Materiale debolmente umido.","2a","1","Coppolella","70.000",528419.73,4565849.44,536.13
"1368","C2","68.35","Calcari molto fratturati.","2a","1","Coppolella","70.000",528419.73,4565849.44,536.13
"1369","C2","68.4","Calcari molto fratturati.","2a","1","Coppolella","70.000",528419.73,4565849.44,536.13
"1370","C2","68.45","Calcari molto fratturati.","2a","1","Coppolella","70.000",528419.73,4565849.44,536.13
"1371","C2","68.5","Calcari molto fratturati.","2a","1","Coppolella","70.000",528419.73,4565849.44,536.13
"1372","C2","68.55","Calcari molto fratturati.","2a","1","Coppolella","70.000",528419.73,4565849.44,536.13
"1373","C2","68.6","Calcari molto fratturati.","2a","1","Coppolella","70.000",528419.73,4565849.44,536.13
"1374","C2","68.65","Calcari molto fratturati.","2a","1","Coppolella","70.000",528419.73,4565849.44,536.13
"1375","C2","68.7","Calcari molto fratturati.","2a","1","Coppolella","70.000",528419.73,4565849.44,536.13
"1376","C2","68.75","Calcari molto fratturati.","2a","1","Coppolella","70.000",528419.73,4565849.44,536.13
"1377","C2","68.8","Calcari molto fratturati.","2a","1","Coppolella","70.000",528419.73,4565849.44,536.13
"1378","C2","68.85","Calcari molto fratturati.","2a","1","Coppolella","70.000",528419.73,4565849.44,536.13
"1379","C2","68.9","Calcari molto fratturati.","2a","1","Coppolella","70.000",528419.73,4565849.44,536.13
"1380","C2","68.95","Calcari molto fratturati.","2a","1","Coppolella","70.000",528419.73,4565849.44,536.13
"1381","C2","69","Calcari molto fratturati.","2a","1","Coppolella","70.000",528419.73,4565849.44,536.13
"1382","C2","69.05","Calcari molto fratturati.","2a","1","Coppolella","70.000",528419.73,4565849.44,536.13
"1383","C2","69.1","Calcari molto fratturati.","2a","1","Coppolella","70.000",528419.73,4565849.44,536.13
"1384","C2","69.15","Calcari molto fratturati.","2a","1","Coppolella","70.000",528419.73,4565849.44,536.13
"1385","C2","69.2","Calcari molto fratturati.","2a","1","Coppolella","70.000",528419.73,4565849.44,536.13
"1386","C2","69.25","Calcari molto fratturati.","2a","1","Coppolella","70.000",528419.73,4565849.44,536.13
"1387","C2","69.3","Calcari molto fratturati.","2a","1","Coppolella","70.000",528419.73,4565849.44,536.13
"1388","C2","69.35","Calcari molto fratturati.","2a","1","Coppolella","70.000",528419.73,4565849.44,536.13
"1389","C2","69.4","Calcari molto fratturati.","2a","1","Coppolella","70.000",528419.73,4565849.44,536.13
"1390","C2","69.45","Calcari molto fratturati.","2a","1","Coppolella","70.000",528419.73,4565849.44,536.13
"1391","C2","69.5","Calcari molto fratturati.","2a","1","Coppolella","70.000",528419.73,4565849.44,536.13
"1392","C2","69.55","Calcari molto fratturati.","2a","1","Coppolella","70.000",528419.73,4565849.44,536.13
"1393","C2","69.6","Calcari molto fratturati.","2a","1","Coppolella","70.000",528419.73,4565849.44,536.13
"1394","C2","69.65","Calcari molto fratturati.","2a","1","Coppolella","70.000",528419.73,4565849.44,536.13
"1395","C2","69.7","Calcari molto fratturati.","2a","1","Coppolella","70.000",528419.73,4565849.44,536.13
"1396","C2","69.75","Calcari molto fratturati.","2a","1","Coppolella","70.000",528419.73,4565849.44,536.13
"1397","C2","69.8","Calcari molto fratturati.","2a","1","Coppolella","70.000",528419.73,4565849.44,536.13
"1398","C2","69.85","Calcari molto fratturati.","2a","1","Coppolella","70.000",528419.73,4565849.44,536.13
"1399","C2","69.9","Calcari molto fratturati.","2a","1","Coppolella","70.000",528419.73,4565849.44,536.13
"1400","C2","69.95","Calcari molto fratturati.","2a","1","Coppolella","70.000",528419.73,4565849.44,536.13
"1401","C2","70","Calcari molto fratturati.","2a","1","Coppolella","70.000",528419.73,4565849.44,536.13
"1402","C2","70","Calcari molto fratturati.","2a","0","Coppolella","70.000",528419.73,4565849.44,536.13
"1403","C2","70.05","Calcari molto fratturati.","2a","0","Coppolella","70.000",528419.73,4565849.44,536.13
"1404","C2","70.1","Calcari molto fratturati.","2a","0","Coppolella","70.000",528419.73,4565849.44,536.13
"1405","C2","70.15","Calcari molto fratturati.","2a","0","Coppolella","70.000",528419.73,4565849.44,536.13
"1406","C2","70.2","Calcari molto fratturati.","2a","0","Coppolella","70.000",528419.73,4565849.44,536.13
"1407","C2","70.25","Calcari molto fratturati.","2a","0","Coppolella","70.000",528419.73,4565849.44,536.13
"1408","C2","70.3","Calcari molto fratturati.","2a","0","Coppolella","70.000",528419.73,4565849.44,536.13
"1409","C2","70.35","Calcari molto fratturati.","2a","0","Coppolella","70.000",528419.73,4565849.44,536.13
"1410","C2","70.4","Calcari molto fratturati.","2a","0","Coppolella","70.000",528419.73,4565849.44,536.13
"1411","C2","70.45","Calcari molto fratturati.","2a","0","Coppolella","70.000",528419.73,4565849.44,536.13
"1412","C2","70.5","Calcari molto fratturati.","2a","0","Coppolella","70.000",528419.73,4565849.44,536.13
"1413","C2","70.55","Calcari molto fratturati.","2a","0","Coppolella","70.000",528419.73,4565849.44,536.13
"1414","C2","70.6","Calcari molto fratturati.","2a","0","Coppolella","70.000",528419.73,4565849.44,536.13
"1415","C2","70.65","Calcari molto fratturati.","2a","0","Coppolella","70.000",528419.73,4565849.44,536.13
"1416","C2","70.7","Calcari molto fratturati.","2a","0","Coppolella","70.000",528419.73,4565849.44,536.13
"1417","C2","70.75","Calcari molto fratturati.","2a","0","Coppolella","70.000",528419.73,4565849.44,536.13
"1418","C2","70.8","Calcari molto fratturati.","2a","0","Coppolella","70.000",528419.73,4565849.44,536.13
"1419","C2","70.85","Calcari molto fratturati.","2a","0","Coppolella","70.000",528419.73,4565849.44,536.13
"1420","C2","70.9","Calcari molto fratturati.","2a","0","Coppolella","70.000",528419.73,4565849.44,536.13
"1421","C2","70.95","Calcari molto fratturati.","2a","0","Coppolella","70.000",528419.73,4565849.44,536.13
"1422","C2","71","Calcari molto fratturati.","2a","0","Coppolella","70.000",528419.73,4565849.44,536.13
"1423","C2","71.05","Calcari molto fratturati.","2a","0","Coppolella","70.000",528419.73,4565849.44,536.13
"1424","C2","71.1","Calcari molto fratturati.","2a","0","Coppolella","70.000",528419.73,4565849.44,536.13
"1425","C2","71.15","Calcari molto fratturati.","2a","0","Coppolella","70.000",528419.73,4565849.44,536.13
"1426","C2","71.2","Calcari molto fratturati.","2a","0","Coppolella","70.000",528419.73,4565849.44,536.13
"1427","C2","71.25","Calcari molto fratturati.","2a","0","Coppolella","70.000",528419.73,4565849.44,536.13
"1428","C2","71.3","Calcari molto fratturati.","2a","0","Coppolella","70.000",528419.73,4565849.44,536.13
"1429","C2","71.35","Calcari molto fratturati.","2a","0","Coppolella","70.000",528419.73,4565849.44,536.13
"1430","C2","71.4","Calcari molto fratturati.","2a","0","Coppolella","70.000",528419.73,4565849.44,536.13
"1431","C2","71.45","Calcari molto fratturati.","2a","0","Coppolella","70.000",528419.73,4565849.44,536.13
"1432","C2","71.5","Calcari molto fratturati.","2a","0","Coppolella","70.000",528419.73,4565849.44,536.13
"1433","C2","71.55","Calcari molto fratturati.","2a","0","Coppolella","70.000",528419.73,4565849.44,536.13
"1434","C2","71.6","Calcari molto fratturati.","2a","0","Coppolella","70.000",528419.73,4565849.44,536.13
"1435","C2","71.65","Calcari molto fratturati.","2a","0","Coppolella","70.000",528419.73,4565849.44,536.13
"1436","C2","71.7","Calcari molto fratturati.","2a","0","Coppolella","70.000",528419.73,4565849.44,536.13
"1437","C2","71.75","Calcari molto fratturati.","2a","0","Coppolella","70.000",528419.73,4565849.44,536.13
"1438","C2","71.8","Calcari molto fratturati.","2a","0","Coppolella","70.000",528419.73,4565849.44,536.13
"1439","C2","71.85","Calcari molto fratturati.","2a","0","Coppolella","70.000",528419.73,4565849.44,536.13
"1440","C2","71.9","Calcari molto fratturati.","2a","0","Coppolella","70.000",528419.73,4565849.44,536.13
"1441","C2","71.95","Calcari molto fratturati.","2a","0","Coppolella","70.000",528419.73,4565849.44,536.13
"1442","C2","72","Calcari molto fratturati.","2a","0","Coppolella","70.000",528419.73,4565849.44,536.13
"1443","C2","72.05","Calcari molto fratturati.","2a","0","Coppolella","70.000",528419.73,4565849.44,536.13
"1444","C2","72.1","Calcari molto fratturati.","2a","0","Coppolella","70.000",528419.73,4565849.44,536.13
"1445","C2","72.15","Calcari molto fratturati.","2a","0","Coppolella","70.000",528419.73,4565849.44,536.13
"1446","C2","72.2","Calcari molto fratturati.","2a","0","Coppolella","70.000",528419.73,4565849.44,536.13
"1447","C2","72.25","Calcari molto fratturati.","2a","0","Coppolella","70.000",528419.73,4565849.44,536.13
"1448","C2","72.3","Calcari molto fratturati.","2a","0","Coppolella","70.000",528419.73,4565849.44,536.13
"1449","C2","72.35","Calcari molto fratturati.","2a","0","Coppolella","70.000",528419.73,4565849.44,536.13
"1450","C2","72.4","Calcari molto fratturati.","2a","0","Coppolella","70.000",528419.73,4565849.44,536.13
"1451","C2","72.45","Calcari molto fratturati.","2a","0","Coppolella","70.000",528419.73,4565849.44,536.13
"1452","C2","72.5","Calcari molto fratturati.","2a","0","Coppolella","70.000",528419.73,4565849.44,536.13
"1453","C2","72.55","Calcari molto fratturati.","2a","0","Coppolella","70.000",528419.73,4565849.44,536.13
"1454","C2","72.6","Calcari molto fratturati.","2a","0","Coppolella","70.000",528419.73,4565849.44,536.13
"1455","C2","72.65","Calcari molto fratturati.","2a","0","Coppolella","70.000",528419.73,4565849.44,536.13
"1456","C2","72.7","Calcari molto fratturati.","2a","0","Coppolella","70.000",528419.73,4565849.44,536.13
"1457","C2","72.75","Calcari molto fratturati.","2a","0","Coppolella","70.000",528419.73,4565849.44,536.13
"1458","C2","72.8","Calcari molto fratturati.","2a","0","Coppolella","70.000",528419.73,4565849.44,536.13
"1459","C2","72.85","Calcari molto fratturati.","2a","0","Coppolella","70.000",528419.73,4565849.44,536.13
"1460","C2","72.9","Calcari molto fratturati.","2a","0","Coppolella","70.000",528419.73,4565849.44,536.13
"1461","C2","72.95","Calcari molto fratturati.","2a","0","Coppolella","70.000",528419.73,4565849.44,536.13
"1462","C2","73","Calcari molto fratturati.","2a","0","Coppolella","70.000",528419.73,4565849.44,536.13
"1463","C2","73.05","Calcari molto fratturati.","2a","0","Coppolella","70.000",528419.73,4565849.44,536.13
"1464","C2","73.1","Calcari molto fratturati.","2a","0","Coppolella","70.000",528419.73,4565849.44,536.13
"1465","C2","73.15","Calcari molto fratturati.","2a","0","Coppolella","70.000",528419.73,4565849.44,536.13
"1466","C2","73.2","Calcari molto fratturati.","2a","0","Coppolella","70.000",528419.73,4565849.44,536.13
"1467","C2","73.25","Calcari molto fratturati.","2a","0","Coppolella","70.000",528419.73,4565849.44,536.13
"1468","C2","73.3","Calcari molto fratturati.","2a","0","Coppolella","70.000",528419.73,4565849.44,536.13
"1469","C2","73.35","Calcari molto fratturati.","2a","0","Coppolella","70.000",528419.73,4565849.44,536.13
"1470","C2","73.4","Calcari molto fratturati.","2a","0","Coppolella","70.000",528419.73,4565849.44,536.13
"1471","C2","73.45","Calcari molto fratturati.","2a","0","Coppolella","70.000",528419.73,4565849.44,536.13
"1472","C2","73.5","Calcari molto fratturati.","2a","0","Coppolella","70.000",528419.73,4565849.44,536.13
"1473","C2","73.55","Calcari molto fratturati.","2a","0","Coppolella","70.000",528419.73,4565849.44,536.13
"1474","C2","73.6","Calcari molto fratturati.","2a","0","Coppolella","70.000",528419.73,4565849.44,536.13
"1475","C2","73.65","Calcari molto fratturati.","2a","0","Coppolella","70.000",528419.73,4565849.44,536.13
"1476","C2","73.7","Calcari molto fratturati.","2a","0","Coppolella","70.000",528419.73,4565849.44,536.13
"1477","C2","73.75","Calcari molto fratturati.","2a","0","Coppolella","70.000",528419.73,4565849.44,536.13
"1478","C2","73.8","Calcari molto fratturati.","2a","0","Coppolella","70.000",528419.73,4565849.44,536.13
"1479","C2","73.85","Calcari molto fratturati.","2a","0","Coppolella","70.000",528419.73,4565849.44,536.13
"1480","C2","73.9","Calcari molto fratturati.","2a","0","Coppolella","70.000",528419.73,4565849.44,536.13
"1481","C2","73.95","Calcari molto fratturati.","2a","0","Coppolella","70.000",528419.73,4565849.44,536.13
"1482","C2","74","Calcari molto fratturati.","2a","0","Coppolella","70.000",528419.73,4565849.44,536.13
"1483","C2","74.05","Calcari molto fratturati.","2a","0","Coppolella","70.000",528419.73,4565849.44,536.13
"1484","C2","74.1","Calcari molto fratturati.","2a","0","Coppolella","70.000",528419.73,4565849.44,536.13
"1485","C2","74.15","Calcari molto fratturati.","2a","0","Coppolella","70.000",528419.73,4565849.44,536.13
"1486","C2","74.2","Calcari molto fratturati.","2a","0","Coppolella","70.000",528419.73,4565849.44,536.13
"1487","C2","74.25","Calcari molto fratturati.","2a","0","Coppolella","70.000",528419.73,4565849.44,536.13
"1488","C2","74.3","Calcari molto fratturati.","2a","0","Coppolella","70.000",528419.73,4565849.44,536.13
"1489","C2","74.35","Calcari molto fratturati.","2a","0","Coppolella","70.000",528419.73,4565849.44,536.13
"1490","C2","74.4","Calcari molto fratturati.","2a","0","Coppolella","70.000",528419.73,4565849.44,536.13
"1491","C2","74.45","Calcari molto fratturati.","2a","0","Coppolella","70.000",528419.73,4565849.44,536.13
"1492","C2","74.5","Calcari molto fratturati.","2a","0","Coppolella","70.000",528419.73,4565849.44,536.13
"1493","C2","74.55","Calcari molto fratturati.","2a","0","Coppolella","70.000",528419.73,4565849.44,536.13
"1494","C2","74.6","Calcari molto fratturati.","2a","0","Coppolella","70.000",528419.73,4565849.44,536.13
"1495","C2","74.65","Calcari molto fratturati.","2a","0","Coppolella","70.000",528419.73,4565849.44,536.13
"1496","C2","74.7","Calcari molto fratturati.","2a","0","Coppolella","70.000",528419.73,4565849.44,536.13
"1497","C2","74.75","Calcari molto fratturati.","2a","0","Coppolella","70.000",528419.73,4565849.44,536.13
"1498","C2","74.8","Calcari molto fratturati.","2a","0","Coppolella","70.000",528419.73,4565849.44,536.13
"1499","C2","74.85","Calcari molto fratturati.","2a","0","Coppolella","70.000",528419.73,4565849.44,536.13
"1500","C2","74.9","Calcari molto fratturati.","2a","0","Coppolella","70.000",528419.73,4565849.44,536.13
"1501","C2","74.95","Calcari molto fratturati.","2a","0","Coppolella","70.000",528419.73,4565849.44,536.13
"1502","C2","75","Calcari molto fratturati.","2a","0","Coppolella","70.000",528419.73,4565849.44,536.13
"1503","C2","75.05","Calcari molto fratturati.","2a","0","Coppolella","70.000",528419.73,4565849.44,536.13
"1504","C2","75.1","Calcari molto fratturati.","2a","0","Coppolella","70.000",528419.73,4565849.44,536.13
"1505","C2","75.15","Calcari molto fratturati.","2a","0","Coppolella","70.000",528419.73,4565849.44,536.13
"1506","C2","75.2","Calcari molto fratturati.","2a","0","Coppolella","70.000",528419.73,4565849.44,536.13
"1507","C2","75.25","Calcari molto fratturati.","2a","0","Coppolella","70.000",528419.73,4565849.44,536.13
"1508","C2","75.3","Calcari molto fratturati.","2a","0","Coppolella","70.000",528419.73,4565849.44,536.13
"1509","C2","75.35","Calcari molto fratturati.","2a","0","Coppolella","70.000",528419.73,4565849.44,536.13
"1510","C2","75.4","Calcari molto fratturati.","2a","0","Coppolella","70.000",528419.73,4565849.44,536.13
"1511","C2","75.45","Calcari molto fratturati.","2a","0","Coppolella","70.000",528419.73,4565849.44,536.13
"1512","C2","75.5","Calcari molto fratturati.","2a","0","Coppolella","70.000",528419.73,4565849.44,536.13
"1513","C2","75.55","Calcari molto fratturati.","2a","0","Coppolella","70.000",528419.73,4565849.44,536.13
"1514","C2","75.6","Calcari molto fratturati.","2a","0","Coppolella","70.000",528419.73,4565849.44,536.13
"1515","C2","75.65","Calcari molto fratturati.","2a","0","Coppolella","70.000",528419.73,4565849.44,536.13
"1516","C2","75.7","Calcari molto fratturati.","2a","0","Coppolella","70.000",528419.73,4565849.44,536.13
"1517","C2","75.75","Calcari molto fratturati.","2a","0","Coppolella","70.000",528419.73,4565849.44,536.13
"1518","C2","75.8","Calcari molto fratturati.","2a","0","Coppolella","70.000",528419.73,4565849.44,536.13
"1519","C2","75.85","Calcari molto fratturati.","2a","0","Coppolella","70.000",528419.73,4565849.44,536.13
"1520","C2","75.9","Calcari molto fratturati.","2a","0","Coppolella","70.000",528419.73,4565849.44,536.13
"1521","C2","75.95","Calcari molto fratturati.","2a","0","Coppolella","70.000",528419.73,4565849.44,536.13
"1522","C2","76","Calcari molto fratturati.","2a","0","Coppolella","70.000",528419.73,4565849.44,536.13
"1523","C2","76.05","Calcari molto fratturati.","2a","0","Coppolella","70.000",528419.73,4565849.44,536.13
"1524","C2","76.1","Calcari molto fratturati.","2a","0","Coppolella","70.000",528419.73,4565849.44,536.13
"1525","C2","76.15","Calcari molto fratturati.","2a","0","Coppolella","70.000",528419.73,4565849.44,536.13
"1526","C2","76.2","Calcari molto fratturati.","2a","0","Coppolella","70.000",528419.73,4565849.44,536.13
"1527","C2","76.25","Calcari molto fratturati.","2a","0","Coppolella","70.000",528419.73,4565849.44,536.13
"1528","C2","76.3","Calcari molto fratturati.","2a","0","Coppolella","70.000",528419.73,4565849.44,536.13
"1529","C2","76.35","Calcari molto fratturati.","2a","0","Coppolella","70.000",528419.73,4565849.44,536.13
"1530","C2","76.4","Calcari molto fratturati.","2a","0","Coppolella","70.000",528419.73,4565849.44,536.13
"1531","C2","76.45","Calcari molto fratturati.","2a","0","Coppolella","70.000",528419.73,4565849.44,536.13
"1532","C2","76.5","Calcari molto fratturati.","2a","0","Coppolella","70.000",528419.73,4565849.44,536.13
"1533","C2","76.55","Calcari molto fratturati.","2a","0","Coppolella","70.000",528419.73,4565849.44,536.13
"1534","C2","76.6","Calcari molto fratturati.","2a","0","Coppolella","70.000",528419.73,4565849.44,536.13
"1535","C2","76.65","Calcari molto fratturati.","2a","0","Coppolella","70.000",528419.73,4565849.44,536.13
"1536","C2","76.7","Calcari molto fratturati.","2a","0","Coppolella","70.000",528419.73,4565849.44,536.13
