"","borehole","Depth","Description","Unit","Valid","campaign","DEPTH","x","y","z"
"1","C4P","0","Materiale di riporto asciutto composto da blocchi e breccia calcarea.","Riporto","1","Coppolella","70.000",528224.76,4565942.18,563.72
"2","C4P","0.05","Materiale di riporto asciutto composto da blocchi e breccia calcarea.","Riporto","1","Coppolella","70.000",528224.76,4565942.18,563.72
"3","C4P","0.1","Materiale di riporto asciutto composto da blocchi e breccia calcarea.","Riporto","1","Coppolella","70.000",528224.76,4565942.18,563.72
"4","C4P","0.15","Materiale di riporto asciutto composto da blocchi e breccia calcarea.","Riporto","1","Coppolella","70.000",528224.76,4565942.18,563.72
"5","C4P","0.2","Materiale di riporto asciutto composto da blocchi e breccia calcarea.","Riporto","1","Coppolella","70.000",528224.76,4565942.18,563.72
"6","C4P","0.25","Materiale di riporto asciutto composto da blocchi e breccia calcarea.","Riporto","1","Coppolella","70.000",528224.76,4565942.18,563.72
"7","C4P","0.3","Materiale di riporto asciutto composto da blocchi e breccia calcarea.","Riporto","1","Coppolella","70.000",528224.76,4565942.18,563.72
"8","C4P","0.35","Materiale di riporto asciutto composto da blocchi e breccia calcarea.","Riporto","1","Coppolella","70.000",528224.76,4565942.18,563.72
"9","C4P","0.4","Materiale di riporto asciutto composto da blocchi e breccia calcarea.","Riporto","1","Coppolella","70.000",528224.76,4565942.18,563.72
"10","C4P","0.45","Materiale di riporto asciutto composto da blocchi e breccia calcarea.","Riporto","1","Coppolella","70.000",528224.76,4565942.18,563.72
"11","C4P","0.5","Materiale di riporto asciutto composto da blocchi e breccia calcarea.","Riporto","1","Coppolella","70.000",528224.76,4565942.18,563.72
"12","C4P","0.55","Materiale di riporto asciutto composto da blocchi e breccia calcarea.","Riporto","1","Coppolella","70.000",528224.76,4565942.18,563.72
"13","C4P","0.6","Materiale di riporto asciutto composto da blocchi e breccia calcarea.","Riporto","1","Coppolella","70.000",528224.76,4565942.18,563.72
"14","C4P","0.65","Materiale di riporto asciutto composto da blocchi e breccia calcarea.","Riporto","1","Coppolella","70.000",528224.76,4565942.18,563.72
"15","C4P","0.7","Materiale di riporto asciutto composto da blocchi e breccia calcarea.","Riporto","1","Coppolella","70.000",528224.76,4565942.18,563.72
"16","C4P","0.75","Materiale di riporto asciutto composto da blocchi e breccia calcarea.","Riporto","1","Coppolella","70.000",528224.76,4565942.18,563.72
"17","C4P","0.8","Materiale di riporto asciutto composto da blocchi e breccia calcarea.","Riporto","1","Coppolella","70.000",528224.76,4565942.18,563.72
"18","C4P","0.85","Materiale di riporto asciutto composto da blocchi e breccia calcarea.","Riporto","1","Coppolella","70.000",528224.76,4565942.18,563.72
"19","C4P","0.9","Materiale di riporto asciutto composto da blocchi e breccia calcarea.","Riporto","1","Coppolella","70.000",528224.76,4565942.18,563.72
"20","C4P","0.95","Materiale di riporto asciutto composto da blocchi e breccia calcarea.","Riporto","1","Coppolella","70.000",528224.76,4565942.18,563.72
"21","C4P","1","Materiale di riporto asciutto composto da blocchi e breccia calcarea.","Riporto","1","Coppolella","70.000",528224.76,4565942.18,563.72
"22","C4P","1.05","Materiale di riporto asciutto composto da blocchi e breccia calcarea.","Riporto","1","Coppolella","70.000",528224.76,4565942.18,563.72
"23","C4P","1.1","Materiale di riporto asciutto composto da blocchi e breccia calcarea.","Riporto","1","Coppolella","70.000",528224.76,4565942.18,563.72
"24","C4P","1.15","Materiale di riporto asciutto composto da blocchi e breccia calcarea.","Riporto","1","Coppolella","70.000",528224.76,4565942.18,563.72
"25","C4P","1.2","Materiale di riporto asciutto composto da blocchi e breccia calcarea.","Riporto","1","Coppolella","70.000",528224.76,4565942.18,563.72
"26","C4P","1.25","Materiale di riporto asciutto composto da blocchi e breccia calcarea.","Riporto","1","Coppolella","70.000",528224.76,4565942.18,563.72
"27","C4P","1.3","Materiale di riporto asciutto composto da blocchi e breccia calcarea.","Riporto","1","Coppolella","70.000",528224.76,4565942.18,563.72
"28","C4P","1.35","Materiale di riporto asciutto composto da blocchi e breccia calcarea.","Riporto","1","Coppolella","70.000",528224.76,4565942.18,563.72
"29","C4P","1.4","Materiale di riporto asciutto composto da blocchi e breccia calcarea.","Riporto","1","Coppolella","70.000",528224.76,4565942.18,563.72
"30","C4P","1.45","Materiale di riporto asciutto composto da blocchi e breccia calcarea.","Riporto","1","Coppolella","70.000",528224.76,4565942.18,563.72
"31","C4P","1.5","Materiale di riporto asciutto composto da blocchi e breccia calcarea.","Riporto","1","Coppolella","70.000",528224.76,4565942.18,563.72
"32","C4P","1.55","Materiale di riporto asciutto composto da blocchi e breccia calcarea.","Riporto","1","Coppolella","70.000",528224.76,4565942.18,563.72
"33","C4P","1.6","Materiale di riporto asciutto composto da blocchi e breccia calcarea.","Riporto","1","Coppolella","70.000",528224.76,4565942.18,563.72
"34","C4P","1.65","Materiale di riporto asciutto composto da blocchi e breccia calcarea.","Riporto","1","Coppolella","70.000",528224.76,4565942.18,563.72
"35","C4P","1.7","Materiale di riporto asciutto composto da blocchi e breccia calcarea.","Riporto","1","Coppolella","70.000",528224.76,4565942.18,563.72
"36","C4P","1.75","Materiale di riporto asciutto composto da blocchi e breccia calcarea.","Riporto","1","Coppolella","70.000",528224.76,4565942.18,563.72
"37","C4P","1.8","Materiale di riporto asciutto composto da blocchi e breccia calcarea.","Riporto","1","Coppolella","70.000",528224.76,4565942.18,563.72
"38","C4P","1.85","Materiale di riporto asciutto composto da blocchi e breccia calcarea.","Riporto","1","Coppolella","70.000",528224.76,4565942.18,563.72
"39","C4P","1.9","Materiale di riporto asciutto composto da blocchi e breccia calcarea.","Riporto","1","Coppolella","70.000",528224.76,4565942.18,563.72
"40","C4P","1.95","Materiale di riporto asciutto composto da blocchi e breccia calcarea.","Riporto","1","Coppolella","70.000",528224.76,4565942.18,563.72
"41","C4P","2","Materiale di riporto asciutto composto da blocchi e breccia calcarea.","Riporto","1","Coppolella","70.000",528224.76,4565942.18,563.72
"42","C4P","2.05","Materiale di riporto asciutto composto da blocchi e breccia calcarea.","Riporto","1","Coppolella","70.000",528224.76,4565942.18,563.72
"43","C4P","2.1","Materiale di riporto asciutto composto da blocchi e breccia calcarea.","Riporto","1","Coppolella","70.000",528224.76,4565942.18,563.72
"44","C4P","2.15","Materiale di riporto asciutto composto da blocchi e breccia calcarea.","Riporto","1","Coppolella","70.000",528224.76,4565942.18,563.72
"45","C4P","2.2","Materiale di riporto asciutto composto da blocchi e breccia calcarea.","Riporto","1","Coppolella","70.000",528224.76,4565942.18,563.72
"46","C4P","2.25","Materiale di riporto asciutto composto da blocchi e breccia calcarea.","Riporto","1","Coppolella","70.000",528224.76,4565942.18,563.72
"47","C4P","2.3","Materiale di riporto asciutto composto da blocchi e breccia calcarea.","Riporto","1","Coppolella","70.000",528224.76,4565942.18,563.72
"48","C4P","2.35","Materiale di riporto asciutto composto da blocchi e breccia calcarea.","Riporto","1","Coppolella","70.000",528224.76,4565942.18,563.72
"49","C4P","2.4","Materiale di riporto asciutto composto da blocchi e breccia calcarea.","Riporto","1","Coppolella","70.000",528224.76,4565942.18,563.72
"50","C4P","2.45","Materiale di riporto asciutto composto da blocchi e breccia calcarea.","Riporto","1","Coppolella","70.000",528224.76,4565942.18,563.72
"51","C4P","2.5","Materiale di riporto asciutto composto da blocchi e breccia calcarea.","Riporto","1","Coppolella","70.000",528224.76,4565942.18,563.72
"52","C4P","2.55","Materiale di riporto asciutto composto da blocchi e breccia calcarea.","Riporto","1","Coppolella","70.000",528224.76,4565942.18,563.72
"53","C4P","2.6","Materiale di riporto asciutto composto da blocchi e breccia calcarea.","Riporto","1","Coppolella","70.000",528224.76,4565942.18,563.72
"54","C4P","2.65","Materiale di riporto asciutto composto da blocchi e breccia calcarea.","Riporto","1","Coppolella","70.000",528224.76,4565942.18,563.72
"55","C4P","2.7","Materiale di riporto asciutto composto da blocchi e breccia calcarea.","Riporto","1","Coppolella","70.000",528224.76,4565942.18,563.72
"56","C4P","2.75","Materiale di riporto asciutto composto da blocchi e breccia calcarea.","Riporto","1","Coppolella","70.000",528224.76,4565942.18,563.72
"57","C4P","2.8","Materiale di riporto asciutto composto da blocchi e breccia calcarea.","Riporto","1","Coppolella","70.000",528224.76,4565942.18,563.72
"58","C4P","2.85","Materiale di riporto asciutto composto da blocchi e breccia calcarea.","Riporto","1","Coppolella","70.000",528224.76,4565942.18,563.72
"59","C4P","2.9","Materiale di riporto asciutto composto da blocchi e breccia calcarea.","Riporto","1","Coppolella","70.000",528224.76,4565942.18,563.72
"60","C4P","2.95","Materiale di riporto asciutto composto da blocchi e breccia calcarea.","Riporto","1","Coppolella","70.000",528224.76,4565942.18,563.72
"61","C4P","3","Materiale di riporto asciutto composto da blocchi e breccia calcarea.","Riporto","1","Coppolella","70.000",528224.76,4565942.18,563.72
"62","C4P","3.05","Materiale di riporto asciutto composto da blocchi e breccia calcarea.","Riporto","1","Coppolella","70.000",528224.76,4565942.18,563.72
"63","C4P","3.1","Materiale di riporto asciutto composto da blocchi e breccia calcarea.","Riporto","1","Coppolella","70.000",528224.76,4565942.18,563.72
"64","C4P","3.15","Materiale di riporto asciutto composto da blocchi e breccia calcarea.","Riporto","1","Coppolella","70.000",528224.76,4565942.18,563.72
"65","C4P","3.2","Materiale di riporto asciutto composto da blocchi e breccia calcarea.","Riporto","1","Coppolella","70.000",528224.76,4565942.18,563.72
"66","C4P","3.25","Materiale di riporto asciutto composto da blocchi e breccia calcarea.","Riporto","1","Coppolella","70.000",528224.76,4565942.18,563.72
"67","C4P","3.3","Materiale di riporto asciutto composto da blocchi e breccia calcarea.","Riporto","1","Coppolella","70.000",528224.76,4565942.18,563.72
"68","C4P","3.35","Materiale di riporto asciutto composto da blocchi e breccia calcarea.","Riporto","1","Coppolella","70.000",528224.76,4565942.18,563.72
"69","C4P","3.4","Materiale di riporto asciutto composto da blocchi e breccia calcarea.","Riporto","1","Coppolella","70.000",528224.76,4565942.18,563.72
"70","C4P","3.45","Materiale di riporto asciutto composto da blocchi e breccia calcarea.","Riporto","1","Coppolella","70.000",528224.76,4565942.18,563.72
"71","C4P","3.5","Materiale di riporto asciutto composto da blocchi e breccia calcarea.","Riporto","1","Coppolella","70.000",528224.76,4565942.18,563.72
"72","C4P","3.55","Materiale di riporto asciutto composto da blocchi e breccia calcarea.","Riporto","1","Coppolella","70.000",528224.76,4565942.18,563.72
"73","C4P","3.6","Materiale di riporto asciutto composto da blocchi e breccia calcarea.","Riporto","1","Coppolella","70.000",528224.76,4565942.18,563.72
"74","C4P","3.65","Materiale di riporto asciutto composto da blocchi e breccia calcarea.","Riporto","1","Coppolella","70.000",528224.76,4565942.18,563.72
"75","C4P","3.7","Materiale di riporto asciutto composto da blocchi e breccia calcarea.","Riporto","1","Coppolella","70.000",528224.76,4565942.18,563.72
"76","C4P","3.75","Materiale di riporto asciutto composto da blocchi e breccia calcarea.","Riporto","1","Coppolella","70.000",528224.76,4565942.18,563.72
"77","C4P","3.8","Materiale di riporto asciutto composto da blocchi e breccia calcarea.","Riporto","1","Coppolella","70.000",528224.76,4565942.18,563.72
"78","C4P","3.85","Materiale di riporto asciutto composto da blocchi e breccia calcarea.","Riporto","1","Coppolella","70.000",528224.76,4565942.18,563.72
"79","C4P","3.9","Materiale di riporto asciutto composto da blocchi e breccia calcarea.","Riporto","1","Coppolella","70.000",528224.76,4565942.18,563.72
"80","C4P","3.95","Materiale di riporto asciutto composto da blocchi e breccia calcarea.","Riporto","1","Coppolella","70.000",528224.76,4565942.18,563.72
"81","C4P","4","Materiale di riporto asciutto composto da blocchi e breccia calcarea.","Riporto","1","Coppolella","70.000",528224.76,4565942.18,563.72
"82","C4P","4.05","Sabbia limosa mediamente addensata a grana fine color ocra/marrone chiaro. materiale poco umido.","3","1","Coppolella","70.000",528224.76,4565942.18,563.72
"83","C4P","4.1","Sabbia limosa mediamente addensata a grana fine color ocra/marrone chiaro. materiale poco umido.","3","1","Coppolella","70.000",528224.76,4565942.18,563.72
"84","C4P","4.15","Sabbia limosa mediamente addensata a grana fine color ocra/marrone chiaro. materiale poco umido.","3","1","Coppolella","70.000",528224.76,4565942.18,563.72
"85","C4P","4.2","Sabbia limosa mediamente addensata a grana fine color ocra/marrone chiaro. materiale poco umido.","3","1","Coppolella","70.000",528224.76,4565942.18,563.72
"86","C4P","4.25","Sabbia limosa mediamente addensata a grana fine color ocra/marrone chiaro. materiale poco umido.","3","1","Coppolella","70.000",528224.76,4565942.18,563.72
"87","C4P","4.3","Sabbia limosa mediamente addensata a grana fine color ocra/marrone chiaro. materiale poco umido.","3","1","Coppolella","70.000",528224.76,4565942.18,563.72
"88","C4P","4.35","Sabbia limosa mediamente addensata a grana fine color ocra/marrone chiaro. materiale poco umido.","3","1","Coppolella","70.000",528224.76,4565942.18,563.72
"89","C4P","4.4","Sabbia limosa mediamente addensata a grana fine color ocra/marrone chiaro. materiale poco umido.","3","1","Coppolella","70.000",528224.76,4565942.18,563.72
"90","C4P","4.45","Sabbia limosa mediamente addensata a grana fine color ocra/marrone chiaro. materiale poco umido.","3","1","Coppolella","70.000",528224.76,4565942.18,563.72
"91","C4P","4.5","Sabbia limosa mediamente addensata a grana fine color ocra/marrone chiaro. materiale poco umido.","3","1","Coppolella","70.000",528224.76,4565942.18,563.72
"92","C4P","4.55","Sabbia limosa mediamente addensata a grana fine color ocra/marrone chiaro. materiale poco umido.","3","1","Coppolella","70.000",528224.76,4565942.18,563.72
"93","C4P","4.6","Sabbia limosa mediamente addensata a grana fine color ocra/marrone chiaro. materiale poco umido.","3","1","Coppolella","70.000",528224.76,4565942.18,563.72
"94","C4P","4.65","Sabbia limosa mediamente addensata a grana fine color ocra/marrone chiaro. materiale poco umido.","3","1","Coppolella","70.000",528224.76,4565942.18,563.72
"95","C4P","4.7","Sabbia limosa mediamente addensata a grana fine color ocra/marrone chiaro. materiale poco umido.","3","1","Coppolella","70.000",528224.76,4565942.18,563.72
"96","C4P","4.75","Sabbia limosa mediamente addensata a grana fine color ocra/marrone chiaro. materiale poco umido.","3","1","Coppolella","70.000",528224.76,4565942.18,563.72
"97","C4P","4.8","Sabbia limosa mediamente addensata a grana fine color ocra/marrone chiaro. materiale poco umido.","3","1","Coppolella","70.000",528224.76,4565942.18,563.72
"98","C4P","4.85","Sabbia limosa mediamente addensata a grana fine color ocra/marrone chiaro. materiale poco umido.","3","1","Coppolella","70.000",528224.76,4565942.18,563.72
"99","C4P","4.9","Sabbia limosa mediamente addensata a grana fine color ocra/marrone chiaro. materiale poco umido.","3","1","Coppolella","70.000",528224.76,4565942.18,563.72
"100","C4P","4.95","Sabbia limosa mediamente addensata a grana fine color ocra/marrone chiaro. materiale poco umido.","3","1","Coppolella","70.000",528224.76,4565942.18,563.72
"101","C4P","5","Sabbia limosa mediamente addensata a grana fine color ocra/marrone chiaro. materiale poco umido.","3","1","Coppolella","70.000",528224.76,4565942.18,563.72
"102","C4P","5.05","Limo sabbioso molto addensato con frequenti trovanti calcarei di dimensioni da 1 a 5 cm. Materiale poco umido.","3","1","Coppolella","70.000",528224.76,4565942.18,563.72
"103","C4P","5.1","Limo sabbioso molto addensato con frequenti trovanti calcarei di dimensioni da 1 a 5 cm. Materiale poco umido.","3","1","Coppolella","70.000",528224.76,4565942.18,563.72
"104","C4P","5.15","Limo sabbioso molto addensato con frequenti trovanti calcarei di dimensioni da 1 a 5 cm. Materiale poco umido.","3","1","Coppolella","70.000",528224.76,4565942.18,563.72
"105","C4P","5.2","Limo sabbioso molto addensato con frequenti trovanti calcarei di dimensioni da 1 a 5 cm. Materiale poco umido.","3","1","Coppolella","70.000",528224.76,4565942.18,563.72
"106","C4P","5.25","Limo sabbioso molto addensato con frequenti trovanti calcarei di dimensioni da 1 a 5 cm. Materiale poco umido.","3","1","Coppolella","70.000",528224.76,4565942.18,563.72
"107","C4P","5.3","Limo sabbioso molto addensato con frequenti trovanti calcarei di dimensioni da 1 a 5 cm. Materiale poco umido.","3","1","Coppolella","70.000",528224.76,4565942.18,563.72
"108","C4P","5.35","Limo sabbioso molto addensato con frequenti trovanti calcarei di dimensioni da 1 a 5 cm. Materiale poco umido.","3","1","Coppolella","70.000",528224.76,4565942.18,563.72
"109","C4P","5.4","Limo sabbioso molto addensato con frequenti trovanti calcarei di dimensioni da 1 a 5 cm. Materiale poco umido.","3","1","Coppolella","70.000",528224.76,4565942.18,563.72
"110","C4P","5.45","Limo sabbioso molto addensato con frequenti trovanti calcarei di dimensioni da 1 a 5 cm. Materiale poco umido.","3","1","Coppolella","70.000",528224.76,4565942.18,563.72
"111","C4P","5.5","Limo sabbioso molto addensato con frequenti trovanti calcarei di dimensioni da 1 a 5 cm. Materiale poco umido.","3","1","Coppolella","70.000",528224.76,4565942.18,563.72
"112","C4P","5.55","Limo sabbioso molto addensato con frequenti trovanti calcarei di dimensioni da 1 a 5 cm. Materiale poco umido.","3","1","Coppolella","70.000",528224.76,4565942.18,563.72
"113","C4P","5.6","Limo sabbioso molto addensato con frequenti trovanti calcarei di dimensioni da 1 a 5 cm. Materiale poco umido.","3","1","Coppolella","70.000",528224.76,4565942.18,563.72
"114","C4P","5.65","Limo sabbioso molto addensato con frequenti trovanti calcarei di dimensioni da 1 a 5 cm. Materiale poco umido.","3","1","Coppolella","70.000",528224.76,4565942.18,563.72
"115","C4P","5.7","Limo sabbioso molto addensato con frequenti trovanti calcarei di dimensioni da 1 a 5 cm. Materiale poco umido.","3","1","Coppolella","70.000",528224.76,4565942.18,563.72
"116","C4P","5.75","Limo sabbioso molto addensato con frequenti trovanti calcarei di dimensioni da 1 a 5 cm. Materiale poco umido.","3","1","Coppolella","70.000",528224.76,4565942.18,563.72
"117","C4P","5.8","Limo sabbioso molto addensato con frequenti trovanti calcarei di dimensioni da 1 a 5 cm. Materiale poco umido.","3","1","Coppolella","70.000",528224.76,4565942.18,563.72
"118","C4P","5.85","Limo sabbioso molto addensato con frequenti trovanti calcarei di dimensioni da 1 a 5 cm. Materiale poco umido.","3","1","Coppolella","70.000",528224.76,4565942.18,563.72
"119","C4P","5.9","Limo sabbioso molto addensato con frequenti trovanti calcarei di dimensioni da 1 a 5 cm. Materiale poco umido.","3","1","Coppolella","70.000",528224.76,4565942.18,563.72
"120","C4P","5.95","Limo sabbioso molto addensato con frequenti trovanti calcarei di dimensioni da 1 a 5 cm. Materiale poco umido.","3","1","Coppolella","70.000",528224.76,4565942.18,563.72
"121","C4P","6","Limo sabbioso molto addensato con frequenti trovanti calcarei di dimensioni da 1 a 5 cm. Materiale poco umido.","3","1","Coppolella","70.000",528224.76,4565942.18,563.72
"122","C4P","6.05","Limo sabbioso molto addensato con frequenti trovanti calcarei di dimensioni da 1 a 5 cm. Materiale poco umido.","3","1","Coppolella","70.000",528224.76,4565942.18,563.72
"123","C4P","6.1","Limo sabbioso molto addensato con frequenti trovanti calcarei di dimensioni da 1 a 5 cm. Materiale poco umido.","3","1","Coppolella","70.000",528224.76,4565942.18,563.72
"124","C4P","6.15","Limo sabbioso molto addensato con frequenti trovanti calcarei di dimensioni da 1 a 5 cm. Materiale poco umido.","3","1","Coppolella","70.000",528224.76,4565942.18,563.72
"125","C4P","6.2","Limo sabbioso molto addensato con frequenti trovanti calcarei di dimensioni da 1 a 5 cm. Materiale poco umido.","3","1","Coppolella","70.000",528224.76,4565942.18,563.72
"126","C4P","6.25","Limo sabbioso molto addensato con frequenti trovanti calcarei di dimensioni da 1 a 5 cm. Materiale poco umido.","3","1","Coppolella","70.000",528224.76,4565942.18,563.72
"127","C4P","6.3","Limo sabbioso molto addensato con frequenti trovanti calcarei di dimensioni da 1 a 5 cm. Materiale poco umido.","3","1","Coppolella","70.000",528224.76,4565942.18,563.72
"128","C4P","6.35","Limo sabbioso molto addensato con frequenti trovanti calcarei di dimensioni da 1 a 5 cm. Materiale poco umido.","3","1","Coppolella","70.000",528224.76,4565942.18,563.72
"129","C4P","6.4","Limo sabbioso molto addensato con frequenti trovanti calcarei di dimensioni da 1 a 5 cm. Materiale poco umido.","3","1","Coppolella","70.000",528224.76,4565942.18,563.72
"130","C4P","6.45","Limo sabbioso molto addensato con frequenti trovanti calcarei di dimensioni da 1 a 5 cm. Materiale poco umido.","3","1","Coppolella","70.000",528224.76,4565942.18,563.72
"131","C4P","6.5","Limo sabbioso molto addensato con frequenti trovanti calcarei di dimensioni da 1 a 5 cm. Materiale poco umido.","3","1","Coppolella","70.000",528224.76,4565942.18,563.72
"132","C4P","6.55","Limo sabbioso molto addensato con frequenti trovanti calcarei di dimensioni da 1 a 5 cm. Materiale poco umido.","3","1","Coppolella","70.000",528224.76,4565942.18,563.72
"133","C4P","6.6","Limo sabbioso molto addensato con frequenti trovanti calcarei di dimensioni da 1 a 5 cm. Materiale poco umido.","3","1","Coppolella","70.000",528224.76,4565942.18,563.72
"134","C4P","6.65","Limo sabbioso molto addensato con frequenti trovanti calcarei di dimensioni da 1 a 5 cm. Materiale poco umido.","3","1","Coppolella","70.000",528224.76,4565942.18,563.72
"135","C4P","6.7","Limo sabbioso molto addensato con frequenti trovanti calcarei di dimensioni da 1 a 5 cm. Materiale poco umido.","3","1","Coppolella","70.000",528224.76,4565942.18,563.72
"136","C4P","6.75","Limo sabbioso molto addensato con frequenti trovanti calcarei di dimensioni da 1 a 5 cm. Materiale poco umido.","3","1","Coppolella","70.000",528224.76,4565942.18,563.72
"137","C4P","6.8","Limo sabbioso molto addensato con frequenti trovanti calcarei di dimensioni da 1 a 5 cm. Materiale poco umido.","3","1","Coppolella","70.000",528224.76,4565942.18,563.72
"138","C4P","6.85","Limo sabbioso molto addensato con frequenti trovanti calcarei di dimensioni da 1 a 5 cm. Materiale poco umido.","3","1","Coppolella","70.000",528224.76,4565942.18,563.72
"139","C4P","6.9","Limo sabbioso molto addensato con frequenti trovanti calcarei di dimensioni da 1 a 5 cm. Materiale poco umido.","3","1","Coppolella","70.000",528224.76,4565942.18,563.72
"140","C4P","6.95","Calcare molto fratturato con limi di riempimento delle fratture","3","1","Coppolella","70.000",528224.76,4565942.18,563.72
"141","C4P","7","Calcare molto fratturato con limi di riempimento delle fratture","3","1","Coppolella","70.000",528224.76,4565942.18,563.72
"142","C4P","7.05","Calcare molto fratturato con limi di riempimento delle fratture","3","1","Coppolella","70.000",528224.76,4565942.18,563.72
"143","C4P","7.1","Calcare molto fratturato con limi di riempimento delle fratture","3","1","Coppolella","70.000",528224.76,4565942.18,563.72
"144","C4P","7.15","Calcare molto fratturato con limi di riempimento delle fratture","3","1","Coppolella","70.000",528224.76,4565942.18,563.72
"145","C4P","7.2","Calcare molto fratturato con limi di riempimento delle fratture","3","1","Coppolella","70.000",528224.76,4565942.18,563.72
"146","C4P","7.25","Calcare molto fratturato con limi di riempimento delle fratture","3","1","Coppolella","70.000",528224.76,4565942.18,563.72
"147","C4P","7.3","Calcare molto fratturato con limi di riempimento delle fratture","3","1","Coppolella","70.000",528224.76,4565942.18,563.72
"148","C4P","7.35","Calcare molto fratturato con limi di riempimento delle fratture","3","1","Coppolella","70.000",528224.76,4565942.18,563.72
"149","C4P","7.4","Calcare molto fratturato con limi di riempimento delle fratture","3","1","Coppolella","70.000",528224.76,4565942.18,563.72
"150","C4P","7.45","Calcare molto fratturato con limi di riempimento delle fratture","3","1","Coppolella","70.000",528224.76,4565942.18,563.72
"151","C4P","7.5","Calcare molto fratturato con limi di riempimento delle fratture","3","1","Coppolella","70.000",528224.76,4565942.18,563.72
"152","C4P","7.55","Calcare molto fratturato con limi di riempimento delle fratture","3","1","Coppolella","70.000",528224.76,4565942.18,563.72
"153","C4P","7.6","Calcare molto fratturato con limi di riempimento delle fratture","3","1","Coppolella","70.000",528224.76,4565942.18,563.72
"154","C4P","7.65","Calcare molto fratturato con limi di riempimento delle fratture","3","1","Coppolella","70.000",528224.76,4565942.18,563.72
"155","C4P","7.7","Calcare molto fratturato con limi di riempimento delle fratture","3","1","Coppolella","70.000",528224.76,4565942.18,563.72
"156","C4P","7.75","Calcare molto fratturato con limi di riempimento delle fratture","3","1","Coppolella","70.000",528224.76,4565942.18,563.72
"157","C4P","7.8","Calcare molto fratturato con limi di riempimento delle fratture","3","1","Coppolella","70.000",528224.76,4565942.18,563.72
"158","C4P","7.85","Calcare molto fratturato con limi di riempimento delle fratture","3","1","Coppolella","70.000",528224.76,4565942.18,563.72
"159","C4P","7.9","Calcare molto fratturato con limi di riempimento delle fratture","3","1","Coppolella","70.000",528224.76,4565942.18,563.72
"160","C4P","7.95","Calcare molto fratturato con limi di riempimento delle fratture","3","1","Coppolella","70.000",528224.76,4565942.18,563.72
"161","C4P","8","Calcare molto fratturato con limi di riempimento delle fratture","3","1","Coppolella","70.000",528224.76,4565942.18,563.72
"162","C4P","8.05","Calcare molto fratturato con limi di riempimento delle fratture","3","1","Coppolella","70.000",528224.76,4565942.18,563.72
"163","C4P","8.1","Calcare molto fratturato con limi di riempimento delle fratture","3","1","Coppolella","70.000",528224.76,4565942.18,563.72
"164","C4P","8.15","Calcare molto fratturato con limi di riempimento delle fratture","3","1","Coppolella","70.000",528224.76,4565942.18,563.72
"165","C4P","8.2","Calcare molto fratturato con limi di riempimento delle fratture","3","1","Coppolella","70.000",528224.76,4565942.18,563.72
"166","C4P","8.25","Calcare molto fratturato con limi di riempimento delle fratture","3","1","Coppolella","70.000",528224.76,4565942.18,563.72
"167","C4P","8.3","Calcare molto fratturato con limi di riempimento delle fratture","3","1","Coppolella","70.000",528224.76,4565942.18,563.72
"168","C4P","8.35","Calcare molto fratturato con limi di riempimento delle fratture","3","1","Coppolella","70.000",528224.76,4565942.18,563.72
"169","C4P","8.4","Calcare molto fratturato con limi di riempimento delle fratture","3","1","Coppolella","70.000",528224.76,4565942.18,563.72
"170","C4P","8.45","Calcare molto fratturato con limi di riempimento delle fratture","3","1","Coppolella","70.000",528224.76,4565942.18,563.72
"171","C4P","8.5","Calcare molto fratturato con limi di riempimento delle fratture","3","1","Coppolella","70.000",528224.76,4565942.18,563.72
"172","C4P","8.55","Calcare molto fratturato con limi di riempimento delle fratture","3","1","Coppolella","70.000",528224.76,4565942.18,563.72
"173","C4P","8.6","Calcare molto fratturato con limi di riempimento delle fratture","3","1","Coppolella","70.000",528224.76,4565942.18,563.72
"174","C4P","8.65","Calcare molto fratturato con limi di riempimento delle fratture","3","1","Coppolella","70.000",528224.76,4565942.18,563.72
"175","C4P","8.7","Calcare molto fratturato con limi di riempimento delle fratture","3","1","Coppolella","70.000",528224.76,4565942.18,563.72
"176","C4P","8.75","Calcare molto fratturato con limi di riempimento delle fratture","3","1","Coppolella","70.000",528224.76,4565942.18,563.72
"177","C4P","8.8","Calcare molto fratturato con limi di riempimento delle fratture","3","1","Coppolella","70.000",528224.76,4565942.18,563.72
"178","C4P","8.85","Calcare molto fratturato con limi di riempimento delle fratture","3","1","Coppolella","70.000",528224.76,4565942.18,563.72
"179","C4P","8.9","Calcare molto fratturato con limi di riempimento delle fratture","3","1","Coppolella","70.000",528224.76,4565942.18,563.72
"180","C4P","8.95","Limo sabbioso mediamente addensato. Materiale poco umido.","3","1","Coppolella","70.000",528224.76,4565942.18,563.72
"181","C4P","9","Limo sabbioso mediamente addensato. Materiale poco umido.","3","1","Coppolella","70.000",528224.76,4565942.18,563.72
"182","C4P","9.05","Limo sabbioso mediamente addensato. Materiale poco umido.","3","1","Coppolella","70.000",528224.76,4565942.18,563.72
"183","C4P","9.1","Limo sabbioso mediamente addensato. Materiale poco umido.","3","1","Coppolella","70.000",528224.76,4565942.18,563.72
"184","C4P","9.15","Limo sabbioso mediamente addensato. Materiale poco umido.","3","1","Coppolella","70.000",528224.76,4565942.18,563.72
"185","C4P","9.2","Limo sabbioso mediamente addensato. Materiale poco umido.","3","1","Coppolella","70.000",528224.76,4565942.18,563.72
"186","C4P","9.25","Limo sabbioso mediamente addensato. Materiale poco umido.","3","1","Coppolella","70.000",528224.76,4565942.18,563.72
"187","C4P","9.3","Limo sabbioso mediamente addensato. Materiale poco umido.","3","1","Coppolella","70.000",528224.76,4565942.18,563.72
"188","C4P","9.35","Limo sabbioso mediamente addensato. Materiale poco umido.","3","1","Coppolella","70.000",528224.76,4565942.18,563.72
"189","C4P","9.4","Limo sabbioso mediamente addensato. Materiale poco umido.","3","1","Coppolella","70.000",528224.76,4565942.18,563.72
"190","C4P","9.45","Limo sabbioso mediamente addensato. Materiale poco umido.","3","1","Coppolella","70.000",528224.76,4565942.18,563.72
"191","C4P","9.5","Limo sabbioso mediamente addensato. Materiale poco umido.","3","1","Coppolella","70.000",528224.76,4565942.18,563.72
"192","C4P","9.55","Calcare molto fratturato.","3","1","Coppolella","70.000",528224.76,4565942.18,563.72
"193","C4P","9.6","Calcare molto fratturato.","3","1","Coppolella","70.000",528224.76,4565942.18,563.72
"194","C4P","9.65","Calcare molto fratturato.","3","1","Coppolella","70.000",528224.76,4565942.18,563.72
"195","C4P","9.7","Calcare molto fratturato.","3","1","Coppolella","70.000",528224.76,4565942.18,563.72
"196","C4P","9.75","Limo sabbioso molto addensato con frequenti trovanti calcarei di dimensioni da 1 a 5 cm. Materiale poco umido.","3","1","Coppolella","70.000",528224.76,4565942.18,563.72
"197","C4P","9.8","Limo sabbioso molto addensato con frequenti trovanti calcarei di dimensioni da 1 a 5 cm. Materiale poco umido.","3","1","Coppolella","70.000",528224.76,4565942.18,563.72
"198","C4P","9.85","Limo sabbioso molto addensato con frequenti trovanti calcarei di dimensioni da 1 a 5 cm. Materiale poco umido.","3","1","Coppolella","70.000",528224.76,4565942.18,563.72
"199","C4P","9.9","Limo sabbioso molto addensato con frequenti trovanti calcarei di dimensioni da 1 a 5 cm. Materiale poco umido.","3","1","Coppolella","70.000",528224.76,4565942.18,563.72
"200","C4P","9.95","Limo sabbioso molto addensato con frequenti trovanti calcarei di dimensioni da 1 a 5 cm. Materiale poco umido.","3","1","Coppolella","70.000",528224.76,4565942.18,563.72
"201","C4P","10","Limo sabbioso molto addensato con frequenti trovanti calcarei di dimensioni da 1 a 5 cm. Materiale poco umido.","3","1","Coppolella","70.000",528224.76,4565942.18,563.72
"202","C4P","10.05","Limo sabbioso molto addensato con frequenti trovanti calcarei di dimensioni da 1 a 5 cm. Materiale poco umido.","3","1","Coppolella","70.000",528224.76,4565942.18,563.72
"203","C4P","10.1","Limo sabbioso molto addensato con frequenti trovanti calcarei di dimensioni da 1 a 5 cm. Materiale poco umido.","3","1","Coppolella","70.000",528224.76,4565942.18,563.72
"204","C4P","10.15","Limo sabbioso molto addensato con frequenti trovanti calcarei di dimensioni da 1 a 5 cm. Materiale poco umido.","3","1","Coppolella","70.000",528224.76,4565942.18,563.72
"205","C4P","10.2","Limo sabbioso molto addensato con frequenti trovanti calcarei di dimensioni da 1 a 5 cm. Materiale poco umido.","3","1","Coppolella","70.000",528224.76,4565942.18,563.72
"206","C4P","10.25","Limo sabbioso molto addensato con frequenti trovanti calcarei di dimensioni da 1 a 5 cm. Materiale poco umido.","3","1","Coppolella","70.000",528224.76,4565942.18,563.72
"207","C4P","10.3","Limo sabbioso molto addensato con frequenti trovanti calcarei di dimensioni da 1 a 5 cm. Materiale poco umido.","3","1","Coppolella","70.000",528224.76,4565942.18,563.72
"208","C4P","10.35","Limo sabbioso molto addensato con frequenti trovanti calcarei di dimensioni da 1 a 5 cm. Materiale poco umido.","3","1","Coppolella","70.000",528224.76,4565942.18,563.72
"209","C4P","10.4","Limo sabbioso molto addensato con frequenti trovanti calcarei di dimensioni da 1 a 5 cm. Materiale poco umido.","3","1","Coppolella","70.000",528224.76,4565942.18,563.72
"210","C4P","10.45","Limo sabbioso molto addensato con frequenti trovanti calcarei di dimensioni da 1 a 5 cm. Materiale poco umido.","3","1","Coppolella","70.000",528224.76,4565942.18,563.72
"211","C4P","10.5","Limo sabbioso molto addensato con frequenti trovanti calcarei di dimensioni da 1 a 5 cm. Materiale poco umido.","3","1","Coppolella","70.000",528224.76,4565942.18,563.72
"212","C4P","10.55","Limo sabbioso molto addensato con frequenti trovanti calcarei di dimensioni da 1 a 5 cm. Materiale poco umido.","3","1","Coppolella","70.000",528224.76,4565942.18,563.72
"213","C4P","10.6","Limo sabbioso molto addensato con frequenti trovanti calcarei di dimensioni da 1 a 5 cm. Materiale poco umido.","3","1","Coppolella","70.000",528224.76,4565942.18,563.72
"214","C4P","10.65","Calcare molto fratturato.","3","1","Coppolella","70.000",528224.76,4565942.18,563.72
"215","C4P","10.7","Calcare molto fratturato.","3","1","Coppolella","70.000",528224.76,4565942.18,563.72
"216","C4P","10.75","Calcare molto fratturato.","3","1","Coppolella","70.000",528224.76,4565942.18,563.72
"217","C4P","10.8","Calcare molto fratturato.","3","1","Coppolella","70.000",528224.76,4565942.18,563.72
"218","C4P","10.85","Calcare molto fratturato.","3","1","Coppolella","70.000",528224.76,4565942.18,563.72
"219","C4P","10.9","Calcare molto fratturato.","3","1","Coppolella","70.000",528224.76,4565942.18,563.72
"220","C4P","10.95","Calcare molto fratturato.","3","1","Coppolella","70.000",528224.76,4565942.18,563.72
"221","C4P","11","Calcare molto fratturato.","3","1","Coppolella","70.000",528224.76,4565942.18,563.72
"222","C4P","11.05","Calcare molto fratturato.","3","1","Coppolella","70.000",528224.76,4565942.18,563.72
"223","C4P","11.1","Calcare molto fratturato.","3","1","Coppolella","70.000",528224.76,4565942.18,563.72
"224","C4P","11.15","Calcare molto fratturato.","3","1","Coppolella","70.000",528224.76,4565942.18,563.72
"225","C4P","11.2","Calcare molto fratturato.","3","1","Coppolella","70.000",528224.76,4565942.18,563.72
"226","C4P","11.25","Calcare molto fratturato.","3","1","Coppolella","70.000",528224.76,4565942.18,563.72
"227","C4P","11.3","Calcare molto fratturato.","3","1","Coppolella","70.000",528224.76,4565942.18,563.72
"228","C4P","11.35","Calcare molto fratturato.","3","1","Coppolella","70.000",528224.76,4565942.18,563.72
"229","C4P","11.4","Calcare molto fratturato.","3","1","Coppolella","70.000",528224.76,4565942.18,563.72
"230","C4P","11.45","Limo argilloso da poco a mediamente consistente color nocciola. Tra 10.3 e 10.4 presente livello molto ossidato con incrostazione colore nero e molto dura.","3","1","Coppolella","70.000",528224.76,4565942.18,563.72
"231","C4P","11.5","Limo argilloso da poco a mediamente consistente color nocciola. Tra 10.3 e 10.4 presente livello molto ossidato con incrostazione colore nero e molto dura.","3","1","Coppolella","70.000",528224.76,4565942.18,563.72
"232","C4P","11.55","Limo argilloso da poco a mediamente consistente color nocciola. Tra 10.3 e 10.4 presente livello molto ossidato con incrostazione colore nero e molto dura.","3","1","Coppolella","70.000",528224.76,4565942.18,563.72
"233","C4P","11.6","Limo argilloso da poco a mediamente consistente color nocciola. Tra 10.3 e 10.4 presente livello molto ossidato con incrostazione colore nero e molto dura.","3","1","Coppolella","70.000",528224.76,4565942.18,563.72
"234","C4P","11.65","Limo argilloso da poco a mediamente consistente color nocciola. Tra 10.3 e 10.4 presente livello molto ossidato con incrostazione colore nero e molto dura.","3","1","Coppolella","70.000",528224.76,4565942.18,563.72
"235","C4P","11.7","Limo argilloso da poco a mediamente consistente color nocciola. Tra 10.3 e 10.4 presente livello molto ossidato con incrostazione colore nero e molto dura.","3","1","Coppolella","70.000",528224.76,4565942.18,563.72
"236","C4P","11.75","Limo argilloso da poco a mediamente consistente color nocciola. Tra 10.3 e 10.4 presente livello molto ossidato con incrostazione colore nero e molto dura.","3","1","Coppolella","70.000",528224.76,4565942.18,563.72
"237","C4P","11.8","Limo argilloso da poco a mediamente consistente color nocciola. Tra 10.3 e 10.4 presente livello molto ossidato con incrostazione colore nero e molto dura.","3","1","Coppolella","70.000",528224.76,4565942.18,563.72
"238","C4P","11.85","Limo argilloso da poco a mediamente consistente color nocciola. Tra 10.3 e 10.4 presente livello molto ossidato con incrostazione colore nero e molto dura.","3","1","Coppolella","70.000",528224.76,4565942.18,563.72
"239","C4P","11.9","Limo argilloso da poco a mediamente consistente color nocciola. Tra 10.3 e 10.4 presente livello molto ossidato con incrostazione colore nero e molto dura.","3","1","Coppolella","70.000",528224.76,4565942.18,563.72
"240","C4P","11.95","Limo argilloso da poco a mediamente consistente color nocciola. Tra 10.3 e 10.4 presente livello molto ossidato con incrostazione colore nero e molto dura.","3","1","Coppolella","70.000",528224.76,4565942.18,563.72
"241","C4P","12","Limo argilloso da poco a mediamente consistente color nocciola. Tra 10.3 e 10.4 presente livello molto ossidato con incrostazione colore nero e molto dura.","3","1","Coppolella","70.000",528224.76,4565942.18,563.72
"242","C4P","12.05","Limo argilloso da poco a mediamente consistente color nocciola. Tra 10.3 e 10.4 presente livello molto ossidato con incrostazione colore nero e molto dura.","3","1","Coppolella","70.000",528224.76,4565942.18,563.72
"243","C4P","12.1","Limo argilloso da poco a mediamente consistente color nocciola. Tra 10.3 e 10.4 presente livello molto ossidato con incrostazione colore nero e molto dura.","3","1","Coppolella","70.000",528224.76,4565942.18,563.72
"244","C4P","12.15","Limo argilloso da poco a mediamente consistente color nocciola. Tra 10.3 e 10.4 presente livello molto ossidato con incrostazione colore nero e molto dura.","3","1","Coppolella","70.000",528224.76,4565942.18,563.72
"245","C4P","12.2","Limo argilloso da poco a mediamente consistente color nocciola. Tra 10.3 e 10.4 presente livello molto ossidato con incrostazione colore nero e molto dura.","3","1","Coppolella","70.000",528224.76,4565942.18,563.72
"246","C4P","12.25","Limo argilloso da poco a mediamente consistente color nocciola. Tra 10.3 e 10.4 presente livello molto ossidato con incrostazione colore nero e molto dura.","3","1","Coppolella","70.000",528224.76,4565942.18,563.72
"247","C4P","12.3","Limo argilloso da poco a mediamente consistente color nocciola. Tra 10.3 e 10.4 presente livello molto ossidato con incrostazione colore nero e molto dura.","3","1","Coppolella","70.000",528224.76,4565942.18,563.72
"248","C4P","12.35","Limo argilloso da poco a mediamente consistente color nocciola. Tra 10.3 e 10.4 presente livello molto ossidato con incrostazione colore nero e molto dura.","3","1","Coppolella","70.000",528224.76,4565942.18,563.72
"249","C4P","12.4","Limo argilloso da poco a mediamente consistente color nocciola. Tra 10.3 e 10.4 presente livello molto ossidato con incrostazione colore nero e molto dura.","3","1","Coppolella","70.000",528224.76,4565942.18,563.72
"250","C4P","12.45","Limo argilloso da poco a mediamente consistente color nocciola. Tra 10.3 e 10.4 presente livello molto ossidato con incrostazione colore nero e molto dura.","3","1","Coppolella","70.000",528224.76,4565942.18,563.72
"251","C4P","12.5","Limo argilloso da poco a mediamente consistente color nocciola. Tra 10.3 e 10.4 presente livello molto ossidato con incrostazione colore nero e molto dura.","3","1","Coppolella","70.000",528224.76,4565942.18,563.72
"252","C4P","12.55","Limo argilloso da poco a mediamente consistente color nocciola. Tra 10.3 e 10.4 presente livello molto ossidato con incrostazione colore nero e molto dura.","3","1","Coppolella","70.000",528224.76,4565942.18,563.72
"253","C4P","12.6","Limo argilloso da poco a mediamente consistente color nocciola. Tra 10.3 e 10.4 presente livello molto ossidato con incrostazione colore nero e molto dura.","3","1","Coppolella","70.000",528224.76,4565942.18,563.72
"254","C4P","12.65","Limo argilloso da poco a mediamente consistente color nocciola. Tra 10.3 e 10.4 presente livello molto ossidato con incrostazione colore nero e molto dura.","3","1","Coppolella","70.000",528224.76,4565942.18,563.72
"255","C4P","12.7","Limo argilloso da poco a mediamente consistente color nocciola. Tra 10.3 e 10.4 presente livello molto ossidato con incrostazione colore nero e molto dura.","3","1","Coppolella","70.000",528224.76,4565942.18,563.72
"256","C4P","12.75","Limo argilloso da poco a mediamente consistente color nocciola. Tra 10.3 e 10.4 presente livello molto ossidato con incrostazione colore nero e molto dura.","3","1","Coppolella","70.000",528224.76,4565942.18,563.72
"257","C4P","12.8","Limo argilloso da poco a mediamente consistente color nocciola. Tra 10.3 e 10.4 presente livello molto ossidato con incrostazione colore nero e molto dura.","3","1","Coppolella","70.000",528224.76,4565942.18,563.72
"258","C4P","12.85","Limo argilloso da poco a mediamente consistente color nocciola. Tra 10.3 e 10.4 presente livello molto ossidato con incrostazione colore nero e molto dura.","3","1","Coppolella","70.000",528224.76,4565942.18,563.72
"259","C4P","12.9","Limo argilloso da poco a mediamente consistente color nocciola. Tra 10.3 e 10.4 presente livello molto ossidato con incrostazione colore nero e molto dura.","3","1","Coppolella","70.000",528224.76,4565942.18,563.72
"260","C4P","12.95","Limo argilloso da poco a mediamente consistente color nocciola. Tra 10.3 e 10.4 presente livello molto ossidato con incrostazione colore nero e molto dura.","3","1","Coppolella","70.000",528224.76,4565942.18,563.72
"261","C4P","13","Limo argilloso da poco a mediamente consistente color nocciola. Tra 10.3 e 10.4 presente livello molto ossidato con incrostazione colore nero e molto dura.","3","1","Coppolella","70.000",528224.76,4565942.18,563.72
"262","C4P","13.05","Limo argilloso da poco a mediamente consistente color nocciola. Tra 10.3 e 10.4 presente livello molto ossidato con incrostazione colore nero e molto dura.","3","1","Coppolella","70.000",528224.76,4565942.18,563.72
"263","C4P","13.1","Limo argilloso da poco a mediamente consistente color nocciola. Tra 10.3 e 10.4 presente livello molto ossidato con incrostazione colore nero e molto dura.","3","1","Coppolella","70.000",528224.76,4565942.18,563.72
"264","C4P","13.15","Limo argilloso da poco a mediamente consistente color nocciola. Tra 10.3 e 10.4 presente livello molto ossidato con incrostazione colore nero e molto dura.","3","1","Coppolella","70.000",528224.76,4565942.18,563.72
"265","C4P","13.2","Limo argilloso da poco a mediamente consistente color nocciola. Tra 10.3 e 10.4 presente livello molto ossidato con incrostazione colore nero e molto dura.","3","1","Coppolella","70.000",528224.76,4565942.18,563.72
"266","C4P","13.25","Limo argilloso da poco a mediamente consistente color nocciola. Tra 10.3 e 10.4 presente livello molto ossidato con incrostazione colore nero e molto dura.","3","1","Coppolella","70.000",528224.76,4565942.18,563.72
"267","C4P","13.3","Limo argilloso da poco a mediamente consistente color nocciola. Tra 10.3 e 10.4 presente livello molto ossidato con incrostazione colore nero e molto dura.","3","1","Coppolella","70.000",528224.76,4565942.18,563.72
"268","C4P","13.35","Limo argilloso da poco a mediamente consistente color nocciola. Tra 10.3 e 10.4 presente livello molto ossidato con incrostazione colore nero e molto dura.","3","1","Coppolella","70.000",528224.76,4565942.18,563.72
"269","C4P","13.4","Limo argilloso da poco a mediamente consistente color nocciola. Tra 10.3 e 10.4 presente livello molto ossidato con incrostazione colore nero e molto dura.","3","1","Coppolella","70.000",528224.76,4565942.18,563.72
"270","C4P","13.45","Calcare mediamente fratturato.","3","1","Coppolella","70.000",528224.76,4565942.18,563.72
"271","C4P","13.5","Calcare mediamente fratturato.","3","1","Coppolella","70.000",528224.76,4565942.18,563.72
"272","C4P","13.55","Calcare mediamente fratturato.","3","1","Coppolella","70.000",528224.76,4565942.18,563.72
"273","C4P","13.6","Calcare mediamente fratturato.","3","1","Coppolella","70.000",528224.76,4565942.18,563.72
"274","C4P","13.65","Calcare mediamente fratturato.","3","1","Coppolella","70.000",528224.76,4565942.18,563.72
"275","C4P","13.7","Calcare mediamente fratturato.","3","1","Coppolella","70.000",528224.76,4565942.18,563.72
"276","C4P","13.75","Calcare mediamente fratturato.","3","1","Coppolella","70.000",528224.76,4565942.18,563.72
"277","C4P","13.8","Calcare mediamente fratturato.","3","1","Coppolella","70.000",528224.76,4565942.18,563.72
"278","C4P","13.85","Calcare mediamente fratturato.","3","1","Coppolella","70.000",528224.76,4565942.18,563.72
"279","C4P","13.9","Calcare mediamente fratturato.","3","1","Coppolella","70.000",528224.76,4565942.18,563.72
"280","C4P","13.95","Argilla grigia molto consistente in alternanza a strati limosi e sabbiosi di colore nocciola. Materiale umido","3","1","Coppolella","70.000",528224.76,4565942.18,563.72
"281","C4P","14","Argilla grigia molto consistente in alternanza a strati limosi e sabbiosi di colore nocciola. Materiale umido","3","1","Coppolella","70.000",528224.76,4565942.18,563.72
"282","C4P","14.05","Argilla grigia molto consistente in alternanza a strati limosi e sabbiosi di colore nocciola. Materiale umido","3","1","Coppolella","70.000",528224.76,4565942.18,563.72
"283","C4P","14.1","Argilla grigia molto consistente in alternanza a strati limosi e sabbiosi di colore nocciola. Materiale umido","3","1","Coppolella","70.000",528224.76,4565942.18,563.72
"284","C4P","14.15","Argilla grigia molto consistente in alternanza a strati limosi e sabbiosi di colore nocciola. Materiale umido","3","1","Coppolella","70.000",528224.76,4565942.18,563.72
"285","C4P","14.2","Argilla grigia molto consistente in alternanza a strati limosi e sabbiosi di colore nocciola. Materiale umido","3","1","Coppolella","70.000",528224.76,4565942.18,563.72
"286","C4P","14.25","Argilla grigia molto consistente in alternanza a strati limosi e sabbiosi di colore nocciola. Materiale umido","3","1","Coppolella","70.000",528224.76,4565942.18,563.72
"287","C4P","14.3","Argilla grigia molto consistente in alternanza a strati limosi e sabbiosi di colore nocciola. Materiale umido","3","1","Coppolella","70.000",528224.76,4565942.18,563.72
"288","C4P","14.35","Argilla grigia molto consistente in alternanza a strati limosi e sabbiosi di colore nocciola. Materiale umido","3","1","Coppolella","70.000",528224.76,4565942.18,563.72
"289","C4P","14.4","Argilla grigia molto consistente in alternanza a strati limosi e sabbiosi di colore nocciola. Materiale umido","3","1","Coppolella","70.000",528224.76,4565942.18,563.72
"290","C4P","14.45","Argilla grigia molto consistente in alternanza a strati limosi e sabbiosi di colore nocciola. Materiale umido","3","1","Coppolella","70.000",528224.76,4565942.18,563.72
"291","C4P","14.5","Argilla grigia molto consistente in alternanza a strati limosi e sabbiosi di colore nocciola. Materiale umido","3","1","Coppolella","70.000",528224.76,4565942.18,563.72
"292","C4P","14.55","Argilla grigia molto consistente in alternanza a strati limosi e sabbiosi di colore nocciola. Materiale umido","3","1","Coppolella","70.000",528224.76,4565942.18,563.72
"293","C4P","14.6","Argilla grigia molto consistente in alternanza a strati limosi e sabbiosi di colore nocciola. Materiale umido","3","1","Coppolella","70.000",528224.76,4565942.18,563.72
"294","C4P","14.65","Argilla grigia molto consistente in alternanza a strati limosi e sabbiosi di colore nocciola. Materiale umido","3","1","Coppolella","70.000",528224.76,4565942.18,563.72
"295","C4P","14.7","Argilla grigia molto consistente in alternanza a strati limosi e sabbiosi di colore nocciola. Materiale umido","3","1","Coppolella","70.000",528224.76,4565942.18,563.72
"296","C4P","14.75","Argilla grigia molto consistente in alternanza a strati limosi e sabbiosi di colore nocciola. Materiale umido","3","1","Coppolella","70.000",528224.76,4565942.18,563.72
"297","C4P","14.8","Argilla grigia molto consistente in alternanza a strati limosi e sabbiosi di colore nocciola. Materiale umido","3","1","Coppolella","70.000",528224.76,4565942.18,563.72
"298","C4P","14.85","Argilla grigia molto consistente in alternanza a strati limosi e sabbiosi di colore nocciola. Materiale umido","3","1","Coppolella","70.000",528224.76,4565942.18,563.72
"299","C4P","14.9","Argilla grigia molto consistente in alternanza a strati limosi e sabbiosi di colore nocciola. Materiale umido","3","1","Coppolella","70.000",528224.76,4565942.18,563.72
"300","C4P","14.95","Argilla grigia molto consistente in alternanza a strati limosi e sabbiosi di colore nocciola. Materiale umido","3","1","Coppolella","70.000",528224.76,4565942.18,563.72
"301","C4P","15","Argilla grigia molto consistente in alternanza a strati limosi e sabbiosi di colore nocciola. Materiale umido","3","1","Coppolella","70.000",528224.76,4565942.18,563.72
"302","C4P","15.05","Argilla grigia molto consistente in alternanza a strati limosi e sabbiosi di colore nocciola. Materiale umido","3","1","Coppolella","70.000",528224.76,4565942.18,563.72
"303","C4P","15.1","Argilla grigia molto consistente in alternanza a strati limosi e sabbiosi di colore nocciola. Materiale umido","3","1","Coppolella","70.000",528224.76,4565942.18,563.72
"304","C4P","15.15","Argilla grigia molto consistente in alternanza a strati limosi e sabbiosi di colore nocciola. Materiale umido","3","1","Coppolella","70.000",528224.76,4565942.18,563.72
"305","C4P","15.2","Argilla grigia molto consistente in alternanza a strati limosi e sabbiosi di colore nocciola. Materiale umido","3","1","Coppolella","70.000",528224.76,4565942.18,563.72
"306","C4P","15.25","Argilla grigia molto consistente in alternanza a strati limosi e sabbiosi di colore nocciola. Materiale umido","3","1","Coppolella","70.000",528224.76,4565942.18,563.72
"307","C4P","15.3","Argilla grigia molto consistente in alternanza a strati limosi e sabbiosi di colore nocciola. Materiale umido","3","1","Coppolella","70.000",528224.76,4565942.18,563.72
"308","C4P","15.35","Argilla grigia molto consistente in alternanza a strati limosi e sabbiosi di colore nocciola. Materiale umido","3","1","Coppolella","70.000",528224.76,4565942.18,563.72
"309","C4P","15.4","Argilla grigia molto consistente in alternanza a strati limosi e sabbiosi di colore nocciola. Materiale umido","3","1","Coppolella","70.000",528224.76,4565942.18,563.72
"310","C4P","15.45","Argilla grigia molto consistente in alternanza a strati limosi e sabbiosi di colore nocciola. Materiale umido","3","1","Coppolella","70.000",528224.76,4565942.18,563.72
"311","C4P","15.5","Argilla grigia molto consistente in alternanza a strati limosi e sabbiosi di colore nocciola. Materiale umido","3","1","Coppolella","70.000",528224.76,4565942.18,563.72
"312","C4P","15.55","Argilla grigia molto consistente in alternanza a strati limosi e sabbiosi di colore nocciola. Materiale umido","3","1","Coppolella","70.000",528224.76,4565942.18,563.72
"313","C4P","15.6","Argilla grigia molto consistente in alternanza a strati limosi e sabbiosi di colore nocciola. Materiale umido","3","1","Coppolella","70.000",528224.76,4565942.18,563.72
"314","C4P","15.65","Argilla grigia molto consistente in alternanza a strati limosi e sabbiosi di colore nocciola. Materiale umido","3","1","Coppolella","70.000",528224.76,4565942.18,563.72
"315","C4P","15.7","Argilla grigia molto consistente in alternanza a strati limosi e sabbiosi di colore nocciola. Materiale umido","3","1","Coppolella","70.000",528224.76,4565942.18,563.72
"316","C4P","15.75","Argilla grigia molto consistente in alternanza a strati limosi e sabbiosi di colore nocciola. Materiale umido","3","1","Coppolella","70.000",528224.76,4565942.18,563.72
"317","C4P","15.8","Argilla grigia molto consistente in alternanza a strati limosi e sabbiosi di colore nocciola. Materiale umido","3","1","Coppolella","70.000",528224.76,4565942.18,563.72
"318","C4P","15.85","Argilla grigia molto consistente in alternanza a strati limosi e sabbiosi di colore nocciola. Materiale umido","3","1","Coppolella","70.000",528224.76,4565942.18,563.72
"319","C4P","15.9","Argilla grigia molto consistente in alternanza a strati limosi e sabbiosi di colore nocciola. Materiale umido","3","1","Coppolella","70.000",528224.76,4565942.18,563.72
"320","C4P","15.95","Argilla grigia molto consistente in alternanza a strati limosi e sabbiosi di colore nocciola. Materiale umido","3","1","Coppolella","70.000",528224.76,4565942.18,563.72
"321","C4P","16","Argilla grigia molto consistente in alternanza a strati limosi e sabbiosi di colore nocciola. Materiale umido","3","1","Coppolella","70.000",528224.76,4565942.18,563.72
"322","C4P","16.05","Argilla grigia molto consistente in alternanza a strati limosi e sabbiosi di colore nocciola. Materiale umido","3","1","Coppolella","70.000",528224.76,4565942.18,563.72
"323","C4P","16.1","Argilla grigia molto consistente in alternanza a strati limosi e sabbiosi di colore nocciola. Materiale umido","3","1","Coppolella","70.000",528224.76,4565942.18,563.72
"324","C4P","16.15","Argilla grigia molto consistente in alternanza a strati limosi e sabbiosi di colore nocciola. Materiale umido","3","1","Coppolella","70.000",528224.76,4565942.18,563.72
"325","C4P","16.2","Argilla grigia molto consistente in alternanza a strati limosi e sabbiosi di colore nocciola. Materiale umido","3","1","Coppolella","70.000",528224.76,4565942.18,563.72
"326","C4P","16.25","Argilla grigia molto consistente in alternanza a strati limosi e sabbiosi di colore nocciola. Materiale umido","3","1","Coppolella","70.000",528224.76,4565942.18,563.72
"327","C4P","16.3","Argilla grigia molto consistente in alternanza a strati limosi e sabbiosi di colore nocciola. Materiale umido","3","1","Coppolella","70.000",528224.76,4565942.18,563.72
"328","C4P","16.35","Argilla grigia molto consistente in alternanza a strati limosi e sabbiosi di colore nocciola. Materiale umido","3","1","Coppolella","70.000",528224.76,4565942.18,563.72
"329","C4P","16.4","Argilla grigia molto consistente in alternanza a strati limosi e sabbiosi di colore nocciola. Materiale umido","3","1","Coppolella","70.000",528224.76,4565942.18,563.72
"330","C4P","16.45","Argilla grigia molto consistente in alternanza a strati limosi e sabbiosi di colore nocciola. Materiale umido","3","1","Coppolella","70.000",528224.76,4565942.18,563.72
"331","C4P","16.5","Argilla grigia molto consistente in alternanza a strati limosi e sabbiosi di colore nocciola. Materiale umido","3","1","Coppolella","70.000",528224.76,4565942.18,563.72
"332","C4P","16.55","Argilla grigia molto consistente in alternanza a strati limosi e sabbiosi di colore nocciola. Materiale umido","3","1","Coppolella","70.000",528224.76,4565942.18,563.72
"333","C4P","16.6","Argilla grigia molto consistente in alternanza a strati limosi e sabbiosi di colore nocciola. Materiale umido","3","1","Coppolella","70.000",528224.76,4565942.18,563.72
"334","C4P","16.65","Argilla grigia molto consistente in alternanza a strati limosi e sabbiosi di colore nocciola. Materiale umido","3","1","Coppolella","70.000",528224.76,4565942.18,563.72
"335","C4P","16.7","Argilla grigia molto consistente in alternanza a strati limosi e sabbiosi di colore nocciola. Materiale umido","3","1","Coppolella","70.000",528224.76,4565942.18,563.72
"336","C4P","16.75","Argilla grigia molto consistente in alternanza a strati limosi e sabbiosi di colore nocciola. Materiale umido","3","1","Coppolella","70.000",528224.76,4565942.18,563.72
"337","C4P","16.8","Argilla grigia molto consistente in alternanza a strati limosi e sabbiosi di colore nocciola. Materiale umido","3","1","Coppolella","70.000",528224.76,4565942.18,563.72
"338","C4P","16.85","Argilla grigia molto consistente in alternanza a strati limosi e sabbiosi di colore nocciola. Materiale umido","3","1","Coppolella","70.000",528224.76,4565942.18,563.72
"339","C4P","16.9","Argilla grigia molto consistente in alternanza a strati limosi e sabbiosi di colore nocciola. Materiale umido","3","1","Coppolella","70.000",528224.76,4565942.18,563.72
"340","C4P","16.95","Argilla grigia molto consistente in alternanza a strati limosi e sabbiosi di colore nocciola. Materiale umido","3","1","Coppolella","70.000",528224.76,4565942.18,563.72
"341","C4P","17","Argilla grigia molto consistente in alternanza a strati limosi e sabbiosi di colore nocciola. Materiale umido","3","1","Coppolella","70.000",528224.76,4565942.18,563.72
"342","C4P","17.05","Argilla grigia molto consistente in alternanza a strati limosi e sabbiosi di colore nocciola. Materiale umido","3","1","Coppolella","70.000",528224.76,4565942.18,563.72
"343","C4P","17.1","Argilla grigia molto consistente in alternanza a strati limosi e sabbiosi di colore nocciola. Materiale umido","3","1","Coppolella","70.000",528224.76,4565942.18,563.72
"344","C4P","17.15","Argilla grigia molto consistente in alternanza a strati limosi e sabbiosi di colore nocciola. Materiale umido","3","1","Coppolella","70.000",528224.76,4565942.18,563.72
"345","C4P","17.2","Argilla grigia molto consistente in alternanza a strati limosi e sabbiosi di colore nocciola. Materiale umido","3","1","Coppolella","70.000",528224.76,4565942.18,563.72
"346","C4P","17.25","Argilla grigia molto consistente in alternanza a strati limosi e sabbiosi di colore nocciola. Materiale umido","3","1","Coppolella","70.000",528224.76,4565942.18,563.72
"347","C4P","17.3","Argilla grigia molto consistente in alternanza a strati limosi e sabbiosi di colore nocciola. Materiale umido","3","1","Coppolella","70.000",528224.76,4565942.18,563.72
"348","C4P","17.35","Argilla grigia molto consistente in alternanza a strati limosi e sabbiosi di colore nocciola. Materiale umido","3","1","Coppolella","70.000",528224.76,4565942.18,563.72
"349","C4P","17.4","Argilla grigia molto consistente in alternanza a strati limosi e sabbiosi di colore nocciola. Materiale umido","3","1","Coppolella","70.000",528224.76,4565942.18,563.72
"350","C4P","17.45","Argilla grigia molto consistente in alternanza a strati limosi e sabbiosi di colore nocciola. Materiale umido","3","1","Coppolella","70.000",528224.76,4565942.18,563.72
"351","C4P","17.5","Argilla grigia molto consistente in alternanza a strati limosi e sabbiosi di colore nocciola. Materiale umido","3","1","Coppolella","70.000",528224.76,4565942.18,563.72
"352","C4P","17.55","Argilla grigia molto consistente in alternanza a strati limosi e sabbiosi di colore nocciola. Materiale umido","3","1","Coppolella","70.000",528224.76,4565942.18,563.72
"353","C4P","17.6","Argilla grigia molto consistente in alternanza a strati limosi e sabbiosi di colore nocciola. Materiale umido","3","1","Coppolella","70.000",528224.76,4565942.18,563.72
"354","C4P","17.65","Argilla grigia molto consistente in alternanza a strati limosi e sabbiosi di colore nocciola. Materiale umido","3","1","Coppolella","70.000",528224.76,4565942.18,563.72
"355","C4P","17.7","Argilla grigia molto consistente in alternanza a strati limosi e sabbiosi di colore nocciola. Materiale umido","3","1","Coppolella","70.000",528224.76,4565942.18,563.72
"356","C4P","17.75","Argilla grigia molto consistente in alternanza a strati limosi e sabbiosi di colore nocciola. Materiale umido","3","1","Coppolella","70.000",528224.76,4565942.18,563.72
"357","C4P","17.8","Argilla grigia molto consistente in alternanza a strati limosi e sabbiosi di colore nocciola. Materiale umido","3","1","Coppolella","70.000",528224.76,4565942.18,563.72
"358","C4P","17.85","Argilla grigia molto consistente in alternanza a strati limosi e sabbiosi di colore nocciola. Materiale umido","3","1","Coppolella","70.000",528224.76,4565942.18,563.72
"359","C4P","17.9","Argilla grigia molto consistente in alternanza a strati limosi e sabbiosi di colore nocciola. Materiale umido","3","1","Coppolella","70.000",528224.76,4565942.18,563.72
"360","C4P","17.95","Argilla grigia molto consistente in alternanza a strati limosi e sabbiosi di colore nocciola. Materiale umido","3","1","Coppolella","70.000",528224.76,4565942.18,563.72
"361","C4P","18","Argilla grigia molto consistente in alternanza a strati limosi e sabbiosi di colore nocciola. Materiale umido","3","1","Coppolella","70.000",528224.76,4565942.18,563.72
"362","C4P","18.05","Argilla grigia molto consistente in alternanza a strati limosi e sabbiosi di colore nocciola. Materiale umido","3","1","Coppolella","70.000",528224.76,4565942.18,563.72
"363","C4P","18.1","Argilla grigia molto consistente in alternanza a strati limosi e sabbiosi di colore nocciola. Materiale umido","3","1","Coppolella","70.000",528224.76,4565942.18,563.72
"364","C4P","18.15","Argilla grigia molto consistente in alternanza a strati limosi e sabbiosi di colore nocciola. Materiale umido","3","1","Coppolella","70.000",528224.76,4565942.18,563.72
"365","C4P","18.2","Argilla grigia molto consistente in alternanza a strati limosi e sabbiosi di colore nocciola. Materiale umido","3","1","Coppolella","70.000",528224.76,4565942.18,563.72
"366","C4P","18.25","Argilla grigia molto consistente in alternanza a strati limosi e sabbiosi di colore nocciola. Materiale umido","3","1","Coppolella","70.000",528224.76,4565942.18,563.72
"367","C4P","18.3","Argilla grigia molto consistente in alternanza a strati limosi e sabbiosi di colore nocciola. Materiale umido","3","1","Coppolella","70.000",528224.76,4565942.18,563.72
"368","C4P","18.35","Argilla grigia molto consistente in alternanza a strati limosi e sabbiosi di colore nocciola. Materiale umido","3","1","Coppolella","70.000",528224.76,4565942.18,563.72
"369","C4P","18.4","Argilla grigia molto consistente in alternanza a strati limosi e sabbiosi di colore nocciola. Materiale umido","3","1","Coppolella","70.000",528224.76,4565942.18,563.72
"370","C4P","18.45","Argilla grigia molto consistente in alternanza a strati limosi e sabbiosi di colore nocciola. Materiale umido","3","1","Coppolella","70.000",528224.76,4565942.18,563.72
"371","C4P","18.5","Argilla grigia molto consistente in alternanza a strati limosi e sabbiosi di colore nocciola. Materiale umido","3","1","Coppolella","70.000",528224.76,4565942.18,563.72
"372","C4P","18.55","Argilla grigia molto consistente in alternanza a strati limosi e sabbiosi di colore nocciola. Materiale umido","3","1","Coppolella","70.000",528224.76,4565942.18,563.72
"373","C4P","18.6","Argilla grigia molto consistente in alternanza a strati limosi e sabbiosi di colore nocciola. Materiale umido","3","1","Coppolella","70.000",528224.76,4565942.18,563.72
"374","C4P","18.65","Argilla grigia molto consistente in alternanza a strati limosi e sabbiosi di colore nocciola. Materiale umido","3","1","Coppolella","70.000",528224.76,4565942.18,563.72
"375","C4P","18.7","Argilla grigia molto consistente in alternanza a strati limosi e sabbiosi di colore nocciola. Materiale umido","3","1","Coppolella","70.000",528224.76,4565942.18,563.72
"376","C4P","18.75","Argilla grigia molto consistente in alternanza a strati limosi e sabbiosi di colore nocciola. Materiale umido","3","1","Coppolella","70.000",528224.76,4565942.18,563.72
"377","C4P","18.8","Argilla grigia molto consistente in alternanza a strati limosi e sabbiosi di colore nocciola. Materiale umido","3","1","Coppolella","70.000",528224.76,4565942.18,563.72
"378","C4P","18.85","Argilla grigia molto consistente in alternanza a strati limosi e sabbiosi di colore nocciola. Materiale umido","3","1","Coppolella","70.000",528224.76,4565942.18,563.72
"379","C4P","18.9","Argilla grigia molto consistente in alternanza a strati limosi e sabbiosi di colore nocciola. Materiale umido","3","1","Coppolella","70.000",528224.76,4565942.18,563.72
"380","C4P","18.95","Argilla grigia molto consistente in alternanza a strati limosi e sabbiosi di colore nocciola. Materiale umido","3","1","Coppolella","70.000",528224.76,4565942.18,563.72
"381","C4P","19","Argilla grigia molto consistente in alternanza a strati limosi e sabbiosi di colore nocciola. Materiale umido","3","1","Coppolella","70.000",528224.76,4565942.18,563.72
"382","C4P","19.05","Argilla grigia molto consistente in alternanza a strati limosi e sabbiosi di colore nocciola. Materiale umido","3","1","Coppolella","70.000",528224.76,4565942.18,563.72
"383","C4P","19.1","Argilla grigia molto consistente in alternanza a strati limosi e sabbiosi di colore nocciola. Materiale umido","3","1","Coppolella","70.000",528224.76,4565942.18,563.72
"384","C4P","19.15","Calcare mediamente fratturato.","2b","1","Coppolella","70.000",528224.76,4565942.18,563.72
"385","C4P","19.2","Calcare mediamente fratturato.","2b","1","Coppolella","70.000",528224.76,4565942.18,563.72
"386","C4P","19.25","Calcare mediamente fratturato.","2b","1","Coppolella","70.000",528224.76,4565942.18,563.72
"387","C4P","19.3","Calcare mediamente fratturato.","2b","1","Coppolella","70.000",528224.76,4565942.18,563.72
"388","C4P","19.35","Calcare mediamente fratturato.","2b","1","Coppolella","70.000",528224.76,4565942.18,563.72
"389","C4P","19.4","Calcare mediamente fratturato.","2b","1","Coppolella","70.000",528224.76,4565942.18,563.72
"390","C4P","19.45","Calcare mediamente fratturato.","2b","1","Coppolella","70.000",528224.76,4565942.18,563.72
"391","C4P","19.5","Calcare mediamente fratturato.","2b","1","Coppolella","70.000",528224.76,4565942.18,563.72
"392","C4P","19.55","Calcare mediamente fratturato.","2b","1","Coppolella","70.000",528224.76,4565942.18,563.72
"393","C4P","19.6","Calcare mediamente fratturato.","2b","1","Coppolella","70.000",528224.76,4565942.18,563.72
"394","C4P","19.65","Calcare mediamente fratturato.","2b","1","Coppolella","70.000",528224.76,4565942.18,563.72
"395","C4P","19.7","Calcare mediamente fratturato.","2b","1","Coppolella","70.000",528224.76,4565942.18,563.72
"396","C4P","19.75","Argilla grigio-blu da mediamente a molto consistente con intercalazioni centimetriche di livelli sabbiosi. Materiale debolmente umido.","2b","1","Coppolella","70.000",528224.76,4565942.18,563.72
"397","C4P","19.8","Argilla grigio-blu da mediamente a molto consistente con intercalazioni centimetriche di livelli sabbiosi. Materiale debolmente umido.","2b","1","Coppolella","70.000",528224.76,4565942.18,563.72
"398","C4P","19.85","Argilla grigio-blu da mediamente a molto consistente con intercalazioni centimetriche di livelli sabbiosi. Materiale debolmente umido.","2b","1","Coppolella","70.000",528224.76,4565942.18,563.72
"399","C4P","19.9","Argilla grigio-blu da mediamente a molto consistente con intercalazioni centimetriche di livelli sabbiosi. Materiale debolmente umido.","2b","1","Coppolella","70.000",528224.76,4565942.18,563.72
"400","C4P","19.95","Argilla grigio-blu da mediamente a molto consistente con intercalazioni centimetriche di livelli sabbiosi. Materiale debolmente umido.","2b","1","Coppolella","70.000",528224.76,4565942.18,563.72
"401","C4P","20","Argilla grigio-blu da mediamente a molto consistente con intercalazioni centimetriche di livelli sabbiosi. Materiale debolmente umido.","2b","1","Coppolella","70.000",528224.76,4565942.18,563.72
"402","C4P","20.05","Argilla grigio-blu da mediamente a molto consistente con intercalazioni centimetriche di livelli sabbiosi. Materiale debolmente umido.","2b","1","Coppolella","70.000",528224.76,4565942.18,563.72
"403","C4P","20.1","Argilla grigio-blu da mediamente a molto consistente con intercalazioni centimetriche di livelli sabbiosi. Materiale debolmente umido.","2b","1","Coppolella","70.000",528224.76,4565942.18,563.72
"404","C4P","20.15","Argilla grigio-blu da mediamente a molto consistente con intercalazioni centimetriche di livelli sabbiosi. Materiale debolmente umido.","2b","1","Coppolella","70.000",528224.76,4565942.18,563.72
"405","C4P","20.2","Argilla grigio-blu da mediamente a molto consistente con intercalazioni centimetriche di livelli sabbiosi. Materiale debolmente umido.","2b","1","Coppolella","70.000",528224.76,4565942.18,563.72
"406","C4P","20.25","Argilla grigio-blu da mediamente a molto consistente con intercalazioni centimetriche di livelli sabbiosi. Materiale debolmente umido.","2b","1","Coppolella","70.000",528224.76,4565942.18,563.72
"407","C4P","20.3","Argilla grigio-blu da mediamente a molto consistente con intercalazioni centimetriche di livelli sabbiosi. Materiale debolmente umido.","2b","1","Coppolella","70.000",528224.76,4565942.18,563.72
"408","C4P","20.35","Argilla grigio-blu da mediamente a molto consistente con intercalazioni centimetriche di livelli sabbiosi. Materiale debolmente umido.","2b","1","Coppolella","70.000",528224.76,4565942.18,563.72
"409","C4P","20.4","Argilla grigio-blu da mediamente a molto consistente con intercalazioni centimetriche di livelli sabbiosi. Materiale debolmente umido.","2b","1","Coppolella","70.000",528224.76,4565942.18,563.72
"410","C4P","20.45","Argilla grigio-blu da mediamente a molto consistente con intercalazioni centimetriche di livelli sabbiosi. Materiale debolmente umido.","2b","1","Coppolella","70.000",528224.76,4565942.18,563.72
"411","C4P","20.5","Argilla grigio-blu da mediamente a molto consistente con intercalazioni centimetriche di livelli sabbiosi. Materiale debolmente umido.","2b","1","Coppolella","70.000",528224.76,4565942.18,563.72
"412","C4P","20.55","Argilla grigio-blu da mediamente a molto consistente con intercalazioni centimetriche di livelli sabbiosi. Materiale debolmente umido.","2b","1","Coppolella","70.000",528224.76,4565942.18,563.72
"413","C4P","20.6","Argilla grigio-blu da mediamente a molto consistente con intercalazioni centimetriche di livelli sabbiosi. Materiale debolmente umido.","2b","1","Coppolella","70.000",528224.76,4565942.18,563.72
"414","C4P","20.65","Argilla grigio-blu da mediamente a molto consistente con intercalazioni centimetriche di livelli sabbiosi. Materiale debolmente umido.","2b","1","Coppolella","70.000",528224.76,4565942.18,563.72
"415","C4P","20.7","Argilla grigio-blu da mediamente a molto consistente con intercalazioni centimetriche di livelli sabbiosi. Materiale debolmente umido.","2b","1","Coppolella","70.000",528224.76,4565942.18,563.72
"416","C4P","20.75","Argilla grigio-blu da mediamente a molto consistente con intercalazioni centimetriche di livelli sabbiosi. Materiale debolmente umido.","2b","1","Coppolella","70.000",528224.76,4565942.18,563.72
"417","C4P","20.8","Argilla grigio-blu da mediamente a molto consistente con intercalazioni centimetriche di livelli sabbiosi. Materiale debolmente umido.","2b","1","Coppolella","70.000",528224.76,4565942.18,563.72
"418","C4P","20.85","Argilla grigio-blu da mediamente a molto consistente con intercalazioni centimetriche di livelli sabbiosi. Materiale debolmente umido.","2b","1","Coppolella","70.000",528224.76,4565942.18,563.72
"419","C4P","20.9","Argilla grigio-blu da mediamente a molto consistente con intercalazioni centimetriche di livelli sabbiosi. Materiale debolmente umido.","2b","1","Coppolella","70.000",528224.76,4565942.18,563.72
"420","C4P","20.95","Argilla grigio-blu da mediamente a molto consistente con intercalazioni centimetriche di livelli sabbiosi. Materiale debolmente umido.","2b","1","Coppolella","70.000",528224.76,4565942.18,563.72
"421","C4P","21","Argilla grigio-blu da mediamente a molto consistente con intercalazioni centimetriche di livelli sabbiosi. Materiale debolmente umido.","2b","1","Coppolella","70.000",528224.76,4565942.18,563.72
"422","C4P","21.05","Argilla grigio-blu da mediamente a molto consistente con intercalazioni centimetriche di livelli sabbiosi. Materiale debolmente umido.","2b","1","Coppolella","70.000",528224.76,4565942.18,563.72
"423","C4P","21.1","Argilla grigio-blu da mediamente a molto consistente con intercalazioni centimetriche di livelli sabbiosi. Materiale debolmente umido.","2b","1","Coppolella","70.000",528224.76,4565942.18,563.72
"424","C4P","21.15","Argilla grigio-blu da mediamente a molto consistente con intercalazioni centimetriche di livelli sabbiosi. Materiale debolmente umido.","2b","1","Coppolella","70.000",528224.76,4565942.18,563.72
"425","C4P","21.2","Argilla grigio-blu da mediamente a molto consistente con intercalazioni centimetriche di livelli sabbiosi. Materiale debolmente umido.","2b","1","Coppolella","70.000",528224.76,4565942.18,563.72
"426","C4P","21.25","Argilla grigio-blu da mediamente a molto consistente con intercalazioni centimetriche di livelli sabbiosi. Materiale debolmente umido.","2b","1","Coppolella","70.000",528224.76,4565942.18,563.72
"427","C4P","21.3","Argilla grigio-blu da mediamente a molto consistente con intercalazioni centimetriche di livelli sabbiosi. Materiale debolmente umido.","2b","1","Coppolella","70.000",528224.76,4565942.18,563.72
"428","C4P","21.35","Argilla grigio-blu da mediamente a molto consistente con intercalazioni centimetriche di livelli sabbiosi. Materiale debolmente umido.","2b","1","Coppolella","70.000",528224.76,4565942.18,563.72
"429","C4P","21.4","Argilla grigio-blu da mediamente a molto consistente con intercalazioni centimetriche di livelli sabbiosi. Materiale debolmente umido.","2b","1","Coppolella","70.000",528224.76,4565942.18,563.72
"430","C4P","21.45","Argilla grigio-blu da mediamente a molto consistente con intercalazioni centimetriche di livelli sabbiosi. Materiale debolmente umido.","2b","1","Coppolella","70.000",528224.76,4565942.18,563.72
"431","C4P","21.5","Argilla grigio-blu da mediamente a molto consistente con intercalazioni centimetriche di livelli sabbiosi. Materiale debolmente umido.","2b","1","Coppolella","70.000",528224.76,4565942.18,563.72
"432","C4P","21.55","Argilla grigio-blu da mediamente a molto consistente con intercalazioni centimetriche di livelli sabbiosi. Materiale debolmente umido.","2b","1","Coppolella","70.000",528224.76,4565942.18,563.72
"433","C4P","21.6","Argilla grigio-blu da mediamente a molto consistente con intercalazioni centimetriche di livelli sabbiosi. Materiale debolmente umido.","2b","1","Coppolella","70.000",528224.76,4565942.18,563.72
"434","C4P","21.65","Argilla grigio-blu da mediamente a molto consistente con intercalazioni centimetriche di livelli sabbiosi. Materiale debolmente umido.","2b","1","Coppolella","70.000",528224.76,4565942.18,563.72
"435","C4P","21.7","Argilla grigio-blu da mediamente a molto consistente con intercalazioni centimetriche di livelli sabbiosi. Materiale debolmente umido.","2b","1","Coppolella","70.000",528224.76,4565942.18,563.72
"436","C4P","21.75","Argilla grigio-blu da mediamente a molto consistente con intercalazioni centimetriche di livelli sabbiosi. Materiale debolmente umido.","2b","1","Coppolella","70.000",528224.76,4565942.18,563.72
"437","C4P","21.8","Argilla grigio-blu da mediamente a molto consistente con intercalazioni centimetriche di livelli sabbiosi. Materiale debolmente umido.","2b","1","Coppolella","70.000",528224.76,4565942.18,563.72
"438","C4P","21.85","Argilla grigio-blu da mediamente a molto consistente con intercalazioni centimetriche di livelli sabbiosi. Materiale debolmente umido.","2b","1","Coppolella","70.000",528224.76,4565942.18,563.72
"439","C4P","21.9","Argilla grigio-blu da mediamente a molto consistente con intercalazioni centimetriche di livelli sabbiosi. Materiale debolmente umido.","2b","1","Coppolella","70.000",528224.76,4565942.18,563.72
"440","C4P","21.95","Argilla grigio-blu da mediamente a molto consistente con intercalazioni centimetriche di livelli sabbiosi. Materiale debolmente umido.","2b","1","Coppolella","70.000",528224.76,4565942.18,563.72
"441","C4P","22","Argilla grigio-blu da mediamente a molto consistente con intercalazioni centimetriche di livelli sabbiosi. Materiale debolmente umido.","2b","1","Coppolella","70.000",528224.76,4565942.18,563.72
"442","C4P","22.05","Argilla grigio-blu da mediamente a molto consistente con intercalazioni centimetriche di livelli sabbiosi. Materiale debolmente umido.","2b","1","Coppolella","70.000",528224.76,4565942.18,563.72
"443","C4P","22.1","Argilla grigio-blu da mediamente a molto consistente con intercalazioni centimetriche di livelli sabbiosi. Materiale debolmente umido.","2b","1","Coppolella","70.000",528224.76,4565942.18,563.72
"444","C4P","22.15","Argilla grigio-blu da mediamente a molto consistente con intercalazioni centimetriche di livelli sabbiosi. Materiale debolmente umido.","2b","1","Coppolella","70.000",528224.76,4565942.18,563.72
"445","C4P","22.2","Argilla grigio-blu da mediamente a molto consistente con intercalazioni centimetriche di livelli sabbiosi. Materiale debolmente umido.","2b","1","Coppolella","70.000",528224.76,4565942.18,563.72
"446","C4P","22.25","Argilla grigio-blu da mediamente a molto consistente con intercalazioni centimetriche di livelli sabbiosi. Materiale debolmente umido.","2b","1","Coppolella","70.000",528224.76,4565942.18,563.72
"447","C4P","22.3","Argilla grigio-blu da mediamente a molto consistente con intercalazioni centimetriche di livelli sabbiosi. Materiale debolmente umido.","2b","1","Coppolella","70.000",528224.76,4565942.18,563.72
"448","C4P","22.35","Argilla grigio-blu da mediamente a molto consistente con intercalazioni centimetriche di livelli sabbiosi. Materiale debolmente umido.","2b","1","Coppolella","70.000",528224.76,4565942.18,563.72
"449","C4P","22.4","Argilla grigio-blu da mediamente a molto consistente con intercalazioni centimetriche di livelli sabbiosi. Materiale debolmente umido.","2b","1","Coppolella","70.000",528224.76,4565942.18,563.72
"450","C4P","22.45","Argilla grigio-blu da mediamente a molto consistente con intercalazioni centimetriche di livelli sabbiosi. Materiale debolmente umido.","2b","1","Coppolella","70.000",528224.76,4565942.18,563.72
"451","C4P","22.5","Argilla grigio-blu da mediamente a molto consistente con intercalazioni centimetriche di livelli sabbiosi. Materiale debolmente umido.","2b","1","Coppolella","70.000",528224.76,4565942.18,563.72
"452","C4P","22.55","Argilla grigio-blu da mediamente a molto consistente con intercalazioni centimetriche di livelli sabbiosi. Materiale debolmente umido.","2b","1","Coppolella","70.000",528224.76,4565942.18,563.72
"453","C4P","22.6","Argilla grigio-blu da mediamente a molto consistente con intercalazioni centimetriche di livelli sabbiosi. Materiale debolmente umido.","2b","1","Coppolella","70.000",528224.76,4565942.18,563.72
"454","C4P","22.65","Argilla grigio-blu da mediamente a molto consistente con intercalazioni centimetriche di livelli sabbiosi. Materiale debolmente umido.","2b","1","Coppolella","70.000",528224.76,4565942.18,563.72
"455","C4P","22.7","Argilla grigio-blu da mediamente a molto consistente con intercalazioni centimetriche di livelli sabbiosi. Materiale debolmente umido.","2b","1","Coppolella","70.000",528224.76,4565942.18,563.72
"456","C4P","22.75","Argilla grigio-blu da mediamente a molto consistente con intercalazioni centimetriche di livelli sabbiosi. Materiale debolmente umido.","2b","1","Coppolella","70.000",528224.76,4565942.18,563.72
"457","C4P","22.8","Argilla grigio-blu da mediamente a molto consistente con intercalazioni centimetriche di livelli sabbiosi. Materiale debolmente umido.","2b","1","Coppolella","70.000",528224.76,4565942.18,563.72
"458","C4P","22.85","Argilla grigio-blu da mediamente a molto consistente con intercalazioni centimetriche di livelli sabbiosi. Materiale debolmente umido.","2b","1","Coppolella","70.000",528224.76,4565942.18,563.72
"459","C4P","22.9","Argilla grigio-blu da mediamente a molto consistente con intercalazioni centimetriche di livelli sabbiosi. Materiale debolmente umido.","2b","1","Coppolella","70.000",528224.76,4565942.18,563.72
"460","C4P","22.95","Argilla grigio-blu da mediamente a molto consistente con intercalazioni centimetriche di livelli sabbiosi. Materiale debolmente umido.","2b","1","Coppolella","70.000",528224.76,4565942.18,563.72
"461","C4P","23","Argilla grigio-blu da mediamente a molto consistente con intercalazioni centimetriche di livelli sabbiosi. Materiale debolmente umido.","2b","1","Coppolella","70.000",528224.76,4565942.18,563.72
"462","C4P","23.05","Argilla grigio-blu da mediamente a molto consistente con intercalazioni centimetriche di livelli sabbiosi. Materiale debolmente umido.","2b","1","Coppolella","70.000",528224.76,4565942.18,563.72
"463","C4P","23.1","Argilla grigio-blu da mediamente a molto consistente con intercalazioni centimetriche di livelli sabbiosi. Materiale debolmente umido.","2b","1","Coppolella","70.000",528224.76,4565942.18,563.72
"464","C4P","23.15","Argilla grigio-blu da mediamente a molto consistente con intercalazioni centimetriche di livelli sabbiosi. Materiale debolmente umido.","2b","1","Coppolella","70.000",528224.76,4565942.18,563.72
"465","C4P","23.2","Argilla grigio-blu da mediamente a molto consistente con intercalazioni centimetriche di livelli sabbiosi. Materiale debolmente umido.","2b","1","Coppolella","70.000",528224.76,4565942.18,563.72
"466","C4P","23.25","Argilla grigio-blu da mediamente a molto consistente con intercalazioni centimetriche di livelli sabbiosi. Materiale debolmente umido.","2b","1","Coppolella","70.000",528224.76,4565942.18,563.72
"467","C4P","23.3","Argilla grigio-blu da mediamente a molto consistente con intercalazioni centimetriche di livelli sabbiosi. Materiale debolmente umido.","2b","1","Coppolella","70.000",528224.76,4565942.18,563.72
"468","C4P","23.35","Argilla grigio-blu da mediamente a molto consistente con intercalazioni centimetriche di livelli sabbiosi. Materiale debolmente umido.","2b","1","Coppolella","70.000",528224.76,4565942.18,563.72
"469","C4P","23.4","Argilla grigio-blu da mediamente a molto consistente con intercalazioni centimetriche di livelli sabbiosi. Materiale debolmente umido.","2b","1","Coppolella","70.000",528224.76,4565942.18,563.72
"470","C4P","23.45","Argilla grigio-blu da mediamente a molto consistente con intercalazioni centimetriche di livelli sabbiosi. Materiale debolmente umido.","2b","1","Coppolella","70.000",528224.76,4565942.18,563.72
"471","C4P","23.5","Argilla grigio-blu da mediamente a molto consistente con intercalazioni centimetriche di livelli sabbiosi. Materiale debolmente umido.","2b","1","Coppolella","70.000",528224.76,4565942.18,563.72
"472","C4P","23.55","Argilla grigio-blu da mediamente a molto consistente con intercalazioni centimetriche di livelli sabbiosi. Materiale debolmente umido.","2b","1","Coppolella","70.000",528224.76,4565942.18,563.72
"473","C4P","23.6","Argilla grigio-blu da mediamente a molto consistente con intercalazioni centimetriche di livelli sabbiosi. Materiale debolmente umido.","2b","1","Coppolella","70.000",528224.76,4565942.18,563.72
"474","C4P","23.65","Argilla grigio-blu da mediamente a molto consistente con intercalazioni centimetriche di livelli sabbiosi. Materiale debolmente umido.","2b","1","Coppolella","70.000",528224.76,4565942.18,563.72
"475","C4P","23.7","Argilla grigio-blu da mediamente a molto consistente con intercalazioni centimetriche di livelli sabbiosi. Materiale debolmente umido.","2b","1","Coppolella","70.000",528224.76,4565942.18,563.72
"476","C4P","23.75","Argilla grigio-blu da mediamente a molto consistente con intercalazioni centimetriche di livelli sabbiosi. Materiale debolmente umido.","2b","1","Coppolella","70.000",528224.76,4565942.18,563.72
"477","C4P","23.8","Argilla grigio-blu da mediamente a molto consistente con intercalazioni centimetriche di livelli sabbiosi. Materiale debolmente umido.","2b","1","Coppolella","70.000",528224.76,4565942.18,563.72
"478","C4P","23.85","Argilla grigio-blu da mediamente a molto consistente con intercalazioni centimetriche di livelli sabbiosi. Materiale debolmente umido.","2b","1","Coppolella","70.000",528224.76,4565942.18,563.72
"479","C4P","23.9","Argilla grigio-blu da mediamente a molto consistente con intercalazioni centimetriche di livelli sabbiosi. Materiale debolmente umido.","2b","1","Coppolella","70.000",528224.76,4565942.18,563.72
"480","C4P","23.95","Argilla grigio-blu da mediamente a molto consistente con intercalazioni centimetriche di livelli sabbiosi. Materiale debolmente umido.","2b","1","Coppolella","70.000",528224.76,4565942.18,563.72
"481","C4P","24","Argilla grigio-blu da mediamente a molto consistente con intercalazioni centimetriche di livelli sabbiosi. Materiale debolmente umido.","2b","1","Coppolella","70.000",528224.76,4565942.18,563.72
"482","C4P","24.05","Argilla grigio-blu da mediamente a molto consistente con intercalazioni centimetriche di livelli sabbiosi. Materiale debolmente umido.","2b","1","Coppolella","70.000",528224.76,4565942.18,563.72
"483","C4P","24.1","Argilla grigio-blu da mediamente a molto consistente con intercalazioni centimetriche di livelli sabbiosi. Materiale debolmente umido.","2b","1","Coppolella","70.000",528224.76,4565942.18,563.72
"484","C4P","24.15","Argilla grigio-blu da mediamente a molto consistente con intercalazioni centimetriche di livelli sabbiosi. Materiale debolmente umido.","2b","1","Coppolella","70.000",528224.76,4565942.18,563.72
"485","C4P","24.2","Argilla grigio-blu da mediamente a molto consistente con intercalazioni centimetriche di livelli sabbiosi. Materiale debolmente umido.","2b","1","Coppolella","70.000",528224.76,4565942.18,563.72
"486","C4P","24.25","Argilla grigio-blu da mediamente a molto consistente con intercalazioni centimetriche di livelli sabbiosi. Materiale debolmente umido.","2b","1","Coppolella","70.000",528224.76,4565942.18,563.72
"487","C4P","24.3","Argilla grigio-blu da mediamente a molto consistente con intercalazioni centimetriche di livelli sabbiosi. Materiale debolmente umido.","2b","1","Coppolella","70.000",528224.76,4565942.18,563.72
"488","C4P","24.35","Argilla grigio-blu da mediamente a molto consistente con intercalazioni centimetriche di livelli sabbiosi. Materiale debolmente umido.","2b","1","Coppolella","70.000",528224.76,4565942.18,563.72
"489","C4P","24.4","Argilla grigio-blu da mediamente a molto consistente con intercalazioni centimetriche di livelli sabbiosi. Materiale debolmente umido.","2b","1","Coppolella","70.000",528224.76,4565942.18,563.72
"490","C4P","24.45","Argilla grigio-blu da mediamente a molto consistente con intercalazioni centimetriche di livelli sabbiosi. Materiale debolmente umido.","2b","1","Coppolella","70.000",528224.76,4565942.18,563.72
"491","C4P","24.5","Argilla grigio-blu da mediamente a molto consistente con intercalazioni centimetriche di livelli sabbiosi. Materiale debolmente umido.","2b","1","Coppolella","70.000",528224.76,4565942.18,563.72
"492","C4P","24.55","Argilla grigio-blu da mediamente a molto consistente con intercalazioni centimetriche di livelli sabbiosi. Materiale debolmente umido.","2b","1","Coppolella","70.000",528224.76,4565942.18,563.72
"493","C4P","24.6","Argilla grigio-blu da mediamente a molto consistente con intercalazioni centimetriche di livelli sabbiosi. Materiale debolmente umido.","2b","1","Coppolella","70.000",528224.76,4565942.18,563.72
"494","C4P","24.65","Calcare da mediamente a molto fratturato con limi di riempimento delle fratture.","2b","1","Coppolella","70.000",528224.76,4565942.18,563.72
"495","C4P","24.7","Calcare da mediamente a molto fratturato con limi di riempimento delle fratture.","2b","1","Coppolella","70.000",528224.76,4565942.18,563.72
"496","C4P","24.75","Calcare da mediamente a molto fratturato con limi di riempimento delle fratture.","2b","1","Coppolella","70.000",528224.76,4565942.18,563.72
"497","C4P","24.8","Calcare da mediamente a molto fratturato con limi di riempimento delle fratture.","2b","1","Coppolella","70.000",528224.76,4565942.18,563.72
"498","C4P","24.85","Calcare da mediamente a molto fratturato con limi di riempimento delle fratture.","2b","1","Coppolella","70.000",528224.76,4565942.18,563.72
"499","C4P","24.9","Calcare da mediamente a molto fratturato con limi di riempimento delle fratture.","2b","1","Coppolella","70.000",528224.76,4565942.18,563.72
"500","C4P","24.95","Calcare da mediamente a molto fratturato con limi di riempimento delle fratture.","2b","1","Coppolella","70.000",528224.76,4565942.18,563.72
"501","C4P","25","Calcare da mediamente a molto fratturato con limi di riempimento delle fratture.","2b","1","Coppolella","70.000",528224.76,4565942.18,563.72
"502","C4P","25.05","Calcare da mediamente a molto fratturato con limi di riempimento delle fratture.","2b","1","Coppolella","70.000",528224.76,4565942.18,563.72
"503","C4P","25.1","Calcare da mediamente a molto fratturato con limi di riempimento delle fratture.","2b","1","Coppolella","70.000",528224.76,4565942.18,563.72
"504","C4P","25.15","Calcare da mediamente a molto fratturato con limi di riempimento delle fratture.","2b","1","Coppolella","70.000",528224.76,4565942.18,563.72
"505","C4P","25.2","Calcare da mediamente a molto fratturato con limi di riempimento delle fratture.","2b","1","Coppolella","70.000",528224.76,4565942.18,563.72
"506","C4P","25.25","Calcare da mediamente a molto fratturato con limi di riempimento delle fratture.","2b","1","Coppolella","70.000",528224.76,4565942.18,563.72
"507","C4P","25.3","Calcare da mediamente a molto fratturato con limi di riempimento delle fratture.","2b","1","Coppolella","70.000",528224.76,4565942.18,563.72
"508","C4P","25.35","Calcare da mediamente a molto fratturato con limi di riempimento delle fratture.","2b","1","Coppolella","70.000",528224.76,4565942.18,563.72
"509","C4P","25.4","Calcare da mediamente a molto fratturato con limi di riempimento delle fratture.","2b","1","Coppolella","70.000",528224.76,4565942.18,563.72
"510","C4P","25.45","Calcare da mediamente a molto fratturato con limi di riempimento delle fratture.","2b","1","Coppolella","70.000",528224.76,4565942.18,563.72
"511","C4P","25.5","Calcare da mediamente a molto fratturato con limi di riempimento delle fratture.","2b","1","Coppolella","70.000",528224.76,4565942.18,563.72
"512","C4P","25.55","Argille molto consistenti e argille marnose di colore grigio-verdastro. I livelli marnosi si presentano scagliettati. Materiale asciutto","2b","1","Coppolella","70.000",528224.76,4565942.18,563.72
"513","C4P","25.6","Argille molto consistenti e argille marnose di colore grigio-verdastro. I livelli marnosi si presentano scagliettati. Materiale asciutto","2b","1","Coppolella","70.000",528224.76,4565942.18,563.72
"514","C4P","25.65","Argille molto consistenti e argille marnose di colore grigio-verdastro. I livelli marnosi si presentano scagliettati. Materiale asciutto","2b","1","Coppolella","70.000",528224.76,4565942.18,563.72
"515","C4P","25.7","Argille molto consistenti e argille marnose di colore grigio-verdastro. I livelli marnosi si presentano scagliettati. Materiale asciutto","2b","1","Coppolella","70.000",528224.76,4565942.18,563.72
"516","C4P","25.75","Argille molto consistenti e argille marnose di colore grigio-verdastro. I livelli marnosi si presentano scagliettati. Materiale asciutto","2b","1","Coppolella","70.000",528224.76,4565942.18,563.72
"517","C4P","25.8","Argille molto consistenti e argille marnose di colore grigio-verdastro. I livelli marnosi si presentano scagliettati. Materiale asciutto","2b","1","Coppolella","70.000",528224.76,4565942.18,563.72
"518","C4P","25.85","Argille molto consistenti e argille marnose di colore grigio-verdastro. I livelli marnosi si presentano scagliettati. Materiale asciutto","2b","1","Coppolella","70.000",528224.76,4565942.18,563.72
"519","C4P","25.9","Argille molto consistenti e argille marnose di colore grigio-verdastro. I livelli marnosi si presentano scagliettati. Materiale asciutto","2b","1","Coppolella","70.000",528224.76,4565942.18,563.72
"520","C4P","25.95","Argille molto consistenti e argille marnose di colore grigio-verdastro. I livelli marnosi si presentano scagliettati. Materiale asciutto","2b","1","Coppolella","70.000",528224.76,4565942.18,563.72
"521","C4P","26","Argille molto consistenti e argille marnose di colore grigio-verdastro. I livelli marnosi si presentano scagliettati. Materiale asciutto","2b","1","Coppolella","70.000",528224.76,4565942.18,563.72
"522","C4P","26.05","Argille molto consistenti e argille marnose di colore grigio-verdastro. I livelli marnosi si presentano scagliettati. Materiale asciutto","2b","1","Coppolella","70.000",528224.76,4565942.18,563.72
"523","C4P","26.1","Argille molto consistenti e argille marnose di colore grigio-verdastro. I livelli marnosi si presentano scagliettati. Materiale asciutto","2b","1","Coppolella","70.000",528224.76,4565942.18,563.72
"524","C4P","26.15","Argille molto consistenti e argille marnose di colore grigio-verdastro. I livelli marnosi si presentano scagliettati. Materiale asciutto","2b","1","Coppolella","70.000",528224.76,4565942.18,563.72
"525","C4P","26.2","Argille molto consistenti e argille marnose di colore grigio-verdastro. I livelli marnosi si presentano scagliettati. Materiale asciutto","2b","1","Coppolella","70.000",528224.76,4565942.18,563.72
"526","C4P","26.25","Argille molto consistenti e argille marnose di colore grigio-verdastro. I livelli marnosi si presentano scagliettati. Materiale asciutto","2b","1","Coppolella","70.000",528224.76,4565942.18,563.72
"527","C4P","26.3","Argille molto consistenti e argille marnose di colore grigio-verdastro. I livelli marnosi si presentano scagliettati. Materiale asciutto","2b","1","Coppolella","70.000",528224.76,4565942.18,563.72
"528","C4P","26.35","Argille molto consistenti e argille marnose di colore grigio-verdastro. I livelli marnosi si presentano scagliettati. Materiale asciutto","2b","1","Coppolella","70.000",528224.76,4565942.18,563.72
"529","C4P","26.4","Argille molto consistenti e argille marnose di colore grigio-verdastro. I livelli marnosi si presentano scagliettati. Materiale asciutto","2b","1","Coppolella","70.000",528224.76,4565942.18,563.72
"530","C4P","26.45","Argille molto consistenti e argille marnose di colore grigio-verdastro. I livelli marnosi si presentano scagliettati. Materiale asciutto","2b","1","Coppolella","70.000",528224.76,4565942.18,563.72
"531","C4P","26.5","Argille molto consistenti e argille marnose di colore grigio-verdastro. I livelli marnosi si presentano scagliettati. Materiale asciutto","2b","1","Coppolella","70.000",528224.76,4565942.18,563.72
"532","C4P","26.55","Argille molto consistenti e argille marnose di colore grigio-verdastro. I livelli marnosi si presentano scagliettati. Materiale asciutto","2b","1","Coppolella","70.000",528224.76,4565942.18,563.72
"533","C4P","26.6","Argille molto consistenti e argille marnose di colore grigio-verdastro. I livelli marnosi si presentano scagliettati. Materiale asciutto","2b","1","Coppolella","70.000",528224.76,4565942.18,563.72
"534","C4P","26.65","Argille molto consistenti e argille marnose di colore grigio-verdastro. I livelli marnosi si presentano scagliettati. Materiale asciutto","2b","1","Coppolella","70.000",528224.76,4565942.18,563.72
"535","C4P","26.7","Argille molto consistenti e argille marnose di colore grigio-verdastro. I livelli marnosi si presentano scagliettati. Materiale asciutto","2b","1","Coppolella","70.000",528224.76,4565942.18,563.72
"536","C4P","26.75","Argille molto consistenti e argille marnose di colore grigio-verdastro. I livelli marnosi si presentano scagliettati. Materiale asciutto","2b","1","Coppolella","70.000",528224.76,4565942.18,563.72
"537","C4P","26.8","Argille molto consistenti e argille marnose di colore grigio-verdastro. I livelli marnosi si presentano scagliettati. Materiale asciutto","2b","1","Coppolella","70.000",528224.76,4565942.18,563.72
"538","C4P","26.85","Argille molto consistenti e argille marnose di colore grigio-verdastro. I livelli marnosi si presentano scagliettati. Materiale asciutto","2b","1","Coppolella","70.000",528224.76,4565942.18,563.72
"539","C4P","26.9","Argille molto consistenti e argille marnose di colore grigio-verdastro. I livelli marnosi si presentano scagliettati. Materiale asciutto","2b","1","Coppolella","70.000",528224.76,4565942.18,563.72
"540","C4P","26.95","Argille molto consistenti e argille marnose di colore grigio-verdastro. I livelli marnosi si presentano scagliettati. Materiale asciutto","2b","1","Coppolella","70.000",528224.76,4565942.18,563.72
"541","C4P","27","Argille molto consistenti e argille marnose di colore grigio-verdastro. I livelli marnosi si presentano scagliettati. Materiale asciutto","2b","1","Coppolella","70.000",528224.76,4565942.18,563.72
"542","C4P","27.05","Argille molto consistenti e argille marnose di colore grigio-verdastro. I livelli marnosi si presentano scagliettati. Materiale asciutto","2b","1","Coppolella","70.000",528224.76,4565942.18,563.72
"543","C4P","27.1","Argille molto consistenti e argille marnose di colore grigio-verdastro. I livelli marnosi si presentano scagliettati. Materiale asciutto","2b","1","Coppolella","70.000",528224.76,4565942.18,563.72
"544","C4P","27.15","Argille molto consistenti e argille marnose di colore grigio-verdastro. I livelli marnosi si presentano scagliettati. Materiale asciutto","2b","1","Coppolella","70.000",528224.76,4565942.18,563.72
"545","C4P","27.2","Argille molto consistenti e argille marnose di colore grigio-verdastro. I livelli marnosi si presentano scagliettati. Materiale asciutto","2b","1","Coppolella","70.000",528224.76,4565942.18,563.72
"546","C4P","27.25","Argille molto consistenti e argille marnose di colore grigio-verdastro. I livelli marnosi si presentano scagliettati. Materiale asciutto","2b","1","Coppolella","70.000",528224.76,4565942.18,563.72
"547","C4P","27.3","Argille molto consistenti e argille marnose di colore grigio-verdastro. I livelli marnosi si presentano scagliettati. Materiale asciutto","2b","1","Coppolella","70.000",528224.76,4565942.18,563.72
"548","C4P","27.35","Argille molto consistenti e argille marnose di colore grigio-verdastro. I livelli marnosi si presentano scagliettati. Materiale asciutto","2b","1","Coppolella","70.000",528224.76,4565942.18,563.72
"549","C4P","27.4","Argille molto consistenti e argille marnose di colore grigio-verdastro. I livelli marnosi si presentano scagliettati. Materiale asciutto","2b","1","Coppolella","70.000",528224.76,4565942.18,563.72
"550","C4P","27.45","Argille molto consistenti e argille marnose di colore grigio-verdastro. I livelli marnosi si presentano scagliettati. Materiale asciutto","2b","1","Coppolella","70.000",528224.76,4565942.18,563.72
"551","C4P","27.5","Argille molto consistenti e argille marnose di colore grigio-verdastro. I livelli marnosi si presentano scagliettati. Materiale asciutto","2b","1","Coppolella","70.000",528224.76,4565942.18,563.72
"552","C4P","27.55","Argilla limosa da mediamente a molto consistente di colore grigio-marrone con livelli più sabbiosi a minore consistenza. Materiale umido.","2b","1","Coppolella","70.000",528224.76,4565942.18,563.72
"553","C4P","27.6","Argilla limosa da mediamente a molto consistente di colore grigio-marrone con livelli più sabbiosi a minore consistenza. Materiale umido.","2b","1","Coppolella","70.000",528224.76,4565942.18,563.72
"554","C4P","27.65","Argilla limosa da mediamente a molto consistente di colore grigio-marrone con livelli più sabbiosi a minore consistenza. Materiale umido.","2b","1","Coppolella","70.000",528224.76,4565942.18,563.72
"555","C4P","27.7","Argilla limosa da mediamente a molto consistente di colore grigio-marrone con livelli più sabbiosi a minore consistenza. Materiale umido.","2b","1","Coppolella","70.000",528224.76,4565942.18,563.72
"556","C4P","27.75","Argilla limosa da mediamente a molto consistente di colore grigio-marrone con livelli più sabbiosi a minore consistenza. Materiale umido.","2b","1","Coppolella","70.000",528224.76,4565942.18,563.72
"557","C4P","27.8","Argilla limosa da mediamente a molto consistente di colore grigio-marrone con livelli più sabbiosi a minore consistenza. Materiale umido.","2b","1","Coppolella","70.000",528224.76,4565942.18,563.72
"558","C4P","27.85","Argilla limosa da mediamente a molto consistente di colore grigio-marrone con livelli più sabbiosi a minore consistenza. Materiale umido.","2b","1","Coppolella","70.000",528224.76,4565942.18,563.72
"559","C4P","27.9","Argilla limosa da mediamente a molto consistente di colore grigio-marrone con livelli più sabbiosi a minore consistenza. Materiale umido.","2b","1","Coppolella","70.000",528224.76,4565942.18,563.72
"560","C4P","27.95","Argilla limosa da mediamente a molto consistente di colore grigio-marrone con livelli più sabbiosi a minore consistenza. Materiale umido.","2b","1","Coppolella","70.000",528224.76,4565942.18,563.72
"561","C4P","28","Argilla limosa da mediamente a molto consistente di colore grigio-marrone con livelli più sabbiosi a minore consistenza. Materiale umido.","2b","1","Coppolella","70.000",528224.76,4565942.18,563.72
"562","C4P","28.05","Argilla limosa da mediamente a molto consistente di colore grigio-marrone con livelli più sabbiosi a minore consistenza. Materiale umido.","2b","1","Coppolella","70.000",528224.76,4565942.18,563.72
"563","C4P","28.1","Argilla limosa da mediamente a molto consistente di colore grigio-marrone con livelli più sabbiosi a minore consistenza. Materiale umido.","2b","1","Coppolella","70.000",528224.76,4565942.18,563.72
"564","C4P","28.15","Argilla limosa da mediamente a molto consistente di colore grigio-marrone con livelli più sabbiosi a minore consistenza. Materiale umido.","2b","1","Coppolella","70.000",528224.76,4565942.18,563.72
"565","C4P","28.2","Argilla limosa da mediamente a molto consistente di colore grigio-marrone con livelli più sabbiosi a minore consistenza. Materiale umido.","2b","1","Coppolella","70.000",528224.76,4565942.18,563.72
"566","C4P","28.25","Argilla limosa da mediamente a molto consistente di colore grigio-marrone con livelli più sabbiosi a minore consistenza. Materiale umido.","2b","1","Coppolella","70.000",528224.76,4565942.18,563.72
"567","C4P","28.3","Argilla limosa da mediamente a molto consistente di colore grigio-marrone con livelli più sabbiosi a minore consistenza. Materiale umido.","2b","1","Coppolella","70.000",528224.76,4565942.18,563.72
"568","C4P","28.35","Argilla limosa da mediamente a molto consistente di colore grigio-marrone con livelli più sabbiosi a minore consistenza. Materiale umido.","2b","1","Coppolella","70.000",528224.76,4565942.18,563.72
"569","C4P","28.4","Argilla limosa da mediamente a molto consistente di colore grigio-marrone con livelli più sabbiosi a minore consistenza. Materiale umido.","2b","1","Coppolella","70.000",528224.76,4565942.18,563.72
"570","C4P","28.45","Argilla limosa da mediamente a molto consistente di colore grigio-marrone con livelli più sabbiosi a minore consistenza. Materiale umido.","2b","1","Coppolella","70.000",528224.76,4565942.18,563.72
"571","C4P","28.5","Argilla limosa da mediamente a molto consistente di colore grigio-marrone con livelli più sabbiosi a minore consistenza. Materiale umido.","2b","1","Coppolella","70.000",528224.76,4565942.18,563.72
"572","C4P","28.55","Argilla limosa da mediamente a molto consistente di colore grigio-marrone con livelli più sabbiosi a minore consistenza. Materiale umido.","2b","1","Coppolella","70.000",528224.76,4565942.18,563.72
"573","C4P","28.6","Argilla limosa da mediamente a molto consistente di colore grigio-marrone con livelli più sabbiosi a minore consistenza. Materiale umido.","2b","1","Coppolella","70.000",528224.76,4565942.18,563.72
"574","C4P","28.65","Argilla limosa da mediamente a molto consistente di colore grigio-marrone con livelli più sabbiosi a minore consistenza. Materiale umido.","2b","1","Coppolella","70.000",528224.76,4565942.18,563.72
"575","C4P","28.7","Argilla limosa da mediamente a molto consistente di colore grigio-marrone con livelli più sabbiosi a minore consistenza. Materiale umido.","2b","1","Coppolella","70.000",528224.76,4565942.18,563.72
"576","C4P","28.75","Argilla limosa da mediamente a molto consistente di colore grigio-marrone con livelli più sabbiosi a minore consistenza. Materiale umido.","2b","1","Coppolella","70.000",528224.76,4565942.18,563.72
"577","C4P","28.8","Argilla limosa da mediamente a molto consistente di colore grigio-marrone con livelli più sabbiosi a minore consistenza. Materiale umido.","2b","1","Coppolella","70.000",528224.76,4565942.18,563.72
"578","C4P","28.85","Argilla limosa da mediamente a molto consistente di colore grigio-marrone con livelli più sabbiosi a minore consistenza. Materiale umido.","2b","1","Coppolella","70.000",528224.76,4565942.18,563.72
"579","C4P","28.9","Argilla limosa da mediamente a molto consistente di colore grigio-marrone con livelli più sabbiosi a minore consistenza. Materiale umido.","2b","1","Coppolella","70.000",528224.76,4565942.18,563.72
"580","C4P","28.95","Argilla limosa da mediamente a molto consistente di colore grigio-marrone con livelli più sabbiosi a minore consistenza. Materiale umido.","2b","1","Coppolella","70.000",528224.76,4565942.18,563.72
"581","C4P","29","Argilla limosa da mediamente a molto consistente di colore grigio-marrone con livelli più sabbiosi a minore consistenza. Materiale umido.","2b","1","Coppolella","70.000",528224.76,4565942.18,563.72
"582","C4P","29.05","Argilla limosa da mediamente a molto consistente di colore grigio-marrone con livelli più sabbiosi a minore consistenza. Materiale umido.","2b","1","Coppolella","70.000",528224.76,4565942.18,563.72
"583","C4P","29.1","Argilla limosa da mediamente a molto consistente di colore grigio-marrone con livelli più sabbiosi a minore consistenza. Materiale umido.","2b","1","Coppolella","70.000",528224.76,4565942.18,563.72
"584","C4P","29.15","Argilla limosa da mediamente a molto consistente di colore grigio-marrone con livelli più sabbiosi a minore consistenza. Materiale umido.","2b","1","Coppolella","70.000",528224.76,4565942.18,563.72
"585","C4P","29.2","Argilla limosa da mediamente a molto consistente di colore grigio-marrone con livelli più sabbiosi a minore consistenza. Materiale umido.","2b","1","Coppolella","70.000",528224.76,4565942.18,563.72
"586","C4P","29.25","Argilla limosa da mediamente a molto consistente di colore grigio-marrone con livelli più sabbiosi a minore consistenza. Materiale umido.","2b","1","Coppolella","70.000",528224.76,4565942.18,563.72
"587","C4P","29.3","Argilla limosa da mediamente a molto consistente di colore grigio-marrone con livelli più sabbiosi a minore consistenza. Materiale umido.","2b","1","Coppolella","70.000",528224.76,4565942.18,563.72
"588","C4P","29.35","Argilla limosa da mediamente a molto consistente di colore grigio-marrone con livelli più sabbiosi a minore consistenza. Materiale umido.","2b","1","Coppolella","70.000",528224.76,4565942.18,563.72
"589","C4P","29.4","Argilla limosa da mediamente a molto consistente di colore grigio-marrone con livelli più sabbiosi a minore consistenza. Materiale umido.","2b","1","Coppolella","70.000",528224.76,4565942.18,563.72
"590","C4P","29.45","Argilla limosa da mediamente a molto consistente di colore grigio-marrone con livelli più sabbiosi a minore consistenza. Materiale umido.","2b","1","Coppolella","70.000",528224.76,4565942.18,563.72
"591","C4P","29.5","Argilla limosa da mediamente a molto consistente di colore grigio-marrone con livelli più sabbiosi a minore consistenza. Materiale umido.","2b","1","Coppolella","70.000",528224.76,4565942.18,563.72
"592","C4P","29.55","Argilla limosa da mediamente a molto consistente di colore grigio-marrone con livelli più sabbiosi a minore consistenza. Materiale umido.","2b","1","Coppolella","70.000",528224.76,4565942.18,563.72
"593","C4P","29.6","Argilla limosa da mediamente a molto consistente di colore grigio-marrone con livelli più sabbiosi a minore consistenza. Materiale umido.","2b","1","Coppolella","70.000",528224.76,4565942.18,563.72
"594","C4P","29.65","Argilla limosa da mediamente a molto consistente di colore grigio-marrone con livelli più sabbiosi a minore consistenza. Materiale umido.","2b","1","Coppolella","70.000",528224.76,4565942.18,563.72
"595","C4P","29.7","Argilla limosa da mediamente a molto consistente di colore grigio-marrone con livelli più sabbiosi a minore consistenza. Materiale umido.","2b","1","Coppolella","70.000",528224.76,4565942.18,563.72
"596","C4P","29.75","Argilla limosa da mediamente a molto consistente di colore grigio-marrone con livelli più sabbiosi a minore consistenza. Materiale umido.","2b","1","Coppolella","70.000",528224.76,4565942.18,563.72
"597","C4P","29.8","Argilla limosa da mediamente a molto consistente di colore grigio-marrone con livelli più sabbiosi a minore consistenza. Materiale umido.","2b","1","Coppolella","70.000",528224.76,4565942.18,563.72
"598","C4P","29.85","Argilla limosa da mediamente a molto consistente di colore grigio-marrone con livelli più sabbiosi a minore consistenza. Materiale umido.","2b","1","Coppolella","70.000",528224.76,4565942.18,563.72
"599","C4P","29.9","Argilla limosa da mediamente a molto consistente di colore grigio-marrone con livelli più sabbiosi a minore consistenza. Materiale umido.","2b","1","Coppolella","70.000",528224.76,4565942.18,563.72
"600","C4P","29.95","Calcare marnoso da mediamente a molto fratturato con argilla di riempimento delle fratture.","2b","1","Coppolella","70.000",528224.76,4565942.18,563.72
"601","C4P","30","Calcare marnoso da mediamente a molto fratturato con argilla di riempimento delle fratture.","2b","1","Coppolella","70.000",528224.76,4565942.18,563.72
"602","C4P","30.05","Calcare marnoso da mediamente a molto fratturato con argilla di riempimento delle fratture.","2b","1","Coppolella","70.000",528224.76,4565942.18,563.72
"603","C4P","30.1","Calcare marnoso da mediamente a molto fratturato con argilla di riempimento delle fratture.","2b","1","Coppolella","70.000",528224.76,4565942.18,563.72
"604","C4P","30.15","Calcare marnoso da mediamente a molto fratturato con argilla di riempimento delle fratture.","2b","1","Coppolella","70.000",528224.76,4565942.18,563.72
"605","C4P","30.2","Calcare marnoso da mediamente a molto fratturato con argilla di riempimento delle fratture.","2b","1","Coppolella","70.000",528224.76,4565942.18,563.72
"606","C4P","30.25","Calcare marnoso da mediamente a molto fratturato con argilla di riempimento delle fratture.","2b","1","Coppolella","70.000",528224.76,4565942.18,563.72
"607","C4P","30.3","Calcare marnoso da mediamente a molto fratturato con argilla di riempimento delle fratture.","2b","1","Coppolella","70.000",528224.76,4565942.18,563.72
"608","C4P","30.35","Calcare marnoso da mediamente a molto fratturato con argilla di riempimento delle fratture.","2b","1","Coppolella","70.000",528224.76,4565942.18,563.72
"609","C4P","30.4","Calcare marnoso da mediamente a molto fratturato con argilla di riempimento delle fratture.","2b","1","Coppolella","70.000",528224.76,4565942.18,563.72
"610","C4P","30.45","Calcare marnoso da mediamente a molto fratturato con argilla di riempimento delle fratture.","2b","1","Coppolella","70.000",528224.76,4565942.18,563.72
"611","C4P","30.5","Calcare marnoso da mediamente a molto fratturato con argilla di riempimento delle fratture.","2b","1","Coppolella","70.000",528224.76,4565942.18,563.72
"612","C4P","30.55","Calcare marnoso da mediamente a molto fratturato con argilla di riempimento delle fratture.","2b","1","Coppolella","70.000",528224.76,4565942.18,563.72
"613","C4P","30.6","Calcare marnoso da mediamente a molto fratturato con argilla di riempimento delle fratture.","2b","1","Coppolella","70.000",528224.76,4565942.18,563.72
"614","C4P","30.65","Calcare marnoso da mediamente a molto fratturato con argilla di riempimento delle fratture.","2b","1","Coppolella","70.000",528224.76,4565942.18,563.72
"615","C4P","30.7","Calcare marnoso da mediamente a molto fratturato con argilla di riempimento delle fratture.","2b","1","Coppolella","70.000",528224.76,4565942.18,563.72
"616","C4P","30.75","Calcare marnoso da mediamente a molto fratturato con argilla di riempimento delle fratture.","2b","1","Coppolella","70.000",528224.76,4565942.18,563.72
"617","C4P","30.8","Calcare marnoso da mediamente a molto fratturato con argilla di riempimento delle fratture.","2b","1","Coppolella","70.000",528224.76,4565942.18,563.72
"618","C4P","30.85","Argilla marnosa. Materiale umido.","2b","1","Coppolella","70.000",528224.76,4565942.18,563.72
"619","C4P","30.9","Argilla marnosa. Materiale umido.","2b","1","Coppolella","70.000",528224.76,4565942.18,563.72
"620","C4P","30.95","Argilla marnosa. Materiale umido.","2b","1","Coppolella","70.000",528224.76,4565942.18,563.72
"621","C4P","31","Argilla marnosa. Materiale umido.","2b","1","Coppolella","70.000",528224.76,4565942.18,563.72
"622","C4P","31.05","Argilla marnosa. Materiale umido.","2b","1","Coppolella","70.000",528224.76,4565942.18,563.72
"623","C4P","31.1","Argilla marnosa. Materiale umido.","2b","1","Coppolella","70.000",528224.76,4565942.18,563.72
"624","C4P","31.15","Limo sabbioso poco addensato di colore grigio. Materiale umido.","2b","1","Coppolella","70.000",528224.76,4565942.18,563.72
"625","C4P","31.2","Limo sabbioso poco addensato di colore grigio. Materiale umido.","2b","1","Coppolella","70.000",528224.76,4565942.18,563.72
"626","C4P","31.25","Limo sabbioso poco addensato di colore grigio. Materiale umido.","2b","1","Coppolella","70.000",528224.76,4565942.18,563.72
"627","C4P","31.3","Limo sabbioso poco addensato di colore grigio. Materiale umido.","2b","1","Coppolella","70.000",528224.76,4565942.18,563.72
"628","C4P","31.35","Limo sabbioso poco addensato di colore grigio. Materiale umido.","2b","1","Coppolella","70.000",528224.76,4565942.18,563.72
"629","C4P","31.4","Limo sabbioso poco addensato di colore grigio. Materiale umido.","2b","1","Coppolella","70.000",528224.76,4565942.18,563.72
"630","C4P","31.45","Limo sabbioso poco addensato di colore grigio. Materiale umido.","2b","1","Coppolella","70.000",528224.76,4565942.18,563.72
"631","C4P","31.5","Limo sabbioso poco addensato di colore grigio. Materiale umido.","2b","1","Coppolella","70.000",528224.76,4565942.18,563.72
"632","C4P","31.55","Limo sabbioso poco addensato di colore grigio. Materiale umido.","2b","1","Coppolella","70.000",528224.76,4565942.18,563.72
"633","C4P","31.6","Limo sabbioso poco addensato di colore grigio. Materiale umido.","2b","1","Coppolella","70.000",528224.76,4565942.18,563.72
"634","C4P","31.65","Limo sabbioso poco addensato di colore grigio. Materiale umido.","2b","1","Coppolella","70.000",528224.76,4565942.18,563.72
"635","C4P","31.7","Limo sabbioso poco addensato di colore grigio. Materiale umido.","2b","1","Coppolella","70.000",528224.76,4565942.18,563.72
"636","C4P","31.75","Limo sabbioso poco addensato di colore grigio. Materiale umido.","2b","1","Coppolella","70.000",528224.76,4565942.18,563.72
"637","C4P","31.8","Limo sabbioso poco addensato di colore grigio. Materiale umido.","2b","1","Coppolella","70.000",528224.76,4565942.18,563.72
"638","C4P","31.85","Limo sabbioso poco addensato di colore grigio. Materiale umido.","2b","1","Coppolella","70.000",528224.76,4565942.18,563.72
"639","C4P","31.9","Limo sabbioso poco addensato di colore grigio. Materiale umido.","2b","1","Coppolella","70.000",528224.76,4565942.18,563.72
"640","C4P","31.95","Limo sabbioso poco addensato di colore grigio. Materiale umido.","2b","1","Coppolella","70.000",528224.76,4565942.18,563.72
"641","C4P","32","Limo sabbioso poco addensato di colore grigio. Materiale umido.","2b","1","Coppolella","70.000",528224.76,4565942.18,563.72
"642","C4P","32.05","Limo sabbioso poco addensato di colore grigio. Materiale umido.","2b","1","Coppolella","70.000",528224.76,4565942.18,563.72
"643","C4P","32.1","Limo sabbioso poco addensato di colore grigio. Materiale umido.","2b","1","Coppolella","70.000",528224.76,4565942.18,563.72
"644","C4P","32.15","Limo sabbioso poco addensato di colore grigio. Materiale umido.","2b","1","Coppolella","70.000",528224.76,4565942.18,563.72
"645","C4P","32.2","Limo sabbioso poco addensato di colore grigio. Materiale umido.","2b","1","Coppolella","70.000",528224.76,4565942.18,563.72
"646","C4P","32.25","Limo sabbioso poco addensato di colore grigio. Materiale umido.","2b","1","Coppolella","70.000",528224.76,4565942.18,563.72
"647","C4P","32.3","Limo sabbioso poco addensato di colore grigio. Materiale umido.","2b","1","Coppolella","70.000",528224.76,4565942.18,563.72
"648","C4P","32.35","Limo sabbioso poco addensato di colore grigio. Materiale umido.","2b","1","Coppolella","70.000",528224.76,4565942.18,563.72
"649","C4P","32.4","Limo sabbioso poco addensato di colore grigio. Materiale umido.","2b","1","Coppolella","70.000",528224.76,4565942.18,563.72
"650","C4P","32.45","Argilla limosa da mediamente a molto consistente di colore grigio. Materiale moderatamente umido.","2b","1","Coppolella","70.000",528224.76,4565942.18,563.72
"651","C4P","32.5","Argilla limosa da mediamente a molto consistente di colore grigio. Materiale moderatamente umido.","2b","1","Coppolella","70.000",528224.76,4565942.18,563.72
"652","C4P","32.55","Argilla limosa da mediamente a molto consistente di colore grigio. Materiale moderatamente umido.","2b","1","Coppolella","70.000",528224.76,4565942.18,563.72
"653","C4P","32.6","Argilla limosa da mediamente a molto consistente di colore grigio. Materiale moderatamente umido.","2b","1","Coppolella","70.000",528224.76,4565942.18,563.72
"654","C4P","32.65","Argilla limosa da mediamente a molto consistente di colore grigio. Materiale moderatamente umido.","2b","1","Coppolella","70.000",528224.76,4565942.18,563.72
"655","C4P","32.7","Argilla limosa da mediamente a molto consistente di colore grigio. Materiale moderatamente umido.","2b","1","Coppolella","70.000",528224.76,4565942.18,563.72
"656","C4P","32.75","Argilla limosa da mediamente a molto consistente di colore grigio. Materiale moderatamente umido.","2b","1","Coppolella","70.000",528224.76,4565942.18,563.72
"657","C4P","32.8","Argilla limosa da mediamente a molto consistente di colore grigio. Materiale moderatamente umido.","2b","1","Coppolella","70.000",528224.76,4565942.18,563.72
"658","C4P","32.85","Argilla limosa da mediamente a molto consistente di colore grigio. Materiale moderatamente umido.","2b","1","Coppolella","70.000",528224.76,4565942.18,563.72
"659","C4P","32.9","Argilla limosa da mediamente a molto consistente di colore grigio. Materiale moderatamente umido.","2b","1","Coppolella","70.000",528224.76,4565942.18,563.72
"660","C4P","32.95","Argilla limosa da mediamente a molto consistente di colore grigio. Materiale moderatamente umido.","2b","1","Coppolella","70.000",528224.76,4565942.18,563.72
"661","C4P","33","Argilla limosa da mediamente a molto consistente di colore grigio. Materiale moderatamente umido.","2b","1","Coppolella","70.000",528224.76,4565942.18,563.72
"662","C4P","33.05","Argilla limosa da mediamente a molto consistente di colore grigio. Materiale moderatamente umido.","2b","1","Coppolella","70.000",528224.76,4565942.18,563.72
"663","C4P","33.1","Argilla limosa da mediamente a molto consistente di colore grigio. Materiale moderatamente umido.","2b","1","Coppolella","70.000",528224.76,4565942.18,563.72
"664","C4P","33.15","Argilla limosa da mediamente a molto consistente di colore grigio. Materiale moderatamente umido.","2b","1","Coppolella","70.000",528224.76,4565942.18,563.72
"665","C4P","33.2","Argilla limosa da mediamente a molto consistente di colore grigio. Materiale moderatamente umido.","2b","1","Coppolella","70.000",528224.76,4565942.18,563.72
"666","C4P","33.25","Argilla limosa da mediamente a molto consistente di colore grigio. Materiale moderatamente umido.","2b","1","Coppolella","70.000",528224.76,4565942.18,563.72
"667","C4P","33.3","Argilla limosa da mediamente a molto consistente di colore grigio. Materiale moderatamente umido.","2b","1","Coppolella","70.000",528224.76,4565942.18,563.72
"668","C4P","33.35","Argilla limosa da mediamente a molto consistente di colore grigio. Materiale moderatamente umido.","2b","1","Coppolella","70.000",528224.76,4565942.18,563.72
"669","C4P","33.4","Argilla limosa da mediamente a molto consistente di colore grigio. Materiale moderatamente umido.","2b","1","Coppolella","70.000",528224.76,4565942.18,563.72
"670","C4P","33.45","Argilla limosa da mediamente a molto consistente di colore grigio. Materiale moderatamente umido.","2b","1","Coppolella","70.000",528224.76,4565942.18,563.72
"671","C4P","33.5","Argilla limosa da mediamente a molto consistente di colore grigio. Materiale moderatamente umido.","2b","1","Coppolella","70.000",528224.76,4565942.18,563.72
"672","C4P","33.55","Calcare molto fratturato con livelletti di argilla marnosa molto dura.","2b","1","Coppolella","70.000",528224.76,4565942.18,563.72
"673","C4P","33.6","Calcare molto fratturato con livelletti di argilla marnosa molto dura.","2b","1","Coppolella","70.000",528224.76,4565942.18,563.72
"674","C4P","33.65","Calcare molto fratturato con livelletti di argilla marnosa molto dura.","2b","1","Coppolella","70.000",528224.76,4565942.18,563.72
"675","C4P","33.7","Calcare molto fratturato con livelletti di argilla marnosa molto dura.","2b","1","Coppolella","70.000",528224.76,4565942.18,563.72
"676","C4P","33.75","Calcare molto fratturato con livelletti di argilla marnosa molto dura.","2b","1","Coppolella","70.000",528224.76,4565942.18,563.72
"677","C4P","33.8","Calcare molto fratturato con livelletti di argilla marnosa molto dura.","2b","1","Coppolella","70.000",528224.76,4565942.18,563.72
"678","C4P","33.85","Calcare molto fratturato con livelletti di argilla marnosa molto dura.","2b","1","Coppolella","70.000",528224.76,4565942.18,563.72
"679","C4P","33.9","Calcare molto fratturato con livelletti di argilla marnosa molto dura.","2b","1","Coppolella","70.000",528224.76,4565942.18,563.72
"680","C4P","33.95","Calcare molto fratturato con livelletti di argilla marnosa molto dura.","2b","1","Coppolella","70.000",528224.76,4565942.18,563.72
"681","C4P","34","Calcare molto fratturato con livelletti di argilla marnosa molto dura.","2b","1","Coppolella","70.000",528224.76,4565942.18,563.72
"682","C4P","34.05","Calcare molto fratturato con livelletti di argilla marnosa molto dura.","2b","1","Coppolella","70.000",528224.76,4565942.18,563.72
"683","C4P","34.1","Calcare molto fratturato con livelletti di argilla marnosa molto dura.","2b","1","Coppolella","70.000",528224.76,4565942.18,563.72
"684","C4P","34.15","Calcare molto fratturato con livelletti di argilla marnosa molto dura.","2b","1","Coppolella","70.000",528224.76,4565942.18,563.72
"685","C4P","34.2","Calcare molto fratturato con livelletti di argilla marnosa molto dura.","2b","1","Coppolella","70.000",528224.76,4565942.18,563.72
"686","C4P","34.25","Calcare molto fratturato con livelletti di argilla marnosa molto dura.","2b","1","Coppolella","70.000",528224.76,4565942.18,563.72
"687","C4P","34.3","Calcare molto fratturato con livelletti di argilla marnosa molto dura.","2b","1","Coppolella","70.000",528224.76,4565942.18,563.72
"688","C4P","34.35","Calcare molto fratturato con livelletti di argilla marnosa molto dura.","2b","1","Coppolella","70.000",528224.76,4565942.18,563.72
"689","C4P","34.4","Calcare molto fratturato con livelletti di argilla marnosa molto dura.","2b","1","Coppolella","70.000",528224.76,4565942.18,563.72
"690","C4P","34.45","Calcare molto fratturato con livelletti di argilla marnosa molto dura.","2b","1","Coppolella","70.000",528224.76,4565942.18,563.72
"691","C4P","34.5","Calcare molto fratturato con livelletti di argilla marnosa molto dura.","2b","1","Coppolella","70.000",528224.76,4565942.18,563.72
"692","C4P","34.55","Calcare molto fratturato con livelletti di argilla marnosa molto dura.","2b","1","Coppolella","70.000",528224.76,4565942.18,563.72
"693","C4P","34.6","Calcare molto fratturato con livelletti di argilla marnosa molto dura.","2b","1","Coppolella","70.000",528224.76,4565942.18,563.72
"694","C4P","34.65","Argilla limosa mediamente consistente di colore grigio. Materiale moderatamente umido.","2b","1","Coppolella","70.000",528224.76,4565942.18,563.72
"695","C4P","34.7","Argilla limosa mediamente consistente di colore grigio. Materiale moderatamente umido.","2b","1","Coppolella","70.000",528224.76,4565942.18,563.72
"696","C4P","34.75","Argilla limosa mediamente consistente di colore grigio. Materiale moderatamente umido.","2b","1","Coppolella","70.000",528224.76,4565942.18,563.72
"697","C4P","34.8","Argilla limosa mediamente consistente di colore grigio. Materiale moderatamente umido.","2b","1","Coppolella","70.000",528224.76,4565942.18,563.72
"698","C4P","34.85","Argilla limosa mediamente consistente di colore grigio. Materiale moderatamente umido.","2b","1","Coppolella","70.000",528224.76,4565942.18,563.72
"699","C4P","34.9","Argilla limosa mediamente consistente di colore grigio. Materiale moderatamente umido.","2b","1","Coppolella","70.000",528224.76,4565942.18,563.72
"700","C4P","34.95","Argilla limosa mediamente consistente di colore grigio. Materiale moderatamente umido.","2b","1","Coppolella","70.000",528224.76,4565942.18,563.72
"701","C4P","35","Argilla limosa mediamente consistente di colore grigio. Materiale moderatamente umido.","2b","1","Coppolella","70.000",528224.76,4565942.18,563.72
"702","C4P","35.05","Argilla marnosa a scaglie di colore marrone-grigio, molto dura con rare intercalazioni di piccoli livelli di roccia calcarea e intercalazioni di livelli di argilla limosa mediamente consistente. Materiale moderatamente umido.","2b","1","Coppolella","70.000",528224.76,4565942.18,563.72
"703","C4P","35.1","Argilla marnosa a scaglie di colore marrone-grigio, molto dura con rare intercalazioni di piccoli livelli di roccia calcarea e intercalazioni di livelli di argilla limosa mediamente consistente. Materiale moderatamente umido.","2b","1","Coppolella","70.000",528224.76,4565942.18,563.72
"704","C4P","35.15","Argilla marnosa a scaglie di colore marrone-grigio, molto dura con rare intercalazioni di piccoli livelli di roccia calcarea e intercalazioni di livelli di argilla limosa mediamente consistente. Materiale moderatamente umido.","2b","1","Coppolella","70.000",528224.76,4565942.18,563.72
"705","C4P","35.2","Argilla marnosa a scaglie di colore marrone-grigio, molto dura con rare intercalazioni di piccoli livelli di roccia calcarea e intercalazioni di livelli di argilla limosa mediamente consistente. Materiale moderatamente umido.","2b","1","Coppolella","70.000",528224.76,4565942.18,563.72
"706","C4P","35.25","Argilla marnosa a scaglie di colore marrone-grigio, molto dura con rare intercalazioni di piccoli livelli di roccia calcarea e intercalazioni di livelli di argilla limosa mediamente consistente. Materiale moderatamente umido.","2b","1","Coppolella","70.000",528224.76,4565942.18,563.72
"707","C4P","35.3","Argilla marnosa a scaglie di colore marrone-grigio, molto dura con rare intercalazioni di piccoli livelli di roccia calcarea e intercalazioni di livelli di argilla limosa mediamente consistente. Materiale moderatamente umido.","2b","1","Coppolella","70.000",528224.76,4565942.18,563.72
"708","C4P","35.35","Argilla marnosa a scaglie di colore marrone-grigio, molto dura con rare intercalazioni di piccoli livelli di roccia calcarea e intercalazioni di livelli di argilla limosa mediamente consistente. Materiale moderatamente umido.","2b","1","Coppolella","70.000",528224.76,4565942.18,563.72
"709","C4P","35.4","Argilla marnosa a scaglie di colore marrone-grigio, molto dura con rare intercalazioni di piccoli livelli di roccia calcarea e intercalazioni di livelli di argilla limosa mediamente consistente. Materiale moderatamente umido.","2b","1","Coppolella","70.000",528224.76,4565942.18,563.72
"710","C4P","35.45","Argilla marnosa a scaglie di colore marrone-grigio, molto dura con rare intercalazioni di piccoli livelli di roccia calcarea e intercalazioni di livelli di argilla limosa mediamente consistente. Materiale moderatamente umido.","2b","1","Coppolella","70.000",528224.76,4565942.18,563.72
"711","C4P","35.5","Argilla marnosa a scaglie di colore marrone-grigio, molto dura con rare intercalazioni di piccoli livelli di roccia calcarea e intercalazioni di livelli di argilla limosa mediamente consistente. Materiale moderatamente umido.","2b","1","Coppolella","70.000",528224.76,4565942.18,563.72
"712","C4P","35.55","Argilla marnosa a scaglie di colore marrone-grigio, molto dura con rare intercalazioni di piccoli livelli di roccia calcarea e intercalazioni di livelli di argilla limosa mediamente consistente. Materiale moderatamente umido.","2b","1","Coppolella","70.000",528224.76,4565942.18,563.72
"713","C4P","35.6","Argilla marnosa a scaglie di colore marrone-grigio, molto dura con rare intercalazioni di piccoli livelli di roccia calcarea e intercalazioni di livelli di argilla limosa mediamente consistente. Materiale moderatamente umido.","2b","1","Coppolella","70.000",528224.76,4565942.18,563.72
"714","C4P","35.65","Argilla marnosa a scaglie di colore marrone-grigio, molto dura con rare intercalazioni di piccoli livelli di roccia calcarea e intercalazioni di livelli di argilla limosa mediamente consistente. Materiale moderatamente umido.","2b","1","Coppolella","70.000",528224.76,4565942.18,563.72
"715","C4P","35.7","Argilla marnosa a scaglie di colore marrone-grigio, molto dura con rare intercalazioni di piccoli livelli di roccia calcarea e intercalazioni di livelli di argilla limosa mediamente consistente. Materiale moderatamente umido.","2b","1","Coppolella","70.000",528224.76,4565942.18,563.72
"716","C4P","35.75","Argilla marnosa a scaglie di colore marrone-grigio, molto dura con rare intercalazioni di piccoli livelli di roccia calcarea e intercalazioni di livelli di argilla limosa mediamente consistente. Materiale moderatamente umido.","2b","1","Coppolella","70.000",528224.76,4565942.18,563.72
"717","C4P","35.8","Argilla marnosa a scaglie di colore marrone-grigio, molto dura con rare intercalazioni di piccoli livelli di roccia calcarea e intercalazioni di livelli di argilla limosa mediamente consistente. Materiale moderatamente umido.","2b","1","Coppolella","70.000",528224.76,4565942.18,563.72
"718","C4P","35.85","Argilla marnosa a scaglie di colore marrone-grigio, molto dura con rare intercalazioni di piccoli livelli di roccia calcarea e intercalazioni di livelli di argilla limosa mediamente consistente. Materiale moderatamente umido.","2b","1","Coppolella","70.000",528224.76,4565942.18,563.72
"719","C4P","35.9","Argilla marnosa a scaglie di colore marrone-grigio, molto dura con rare intercalazioni di piccoli livelli di roccia calcarea e intercalazioni di livelli di argilla limosa mediamente consistente. Materiale moderatamente umido.","2b","1","Coppolella","70.000",528224.76,4565942.18,563.72
"720","C4P","35.95","Argilla marnosa a scaglie di colore marrone-grigio, molto dura con rare intercalazioni di piccoli livelli di roccia calcarea e intercalazioni di livelli di argilla limosa mediamente consistente. Materiale moderatamente umido.","2b","1","Coppolella","70.000",528224.76,4565942.18,563.72
"721","C4P","36","Argilla marnosa a scaglie di colore marrone-grigio, molto dura con rare intercalazioni di piccoli livelli di roccia calcarea e intercalazioni di livelli di argilla limosa mediamente consistente. Materiale moderatamente umido.","2b","1","Coppolella","70.000",528224.76,4565942.18,563.72
"722","C4P","36.05","Argilla marnosa a scaglie di colore marrone-grigio, molto dura con rare intercalazioni di piccoli livelli di roccia calcarea e intercalazioni di livelli di argilla limosa mediamente consistente. Materiale moderatamente umido.","2b","1","Coppolella","70.000",528224.76,4565942.18,563.72
"723","C4P","36.1","Argilla marnosa a scaglie di colore marrone-grigio, molto dura con rare intercalazioni di piccoli livelli di roccia calcarea e intercalazioni di livelli di argilla limosa mediamente consistente. Materiale moderatamente umido.","2b","1","Coppolella","70.000",528224.76,4565942.18,563.72
"724","C4P","36.15","Argilla marnosa a scaglie di colore marrone-grigio, molto dura con rare intercalazioni di piccoli livelli di roccia calcarea e intercalazioni di livelli di argilla limosa mediamente consistente. Materiale moderatamente umido.","2b","1","Coppolella","70.000",528224.76,4565942.18,563.72
"725","C4P","36.2","Argilla marnosa a scaglie di colore marrone-grigio, molto dura con rare intercalazioni di piccoli livelli di roccia calcarea e intercalazioni di livelli di argilla limosa mediamente consistente. Materiale moderatamente umido.","2b","1","Coppolella","70.000",528224.76,4565942.18,563.72
"726","C4P","36.25","Argilla marnosa a scaglie di colore marrone-grigio, molto dura con rare intercalazioni di piccoli livelli di roccia calcarea e intercalazioni di livelli di argilla limosa mediamente consistente. Materiale moderatamente umido.","2b","1","Coppolella","70.000",528224.76,4565942.18,563.72
"727","C4P","36.3","Argilla marnosa a scaglie di colore marrone-grigio, molto dura con rare intercalazioni di piccoli livelli di roccia calcarea e intercalazioni di livelli di argilla limosa mediamente consistente. Materiale moderatamente umido.","2b","1","Coppolella","70.000",528224.76,4565942.18,563.72
"728","C4P","36.35","Argilla marnosa a scaglie di colore marrone-grigio, molto dura con rare intercalazioni di piccoli livelli di roccia calcarea e intercalazioni di livelli di argilla limosa mediamente consistente. Materiale moderatamente umido.","2b","1","Coppolella","70.000",528224.76,4565942.18,563.72
"729","C4P","36.4","Argilla marnosa a scaglie di colore marrone-grigio, molto dura con rare intercalazioni di piccoli livelli di roccia calcarea e intercalazioni di livelli di argilla limosa mediamente consistente. Materiale moderatamente umido.","2b","1","Coppolella","70.000",528224.76,4565942.18,563.72
"730","C4P","36.45","Argilla marnosa a scaglie di colore marrone-grigio, molto dura con rare intercalazioni di piccoli livelli di roccia calcarea e intercalazioni di livelli di argilla limosa mediamente consistente. Materiale moderatamente umido.","2b","1","Coppolella","70.000",528224.76,4565942.18,563.72
"731","C4P","36.5","Argilla marnosa a scaglie di colore marrone-grigio, molto dura con rare intercalazioni di piccoli livelli di roccia calcarea e intercalazioni di livelli di argilla limosa mediamente consistente. Materiale moderatamente umido.","2b","1","Coppolella","70.000",528224.76,4565942.18,563.72
"732","C4P","36.55","Argilla marnosa a scaglie di colore marrone-grigio, molto dura con rare intercalazioni di piccoli livelli di roccia calcarea e intercalazioni di livelli di argilla limosa mediamente consistente. Materiale moderatamente umido.","2b","1","Coppolella","70.000",528224.76,4565942.18,563.72
"733","C4P","36.6","Argilla marnosa a scaglie di colore marrone-grigio, molto dura con rare intercalazioni di piccoli livelli di roccia calcarea e intercalazioni di livelli di argilla limosa mediamente consistente. Materiale moderatamente umido.","2b","1","Coppolella","70.000",528224.76,4565942.18,563.72
"734","C4P","36.65","Argilla marnosa a scaglie di colore marrone-grigio, molto dura con rare intercalazioni di piccoli livelli di roccia calcarea e intercalazioni di livelli di argilla limosa mediamente consistente. Materiale moderatamente umido.","2b","1","Coppolella","70.000",528224.76,4565942.18,563.72
"735","C4P","36.7","Argilla marnosa a scaglie di colore marrone-grigio, molto dura con rare intercalazioni di piccoli livelli di roccia calcarea e intercalazioni di livelli di argilla limosa mediamente consistente. Materiale moderatamente umido.","2b","1","Coppolella","70.000",528224.76,4565942.18,563.72
"736","C4P","36.75","Argilla marnosa a scaglie di colore marrone-grigio, molto dura con rare intercalazioni di piccoli livelli di roccia calcarea e intercalazioni di livelli di argilla limosa mediamente consistente. Materiale moderatamente umido.","2b","1","Coppolella","70.000",528224.76,4565942.18,563.72
"737","C4P","36.8","Argilla marnosa a scaglie di colore marrone-grigio, molto dura con rare intercalazioni di piccoli livelli di roccia calcarea e intercalazioni di livelli di argilla limosa mediamente consistente. Materiale moderatamente umido.","2b","1","Coppolella","70.000",528224.76,4565942.18,563.72
"738","C4P","36.85","Argilla marnosa a scaglie di colore marrone-grigio, molto dura con rare intercalazioni di piccoli livelli di roccia calcarea e intercalazioni di livelli di argilla limosa mediamente consistente. Materiale moderatamente umido.","2b","1","Coppolella","70.000",528224.76,4565942.18,563.72
"739","C4P","36.9","Argilla marnosa a scaglie di colore marrone-grigio, molto dura con rare intercalazioni di piccoli livelli di roccia calcarea e intercalazioni di livelli di argilla limosa mediamente consistente. Materiale moderatamente umido.","2b","1","Coppolella","70.000",528224.76,4565942.18,563.72
"740","C4P","36.95","Argilla marnosa a scaglie di colore marrone-grigio, molto dura con rare intercalazioni di piccoli livelli di roccia calcarea e intercalazioni di livelli di argilla limosa mediamente consistente. Materiale moderatamente umido.","2b","1","Coppolella","70.000",528224.76,4565942.18,563.72
"741","C4P","37","Argilla marnosa a scaglie di colore marrone-grigio, molto dura con rare intercalazioni di piccoli livelli di roccia calcarea e intercalazioni di livelli di argilla limosa mediamente consistente. Materiale moderatamente umido.","2b","1","Coppolella","70.000",528224.76,4565942.18,563.72
"742","C4P","37.05","Argilla marnosa a scaglie di colore marrone-grigio, molto dura con rare intercalazioni di piccoli livelli di roccia calcarea e intercalazioni di livelli di argilla limosa mediamente consistente. Materiale moderatamente umido.","2b","1","Coppolella","70.000",528224.76,4565942.18,563.72
"743","C4P","37.1","Argilla marnosa a scaglie di colore marrone-grigio, molto dura con rare intercalazioni di piccoli livelli di roccia calcarea e intercalazioni di livelli di argilla limosa mediamente consistente. Materiale moderatamente umido.","2b","1","Coppolella","70.000",528224.76,4565942.18,563.72
"744","C4P","37.15","Argilla marnosa a scaglie di colore marrone-grigio, molto dura con rare intercalazioni di piccoli livelli di roccia calcarea e intercalazioni di livelli di argilla limosa mediamente consistente. Materiale moderatamente umido.","2b","1","Coppolella","70.000",528224.76,4565942.18,563.72
"745","C4P","37.2","Argilla marnosa a scaglie di colore marrone-grigio, molto dura con rare intercalazioni di piccoli livelli di roccia calcarea e intercalazioni di livelli di argilla limosa mediamente consistente. Materiale moderatamente umido.","2b","1","Coppolella","70.000",528224.76,4565942.18,563.72
"746","C4P","37.25","Argilla marnosa a scaglie di colore marrone-grigio, molto dura con rare intercalazioni di piccoli livelli di roccia calcarea e intercalazioni di livelli di argilla limosa mediamente consistente. Materiale moderatamente umido.","2b","1","Coppolella","70.000",528224.76,4565942.18,563.72
"747","C4P","37.3","Argilla marnosa a scaglie di colore marrone-grigio, molto dura con rare intercalazioni di piccoli livelli di roccia calcarea e intercalazioni di livelli di argilla limosa mediamente consistente. Materiale moderatamente umido.","2b","1","Coppolella","70.000",528224.76,4565942.18,563.72
"748","C4P","37.35","Argilla marnosa a scaglie di colore marrone-grigio, molto dura con rare intercalazioni di piccoli livelli di roccia calcarea e intercalazioni di livelli di argilla limosa mediamente consistente. Materiale moderatamente umido.","2b","1","Coppolella","70.000",528224.76,4565942.18,563.72
"749","C4P","37.4","Argilla marnosa a scaglie di colore marrone-grigio, molto dura con rare intercalazioni di piccoli livelli di roccia calcarea e intercalazioni di livelli di argilla limosa mediamente consistente. Materiale moderatamente umido.","2b","1","Coppolella","70.000",528224.76,4565942.18,563.72
"750","C4P","37.45","Argilla marnosa a scaglie di colore marrone-grigio, molto dura con rare intercalazioni di piccoli livelli di roccia calcarea e intercalazioni di livelli di argilla limosa mediamente consistente. Materiale moderatamente umido.","2b","1","Coppolella","70.000",528224.76,4565942.18,563.72
"751","C4P","37.5","Argilla marnosa a scaglie di colore marrone-grigio, molto dura con rare intercalazioni di piccoli livelli di roccia calcarea e intercalazioni di livelli di argilla limosa mediamente consistente. Materiale moderatamente umido.","2b","1","Coppolella","70.000",528224.76,4565942.18,563.72
"752","C4P","37.55","Argilla marnosa a scaglie di colore marrone-grigio, molto dura con rare intercalazioni di piccoli livelli di roccia calcarea e intercalazioni di livelli di argilla limosa mediamente consistente. Materiale moderatamente umido.","2b","1","Coppolella","70.000",528224.76,4565942.18,563.72
"753","C4P","37.6","Argilla marnosa a scaglie di colore marrone-grigio, molto dura con rare intercalazioni di piccoli livelli di roccia calcarea e intercalazioni di livelli di argilla limosa mediamente consistente. Materiale moderatamente umido.","2b","1","Coppolella","70.000",528224.76,4565942.18,563.72
"754","C4P","37.65","Argilla marnosa a scaglie di colore marrone-grigio, molto dura con rare intercalazioni di piccoli livelli di roccia calcarea e intercalazioni di livelli di argilla limosa mediamente consistente. Materiale moderatamente umido.","2b","1","Coppolella","70.000",528224.76,4565942.18,563.72
"755","C4P","37.7","Argilla marnosa a scaglie di colore marrone-grigio, molto dura con rare intercalazioni di piccoli livelli di roccia calcarea e intercalazioni di livelli di argilla limosa mediamente consistente. Materiale moderatamente umido.","2b","1","Coppolella","70.000",528224.76,4565942.18,563.72
"756","C4P","37.75","Argilla marnosa a scaglie di colore marrone-grigio, molto dura con rare intercalazioni di piccoli livelli di roccia calcarea e intercalazioni di livelli di argilla limosa mediamente consistente. Materiale moderatamente umido.","2b","1","Coppolella","70.000",528224.76,4565942.18,563.72
"757","C4P","37.8","Argilla marnosa a scaglie di colore marrone-grigio, molto dura con rare intercalazioni di piccoli livelli di roccia calcarea e intercalazioni di livelli di argilla limosa mediamente consistente. Materiale moderatamente umido.","2b","1","Coppolella","70.000",528224.76,4565942.18,563.72
"758","C4P","37.85","Argilla marnosa a scaglie di colore marrone-grigio, molto dura con rare intercalazioni di piccoli livelli di roccia calcarea e intercalazioni di livelli di argilla limosa mediamente consistente. Materiale moderatamente umido.","2b","1","Coppolella","70.000",528224.76,4565942.18,563.72
"759","C4P","37.9","Argilla marnosa a scaglie di colore marrone-grigio, molto dura con rare intercalazioni di piccoli livelli di roccia calcarea e intercalazioni di livelli di argilla limosa mediamente consistente. Materiale moderatamente umido.","2b","1","Coppolella","70.000",528224.76,4565942.18,563.72
"760","C4P","37.95","Argilla marnosa a scaglie di colore marrone-grigio, molto dura con rare intercalazioni di piccoli livelli di roccia calcarea e intercalazioni di livelli di argilla limosa mediamente consistente. Materiale moderatamente umido.","2b","1","Coppolella","70.000",528224.76,4565942.18,563.72
"761","C4P","38","Argilla marnosa a scaglie di colore marrone-grigio, molto dura con rare intercalazioni di piccoli livelli di roccia calcarea e intercalazioni di livelli di argilla limosa mediamente consistente. Materiale moderatamente umido.","2b","1","Coppolella","70.000",528224.76,4565942.18,563.72
"762","C4P","38.05","Argilla marnosa a scaglie di colore marrone-grigio, molto dura con rare intercalazioni di piccoli livelli di roccia calcarea e intercalazioni di livelli di argilla limosa mediamente consistente. Materiale moderatamente umido.","2b","1","Coppolella","70.000",528224.76,4565942.18,563.72
"763","C4P","38.1","Argilla marnosa a scaglie di colore marrone-grigio, molto dura con rare intercalazioni di piccoli livelli di roccia calcarea e intercalazioni di livelli di argilla limosa mediamente consistente. Materiale moderatamente umido.","2b","1","Coppolella","70.000",528224.76,4565942.18,563.72
"764","C4P","38.15","Argilla marnosa a scaglie di colore marrone-grigio, molto dura con rare intercalazioni di piccoli livelli di roccia calcarea e intercalazioni di livelli di argilla limosa mediamente consistente. Materiale moderatamente umido.","2b","1","Coppolella","70.000",528224.76,4565942.18,563.72
"765","C4P","38.2","Argilla marnosa a scaglie di colore marrone-grigio, molto dura con rare intercalazioni di piccoli livelli di roccia calcarea e intercalazioni di livelli di argilla limosa mediamente consistente. Materiale moderatamente umido.","2b","1","Coppolella","70.000",528224.76,4565942.18,563.72
"766","C4P","38.25","Argilla marnosa a scaglie di colore marrone-grigio, molto dura con rare intercalazioni di piccoli livelli di roccia calcarea e intercalazioni di livelli di argilla limosa mediamente consistente. Materiale moderatamente umido.","2b","1","Coppolella","70.000",528224.76,4565942.18,563.72
"767","C4P","38.3","Argilla marnosa a scaglie di colore marrone-grigio, molto dura con rare intercalazioni di piccoli livelli di roccia calcarea e intercalazioni di livelli di argilla limosa mediamente consistente. Materiale moderatamente umido.","2b","1","Coppolella","70.000",528224.76,4565942.18,563.72
"768","C4P","38.35","Argilla marnosa a scaglie di colore marrone-grigio, molto dura con rare intercalazioni di piccoli livelli di roccia calcarea e intercalazioni di livelli di argilla limosa mediamente consistente. Materiale moderatamente umido.","2b","1","Coppolella","70.000",528224.76,4565942.18,563.72
"769","C4P","38.4","Argilla marnosa a scaglie di colore marrone-grigio, molto dura con rare intercalazioni di piccoli livelli di roccia calcarea e intercalazioni di livelli di argilla limosa mediamente consistente. Materiale moderatamente umido.","2b","1","Coppolella","70.000",528224.76,4565942.18,563.72
"770","C4P","38.45","Argilla marnosa a scaglie di colore marrone-grigio, molto dura con rare intercalazioni di piccoli livelli di roccia calcarea e intercalazioni di livelli di argilla limosa mediamente consistente. Materiale moderatamente umido.","2b","1","Coppolella","70.000",528224.76,4565942.18,563.72
"771","C4P","38.5","Argilla marnosa a scaglie di colore marrone-grigio, molto dura con rare intercalazioni di piccoli livelli di roccia calcarea e intercalazioni di livelli di argilla limosa mediamente consistente. Materiale moderatamente umido.","2b","1","Coppolella","70.000",528224.76,4565942.18,563.72
"772","C4P","38.55","Argilla marnosa a scaglie di colore marrone-grigio, molto dura con rare intercalazioni di piccoli livelli di roccia calcarea e intercalazioni di livelli di argilla limosa mediamente consistente. Materiale moderatamente umido.","2b","1","Coppolella","70.000",528224.76,4565942.18,563.72
"773","C4P","38.6","Argilla marnosa a scaglie di colore marrone-grigio, molto dura con rare intercalazioni di piccoli livelli di roccia calcarea e intercalazioni di livelli di argilla limosa mediamente consistente. Materiale moderatamente umido.","2b","1","Coppolella","70.000",528224.76,4565942.18,563.72
"774","C4P","38.65","Argilla marnosa a scaglie di colore marrone-grigio, molto dura con rare intercalazioni di piccoli livelli di roccia calcarea e intercalazioni di livelli di argilla limosa mediamente consistente. Materiale moderatamente umido.","2b","1","Coppolella","70.000",528224.76,4565942.18,563.72
"775","C4P","38.7","Argilla marnosa a scaglie di colore marrone-grigio, molto dura con rare intercalazioni di piccoli livelli di roccia calcarea e intercalazioni di livelli di argilla limosa mediamente consistente. Materiale moderatamente umido.","2b","1","Coppolella","70.000",528224.76,4565942.18,563.72
"776","C4P","38.75","Argilla marnosa a scaglie di colore marrone-grigio, molto dura con rare intercalazioni di piccoli livelli di roccia calcarea e intercalazioni di livelli di argilla limosa mediamente consistente. Materiale moderatamente umido.","2b","1","Coppolella","70.000",528224.76,4565942.18,563.72
"777","C4P","38.8","Argilla marnosa a scaglie di colore marrone-grigio, molto dura con rare intercalazioni di piccoli livelli di roccia calcarea e intercalazioni di livelli di argilla limosa mediamente consistente. Materiale moderatamente umido.","2b","1","Coppolella","70.000",528224.76,4565942.18,563.72
"778","C4P","38.85","Argilla marnosa a scaglie di colore marrone-grigio, molto dura con rare intercalazioni di piccoli livelli di roccia calcarea e intercalazioni di livelli di argilla limosa mediamente consistente. Materiale moderatamente umido.","2b","1","Coppolella","70.000",528224.76,4565942.18,563.72
"779","C4P","38.9","Argilla marnosa a scaglie di colore marrone-grigio, molto dura con rare intercalazioni di piccoli livelli di roccia calcarea e intercalazioni di livelli di argilla limosa mediamente consistente. Materiale moderatamente umido.","2b","1","Coppolella","70.000",528224.76,4565942.18,563.72
"780","C4P","38.95","Argilla marnosa a scaglie di colore marrone-grigio, molto dura con rare intercalazioni di piccoli livelli di roccia calcarea e intercalazioni di livelli di argilla limosa mediamente consistente. Materiale moderatamente umido.","2b","1","Coppolella","70.000",528224.76,4565942.18,563.72
"781","C4P","39","Argilla marnosa a scaglie di colore marrone-grigio, molto dura con rare intercalazioni di piccoli livelli di roccia calcarea e intercalazioni di livelli di argilla limosa mediamente consistente. Materiale moderatamente umido.","2b","1","Coppolella","70.000",528224.76,4565942.18,563.72
"782","C4P","39.05","Argilla marnosa a scaglie di colore marrone-grigio, molto dura con rare intercalazioni di piccoli livelli di roccia calcarea e intercalazioni di livelli di argilla limosa mediamente consistente. Materiale moderatamente umido.","2b","1","Coppolella","70.000",528224.76,4565942.18,563.72
"783","C4P","39.1","Argilla marnosa a scaglie di colore marrone-grigio, molto dura con rare intercalazioni di piccoli livelli di roccia calcarea e intercalazioni di livelli di argilla limosa mediamente consistente. Materiale moderatamente umido.","2b","1","Coppolella","70.000",528224.76,4565942.18,563.72
"784","C4P","39.15","Argilla marnosa a scaglie di colore marrone-grigio, molto dura con rare intercalazioni di piccoli livelli di roccia calcarea e intercalazioni di livelli di argilla limosa mediamente consistente. Materiale moderatamente umido.","2b","1","Coppolella","70.000",528224.76,4565942.18,563.72
"785","C4P","39.2","Argilla marnosa a scaglie di colore marrone-grigio, molto dura con rare intercalazioni di piccoli livelli di roccia calcarea e intercalazioni di livelli di argilla limosa mediamente consistente. Materiale moderatamente umido.","2b","1","Coppolella","70.000",528224.76,4565942.18,563.72
"786","C4P","39.25","Argilla marnosa a scaglie di colore marrone-grigio, molto dura con rare intercalazioni di piccoli livelli di roccia calcarea e intercalazioni di livelli di argilla limosa mediamente consistente. Materiale moderatamente umido.","2b","1","Coppolella","70.000",528224.76,4565942.18,563.72
"787","C4P","39.3","Argilla marnosa a scaglie di colore marrone-grigio, molto dura con rare intercalazioni di piccoli livelli di roccia calcarea e intercalazioni di livelli di argilla limosa mediamente consistente. Materiale moderatamente umido.","2b","1","Coppolella","70.000",528224.76,4565942.18,563.72
"788","C4P","39.35","Argilla marnosa a scaglie di colore marrone-grigio, molto dura con rare intercalazioni di piccoli livelli di roccia calcarea e intercalazioni di livelli di argilla limosa mediamente consistente. Materiale moderatamente umido.","2b","1","Coppolella","70.000",528224.76,4565942.18,563.72
"789","C4P","39.4","Argilla marnosa a scaglie di colore marrone-grigio, molto dura con rare intercalazioni di piccoli livelli di roccia calcarea e intercalazioni di livelli di argilla limosa mediamente consistente. Materiale moderatamente umido.","2b","1","Coppolella","70.000",528224.76,4565942.18,563.72
"790","C4P","39.45","Argilla marnosa a scaglie di colore marrone-grigio, molto dura con rare intercalazioni di piccoli livelli di roccia calcarea e intercalazioni di livelli di argilla limosa mediamente consistente. Materiale moderatamente umido.","2b","1","Coppolella","70.000",528224.76,4565942.18,563.72
"791","C4P","39.5","Argilla marnosa a scaglie di colore marrone-grigio, molto dura con rare intercalazioni di piccoli livelli di roccia calcarea e intercalazioni di livelli di argilla limosa mediamente consistente. Materiale moderatamente umido.","2b","1","Coppolella","70.000",528224.76,4565942.18,563.72
"792","C4P","39.55","Argilla marnosa a scaglie di colore marrone-grigio, molto dura con rare intercalazioni di piccoli livelli di roccia calcarea e intercalazioni di livelli di argilla limosa mediamente consistente. Materiale moderatamente umido.","2b","1","Coppolella","70.000",528224.76,4565942.18,563.72
"793","C4P","39.6","Argilla marnosa a scaglie di colore marrone-grigio, molto dura con rare intercalazioni di piccoli livelli di roccia calcarea e intercalazioni di livelli di argilla limosa mediamente consistente. Materiale moderatamente umido.","2b","1","Coppolella","70.000",528224.76,4565942.18,563.72
"794","C4P","39.65","Argilla marnosa a scaglie di colore marrone-grigio, molto dura con rare intercalazioni di piccoli livelli di roccia calcarea e intercalazioni di livelli di argilla limosa mediamente consistente. Materiale moderatamente umido.","2b","1","Coppolella","70.000",528224.76,4565942.18,563.72
"795","C4P","39.7","Argilla marnosa a scaglie di colore marrone-grigio, molto dura con rare intercalazioni di piccoli livelli di roccia calcarea e intercalazioni di livelli di argilla limosa mediamente consistente. Materiale moderatamente umido.","2b","1","Coppolella","70.000",528224.76,4565942.18,563.72
"796","C4P","39.75","Argilla marnosa a scaglie di colore marrone-grigio, molto dura con rare intercalazioni di piccoli livelli di roccia calcarea e intercalazioni di livelli di argilla limosa mediamente consistente. Materiale moderatamente umido.","2b","1","Coppolella","70.000",528224.76,4565942.18,563.72
"797","C4P","39.8","Argilla marnosa a scaglie di colore marrone-grigio, molto dura con rare intercalazioni di piccoli livelli di roccia calcarea e intercalazioni di livelli di argilla limosa mediamente consistente. Materiale moderatamente umido.","2b","1","Coppolella","70.000",528224.76,4565942.18,563.72
"798","C4P","39.85","Argilla marnosa a scaglie di colore marrone-grigio, molto dura con rare intercalazioni di piccoli livelli di roccia calcarea e intercalazioni di livelli di argilla limosa mediamente consistente. Materiale moderatamente umido.","2b","1","Coppolella","70.000",528224.76,4565942.18,563.72
"799","C4P","39.9","Argilla marnosa a scaglie di colore marrone-grigio, molto dura con rare intercalazioni di piccoli livelli di roccia calcarea e intercalazioni di livelli di argilla limosa mediamente consistente. Materiale moderatamente umido.","2b","1","Coppolella","70.000",528224.76,4565942.18,563.72
"800","C4P","39.95","Argilla marnosa a scaglie di colore marrone-grigio, molto dura con rare intercalazioni di piccoli livelli di roccia calcarea e intercalazioni di livelli di argilla limosa mediamente consistente. Materiale moderatamente umido.","2b","1","Coppolella","70.000",528224.76,4565942.18,563.72
"801","C4P","40","Argilla marnosa a scaglie di colore marrone-grigio, molto dura con rare intercalazioni di piccoli livelli di roccia calcarea e intercalazioni di livelli di argilla limosa mediamente consistente. Materiale moderatamente umido.","2b","1","Coppolella","70.000",528224.76,4565942.18,563.72
"802","C4P","40.05","Argilla sabbiosa con frequenti clasti calcarei. Materiale debolmente umido.","2b","1","Coppolella","70.000",528224.76,4565942.18,563.72
"803","C4P","40.1","Argilla sabbiosa con frequenti clasti calcarei. Materiale debolmente umido.","2b","1","Coppolella","70.000",528224.76,4565942.18,563.72
"804","C4P","40.15","Argilla sabbiosa con frequenti clasti calcarei. Materiale debolmente umido.","2b","1","Coppolella","70.000",528224.76,4565942.18,563.72
"805","C4P","40.2","Argilla sabbiosa con frequenti clasti calcarei. Materiale debolmente umido.","2b","1","Coppolella","70.000",528224.76,4565942.18,563.72
"806","C4P","40.25","Argilla sabbiosa con frequenti clasti calcarei. Materiale debolmente umido.","2b","1","Coppolella","70.000",528224.76,4565942.18,563.72
"807","C4P","40.3","Argilla sabbiosa con frequenti clasti calcarei. Materiale debolmente umido.","2b","1","Coppolella","70.000",528224.76,4565942.18,563.72
"808","C4P","40.35","Argilla sabbiosa con frequenti clasti calcarei. Materiale debolmente umido.","2b","1","Coppolella","70.000",528224.76,4565942.18,563.72
"809","C4P","40.4","Argilla sabbiosa con frequenti clasti calcarei. Materiale debolmente umido.","2b","1","Coppolella","70.000",528224.76,4565942.18,563.72
"810","C4P","40.45","Argilla sabbiosa con frequenti clasti calcarei. Materiale debolmente umido.","2b","1","Coppolella","70.000",528224.76,4565942.18,563.72
"811","C4P","40.5","Argilla sabbiosa con frequenti clasti calcarei. Materiale debolmente umido.","2b","1","Coppolella","70.000",528224.76,4565942.18,563.72
"812","C4P","40.55","Argilla sabbiosa con frequenti clasti calcarei. Materiale debolmente umido.","2b","1","Coppolella","70.000",528224.76,4565942.18,563.72
"813","C4P","40.6","Argilla sabbiosa con frequenti clasti calcarei. Materiale debolmente umido.","2b","1","Coppolella","70.000",528224.76,4565942.18,563.72
"814","C4P","40.65","Argilla sabbiosa con frequenti clasti calcarei. Materiale debolmente umido.","2b","1","Coppolella","70.000",528224.76,4565942.18,563.72
"815","C4P","40.7","Argilla sabbiosa con frequenti clasti calcarei. Materiale debolmente umido.","2b","1","Coppolella","70.000",528224.76,4565942.18,563.72
"816","C4P","40.75","Argilla sabbiosa con frequenti clasti calcarei. Materiale debolmente umido.","2b","1","Coppolella","70.000",528224.76,4565942.18,563.72
"817","C4P","40.8","Argilla sabbiosa con frequenti clasti calcarei. Materiale debolmente umido.","2b","1","Coppolella","70.000",528224.76,4565942.18,563.72
"818","C4P","40.85","Argilla sabbiosa con frequenti clasti calcarei. Materiale debolmente umido.","2b","1","Coppolella","70.000",528224.76,4565942.18,563.72
"819","C4P","40.9","Argilla sabbiosa con frequenti clasti calcarei. Materiale debolmente umido.","2b","1","Coppolella","70.000",528224.76,4565942.18,563.72
"820","C4P","40.95","Argilla sabbiosa con frequenti clasti calcarei. Materiale debolmente umido.","2b","1","Coppolella","70.000",528224.76,4565942.18,563.72
"821","C4P","41","Argilla sabbiosa con frequenti clasti calcarei. Materiale debolmente umido.","2b","1","Coppolella","70.000",528224.76,4565942.18,563.72
"822","C4P","41.05","Argilla sabbiosa con frequenti clasti calcarei. Materiale debolmente umido.","2b","1","Coppolella","70.000",528224.76,4565942.18,563.72
"823","C4P","41.1","Argilla sabbiosa con frequenti clasti calcarei. Materiale debolmente umido.","2b","1","Coppolella","70.000",528224.76,4565942.18,563.72
"824","C4P","41.15","Argilla sabbiosa con frequenti clasti calcarei. Materiale debolmente umido.","2b","1","Coppolella","70.000",528224.76,4565942.18,563.72
"825","C4P","41.2","Argilla sabbiosa con frequenti clasti calcarei. Materiale debolmente umido.","2b","1","Coppolella","70.000",528224.76,4565942.18,563.72
"826","C4P","41.25","Argilla sabbiosa con frequenti clasti calcarei. Materiale debolmente umido.","2b","1","Coppolella","70.000",528224.76,4565942.18,563.72
"827","C4P","41.3","Argilla sabbiosa con frequenti clasti calcarei. Materiale debolmente umido.","2b","1","Coppolella","70.000",528224.76,4565942.18,563.72
"828","C4P","41.35","Calcare e calcare marnoso a grana ruditica con noduli di argilla inglobati all'interno","2b","1","Coppolella","70.000",528224.76,4565942.18,563.72
"829","C4P","41.4","Calcare e calcare marnoso a grana ruditica con noduli di argilla inglobati all'interno","2b","1","Coppolella","70.000",528224.76,4565942.18,563.72
"830","C4P","41.45","Calcare e calcare marnoso a grana ruditica con noduli di argilla inglobati all'interno","2b","1","Coppolella","70.000",528224.76,4565942.18,563.72
"831","C4P","41.5","Calcare e calcare marnoso a grana ruditica con noduli di argilla inglobati all'interno","2b","1","Coppolella","70.000",528224.76,4565942.18,563.72
"832","C4P","41.55","Calcare e calcare marnoso a grana ruditica con noduli di argilla inglobati all'interno","2b","1","Coppolella","70.000",528224.76,4565942.18,563.72
"833","C4P","41.6","Calcare e calcare marnoso a grana ruditica con noduli di argilla inglobati all'interno","2b","1","Coppolella","70.000",528224.76,4565942.18,563.72
"834","C4P","41.65","Calcare e calcare marnoso a grana ruditica con noduli di argilla inglobati all'interno","2b","1","Coppolella","70.000",528224.76,4565942.18,563.72
"835","C4P","41.7","Calcare e calcare marnoso a grana ruditica con noduli di argilla inglobati all'interno","2b","1","Coppolella","70.000",528224.76,4565942.18,563.72
"836","C4P","41.75","Calcare e calcare marnoso a grana ruditica con noduli di argilla inglobati all'interno","2b","1","Coppolella","70.000",528224.76,4565942.18,563.72
"837","C4P","41.8","Calcare e calcare marnoso a grana ruditica con noduli di argilla inglobati all'interno","2b","1","Coppolella","70.000",528224.76,4565942.18,563.72
"838","C4P","41.85","Calcare e calcare marnoso a grana ruditica con noduli di argilla inglobati all'interno","2b","1","Coppolella","70.000",528224.76,4565942.18,563.72
"839","C4P","41.9","Calcare e calcare marnoso a grana ruditica con noduli di argilla inglobati all'interno","2b","1","Coppolella","70.000",528224.76,4565942.18,563.72
"840","C4P","41.95","Calcare e calcare marnoso a grana ruditica con noduli di argilla inglobati all'interno","2b","1","Coppolella","70.000",528224.76,4565942.18,563.72
"841","C4P","42","Calcare e calcare marnoso a grana ruditica con noduli di argilla inglobati all'interno","2b","1","Coppolella","70.000",528224.76,4565942.18,563.72
"842","C4P","42.05","Calcare e calcare marnoso a grana ruditica con noduli di argilla inglobati all'interno","2b","1","Coppolella","70.000",528224.76,4565942.18,563.72
"843","C4P","42.1","Calcare e calcare marnoso a grana ruditica con noduli di argilla inglobati all'interno","2b","1","Coppolella","70.000",528224.76,4565942.18,563.72
"844","C4P","42.15","Calcare e calcare marnoso a grana ruditica con noduli di argilla inglobati all'interno","2b","1","Coppolella","70.000",528224.76,4565942.18,563.72
"845","C4P","42.2","Calcare e calcare marnoso a grana ruditica con noduli di argilla inglobati all'interno","2b","1","Coppolella","70.000",528224.76,4565942.18,563.72
"846","C4P","42.25","Calcare e calcare marnoso a grana ruditica con noduli di argilla inglobati all'interno","2b","1","Coppolella","70.000",528224.76,4565942.18,563.72
"847","C4P","42.3","Calcare e calcare marnoso a grana ruditica con noduli di argilla inglobati all'interno","2b","1","Coppolella","70.000",528224.76,4565942.18,563.72
"848","C4P","42.35","Calcare e calcare marnoso a grana ruditica con noduli di argilla inglobati all'interno","2b","1","Coppolella","70.000",528224.76,4565942.18,563.72
"849","C4P","42.4","Calcare e calcare marnoso a grana ruditica con noduli di argilla inglobati all'interno","2b","1","Coppolella","70.000",528224.76,4565942.18,563.72
"850","C4P","42.45","Calcare e calcare marnoso a grana ruditica con noduli di argilla inglobati all'interno","2b","1","Coppolella","70.000",528224.76,4565942.18,563.72
"851","C4P","42.5","Calcare e calcare marnoso a grana ruditica con noduli di argilla inglobati all'interno","2b","1","Coppolella","70.000",528224.76,4565942.18,563.72
"852","C4P","42.55","Calcare e calcare marnoso a grana ruditica con noduli di argilla inglobati all'interno","2b","1","Coppolella","70.000",528224.76,4565942.18,563.72
"853","C4P","42.6","Calcare e calcare marnoso a grana ruditica con noduli di argilla inglobati all'interno","2b","1","Coppolella","70.000",528224.76,4565942.18,563.72
"854","C4P","42.65","Calcare e calcare marnoso a grana ruditica con noduli di argilla inglobati all'interno","2b","1","Coppolella","70.000",528224.76,4565942.18,563.72
"855","C4P","42.7","Calcare e calcare marnoso a grana ruditica con noduli di argilla inglobati all'interno","2b","1","Coppolella","70.000",528224.76,4565942.18,563.72
"856","C4P","42.75","Calcare e calcare marnoso a grana ruditica con noduli di argilla inglobati all'interno","2b","1","Coppolella","70.000",528224.76,4565942.18,563.72
"857","C4P","42.8","Calcare e calcare marnoso a grana ruditica con noduli di argilla inglobati all'interno","2b","1","Coppolella","70.000",528224.76,4565942.18,563.72
"858","C4P","42.85","Calcare e calcare marnoso a grana ruditica con noduli di argilla inglobati all'interno","2b","1","Coppolella","70.000",528224.76,4565942.18,563.72
"859","C4P","42.9","Calcare e calcare marnoso a grana ruditica con noduli di argilla inglobati all'interno","2b","1","Coppolella","70.000",528224.76,4565942.18,563.72
"860","C4P","42.95","Calcare e calcare marnoso a grana ruditica con noduli di argilla inglobati all'interno","2b","1","Coppolella","70.000",528224.76,4565942.18,563.72
"861","C4P","43","Calcare e calcare marnoso a grana ruditica con noduli di argilla inglobati all'interno","2b","1","Coppolella","70.000",528224.76,4565942.18,563.72
"862","C4P","43.05","Calcare e calcare marnoso a grana ruditica con noduli di argilla inglobati all'interno","2b","1","Coppolella","70.000",528224.76,4565942.18,563.72
"863","C4P","43.1","Calcare e calcare marnoso a grana ruditica con noduli di argilla inglobati all'interno","2b","1","Coppolella","70.000",528224.76,4565942.18,563.72
"864","C4P","43.15","Calcare e calcare marnoso a grana ruditica con noduli di argilla inglobati all'interno","2b","1","Coppolella","70.000",528224.76,4565942.18,563.72
"865","C4P","43.2","Calcare e calcare marnoso a grana ruditica con noduli di argilla inglobati all'interno","2b","1","Coppolella","70.000",528224.76,4565942.18,563.72
"866","C4P","43.25","Calcare e calcare marnoso a grana ruditica con noduli di argilla inglobati all'interno","2b","1","Coppolella","70.000",528224.76,4565942.18,563.72
"867","C4P","43.3","Calcare e calcare marnoso a grana ruditica con noduli di argilla inglobati all'interno","2b","1","Coppolella","70.000",528224.76,4565942.18,563.72
"868","C4P","43.35","Calcare e calcare marnoso a grana ruditica con noduli di argilla inglobati all'interno","2b","1","Coppolella","70.000",528224.76,4565942.18,563.72
"869","C4P","43.4","Calcare e calcare marnoso a grana ruditica con noduli di argilla inglobati all'interno","2b","1","Coppolella","70.000",528224.76,4565942.18,563.72
"870","C4P","43.45","Calcare e calcare marnoso a grana ruditica con noduli di argilla inglobati all'interno","2b","1","Coppolella","70.000",528224.76,4565942.18,563.72
"871","C4P","43.5","Calcare e calcare marnoso a grana ruditica con noduli di argilla inglobati all'interno","2b","1","Coppolella","70.000",528224.76,4565942.18,563.72
"872","C4P","43.55","Calcare e calcare marnoso a grana ruditica con noduli di argilla inglobati all'interno","2b","1","Coppolella","70.000",528224.76,4565942.18,563.72
"873","C4P","43.6","Calcare e calcare marnoso a grana ruditica con noduli di argilla inglobati all'interno","2b","1","Coppolella","70.000",528224.76,4565942.18,563.72
"874","C4P","43.65","Calcare e calcare marnoso a grana ruditica con noduli di argilla inglobati all'interno","2b","1","Coppolella","70.000",528224.76,4565942.18,563.72
"875","C4P","43.7","Calcare e calcare marnoso a grana ruditica con noduli di argilla inglobati all'interno","2b","1","Coppolella","70.000",528224.76,4565942.18,563.72
"876","C4P","43.75","Calcare e calcare marnoso a grana ruditica con noduli di argilla inglobati all'interno","2b","1","Coppolella","70.000",528224.76,4565942.18,563.72
"877","C4P","43.8","Calcare e calcare marnoso a grana ruditica con noduli di argilla inglobati all'interno","2b","1","Coppolella","70.000",528224.76,4565942.18,563.72
"878","C4P","43.85","Calcare e calcare marnoso a grana ruditica con noduli di argilla inglobati all'interno","2b","1","Coppolella","70.000",528224.76,4565942.18,563.72
"879","C4P","43.9","Calcare e calcare marnoso a grana ruditica con noduli di argilla inglobati all'interno","2b","1","Coppolella","70.000",528224.76,4565942.18,563.72
"880","C4P","43.95","Calcare e calcare marnoso a grana ruditica con noduli di argilla inglobati all'interno","2b","1","Coppolella","70.000",528224.76,4565942.18,563.72
"881","C4P","44","Calcare e calcare marnoso a grana ruditica con noduli di argilla inglobati all'interno","2b","1","Coppolella","70.000",528224.76,4565942.18,563.72
"882","C4P","44.05","Argilla limosa a scaglie mediamente consistente di colore marrone scuro. Materiale asciutto.","2b","1","Coppolella","70.000",528224.76,4565942.18,563.72
"883","C4P","44.1","Argilla limosa a scaglie mediamente consistente di colore marrone scuro. Materiale asciutto.","2b","1","Coppolella","70.000",528224.76,4565942.18,563.72
"884","C4P","44.15","Argilla limosa a scaglie mediamente consistente di colore marrone scuro. Materiale asciutto.","2b","1","Coppolella","70.000",528224.76,4565942.18,563.72
"885","C4P","44.2","Argilla limosa a scaglie mediamente consistente di colore marrone scuro. Materiale asciutto.","2b","1","Coppolella","70.000",528224.76,4565942.18,563.72
"886","C4P","44.25","Argilla limosa a scaglie mediamente consistente di colore marrone scuro. Materiale asciutto.","2b","1","Coppolella","70.000",528224.76,4565942.18,563.72
"887","C4P","44.3","Argilla limosa a scaglie mediamente consistente di colore marrone scuro. Materiale asciutto.","2b","1","Coppolella","70.000",528224.76,4565942.18,563.72
"888","C4P","44.35","Argilla limosa a scaglie mediamente consistente di colore marrone scuro. Materiale asciutto.","2b","1","Coppolella","70.000",528224.76,4565942.18,563.72
"889","C4P","44.4","Argilla limosa a scaglie mediamente consistente di colore marrone scuro. Materiale asciutto.","2b","1","Coppolella","70.000",528224.76,4565942.18,563.72
"890","C4P","44.45","Argilla limosa a scaglie mediamente consistente di colore marrone scuro. Materiale asciutto.","2b","1","Coppolella","70.000",528224.76,4565942.18,563.72
"891","C4P","44.5","Argilla limosa a scaglie mediamente consistente di colore marrone scuro. Materiale asciutto.","2b","1","Coppolella","70.000",528224.76,4565942.18,563.72
"892","C4P","44.55","Argilla limosa a scaglie mediamente consistente di colore marrone scuro. Materiale asciutto.","2b","1","Coppolella","70.000",528224.76,4565942.18,563.72
"893","C4P","44.6","Argilla limosa a scaglie mediamente consistente di colore marrone scuro. Materiale asciutto.","2b","1","Coppolella","70.000",528224.76,4565942.18,563.72
"894","C4P","44.65","Argilla limosa a scaglie mediamente consistente di colore marrone scuro. Materiale asciutto.","2b","1","Coppolella","70.000",528224.76,4565942.18,563.72
"895","C4P","44.7","Argilla limosa a scaglie mediamente consistente di colore marrone scuro. Materiale asciutto.","2b","1","Coppolella","70.000",528224.76,4565942.18,563.72
"896","C4P","44.75","Argilla limosa a scaglie mediamente consistente di colore marrone scuro. Materiale asciutto.","2b","1","Coppolella","70.000",528224.76,4565942.18,563.72
"897","C4P","44.8","Argilla limosa a scaglie mediamente consistente di colore marrone scuro. Materiale asciutto.","2b","1","Coppolella","70.000",528224.76,4565942.18,563.72
"898","C4P","44.85","Argilla limosa a scaglie mediamente consistente di colore marrone scuro. Materiale asciutto.","2b","1","Coppolella","70.000",528224.76,4565942.18,563.72
"899","C4P","44.9","Argilla limosa a scaglie mediamente consistente di colore marrone scuro. Materiale asciutto.","2b","1","Coppolella","70.000",528224.76,4565942.18,563.72
"900","C4P","44.95","Argilla limosa a scaglie mediamente consistente di colore marrone scuro. Materiale asciutto.","2b","1","Coppolella","70.000",528224.76,4565942.18,563.72
"901","C4P","45","Argilla limosa a scaglie mediamente consistente di colore marrone scuro. Materiale asciutto.","2b","1","Coppolella","70.000",528224.76,4565942.18,563.72
"902","C4P","45.05","Marne e calcari marnosi a strati sottili con intercalazioni millimetriche di argille sui piani di discontinuità.","2b","1","Coppolella","70.000",528224.76,4565942.18,563.72
"903","C4P","45.1","Marne e calcari marnosi a strati sottili con intercalazioni millimetriche di argille sui piani di discontinuità.","2b","1","Coppolella","70.000",528224.76,4565942.18,563.72
"904","C4P","45.15","Marne e calcari marnosi a strati sottili con intercalazioni millimetriche di argille sui piani di discontinuità.","2b","1","Coppolella","70.000",528224.76,4565942.18,563.72
"905","C4P","45.2","Marne e calcari marnosi a strati sottili con intercalazioni millimetriche di argille sui piani di discontinuità.","2b","1","Coppolella","70.000",528224.76,4565942.18,563.72
"906","C4P","45.25","Marne e calcari marnosi a strati sottili con intercalazioni millimetriche di argille sui piani di discontinuità.","2b","1","Coppolella","70.000",528224.76,4565942.18,563.72
"907","C4P","45.3","Marne e calcari marnosi a strati sottili con intercalazioni millimetriche di argille sui piani di discontinuità.","2b","1","Coppolella","70.000",528224.76,4565942.18,563.72
"908","C4P","45.35","Marne e calcari marnosi a strati sottili con intercalazioni millimetriche di argille sui piani di discontinuità.","2b","1","Coppolella","70.000",528224.76,4565942.18,563.72
"909","C4P","45.4","Marne e calcari marnosi a strati sottili con intercalazioni millimetriche di argille sui piani di discontinuità.","2b","1","Coppolella","70.000",528224.76,4565942.18,563.72
"910","C4P","45.45","Marne e calcari marnosi a strati sottili con intercalazioni millimetriche di argille sui piani di discontinuità.","2b","1","Coppolella","70.000",528224.76,4565942.18,563.72
"911","C4P","45.5","Marne e calcari marnosi a strati sottili con intercalazioni millimetriche di argille sui piani di discontinuità.","2b","1","Coppolella","70.000",528224.76,4565942.18,563.72
"912","C4P","45.55","Marne e calcari marnosi a strati sottili con intercalazioni millimetriche di argille sui piani di discontinuità.","2b","1","Coppolella","70.000",528224.76,4565942.18,563.72
"913","C4P","45.6","Marne e calcari marnosi a strati sottili con intercalazioni millimetriche di argille sui piani di discontinuità.","2b","1","Coppolella","70.000",528224.76,4565942.18,563.72
"914","C4P","45.65","Marne e calcari marnosi a strati sottili con intercalazioni millimetriche di argille sui piani di discontinuità.","2b","1","Coppolella","70.000",528224.76,4565942.18,563.72
"915","C4P","45.7","Marne e calcari marnosi a strati sottili con intercalazioni millimetriche di argille sui piani di discontinuità.","2b","1","Coppolella","70.000",528224.76,4565942.18,563.72
"916","C4P","45.75","Marne e calcari marnosi a strati sottili con intercalazioni millimetriche di argille sui piani di discontinuità.","2b","1","Coppolella","70.000",528224.76,4565942.18,563.72
"917","C4P","45.8","Marne e calcari marnosi a strati sottili con intercalazioni millimetriche di argille sui piani di discontinuità.","2b","1","Coppolella","70.000",528224.76,4565942.18,563.72
"918","C4P","45.85","Marne e calcari marnosi a strati sottili con intercalazioni millimetriche di argille sui piani di discontinuità.","2b","1","Coppolella","70.000",528224.76,4565942.18,563.72
"919","C4P","45.9","Marne e calcari marnosi a strati sottili con intercalazioni millimetriche di argille sui piani di discontinuità.","2b","1","Coppolella","70.000",528224.76,4565942.18,563.72
"920","C4P","45.95","Marne e calcari marnosi a strati sottili con intercalazioni millimetriche di argille sui piani di discontinuità.","2b","1","Coppolella","70.000",528224.76,4565942.18,563.72
"921","C4P","46","Marne e calcari marnosi a strati sottili con intercalazioni millimetriche di argille sui piani di discontinuità.","2b","1","Coppolella","70.000",528224.76,4565942.18,563.72
"922","C4P","46.05","Marne e calcari marnosi a strati sottili con intercalazioni millimetriche di argille sui piani di discontinuità.","2b","1","Coppolella","70.000",528224.76,4565942.18,563.72
"923","C4P","46.1","Marne e calcari marnosi a strati sottili con intercalazioni millimetriche di argille sui piani di discontinuità.","2b","1","Coppolella","70.000",528224.76,4565942.18,563.72
"924","C4P","46.15","Marne e calcari marnosi a strati sottili con intercalazioni millimetriche di argille sui piani di discontinuità.","2b","1","Coppolella","70.000",528224.76,4565942.18,563.72
"925","C4P","46.2","Marne e calcari marnosi a strati sottili con intercalazioni millimetriche di argille sui piani di discontinuità.","2b","1","Coppolella","70.000",528224.76,4565942.18,563.72
"926","C4P","46.25","Marne e calcari marnosi a strati sottili con intercalazioni millimetriche di argille sui piani di discontinuità.","2b","1","Coppolella","70.000",528224.76,4565942.18,563.72
"927","C4P","46.3","Marne e calcari marnosi a strati sottili con intercalazioni millimetriche di argille sui piani di discontinuità.","2b","1","Coppolella","70.000",528224.76,4565942.18,563.72
"928","C4P","46.35","Marne e calcari marnosi a strati sottili con intercalazioni millimetriche di argille sui piani di discontinuità.","2b","1","Coppolella","70.000",528224.76,4565942.18,563.72
"929","C4P","46.4","Marne e calcari marnosi a strati sottili con intercalazioni millimetriche di argille sui piani di discontinuità.","2b","1","Coppolella","70.000",528224.76,4565942.18,563.72
"930","C4P","46.45","Marne e calcari marnosi a strati sottili con intercalazioni millimetriche di argille sui piani di discontinuità.","2b","1","Coppolella","70.000",528224.76,4565942.18,563.72
"931","C4P","46.5","Marne e calcari marnosi a strati sottili con intercalazioni millimetriche di argille sui piani di discontinuità.","2b","1","Coppolella","70.000",528224.76,4565942.18,563.72
"932","C4P","46.55","Marne e calcari marnosi a strati sottili con intercalazioni millimetriche di argille sui piani di discontinuità.","2b","1","Coppolella","70.000",528224.76,4565942.18,563.72
"933","C4P","46.6","Marne e calcari marnosi a strati sottili con intercalazioni millimetriche di argille sui piani di discontinuità.","2b","1","Coppolella","70.000",528224.76,4565942.18,563.72
"934","C4P","46.65","Marne e calcari marnosi a strati sottili con intercalazioni millimetriche di argille sui piani di discontinuità.","2b","1","Coppolella","70.000",528224.76,4565942.18,563.72
"935","C4P","46.7","Marne e calcari marnosi a strati sottili con intercalazioni millimetriche di argille sui piani di discontinuità.","2b","1","Coppolella","70.000",528224.76,4565942.18,563.72
"936","C4P","46.75","Marne e calcari marnosi a strati sottili con intercalazioni millimetriche di argille sui piani di discontinuità.","2b","1","Coppolella","70.000",528224.76,4565942.18,563.72
"937","C4P","46.8","Marne e calcari marnosi a strati sottili con intercalazioni millimetriche di argille sui piani di discontinuità.","2b","1","Coppolella","70.000",528224.76,4565942.18,563.72
"938","C4P","46.85","Argilla limosa e sabbiosa da poco a mediamente consistente di colore grigio. Materiale debolmente umido.","2b","1","Coppolella","70.000",528224.76,4565942.18,563.72
"939","C4P","46.9","Argilla limosa e sabbiosa da poco a mediamente consistente di colore grigio. Materiale debolmente umido.","2b","1","Coppolella","70.000",528224.76,4565942.18,563.72
"940","C4P","46.95","Argilla limosa e sabbiosa da poco a mediamente consistente di colore grigio. Materiale debolmente umido.","2b","1","Coppolella","70.000",528224.76,4565942.18,563.72
"941","C4P","47","Argilla limosa e sabbiosa da poco a mediamente consistente di colore grigio. Materiale debolmente umido.","2b","1","Coppolella","70.000",528224.76,4565942.18,563.72
"942","C4P","47.05","Argilla limosa e sabbiosa da poco a mediamente consistente di colore grigio. Materiale debolmente umido.","2b","1","Coppolella","70.000",528224.76,4565942.18,563.72
"943","C4P","47.1","Argilla limosa e sabbiosa da poco a mediamente consistente di colore grigio. Materiale debolmente umido.","2b","1","Coppolella","70.000",528224.76,4565942.18,563.72
"944","C4P","47.15","Argilla limosa e sabbiosa da poco a mediamente consistente di colore grigio. Materiale debolmente umido.","2b","1","Coppolella","70.000",528224.76,4565942.18,563.72
"945","C4P","47.2","Argilla limosa e sabbiosa da poco a mediamente consistente di colore grigio. Materiale debolmente umido.","2b","1","Coppolella","70.000",528224.76,4565942.18,563.72
"946","C4P","47.25","Argilla limosa e sabbiosa da poco a mediamente consistente di colore grigio. Materiale debolmente umido.","2b","1","Coppolella","70.000",528224.76,4565942.18,563.72
"947","C4P","47.3","Argilla limosa e sabbiosa da poco a mediamente consistente di colore grigio. Materiale debolmente umido.","2b","1","Coppolella","70.000",528224.76,4565942.18,563.72
"948","C4P","47.35","Argilla limosa e sabbiosa da poco a mediamente consistente di colore grigio. Materiale debolmente umido.","2b","1","Coppolella","70.000",528224.76,4565942.18,563.72
"949","C4P","47.4","Argilla limosa e sabbiosa da poco a mediamente consistente di colore grigio. Materiale debolmente umido.","2b","1","Coppolella","70.000",528224.76,4565942.18,563.72
"950","C4P","47.45","Argilla limosa e sabbiosa da poco a mediamente consistente di colore grigio. Materiale debolmente umido.","2b","1","Coppolella","70.000",528224.76,4565942.18,563.72
"951","C4P","47.5","Argilla limosa e sabbiosa da poco a mediamente consistente di colore grigio. Materiale debolmente umido.","2b","1","Coppolella","70.000",528224.76,4565942.18,563.72
"952","C4P","47.55","Argilla limosa e sabbiosa da poco a mediamente consistente di colore grigio. Materiale debolmente umido.","2b","1","Coppolella","70.000",528224.76,4565942.18,563.72
"953","C4P","47.6","Argilla limosa e sabbiosa da poco a mediamente consistente di colore grigio. Materiale debolmente umido.","2b","1","Coppolella","70.000",528224.76,4565942.18,563.72
"954","C4P","47.65","Argilla limosa e sabbiosa da poco a mediamente consistente di colore grigio. Materiale debolmente umido.","2b","1","Coppolella","70.000",528224.76,4565942.18,563.72
"955","C4P","47.7","Argilla limosa e sabbiosa da poco a mediamente consistente di colore grigio. Materiale debolmente umido.","2b","1","Coppolella","70.000",528224.76,4565942.18,563.72
"956","C4P","47.75","Argilla limosa e sabbiosa da poco a mediamente consistente di colore grigio. Materiale debolmente umido.","2b","1","Coppolella","70.000",528224.76,4565942.18,563.72
"957","C4P","47.8","Argilla limosa e sabbiosa da poco a mediamente consistente di colore grigio. Materiale debolmente umido.","2b","1","Coppolella","70.000",528224.76,4565942.18,563.72
"958","C4P","47.85","Argilla limosa e sabbiosa da poco a mediamente consistente di colore grigio. Materiale debolmente umido.","2b","1","Coppolella","70.000",528224.76,4565942.18,563.72
"959","C4P","47.9","Argilla limosa e sabbiosa da poco a mediamente consistente di colore grigio. Materiale debolmente umido.","2b","1","Coppolella","70.000",528224.76,4565942.18,563.72
"960","C4P","47.95","Calcare molto fratturato con livelletti di argilla marnosa molto dura","2b","1","Coppolella","70.000",528224.76,4565942.18,563.72
"961","C4P","48","Calcare molto fratturato con livelletti di argilla marnosa molto dura","2b","1","Coppolella","70.000",528224.76,4565942.18,563.72
"962","C4P","48.05","Calcare molto fratturato con livelletti di argilla marnosa molto dura","2b","1","Coppolella","70.000",528224.76,4565942.18,563.72
"963","C4P","48.1","Calcare molto fratturato con livelletti di argilla marnosa molto dura","2b","1","Coppolella","70.000",528224.76,4565942.18,563.72
"964","C4P","48.15","Calcare molto fratturato con livelletti di argilla marnosa molto dura","2b","1","Coppolella","70.000",528224.76,4565942.18,563.72
"965","C4P","48.2","Calcare molto fratturato con livelletti di argilla marnosa molto dura","2b","1","Coppolella","70.000",528224.76,4565942.18,563.72
"966","C4P","48.25","Calcare molto fratturato con livelletti di argilla marnosa molto dura","2b","1","Coppolella","70.000",528224.76,4565942.18,563.72
"967","C4P","48.3","Calcare molto fratturato con livelletti di argilla marnosa molto dura","2b","1","Coppolella","70.000",528224.76,4565942.18,563.72
"968","C4P","48.35","Calcare molto fratturato con livelletti di argilla marnosa molto dura","2b","1","Coppolella","70.000",528224.76,4565942.18,563.72
"969","C4P","48.4","Calcare molto fratturato con livelletti di argilla marnosa molto dura","2b","1","Coppolella","70.000",528224.76,4565942.18,563.72
"970","C4P","48.45","Calcare molto fratturato con livelletti di argilla marnosa molto dura","2b","1","Coppolella","70.000",528224.76,4565942.18,563.72
"971","C4P","48.5","Calcare molto fratturato con livelletti di argilla marnosa molto dura","2b","1","Coppolella","70.000",528224.76,4565942.18,563.72
"972","C4P","48.55","Calcare molto fratturato con livelletti di argilla marnosa molto dura","2b","1","Coppolella","70.000",528224.76,4565942.18,563.72
"973","C4P","48.6","Calcare molto fratturato con livelletti di argilla marnosa molto dura","2b","1","Coppolella","70.000",528224.76,4565942.18,563.72
"974","C4P","48.65","Calcare molto fratturato con livelletti di argilla marnosa molto dura","2b","1","Coppolella","70.000",528224.76,4565942.18,563.72
"975","C4P","48.7","Calcare molto fratturato con livelletti di argilla marnosa molto dura","2b","1","Coppolella","70.000",528224.76,4565942.18,563.72
"976","C4P","48.75","Calcare molto fratturato con livelletti di argilla marnosa molto dura","2b","1","Coppolella","70.000",528224.76,4565942.18,563.72
"977","C4P","48.8","Calcare molto fratturato con livelletti di argilla marnosa molto dura","2b","1","Coppolella","70.000",528224.76,4565942.18,563.72
"978","C4P","48.85","Calcare molto fratturato con livelletti di argilla marnosa molto dura","2b","1","Coppolella","70.000",528224.76,4565942.18,563.72
"979","C4P","48.9","Calcare molto fratturato con livelletti di argilla marnosa molto dura","2b","1","Coppolella","70.000",528224.76,4565942.18,563.72
"980","C4P","48.95","Calcare molto fratturato con livelletti di argilla marnosa molto dura","2b","1","Coppolella","70.000",528224.76,4565942.18,563.72
"981","C4P","49","Calcare molto fratturato con livelletti di argilla marnosa molto dura","2b","1","Coppolella","70.000",528224.76,4565942.18,563.72
"982","C4P","49.05","Calcare molto fratturato con livelletti di argilla marnosa molto dura","2b","1","Coppolella","70.000",528224.76,4565942.18,563.72
"983","C4P","49.1","Calcare molto fratturato con livelletti di argilla marnosa molto dura","2b","1","Coppolella","70.000",528224.76,4565942.18,563.72
"984","C4P","49.15","Calcare molto fratturato con livelletti di argilla marnosa molto dura","2b","1","Coppolella","70.000",528224.76,4565942.18,563.72
"985","C4P","49.2","Calcare molto fratturato con livelletti di argilla marnosa molto dura","2b","1","Coppolella","70.000",528224.76,4565942.18,563.72
"986","C4P","49.25","Calcare molto fratturato con livelletti di argilla marnosa molto dura","2b","1","Coppolella","70.000",528224.76,4565942.18,563.72
"987","C4P","49.3","Calcare molto fratturato con livelletti di argilla marnosa molto dura","2b","1","Coppolella","70.000",528224.76,4565942.18,563.72
"988","C4P","49.35","Calcare molto fratturato con livelletti di argilla marnosa molto dura","2b","1","Coppolella","70.000",528224.76,4565942.18,563.72
"989","C4P","49.4","Calcare molto fratturato con livelletti di argilla marnosa molto dura","2b","1","Coppolella","70.000",528224.76,4565942.18,563.72
"990","C4P","49.45","Calcare molto fratturato con livelletti di argilla marnosa molto dura","2b","1","Coppolella","70.000",528224.76,4565942.18,563.72
"991","C4P","49.5","Calcare molto fratturato con livelletti di argilla marnosa molto dura","2b","1","Coppolella","70.000",528224.76,4565942.18,563.72
"992","C4P","49.55","Argilla molto consistente di colore grigio. Materiale debolmente umido.","2b","1","Coppolella","70.000",528224.76,4565942.18,563.72
"993","C4P","49.6","Argilla molto consistente di colore grigio. Materiale debolmente umido.","2b","1","Coppolella","70.000",528224.76,4565942.18,563.72
"994","C4P","49.65","Argilla molto consistente di colore grigio. Materiale debolmente umido.","2b","1","Coppolella","70.000",528224.76,4565942.18,563.72
"995","C4P","49.7","Argilla molto consistente di colore grigio. Materiale debolmente umido.","2b","1","Coppolella","70.000",528224.76,4565942.18,563.72
"996","C4P","49.75","Argilla molto consistente di colore grigio. Materiale debolmente umido.","2b","1","Coppolella","70.000",528224.76,4565942.18,563.72
"997","C4P","49.8","Argilla molto consistente di colore grigio. Materiale debolmente umido.","2b","1","Coppolella","70.000",528224.76,4565942.18,563.72
"998","C4P","49.85","Argilla molto consistente di colore grigio. Materiale debolmente umido.","2b","1","Coppolella","70.000",528224.76,4565942.18,563.72
"999","C4P","49.9","Argilla molto consistente di colore grigio. Materiale debolmente umido.","2b","1","Coppolella","70.000",528224.76,4565942.18,563.72
"1000","C4P","49.95","Argilla molto consistente di colore grigio. Materiale debolmente umido.","2b","1","Coppolella","70.000",528224.76,4565942.18,563.72
"1001","C4P","50","Argilla molto consistente di colore grigio. Materiale debolmente umido.","2b","1","Coppolella","70.000",528224.76,4565942.18,563.72
"1002","C4P","50.05","Marne e calcari marnosi con argilla sui piani di discontinuità.","2b","1","Coppolella","70.000",528224.76,4565942.18,563.72
"1003","C4P","50.1","Marne e calcari marnosi con argilla sui piani di discontinuità.","2b","1","Coppolella","70.000",528224.76,4565942.18,563.72
"1004","C4P","50.15","Marne e calcari marnosi con argilla sui piani di discontinuità.","2b","1","Coppolella","70.000",528224.76,4565942.18,563.72
"1005","C4P","50.2","Marne e calcari marnosi con argilla sui piani di discontinuità.","2b","1","Coppolella","70.000",528224.76,4565942.18,563.72
"1006","C4P","50.25","Marne e calcari marnosi con argilla sui piani di discontinuità.","2b","1","Coppolella","70.000",528224.76,4565942.18,563.72
"1007","C4P","50.3","Marne e calcari marnosi con argilla sui piani di discontinuità.","2b","1","Coppolella","70.000",528224.76,4565942.18,563.72
"1008","C4P","50.35","Marne e calcari marnosi con argilla sui piani di discontinuità.","2b","1","Coppolella","70.000",528224.76,4565942.18,563.72
"1009","C4P","50.4","Marne e calcari marnosi con argilla sui piani di discontinuità.","2b","1","Coppolella","70.000",528224.76,4565942.18,563.72
"1010","C4P","50.45","Marne e calcari marnosi con argilla sui piani di discontinuità.","2b","1","Coppolella","70.000",528224.76,4565942.18,563.72
"1011","C4P","50.5","Marne e calcari marnosi con argilla sui piani di discontinuità.","2b","1","Coppolella","70.000",528224.76,4565942.18,563.72
"1012","C4P","50.55","Marne e calcari marnosi con argilla sui piani di discontinuità.","2b","1","Coppolella","70.000",528224.76,4565942.18,563.72
"1013","C4P","50.6","Marne e calcari marnosi con argilla sui piani di discontinuità.","2b","1","Coppolella","70.000",528224.76,4565942.18,563.72
"1014","C4P","50.65","Marne e calcari marnosi con argilla sui piani di discontinuità.","2b","1","Coppolella","70.000",528224.76,4565942.18,563.72
"1015","C4P","50.7","Marne e calcari marnosi con argilla sui piani di discontinuità.","2b","1","Coppolella","70.000",528224.76,4565942.18,563.72
"1016","C4P","50.75","Marne e calcari marnosi con argilla sui piani di discontinuità.","2b","1","Coppolella","70.000",528224.76,4565942.18,563.72
"1017","C4P","50.8","Marne e calcari marnosi con argilla sui piani di discontinuità.","2b","1","Coppolella","70.000",528224.76,4565942.18,563.72
"1018","C4P","50.85","Marne e calcari marnosi con argilla sui piani di discontinuità.","2b","1","Coppolella","70.000",528224.76,4565942.18,563.72
"1019","C4P","50.9","Marne e calcari marnosi con argilla sui piani di discontinuità.","2b","1","Coppolella","70.000",528224.76,4565942.18,563.72
"1020","C4P","50.95","Marne e calcari marnosi con argilla sui piani di discontinuità.","2b","1","Coppolella","70.000",528224.76,4565942.18,563.72
"1021","C4P","51","Marne e calcari marnosi con argilla sui piani di discontinuità.","2b","1","Coppolella","70.000",528224.76,4565942.18,563.72
"1022","C4P","51.05","Argilla limosa mediamente consistente di colore grigio. Materiale debolmente umido.","2b","1","Coppolella","70.000",528224.76,4565942.18,563.72
"1023","C4P","51.1","Argilla limosa mediamente consistente di colore grigio. Materiale debolmente umido.","2b","1","Coppolella","70.000",528224.76,4565942.18,563.72
"1024","C4P","51.15","Argilla limosa mediamente consistente di colore grigio. Materiale debolmente umido.","2b","1","Coppolella","70.000",528224.76,4565942.18,563.72
"1025","C4P","51.2","Argilla limosa mediamente consistente di colore grigio. Materiale debolmente umido.","2b","1","Coppolella","70.000",528224.76,4565942.18,563.72
"1026","C4P","51.25","Argilla limosa mediamente consistente di colore grigio. Materiale debolmente umido.","2b","1","Coppolella","70.000",528224.76,4565942.18,563.72
"1027","C4P","51.3","Argilla limosa mediamente consistente di colore grigio. Materiale debolmente umido.","2b","1","Coppolella","70.000",528224.76,4565942.18,563.72
"1028","C4P","51.35","Argilla limosa mediamente consistente di colore grigio. Materiale debolmente umido.","2b","1","Coppolella","70.000",528224.76,4565942.18,563.72
"1029","C4P","51.4","Argilla limosa mediamente consistente di colore grigio. Materiale debolmente umido.","2b","1","Coppolella","70.000",528224.76,4565942.18,563.72
"1030","C4P","51.45","Argilla limosa mediamente consistente di colore grigio. Materiale debolmente umido.","2b","1","Coppolella","70.000",528224.76,4565942.18,563.72
"1031","C4P","51.5","Argilla limosa mediamente consistente di colore grigio. Materiale debolmente umido.","2b","1","Coppolella","70.000",528224.76,4565942.18,563.72
"1032","C4P","51.55","Argilla limosa mediamente consistente di colore grigio. Materiale debolmente umido.","2b","1","Coppolella","70.000",528224.76,4565942.18,563.72
"1033","C4P","51.6","Argilla limosa mediamente consistente di colore grigio. Materiale debolmente umido.","2b","1","Coppolella","70.000",528224.76,4565942.18,563.72
"1034","C4P","51.65","Argilla limosa mediamente consistente di colore grigio. Materiale debolmente umido.","2b","1","Coppolella","70.000",528224.76,4565942.18,563.72
"1035","C4P","51.7","Argilla limosa mediamente consistente di colore grigio. Materiale debolmente umido.","2b","1","Coppolella","70.000",528224.76,4565942.18,563.72
"1036","C4P","51.75","Argilla limosa mediamente consistente di colore grigio. Materiale debolmente umido.","2b","1","Coppolella","70.000",528224.76,4565942.18,563.72
"1037","C4P","51.8","Argilla limosa mediamente consistente di colore grigio. Materiale debolmente umido.","2b","1","Coppolella","70.000",528224.76,4565942.18,563.72
"1038","C4P","51.85","Argilla limosa mediamente consistente di colore grigio. Materiale debolmente umido.","2b","1","Coppolella","70.000",528224.76,4565942.18,563.72
"1039","C4P","51.9","Argilla limosa mediamente consistente di colore grigio. Materiale debolmente umido.","2b","1","Coppolella","70.000",528224.76,4565942.18,563.72
"1040","C4P","51.95","Argilla limosa mediamente consistente di colore grigio. Materiale debolmente umido.","2b","1","Coppolella","70.000",528224.76,4565942.18,563.72
"1041","C4P","52","Argilla limosa mediamente consistente di colore grigio. Materiale debolmente umido.","2b","1","Coppolella","70.000",528224.76,4565942.18,563.72
"1042","C4P","52.05","Marne a scaglie e argille marnose.","2b","1","Coppolella","70.000",528224.76,4565942.18,563.72
"1043","C4P","52.1","Marne a scaglie e argille marnose.","2b","1","Coppolella","70.000",528224.76,4565942.18,563.72
"1044","C4P","52.15","Marne a scaglie e argille marnose.","2b","1","Coppolella","70.000",528224.76,4565942.18,563.72
"1045","C4P","52.2","Marne a scaglie e argille marnose.","2b","1","Coppolella","70.000",528224.76,4565942.18,563.72
"1046","C4P","52.25","Marne a scaglie e argille marnose.","2b","1","Coppolella","70.000",528224.76,4565942.18,563.72
"1047","C4P","52.3","Marne a scaglie e argille marnose.","2b","1","Coppolella","70.000",528224.76,4565942.18,563.72
"1048","C4P","52.35","Marne a scaglie e argille marnose.","2b","1","Coppolella","70.000",528224.76,4565942.18,563.72
"1049","C4P","52.4","Marne a scaglie e argille marnose.","2b","1","Coppolella","70.000",528224.76,4565942.18,563.72
"1050","C4P","52.45","Marne a scaglie e argille marnose.","2b","1","Coppolella","70.000",528224.76,4565942.18,563.72
"1051","C4P","52.5","Marne a scaglie e argille marnose.","2b","1","Coppolella","70.000",528224.76,4565942.18,563.72
"1052","C4P","52.55","Marne a scaglie e argille marnose.","2b","1","Coppolella","70.000",528224.76,4565942.18,563.72
"1053","C4P","52.6","Marne a scaglie e argille marnose.","2b","1","Coppolella","70.000",528224.76,4565942.18,563.72
"1054","C4P","52.65","Marne a scaglie e argille marnose.","2b","1","Coppolella","70.000",528224.76,4565942.18,563.72
"1055","C4P","52.7","Marne a scaglie e argille marnose.","2b","1","Coppolella","70.000",528224.76,4565942.18,563.72
"1056","C4P","52.75","Marne a scaglie e argille marnose.","2b","1","Coppolella","70.000",528224.76,4565942.18,563.72
"1057","C4P","52.8","Marne a scaglie e argille marnose.","2b","1","Coppolella","70.000",528224.76,4565942.18,563.72
"1058","C4P","52.85","Marne a scaglie e argille marnose.","2b","1","Coppolella","70.000",528224.76,4565942.18,563.72
"1059","C4P","52.9","Marne a scaglie e argille marnose.","2b","1","Coppolella","70.000",528224.76,4565942.18,563.72
"1060","C4P","52.95","Argilla da mediamente a molto consistente di colore grigio. Materiale debolmente umido.","2b","1","Coppolella","70.000",528224.76,4565942.18,563.72
"1061","C4P","53","Argilla da mediamente a molto consistente di colore grigio. Materiale debolmente umido.","2b","1","Coppolella","70.000",528224.76,4565942.18,563.72
"1062","C4P","53.05","Argilla da mediamente a molto consistente di colore grigio. Materiale debolmente umido.","2b","1","Coppolella","70.000",528224.76,4565942.18,563.72
"1063","C4P","53.1","Argilla da mediamente a molto consistente di colore grigio. Materiale debolmente umido.","2b","1","Coppolella","70.000",528224.76,4565942.18,563.72
"1064","C4P","53.15","Argilla da mediamente a molto consistente di colore grigio. Materiale debolmente umido.","2b","1","Coppolella","70.000",528224.76,4565942.18,563.72
"1065","C4P","53.2","Argilla da mediamente a molto consistente di colore grigio. Materiale debolmente umido.","2b","1","Coppolella","70.000",528224.76,4565942.18,563.72
"1066","C4P","53.25","Argilla da mediamente a molto consistente di colore grigio. Materiale debolmente umido.","2b","1","Coppolella","70.000",528224.76,4565942.18,563.72
"1067","C4P","53.3","Argilla da mediamente a molto consistente di colore grigio. Materiale debolmente umido.","2b","1","Coppolella","70.000",528224.76,4565942.18,563.72
"1068","C4P","53.35","Argilla da mediamente a molto consistente di colore grigio. Materiale debolmente umido.","2b","1","Coppolella","70.000",528224.76,4565942.18,563.72
"1069","C4P","53.4","Argilla da mediamente a molto consistente di colore grigio. Materiale debolmente umido.","2b","1","Coppolella","70.000",528224.76,4565942.18,563.72
"1070","C4P","53.45","Argilla da mediamente a molto consistente di colore grigio. Materiale debolmente umido.","2b","1","Coppolella","70.000",528224.76,4565942.18,563.72
"1071","C4P","53.5","Argilla da mediamente a molto consistente di colore grigio. Materiale debolmente umido.","2b","1","Coppolella","70.000",528224.76,4565942.18,563.72
"1072","C4P","53.55","Argilla da mediamente a molto consistente di colore grigio. Materiale debolmente umido.","2b","1","Coppolella","70.000",528224.76,4565942.18,563.72
"1073","C4P","53.6","Argilla da mediamente a molto consistente di colore grigio. Materiale debolmente umido.","2b","1","Coppolella","70.000",528224.76,4565942.18,563.72
"1074","C4P","53.65","Argilla da mediamente a molto consistente di colore grigio. Materiale debolmente umido.","2b","1","Coppolella","70.000",528224.76,4565942.18,563.72
"1075","C4P","53.7","Argilla da mediamente a molto consistente di colore grigio. Materiale debolmente umido.","2b","1","Coppolella","70.000",528224.76,4565942.18,563.72
"1076","C4P","53.75","Argilla da mediamente a molto consistente di colore grigio. Materiale debolmente umido.","2b","1","Coppolella","70.000",528224.76,4565942.18,563.72
"1077","C4P","53.8","Argilla da mediamente a molto consistente di colore grigio. Materiale debolmente umido.","2b","1","Coppolella","70.000",528224.76,4565942.18,563.72
"1078","C4P","53.85","Argilla da mediamente a molto consistente di colore grigio. Materiale debolmente umido.","2b","1","Coppolella","70.000",528224.76,4565942.18,563.72
"1079","C4P","53.9","Argilla da mediamente a molto consistente di colore grigio. Materiale debolmente umido.","2b","1","Coppolella","70.000",528224.76,4565942.18,563.72
"1080","C4P","53.95","Argilla da mediamente a molto consistente di colore grigio. Materiale debolmente umido.","2b","1","Coppolella","70.000",528224.76,4565942.18,563.72
"1081","C4P","54","Argilla da mediamente a molto consistente di colore grigio. Materiale debolmente umido.","2b","1","Coppolella","70.000",528224.76,4565942.18,563.72
"1082","C4P","54.05","Argilla da mediamente a molto consistente di colore grigio. Materiale debolmente umido.","2b","1","Coppolella","70.000",528224.76,4565942.18,563.72
"1083","C4P","54.1","Argilla da mediamente a molto consistente di colore grigio. Materiale debolmente umido.","2b","1","Coppolella","70.000",528224.76,4565942.18,563.72
"1084","C4P","54.15","Argilla da mediamente a molto consistente di colore grigio. Materiale debolmente umido.","2b","1","Coppolella","70.000",528224.76,4565942.18,563.72
"1085","C4P","54.2","Argilla da mediamente a molto consistente di colore grigio. Materiale debolmente umido.","2b","1","Coppolella","70.000",528224.76,4565942.18,563.72
"1086","C4P","54.25","Argilla da mediamente a molto consistente di colore grigio. Materiale debolmente umido.","2b","1","Coppolella","70.000",528224.76,4565942.18,563.72
"1087","C4P","54.3","Argilla da mediamente a molto consistente di colore grigio. Materiale debolmente umido.","2b","1","Coppolella","70.000",528224.76,4565942.18,563.72
"1088","C4P","54.35","Argilla da mediamente a molto consistente di colore grigio. Materiale debolmente umido.","2b","1","Coppolella","70.000",528224.76,4565942.18,563.72
"1089","C4P","54.4","Argilla da mediamente a molto consistente di colore grigio. Materiale debolmente umido.","2b","1","Coppolella","70.000",528224.76,4565942.18,563.72
"1090","C4P","54.45","Argilla da mediamente a molto consistente di colore grigio. Materiale debolmente umido.","2b","1","Coppolella","70.000",528224.76,4565942.18,563.72
"1091","C4P","54.5","Argilla da mediamente a molto consistente di colore grigio. Materiale debolmente umido.","2b","1","Coppolella","70.000",528224.76,4565942.18,563.72
"1092","C4P","54.55","Argilla da mediamente a molto consistente di colore grigio. Materiale debolmente umido.","2b","1","Coppolella","70.000",528224.76,4565942.18,563.72
"1093","C4P","54.6","Argilla da mediamente a molto consistente di colore grigio. Materiale debolmente umido.","2b","1","Coppolella","70.000",528224.76,4565942.18,563.72
"1094","C4P","54.65","Argilla da mediamente a molto consistente di colore grigio. Materiale debolmente umido.","2b","1","Coppolella","70.000",528224.76,4565942.18,563.72
"1095","C4P","54.7","Argilla da mediamente a molto consistente di colore grigio. Materiale debolmente umido.","2b","1","Coppolella","70.000",528224.76,4565942.18,563.72
"1096","C4P","54.75","Argilla da mediamente a molto consistente di colore grigio. Materiale debolmente umido.","2b","1","Coppolella","70.000",528224.76,4565942.18,563.72
"1097","C4P","54.8","Argilla da mediamente a molto consistente di colore grigio. Materiale debolmente umido.","2b","1","Coppolella","70.000",528224.76,4565942.18,563.72
"1098","C4P","54.85","Argilla da mediamente a molto consistente di colore grigio. Materiale debolmente umido.","2b","1","Coppolella","70.000",528224.76,4565942.18,563.72
"1099","C4P","54.9","Argilla da mediamente a molto consistente di colore grigio. Materiale debolmente umido.","2b","1","Coppolella","70.000",528224.76,4565942.18,563.72
"1100","C4P","54.95","Argilla da mediamente a molto consistente di colore grigio. Materiale debolmente umido.","2b","1","Coppolella","70.000",528224.76,4565942.18,563.72
"1101","C4P","55","Argilla da mediamente a molto consistente di colore grigio. Materiale debolmente umido.","2b","1","Coppolella","70.000",528224.76,4565942.18,563.72
"1102","C4P","55.05","Argilla limosa poco consistente di colore grigio. Materiale debolmente umido.","2b","1","Coppolella","70.000",528224.76,4565942.18,563.72
"1103","C4P","55.1","Argilla limosa poco consistente di colore grigio. Materiale debolmente umido.","2b","1","Coppolella","70.000",528224.76,4565942.18,563.72
"1104","C4P","55.15","Argilla limosa poco consistente di colore grigio. Materiale debolmente umido.","2b","1","Coppolella","70.000",528224.76,4565942.18,563.72
"1105","C4P","55.2","Argilla limosa poco consistente di colore grigio. Materiale debolmente umido.","2b","1","Coppolella","70.000",528224.76,4565942.18,563.72
"1106","C4P","55.25","Argilla limosa poco consistente di colore grigio. Materiale debolmente umido.","2b","1","Coppolella","70.000",528224.76,4565942.18,563.72
"1107","C4P","55.3","Argilla limosa poco consistente di colore grigio. Materiale debolmente umido.","2b","1","Coppolella","70.000",528224.76,4565942.18,563.72
"1108","C4P","55.35","Argilla limosa poco consistente di colore grigio. Materiale debolmente umido.","2b","1","Coppolella","70.000",528224.76,4565942.18,563.72
"1109","C4P","55.4","Argilla limosa poco consistente di colore grigio. Materiale debolmente umido.","2b","1","Coppolella","70.000",528224.76,4565942.18,563.72
"1110","C4P","55.45","Argilla limosa poco consistente di colore grigio. Materiale debolmente umido.","2b","1","Coppolella","70.000",528224.76,4565942.18,563.72
"1111","C4P","55.5","Argilla limosa poco consistente di colore grigio. Materiale debolmente umido.","2b","1","Coppolella","70.000",528224.76,4565942.18,563.72
"1112","C4P","55.55","Argilla limosa poco consistente di colore grigio. Materiale debolmente umido.","2b","1","Coppolella","70.000",528224.76,4565942.18,563.72
"1113","C4P","55.6","Argilla limosa poco consistente di colore grigio. Materiale debolmente umido.","2b","1","Coppolella","70.000",528224.76,4565942.18,563.72
"1114","C4P","55.65","Calcare marnoso molto duro e compatto alternato a livelli di marna. Lungo la stratificazione sono presenti noduli di argilla","2b","1","Coppolella","70.000",528224.76,4565942.18,563.72
"1115","C4P","55.7","Calcare marnoso molto duro e compatto alternato a livelli di marna. Lungo la stratificazione sono presenti noduli di argilla","2b","1","Coppolella","70.000",528224.76,4565942.18,563.72
"1116","C4P","55.75","Calcare marnoso molto duro e compatto alternato a livelli di marna. Lungo la stratificazione sono presenti noduli di argilla","2b","1","Coppolella","70.000",528224.76,4565942.18,563.72
"1117","C4P","55.8","Calcare marnoso molto duro e compatto alternato a livelli di marna. Lungo la stratificazione sono presenti noduli di argilla","2b","1","Coppolella","70.000",528224.76,4565942.18,563.72
"1118","C4P","55.85","Calcare marnoso molto duro e compatto alternato a livelli di marna. Lungo la stratificazione sono presenti noduli di argilla","2b","1","Coppolella","70.000",528224.76,4565942.18,563.72
"1119","C4P","55.9","Calcare marnoso molto duro e compatto alternato a livelli di marna. Lungo la stratificazione sono presenti noduli di argilla","2b","1","Coppolella","70.000",528224.76,4565942.18,563.72
"1120","C4P","55.95","Calcare marnoso molto duro e compatto alternato a livelli di marna. Lungo la stratificazione sono presenti noduli di argilla","2b","1","Coppolella","70.000",528224.76,4565942.18,563.72
"1121","C4P","56","Calcare marnoso molto duro e compatto alternato a livelli di marna. Lungo la stratificazione sono presenti noduli di argilla","2b","1","Coppolella","70.000",528224.76,4565942.18,563.72
"1122","C4P","56.05","Calcare marnoso molto duro e compatto alternato a livelli di marna. Lungo la stratificazione sono presenti noduli di argilla","2b","1","Coppolella","70.000",528224.76,4565942.18,563.72
"1123","C4P","56.1","Calcare marnoso molto duro e compatto alternato a livelli di marna. Lungo la stratificazione sono presenti noduli di argilla","2b","1","Coppolella","70.000",528224.76,4565942.18,563.72
"1124","C4P","56.15","Calcare marnoso molto duro e compatto alternato a livelli di marna. Lungo la stratificazione sono presenti noduli di argilla","2b","1","Coppolella","70.000",528224.76,4565942.18,563.72
"1125","C4P","56.2","Calcare marnoso molto duro e compatto alternato a livelli di marna. Lungo la stratificazione sono presenti noduli di argilla","2b","1","Coppolella","70.000",528224.76,4565942.18,563.72
"1126","C4P","56.25","Calcare marnoso molto duro e compatto alternato a livelli di marna. Lungo la stratificazione sono presenti noduli di argilla","2b","1","Coppolella","70.000",528224.76,4565942.18,563.72
"1127","C4P","56.3","Calcare marnoso molto duro e compatto alternato a livelli di marna. Lungo la stratificazione sono presenti noduli di argilla","2b","1","Coppolella","70.000",528224.76,4565942.18,563.72
"1128","C4P","56.35","Calcare marnoso molto duro e compatto alternato a livelli di marna. Lungo la stratificazione sono presenti noduli di argilla","2b","1","Coppolella","70.000",528224.76,4565942.18,563.72
"1129","C4P","56.4","Calcare marnoso molto duro e compatto alternato a livelli di marna. Lungo la stratificazione sono presenti noduli di argilla","2b","1","Coppolella","70.000",528224.76,4565942.18,563.72
"1130","C4P","56.45","Calcare marnoso molto duro e compatto alternato a livelli di marna. Lungo la stratificazione sono presenti noduli di argilla","2b","1","Coppolella","70.000",528224.76,4565942.18,563.72
"1131","C4P","56.5","Calcare marnoso molto duro e compatto alternato a livelli di marna. Lungo la stratificazione sono presenti noduli di argilla","2b","1","Coppolella","70.000",528224.76,4565942.18,563.72
"1132","C4P","56.55","Calcare marnoso molto duro e compatto alternato a livelli di marna. Lungo la stratificazione sono presenti noduli di argilla","2b","1","Coppolella","70.000",528224.76,4565942.18,563.72
"1133","C4P","56.6","Calcare marnoso molto duro e compatto alternato a livelli di marna. Lungo la stratificazione sono presenti noduli di argilla","2b","1","Coppolella","70.000",528224.76,4565942.18,563.72
"1134","C4P","56.65","Calcare marnoso molto duro e compatto alternato a livelli di marna. Lungo la stratificazione sono presenti noduli di argilla","2b","1","Coppolella","70.000",528224.76,4565942.18,563.72
"1135","C4P","56.7","Calcare marnoso molto duro e compatto alternato a livelli di marna. Lungo la stratificazione sono presenti noduli di argilla","2b","1","Coppolella","70.000",528224.76,4565942.18,563.72
"1136","C4P","56.75","Calcare marnoso molto duro e compatto alternato a livelli di marna. Lungo la stratificazione sono presenti noduli di argilla","2b","1","Coppolella","70.000",528224.76,4565942.18,563.72
"1137","C4P","56.8","Calcare marnoso molto duro e compatto alternato a livelli di marna. Lungo la stratificazione sono presenti noduli di argilla","2b","1","Coppolella","70.000",528224.76,4565942.18,563.72
"1138","C4P","56.85","Calcare marnoso molto duro e compatto alternato a livelli di marna. Lungo la stratificazione sono presenti noduli di argilla","2b","1","Coppolella","70.000",528224.76,4565942.18,563.72
"1139","C4P","56.9","Calcare marnoso molto duro e compatto alternato a livelli di marna. Lungo la stratificazione sono presenti noduli di argilla","2b","1","Coppolella","70.000",528224.76,4565942.18,563.72
"1140","C4P","56.95","Calcare marnoso molto duro e compatto alternato a livelli di marna. Lungo la stratificazione sono presenti noduli di argilla","2b","1","Coppolella","70.000",528224.76,4565942.18,563.72
"1141","C4P","57","Calcare marnoso molto duro e compatto alternato a livelli di marna. Lungo la stratificazione sono presenti noduli di argilla","2b","1","Coppolella","70.000",528224.76,4565942.18,563.72
"1142","C4P","57.05","Calcare marnoso molto duro e compatto alternato a livelli di marna. Lungo la stratificazione sono presenti noduli di argilla","2b","1","Coppolella","70.000",528224.76,4565942.18,563.72
"1143","C4P","57.1","Calcare marnoso molto duro e compatto alternato a livelli di marna. Lungo la stratificazione sono presenti noduli di argilla","2b","1","Coppolella","70.000",528224.76,4565942.18,563.72
"1144","C4P","57.15","Calcare marnoso molto duro e compatto alternato a livelli di marna. Lungo la stratificazione sono presenti noduli di argilla","2b","1","Coppolella","70.000",528224.76,4565942.18,563.72
"1145","C4P","57.2","Calcare marnoso molto duro e compatto alternato a livelli di marna. Lungo la stratificazione sono presenti noduli di argilla","2b","1","Coppolella","70.000",528224.76,4565942.18,563.72
"1146","C4P","57.25","Calcare marnoso molto duro e compatto alternato a livelli di marna. Lungo la stratificazione sono presenti noduli di argilla","2b","1","Coppolella","70.000",528224.76,4565942.18,563.72
"1147","C4P","57.3","Calcare marnoso molto duro e compatto alternato a livelli di marna. Lungo la stratificazione sono presenti noduli di argilla","2b","1","Coppolella","70.000",528224.76,4565942.18,563.72
"1148","C4P","57.35","Calcare marnoso molto duro e compatto alternato a livelli di marna. Lungo la stratificazione sono presenti noduli di argilla","2b","1","Coppolella","70.000",528224.76,4565942.18,563.72
"1149","C4P","57.4","Calcare marnoso molto duro e compatto alternato a livelli di marna. Lungo la stratificazione sono presenti noduli di argilla","2b","1","Coppolella","70.000",528224.76,4565942.18,563.72
"1150","C4P","57.45","Calcare marnoso molto duro e compatto alternato a livelli di marna. Lungo la stratificazione sono presenti noduli di argilla","2b","1","Coppolella","70.000",528224.76,4565942.18,563.72
"1151","C4P","57.5","Calcare marnoso molto duro e compatto alternato a livelli di marna. Lungo la stratificazione sono presenti noduli di argilla","2b","1","Coppolella","70.000",528224.76,4565942.18,563.72
"1152","C4P","57.55","Calcare marnoso molto duro e compatto alternato a livelli di marna. Lungo la stratificazione sono presenti noduli di argilla","2b","1","Coppolella","70.000",528224.76,4565942.18,563.72
"1153","C4P","57.6","Calcare marnoso molto duro e compatto alternato a livelli di marna. Lungo la stratificazione sono presenti noduli di argilla","2b","1","Coppolella","70.000",528224.76,4565942.18,563.72
"1154","C4P","57.65","Calcare marnoso molto duro e compatto alternato a livelli di marna. Lungo la stratificazione sono presenti noduli di argilla","2b","1","Coppolella","70.000",528224.76,4565942.18,563.72
"1155","C4P","57.7","Calcare marnoso molto duro e compatto alternato a livelli di marna. Lungo la stratificazione sono presenti noduli di argilla","2b","1","Coppolella","70.000",528224.76,4565942.18,563.72
"1156","C4P","57.75","Calcare marnoso molto duro e compatto alternato a livelli di marna. Lungo la stratificazione sono presenti noduli di argilla","2b","1","Coppolella","70.000",528224.76,4565942.18,563.72
"1157","C4P","57.8","Calcare marnoso molto duro e compatto alternato a livelli di marna. Lungo la stratificazione sono presenti noduli di argilla","2b","1","Coppolella","70.000",528224.76,4565942.18,563.72
"1158","C4P","57.85","Calcare marnoso molto duro e compatto alternato a livelli di marna. Lungo la stratificazione sono presenti noduli di argilla","2b","1","Coppolella","70.000",528224.76,4565942.18,563.72
"1159","C4P","57.9","Calcare marnoso molto duro e compatto alternato a livelli di marna. Lungo la stratificazione sono presenti noduli di argilla","2b","1","Coppolella","70.000",528224.76,4565942.18,563.72
"1160","C4P","57.95","Calcare marnoso molto duro e compatto alternato a livelli di marna. Lungo la stratificazione sono presenti noduli di argilla","2b","1","Coppolella","70.000",528224.76,4565942.18,563.72
"1161","C4P","58","Calcare marnoso molto duro e compatto alternato a livelli di marna. Lungo la stratificazione sono presenti noduli di argilla","2b","1","Coppolella","70.000",528224.76,4565942.18,563.72
"1162","C4P","58.05","Calcare marnoso molto duro e compatto alternato a livelli di marna. Lungo la stratificazione sono presenti noduli di argilla","2b","1","Coppolella","70.000",528224.76,4565942.18,563.72
"1163","C4P","58.1","Calcare marnoso molto duro e compatto alternato a livelli di marna. Lungo la stratificazione sono presenti noduli di argilla","2b","1","Coppolella","70.000",528224.76,4565942.18,563.72
"1164","C4P","58.15","Calcare marnoso molto duro e compatto alternato a livelli di marna. Lungo la stratificazione sono presenti noduli di argilla","2b","1","Coppolella","70.000",528224.76,4565942.18,563.72
"1165","C4P","58.2","Calcare marnoso molto duro e compatto alternato a livelli di marna. Lungo la stratificazione sono presenti noduli di argilla","2b","1","Coppolella","70.000",528224.76,4565942.18,563.72
"1166","C4P","58.25","Calcare marnoso molto duro e compatto alternato a livelli di marna. Lungo la stratificazione sono presenti noduli di argilla","2b","1","Coppolella","70.000",528224.76,4565942.18,563.72
"1167","C4P","58.3","Calcare marnoso molto duro e compatto alternato a livelli di marna. Lungo la stratificazione sono presenti noduli di argilla","2b","1","Coppolella","70.000",528224.76,4565942.18,563.72
"1168","C4P","58.35","Calcare marnoso molto duro e compatto alternato a livelli di marna. Lungo la stratificazione sono presenti noduli di argilla","2b","1","Coppolella","70.000",528224.76,4565942.18,563.72
"1169","C4P","58.4","Calcare marnoso molto duro e compatto alternato a livelli di marna. Lungo la stratificazione sono presenti noduli di argilla","2b","1","Coppolella","70.000",528224.76,4565942.18,563.72
"1170","C4P","58.45","Calcare marnoso molto duro e compatto alternato a livelli di marna. Lungo la stratificazione sono presenti noduli di argilla","2b","1","Coppolella","70.000",528224.76,4565942.18,563.72
"1171","C4P","58.5","Calcare marnoso molto duro e compatto alternato a livelli di marna. Lungo la stratificazione sono presenti noduli di argilla","2b","1","Coppolella","70.000",528224.76,4565942.18,563.72
"1172","C4P","58.55","Calcare marnoso molto duro e compatto alternato a livelli di marna. Lungo la stratificazione sono presenti noduli di argilla","2b","1","Coppolella","70.000",528224.76,4565942.18,563.72
"1173","C4P","58.6","Calcare marnoso molto duro e compatto alternato a livelli di marna. Lungo la stratificazione sono presenti noduli di argilla","2b","1","Coppolella","70.000",528224.76,4565942.18,563.72
"1174","C4P","58.65","Calcare marnoso molto duro e compatto alternato a livelli di marna. Lungo la stratificazione sono presenti noduli di argilla","2b","1","Coppolella","70.000",528224.76,4565942.18,563.72
"1175","C4P","58.7","Calcare marnoso molto duro e compatto alternato a livelli di marna. Lungo la stratificazione sono presenti noduli di argilla","2b","1","Coppolella","70.000",528224.76,4565942.18,563.72
"1176","C4P","58.75","Calcare marnoso molto duro e compatto alternato a livelli di marna. Lungo la stratificazione sono presenti noduli di argilla","2b","1","Coppolella","70.000",528224.76,4565942.18,563.72
"1177","C4P","58.8","Calcare marnoso molto duro e compatto alternato a livelli di marna. Lungo la stratificazione sono presenti noduli di argilla","2b","1","Coppolella","70.000",528224.76,4565942.18,563.72
"1178","C4P","58.85","Calcare marnoso molto duro e compatto alternato a livelli di marna. Lungo la stratificazione sono presenti noduli di argilla","2b","1","Coppolella","70.000",528224.76,4565942.18,563.72
"1179","C4P","58.9","Calcare marnoso molto duro e compatto alternato a livelli di marna. Lungo la stratificazione sono presenti noduli di argilla","2b","1","Coppolella","70.000",528224.76,4565942.18,563.72
"1180","C4P","58.95","Calcare marnoso molto duro e compatto alternato a livelli di marna. Lungo la stratificazione sono presenti noduli di argilla","2b","1","Coppolella","70.000",528224.76,4565942.18,563.72
"1181","C4P","59","Calcare marnoso molto duro e compatto alternato a livelli di marna. Lungo la stratificazione sono presenti noduli di argilla","2b","1","Coppolella","70.000",528224.76,4565942.18,563.72
"1182","C4P","59.05","Calcare marnoso molto duro e compatto alternato a livelli di marna. Lungo la stratificazione sono presenti noduli di argilla","2b","1","Coppolella","70.000",528224.76,4565942.18,563.72
"1183","C4P","59.1","Calcare marnoso molto duro e compatto alternato a livelli di marna. Lungo la stratificazione sono presenti noduli di argilla","2b","1","Coppolella","70.000",528224.76,4565942.18,563.72
"1184","C4P","59.15","Sabbia limosa e argillosa poco addensata color grigio chiaro.","2b","1","Coppolella","70.000",528224.76,4565942.18,563.72
"1185","C4P","59.2","Sabbia limosa e argillosa poco addensata color grigio chiaro.","2b","1","Coppolella","70.000",528224.76,4565942.18,563.72
"1186","C4P","59.25","Sabbia limosa e argillosa poco addensata color grigio chiaro.","2b","1","Coppolella","70.000",528224.76,4565942.18,563.72
"1187","C4P","59.3","Sabbia limosa e argillosa poco addensata color grigio chiaro.","2b","1","Coppolella","70.000",528224.76,4565942.18,563.72
"1188","C4P","59.35","Sabbia limosa e argillosa poco addensata color grigio chiaro.","2b","1","Coppolella","70.000",528224.76,4565942.18,563.72
"1189","C4P","59.4","Sabbia limosa e argillosa poco addensata color grigio chiaro.","2b","1","Coppolella","70.000",528224.76,4565942.18,563.72
"1190","C4P","59.45","Sabbia limosa e argillosa poco addensata color grigio chiaro.","2b","1","Coppolella","70.000",528224.76,4565942.18,563.72
"1191","C4P","59.5","Sabbia limosa e argillosa poco addensata color grigio chiaro.","2b","1","Coppolella","70.000",528224.76,4565942.18,563.72
"1192","C4P","59.55","Sabbia limosa e argillosa poco addensata color grigio chiaro.","2b","1","Coppolella","70.000",528224.76,4565942.18,563.72
"1193","C4P","59.6","Sabbia limosa e argillosa poco addensata color grigio chiaro.","2b","1","Coppolella","70.000",528224.76,4565942.18,563.72
"1194","C4P","59.65","Argilla molto consistente di colore grigio. Materiale debolmente umido.","2b","1","Coppolella","70.000",528224.76,4565942.18,563.72
"1195","C4P","59.7","Argilla molto consistente di colore grigio. Materiale debolmente umido.","2b","1","Coppolella","70.000",528224.76,4565942.18,563.72
"1196","C4P","59.75","Argilla molto consistente di colore grigio. Materiale debolmente umido.","2b","1","Coppolella","70.000",528224.76,4565942.18,563.72
"1197","C4P","59.8","Argilla molto consistente di colore grigio. Materiale debolmente umido.","2b","1","Coppolella","70.000",528224.76,4565942.18,563.72
"1198","C4P","59.85","Argilla molto consistente di colore grigio. Materiale debolmente umido.","2b","1","Coppolella","70.000",528224.76,4565942.18,563.72
"1199","C4P","59.9","Argilla molto consistente di colore grigio. Materiale debolmente umido.","2b","1","Coppolella","70.000",528224.76,4565942.18,563.72
"1200","C4P","59.95","Argilla molto consistente di colore grigio. Materiale debolmente umido.","2b","1","Coppolella","70.000",528224.76,4565942.18,563.72
"1201","C4P","60","Argilla molto consistente di colore grigio. Materiale debolmente umido.","2b","1","Coppolella","70.000",528224.76,4565942.18,563.72
"1202","C4P","60.05","Argilla molto consistente di colore grigio. Materiale debolmente umido.","2b","1","Coppolella","70.000",528224.76,4565942.18,563.72
"1203","C4P","60.1","Argilla molto consistente di colore grigio. Materiale debolmente umido.","2b","1","Coppolella","70.000",528224.76,4565942.18,563.72
"1204","C4P","60.15","Argilla molto consistente di colore grigio. Materiale debolmente umido.","2b","1","Coppolella","70.000",528224.76,4565942.18,563.72
"1205","C4P","60.2","Argilla molto consistente di colore grigio. Materiale debolmente umido.","2b","1","Coppolella","70.000",528224.76,4565942.18,563.72
"1206","C4P","60.25","Argilla molto consistente di colore grigio. Materiale debolmente umido.","2b","1","Coppolella","70.000",528224.76,4565942.18,563.72
"1207","C4P","60.3","Argilla molto consistente di colore grigio. Materiale debolmente umido.","2b","1","Coppolella","70.000",528224.76,4565942.18,563.72
"1208","C4P","60.35","Argilla molto consistente di colore grigio. Materiale debolmente umido.","2b","1","Coppolella","70.000",528224.76,4565942.18,563.72
"1209","C4P","60.4","Argilla molto consistente di colore grigio. Materiale debolmente umido.","2b","1","Coppolella","70.000",528224.76,4565942.18,563.72
"1210","C4P","60.45","Argilla molto consistente di colore grigio. Materiale debolmente umido.","2b","1","Coppolella","70.000",528224.76,4565942.18,563.72
"1211","C4P","60.5","Argilla molto consistente di colore grigio. Materiale debolmente umido.","2b","1","Coppolella","70.000",528224.76,4565942.18,563.72
"1212","C4P","60.55","Argilla molto consistente di colore grigio. Materiale debolmente umido.","2b","1","Coppolella","70.000",528224.76,4565942.18,563.72
"1213","C4P","60.6","Argilla molto consistente di colore grigio. Materiale debolmente umido.","2b","1","Coppolella","70.000",528224.76,4565942.18,563.72
"1214","C4P","60.65","Argilla molto consistente di colore grigio. Materiale debolmente umido.","2b","1","Coppolella","70.000",528224.76,4565942.18,563.72
"1215","C4P","60.7","Argilla molto consistente di colore grigio. Materiale debolmente umido.","2b","1","Coppolella","70.000",528224.76,4565942.18,563.72
"1216","C4P","60.75","Argilla molto consistente di colore grigio. Materiale debolmente umido.","2b","1","Coppolella","70.000",528224.76,4565942.18,563.72
"1217","C4P","60.8","Argilla molto consistente di colore grigio. Materiale debolmente umido.","2b","1","Coppolella","70.000",528224.76,4565942.18,563.72
"1218","C4P","60.85","Argilla molto consistente di colore grigio. Materiale debolmente umido.","2b","1","Coppolella","70.000",528224.76,4565942.18,563.72
"1219","C4P","60.9","Argilla molto consistente di colore grigio. Materiale debolmente umido.","2b","1","Coppolella","70.000",528224.76,4565942.18,563.72
"1220","C4P","60.95","Argilla molto consistente di colore grigio. Materiale debolmente umido.","2b","1","Coppolella","70.000",528224.76,4565942.18,563.72
"1221","C4P","61","Argilla molto consistente di colore grigio. Materiale debolmente umido.","2b","1","Coppolella","70.000",528224.76,4565942.18,563.72
"1222","C4P","61.05","Argilla molto consistente di colore grigio. Materiale debolmente umido.","2b","1","Coppolella","70.000",528224.76,4565942.18,563.72
"1223","C4P","61.1","Argilla molto consistente di colore grigio. Materiale debolmente umido.","2b","1","Coppolella","70.000",528224.76,4565942.18,563.72
"1224","C4P","61.15","Argilla molto consistente di colore grigio. Materiale debolmente umido.","2b","1","Coppolella","70.000",528224.76,4565942.18,563.72
"1225","C4P","61.2","Argilla molto consistente di colore grigio. Materiale debolmente umido.","2b","1","Coppolella","70.000",528224.76,4565942.18,563.72
"1226","C4P","61.25","Marne molto dura a scagli, sfaldabile lungo il piano di sedimentazione","2b","1","Coppolella","70.000",528224.76,4565942.18,563.72
"1227","C4P","61.3","Marne molto dura a scagli, sfaldabile lungo il piano di sedimentazione","2b","1","Coppolella","70.000",528224.76,4565942.18,563.72
"1228","C4P","61.35","Marne molto dura a scagli, sfaldabile lungo il piano di sedimentazione","2b","1","Coppolella","70.000",528224.76,4565942.18,563.72
"1229","C4P","61.4","Marne molto dura a scagli, sfaldabile lungo il piano di sedimentazione","2b","1","Coppolella","70.000",528224.76,4565942.18,563.72
"1230","C4P","61.45","Marne molto dura a scagli, sfaldabile lungo il piano di sedimentazione","2b","1","Coppolella","70.000",528224.76,4565942.18,563.72
"1231","C4P","61.5","Marne molto dura a scagli, sfaldabile lungo il piano di sedimentazione","2b","1","Coppolella","70.000",528224.76,4565942.18,563.72
"1232","C4P","61.55","Marne molto dura a scagli, sfaldabile lungo il piano di sedimentazione","2b","1","Coppolella","70.000",528224.76,4565942.18,563.72
"1233","C4P","61.6","Marne molto dura a scagli, sfaldabile lungo il piano di sedimentazione","2b","1","Coppolella","70.000",528224.76,4565942.18,563.72
"1234","C4P","61.65","Marne molto dura a scagli, sfaldabile lungo il piano di sedimentazione","2b","1","Coppolella","70.000",528224.76,4565942.18,563.72
"1235","C4P","61.7","Marne molto dura a scagli, sfaldabile lungo il piano di sedimentazione","2b","1","Coppolella","70.000",528224.76,4565942.18,563.72
"1236","C4P","61.75","Marne molto dura a scagli, sfaldabile lungo il piano di sedimentazione","2b","1","Coppolella","70.000",528224.76,4565942.18,563.72
"1237","C4P","61.8","Marne molto dura a scagli, sfaldabile lungo il piano di sedimentazione","2b","1","Coppolella","70.000",528224.76,4565942.18,563.72
"1238","C4P","61.85","Marne molto dura a scagli, sfaldabile lungo il piano di sedimentazione","2b","1","Coppolella","70.000",528224.76,4565942.18,563.72
"1239","C4P","61.9","Marne molto dura a scagli, sfaldabile lungo il piano di sedimentazione","2b","1","Coppolella","70.000",528224.76,4565942.18,563.72
"1240","C4P","61.95","Marne molto dura a scagli, sfaldabile lungo il piano di sedimentazione","2b","1","Coppolella","70.000",528224.76,4565942.18,563.72
"1241","C4P","62","Marne molto dura a scagli, sfaldabile lungo il piano di sedimentazione","2b","1","Coppolella","70.000",528224.76,4565942.18,563.72
"1242","C4P","62.05","Calcare molto fratturato.","2b","1","Coppolella","70.000",528224.76,4565942.18,563.72
"1243","C4P","62.1","Calcare molto fratturato.","2b","1","Coppolella","70.000",528224.76,4565942.18,563.72
"1244","C4P","62.15","Calcare molto fratturato.","2b","1","Coppolella","70.000",528224.76,4565942.18,563.72
"1245","C4P","62.2","Calcare molto fratturato.","2b","1","Coppolella","70.000",528224.76,4565942.18,563.72
"1246","C4P","62.25","Argilla marnosa a scaglie con inclinazione degli starati a 45°. Materiale poco umido.","2b","1","Coppolella","70.000",528224.76,4565942.18,563.72
"1247","C4P","62.3","Argilla marnosa a scaglie con inclinazione degli starati a 45°. Materiale poco umido.","2b","1","Coppolella","70.000",528224.76,4565942.18,563.72
"1248","C4P","62.35","Argilla marnosa a scaglie con inclinazione degli starati a 45°. Materiale poco umido.","2b","1","Coppolella","70.000",528224.76,4565942.18,563.72
"1249","C4P","62.4","Argilla marnosa a scaglie con inclinazione degli starati a 45°. Materiale poco umido.","2b","1","Coppolella","70.000",528224.76,4565942.18,563.72
"1250","C4P","62.45","Argilla marnosa a scaglie con inclinazione degli starati a 45°. Materiale poco umido.","2b","1","Coppolella","70.000",528224.76,4565942.18,563.72
"1251","C4P","62.5","Argilla marnosa a scaglie con inclinazione degli starati a 45°. Materiale poco umido.","2b","1","Coppolella","70.000",528224.76,4565942.18,563.72
"1252","C4P","62.55","Argilla marnosa a scaglie con inclinazione degli starati a 45°. Materiale poco umido.","2b","1","Coppolella","70.000",528224.76,4565942.18,563.72
"1253","C4P","62.6","Argilla marnosa a scaglie con inclinazione degli starati a 45°. Materiale poco umido.","2b","1","Coppolella","70.000",528224.76,4565942.18,563.72
"1254","C4P","62.65","Argilla marnosa a scaglie con inclinazione degli starati a 45°. Materiale poco umido.","2b","1","Coppolella","70.000",528224.76,4565942.18,563.72
"1255","C4P","62.7","Argilla marnosa a scaglie con inclinazione degli starati a 45°. Materiale poco umido.","2b","1","Coppolella","70.000",528224.76,4565942.18,563.72
"1256","C4P","62.75","Argilla marnosa a scaglie con inclinazione degli starati a 45°. Materiale poco umido.","2b","1","Coppolella","70.000",528224.76,4565942.18,563.72
"1257","C4P","62.8","Argilla marnosa a scaglie con inclinazione degli starati a 45°. Materiale poco umido.","2b","1","Coppolella","70.000",528224.76,4565942.18,563.72
"1258","C4P","62.85","Argilla marnosa a scaglie con inclinazione degli starati a 45°. Materiale poco umido.","2b","1","Coppolella","70.000",528224.76,4565942.18,563.72
"1259","C4P","62.9","Argilla marnosa a scaglie con inclinazione degli starati a 45°. Materiale poco umido.","2b","1","Coppolella","70.000",528224.76,4565942.18,563.72
"1260","C4P","62.95","Argilla marnosa a scaglie con inclinazione degli starati a 45°. Materiale poco umido.","2b","1","Coppolella","70.000",528224.76,4565942.18,563.72
"1261","C4P","63","Argilla marnosa a scaglie con inclinazione degli starati a 45°. Materiale poco umido.","2b","1","Coppolella","70.000",528224.76,4565942.18,563.72
"1262","C4P","63.05","Argilla marnosa a scaglie con inclinazione degli starati a 45°. Materiale poco umido.","2b","1","Coppolella","70.000",528224.76,4565942.18,563.72
"1263","C4P","63.1","Argilla marnosa a scaglie con inclinazione degli starati a 45°. Materiale poco umido.","2b","1","Coppolella","70.000",528224.76,4565942.18,563.72
"1264","C4P","63.15","Argilla marnosa a scaglie con inclinazione degli starati a 45°. Materiale poco umido.","2b","1","Coppolella","70.000",528224.76,4565942.18,563.72
"1265","C4P","63.2","Argilla marnosa a scaglie con inclinazione degli starati a 45°. Materiale poco umido.","2b","1","Coppolella","70.000",528224.76,4565942.18,563.72
"1266","C4P","63.25","Argilla marnosa a scaglie con inclinazione degli starati a 45°. Materiale poco umido.","2b","1","Coppolella","70.000",528224.76,4565942.18,563.72
"1267","C4P","63.3","Argilla marnosa a scaglie con inclinazione degli starati a 45°. Materiale poco umido.","2b","1","Coppolella","70.000",528224.76,4565942.18,563.72
"1268","C4P","63.35","Argilla marnosa a scaglie con inclinazione degli starati a 45°. Materiale poco umido.","2b","1","Coppolella","70.000",528224.76,4565942.18,563.72
"1269","C4P","63.4","Argilla marnosa a scaglie con inclinazione degli starati a 45°. Materiale poco umido.","2b","1","Coppolella","70.000",528224.76,4565942.18,563.72
"1270","C4P","63.45","Argilla marnosa a scaglie con inclinazione degli starati a 45°. Materiale poco umido.","2b","1","Coppolella","70.000",528224.76,4565942.18,563.72
"1271","C4P","63.5","Argilla marnosa a scaglie con inclinazione degli starati a 45°. Materiale poco umido.","2b","1","Coppolella","70.000",528224.76,4565942.18,563.72
"1272","C4P","63.55","Argilla marnosa a scaglie con inclinazione degli starati a 45°. Materiale poco umido.","2b","1","Coppolella","70.000",528224.76,4565942.18,563.72
"1273","C4P","63.6","Argilla marnosa a scaglie con inclinazione degli starati a 45°. Materiale poco umido.","2b","1","Coppolella","70.000",528224.76,4565942.18,563.72
"1274","C4P","63.65","Argilla marnosa a scaglie con inclinazione degli starati a 45°. Materiale poco umido.","2b","1","Coppolella","70.000",528224.76,4565942.18,563.72
"1275","C4P","63.7","Argilla marnosa a scaglie con inclinazione degli starati a 45°. Materiale poco umido.","2b","1","Coppolella","70.000",528224.76,4565942.18,563.72
"1276","C4P","63.75","Argilla marnosa a scaglie con inclinazione degli starati a 45°. Materiale poco umido.","2b","1","Coppolella","70.000",528224.76,4565942.18,563.72
"1277","C4P","63.8","Argilla marnosa a scaglie con inclinazione degli starati a 45°. Materiale poco umido.","2b","1","Coppolella","70.000",528224.76,4565942.18,563.72
"1278","C4P","63.85","Argilla marnosa a scaglie con inclinazione degli starati a 45°. Materiale poco umido.","2b","1","Coppolella","70.000",528224.76,4565942.18,563.72
"1279","C4P","63.9","Argilla marnosa a scaglie con inclinazione degli starati a 45°. Materiale poco umido.","2b","1","Coppolella","70.000",528224.76,4565942.18,563.72
"1280","C4P","63.95","Argilla marnosa a scaglie con inclinazione degli starati a 45°. Materiale poco umido.","2b","1","Coppolella","70.000",528224.76,4565942.18,563.72
"1281","C4P","64","Argilla marnosa a scaglie con inclinazione degli starati a 45°. Materiale poco umido.","2b","1","Coppolella","70.000",528224.76,4565942.18,563.72
"1282","C4P","64.05","Calcare poco fratturato molto duro, a grana fine, e marne molto dure, con inclinazione degli starati a 45°.","2b","1","Coppolella","70.000",528224.76,4565942.18,563.72
"1283","C4P","64.1","Calcare poco fratturato molto duro, a grana fine, e marne molto dure, con inclinazione degli starati a 45°.","2b","1","Coppolella","70.000",528224.76,4565942.18,563.72
"1284","C4P","64.15","Calcare poco fratturato molto duro, a grana fine, e marne molto dure, con inclinazione degli starati a 45°.","2b","1","Coppolella","70.000",528224.76,4565942.18,563.72
"1285","C4P","64.2","Calcare poco fratturato molto duro, a grana fine, e marne molto dure, con inclinazione degli starati a 45°.","2b","1","Coppolella","70.000",528224.76,4565942.18,563.72
"1286","C4P","64.25","Calcare poco fratturato molto duro, a grana fine, e marne molto dure, con inclinazione degli starati a 45°.","2b","1","Coppolella","70.000",528224.76,4565942.18,563.72
"1287","C4P","64.3","Calcare poco fratturato molto duro, a grana fine, e marne molto dure, con inclinazione degli starati a 45°.","2b","1","Coppolella","70.000",528224.76,4565942.18,563.72
"1288","C4P","64.35","Calcare poco fratturato molto duro, a grana fine, e marne molto dure, con inclinazione degli starati a 45°.","2b","1","Coppolella","70.000",528224.76,4565942.18,563.72
"1289","C4P","64.4","Calcare poco fratturato molto duro, a grana fine, e marne molto dure, con inclinazione degli starati a 45°.","2b","1","Coppolella","70.000",528224.76,4565942.18,563.72
"1290","C4P","64.45","Calcare poco fratturato molto duro, a grana fine, e marne molto dure, con inclinazione degli starati a 45°.","2b","1","Coppolella","70.000",528224.76,4565942.18,563.72
"1291","C4P","64.5","Calcare poco fratturato molto duro, a grana fine, e marne molto dure, con inclinazione degli starati a 45°.","2b","1","Coppolella","70.000",528224.76,4565942.18,563.72
"1292","C4P","64.55","Calcare poco fratturato molto duro, a grana fine, e marne molto dure, con inclinazione degli starati a 45°.","2b","1","Coppolella","70.000",528224.76,4565942.18,563.72
"1293","C4P","64.6","Calcare poco fratturato molto duro, a grana fine, e marne molto dure, con inclinazione degli starati a 45°.","2b","1","Coppolella","70.000",528224.76,4565942.18,563.72
"1294","C4P","64.65","Calcare poco fratturato molto duro, a grana fine, e marne molto dure, con inclinazione degli starati a 45°.","2b","1","Coppolella","70.000",528224.76,4565942.18,563.72
"1295","C4P","64.7","Calcare poco fratturato molto duro, a grana fine, e marne molto dure, con inclinazione degli starati a 45°.","2b","1","Coppolella","70.000",528224.76,4565942.18,563.72
"1296","C4P","64.75","Calcare poco fratturato molto duro, a grana fine, e marne molto dure, con inclinazione degli starati a 45°.","2b","1","Coppolella","70.000",528224.76,4565942.18,563.72
"1297","C4P","64.8","Calcare poco fratturato molto duro, a grana fine, e marne molto dure, con inclinazione degli starati a 45°.","2b","1","Coppolella","70.000",528224.76,4565942.18,563.72
"1298","C4P","64.85","Calcare poco fratturato molto duro, a grana fine, e marne molto dure, con inclinazione degli starati a 45°.","2b","1","Coppolella","70.000",528224.76,4565942.18,563.72
"1299","C4P","64.9","Calcare poco fratturato molto duro, a grana fine, e marne molto dure, con inclinazione degli starati a 45°.","2b","1","Coppolella","70.000",528224.76,4565942.18,563.72
"1300","C4P","64.95","Calcare poco fratturato molto duro, a grana fine, e marne molto dure, con inclinazione degli starati a 45°.","2b","1","Coppolella","70.000",528224.76,4565942.18,563.72
"1301","C4P","65","Calcare poco fratturato molto duro, a grana fine, e marne molto dure, con inclinazione degli starati a 45°.","2b","1","Coppolella","70.000",528224.76,4565942.18,563.72
"1302","C4P","65.05","Calcare poco fratturato molto duro, a grana fine, e marne molto dure, con inclinazione degli starati a 45°.","2b","1","Coppolella","70.000",528224.76,4565942.18,563.72
"1303","C4P","65.1","Calcare poco fratturato molto duro, a grana fine, e marne molto dure, con inclinazione degli starati a 45°.","2b","1","Coppolella","70.000",528224.76,4565942.18,563.72
"1304","C4P","65.15","Calcare poco fratturato molto duro, a grana fine, e marne molto dure, con inclinazione degli starati a 45°.","2b","1","Coppolella","70.000",528224.76,4565942.18,563.72
"1305","C4P","65.2","Calcare poco fratturato molto duro, a grana fine, e marne molto dure, con inclinazione degli starati a 45°.","2b","1","Coppolella","70.000",528224.76,4565942.18,563.72
"1306","C4P","65.25","Calcare poco fratturato molto duro, a grana fine, e marne molto dure, con inclinazione degli starati a 45°.","2b","1","Coppolella","70.000",528224.76,4565942.18,563.72
"1307","C4P","65.3","Calcare poco fratturato molto duro, a grana fine, e marne molto dure, con inclinazione degli starati a 45°.","2b","1","Coppolella","70.000",528224.76,4565942.18,563.72
"1308","C4P","65.35","Calcare poco fratturato molto duro, a grana fine, e marne molto dure, con inclinazione degli starati a 45°.","2b","1","Coppolella","70.000",528224.76,4565942.18,563.72
"1309","C4P","65.4","Calcare poco fratturato molto duro, a grana fine, e marne molto dure, con inclinazione degli starati a 45°.","2b","1","Coppolella","70.000",528224.76,4565942.18,563.72
"1310","C4P","65.45","Calcare poco fratturato molto duro, a grana fine, e marne molto dure, con inclinazione degli starati a 45°.","2b","1","Coppolella","70.000",528224.76,4565942.18,563.72
"1311","C4P","65.5","Calcare poco fratturato molto duro, a grana fine, e marne molto dure, con inclinazione degli starati a 45°.","2b","1","Coppolella","70.000",528224.76,4565942.18,563.72
"1312","C4P","65.55","Calcare poco fratturato molto duro, a grana fine, e marne molto dure, con inclinazione degli starati a 45°.","2b","1","Coppolella","70.000",528224.76,4565942.18,563.72
"1313","C4P","65.6","Calcare poco fratturato molto duro, a grana fine, e marne molto dure, con inclinazione degli starati a 45°.","2b","1","Coppolella","70.000",528224.76,4565942.18,563.72
"1314","C4P","65.65","Calcare poco fratturato molto duro, a grana fine, e marne molto dure, con inclinazione degli starati a 45°.","2b","1","Coppolella","70.000",528224.76,4565942.18,563.72
"1315","C4P","65.7","Calcare poco fratturato molto duro, a grana fine, e marne molto dure, con inclinazione degli starati a 45°.","2b","1","Coppolella","70.000",528224.76,4565942.18,563.72
"1316","C4P","65.75","Calcare poco fratturato molto duro, a grana fine, e marne molto dure, con inclinazione degli starati a 45°.","2b","1","Coppolella","70.000",528224.76,4565942.18,563.72
"1317","C4P","65.8","Calcare poco fratturato molto duro, a grana fine, e marne molto dure, con inclinazione degli starati a 45°.","2b","1","Coppolella","70.000",528224.76,4565942.18,563.72
"1318","C4P","65.85","Calcare poco fratturato molto duro, a grana fine, e marne molto dure, con inclinazione degli starati a 45°.","2b","1","Coppolella","70.000",528224.76,4565942.18,563.72
"1319","C4P","65.9","Calcare poco fratturato molto duro, a grana fine, e marne molto dure, con inclinazione degli starati a 45°.","2b","1","Coppolella","70.000",528224.76,4565942.18,563.72
"1320","C4P","65.95","Calcare poco fratturato molto duro, a grana fine, e marne molto dure, con inclinazione degli starati a 45°.","2b","1","Coppolella","70.000",528224.76,4565942.18,563.72
"1321","C4P","66","Calcare poco fratturato molto duro, a grana fine, e marne molto dure, con inclinazione degli starati a 45°.","2b","1","Coppolella","70.000",528224.76,4565942.18,563.72
"1322","C4P","66.05","Argilla limosa da poco a mediamente consistente di colore grigio con livelli di sabbia. Materiale debolmente umido.","2b","1","Coppolella","70.000",528224.76,4565942.18,563.72
"1323","C4P","66.1","Argilla limosa da poco a mediamente consistente di colore grigio con livelli di sabbia. Materiale debolmente umido.","2b","1","Coppolella","70.000",528224.76,4565942.18,563.72
"1324","C4P","66.15","Argilla limosa da poco a mediamente consistente di colore grigio con livelli di sabbia. Materiale debolmente umido.","2b","1","Coppolella","70.000",528224.76,4565942.18,563.72
"1325","C4P","66.2","Argilla limosa da poco a mediamente consistente di colore grigio con livelli di sabbia. Materiale debolmente umido.","2b","1","Coppolella","70.000",528224.76,4565942.18,563.72
"1326","C4P","66.25","Argilla limosa da poco a mediamente consistente di colore grigio con livelli di sabbia. Materiale debolmente umido.","2b","1","Coppolella","70.000",528224.76,4565942.18,563.72
"1327","C4P","66.3","Argilla limosa da poco a mediamente consistente di colore grigio con livelli di sabbia. Materiale debolmente umido.","2b","1","Coppolella","70.000",528224.76,4565942.18,563.72
"1328","C4P","66.35","Argilla limosa da poco a mediamente consistente di colore grigio con livelli di sabbia. Materiale debolmente umido.","2b","1","Coppolella","70.000",528224.76,4565942.18,563.72
"1329","C4P","66.4","Argilla limosa da poco a mediamente consistente di colore grigio con livelli di sabbia. Materiale debolmente umido.","2b","1","Coppolella","70.000",528224.76,4565942.18,563.72
"1330","C4P","66.45","Argilla limosa da poco a mediamente consistente di colore grigio con livelli di sabbia. Materiale debolmente umido.","2b","1","Coppolella","70.000",528224.76,4565942.18,563.72
"1331","C4P","66.5","Argilla limosa da poco a mediamente consistente di colore grigio con livelli di sabbia. Materiale debolmente umido.","2b","1","Coppolella","70.000",528224.76,4565942.18,563.72
"1332","C4P","66.55","Argilla limosa da poco a mediamente consistente di colore grigio con livelli di sabbia. Materiale debolmente umido.","2b","1","Coppolella","70.000",528224.76,4565942.18,563.72
"1333","C4P","66.6","Argilla limosa da poco a mediamente consistente di colore grigio con livelli di sabbia. Materiale debolmente umido.","2b","1","Coppolella","70.000",528224.76,4565942.18,563.72
"1334","C4P","66.65","Argilla limosa da poco a mediamente consistente di colore grigio con livelli di sabbia. Materiale debolmente umido.","2b","1","Coppolella","70.000",528224.76,4565942.18,563.72
"1335","C4P","66.7","Argilla limosa da poco a mediamente consistente di colore grigio con livelli di sabbia. Materiale debolmente umido.","2b","1","Coppolella","70.000",528224.76,4565942.18,563.72
"1336","C4P","66.75","Argilla limosa da poco a mediamente consistente di colore grigio con livelli di sabbia. Materiale debolmente umido.","2b","1","Coppolella","70.000",528224.76,4565942.18,563.72
"1337","C4P","66.8","Argilla limosa da poco a mediamente consistente di colore grigio con livelli di sabbia. Materiale debolmente umido.","2b","1","Coppolella","70.000",528224.76,4565942.18,563.72
"1338","C4P","66.85","Argilla limosa da poco a mediamente consistente di colore grigio con livelli di sabbia. Materiale debolmente umido.","2b","1","Coppolella","70.000",528224.76,4565942.18,563.72
"1339","C4P","66.9","Argilla limosa da poco a mediamente consistente di colore grigio con livelli di sabbia. Materiale debolmente umido.","2b","1","Coppolella","70.000",528224.76,4565942.18,563.72
"1340","C4P","66.95","Argilla limosa da poco a mediamente consistente di colore grigio con livelli di sabbia. Materiale debolmente umido.","2b","1","Coppolella","70.000",528224.76,4565942.18,563.72
"1341","C4P","67","Argilla limosa da poco a mediamente consistente di colore grigio con livelli di sabbia. Materiale debolmente umido.","2b","1","Coppolella","70.000",528224.76,4565942.18,563.72
"1342","C4P","67.05","Argilla limosa da poco a mediamente consistente di colore grigio con livelli di sabbia. Materiale debolmente umido.","2b","1","Coppolella","70.000",528224.76,4565942.18,563.72
"1343","C4P","67.1","Argilla limosa da poco a mediamente consistente di colore grigio con livelli di sabbia. Materiale debolmente umido.","2b","1","Coppolella","70.000",528224.76,4565942.18,563.72
"1344","C4P","67.15","Argilla limosa da poco a mediamente consistente di colore grigio con livelli di sabbia. Materiale debolmente umido.","2b","1","Coppolella","70.000",528224.76,4565942.18,563.72
"1345","C4P","67.2","Argilla limosa da poco a mediamente consistente di colore grigio con livelli di sabbia. Materiale debolmente umido.","2b","1","Coppolella","70.000",528224.76,4565942.18,563.72
"1346","C4P","67.25","Argilla limosa da poco a mediamente consistente di colore grigio con livelli di sabbia. Materiale debolmente umido.","2b","1","Coppolella","70.000",528224.76,4565942.18,563.72
"1347","C4P","67.3","Argilla limosa da poco a mediamente consistente di colore grigio con livelli di sabbia. Materiale debolmente umido.","2b","1","Coppolella","70.000",528224.76,4565942.18,563.72
"1348","C4P","67.35","Argilla limosa da poco a mediamente consistente di colore grigio con livelli di sabbia. Materiale debolmente umido.","2b","1","Coppolella","70.000",528224.76,4565942.18,563.72
"1349","C4P","67.4","Argilla limosa da poco a mediamente consistente di colore grigio con livelli di sabbia. Materiale debolmente umido.","2b","1","Coppolella","70.000",528224.76,4565942.18,563.72
"1350","C4P","67.45","Argilla limosa da poco a mediamente consistente di colore grigio con livelli di sabbia. Materiale debolmente umido.","2b","1","Coppolella","70.000",528224.76,4565942.18,563.72
"1351","C4P","67.5","Argilla limosa da poco a mediamente consistente di colore grigio con livelli di sabbia. Materiale debolmente umido.","2b","1","Coppolella","70.000",528224.76,4565942.18,563.72
"1352","C4P","67.55","Argilla limosa da poco a mediamente consistente di colore grigio con livelli di sabbia. Materiale debolmente umido.","2b","1","Coppolella","70.000",528224.76,4565942.18,563.72
"1353","C4P","67.6","Argilla limosa da poco a mediamente consistente di colore grigio con livelli di sabbia. Materiale debolmente umido.","2b","1","Coppolella","70.000",528224.76,4565942.18,563.72
"1354","C4P","67.65","Argilla limosa da poco a mediamente consistente di colore grigio con livelli di sabbia. Materiale debolmente umido.","2b","1","Coppolella","70.000",528224.76,4565942.18,563.72
"1355","C4P","67.7","Argilla limosa da poco a mediamente consistente di colore grigio con livelli di sabbia. Materiale debolmente umido.","2b","1","Coppolella","70.000",528224.76,4565942.18,563.72
"1356","C4P","67.75","Argilla limosa da poco a mediamente consistente di colore grigio con livelli di sabbia. Materiale debolmente umido.","2b","1","Coppolella","70.000",528224.76,4565942.18,563.72
"1357","C4P","67.8","Argilla limosa da poco a mediamente consistente di colore grigio con livelli di sabbia. Materiale debolmente umido.","2b","1","Coppolella","70.000",528224.76,4565942.18,563.72
"1358","C4P","67.85","Argilla limosa da poco a mediamente consistente di colore grigio con livelli di sabbia. Materiale debolmente umido.","2b","1","Coppolella","70.000",528224.76,4565942.18,563.72
"1359","C4P","67.9","Argilla limosa da poco a mediamente consistente di colore grigio con livelli di sabbia. Materiale debolmente umido.","2b","1","Coppolella","70.000",528224.76,4565942.18,563.72
"1360","C4P","67.95","Argilla limosa da poco a mediamente consistente di colore grigio con livelli di sabbia. Materiale debolmente umido.","2b","1","Coppolella","70.000",528224.76,4565942.18,563.72
"1361","C4P","68","Argilla limosa da poco a mediamente consistente di colore grigio con livelli di sabbia. Materiale debolmente umido.","2b","1","Coppolella","70.000",528224.76,4565942.18,563.72
"1362","C4P","68.05","Argilla limosa da poco a mediamente consistente di colore grigio con livelli di sabbia. Materiale debolmente umido.","2b","1","Coppolella","70.000",528224.76,4565942.18,563.72
"1363","C4P","68.1","Argilla limosa da poco a mediamente consistente di colore grigio con livelli di sabbia. Materiale debolmente umido.","2b","1","Coppolella","70.000",528224.76,4565942.18,563.72
"1364","C4P","68.15","Argilla limosa da poco a mediamente consistente di colore grigio con livelli di sabbia. Materiale debolmente umido.","2b","1","Coppolella","70.000",528224.76,4565942.18,563.72
"1365","C4P","68.2","Argilla limosa da poco a mediamente consistente di colore grigio con livelli di sabbia. Materiale debolmente umido.","2b","1","Coppolella","70.000",528224.76,4565942.18,563.72
"1366","C4P","68.25","Argilla limosa da poco a mediamente consistente di colore grigio con livelli di sabbia. Materiale debolmente umido.","2b","1","Coppolella","70.000",528224.76,4565942.18,563.72
"1367","C4P","68.3","Argilla limosa da poco a mediamente consistente di colore grigio con livelli di sabbia. Materiale debolmente umido.","2b","1","Coppolella","70.000",528224.76,4565942.18,563.72
"1368","C4P","68.35","Argilla limosa da poco a mediamente consistente di colore grigio con livelli di sabbia. Materiale debolmente umido.","2b","1","Coppolella","70.000",528224.76,4565942.18,563.72
"1369","C4P","68.4","Argilla limosa da poco a mediamente consistente di colore grigio con livelli di sabbia. Materiale debolmente umido.","2b","1","Coppolella","70.000",528224.76,4565942.18,563.72
"1370","C4P","68.45","Argilla limosa da poco a mediamente consistente di colore grigio con livelli di sabbia. Materiale debolmente umido.","2b","1","Coppolella","70.000",528224.76,4565942.18,563.72
"1371","C4P","68.5","Argilla limosa da poco a mediamente consistente di colore grigio con livelli di sabbia. Materiale debolmente umido.","2b","1","Coppolella","70.000",528224.76,4565942.18,563.72
"1372","C4P","68.55","Argilla limosa da poco a mediamente consistente di colore grigio con livelli di sabbia. Materiale debolmente umido.","2b","1","Coppolella","70.000",528224.76,4565942.18,563.72
"1373","C4P","68.6","Argilla limosa da poco a mediamente consistente di colore grigio con livelli di sabbia. Materiale debolmente umido.","2b","1","Coppolella","70.000",528224.76,4565942.18,563.72
"1374","C4P","68.65","Argilla limosa da poco a mediamente consistente di colore grigio con livelli di sabbia. Materiale debolmente umido.","2b","1","Coppolella","70.000",528224.76,4565942.18,563.72
"1375","C4P","68.7","Argilla limosa da poco a mediamente consistente di colore grigio con livelli di sabbia. Materiale debolmente umido.","2b","1","Coppolella","70.000",528224.76,4565942.18,563.72
"1376","C4P","68.75","Argilla limosa da poco a mediamente consistente di colore grigio con livelli di sabbia. Materiale debolmente umido.","2b","1","Coppolella","70.000",528224.76,4565942.18,563.72
"1377","C4P","68.8","Argilla limosa da poco a mediamente consistente di colore grigio con livelli di sabbia. Materiale debolmente umido.","2b","1","Coppolella","70.000",528224.76,4565942.18,563.72
"1378","C4P","68.85","Argilla limosa da poco a mediamente consistente di colore grigio con livelli di sabbia. Materiale debolmente umido.","2b","1","Coppolella","70.000",528224.76,4565942.18,563.72
"1379","C4P","68.9","Argilla limosa da poco a mediamente consistente di colore grigio con livelli di sabbia. Materiale debolmente umido.","2b","1","Coppolella","70.000",528224.76,4565942.18,563.72
"1380","C4P","68.95","Argilla limosa da poco a mediamente consistente di colore grigio con livelli di sabbia. Materiale debolmente umido.","2b","1","Coppolella","70.000",528224.76,4565942.18,563.72
"1381","C4P","69","Argilla limosa da poco a mediamente consistente di colore grigio con livelli di sabbia. Materiale debolmente umido.","2b","1","Coppolella","70.000",528224.76,4565942.18,563.72
"1382","C4P","69.05","Argilla limosa da poco a mediamente consistente di colore grigio con livelli di sabbia. Materiale debolmente umido.","2b","1","Coppolella","70.000",528224.76,4565942.18,563.72
"1383","C4P","69.1","Argilla limosa da poco a mediamente consistente di colore grigio con livelli di sabbia. Materiale debolmente umido.","2b","1","Coppolella","70.000",528224.76,4565942.18,563.72
"1384","C4P","69.15","Argilla limosa da poco a mediamente consistente di colore grigio con livelli di sabbia. Materiale debolmente umido.","2b","1","Coppolella","70.000",528224.76,4565942.18,563.72
"1385","C4P","69.2","Argilla limosa da poco a mediamente consistente di colore grigio con livelli di sabbia. Materiale debolmente umido.","2b","1","Coppolella","70.000",528224.76,4565942.18,563.72
"1386","C4P","69.25","Argilla limosa da poco a mediamente consistente di colore grigio con livelli di sabbia. Materiale debolmente umido.","2b","1","Coppolella","70.000",528224.76,4565942.18,563.72
"1387","C4P","69.3","Argilla limosa da poco a mediamente consistente di colore grigio con livelli di sabbia. Materiale debolmente umido.","2b","1","Coppolella","70.000",528224.76,4565942.18,563.72
"1388","C4P","69.35","Argilla limosa da poco a mediamente consistente di colore grigio con livelli di sabbia. Materiale debolmente umido.","2b","1","Coppolella","70.000",528224.76,4565942.18,563.72
"1389","C4P","69.4","Argilla limosa da poco a mediamente consistente di colore grigio con livelli di sabbia. Materiale debolmente umido.","2b","1","Coppolella","70.000",528224.76,4565942.18,563.72
"1390","C4P","69.45","Argilla limosa da poco a mediamente consistente di colore grigio con livelli di sabbia. Materiale debolmente umido.","2b","1","Coppolella","70.000",528224.76,4565942.18,563.72
"1391","C4P","69.5","Argilla limosa da poco a mediamente consistente di colore grigio con livelli di sabbia. Materiale debolmente umido.","2b","1","Coppolella","70.000",528224.76,4565942.18,563.72
"1392","C4P","69.55","Calcare mediamente fratturato.","2b","1","Coppolella","70.000",528224.76,4565942.18,563.72
"1393","C4P","69.6","Calcare mediamente fratturato.","2b","1","Coppolella","70.000",528224.76,4565942.18,563.72
"1394","C4P","69.65","Calcare mediamente fratturato.","2b","1","Coppolella","70.000",528224.76,4565942.18,563.72
"1395","C4P","69.7","Calcare mediamente fratturato.","2b","1","Coppolella","70.000",528224.76,4565942.18,563.72
"1396","C4P","69.75","Calcare mediamente fratturato.","2b","1","Coppolella","70.000",528224.76,4565942.18,563.72
"1397","C4P","69.8","Calcare mediamente fratturato.","2b","1","Coppolella","70.000",528224.76,4565942.18,563.72
"1398","C4P","69.85","Calcare mediamente fratturato.","2b","1","Coppolella","70.000",528224.76,4565942.18,563.72
"1399","C4P","69.9","Calcare mediamente fratturato.","2b","1","Coppolella","70.000",528224.76,4565942.18,563.72
"1400","C4P","69.95","Calcare mediamente fratturato.","2b","1","Coppolella","70.000",528224.76,4565942.18,563.72
"1401","C4P","70","Calcare mediamente fratturato.","2b","1","Coppolella","70.000",528224.76,4565942.18,563.72
"1402","C4P","70","Calcare mediamente fratturato.","2b","0","Coppolella","70.000",528224.76,4565942.18,563.72
"1403","C4P","70.05","Calcare mediamente fratturato.","2b","0","Coppolella","70.000",528224.76,4565942.18,563.72
"1404","C4P","70.1","Calcare mediamente fratturato.","2b","0","Coppolella","70.000",528224.76,4565942.18,563.72
"1405","C4P","70.15","Calcare mediamente fratturato.","2b","0","Coppolella","70.000",528224.76,4565942.18,563.72
"1406","C4P","70.2","Calcare mediamente fratturato.","2b","0","Coppolella","70.000",528224.76,4565942.18,563.72
"1407","C4P","70.25","Calcare mediamente fratturato.","2b","0","Coppolella","70.000",528224.76,4565942.18,563.72
"1408","C4P","70.3","Calcare mediamente fratturato.","2b","0","Coppolella","70.000",528224.76,4565942.18,563.72
"1409","C4P","70.35","Calcare mediamente fratturato.","2b","0","Coppolella","70.000",528224.76,4565942.18,563.72
"1410","C4P","70.4","Calcare mediamente fratturato.","2b","0","Coppolella","70.000",528224.76,4565942.18,563.72
"1411","C4P","70.45","Calcare mediamente fratturato.","2b","0","Coppolella","70.000",528224.76,4565942.18,563.72
"1412","C4P","70.5","Calcare mediamente fratturato.","2b","0","Coppolella","70.000",528224.76,4565942.18,563.72
"1413","C4P","70.55","Calcare mediamente fratturato.","2b","0","Coppolella","70.000",528224.76,4565942.18,563.72
"1414","C4P","70.6","Calcare mediamente fratturato.","2b","0","Coppolella","70.000",528224.76,4565942.18,563.72
"1415","C4P","70.65","Calcare mediamente fratturato.","2b","0","Coppolella","70.000",528224.76,4565942.18,563.72
"1416","C4P","70.7","Calcare mediamente fratturato.","2b","0","Coppolella","70.000",528224.76,4565942.18,563.72
"1417","C4P","70.75","Calcare mediamente fratturato.","2b","0","Coppolella","70.000",528224.76,4565942.18,563.72
"1418","C4P","70.8","Calcare mediamente fratturato.","2b","0","Coppolella","70.000",528224.76,4565942.18,563.72
"1419","C4P","70.85","Calcare mediamente fratturato.","2b","0","Coppolella","70.000",528224.76,4565942.18,563.72
"1420","C4P","70.9","Calcare mediamente fratturato.","2b","0","Coppolella","70.000",528224.76,4565942.18,563.72
"1421","C4P","70.95","Calcare mediamente fratturato.","2b","0","Coppolella","70.000",528224.76,4565942.18,563.72
"1422","C4P","71","Calcare mediamente fratturato.","2b","0","Coppolella","70.000",528224.76,4565942.18,563.72
"1423","C4P","71.05","Calcare mediamente fratturato.","2b","0","Coppolella","70.000",528224.76,4565942.18,563.72
"1424","C4P","71.1","Calcare mediamente fratturato.","2b","0","Coppolella","70.000",528224.76,4565942.18,563.72
"1425","C4P","71.15","Calcare mediamente fratturato.","2b","0","Coppolella","70.000",528224.76,4565942.18,563.72
"1426","C4P","71.2","Calcare mediamente fratturato.","2b","0","Coppolella","70.000",528224.76,4565942.18,563.72
"1427","C4P","71.25","Calcare mediamente fratturato.","2b","0","Coppolella","70.000",528224.76,4565942.18,563.72
"1428","C4P","71.3","Calcare mediamente fratturato.","2b","0","Coppolella","70.000",528224.76,4565942.18,563.72
"1429","C4P","71.35","Calcare mediamente fratturato.","2b","0","Coppolella","70.000",528224.76,4565942.18,563.72
"1430","C4P","71.4","Calcare mediamente fratturato.","2b","0","Coppolella","70.000",528224.76,4565942.18,563.72
"1431","C4P","71.45","Calcare mediamente fratturato.","2b","0","Coppolella","70.000",528224.76,4565942.18,563.72
"1432","C4P","71.5","Calcare mediamente fratturato.","2b","0","Coppolella","70.000",528224.76,4565942.18,563.72
"1433","C4P","71.55","Calcare mediamente fratturato.","2b","0","Coppolella","70.000",528224.76,4565942.18,563.72
"1434","C4P","71.6","Calcare mediamente fratturato.","2b","0","Coppolella","70.000",528224.76,4565942.18,563.72
"1435","C4P","71.65","Calcare mediamente fratturato.","2b","0","Coppolella","70.000",528224.76,4565942.18,563.72
"1436","C4P","71.7","Calcare mediamente fratturato.","2b","0","Coppolella","70.000",528224.76,4565942.18,563.72
"1437","C4P","71.75","Calcare mediamente fratturato.","2b","0","Coppolella","70.000",528224.76,4565942.18,563.72
"1438","C4P","71.8","Calcare mediamente fratturato.","2b","0","Coppolella","70.000",528224.76,4565942.18,563.72
"1439","C4P","71.85","Calcare mediamente fratturato.","2b","0","Coppolella","70.000",528224.76,4565942.18,563.72
"1440","C4P","71.9","Calcare mediamente fratturato.","2b","0","Coppolella","70.000",528224.76,4565942.18,563.72
"1441","C4P","71.95","Calcare mediamente fratturato.","2b","0","Coppolella","70.000",528224.76,4565942.18,563.72
"1442","C4P","72","Calcare mediamente fratturato.","2b","0","Coppolella","70.000",528224.76,4565942.18,563.72
"1443","C4P","72.05","Calcare mediamente fratturato.","2b","0","Coppolella","70.000",528224.76,4565942.18,563.72
"1444","C4P","72.1","Calcare mediamente fratturato.","2b","0","Coppolella","70.000",528224.76,4565942.18,563.72
"1445","C4P","72.15","Calcare mediamente fratturato.","2b","0","Coppolella","70.000",528224.76,4565942.18,563.72
"1446","C4P","72.2","Calcare mediamente fratturato.","2b","0","Coppolella","70.000",528224.76,4565942.18,563.72
"1447","C4P","72.25","Calcare mediamente fratturato.","2b","0","Coppolella","70.000",528224.76,4565942.18,563.72
"1448","C4P","72.3","Calcare mediamente fratturato.","2b","0","Coppolella","70.000",528224.76,4565942.18,563.72
"1449","C4P","72.35","Calcare mediamente fratturato.","2b","0","Coppolella","70.000",528224.76,4565942.18,563.72
"1450","C4P","72.4","Calcare mediamente fratturato.","2b","0","Coppolella","70.000",528224.76,4565942.18,563.72
"1451","C4P","72.45","Calcare mediamente fratturato.","2b","0","Coppolella","70.000",528224.76,4565942.18,563.72
"1452","C4P","72.5","Calcare mediamente fratturato.","2b","0","Coppolella","70.000",528224.76,4565942.18,563.72
"1453","C4P","72.55","Calcare mediamente fratturato.","2b","0","Coppolella","70.000",528224.76,4565942.18,563.72
"1454","C4P","72.6","Calcare mediamente fratturato.","2b","0","Coppolella","70.000",528224.76,4565942.18,563.72
"1455","C4P","72.65","Calcare mediamente fratturato.","2b","0","Coppolella","70.000",528224.76,4565942.18,563.72
"1456","C4P","72.7","Calcare mediamente fratturato.","2b","0","Coppolella","70.000",528224.76,4565942.18,563.72
"1457","C4P","72.75","Calcare mediamente fratturato.","2b","0","Coppolella","70.000",528224.76,4565942.18,563.72
"1458","C4P","72.8","Calcare mediamente fratturato.","2b","0","Coppolella","70.000",528224.76,4565942.18,563.72
"1459","C4P","72.85","Calcare mediamente fratturato.","2b","0","Coppolella","70.000",528224.76,4565942.18,563.72
"1460","C4P","72.9","Calcare mediamente fratturato.","2b","0","Coppolella","70.000",528224.76,4565942.18,563.72
"1461","C4P","72.95","Calcare mediamente fratturato.","2b","0","Coppolella","70.000",528224.76,4565942.18,563.72
"1462","C4P","73","Calcare mediamente fratturato.","2b","0","Coppolella","70.000",528224.76,4565942.18,563.72
"1463","C4P","73.05","Calcare mediamente fratturato.","2b","0","Coppolella","70.000",528224.76,4565942.18,563.72
"1464","C4P","73.1","Calcare mediamente fratturato.","2b","0","Coppolella","70.000",528224.76,4565942.18,563.72
"1465","C4P","73.15","Calcare mediamente fratturato.","2b","0","Coppolella","70.000",528224.76,4565942.18,563.72
"1466","C4P","73.2","Calcare mediamente fratturato.","2b","0","Coppolella","70.000",528224.76,4565942.18,563.72
"1467","C4P","73.25","Calcare mediamente fratturato.","2b","0","Coppolella","70.000",528224.76,4565942.18,563.72
"1468","C4P","73.3","Calcare mediamente fratturato.","2b","0","Coppolella","70.000",528224.76,4565942.18,563.72
"1469","C4P","73.35","Calcare mediamente fratturato.","2b","0","Coppolella","70.000",528224.76,4565942.18,563.72
"1470","C4P","73.4","Calcare mediamente fratturato.","2b","0","Coppolella","70.000",528224.76,4565942.18,563.72
"1471","C4P","73.45","Calcare mediamente fratturato.","2b","0","Coppolella","70.000",528224.76,4565942.18,563.72
"1472","C4P","73.5","Calcare mediamente fratturato.","2b","0","Coppolella","70.000",528224.76,4565942.18,563.72
"1473","C4P","73.55","Calcare mediamente fratturato.","2b","0","Coppolella","70.000",528224.76,4565942.18,563.72
"1474","C4P","73.6","Calcare mediamente fratturato.","2b","0","Coppolella","70.000",528224.76,4565942.18,563.72
"1475","C4P","73.65","Calcare mediamente fratturato.","2b","0","Coppolella","70.000",528224.76,4565942.18,563.72
"1476","C4P","73.7","Calcare mediamente fratturato.","2b","0","Coppolella","70.000",528224.76,4565942.18,563.72
"1477","C4P","73.75","Calcare mediamente fratturato.","2b","0","Coppolella","70.000",528224.76,4565942.18,563.72
"1478","C4P","73.8","Calcare mediamente fratturato.","2b","0","Coppolella","70.000",528224.76,4565942.18,563.72
"1479","C4P","73.85","Calcare mediamente fratturato.","2b","0","Coppolella","70.000",528224.76,4565942.18,563.72
"1480","C4P","73.9","Calcare mediamente fratturato.","2b","0","Coppolella","70.000",528224.76,4565942.18,563.72
"1481","C4P","73.95","Calcare mediamente fratturato.","2b","0","Coppolella","70.000",528224.76,4565942.18,563.72
"1482","C4P","74","Calcare mediamente fratturato.","2b","0","Coppolella","70.000",528224.76,4565942.18,563.72
"1483","C4P","74.05","Calcare mediamente fratturato.","2b","0","Coppolella","70.000",528224.76,4565942.18,563.72
"1484","C4P","74.1","Calcare mediamente fratturato.","2b","0","Coppolella","70.000",528224.76,4565942.18,563.72
"1485","C4P","74.15","Calcare mediamente fratturato.","2b","0","Coppolella","70.000",528224.76,4565942.18,563.72
"1486","C4P","74.2","Calcare mediamente fratturato.","2b","0","Coppolella","70.000",528224.76,4565942.18,563.72
"1487","C4P","74.25","Calcare mediamente fratturato.","2b","0","Coppolella","70.000",528224.76,4565942.18,563.72
"1488","C4P","74.3","Calcare mediamente fratturato.","2b","0","Coppolella","70.000",528224.76,4565942.18,563.72
"1489","C4P","74.35","Calcare mediamente fratturato.","2b","0","Coppolella","70.000",528224.76,4565942.18,563.72
"1490","C4P","74.4","Calcare mediamente fratturato.","2b","0","Coppolella","70.000",528224.76,4565942.18,563.72
"1491","C4P","74.45","Calcare mediamente fratturato.","2b","0","Coppolella","70.000",528224.76,4565942.18,563.72
"1492","C4P","74.5","Calcare mediamente fratturato.","2b","0","Coppolella","70.000",528224.76,4565942.18,563.72
"1493","C4P","74.55","Calcare mediamente fratturato.","2b","0","Coppolella","70.000",528224.76,4565942.18,563.72
"1494","C4P","74.6","Calcare mediamente fratturato.","2b","0","Coppolella","70.000",528224.76,4565942.18,563.72
"1495","C4P","74.65","Calcare mediamente fratturato.","2b","0","Coppolella","70.000",528224.76,4565942.18,563.72
"1496","C4P","74.7","Calcare mediamente fratturato.","2b","0","Coppolella","70.000",528224.76,4565942.18,563.72
"1497","C4P","74.75","Calcare mediamente fratturato.","2b","0","Coppolella","70.000",528224.76,4565942.18,563.72
"1498","C4P","74.8","Calcare mediamente fratturato.","2b","0","Coppolella","70.000",528224.76,4565942.18,563.72
"1499","C4P","74.85","Calcare mediamente fratturato.","2b","0","Coppolella","70.000",528224.76,4565942.18,563.72
"1500","C4P","74.9","Calcare mediamente fratturato.","2b","0","Coppolella","70.000",528224.76,4565942.18,563.72
"1501","C4P","74.95","Calcare mediamente fratturato.","2b","0","Coppolella","70.000",528224.76,4565942.18,563.72
"1502","C4P","75","Calcare mediamente fratturato.","2b","0","Coppolella","70.000",528224.76,4565942.18,563.72
"1503","C4P","75.05","Calcare mediamente fratturato.","2b","0","Coppolella","70.000",528224.76,4565942.18,563.72
"1504","C4P","75.1","Calcare mediamente fratturato.","2b","0","Coppolella","70.000",528224.76,4565942.18,563.72
"1505","C4P","75.15","Calcare mediamente fratturato.","2b","0","Coppolella","70.000",528224.76,4565942.18,563.72
"1506","C4P","75.2","Calcare mediamente fratturato.","2b","0","Coppolella","70.000",528224.76,4565942.18,563.72
"1507","C4P","75.25","Calcare mediamente fratturato.","2b","0","Coppolella","70.000",528224.76,4565942.18,563.72
"1508","C4P","75.3","Calcare mediamente fratturato.","2b","0","Coppolella","70.000",528224.76,4565942.18,563.72
"1509","C4P","75.35","Calcare mediamente fratturato.","2b","0","Coppolella","70.000",528224.76,4565942.18,563.72
"1510","C4P","75.4","Calcare mediamente fratturato.","2b","0","Coppolella","70.000",528224.76,4565942.18,563.72
"1511","C4P","75.45","Calcare mediamente fratturato.","2b","0","Coppolella","70.000",528224.76,4565942.18,563.72
"1512","C4P","75.5","Calcare mediamente fratturato.","2b","0","Coppolella","70.000",528224.76,4565942.18,563.72
"1513","C4P","75.55","Calcare mediamente fratturato.","2b","0","Coppolella","70.000",528224.76,4565942.18,563.72
"1514","C4P","75.6","Calcare mediamente fratturato.","2b","0","Coppolella","70.000",528224.76,4565942.18,563.72
"1515","C4P","75.65","Calcare mediamente fratturato.","2b","0","Coppolella","70.000",528224.76,4565942.18,563.72
"1516","C4P","75.7","Calcare mediamente fratturato.","2b","0","Coppolella","70.000",528224.76,4565942.18,563.72
"1517","C4P","75.75","Calcare mediamente fratturato.","2b","0","Coppolella","70.000",528224.76,4565942.18,563.72
"1518","C4P","75.8","Calcare mediamente fratturato.","2b","0","Coppolella","70.000",528224.76,4565942.18,563.72
"1519","C4P","75.85","Calcare mediamente fratturato.","2b","0","Coppolella","70.000",528224.76,4565942.18,563.72
"1520","C4P","75.9","Calcare mediamente fratturato.","2b","0","Coppolella","70.000",528224.76,4565942.18,563.72
"1521","C4P","75.95","Calcare mediamente fratturato.","2b","0","Coppolella","70.000",528224.76,4565942.18,563.72
"1522","C4P","76","Calcare mediamente fratturato.","2b","0","Coppolella","70.000",528224.76,4565942.18,563.72
"1523","C4P","76.05","Calcare mediamente fratturato.","2b","0","Coppolella","70.000",528224.76,4565942.18,563.72
"1524","C4P","76.1","Calcare mediamente fratturato.","2b","0","Coppolella","70.000",528224.76,4565942.18,563.72
"1525","C4P","76.15","Calcare mediamente fratturato.","2b","0","Coppolella","70.000",528224.76,4565942.18,563.72
"1526","C4P","76.2","Calcare mediamente fratturato.","2b","0","Coppolella","70.000",528224.76,4565942.18,563.72
"1527","C4P","76.25","Calcare mediamente fratturato.","2b","0","Coppolella","70.000",528224.76,4565942.18,563.72
"1528","C4P","76.3","Calcare mediamente fratturato.","2b","0","Coppolella","70.000",528224.76,4565942.18,563.72
"1529","C4P","76.35","Calcare mediamente fratturato.","2b","0","Coppolella","70.000",528224.76,4565942.18,563.72
"1530","C4P","76.4","Calcare mediamente fratturato.","2b","0","Coppolella","70.000",528224.76,4565942.18,563.72
"1531","C4P","76.45","Calcare mediamente fratturato.","2b","0","Coppolella","70.000",528224.76,4565942.18,563.72
"1532","C4P","76.5","Calcare mediamente fratturato.","2b","0","Coppolella","70.000",528224.76,4565942.18,563.72
"1533","C4P","76.55","Calcare mediamente fratturato.","2b","0","Coppolella","70.000",528224.76,4565942.18,563.72
"1534","C4P","76.6","Calcare mediamente fratturato.","2b","0","Coppolella","70.000",528224.76,4565942.18,563.72
"1535","C4P","76.65","Calcare mediamente fratturato.","2b","0","Coppolella","70.000",528224.76,4565942.18,563.72
"1536","C4P","76.7","Calcare mediamente fratturato.","2b","0","Coppolella","70.000",528224.76,4565942.18,563.72
