"","borehole","Depth","Description","Unit","Valid","campaign","DEPTH","x","y","z"
"1","L1","0","Terreno.","T","1","Troncone","26.000",528607.987,4566542.658,601
"2","L1","0.05","Terreno.","T","1","Troncone","26.000",528607.987,4566542.658,601
"3","L1","0.1","Terreno.","T","1","Troncone","26.000",528607.987,4566542.658,601
"4","L1","0.15","Terreno.","T","1","Troncone","26.000",528607.987,4566542.658,601
"5","L1","0.2","Terreno.","T","1","Troncone","26.000",528607.987,4566542.658,601
"6","L1","0.25","Terreno.","T","1","Troncone","26.000",528607.987,4566542.658,601
"7","L1","0.3","Terreno.","T","1","Troncone","26.000",528607.987,4566542.658,601
"8","L1","0.35","Terreno.","T","1","Troncone","26.000",528607.987,4566542.658,601
"9","L1","0.4","Terreno.","T","1","Troncone","26.000",528607.987,4566542.658,601
"10","L1","0.45","Terreno.","T","1","Troncone","26.000",528607.987,4566542.658,601
"11","L1","0.5","Terreno.","T","1","Troncone","26.000",528607.987,4566542.658,601
"12","L1","0.55","Terreno.","T","1","Troncone","26.000",528607.987,4566542.658,601
"13","L1","0.6","Terreno.","T","1","Troncone","26.000",528607.987,4566542.658,601
"14","L1","0.65","Terreno.","T","1","Troncone","26.000",528607.987,4566542.658,601
"15","L1","0.7","Terreno.","T","1","Troncone","26.000",528607.987,4566542.658,601
"16","L1","0.75","Terreno.","T","1","Troncone","26.000",528607.987,4566542.658,601
"17","L1","0.8","Terreno.","T","1","Troncone","26.000",528607.987,4566542.658,601
"18","L1","0.85","Terreno.","T","1","Troncone","26.000",528607.987,4566542.658,601
"19","L1","0.9","Terreno.","T","1","Troncone","26.000",528607.987,4566542.658,601
"20","L1","0.95","Terreno.","T","1","Troncone","26.000",528607.987,4566542.658,601
"21","L1","1","Terreno.","T","1","Troncone","26.000",528607.987,4566542.658,601
"22","L1","1.05","Terreno.","T","1","Troncone","26.000",528607.987,4566542.658,601
"23","L1","1.1","Terreno.","T","1","Troncone","26.000",528607.987,4566542.658,601
"24","L1","1.15","Terreno.","T","1","Troncone","26.000",528607.987,4566542.658,601
"25","L1","1.2","Terreno.","T","1","Troncone","26.000",528607.987,4566542.658,601
"26","L1","1.25","Terreno.","T","1","Troncone","26.000",528607.987,4566542.658,601
"27","L1","1.3","Terreno.","T","1","Troncone","26.000",528607.987,4566542.658,601
"28","L1","1.35","Ciottoli.","4","1","Troncone","26.000",528607.987,4566542.658,601
"29","L1","1.4","Ciottoli.","4","1","Troncone","26.000",528607.987,4566542.658,601
"30","L1","1.45","Ciottoli.","4","1","Troncone","26.000",528607.987,4566542.658,601
"31","L1","1.5","Ciottoli.","4","1","Troncone","26.000",528607.987,4566542.658,601
"32","L1","1.55","Ciottoli.","4","1","Troncone","26.000",528607.987,4566542.658,601
"33","L1","1.6","Ciottoli.","4","1","Troncone","26.000",528607.987,4566542.658,601
"34","L1","1.65","Ciottoli.","4","1","Troncone","26.000",528607.987,4566542.658,601
"35","L1","1.7","Ciottoli.","4","1","Troncone","26.000",528607.987,4566542.658,601
"36","L1","1.75","Ciottoli.","4","1","Troncone","26.000",528607.987,4566542.658,601
"37","L1","1.8","Ciottoli.","4","1","Troncone","26.000",528607.987,4566542.658,601
"38","L1","1.85","Ciottoli.","4","1","Troncone","26.000",528607.987,4566542.658,601
"39","L1","1.9","Ciottoli.","4","1","Troncone","26.000",528607.987,4566542.658,601
"40","L1","1.95","Ciottoli.","4","1","Troncone","26.000",528607.987,4566542.658,601
"41","L1","2","Ciottoli.","4","1","Troncone","26.000",528607.987,4566542.658,601
"42","L1","2.05","Sabbia fine giallastra a luoghi argillosi.","4","1","Troncone","26.000",528607.987,4566542.658,601
"43","L1","2.1","Sabbia fine giallastra a luoghi argillosi.","4","1","Troncone","26.000",528607.987,4566542.658,601
"44","L1","2.15","Sabbia fine giallastra a luoghi argillosi.","4","1","Troncone","26.000",528607.987,4566542.658,601
"45","L1","2.2","Sabbia fine giallastra a luoghi argillosi.","4","1","Troncone","26.000",528607.987,4566542.658,601
"46","L1","2.25","Sabbia fine giallastra a luoghi argillosi.","4","1","Troncone","26.000",528607.987,4566542.658,601
"47","L1","2.3","Sabbia fine giallastra a luoghi argillosi.","4","1","Troncone","26.000",528607.987,4566542.658,601
"48","L1","2.35","Sabbia fine giallastra a luoghi argillosi.","4","1","Troncone","26.000",528607.987,4566542.658,601
"49","L1","2.4","Sabbia fine giallastra a luoghi argillosi.","4","1","Troncone","26.000",528607.987,4566542.658,601
"50","L1","2.45","Sabbia fine giallastra a luoghi argillosi.","4","1","Troncone","26.000",528607.987,4566542.658,601
"51","L1","2.5","Sabbia fine giallastra a luoghi argillosi.","4","1","Troncone","26.000",528607.987,4566542.658,601
"52","L1","2.55","Sabbia fine giallastra a luoghi argillosi.","4","1","Troncone","26.000",528607.987,4566542.658,601
"53","L1","2.6","Sabbia fine giallastra a luoghi argillosi.","4","1","Troncone","26.000",528607.987,4566542.658,601
"54","L1","2.65","Sabbia fine giallastra a luoghi argillosi.","4","1","Troncone","26.000",528607.987,4566542.658,601
"55","L1","2.7","Sabbia fine giallastra a luoghi argillosi.","4","1","Troncone","26.000",528607.987,4566542.658,601
"56","L1","2.75","Sabbia fine giallastra a luoghi argillosi.","4","1","Troncone","26.000",528607.987,4566542.658,601
"57","L1","2.8","Sabbia fine giallastra a luoghi argillosi.","4","1","Troncone","26.000",528607.987,4566542.658,601
"58","L1","2.85","Sabbia fine giallastra a luoghi argillosi.","4","1","Troncone","26.000",528607.987,4566542.658,601
"59","L1","2.9","Sabbia fine giallastra a luoghi argillosi.","4","1","Troncone","26.000",528607.987,4566542.658,601
"60","L1","2.95","Sabbia fine giallastra a luoghi argillosi.","4","1","Troncone","26.000",528607.987,4566542.658,601
"61","L1","3","Sabbia fine giallastra a luoghi argillosi.","4","1","Troncone","26.000",528607.987,4566542.658,601
"62","L1","3.05","Argilla a luoghi limosa e sabbiosa giallastra talora plastica; presenza di calcinelli o lapidei.","4","1","Troncone","26.000",528607.987,4566542.658,601
"63","L1","3.1","Argilla a luoghi limosa e sabbiosa giallastra talora plastica; presenza di calcinelli o lapidei.","4","1","Troncone","26.000",528607.987,4566542.658,601
"64","L1","3.15","Argilla a luoghi limosa e sabbiosa giallastra talora plastica; presenza di calcinelli o lapidei.","4","1","Troncone","26.000",528607.987,4566542.658,601
"65","L1","3.2","Argilla a luoghi limosa e sabbiosa giallastra talora plastica; presenza di calcinelli o lapidei.","4","1","Troncone","26.000",528607.987,4566542.658,601
"66","L1","3.25","Argilla a luoghi limosa e sabbiosa giallastra talora plastica; presenza di calcinelli o lapidei.","4","1","Troncone","26.000",528607.987,4566542.658,601
"67","L1","3.3","Argilla a luoghi limosa e sabbiosa giallastra talora plastica; presenza di calcinelli o lapidei.","4","1","Troncone","26.000",528607.987,4566542.658,601
"68","L1","3.35","Argilla a luoghi limosa e sabbiosa giallastra talora plastica; presenza di calcinelli o lapidei.","4","1","Troncone","26.000",528607.987,4566542.658,601
"69","L1","3.4","Argilla a luoghi limosa e sabbiosa giallastra talora plastica; presenza di calcinelli o lapidei.","4","1","Troncone","26.000",528607.987,4566542.658,601
"70","L1","3.45","Argilla a luoghi limosa e sabbiosa giallastra talora plastica; presenza di calcinelli o lapidei.","4","1","Troncone","26.000",528607.987,4566542.658,601
"71","L1","3.5","Argilla a luoghi limosa e sabbiosa giallastra talora plastica; presenza di calcinelli o lapidei.","4","1","Troncone","26.000",528607.987,4566542.658,601
"72","L1","3.55","Argilla a luoghi limosa e sabbiosa giallastra talora plastica; presenza di calcinelli o lapidei.","4","1","Troncone","26.000",528607.987,4566542.658,601
"73","L1","3.6","Argilla a luoghi limosa e sabbiosa giallastra talora plastica; presenza di calcinelli o lapidei.","4","1","Troncone","26.000",528607.987,4566542.658,601
"74","L1","3.65","Argilla a luoghi limosa e sabbiosa giallastra talora plastica; presenza di calcinelli o lapidei.","4","1","Troncone","26.000",528607.987,4566542.658,601
"75","L1","3.7","Argilla a luoghi limosa e sabbiosa giallastra talora plastica; presenza di calcinelli o lapidei.","4","1","Troncone","26.000",528607.987,4566542.658,601
"76","L1","3.75","Argilla a luoghi limosa e sabbiosa giallastra talora plastica; presenza di calcinelli o lapidei.","4","1","Troncone","26.000",528607.987,4566542.658,601
"77","L1","3.8","Argilla a luoghi limosa e sabbiosa giallastra talora plastica; presenza di calcinelli o lapidei.","4","1","Troncone","26.000",528607.987,4566542.658,601
"78","L1","3.85","Argilla a luoghi limosa e sabbiosa giallastra talora plastica; presenza di calcinelli o lapidei.","4","1","Troncone","26.000",528607.987,4566542.658,601
"79","L1","3.9","Argilla a luoghi limosa e sabbiosa giallastra talora plastica; presenza di calcinelli o lapidei.","4","1","Troncone","26.000",528607.987,4566542.658,601
"80","L1","3.95","Argilla a luoghi limosa e sabbiosa giallastra talora plastica; presenza di calcinelli o lapidei.","4","1","Troncone","26.000",528607.987,4566542.658,601
"81","L1","4","Argilla a luoghi limosa e sabbiosa giallastra talora plastica; presenza di calcinelli o lapidei.","4","1","Troncone","26.000",528607.987,4566542.658,601
"82","L1","4.05","Ciottoli.","4","1","Troncone","26.000",528607.987,4566542.658,601
"83","L1","4.1","Ciottoli.","4","1","Troncone","26.000",528607.987,4566542.658,601
"84","L1","4.15","Ciottoli.","4","1","Troncone","26.000",528607.987,4566542.658,601
"85","L1","4.2","Ciottoli.","4","1","Troncone","26.000",528607.987,4566542.658,601
"86","L1","4.25","Ciottoli.","4","1","Troncone","26.000",528607.987,4566542.658,601
"87","L1","4.3","Ciottoli.","4","1","Troncone","26.000",528607.987,4566542.658,601
"88","L1","4.35","Ciottoli.","4","1","Troncone","26.000",528607.987,4566542.658,601
"89","L1","4.4","Ciottoli.","4","1","Troncone","26.000",528607.987,4566542.658,601
"90","L1","4.45","Ciottoli.","4","1","Troncone","26.000",528607.987,4566542.658,601
"91","L1","4.5","Ciottoli.","4","1","Troncone","26.000",528607.987,4566542.658,601
"92","L1","4.55","Ciottoli.","4","1","Troncone","26.000",528607.987,4566542.658,601
"93","L1","4.6","Ciottoli.","4","1","Troncone","26.000",528607.987,4566542.658,601
"94","L1","4.65","Ciottoli.","4","1","Troncone","26.000",528607.987,4566542.658,601
"95","L1","4.7","Ciottoli.","4","1","Troncone","26.000",528607.987,4566542.658,601
"96","L1","4.75","Ciottoli.","4","1","Troncone","26.000",528607.987,4566542.658,601
"97","L1","4.8","Ciottoli.","4","1","Troncone","26.000",528607.987,4566542.658,601
"98","L1","4.85","Ciottoli.","4","1","Troncone","26.000",528607.987,4566542.658,601
"99","L1","4.9","Ciottoli.","4","1","Troncone","26.000",528607.987,4566542.658,601
"100","L1","4.95","Ciottoli.","4","1","Troncone","26.000",528607.987,4566542.658,601
"101","L1","5","Ciottoli.","4","1","Troncone","26.000",528607.987,4566542.658,601
"102","L1","5.05","Ciottoli.","4","1","Troncone","26.000",528607.987,4566542.658,601
"103","L1","5.1","Ciottoli.","4","1","Troncone","26.000",528607.987,4566542.658,601
"104","L1","5.15","Ciottoli.","4","1","Troncone","26.000",528607.987,4566542.658,601
"105","L1","5.2","Ciottoli.","4","1","Troncone","26.000",528607.987,4566542.658,601
"106","L1","5.25","Ciottoli.","4","1","Troncone","26.000",528607.987,4566542.658,601
"107","L1","5.3","Ciottoli.","4","1","Troncone","26.000",528607.987,4566542.658,601
"108","L1","5.35","Ciottoli.","4","1","Troncone","26.000",528607.987,4566542.658,601
"109","L1","5.4","Ciottoli.","4","1","Troncone","26.000",528607.987,4566542.658,601
"110","L1","5.45","Ciottoli.","4","1","Troncone","26.000",528607.987,4566542.658,601
"111","L1","5.5","Ciottoli.","4","1","Troncone","26.000",528607.987,4566542.658,601
"112","L1","5.55","Ciottoli.","4","1","Troncone","26.000",528607.987,4566542.658,601
"113","L1","5.6","Ciottoli.","4","1","Troncone","26.000",528607.987,4566542.658,601
"114","L1","5.65","Ciottoli.","4","1","Troncone","26.000",528607.987,4566542.658,601
"115","L1","5.7","Ciottoli.","4","1","Troncone","26.000",528607.987,4566542.658,601
"116","L1","5.75","Ciottoli.","4","1","Troncone","26.000",528607.987,4566542.658,601
"117","L1","5.8","Ciottoli.","4","1","Troncone","26.000",528607.987,4566542.658,601
"118","L1","5.85","Ciottoli.","4","1","Troncone","26.000",528607.987,4566542.658,601
"119","L1","5.9","Ciottoli.","4","1","Troncone","26.000",528607.987,4566542.658,601
"120","L1","5.95","Ciottoli.","4","1","Troncone","26.000",528607.987,4566542.658,601
"121","L1","6","Ciottoli.","4","1","Troncone","26.000",528607.987,4566542.658,601
"122","L1","6.05","Argilla a luoghi limosa e sabbiosa giallastra talora plastica; presenza di calcinelli o lapidei.","3","1","Troncone","26.000",528607.987,4566542.658,601
"123","L1","6.1","Argilla a luoghi limosa e sabbiosa giallastra talora plastica; presenza di calcinelli o lapidei.","3","1","Troncone","26.000",528607.987,4566542.658,601
"124","L1","6.15","Argilla a luoghi limosa e sabbiosa giallastra talora plastica; presenza di calcinelli o lapidei.","3","1","Troncone","26.000",528607.987,4566542.658,601
"125","L1","6.2","Argilla a luoghi limosa e sabbiosa giallastra talora plastica; presenza di calcinelli o lapidei.","3","1","Troncone","26.000",528607.987,4566542.658,601
"126","L1","6.25","Argilla a luoghi limosa e sabbiosa giallastra talora plastica; presenza di calcinelli o lapidei.","3","1","Troncone","26.000",528607.987,4566542.658,601
"127","L1","6.3","Argilla a luoghi limosa e sabbiosa giallastra talora plastica; presenza di calcinelli o lapidei.","3","1","Troncone","26.000",528607.987,4566542.658,601
"128","L1","6.35","Argilla a luoghi limosa e sabbiosa giallastra talora plastica; presenza di calcinelli o lapidei.","3","1","Troncone","26.000",528607.987,4566542.658,601
"129","L1","6.4","Argilla a luoghi limosa e sabbiosa giallastra talora plastica; presenza di calcinelli o lapidei.","3","1","Troncone","26.000",528607.987,4566542.658,601
"130","L1","6.45","Argilla a luoghi limosa e sabbiosa giallastra talora plastica; presenza di calcinelli o lapidei.","3","1","Troncone","26.000",528607.987,4566542.658,601
"131","L1","6.5","Argilla a luoghi limosa e sabbiosa giallastra talora plastica; presenza di calcinelli o lapidei.","3","1","Troncone","26.000",528607.987,4566542.658,601
"132","L1","6.55","Argilla a luoghi limosa e sabbiosa giallastra talora plastica; presenza di calcinelli o lapidei.","3","1","Troncone","26.000",528607.987,4566542.658,601
"133","L1","6.6","Argilla a luoghi limosa e sabbiosa giallastra talora plastica; presenza di calcinelli o lapidei.","3","1","Troncone","26.000",528607.987,4566542.658,601
"134","L1","6.65","Argilla a luoghi limosa e sabbiosa giallastra talora plastica; presenza di calcinelli o lapidei.","3","1","Troncone","26.000",528607.987,4566542.658,601
"135","L1","6.7","Argilla a luoghi limosa e sabbiosa giallastra talora plastica; presenza di calcinelli o lapidei.","3","1","Troncone","26.000",528607.987,4566542.658,601
"136","L1","6.75","Argilla a luoghi limosa e sabbiosa giallastra talora plastica; presenza di calcinelli o lapidei.","3","1","Troncone","26.000",528607.987,4566542.658,601
"137","L1","6.8","Argilla a luoghi limosa e sabbiosa giallastra talora plastica; presenza di calcinelli o lapidei.","3","1","Troncone","26.000",528607.987,4566542.658,601
"138","L1","6.85","Argilla a luoghi limosa e sabbiosa giallastra talora plastica; presenza di calcinelli o lapidei.","3","1","Troncone","26.000",528607.987,4566542.658,601
"139","L1","6.9","Argilla a luoghi limosa e sabbiosa giallastra talora plastica; presenza di calcinelli o lapidei.","3","1","Troncone","26.000",528607.987,4566542.658,601
"140","L1","6.95","Argilla a luoghi limosa e sabbiosa giallastra talora plastica; presenza di calcinelli o lapidei.","3","1","Troncone","26.000",528607.987,4566542.658,601
"141","L1","7","Argilla a luoghi limosa e sabbiosa giallastra talora plastica; presenza di calcinelli o lapidei.","3","1","Troncone","26.000",528607.987,4566542.658,601
"142","L1","7.05","Argilla a luoghi limosa e sabbiosa giallastra talora plastica; presenza di calcinelli o lapidei.","3","1","Troncone","26.000",528607.987,4566542.658,601
"143","L1","7.1","Argilla a luoghi limosa e sabbiosa giallastra talora plastica; presenza di calcinelli o lapidei.","3","1","Troncone","26.000",528607.987,4566542.658,601
"144","L1","7.15","Argilla a luoghi limosa e sabbiosa giallastra talora plastica; presenza di calcinelli o lapidei.","3","1","Troncone","26.000",528607.987,4566542.658,601
"145","L1","7.2","Argilla a luoghi limosa e sabbiosa giallastra talora plastica; presenza di calcinelli o lapidei.","3","1","Troncone","26.000",528607.987,4566542.658,601
"146","L1","7.25","Argilla a luoghi limosa e sabbiosa giallastra talora plastica; presenza di calcinelli o lapidei.","3","1","Troncone","26.000",528607.987,4566542.658,601
"147","L1","7.3","Argilla a luoghi limosa e sabbiosa giallastra talora plastica; presenza di calcinelli o lapidei.","3","1","Troncone","26.000",528607.987,4566542.658,601
"148","L1","7.35","Argilla a luoghi limosa e sabbiosa giallastra talora plastica; presenza di calcinelli o lapidei.","3","1","Troncone","26.000",528607.987,4566542.658,601
"149","L1","7.4","Argilla a luoghi limosa e sabbiosa giallastra talora plastica; presenza di calcinelli o lapidei.","3","1","Troncone","26.000",528607.987,4566542.658,601
"150","L1","7.45","Argilla a luoghi limosa e sabbiosa giallastra talora plastica; presenza di calcinelli o lapidei.","3","1","Troncone","26.000",528607.987,4566542.658,601
"151","L1","7.5","Argilla a luoghi limosa e sabbiosa giallastra talora plastica; presenza di calcinelli o lapidei.","3","1","Troncone","26.000",528607.987,4566542.658,601
"152","L1","7.55","Argilla a luoghi limosa e sabbiosa giallastra talora plastica; presenza di calcinelli o lapidei.","3","1","Troncone","26.000",528607.987,4566542.658,601
"153","L1","7.6","Argilla a luoghi limosa e sabbiosa giallastra talora plastica; presenza di calcinelli o lapidei.","3","1","Troncone","26.000",528607.987,4566542.658,601
"154","L1","7.65","Argilla a luoghi limosa e sabbiosa giallastra talora plastica; presenza di calcinelli o lapidei.","3","1","Troncone","26.000",528607.987,4566542.658,601
"155","L1","7.7","Argilla a luoghi limosa e sabbiosa giallastra talora plastica; presenza di calcinelli o lapidei.","3","1","Troncone","26.000",528607.987,4566542.658,601
"156","L1","7.75","Argilla a luoghi limosa e sabbiosa giallastra talora plastica; presenza di calcinelli o lapidei.","3","1","Troncone","26.000",528607.987,4566542.658,601
"157","L1","7.8","Argilla a luoghi limosa e sabbiosa giallastra talora plastica; presenza di calcinelli o lapidei.","3","1","Troncone","26.000",528607.987,4566542.658,601
"158","L1","7.85","Argilla a luoghi limosa e sabbiosa giallastra talora plastica; presenza di calcinelli o lapidei.","3","1","Troncone","26.000",528607.987,4566542.658,601
"159","L1","7.9","Argilla a luoghi limosa e sabbiosa giallastra talora plastica; presenza di calcinelli o lapidei.","3","1","Troncone","26.000",528607.987,4566542.658,601
"160","L1","7.95","Argilla a luoghi limosa e sabbiosa giallastra talora plastica; presenza di calcinelli o lapidei.","3","1","Troncone","26.000",528607.987,4566542.658,601
"161","L1","8","Argilla a luoghi limosa e sabbiosa giallastra talora plastica; presenza di calcinelli o lapidei.","3","1","Troncone","26.000",528607.987,4566542.658,601
"162","L1","8.05","Argilla a luoghi limosa e sabbiosa giallastra talora plastica; presenza di calcinelli o lapidei.","3","1","Troncone","26.000",528607.987,4566542.658,601
"163","L1","8.1","Argilla a luoghi limosa e sabbiosa giallastra talora plastica; presenza di calcinelli o lapidei.","3","1","Troncone","26.000",528607.987,4566542.658,601
"164","L1","8.15","Argilla a luoghi limosa e sabbiosa giallastra talora plastica; presenza di calcinelli o lapidei.","3","1","Troncone","26.000",528607.987,4566542.658,601
"165","L1","8.2","Argilla a luoghi limosa e sabbiosa giallastra talora plastica; presenza di calcinelli o lapidei.","3","1","Troncone","26.000",528607.987,4566542.658,601
"166","L1","8.25","Argilla a luoghi limosa e sabbiosa giallastra talora plastica; presenza di calcinelli o lapidei.","3","1","Troncone","26.000",528607.987,4566542.658,601
"167","L1","8.3","Argilla a luoghi limosa e sabbiosa giallastra talora plastica; presenza di calcinelli o lapidei.","3","1","Troncone","26.000",528607.987,4566542.658,601
"168","L1","8.35","Argilla a luoghi limosa e sabbiosa giallastra talora plastica; presenza di calcinelli o lapidei.","3","1","Troncone","26.000",528607.987,4566542.658,601
"169","L1","8.4","Argilla a luoghi limosa e sabbiosa giallastra talora plastica; presenza di calcinelli o lapidei.","3","1","Troncone","26.000",528607.987,4566542.658,601
"170","L1","8.45","Argilla a luoghi limosa e sabbiosa giallastra talora plastica; presenza di calcinelli o lapidei.","3","1","Troncone","26.000",528607.987,4566542.658,601
"171","L1","8.5","Argilla a luoghi limosa e sabbiosa giallastra talora plastica; presenza di calcinelli o lapidei.","3","1","Troncone","26.000",528607.987,4566542.658,601
"172","L1","8.55","Argilla a luoghi limosa e sabbiosa giallastra talora plastica; presenza di calcinelli o lapidei.","3","1","Troncone","26.000",528607.987,4566542.658,601
"173","L1","8.6","Argilla a luoghi limosa e sabbiosa giallastra talora plastica; presenza di calcinelli o lapidei.","3","1","Troncone","26.000",528607.987,4566542.658,601
"174","L1","8.65","Argilla a luoghi limosa e sabbiosa giallastra talora plastica; presenza di calcinelli o lapidei.","3","1","Troncone","26.000",528607.987,4566542.658,601
"175","L1","8.7","Argilla a luoghi limosa e sabbiosa giallastra talora plastica; presenza di calcinelli o lapidei.","3","1","Troncone","26.000",528607.987,4566542.658,601
"176","L1","8.75","Argilla a luoghi limosa e sabbiosa giallastra talora plastica; presenza di calcinelli o lapidei.","3","1","Troncone","26.000",528607.987,4566542.658,601
"177","L1","8.8","Argilla a luoghi limosa e sabbiosa giallastra talora plastica; presenza di calcinelli o lapidei.","3","1","Troncone","26.000",528607.987,4566542.658,601
"178","L1","8.85","Argilla a luoghi limosa e sabbiosa giallastra talora plastica; presenza di calcinelli o lapidei.","3","1","Troncone","26.000",528607.987,4566542.658,601
"179","L1","8.9","Argilla a luoghi limosa e sabbiosa giallastra talora plastica; presenza di calcinelli o lapidei.","3","1","Troncone","26.000",528607.987,4566542.658,601
"180","L1","8.95","Argilla a luoghi limosa e sabbiosa giallastra talora plastica; presenza di calcinelli o lapidei.","3","1","Troncone","26.000",528607.987,4566542.658,601
"181","L1","9","Argilla a luoghi limosa e sabbiosa giallastra talora plastica; presenza di calcinelli o lapidei.","3","1","Troncone","26.000",528607.987,4566542.658,601
"182","L1","9.05","Ciottoli.","3","1","Troncone","26.000",528607.987,4566542.658,601
"183","L1","9.1","Ciottoli.","3","1","Troncone","26.000",528607.987,4566542.658,601
"184","L1","9.15","Ciottoli.","3","1","Troncone","26.000",528607.987,4566542.658,601
"185","L1","9.2","Ciottoli.","3","1","Troncone","26.000",528607.987,4566542.658,601
"186","L1","9.25","Ciottoli.","3","1","Troncone","26.000",528607.987,4566542.658,601
"187","L1","9.3","Ciottoli.","3","1","Troncone","26.000",528607.987,4566542.658,601
"188","L1","9.35","Ciottoli.","3","1","Troncone","26.000",528607.987,4566542.658,601
"189","L1","9.4","Ciottoli.","3","1","Troncone","26.000",528607.987,4566542.658,601
"190","L1","9.45","Ciottoli.","3","1","Troncone","26.000",528607.987,4566542.658,601
"191","L1","9.5","Ciottoli.","3","1","Troncone","26.000",528607.987,4566542.658,601
"192","L1","9.55","Ciottoli.","3","1","Troncone","26.000",528607.987,4566542.658,601
"193","L1","9.6","Ciottoli.","3","1","Troncone","26.000",528607.987,4566542.658,601
"194","L1","9.65","Ciottoli.","3","1","Troncone","26.000",528607.987,4566542.658,601
"195","L1","9.7","Ciottoli.","3","1","Troncone","26.000",528607.987,4566542.658,601
"196","L1","9.75","Ciottoli.","3","1","Troncone","26.000",528607.987,4566542.658,601
"197","L1","9.8","Ciottoli.","3","1","Troncone","26.000",528607.987,4566542.658,601
"198","L1","9.85","Ciottoli.","3","1","Troncone","26.000",528607.987,4566542.658,601
"199","L1","9.9","Ciottoli.","3","1","Troncone","26.000",528607.987,4566542.658,601
"200","L1","9.95","Ciottoli.","3","1","Troncone","26.000",528607.987,4566542.658,601
"201","L1","10","Ciottoli.","3","1","Troncone","26.000",528607.987,4566542.658,601
"202","L1","10.05","Argilla a luoghi limosa e sabbiosa giallastra talora plastica; presenza di calcinelli o lapidei.","3","1","Troncone","26.000",528607.987,4566542.658,601
"203","L1","10.1","Argilla a luoghi limosa e sabbiosa giallastra talora plastica; presenza di calcinelli o lapidei.","3","1","Troncone","26.000",528607.987,4566542.658,601
"204","L1","10.15","Argilla a luoghi limosa e sabbiosa giallastra talora plastica; presenza di calcinelli o lapidei.","3","1","Troncone","26.000",528607.987,4566542.658,601
"205","L1","10.2","Argilla a luoghi limosa e sabbiosa giallastra talora plastica; presenza di calcinelli o lapidei.","3","1","Troncone","26.000",528607.987,4566542.658,601
"206","L1","10.25","Argilla a luoghi limosa e sabbiosa giallastra talora plastica; presenza di calcinelli o lapidei.","3","1","Troncone","26.000",528607.987,4566542.658,601
"207","L1","10.3","Argilla a luoghi limosa e sabbiosa giallastra talora plastica; presenza di calcinelli o lapidei.","3","1","Troncone","26.000",528607.987,4566542.658,601
"208","L1","10.35","Argilla a luoghi limosa e sabbiosa giallastra talora plastica; presenza di calcinelli o lapidei.","3","1","Troncone","26.000",528607.987,4566542.658,601
"209","L1","10.4","Argilla a luoghi limosa e sabbiosa giallastra talora plastica; presenza di calcinelli o lapidei.","3","1","Troncone","26.000",528607.987,4566542.658,601
"210","L1","10.45","Argilla a luoghi limosa e sabbiosa giallastra talora plastica; presenza di calcinelli o lapidei.","3","1","Troncone","26.000",528607.987,4566542.658,601
"211","L1","10.5","Argilla a luoghi limosa e sabbiosa giallastra talora plastica; presenza di calcinelli o lapidei.","3","1","Troncone","26.000",528607.987,4566542.658,601
"212","L1","10.55","Argilla a luoghi limosa e sabbiosa giallastra talora plastica; presenza di calcinelli o lapidei.","3","1","Troncone","26.000",528607.987,4566542.658,601
"213","L1","10.6","Argilla a luoghi limosa e sabbiosa giallastra talora plastica; presenza di calcinelli o lapidei.","3","1","Troncone","26.000",528607.987,4566542.658,601
"214","L1","10.65","Argilla a luoghi limosa e sabbiosa giallastra talora plastica; presenza di calcinelli o lapidei.","3","1","Troncone","26.000",528607.987,4566542.658,601
"215","L1","10.7","Argilla a luoghi limosa e sabbiosa giallastra talora plastica; presenza di calcinelli o lapidei.","3","1","Troncone","26.000",528607.987,4566542.658,601
"216","L1","10.75","Argilla a luoghi limosa e sabbiosa giallastra talora plastica; presenza di calcinelli o lapidei.","3","1","Troncone","26.000",528607.987,4566542.658,601
"217","L1","10.8","Argilla a luoghi limosa e sabbiosa giallastra talora plastica; presenza di calcinelli o lapidei.","3","1","Troncone","26.000",528607.987,4566542.658,601
"218","L1","10.85","Argilla a luoghi limosa e sabbiosa giallastra talora plastica; presenza di calcinelli o lapidei.","3","1","Troncone","26.000",528607.987,4566542.658,601
"219","L1","10.9","Argilla a luoghi limosa e sabbiosa giallastra talora plastica; presenza di calcinelli o lapidei.","3","1","Troncone","26.000",528607.987,4566542.658,601
"220","L1","10.95","Argilla a luoghi limosa e sabbiosa giallastra talora plastica; presenza di calcinelli o lapidei.","3","1","Troncone","26.000",528607.987,4566542.658,601
"221","L1","11","Argilla a luoghi limosa e sabbiosa giallastra talora plastica; presenza di calcinelli o lapidei.","3","1","Troncone","26.000",528607.987,4566542.658,601
"222","L1","11.05","Argilla a luoghi limosa e sabbiosa giallastra talora plastica; presenza di calcinelli o lapidei.","3","1","Troncone","26.000",528607.987,4566542.658,601
"223","L1","11.1","Argilla a luoghi limosa e sabbiosa giallastra talora plastica; presenza di calcinelli o lapidei.","3","1","Troncone","26.000",528607.987,4566542.658,601
"224","L1","11.15","Argilla a luoghi limosa e sabbiosa giallastra talora plastica; presenza di calcinelli o lapidei.","3","1","Troncone","26.000",528607.987,4566542.658,601
"225","L1","11.2","Argilla a luoghi limosa e sabbiosa giallastra talora plastica; presenza di calcinelli o lapidei.","3","1","Troncone","26.000",528607.987,4566542.658,601
"226","L1","11.25","Argilla a luoghi limosa e sabbiosa giallastra talora plastica; presenza di calcinelli o lapidei.","3","1","Troncone","26.000",528607.987,4566542.658,601
"227","L1","11.3","Argilla a luoghi limosa e sabbiosa giallastra talora plastica; presenza di calcinelli o lapidei.","3","1","Troncone","26.000",528607.987,4566542.658,601
"228","L1","11.35","Argilla a luoghi limosa e sabbiosa giallastra talora plastica; presenza di calcinelli o lapidei.","3","1","Troncone","26.000",528607.987,4566542.658,601
"229","L1","11.4","Argilla a luoghi limosa e sabbiosa giallastra talora plastica; presenza di calcinelli o lapidei.","3","1","Troncone","26.000",528607.987,4566542.658,601
"230","L1","11.45","Argilla a luoghi limosa e sabbiosa giallastra talora plastica; presenza di calcinelli o lapidei.","3","1","Troncone","26.000",528607.987,4566542.658,601
"231","L1","11.5","Argilla a luoghi limosa e sabbiosa giallastra talora plastica; presenza di calcinelli o lapidei.","3","1","Troncone","26.000",528607.987,4566542.658,601
"232","L1","11.55","Argilla a luoghi limosa e sabbiosa giallastra talora plastica; presenza di calcinelli o lapidei.","3","1","Troncone","26.000",528607.987,4566542.658,601
"233","L1","11.6","Argilla a luoghi limosa e sabbiosa giallastra talora plastica; presenza di calcinelli o lapidei.","3","1","Troncone","26.000",528607.987,4566542.658,601
"234","L1","11.65","Argilla a luoghi limosa e sabbiosa giallastra talora plastica; presenza di calcinelli o lapidei.","3","1","Troncone","26.000",528607.987,4566542.658,601
"235","L1","11.7","Argilla a luoghi limosa e sabbiosa giallastra talora plastica; presenza di calcinelli o lapidei.","3","1","Troncone","26.000",528607.987,4566542.658,601
"236","L1","11.75","Argilla a luoghi limosa e sabbiosa giallastra talora plastica; presenza di calcinelli o lapidei.","3","1","Troncone","26.000",528607.987,4566542.658,601
"237","L1","11.8","Argilla a luoghi limosa e sabbiosa giallastra talora plastica; presenza di calcinelli o lapidei.","3","1","Troncone","26.000",528607.987,4566542.658,601
"238","L1","11.85","Argilla a luoghi limosa e sabbiosa giallastra talora plastica; presenza di calcinelli o lapidei.","3","1","Troncone","26.000",528607.987,4566542.658,601
"239","L1","11.9","Argilla a luoghi limosa e sabbiosa giallastra talora plastica; presenza di calcinelli o lapidei.","3","1","Troncone","26.000",528607.987,4566542.658,601
"240","L1","11.95","Argilla a luoghi limosa e sabbiosa giallastra talora plastica; presenza di calcinelli o lapidei.","3","1","Troncone","26.000",528607.987,4566542.658,601
"241","L1","12","Argilla a luoghi limosa e sabbiosa giallastra talora plastica; presenza di calcinelli o lapidei.","3","1","Troncone","26.000",528607.987,4566542.658,601
"242","L1","12.05","Argilla a luoghi limosa e sabbiosa giallastra talora plastica; presenza di calcinelli o lapidei.","3","1","Troncone","26.000",528607.987,4566542.658,601
"243","L1","12.1","Argilla a luoghi limosa e sabbiosa giallastra talora plastica; presenza di calcinelli o lapidei.","3","1","Troncone","26.000",528607.987,4566542.658,601
"244","L1","12.15","Argilla a luoghi limosa e sabbiosa giallastra talora plastica; presenza di calcinelli o lapidei.","3","1","Troncone","26.000",528607.987,4566542.658,601
"245","L1","12.2","Argilla a luoghi limosa e sabbiosa giallastra talora plastica; presenza di calcinelli o lapidei.","3","1","Troncone","26.000",528607.987,4566542.658,601
"246","L1","12.25","Argilla a luoghi limosa e sabbiosa giallastra talora plastica; presenza di calcinelli o lapidei.","3","1","Troncone","26.000",528607.987,4566542.658,601
"247","L1","12.3","Argilla a luoghi limosa e sabbiosa giallastra talora plastica; presenza di calcinelli o lapidei.","3","1","Troncone","26.000",528607.987,4566542.658,601
"248","L1","12.35","Argilla a luoghi limosa e sabbiosa giallastra talora plastica; presenza di calcinelli o lapidei.","3","1","Troncone","26.000",528607.987,4566542.658,601
"249","L1","12.4","Argilla a luoghi limosa e sabbiosa giallastra talora plastica; presenza di calcinelli o lapidei.","3","1","Troncone","26.000",528607.987,4566542.658,601
"250","L1","12.45","Argilla a luoghi limosa e sabbiosa giallastra talora plastica; presenza di calcinelli o lapidei.","3","1","Troncone","26.000",528607.987,4566542.658,601
"251","L1","12.5","Argilla a luoghi limosa e sabbiosa giallastra talora plastica; presenza di calcinelli o lapidei.","3","1","Troncone","26.000",528607.987,4566542.658,601
"252","L1","12.55","Argilla a luoghi limosa e sabbiosa giallastra talora plastica; presenza di calcinelli o lapidei.","3","1","Troncone","26.000",528607.987,4566542.658,601
"253","L1","12.6","Argilla a luoghi limosa e sabbiosa giallastra talora plastica; presenza di calcinelli o lapidei.","3","1","Troncone","26.000",528607.987,4566542.658,601
"254","L1","12.65","Argilla a luoghi limosa e sabbiosa giallastra talora plastica; presenza di calcinelli o lapidei.","3","1","Troncone","26.000",528607.987,4566542.658,601
"255","L1","12.7","Argilla a luoghi limosa e sabbiosa giallastra talora plastica; presenza di calcinelli o lapidei.","3","1","Troncone","26.000",528607.987,4566542.658,601
"256","L1","12.75","Argilla a luoghi limosa e sabbiosa giallastra talora plastica; presenza di calcinelli o lapidei.","3","1","Troncone","26.000",528607.987,4566542.658,601
"257","L1","12.8","Argilla a luoghi limosa e sabbiosa giallastra talora plastica; presenza di calcinelli o lapidei.","3","1","Troncone","26.000",528607.987,4566542.658,601
"258","L1","12.85","Argilla a luoghi limosa e sabbiosa giallastra talora plastica; presenza di calcinelli o lapidei.","3","1","Troncone","26.000",528607.987,4566542.658,601
"259","L1","12.9","Argilla a luoghi limosa e sabbiosa giallastra talora plastica; presenza di calcinelli o lapidei.","3","1","Troncone","26.000",528607.987,4566542.658,601
"260","L1","12.95","Argilla a luoghi limosa e sabbiosa giallastra talora plastica; presenza di calcinelli o lapidei.","3","1","Troncone","26.000",528607.987,4566542.658,601
"261","L1","13","Argilla a luoghi limosa e sabbiosa giallastra talora plastica; presenza di calcinelli o lapidei.","3","1","Troncone","26.000",528607.987,4566542.658,601
"262","L1","13.05","Calcarenite stratificata, spesso intensamente fratturata, talora presenza di livelli argillosi-sabbiosi.","2b","1","Troncone","26.000",528607.987,4566542.658,601
"263","L1","13.1","Calcarenite stratificata, spesso intensamente fratturata, talora presenza di livelli argillosi-sabbiosi.","2b","1","Troncone","26.000",528607.987,4566542.658,601
"264","L1","13.15","Calcarenite stratificata, spesso intensamente fratturata, talora presenza di livelli argillosi-sabbiosi.","2b","1","Troncone","26.000",528607.987,4566542.658,601
"265","L1","13.2","Calcarenite stratificata, spesso intensamente fratturata, talora presenza di livelli argillosi-sabbiosi.","2b","1","Troncone","26.000",528607.987,4566542.658,601
"266","L1","13.25","Calcarenite stratificata, spesso intensamente fratturata, talora presenza di livelli argillosi-sabbiosi.","2b","1","Troncone","26.000",528607.987,4566542.658,601
"267","L1","13.3","Calcarenite stratificata, spesso intensamente fratturata, talora presenza di livelli argillosi-sabbiosi.","2b","1","Troncone","26.000",528607.987,4566542.658,601
"268","L1","13.35","Calcarenite stratificata, spesso intensamente fratturata, talora presenza di livelli argillosi-sabbiosi.","2b","1","Troncone","26.000",528607.987,4566542.658,601
"269","L1","13.4","Calcarenite stratificata, spesso intensamente fratturata, talora presenza di livelli argillosi-sabbiosi.","2b","1","Troncone","26.000",528607.987,4566542.658,601
"270","L1","13.45","Calcarenite stratificata, spesso intensamente fratturata, talora presenza di livelli argillosi-sabbiosi.","2b","1","Troncone","26.000",528607.987,4566542.658,601
"271","L1","13.5","Calcarenite stratificata, spesso intensamente fratturata, talora presenza di livelli argillosi-sabbiosi.","2b","1","Troncone","26.000",528607.987,4566542.658,601
"272","L1","13.55","Calcarenite stratificata, spesso intensamente fratturata, talora presenza di livelli argillosi-sabbiosi.","2b","1","Troncone","26.000",528607.987,4566542.658,601
"273","L1","13.6","Calcarenite stratificata, spesso intensamente fratturata, talora presenza di livelli argillosi-sabbiosi.","2b","1","Troncone","26.000",528607.987,4566542.658,601
"274","L1","13.65","Calcarenite stratificata, spesso intensamente fratturata, talora presenza di livelli argillosi-sabbiosi.","2b","1","Troncone","26.000",528607.987,4566542.658,601
"275","L1","13.7","Calcarenite stratificata, spesso intensamente fratturata, talora presenza di livelli argillosi-sabbiosi.","2b","1","Troncone","26.000",528607.987,4566542.658,601
"276","L1","13.75","Calcarenite stratificata, spesso intensamente fratturata, talora presenza di livelli argillosi-sabbiosi.","2b","1","Troncone","26.000",528607.987,4566542.658,601
"277","L1","13.8","Calcarenite stratificata, spesso intensamente fratturata, talora presenza di livelli argillosi-sabbiosi.","2b","1","Troncone","26.000",528607.987,4566542.658,601
"278","L1","13.85","Calcarenite stratificata, spesso intensamente fratturata, talora presenza di livelli argillosi-sabbiosi.","2b","1","Troncone","26.000",528607.987,4566542.658,601
"279","L1","13.9","Calcarenite stratificata, spesso intensamente fratturata, talora presenza di livelli argillosi-sabbiosi.","2b","1","Troncone","26.000",528607.987,4566542.658,601
"280","L1","13.95","Calcarenite stratificata, spesso intensamente fratturata, talora presenza di livelli argillosi-sabbiosi.","2b","1","Troncone","26.000",528607.987,4566542.658,601
"281","L1","14","Calcarenite stratificata, spesso intensamente fratturata, talora presenza di livelli argillosi-sabbiosi.","2b","1","Troncone","26.000",528607.987,4566542.658,601
"282","L1","14.05","Calcarenite stratificata, spesso intensamente fratturata, talora presenza di livelli argillosi-sabbiosi.","2b","1","Troncone","26.000",528607.987,4566542.658,601
"283","L1","14.1","Calcarenite stratificata, spesso intensamente fratturata, talora presenza di livelli argillosi-sabbiosi.","2b","1","Troncone","26.000",528607.987,4566542.658,601
"284","L1","14.15","Calcarenite stratificata, spesso intensamente fratturata, talora presenza di livelli argillosi-sabbiosi.","2b","1","Troncone","26.000",528607.987,4566542.658,601
"285","L1","14.2","Calcarenite stratificata, spesso intensamente fratturata, talora presenza di livelli argillosi-sabbiosi.","2b","1","Troncone","26.000",528607.987,4566542.658,601
"286","L1","14.25","Calcarenite stratificata, spesso intensamente fratturata, talora presenza di livelli argillosi-sabbiosi.","2b","1","Troncone","26.000",528607.987,4566542.658,601
"287","L1","14.3","Calcarenite stratificata, spesso intensamente fratturata, talora presenza di livelli argillosi-sabbiosi.","2b","1","Troncone","26.000",528607.987,4566542.658,601
"288","L1","14.35","Calcarenite stratificata, spesso intensamente fratturata, talora presenza di livelli argillosi-sabbiosi.","2b","1","Troncone","26.000",528607.987,4566542.658,601
"289","L1","14.4","Calcarenite stratificata, spesso intensamente fratturata, talora presenza di livelli argillosi-sabbiosi.","2b","1","Troncone","26.000",528607.987,4566542.658,601
"290","L1","14.45","Calcarenite stratificata, spesso intensamente fratturata, talora presenza di livelli argillosi-sabbiosi.","2b","1","Troncone","26.000",528607.987,4566542.658,601
"291","L1","14.5","Calcarenite stratificata, spesso intensamente fratturata, talora presenza di livelli argillosi-sabbiosi.","2b","1","Troncone","26.000",528607.987,4566542.658,601
"292","L1","14.55","Calcarenite stratificata, spesso intensamente fratturata, talora presenza di livelli argillosi-sabbiosi.","2b","1","Troncone","26.000",528607.987,4566542.658,601
"293","L1","14.6","Calcarenite stratificata, spesso intensamente fratturata, talora presenza di livelli argillosi-sabbiosi.","2b","1","Troncone","26.000",528607.987,4566542.658,601
"294","L1","14.65","Calcarenite stratificata, spesso intensamente fratturata, talora presenza di livelli argillosi-sabbiosi.","2b","1","Troncone","26.000",528607.987,4566542.658,601
"295","L1","14.7","Calcarenite stratificata, spesso intensamente fratturata, talora presenza di livelli argillosi-sabbiosi.","2b","1","Troncone","26.000",528607.987,4566542.658,601
"296","L1","14.75","Calcarenite stratificata, spesso intensamente fratturata, talora presenza di livelli argillosi-sabbiosi.","2b","1","Troncone","26.000",528607.987,4566542.658,601
"297","L1","14.8","Calcarenite stratificata, spesso intensamente fratturata, talora presenza di livelli argillosi-sabbiosi.","2b","1","Troncone","26.000",528607.987,4566542.658,601
"298","L1","14.85","Calcarenite stratificata, spesso intensamente fratturata, talora presenza di livelli argillosi-sabbiosi.","2b","1","Troncone","26.000",528607.987,4566542.658,601
"299","L1","14.9","Calcarenite stratificata, spesso intensamente fratturata, talora presenza di livelli argillosi-sabbiosi.","2b","1","Troncone","26.000",528607.987,4566542.658,601
"300","L1","14.95","Calcarenite stratificata, spesso intensamente fratturata, talora presenza di livelli argillosi-sabbiosi.","2b","1","Troncone","26.000",528607.987,4566542.658,601
"301","L1","15","Calcarenite stratificata, spesso intensamente fratturata, talora presenza di livelli argillosi-sabbiosi.","2b","1","Troncone","26.000",528607.987,4566542.658,601
"302","L1","15.05","Marna argillosa grigio verdastra.","2b","1","Troncone","26.000",528607.987,4566542.658,601
"303","L1","15.1","Marna argillosa grigio verdastra.","2b","1","Troncone","26.000",528607.987,4566542.658,601
"304","L1","15.15","Marna argillosa grigio verdastra.","2b","1","Troncone","26.000",528607.987,4566542.658,601
"305","L1","15.2","Marna argillosa grigio verdastra.","2b","1","Troncone","26.000",528607.987,4566542.658,601
"306","L1","15.25","Marna argillosa grigio verdastra.","2b","1","Troncone","26.000",528607.987,4566542.658,601
"307","L1","15.3","Marna argillosa grigio verdastra.","2b","1","Troncone","26.000",528607.987,4566542.658,601
"308","L1","15.35","Marna argillosa grigio verdastra.","2b","1","Troncone","26.000",528607.987,4566542.658,601
"309","L1","15.4","Marna argillosa grigio verdastra.","2b","1","Troncone","26.000",528607.987,4566542.658,601
"310","L1","15.45","Marna argillosa grigio verdastra.","2b","1","Troncone","26.000",528607.987,4566542.658,601
"311","L1","15.5","Marna argillosa grigio verdastra.","2b","1","Troncone","26.000",528607.987,4566542.658,601
"312","L1","15.55","Marna argillosa grigio verdastra.","2b","1","Troncone","26.000",528607.987,4566542.658,601
"313","L1","15.6","Marna argillosa grigio verdastra.","2b","1","Troncone","26.000",528607.987,4566542.658,601
"314","L1","15.65","Marna argillosa grigio verdastra.","2b","1","Troncone","26.000",528607.987,4566542.658,601
"315","L1","15.7","Marna argillosa grigio verdastra.","2b","1","Troncone","26.000",528607.987,4566542.658,601
"316","L1","15.75","Marna argillosa grigio verdastra.","2b","1","Troncone","26.000",528607.987,4566542.658,601
"317","L1","15.8","Marna argillosa grigio verdastra.","2b","1","Troncone","26.000",528607.987,4566542.658,601
"318","L1","15.85","Marna argillosa grigio verdastra.","2b","1","Troncone","26.000",528607.987,4566542.658,601
"319","L1","15.9","Marna argillosa grigio verdastra.","2b","1","Troncone","26.000",528607.987,4566542.658,601
"320","L1","15.95","Marna argillosa grigio verdastra.","2b","1","Troncone","26.000",528607.987,4566542.658,601
"321","L1","16","Marna argillosa grigio verdastra.","2b","1","Troncone","26.000",528607.987,4566542.658,601
"322","L1","16.05","Marna argillosa grigio verdastra.","2b","1","Troncone","26.000",528607.987,4566542.658,601
"323","L1","16.1","Marna argillosa grigio verdastra.","2b","1","Troncone","26.000",528607.987,4566542.658,601
"324","L1","16.15","Marna argillosa grigio verdastra.","2b","1","Troncone","26.000",528607.987,4566542.658,601
"325","L1","16.2","Marna argillosa grigio verdastra.","2b","1","Troncone","26.000",528607.987,4566542.658,601
"326","L1","16.25","Marna argillosa grigio verdastra.","2b","1","Troncone","26.000",528607.987,4566542.658,601
"327","L1","16.3","Marna argillosa grigio verdastra.","2b","1","Troncone","26.000",528607.987,4566542.658,601
"328","L1","16.35","Marna argillosa grigio verdastra.","2b","1","Troncone","26.000",528607.987,4566542.658,601
"329","L1","16.4","Marna argillosa grigio verdastra.","2b","1","Troncone","26.000",528607.987,4566542.658,601
"330","L1","16.45","Marna argillosa grigio verdastra.","2b","1","Troncone","26.000",528607.987,4566542.658,601
"331","L1","16.5","Marna argillosa grigio verdastra.","2b","1","Troncone","26.000",528607.987,4566542.658,601
"332","L1","16.55","Marna argillosa grigio verdastra.","2b","1","Troncone","26.000",528607.987,4566542.658,601
"333","L1","16.6","Marna argillosa grigio verdastra.","2b","1","Troncone","26.000",528607.987,4566542.658,601
"334","L1","16.65","Marna argillosa grigio verdastra.","2b","1","Troncone","26.000",528607.987,4566542.658,601
"335","L1","16.7","Marna argillosa grigio verdastra.","2b","1","Troncone","26.000",528607.987,4566542.658,601
"336","L1","16.75","Marna argillosa grigio verdastra.","2b","1","Troncone","26.000",528607.987,4566542.658,601
"337","L1","16.8","Marna argillosa grigio verdastra.","2b","1","Troncone","26.000",528607.987,4566542.658,601
"338","L1","16.85","Marna argillosa grigio verdastra.","2b","1","Troncone","26.000",528607.987,4566542.658,601
"339","L1","16.9","Marna argillosa grigio verdastra.","2b","1","Troncone","26.000",528607.987,4566542.658,601
"340","L1","16.95","Marna argillosa grigio verdastra.","2b","1","Troncone","26.000",528607.987,4566542.658,601
"341","L1","17","Marna argillosa grigio verdastra.","2b","1","Troncone","26.000",528607.987,4566542.658,601
"342","L1","17.05","Marna argillosa grigio verdastra.","2b","1","Troncone","26.000",528607.987,4566542.658,601
"343","L1","17.1","Marna argillosa grigio verdastra.","2b","1","Troncone","26.000",528607.987,4566542.658,601
"344","L1","17.15","Marna argillosa grigio verdastra.","2b","1","Troncone","26.000",528607.987,4566542.658,601
"345","L1","17.2","Marna argillosa grigio verdastra.","2b","1","Troncone","26.000",528607.987,4566542.658,601
"346","L1","17.25","Marna argillosa grigio verdastra.","2b","1","Troncone","26.000",528607.987,4566542.658,601
"347","L1","17.3","Marna argillosa grigio verdastra.","2b","1","Troncone","26.000",528607.987,4566542.658,601
"348","L1","17.35","Marna argillosa grigio verdastra.","2b","1","Troncone","26.000",528607.987,4566542.658,601
"349","L1","17.4","Marna argillosa grigio verdastra.","2b","1","Troncone","26.000",528607.987,4566542.658,601
"350","L1","17.45","Marna argillosa grigio verdastra.","2b","1","Troncone","26.000",528607.987,4566542.658,601
"351","L1","17.5","Marna argillosa grigio verdastra.","2b","1","Troncone","26.000",528607.987,4566542.658,601
"352","L1","17.55","Marna argillosa grigio verdastra.","2b","1","Troncone","26.000",528607.987,4566542.658,601
"353","L1","17.6","Marna argillosa grigio verdastra.","2b","1","Troncone","26.000",528607.987,4566542.658,601
"354","L1","17.65","Marna argillosa grigio verdastra.","2b","1","Troncone","26.000",528607.987,4566542.658,601
"355","L1","17.7","Marna argillosa grigio verdastra.","2b","1","Troncone","26.000",528607.987,4566542.658,601
"356","L1","17.75","Marna argillosa grigio verdastra.","2b","1","Troncone","26.000",528607.987,4566542.658,601
"357","L1","17.8","Marna argillosa grigio verdastra.","2b","1","Troncone","26.000",528607.987,4566542.658,601
"358","L1","17.85","Marna argillosa grigio verdastra.","2b","1","Troncone","26.000",528607.987,4566542.658,601
"359","L1","17.9","Marna argillosa grigio verdastra.","2b","1","Troncone","26.000",528607.987,4566542.658,601
"360","L1","17.95","Marna argillosa grigio verdastra.","2b","1","Troncone","26.000",528607.987,4566542.658,601
"361","L1","18","Marna argillosa grigio verdastra.","2b","1","Troncone","26.000",528607.987,4566542.658,601
"362","L1","18.05","Marna argillosa grigio verdastra.","2b","1","Troncone","26.000",528607.987,4566542.658,601
"363","L1","18.1","Marna argillosa grigio verdastra.","2b","1","Troncone","26.000",528607.987,4566542.658,601
"364","L1","18.15","Marna argillosa grigio verdastra.","2b","1","Troncone","26.000",528607.987,4566542.658,601
"365","L1","18.2","Marna argillosa grigio verdastra.","2b","1","Troncone","26.000",528607.987,4566542.658,601
"366","L1","18.25","Marna argillosa grigio verdastra.","2b","1","Troncone","26.000",528607.987,4566542.658,601
"367","L1","18.3","Marna argillosa grigio verdastra.","2b","1","Troncone","26.000",528607.987,4566542.658,601
"368","L1","18.35","Marna argillosa grigio verdastra.","2b","1","Troncone","26.000",528607.987,4566542.658,601
"369","L1","18.4","Marna argillosa grigio verdastra.","2b","1","Troncone","26.000",528607.987,4566542.658,601
"370","L1","18.45","Marna argillosa grigio verdastra.","2b","1","Troncone","26.000",528607.987,4566542.658,601
"371","L1","18.5","Marna argillosa grigio verdastra.","2b","1","Troncone","26.000",528607.987,4566542.658,601
"372","L1","18.55","Marna argillosa grigio verdastra.","2b","1","Troncone","26.000",528607.987,4566542.658,601
"373","L1","18.6","Marna argillosa grigio verdastra.","2b","1","Troncone","26.000",528607.987,4566542.658,601
"374","L1","18.65","Marna argillosa grigio verdastra.","2b","1","Troncone","26.000",528607.987,4566542.658,601
"375","L1","18.7","Marna argillosa grigio verdastra.","2b","1","Troncone","26.000",528607.987,4566542.658,601
"376","L1","18.75","Marna argillosa grigio verdastra.","2b","1","Troncone","26.000",528607.987,4566542.658,601
"377","L1","18.8","Marna argillosa grigio verdastra.","2b","1","Troncone","26.000",528607.987,4566542.658,601
"378","L1","18.85","Marna argillosa grigio verdastra.","2b","1","Troncone","26.000",528607.987,4566542.658,601
"379","L1","18.9","Marna argillosa grigio verdastra.","2b","1","Troncone","26.000",528607.987,4566542.658,601
"380","L1","18.95","Marna argillosa grigio verdastra.","2b","1","Troncone","26.000",528607.987,4566542.658,601
"381","L1","19","Marna argillosa grigio verdastra.","2b","1","Troncone","26.000",528607.987,4566542.658,601
"382","L1","19.05","Marna argillosa grigio verdastra.","2b","1","Troncone","26.000",528607.987,4566542.658,601
"383","L1","19.1","Marna argillosa grigio verdastra.","2b","1","Troncone","26.000",528607.987,4566542.658,601
"384","L1","19.15","Marna argillosa grigio verdastra.","2b","1","Troncone","26.000",528607.987,4566542.658,601
"385","L1","19.2","Marna argillosa grigio verdastra.","2b","1","Troncone","26.000",528607.987,4566542.658,601
"386","L1","19.25","Marna argillosa grigio verdastra.","2b","1","Troncone","26.000",528607.987,4566542.658,601
"387","L1","19.3","Marna argillosa grigio verdastra.","2b","1","Troncone","26.000",528607.987,4566542.658,601
"388","L1","19.35","Marna argillosa grigio verdastra.","2b","1","Troncone","26.000",528607.987,4566542.658,601
"389","L1","19.4","Marna argillosa grigio verdastra.","2b","1","Troncone","26.000",528607.987,4566542.658,601
"390","L1","19.45","Marna argillosa grigio verdastra.","2b","1","Troncone","26.000",528607.987,4566542.658,601
"391","L1","19.5","Marna argillosa grigio verdastra.","2b","1","Troncone","26.000",528607.987,4566542.658,601
"392","L1","19.55","Marna argillosa grigio verdastra.","2b","1","Troncone","26.000",528607.987,4566542.658,601
"393","L1","19.6","Marna argillosa grigio verdastra.","2b","1","Troncone","26.000",528607.987,4566542.658,601
"394","L1","19.65","Marna argillosa grigio verdastra.","2b","1","Troncone","26.000",528607.987,4566542.658,601
"395","L1","19.7","Marna argillosa grigio verdastra.","2b","1","Troncone","26.000",528607.987,4566542.658,601
"396","L1","19.75","Marna argillosa grigio verdastra.","2b","1","Troncone","26.000",528607.987,4566542.658,601
"397","L1","19.8","Marna argillosa grigio verdastra.","2b","1","Troncone","26.000",528607.987,4566542.658,601
"398","L1","19.85","Marna argillosa grigio verdastra.","2b","1","Troncone","26.000",528607.987,4566542.658,601
"399","L1","19.9","Marna argillosa grigio verdastra.","2b","1","Troncone","26.000",528607.987,4566542.658,601
"400","L1","19.95","Marna argillosa grigio verdastra.","2b","1","Troncone","26.000",528607.987,4566542.658,601
"401","L1","20","Marna argillosa grigio verdastra.","2b","1","Troncone","26.000",528607.987,4566542.658,601
"402","L1","20.05","Calcarenite stratificata, spesso intensamente fratturata, talora presenza di livelli argillosi-sabbiosi.","2b","1","Troncone","26.000",528607.987,4566542.658,601
"403","L1","20.1","Calcarenite stratificata, spesso intensamente fratturata, talora presenza di livelli argillosi-sabbiosi.","2b","1","Troncone","26.000",528607.987,4566542.658,601
"404","L1","20.15","Calcarenite stratificata, spesso intensamente fratturata, talora presenza di livelli argillosi-sabbiosi.","2b","1","Troncone","26.000",528607.987,4566542.658,601
"405","L1","20.2","Calcarenite stratificata, spesso intensamente fratturata, talora presenza di livelli argillosi-sabbiosi.","2b","1","Troncone","26.000",528607.987,4566542.658,601
"406","L1","20.25","Calcarenite stratificata, spesso intensamente fratturata, talora presenza di livelli argillosi-sabbiosi.","2b","1","Troncone","26.000",528607.987,4566542.658,601
"407","L1","20.3","Calcarenite stratificata, spesso intensamente fratturata, talora presenza di livelli argillosi-sabbiosi.","2b","1","Troncone","26.000",528607.987,4566542.658,601
"408","L1","20.35","Calcarenite stratificata, spesso intensamente fratturata, talora presenza di livelli argillosi-sabbiosi.","2b","1","Troncone","26.000",528607.987,4566542.658,601
"409","L1","20.4","Calcarenite stratificata, spesso intensamente fratturata, talora presenza di livelli argillosi-sabbiosi.","2b","1","Troncone","26.000",528607.987,4566542.658,601
"410","L1","20.45","Calcarenite stratificata, spesso intensamente fratturata, talora presenza di livelli argillosi-sabbiosi.","2b","1","Troncone","26.000",528607.987,4566542.658,601
"411","L1","20.5","Calcarenite stratificata, spesso intensamente fratturata, talora presenza di livelli argillosi-sabbiosi.","2b","1","Troncone","26.000",528607.987,4566542.658,601
"412","L1","20.55","Calcarenite stratificata, spesso intensamente fratturata, talora presenza di livelli argillosi-sabbiosi.","2b","1","Troncone","26.000",528607.987,4566542.658,601
"413","L1","20.6","Calcarenite stratificata, spesso intensamente fratturata, talora presenza di livelli argillosi-sabbiosi.","2b","1","Troncone","26.000",528607.987,4566542.658,601
"414","L1","20.65","Calcarenite stratificata, spesso intensamente fratturata, talora presenza di livelli argillosi-sabbiosi.","2b","1","Troncone","26.000",528607.987,4566542.658,601
"415","L1","20.7","Calcarenite stratificata, spesso intensamente fratturata, talora presenza di livelli argillosi-sabbiosi.","2b","1","Troncone","26.000",528607.987,4566542.658,601
"416","L1","20.75","Calcarenite stratificata, spesso intensamente fratturata, talora presenza di livelli argillosi-sabbiosi.","2b","1","Troncone","26.000",528607.987,4566542.658,601
"417","L1","20.8","Calcarenite stratificata, spesso intensamente fratturata, talora presenza di livelli argillosi-sabbiosi.","2b","1","Troncone","26.000",528607.987,4566542.658,601
"418","L1","20.85","Calcarenite stratificata, spesso intensamente fratturata, talora presenza di livelli argillosi-sabbiosi.","2b","1","Troncone","26.000",528607.987,4566542.658,601
"419","L1","20.9","Calcarenite stratificata, spesso intensamente fratturata, talora presenza di livelli argillosi-sabbiosi.","2b","1","Troncone","26.000",528607.987,4566542.658,601
"420","L1","20.95","Calcarenite stratificata, spesso intensamente fratturata, talora presenza di livelli argillosi-sabbiosi.","2b","1","Troncone","26.000",528607.987,4566542.658,601
"421","L1","21","Calcarenite stratificata, spesso intensamente fratturata, talora presenza di livelli argillosi-sabbiosi.","2b","1","Troncone","26.000",528607.987,4566542.658,601
"422","L1","21.05","Calcarenite stratificata, spesso intensamente fratturata, talora presenza di livelli argillosi-sabbiosi.","2b","1","Troncone","26.000",528607.987,4566542.658,601
"423","L1","21.1","Calcarenite stratificata, spesso intensamente fratturata, talora presenza di livelli argillosi-sabbiosi.","2b","1","Troncone","26.000",528607.987,4566542.658,601
"424","L1","21.15","Calcarenite stratificata, spesso intensamente fratturata, talora presenza di livelli argillosi-sabbiosi.","2b","1","Troncone","26.000",528607.987,4566542.658,601
"425","L1","21.2","Calcarenite stratificata, spesso intensamente fratturata, talora presenza di livelli argillosi-sabbiosi.","2b","1","Troncone","26.000",528607.987,4566542.658,601
"426","L1","21.25","Calcarenite stratificata, spesso intensamente fratturata, talora presenza di livelli argillosi-sabbiosi.","2b","1","Troncone","26.000",528607.987,4566542.658,601
"427","L1","21.3","Calcarenite stratificata, spesso intensamente fratturata, talora presenza di livelli argillosi-sabbiosi.","2b","1","Troncone","26.000",528607.987,4566542.658,601
"428","L1","21.35","Calcarenite stratificata, spesso intensamente fratturata, talora presenza di livelli argillosi-sabbiosi.","2b","1","Troncone","26.000",528607.987,4566542.658,601
"429","L1","21.4","Calcarenite stratificata, spesso intensamente fratturata, talora presenza di livelli argillosi-sabbiosi.","2b","1","Troncone","26.000",528607.987,4566542.658,601
"430","L1","21.45","Calcarenite stratificata, spesso intensamente fratturata, talora presenza di livelli argillosi-sabbiosi.","2b","1","Troncone","26.000",528607.987,4566542.658,601
"431","L1","21.5","Calcarenite stratificata, spesso intensamente fratturata, talora presenza di livelli argillosi-sabbiosi.","2b","1","Troncone","26.000",528607.987,4566542.658,601
"432","L1","21.55","Calcarenite stratificata, spesso intensamente fratturata, talora presenza di livelli argillosi-sabbiosi.","2b","1","Troncone","26.000",528607.987,4566542.658,601
"433","L1","21.6","Calcarenite stratificata, spesso intensamente fratturata, talora presenza di livelli argillosi-sabbiosi.","2b","1","Troncone","26.000",528607.987,4566542.658,601
"434","L1","21.65","Calcarenite stratificata, spesso intensamente fratturata, talora presenza di livelli argillosi-sabbiosi.","2b","1","Troncone","26.000",528607.987,4566542.658,601
"435","L1","21.7","Calcarenite stratificata, spesso intensamente fratturata, talora presenza di livelli argillosi-sabbiosi.","2b","1","Troncone","26.000",528607.987,4566542.658,601
"436","L1","21.75","Calcarenite stratificata, spesso intensamente fratturata, talora presenza di livelli argillosi-sabbiosi.","2b","1","Troncone","26.000",528607.987,4566542.658,601
"437","L1","21.8","Calcarenite stratificata, spesso intensamente fratturata, talora presenza di livelli argillosi-sabbiosi.","2b","1","Troncone","26.000",528607.987,4566542.658,601
"438","L1","21.85","Calcarenite stratificata, spesso intensamente fratturata, talora presenza di livelli argillosi-sabbiosi.","2b","1","Troncone","26.000",528607.987,4566542.658,601
"439","L1","21.9","Calcarenite stratificata, spesso intensamente fratturata, talora presenza di livelli argillosi-sabbiosi.","2b","1","Troncone","26.000",528607.987,4566542.658,601
"440","L1","21.95","Calcarenite stratificata, spesso intensamente fratturata, talora presenza di livelli argillosi-sabbiosi.","2b","1","Troncone","26.000",528607.987,4566542.658,601
"441","L1","22","Calcarenite stratificata, spesso intensamente fratturata, talora presenza di livelli argillosi-sabbiosi.","2b","1","Troncone","26.000",528607.987,4566542.658,601
"442","L1","22.05","Marna argillosa grigio verdastra.","2b","1","Troncone","26.000",528607.987,4566542.658,601
"443","L1","22.1","Marna argillosa grigio verdastra.","2b","1","Troncone","26.000",528607.987,4566542.658,601
"444","L1","22.15","Marna argillosa grigio verdastra.","2b","1","Troncone","26.000",528607.987,4566542.658,601
"445","L1","22.2","Marna argillosa grigio verdastra.","2b","1","Troncone","26.000",528607.987,4566542.658,601
"446","L1","22.25","Marna argillosa grigio verdastra.","2b","1","Troncone","26.000",528607.987,4566542.658,601
"447","L1","22.3","Marna argillosa grigio verdastra.","2b","1","Troncone","26.000",528607.987,4566542.658,601
"448","L1","22.35","Marna argillosa grigio verdastra.","2b","1","Troncone","26.000",528607.987,4566542.658,601
"449","L1","22.4","Marna argillosa grigio verdastra.","2b","1","Troncone","26.000",528607.987,4566542.658,601
"450","L1","22.45","Marna argillosa grigio verdastra.","2b","1","Troncone","26.000",528607.987,4566542.658,601
"451","L1","22.5","Marna argillosa grigio verdastra.","2b","1","Troncone","26.000",528607.987,4566542.658,601
"452","L1","22.55","Marna argillosa grigio verdastra.","2b","1","Troncone","26.000",528607.987,4566542.658,601
"453","L1","22.6","Marna argillosa grigio verdastra.","2b","1","Troncone","26.000",528607.987,4566542.658,601
"454","L1","22.65","Marna argillosa grigio verdastra.","2b","1","Troncone","26.000",528607.987,4566542.658,601
"455","L1","22.7","Marna argillosa grigio verdastra.","2b","1","Troncone","26.000",528607.987,4566542.658,601
"456","L1","22.75","Marna argillosa grigio verdastra.","2b","1","Troncone","26.000",528607.987,4566542.658,601
"457","L1","22.8","Marna argillosa grigio verdastra.","2b","1","Troncone","26.000",528607.987,4566542.658,601
"458","L1","22.85","Marna argillosa grigio verdastra.","2b","1","Troncone","26.000",528607.987,4566542.658,601
"459","L1","22.9","Marna argillosa grigio verdastra.","2b","1","Troncone","26.000",528607.987,4566542.658,601
"460","L1","22.95","Marna argillosa grigio verdastra.","2b","1","Troncone","26.000",528607.987,4566542.658,601
"461","L1","23","Marna argillosa grigio verdastra.","2b","1","Troncone","26.000",528607.987,4566542.658,601
"462","L1","23.05","Marna argillosa grigio verdastra.","2b","1","Troncone","26.000",528607.987,4566542.658,601
"463","L1","23.1","Marna argillosa grigio verdastra.","2b","1","Troncone","26.000",528607.987,4566542.658,601
"464","L1","23.15","Marna argillosa grigio verdastra.","2b","1","Troncone","26.000",528607.987,4566542.658,601
"465","L1","23.2","Marna argillosa grigio verdastra.","2b","1","Troncone","26.000",528607.987,4566542.658,601
"466","L1","23.25","Marna argillosa grigio verdastra.","2b","1","Troncone","26.000",528607.987,4566542.658,601
"467","L1","23.3","Marna argillosa grigio verdastra.","2b","1","Troncone","26.000",528607.987,4566542.658,601
"468","L1","23.35","Marna argillosa grigio verdastra.","2b","1","Troncone","26.000",528607.987,4566542.658,601
"469","L1","23.4","Marna argillosa grigio verdastra.","2b","1","Troncone","26.000",528607.987,4566542.658,601
"470","L1","23.45","Marna argillosa grigio verdastra.","2b","1","Troncone","26.000",528607.987,4566542.658,601
"471","L1","23.5","Marna argillosa grigio verdastra.","2b","1","Troncone","26.000",528607.987,4566542.658,601
"472","L1","23.55","Marna argillosa grigio verdastra.","2b","1","Troncone","26.000",528607.987,4566542.658,601
"473","L1","23.6","Marna argillosa grigio verdastra.","2b","1","Troncone","26.000",528607.987,4566542.658,601
"474","L1","23.65","Marna argillosa grigio verdastra.","2b","1","Troncone","26.000",528607.987,4566542.658,601
"475","L1","23.7","Marna argillosa grigio verdastra.","2b","1","Troncone","26.000",528607.987,4566542.658,601
"476","L1","23.75","Marna argillosa grigio verdastra.","2b","1","Troncone","26.000",528607.987,4566542.658,601
"477","L1","23.8","Marna argillosa grigio verdastra.","2b","1","Troncone","26.000",528607.987,4566542.658,601
"478","L1","23.85","Marna argillosa grigio verdastra.","2b","1","Troncone","26.000",528607.987,4566542.658,601
"479","L1","23.9","Marna argillosa grigio verdastra.","2b","1","Troncone","26.000",528607.987,4566542.658,601
"480","L1","23.95","Marna argillosa grigio verdastra.","2b","1","Troncone","26.000",528607.987,4566542.658,601
"481","L1","24","Marna argillosa grigio verdastra.","2b","1","Troncone","26.000",528607.987,4566542.658,601
"482","L1","24.05","Marna argillosa grigio verdastra.","2b","1","Troncone","26.000",528607.987,4566542.658,601
"483","L1","24.1","Marna argillosa grigio verdastra.","2b","1","Troncone","26.000",528607.987,4566542.658,601
"484","L1","24.15","Marna argillosa grigio verdastra.","2b","1","Troncone","26.000",528607.987,4566542.658,601
"485","L1","24.2","Marna argillosa grigio verdastra.","2b","1","Troncone","26.000",528607.987,4566542.658,601
"486","L1","24.25","Marna argillosa grigio verdastra.","2b","1","Troncone","26.000",528607.987,4566542.658,601
"487","L1","24.3","Marna argillosa grigio verdastra.","2b","1","Troncone","26.000",528607.987,4566542.658,601
"488","L1","24.35","Marna argillosa grigio verdastra.","2b","1","Troncone","26.000",528607.987,4566542.658,601
"489","L1","24.4","Marna argillosa grigio verdastra.","2b","1","Troncone","26.000",528607.987,4566542.658,601
"490","L1","24.45","Marna argillosa grigio verdastra.","2b","1","Troncone","26.000",528607.987,4566542.658,601
"491","L1","24.5","Marna argillosa grigio verdastra.","2b","1","Troncone","26.000",528607.987,4566542.658,601
"492","L1","24.55","Marna argillosa grigio verdastra.","2b","1","Troncone","26.000",528607.987,4566542.658,601
"493","L1","24.6","Marna argillosa grigio verdastra.","2b","1","Troncone","26.000",528607.987,4566542.658,601
"494","L1","24.65","Marna argillosa grigio verdastra.","2b","1","Troncone","26.000",528607.987,4566542.658,601
"495","L1","24.7","Marna argillosa grigio verdastra.","2b","1","Troncone","26.000",528607.987,4566542.658,601
"496","L1","24.75","Marna argillosa grigio verdastra.","2b","1","Troncone","26.000",528607.987,4566542.658,601
"497","L1","24.8","Marna argillosa grigio verdastra.","2b","1","Troncone","26.000",528607.987,4566542.658,601
"498","L1","24.85","Marna argillosa grigio verdastra.","2b","1","Troncone","26.000",528607.987,4566542.658,601
"499","L1","24.9","Marna argillosa grigio verdastra.","2b","1","Troncone","26.000",528607.987,4566542.658,601
"500","L1","24.95","Marna argillosa grigio verdastra.","2b","1","Troncone","26.000",528607.987,4566542.658,601
"501","L1","25","Marna argillosa grigio verdastra.","2b","1","Troncone","26.000",528607.987,4566542.658,601
"502","L1","25.05","Calcarenite stratificata, spesso intensamente fratturata, talora presenza di livelli argillosi-sabbiosi.","2b","1","Troncone","26.000",528607.987,4566542.658,601
"503","L1","25.1","Calcarenite stratificata, spesso intensamente fratturata, talora presenza di livelli argillosi-sabbiosi.","2b","1","Troncone","26.000",528607.987,4566542.658,601
"504","L1","25.15","Calcarenite stratificata, spesso intensamente fratturata, talora presenza di livelli argillosi-sabbiosi.","2b","1","Troncone","26.000",528607.987,4566542.658,601
"505","L1","25.2","Calcarenite stratificata, spesso intensamente fratturata, talora presenza di livelli argillosi-sabbiosi.","2b","1","Troncone","26.000",528607.987,4566542.658,601
"506","L1","25.25","Calcarenite stratificata, spesso intensamente fratturata, talora presenza di livelli argillosi-sabbiosi.","2b","1","Troncone","26.000",528607.987,4566542.658,601
"507","L1","25.3","Calcarenite stratificata, spesso intensamente fratturata, talora presenza di livelli argillosi-sabbiosi.","2b","1","Troncone","26.000",528607.987,4566542.658,601
"508","L1","25.35","Calcarenite stratificata, spesso intensamente fratturata, talora presenza di livelli argillosi-sabbiosi.","2b","1","Troncone","26.000",528607.987,4566542.658,601
"509","L1","25.4","Calcarenite stratificata, spesso intensamente fratturata, talora presenza di livelli argillosi-sabbiosi.","2b","1","Troncone","26.000",528607.987,4566542.658,601
"510","L1","25.45","Calcarenite stratificata, spesso intensamente fratturata, talora presenza di livelli argillosi-sabbiosi.","2b","1","Troncone","26.000",528607.987,4566542.658,601
"511","L1","25.5","Calcarenite stratificata, spesso intensamente fratturata, talora presenza di livelli argillosi-sabbiosi.","2b","1","Troncone","26.000",528607.987,4566542.658,601
"512","L1","25.55","Marna argillosa grigio verdastra.","2b","1","Troncone","26.000",528607.987,4566542.658,601
"513","L1","25.6","Marna argillosa grigio verdastra.","2b","1","Troncone","26.000",528607.987,4566542.658,601
"514","L1","25.65","Marna argillosa grigio verdastra.","2b","1","Troncone","26.000",528607.987,4566542.658,601
"515","L1","25.7","Marna argillosa grigio verdastra.","2b","1","Troncone","26.000",528607.987,4566542.658,601
"516","L1","25.75","Marna argillosa grigio verdastra.","2b","1","Troncone","26.000",528607.987,4566542.658,601
"517","L1","25.8","Marna argillosa grigio verdastra.","2b","1","Troncone","26.000",528607.987,4566542.658,601
"518","L1","25.85","Marna argillosa grigio verdastra.","2b","1","Troncone","26.000",528607.987,4566542.658,601
"519","L1","25.9","Marna argillosa grigio verdastra.","2b","1","Troncone","26.000",528607.987,4566542.658,601
"520","L1","25.95","Marna argillosa grigio verdastra.","2b","1","Troncone","26.000",528607.987,4566542.658,601
"521","L1","26","Marna argillosa grigio verdastra.","2b","1","Troncone","26.000",528607.987,4566542.658,601
"522","L1","26","Marna argillosa grigio verdastra.","2b","0","Troncone","26.000",528607.987,4566542.658,601
"523","L1","26.05","Marna argillosa grigio verdastra.","2b","0","Troncone","26.000",528607.987,4566542.658,601
"524","L1","26.1","Marna argillosa grigio verdastra.","2b","0","Troncone","26.000",528607.987,4566542.658,601
"525","L1","26.15","Marna argillosa grigio verdastra.","2b","0","Troncone","26.000",528607.987,4566542.658,601
"526","L1","26.2","Marna argillosa grigio verdastra.","2b","0","Troncone","26.000",528607.987,4566542.658,601
"527","L1","26.25","Marna argillosa grigio verdastra.","2b","0","Troncone","26.000",528607.987,4566542.658,601
"528","L1","26.3","Marna argillosa grigio verdastra.","2b","0","Troncone","26.000",528607.987,4566542.658,601
"529","L1","26.35","Marna argillosa grigio verdastra.","2b","0","Troncone","26.000",528607.987,4566542.658,601
"530","L1","26.4","Marna argillosa grigio verdastra.","2b","0","Troncone","26.000",528607.987,4566542.658,601
"531","L1","26.45","Marna argillosa grigio verdastra.","2b","0","Troncone","26.000",528607.987,4566542.658,601
"532","L1","26.5","Marna argillosa grigio verdastra.","2b","0","Troncone","26.000",528607.987,4566542.658,601
"533","L1","26.55","Marna argillosa grigio verdastra.","2b","0","Troncone","26.000",528607.987,4566542.658,601
"534","L1","26.6","Marna argillosa grigio verdastra.","2b","0","Troncone","26.000",528607.987,4566542.658,601
"535","L1","26.65","Marna argillosa grigio verdastra.","2b","0","Troncone","26.000",528607.987,4566542.658,601
"536","L1","26.7","Marna argillosa grigio verdastra.","2b","0","Troncone","26.000",528607.987,4566542.658,601
"537","L1","26.75","Marna argillosa grigio verdastra.","2b","0","Troncone","26.000",528607.987,4566542.658,601
"538","L1","26.8","Marna argillosa grigio verdastra.","2b","0","Troncone","26.000",528607.987,4566542.658,601
"539","L1","26.85","Marna argillosa grigio verdastra.","2b","0","Troncone","26.000",528607.987,4566542.658,601
"540","L1","26.9","Marna argillosa grigio verdastra.","2b","0","Troncone","26.000",528607.987,4566542.658,601
"541","L1","26.95","Marna argillosa grigio verdastra.","2b","0","Troncone","26.000",528607.987,4566542.658,601
"542","L1","27","Marna argillosa grigio verdastra.","2b","0","Troncone","26.000",528607.987,4566542.658,601
"543","L1","27.05","Marna argillosa grigio verdastra.","2b","0","Troncone","26.000",528607.987,4566542.658,601
"544","L1","27.1","Marna argillosa grigio verdastra.","2b","0","Troncone","26.000",528607.987,4566542.658,601
"545","L1","27.15","Marna argillosa grigio verdastra.","2b","0","Troncone","26.000",528607.987,4566542.658,601
"546","L1","27.2","Marna argillosa grigio verdastra.","2b","0","Troncone","26.000",528607.987,4566542.658,601
"547","L1","27.25","Marna argillosa grigio verdastra.","2b","0","Troncone","26.000",528607.987,4566542.658,601
"548","L1","27.3","Marna argillosa grigio verdastra.","2b","0","Troncone","26.000",528607.987,4566542.658,601
"549","L1","27.35","Marna argillosa grigio verdastra.","2b","0","Troncone","26.000",528607.987,4566542.658,601
"550","L1","27.4","Marna argillosa grigio verdastra.","2b","0","Troncone","26.000",528607.987,4566542.658,601
"551","L1","27.45","Marna argillosa grigio verdastra.","2b","0","Troncone","26.000",528607.987,4566542.658,601
"552","L1","27.5","Marna argillosa grigio verdastra.","2b","0","Troncone","26.000",528607.987,4566542.658,601
"553","L1","27.55","Marna argillosa grigio verdastra.","2b","0","Troncone","26.000",528607.987,4566542.658,601
"554","L1","27.6","Marna argillosa grigio verdastra.","2b","0","Troncone","26.000",528607.987,4566542.658,601
"555","L1","27.65","Marna argillosa grigio verdastra.","2b","0","Troncone","26.000",528607.987,4566542.658,601
"556","L1","27.7","Marna argillosa grigio verdastra.","2b","0","Troncone","26.000",528607.987,4566542.658,601
"557","L1","27.75","Marna argillosa grigio verdastra.","2b","0","Troncone","26.000",528607.987,4566542.658,601
"558","L1","27.8","Marna argillosa grigio verdastra.","2b","0","Troncone","26.000",528607.987,4566542.658,601
"559","L1","27.85","Marna argillosa grigio verdastra.","2b","0","Troncone","26.000",528607.987,4566542.658,601
"560","L1","27.9","Marna argillosa grigio verdastra.","2b","0","Troncone","26.000",528607.987,4566542.658,601
"561","L1","27.95","Marna argillosa grigio verdastra.","2b","0","Troncone","26.000",528607.987,4566542.658,601
"562","L1","28","Marna argillosa grigio verdastra.","2b","0","Troncone","26.000",528607.987,4566542.658,601
"563","L1","28.05","Marna argillosa grigio verdastra.","2b","0","Troncone","26.000",528607.987,4566542.658,601
"564","L1","28.1","Marna argillosa grigio verdastra.","2b","0","Troncone","26.000",528607.987,4566542.658,601
"565","L1","28.15","Marna argillosa grigio verdastra.","2b","0","Troncone","26.000",528607.987,4566542.658,601
"566","L1","28.2","Marna argillosa grigio verdastra.","2b","0","Troncone","26.000",528607.987,4566542.658,601
"567","L1","28.25","Marna argillosa grigio verdastra.","2b","0","Troncone","26.000",528607.987,4566542.658,601
"568","L1","28.3","Marna argillosa grigio verdastra.","2b","0","Troncone","26.000",528607.987,4566542.658,601
"569","L1","28.35","Marna argillosa grigio verdastra.","2b","0","Troncone","26.000",528607.987,4566542.658,601
"570","L1","28.4","Marna argillosa grigio verdastra.","2b","0","Troncone","26.000",528607.987,4566542.658,601
"571","L1","28.45","Marna argillosa grigio verdastra.","2b","0","Troncone","26.000",528607.987,4566542.658,601
"572","L1","28.5","Marna argillosa grigio verdastra.","2b","0","Troncone","26.000",528607.987,4566542.658,601
"573","L1","28.55","Marna argillosa grigio verdastra.","2b","0","Troncone","26.000",528607.987,4566542.658,601
"574","L1","28.6","Marna argillosa grigio verdastra.","2b","0","Troncone","26.000",528607.987,4566542.658,601
"575","L1","28.65","Marna argillosa grigio verdastra.","2b","0","Troncone","26.000",528607.987,4566542.658,601
"576","L1","28.7","Marna argillosa grigio verdastra.","2b","0","Troncone","26.000",528607.987,4566542.658,601
"577","L1","28.75","Marna argillosa grigio verdastra.","2b","0","Troncone","26.000",528607.987,4566542.658,601
"578","L1","28.8","Marna argillosa grigio verdastra.","2b","0","Troncone","26.000",528607.987,4566542.658,601
"579","L1","28.85","Marna argillosa grigio verdastra.","2b","0","Troncone","26.000",528607.987,4566542.658,601
"580","L1","28.9","Marna argillosa grigio verdastra.","2b","0","Troncone","26.000",528607.987,4566542.658,601
"581","L1","28.95","Marna argillosa grigio verdastra.","2b","0","Troncone","26.000",528607.987,4566542.658,601
"582","L1","29","Marna argillosa grigio verdastra.","2b","0","Troncone","26.000",528607.987,4566542.658,601
"583","L1","29.05","Marna argillosa grigio verdastra.","2b","0","Troncone","26.000",528607.987,4566542.658,601
"584","L1","29.1","Marna argillosa grigio verdastra.","2b","0","Troncone","26.000",528607.987,4566542.658,601
"585","L1","29.15","Marna argillosa grigio verdastra.","2b","0","Troncone","26.000",528607.987,4566542.658,601
"586","L1","29.2","Marna argillosa grigio verdastra.","2b","0","Troncone","26.000",528607.987,4566542.658,601
"587","L1","29.25","Marna argillosa grigio verdastra.","2b","0","Troncone","26.000",528607.987,4566542.658,601
"588","L1","29.3","Marna argillosa grigio verdastra.","2b","0","Troncone","26.000",528607.987,4566542.658,601
"589","L1","29.35","Marna argillosa grigio verdastra.","2b","0","Troncone","26.000",528607.987,4566542.658,601
"590","L1","29.4","Marna argillosa grigio verdastra.","2b","0","Troncone","26.000",528607.987,4566542.658,601
"591","L1","29.45","Marna argillosa grigio verdastra.","2b","0","Troncone","26.000",528607.987,4566542.658,601
"592","L1","29.5","Marna argillosa grigio verdastra.","2b","0","Troncone","26.000",528607.987,4566542.658,601
"593","L1","29.55","Marna argillosa grigio verdastra.","2b","0","Troncone","26.000",528607.987,4566542.658,601
"594","L1","29.6","Marna argillosa grigio verdastra.","2b","0","Troncone","26.000",528607.987,4566542.658,601
"595","L1","29.65","Marna argillosa grigio verdastra.","2b","0","Troncone","26.000",528607.987,4566542.658,601
"596","L1","29.7","Marna argillosa grigio verdastra.","2b","0","Troncone","26.000",528607.987,4566542.658,601
"597","L1","29.75","Marna argillosa grigio verdastra.","2b","0","Troncone","26.000",528607.987,4566542.658,601
"598","L1","29.8","Marna argillosa grigio verdastra.","2b","0","Troncone","26.000",528607.987,4566542.658,601
"599","L1","29.85","Marna argillosa grigio verdastra.","2b","0","Troncone","26.000",528607.987,4566542.658,601
"600","L1","29.9","Marna argillosa grigio verdastra.","2b","0","Troncone","26.000",528607.987,4566542.658,601
"601","L1","29.95","Marna argillosa grigio verdastra.","2b","0","Troncone","26.000",528607.987,4566542.658,601
"602","L1","30","Marna argillosa grigio verdastra.","2b","0","Troncone","26.000",528607.987,4566542.658,601
"603","L1","30.05","Marna argillosa grigio verdastra.","2b","0","Troncone","26.000",528607.987,4566542.658,601
"604","L1","30.1","Marna argillosa grigio verdastra.","2b","0","Troncone","26.000",528607.987,4566542.658,601
"605","L1","30.15","Marna argillosa grigio verdastra.","2b","0","Troncone","26.000",528607.987,4566542.658,601
"606","L1","30.2","Marna argillosa grigio verdastra.","2b","0","Troncone","26.000",528607.987,4566542.658,601
"607","L1","30.25","Marna argillosa grigio verdastra.","2b","0","Troncone","26.000",528607.987,4566542.658,601
"608","L1","30.3","Marna argillosa grigio verdastra.","2b","0","Troncone","26.000",528607.987,4566542.658,601
"609","L1","30.35","Marna argillosa grigio verdastra.","2b","0","Troncone","26.000",528607.987,4566542.658,601
"610","L1","30.4","Marna argillosa grigio verdastra.","2b","0","Troncone","26.000",528607.987,4566542.658,601
"611","L1","30.45","Marna argillosa grigio verdastra.","2b","0","Troncone","26.000",528607.987,4566542.658,601
"612","L1","30.5","Marna argillosa grigio verdastra.","2b","0","Troncone","26.000",528607.987,4566542.658,601
"613","L1","30.55","Marna argillosa grigio verdastra.","2b","0","Troncone","26.000",528607.987,4566542.658,601
"614","L1","30.6","Marna argillosa grigio verdastra.","2b","0","Troncone","26.000",528607.987,4566542.658,601
"615","L1","30.65","Marna argillosa grigio verdastra.","2b","0","Troncone","26.000",528607.987,4566542.658,601
"616","L1","30.7","Marna argillosa grigio verdastra.","2b","0","Troncone","26.000",528607.987,4566542.658,601
"617","L1","30.75","Marna argillosa grigio verdastra.","2b","0","Troncone","26.000",528607.987,4566542.658,601
"618","L1","30.8","Marna argillosa grigio verdastra.","2b","0","Troncone","26.000",528607.987,4566542.658,601
"619","L1","30.85","Marna argillosa grigio verdastra.","2b","0","Troncone","26.000",528607.987,4566542.658,601
"620","L1","30.9","Marna argillosa grigio verdastra.","2b","0","Troncone","26.000",528607.987,4566542.658,601
"621","L1","30.95","Marna argillosa grigio verdastra.","2b","0","Troncone","26.000",528607.987,4566542.658,601
"622","L1","31","Marna argillosa grigio verdastra.","2b","0","Troncone","26.000",528607.987,4566542.658,601
"623","L1","31.05","Marna argillosa grigio verdastra.","2b","0","Troncone","26.000",528607.987,4566542.658,601
"624","L1","31.1","Marna argillosa grigio verdastra.","2b","0","Troncone","26.000",528607.987,4566542.658,601
"625","L1","31.15","Marna argillosa grigio verdastra.","2b","0","Troncone","26.000",528607.987,4566542.658,601
"626","L1","31.2","Marna argillosa grigio verdastra.","2b","0","Troncone","26.000",528607.987,4566542.658,601
"627","L1","31.25","Marna argillosa grigio verdastra.","2b","0","Troncone","26.000",528607.987,4566542.658,601
"628","L1","31.3","Marna argillosa grigio verdastra.","2b","0","Troncone","26.000",528607.987,4566542.658,601
"629","L1","31.35","Marna argillosa grigio verdastra.","2b","0","Troncone","26.000",528607.987,4566542.658,601
"630","L1","31.4","Marna argillosa grigio verdastra.","2b","0","Troncone","26.000",528607.987,4566542.658,601
"631","L1","31.45","Marna argillosa grigio verdastra.","2b","0","Troncone","26.000",528607.987,4566542.658,601
"632","L1","31.5","Marna argillosa grigio verdastra.","2b","0","Troncone","26.000",528607.987,4566542.658,601
"633","L1","31.55","Marna argillosa grigio verdastra.","2b","0","Troncone","26.000",528607.987,4566542.658,601
"634","L1","31.6","Marna argillosa grigio verdastra.","2b","0","Troncone","26.000",528607.987,4566542.658,601
"635","L1","31.65","Marna argillosa grigio verdastra.","2b","0","Troncone","26.000",528607.987,4566542.658,601
"636","L1","31.7","Marna argillosa grigio verdastra.","2b","0","Troncone","26.000",528607.987,4566542.658,601
"637","L1","31.75","Marna argillosa grigio verdastra.","2b","0","Troncone","26.000",528607.987,4566542.658,601
"638","L1","31.8","Marna argillosa grigio verdastra.","2b","0","Troncone","26.000",528607.987,4566542.658,601
"639","L1","31.85","Marna argillosa grigio verdastra.","2b","0","Troncone","26.000",528607.987,4566542.658,601
"640","L1","31.9","Marna argillosa grigio verdastra.","2b","0","Troncone","26.000",528607.987,4566542.658,601
"641","L1","31.95","Marna argillosa grigio verdastra.","2b","0","Troncone","26.000",528607.987,4566542.658,601
"642","L1","32","Marna argillosa grigio verdastra.","2b","0","Troncone","26.000",528607.987,4566542.658,601
"643","L1","32.05","Marna argillosa grigio verdastra.","2b","0","Troncone","26.000",528607.987,4566542.658,601
"644","L1","32.1","Marna argillosa grigio verdastra.","2b","0","Troncone","26.000",528607.987,4566542.658,601
"645","L1","32.15","Marna argillosa grigio verdastra.","2b","0","Troncone","26.000",528607.987,4566542.658,601
"646","L1","32.2","Marna argillosa grigio verdastra.","2b","0","Troncone","26.000",528607.987,4566542.658,601
"647","L1","32.25","Marna argillosa grigio verdastra.","2b","0","Troncone","26.000",528607.987,4566542.658,601
"648","L1","32.3","Marna argillosa grigio verdastra.","2b","0","Troncone","26.000",528607.987,4566542.658,601
"649","L1","32.35","Marna argillosa grigio verdastra.","2b","0","Troncone","26.000",528607.987,4566542.658,601
"650","L1","32.4","Marna argillosa grigio verdastra.","2b","0","Troncone","26.000",528607.987,4566542.658,601
"651","L1","32.45","Marna argillosa grigio verdastra.","2b","0","Troncone","26.000",528607.987,4566542.658,601
"652","L1","32.5","Marna argillosa grigio verdastra.","2b","0","Troncone","26.000",528607.987,4566542.658,601
"653","L1","32.55","Marna argillosa grigio verdastra.","2b","0","Troncone","26.000",528607.987,4566542.658,601
"654","L1","32.6","Marna argillosa grigio verdastra.","2b","0","Troncone","26.000",528607.987,4566542.658,601
"655","L1","32.65","Marna argillosa grigio verdastra.","2b","0","Troncone","26.000",528607.987,4566542.658,601
"656","L1","32.7","Marna argillosa grigio verdastra.","2b","0","Troncone","26.000",528607.987,4566542.658,601
"657","L1","32.75","Marna argillosa grigio verdastra.","2b","0","Troncone","26.000",528607.987,4566542.658,601
"658","L1","32.8","Marna argillosa grigio verdastra.","2b","0","Troncone","26.000",528607.987,4566542.658,601
"659","L1","32.85","Marna argillosa grigio verdastra.","2b","0","Troncone","26.000",528607.987,4566542.658,601
"660","L1","32.9","Marna argillosa grigio verdastra.","2b","0","Troncone","26.000",528607.987,4566542.658,601
"661","L1","32.95","Marna argillosa grigio verdastra.","2b","0","Troncone","26.000",528607.987,4566542.658,601
"662","L1","33","Marna argillosa grigio verdastra.","2b","0","Troncone","26.000",528607.987,4566542.658,601
"663","L1","33.05","Marna argillosa grigio verdastra.","2b","0","Troncone","26.000",528607.987,4566542.658,601
"664","L1","33.1","Marna argillosa grigio verdastra.","2b","0","Troncone","26.000",528607.987,4566542.658,601
"665","L1","33.15","Marna argillosa grigio verdastra.","2b","0","Troncone","26.000",528607.987,4566542.658,601
"666","L1","33.2","Marna argillosa grigio verdastra.","2b","0","Troncone","26.000",528607.987,4566542.658,601
"667","L1","33.25","Marna argillosa grigio verdastra.","2b","0","Troncone","26.000",528607.987,4566542.658,601
"668","L1","33.3","Marna argillosa grigio verdastra.","2b","0","Troncone","26.000",528607.987,4566542.658,601
"669","L1","33.35","Marna argillosa grigio verdastra.","2b","0","Troncone","26.000",528607.987,4566542.658,601
"670","L1","33.4","Marna argillosa grigio verdastra.","2b","0","Troncone","26.000",528607.987,4566542.658,601
"671","L1","33.45","Marna argillosa grigio verdastra.","2b","0","Troncone","26.000",528607.987,4566542.658,601
"672","L1","33.5","Marna argillosa grigio verdastra.","2b","0","Troncone","26.000",528607.987,4566542.658,601
"673","L1","33.55","Marna argillosa grigio verdastra.","2b","0","Troncone","26.000",528607.987,4566542.658,601
"674","L1","33.6","Marna argillosa grigio verdastra.","2b","0","Troncone","26.000",528607.987,4566542.658,601
"675","L1","33.65","Marna argillosa grigio verdastra.","2b","0","Troncone","26.000",528607.987,4566542.658,601
"676","L1","33.7","Marna argillosa grigio verdastra.","2b","0","Troncone","26.000",528607.987,4566542.658,601
"677","L1","33.75","Marna argillosa grigio verdastra.","2b","0","Troncone","26.000",528607.987,4566542.658,601
"678","L1","33.8","Marna argillosa grigio verdastra.","2b","0","Troncone","26.000",528607.987,4566542.658,601
"679","L1","33.85","Marna argillosa grigio verdastra.","2b","0","Troncone","26.000",528607.987,4566542.658,601
"680","L1","33.9","Marna argillosa grigio verdastra.","2b","0","Troncone","26.000",528607.987,4566542.658,601
"681","L1","33.95","Marna argillosa grigio verdastra.","2b","0","Troncone","26.000",528607.987,4566542.658,601
"682","L1","34","Marna argillosa grigio verdastra.","2b","0","Troncone","26.000",528607.987,4566542.658,601
"683","L1","34.05","Marna argillosa grigio verdastra.","2b","0","Troncone","26.000",528607.987,4566542.658,601
"684","L1","34.1","Marna argillosa grigio verdastra.","2b","0","Troncone","26.000",528607.987,4566542.658,601
"685","L1","34.15","Marna argillosa grigio verdastra.","2b","0","Troncone","26.000",528607.987,4566542.658,601
"686","L1","34.2","Marna argillosa grigio verdastra.","2b","0","Troncone","26.000",528607.987,4566542.658,601
"687","L1","34.25","Marna argillosa grigio verdastra.","2b","0","Troncone","26.000",528607.987,4566542.658,601
"688","L1","34.3","Marna argillosa grigio verdastra.","2b","0","Troncone","26.000",528607.987,4566542.658,601
"689","L1","34.35","Marna argillosa grigio verdastra.","2b","0","Troncone","26.000",528607.987,4566542.658,601
"690","L1","34.4","Marna argillosa grigio verdastra.","2b","0","Troncone","26.000",528607.987,4566542.658,601
"691","L1","34.45","Marna argillosa grigio verdastra.","2b","0","Troncone","26.000",528607.987,4566542.658,601
"692","L1","34.5","Marna argillosa grigio verdastra.","2b","0","Troncone","26.000",528607.987,4566542.658,601
"693","L1","34.55","Marna argillosa grigio verdastra.","2b","0","Troncone","26.000",528607.987,4566542.658,601
"694","L1","34.6","Marna argillosa grigio verdastra.","2b","0","Troncone","26.000",528607.987,4566542.658,601
"695","L1","34.65","Marna argillosa grigio verdastra.","2b","0","Troncone","26.000",528607.987,4566542.658,601
"696","L1","34.7","Marna argillosa grigio verdastra.","2b","0","Troncone","26.000",528607.987,4566542.658,601
"697","L1","34.75","Marna argillosa grigio verdastra.","2b","0","Troncone","26.000",528607.987,4566542.658,601
"698","L1","34.8","Marna argillosa grigio verdastra.","2b","0","Troncone","26.000",528607.987,4566542.658,601
"699","L1","34.85","Marna argillosa grigio verdastra.","2b","0","Troncone","26.000",528607.987,4566542.658,601
"700","L1","34.9","Marna argillosa grigio verdastra.","2b","0","Troncone","26.000",528607.987,4566542.658,601
"701","L1","34.95","Marna argillosa grigio verdastra.","2b","0","Troncone","26.000",528607.987,4566542.658,601
"702","L1","35","Marna argillosa grigio verdastra.","2b","0","Troncone","26.000",528607.987,4566542.658,601
"703","L1","35.05","Marna argillosa grigio verdastra.","2b","0","Troncone","26.000",528607.987,4566542.658,601
"704","L1","35.1","Marna argillosa grigio verdastra.","2b","0","Troncone","26.000",528607.987,4566542.658,601
"705","L1","35.15","Marna argillosa grigio verdastra.","2b","0","Troncone","26.000",528607.987,4566542.658,601
"706","L1","35.2","Marna argillosa grigio verdastra.","2b","0","Troncone","26.000",528607.987,4566542.658,601
"707","L1","35.25","Marna argillosa grigio verdastra.","2b","0","Troncone","26.000",528607.987,4566542.658,601
"708","L1","35.3","Marna argillosa grigio verdastra.","2b","0","Troncone","26.000",528607.987,4566542.658,601
"709","L1","35.35","Marna argillosa grigio verdastra.","2b","0","Troncone","26.000",528607.987,4566542.658,601
"710","L1","35.4","Marna argillosa grigio verdastra.","2b","0","Troncone","26.000",528607.987,4566542.658,601
"711","L1","35.45","Marna argillosa grigio verdastra.","2b","0","Troncone","26.000",528607.987,4566542.658,601
"712","L1","35.5","Marna argillosa grigio verdastra.","2b","0","Troncone","26.000",528607.987,4566542.658,601
"713","L1","35.55","Marna argillosa grigio verdastra.","2b","0","Troncone","26.000",528607.987,4566542.658,601
"714","L1","35.6","Marna argillosa grigio verdastra.","2b","0","Troncone","26.000",528607.987,4566542.658,601
"715","L1","35.65","Marna argillosa grigio verdastra.","2b","0","Troncone","26.000",528607.987,4566542.658,601
"716","L1","35.7","Marna argillosa grigio verdastra.","2b","0","Troncone","26.000",528607.987,4566542.658,601
"717","L1","35.75","Marna argillosa grigio verdastra.","2b","0","Troncone","26.000",528607.987,4566542.658,601
"718","L1","35.8","Marna argillosa grigio verdastra.","2b","0","Troncone","26.000",528607.987,4566542.658,601
"719","L1","35.85","Marna argillosa grigio verdastra.","2b","0","Troncone","26.000",528607.987,4566542.658,601
"720","L1","35.9","Marna argillosa grigio verdastra.","2b","0","Troncone","26.000",528607.987,4566542.658,601
"721","L1","35.95","Marna argillosa grigio verdastra.","2b","0","Troncone","26.000",528607.987,4566542.658,601
"722","L1","36","Marna argillosa grigio verdastra.","2b","0","Troncone","26.000",528607.987,4566542.658,601
"723","L1","36.05","Marna argillosa grigio verdastra.","2b","0","Troncone","26.000",528607.987,4566542.658,601
"724","L1","36.1","Marna argillosa grigio verdastra.","2b","0","Troncone","26.000",528607.987,4566542.658,601
"725","L1","36.15","Marna argillosa grigio verdastra.","2b","0","Troncone","26.000",528607.987,4566542.658,601
"726","L1","36.2","Marna argillosa grigio verdastra.","2b","0","Troncone","26.000",528607.987,4566542.658,601
"727","L1","36.25","Marna argillosa grigio verdastra.","2b","0","Troncone","26.000",528607.987,4566542.658,601
"728","L1","36.3","Marna argillosa grigio verdastra.","2b","0","Troncone","26.000",528607.987,4566542.658,601
"729","L1","36.35","Marna argillosa grigio verdastra.","2b","0","Troncone","26.000",528607.987,4566542.658,601
"730","L1","36.4","Marna argillosa grigio verdastra.","2b","0","Troncone","26.000",528607.987,4566542.658,601
"731","L1","36.45","Marna argillosa grigio verdastra.","2b","0","Troncone","26.000",528607.987,4566542.658,601
"732","L1","36.5","Marna argillosa grigio verdastra.","2b","0","Troncone","26.000",528607.987,4566542.658,601
"733","L1","36.55","Marna argillosa grigio verdastra.","2b","0","Troncone","26.000",528607.987,4566542.658,601
"734","L1","36.6","Marna argillosa grigio verdastra.","2b","0","Troncone","26.000",528607.987,4566542.658,601
"735","L1","36.65","Marna argillosa grigio verdastra.","2b","0","Troncone","26.000",528607.987,4566542.658,601
"736","L1","36.7","Marna argillosa grigio verdastra.","2b","0","Troncone","26.000",528607.987,4566542.658,601
"737","L1","36.75","Marna argillosa grigio verdastra.","2b","0","Troncone","26.000",528607.987,4566542.658,601
"738","L1","36.8","Marna argillosa grigio verdastra.","2b","0","Troncone","26.000",528607.987,4566542.658,601
"739","L1","36.85","Marna argillosa grigio verdastra.","2b","0","Troncone","26.000",528607.987,4566542.658,601
"740","L1","36.9","Marna argillosa grigio verdastra.","2b","0","Troncone","26.000",528607.987,4566542.658,601
"741","L1","36.95","Marna argillosa grigio verdastra.","2b","0","Troncone","26.000",528607.987,4566542.658,601
"742","L1","37","Marna argillosa grigio verdastra.","2b","0","Troncone","26.000",528607.987,4566542.658,601
"743","L1","37.05","Marna argillosa grigio verdastra.","2b","0","Troncone","26.000",528607.987,4566542.658,601
"744","L1","37.1","Marna argillosa grigio verdastra.","2b","0","Troncone","26.000",528607.987,4566542.658,601
"745","L1","37.15","Marna argillosa grigio verdastra.","2b","0","Troncone","26.000",528607.987,4566542.658,601
"746","L1","37.2","Marna argillosa grigio verdastra.","2b","0","Troncone","26.000",528607.987,4566542.658,601
"747","L1","37.25","Marna argillosa grigio verdastra.","2b","0","Troncone","26.000",528607.987,4566542.658,601
"748","L1","37.3","Marna argillosa grigio verdastra.","2b","0","Troncone","26.000",528607.987,4566542.658,601
"749","L1","37.35","Marna argillosa grigio verdastra.","2b","0","Troncone","26.000",528607.987,4566542.658,601
"750","L1","37.4","Marna argillosa grigio verdastra.","2b","0","Troncone","26.000",528607.987,4566542.658,601
"751","L1","37.45","Marna argillosa grigio verdastra.","2b","0","Troncone","26.000",528607.987,4566542.658,601
"752","L1","37.5","Marna argillosa grigio verdastra.","2b","0","Troncone","26.000",528607.987,4566542.658,601
"753","L1","37.55","Marna argillosa grigio verdastra.","2b","0","Troncone","26.000",528607.987,4566542.658,601
"754","L1","37.6","Marna argillosa grigio verdastra.","2b","0","Troncone","26.000",528607.987,4566542.658,601
"755","L1","37.65","Marna argillosa grigio verdastra.","2b","0","Troncone","26.000",528607.987,4566542.658,601
"756","L1","37.7","Marna argillosa grigio verdastra.","2b","0","Troncone","26.000",528607.987,4566542.658,601
"757","L1","37.75","Marna argillosa grigio verdastra.","2b","0","Troncone","26.000",528607.987,4566542.658,601
"758","L1","37.8","Marna argillosa grigio verdastra.","2b","0","Troncone","26.000",528607.987,4566542.658,601
"759","L1","37.85","Marna argillosa grigio verdastra.","2b","0","Troncone","26.000",528607.987,4566542.658,601
"760","L1","37.9","Marna argillosa grigio verdastra.","2b","0","Troncone","26.000",528607.987,4566542.658,601
"761","L1","37.95","Marna argillosa grigio verdastra.","2b","0","Troncone","26.000",528607.987,4566542.658,601
"762","L1","38","Marna argillosa grigio verdastra.","2b","0","Troncone","26.000",528607.987,4566542.658,601
"763","L1","38.05","Marna argillosa grigio verdastra.","2b","0","Troncone","26.000",528607.987,4566542.658,601
"764","L1","38.1","Marna argillosa grigio verdastra.","2b","0","Troncone","26.000",528607.987,4566542.658,601
"765","L1","38.15","Marna argillosa grigio verdastra.","2b","0","Troncone","26.000",528607.987,4566542.658,601
"766","L1","38.2","Marna argillosa grigio verdastra.","2b","0","Troncone","26.000",528607.987,4566542.658,601
"767","L1","38.25","Marna argillosa grigio verdastra.","2b","0","Troncone","26.000",528607.987,4566542.658,601
"768","L1","38.3","Marna argillosa grigio verdastra.","2b","0","Troncone","26.000",528607.987,4566542.658,601
"769","L1","38.35","Marna argillosa grigio verdastra.","2b","0","Troncone","26.000",528607.987,4566542.658,601
"770","L1","38.4","Marna argillosa grigio verdastra.","2b","0","Troncone","26.000",528607.987,4566542.658,601
"771","L1","38.45","Marna argillosa grigio verdastra.","2b","0","Troncone","26.000",528607.987,4566542.658,601
"772","L1","38.5","Marna argillosa grigio verdastra.","2b","0","Troncone","26.000",528607.987,4566542.658,601
"773","L1","38.55","Marna argillosa grigio verdastra.","2b","0","Troncone","26.000",528607.987,4566542.658,601
"774","L1","38.6","Marna argillosa grigio verdastra.","2b","0","Troncone","26.000",528607.987,4566542.658,601
"775","L1","38.65","Marna argillosa grigio verdastra.","2b","0","Troncone","26.000",528607.987,4566542.658,601
"776","L1","38.7","Marna argillosa grigio verdastra.","2b","0","Troncone","26.000",528607.987,4566542.658,601
"777","L1","38.75","Marna argillosa grigio verdastra.","2b","0","Troncone","26.000",528607.987,4566542.658,601
"778","L1","38.8","Marna argillosa grigio verdastra.","2b","0","Troncone","26.000",528607.987,4566542.658,601
"779","L1","38.85","Marna argillosa grigio verdastra.","2b","0","Troncone","26.000",528607.987,4566542.658,601
"780","L1","38.9","Marna argillosa grigio verdastra.","2b","0","Troncone","26.000",528607.987,4566542.658,601
"781","L1","38.95","Marna argillosa grigio verdastra.","2b","0","Troncone","26.000",528607.987,4566542.658,601
"782","L1","39","Marna argillosa grigio verdastra.","2b","0","Troncone","26.000",528607.987,4566542.658,601
"783","L1","39.05","Marna argillosa grigio verdastra.","2b","0","Troncone","26.000",528607.987,4566542.658,601
"784","L1","39.1","Marna argillosa grigio verdastra.","2b","0","Troncone","26.000",528607.987,4566542.658,601
"785","L1","39.15","Marna argillosa grigio verdastra.","2b","0","Troncone","26.000",528607.987,4566542.658,601
"786","L1","39.2","Marna argillosa grigio verdastra.","2b","0","Troncone","26.000",528607.987,4566542.658,601
"787","L1","39.25","Marna argillosa grigio verdastra.","2b","0","Troncone","26.000",528607.987,4566542.658,601
"788","L1","39.3","Marna argillosa grigio verdastra.","2b","0","Troncone","26.000",528607.987,4566542.658,601
"789","L1","39.35","Marna argillosa grigio verdastra.","2b","0","Troncone","26.000",528607.987,4566542.658,601
"790","L1","39.4","Marna argillosa grigio verdastra.","2b","0","Troncone","26.000",528607.987,4566542.658,601
"791","L1","39.45","Marna argillosa grigio verdastra.","2b","0","Troncone","26.000",528607.987,4566542.658,601
"792","L1","39.5","Marna argillosa grigio verdastra.","2b","0","Troncone","26.000",528607.987,4566542.658,601
"793","L1","39.55","Marna argillosa grigio verdastra.","2b","0","Troncone","26.000",528607.987,4566542.658,601
"794","L1","39.6","Marna argillosa grigio verdastra.","2b","0","Troncone","26.000",528607.987,4566542.658,601
"795","L1","39.65","Marna argillosa grigio verdastra.","2b","0","Troncone","26.000",528607.987,4566542.658,601
"796","L1","39.7","Marna argillosa grigio verdastra.","2b","0","Troncone","26.000",528607.987,4566542.658,601
"797","L1","39.75","Marna argillosa grigio verdastra.","2b","0","Troncone","26.000",528607.987,4566542.658,601
"798","L1","39.8","Marna argillosa grigio verdastra.","2b","0","Troncone","26.000",528607.987,4566542.658,601
"799","L1","39.85","Marna argillosa grigio verdastra.","2b","0","Troncone","26.000",528607.987,4566542.658,601
"800","L1","39.9","Marna argillosa grigio verdastra.","2b","0","Troncone","26.000",528607.987,4566542.658,601
"801","L1","39.95","Marna argillosa grigio verdastra.","2b","0","Troncone","26.000",528607.987,4566542.658,601
"802","L1","40","Marna argillosa grigio verdastra.","2b","0","Troncone","26.000",528607.987,4566542.658,601
"803","L1","40.05","Marna argillosa grigio verdastra.","2b","0","Troncone","26.000",528607.987,4566542.658,601
"804","L1","40.1","Marna argillosa grigio verdastra.","2b","0","Troncone","26.000",528607.987,4566542.658,601
"805","L1","40.15","Marna argillosa grigio verdastra.","2b","0","Troncone","26.000",528607.987,4566542.658,601
"806","L1","40.2","Marna argillosa grigio verdastra.","2b","0","Troncone","26.000",528607.987,4566542.658,601
"807","L1","40.25","Marna argillosa grigio verdastra.","2b","0","Troncone","26.000",528607.987,4566542.658,601
"808","L1","40.3","Marna argillosa grigio verdastra.","2b","0","Troncone","26.000",528607.987,4566542.658,601
"809","L1","40.35","Marna argillosa grigio verdastra.","2b","0","Troncone","26.000",528607.987,4566542.658,601
"810","L1","40.4","Marna argillosa grigio verdastra.","2b","0","Troncone","26.000",528607.987,4566542.658,601
"811","L1","40.45","Marna argillosa grigio verdastra.","2b","0","Troncone","26.000",528607.987,4566542.658,601
"812","L1","40.5","Marna argillosa grigio verdastra.","2b","0","Troncone","26.000",528607.987,4566542.658,601
"813","L1","40.55","Marna argillosa grigio verdastra.","2b","0","Troncone","26.000",528607.987,4566542.658,601
"814","L1","40.6","Marna argillosa grigio verdastra.","2b","0","Troncone","26.000",528607.987,4566542.658,601
"815","L1","40.65","Marna argillosa grigio verdastra.","2b","0","Troncone","26.000",528607.987,4566542.658,601
"816","L1","40.7","Marna argillosa grigio verdastra.","2b","0","Troncone","26.000",528607.987,4566542.658,601
"817","L1","40.75","Marna argillosa grigio verdastra.","2b","0","Troncone","26.000",528607.987,4566542.658,601
"818","L1","40.8","Marna argillosa grigio verdastra.","2b","0","Troncone","26.000",528607.987,4566542.658,601
"819","L1","40.85","Marna argillosa grigio verdastra.","2b","0","Troncone","26.000",528607.987,4566542.658,601
"820","L1","40.9","Marna argillosa grigio verdastra.","2b","0","Troncone","26.000",528607.987,4566542.658,601
"821","L1","40.95","Marna argillosa grigio verdastra.","2b","0","Troncone","26.000",528607.987,4566542.658,601
"822","L1","41","Marna argillosa grigio verdastra.","2b","0","Troncone","26.000",528607.987,4566542.658,601
"823","L1","41.05","Marna argillosa grigio verdastra.","2b","0","Troncone","26.000",528607.987,4566542.658,601
"824","L1","41.1","Marna argillosa grigio verdastra.","2b","0","Troncone","26.000",528607.987,4566542.658,601
"825","L1","41.15","Marna argillosa grigio verdastra.","2b","0","Troncone","26.000",528607.987,4566542.658,601
"826","L1","41.2","Marna argillosa grigio verdastra.","2b","0","Troncone","26.000",528607.987,4566542.658,601
"827","L1","41.25","Marna argillosa grigio verdastra.","2b","0","Troncone","26.000",528607.987,4566542.658,601
"828","L1","41.3","Marna argillosa grigio verdastra.","2b","0","Troncone","26.000",528607.987,4566542.658,601
"829","L1","41.35","Marna argillosa grigio verdastra.","2b","0","Troncone","26.000",528607.987,4566542.658,601
"830","L1","41.4","Marna argillosa grigio verdastra.","2b","0","Troncone","26.000",528607.987,4566542.658,601
"831","L1","41.45","Marna argillosa grigio verdastra.","2b","0","Troncone","26.000",528607.987,4566542.658,601
"832","L1","41.5","Marna argillosa grigio verdastra.","2b","0","Troncone","26.000",528607.987,4566542.658,601
"833","L1","41.55","Marna argillosa grigio verdastra.","2b","0","Troncone","26.000",528607.987,4566542.658,601
"834","L1","41.6","Marna argillosa grigio verdastra.","2b","0","Troncone","26.000",528607.987,4566542.658,601
"835","L1","41.65","Marna argillosa grigio verdastra.","2b","0","Troncone","26.000",528607.987,4566542.658,601
"836","L1","41.7","Marna argillosa grigio verdastra.","2b","0","Troncone","26.000",528607.987,4566542.658,601
"837","L1","41.75","Marna argillosa grigio verdastra.","2b","0","Troncone","26.000",528607.987,4566542.658,601
"838","L1","41.8","Marna argillosa grigio verdastra.","2b","0","Troncone","26.000",528607.987,4566542.658,601
"839","L1","41.85","Marna argillosa grigio verdastra.","2b","0","Troncone","26.000",528607.987,4566542.658,601
"840","L1","41.9","Marna argillosa grigio verdastra.","2b","0","Troncone","26.000",528607.987,4566542.658,601
"841","L1","41.95","Marna argillosa grigio verdastra.","2b","0","Troncone","26.000",528607.987,4566542.658,601
"842","L1","42","Marna argillosa grigio verdastra.","2b","0","Troncone","26.000",528607.987,4566542.658,601
"843","L1","42.05","Marna argillosa grigio verdastra.","2b","0","Troncone","26.000",528607.987,4566542.658,601
"844","L1","42.1","Marna argillosa grigio verdastra.","2b","0","Troncone","26.000",528607.987,4566542.658,601
"845","L1","42.15","Marna argillosa grigio verdastra.","2b","0","Troncone","26.000",528607.987,4566542.658,601
"846","L1","42.2","Marna argillosa grigio verdastra.","2b","0","Troncone","26.000",528607.987,4566542.658,601
"847","L1","42.25","Marna argillosa grigio verdastra.","2b","0","Troncone","26.000",528607.987,4566542.658,601
"848","L1","42.3","Marna argillosa grigio verdastra.","2b","0","Troncone","26.000",528607.987,4566542.658,601
"849","L1","42.35","Marna argillosa grigio verdastra.","2b","0","Troncone","26.000",528607.987,4566542.658,601
"850","L1","42.4","Marna argillosa grigio verdastra.","2b","0","Troncone","26.000",528607.987,4566542.658,601
"851","L1","42.45","Marna argillosa grigio verdastra.","2b","0","Troncone","26.000",528607.987,4566542.658,601
"852","L1","42.5","Marna argillosa grigio verdastra.","2b","0","Troncone","26.000",528607.987,4566542.658,601
"853","L1","42.55","Marna argillosa grigio verdastra.","2b","0","Troncone","26.000",528607.987,4566542.658,601
"854","L1","42.6","Marna argillosa grigio verdastra.","2b","0","Troncone","26.000",528607.987,4566542.658,601
"855","L1","42.65","Marna argillosa grigio verdastra.","2b","0","Troncone","26.000",528607.987,4566542.658,601
"856","L1","42.7","Marna argillosa grigio verdastra.","2b","0","Troncone","26.000",528607.987,4566542.658,601
"857","L1","42.75","Marna argillosa grigio verdastra.","2b","0","Troncone","26.000",528607.987,4566542.658,601
"858","L1","42.8","Marna argillosa grigio verdastra.","2b","0","Troncone","26.000",528607.987,4566542.658,601
"859","L1","42.85","Marna argillosa grigio verdastra.","2b","0","Troncone","26.000",528607.987,4566542.658,601
"860","L1","42.9","Marna argillosa grigio verdastra.","2b","0","Troncone","26.000",528607.987,4566542.658,601
"861","L1","42.95","Marna argillosa grigio verdastra.","2b","0","Troncone","26.000",528607.987,4566542.658,601
"862","L1","43","Marna argillosa grigio verdastra.","2b","0","Troncone","26.000",528607.987,4566542.658,601
"863","L1","43.05","Marna argillosa grigio verdastra.","2b","0","Troncone","26.000",528607.987,4566542.658,601
"864","L1","43.1","Marna argillosa grigio verdastra.","2b","0","Troncone","26.000",528607.987,4566542.658,601
"865","L1","43.15","Marna argillosa grigio verdastra.","2b","0","Troncone","26.000",528607.987,4566542.658,601
"866","L1","43.2","Marna argillosa grigio verdastra.","2b","0","Troncone","26.000",528607.987,4566542.658,601
"867","L1","43.25","Marna argillosa grigio verdastra.","2b","0","Troncone","26.000",528607.987,4566542.658,601
"868","L1","43.3","Marna argillosa grigio verdastra.","2b","0","Troncone","26.000",528607.987,4566542.658,601
"869","L1","43.35","Marna argillosa grigio verdastra.","2b","0","Troncone","26.000",528607.987,4566542.658,601
"870","L1","43.4","Marna argillosa grigio verdastra.","2b","0","Troncone","26.000",528607.987,4566542.658,601
"871","L1","43.45","Marna argillosa grigio verdastra.","2b","0","Troncone","26.000",528607.987,4566542.658,601
"872","L1","43.5","Marna argillosa grigio verdastra.","2b","0","Troncone","26.000",528607.987,4566542.658,601
"873","L1","43.55","Marna argillosa grigio verdastra.","2b","0","Troncone","26.000",528607.987,4566542.658,601
"874","L1","43.6","Marna argillosa grigio verdastra.","2b","0","Troncone","26.000",528607.987,4566542.658,601
"875","L1","43.65","Marna argillosa grigio verdastra.","2b","0","Troncone","26.000",528607.987,4566542.658,601
"876","L1","43.7","Marna argillosa grigio verdastra.","2b","0","Troncone","26.000",528607.987,4566542.658,601
"877","L1","43.75","Marna argillosa grigio verdastra.","2b","0","Troncone","26.000",528607.987,4566542.658,601
"878","L1","43.8","Marna argillosa grigio verdastra.","2b","0","Troncone","26.000",528607.987,4566542.658,601
"879","L1","43.85","Marna argillosa grigio verdastra.","2b","0","Troncone","26.000",528607.987,4566542.658,601
"880","L1","43.9","Marna argillosa grigio verdastra.","2b","0","Troncone","26.000",528607.987,4566542.658,601
"881","L1","43.95","Marna argillosa grigio verdastra.","2b","0","Troncone","26.000",528607.987,4566542.658,601
"882","L1","44","Marna argillosa grigio verdastra.","2b","0","Troncone","26.000",528607.987,4566542.658,601
"883","L1","44.05","Marna argillosa grigio verdastra.","2b","0","Troncone","26.000",528607.987,4566542.658,601
"884","L1","44.1","Marna argillosa grigio verdastra.","2b","0","Troncone","26.000",528607.987,4566542.658,601
"885","L1","44.15","Marna argillosa grigio verdastra.","2b","0","Troncone","26.000",528607.987,4566542.658,601
"886","L1","44.2","Marna argillosa grigio verdastra.","2b","0","Troncone","26.000",528607.987,4566542.658,601
"887","L1","44.25","Marna argillosa grigio verdastra.","2b","0","Troncone","26.000",528607.987,4566542.658,601
"888","L1","44.3","Marna argillosa grigio verdastra.","2b","0","Troncone","26.000",528607.987,4566542.658,601
"889","L1","44.35","Marna argillosa grigio verdastra.","2b","0","Troncone","26.000",528607.987,4566542.658,601
"890","L1","44.4","Marna argillosa grigio verdastra.","2b","0","Troncone","26.000",528607.987,4566542.658,601
"891","L1","44.45","Marna argillosa grigio verdastra.","2b","0","Troncone","26.000",528607.987,4566542.658,601
"892","L1","44.5","Marna argillosa grigio verdastra.","2b","0","Troncone","26.000",528607.987,4566542.658,601
"893","L1","44.55","Marna argillosa grigio verdastra.","2b","0","Troncone","26.000",528607.987,4566542.658,601
"894","L1","44.6","Marna argillosa grigio verdastra.","2b","0","Troncone","26.000",528607.987,4566542.658,601
"895","L1","44.65","Marna argillosa grigio verdastra.","2b","0","Troncone","26.000",528607.987,4566542.658,601
"896","L1","44.7","Marna argillosa grigio verdastra.","2b","0","Troncone","26.000",528607.987,4566542.658,601
"897","L1","44.75","Marna argillosa grigio verdastra.","2b","0","Troncone","26.000",528607.987,4566542.658,601
"898","L1","44.8","Marna argillosa grigio verdastra.","2b","0","Troncone","26.000",528607.987,4566542.658,601
"899","L1","44.85","Marna argillosa grigio verdastra.","2b","0","Troncone","26.000",528607.987,4566542.658,601
"900","L1","44.9","Marna argillosa grigio verdastra.","2b","0","Troncone","26.000",528607.987,4566542.658,601
"901","L1","44.95","Marna argillosa grigio verdastra.","2b","0","Troncone","26.000",528607.987,4566542.658,601
"902","L1","45","Marna argillosa grigio verdastra.","2b","0","Troncone","26.000",528607.987,4566542.658,601
"903","L1","45.05","Marna argillosa grigio verdastra.","2b","0","Troncone","26.000",528607.987,4566542.658,601
"904","L1","45.1","Marna argillosa grigio verdastra.","2b","0","Troncone","26.000",528607.987,4566542.658,601
"905","L1","45.15","Marna argillosa grigio verdastra.","2b","0","Troncone","26.000",528607.987,4566542.658,601
"906","L1","45.2","Marna argillosa grigio verdastra.","2b","0","Troncone","26.000",528607.987,4566542.658,601
"907","L1","45.25","Marna argillosa grigio verdastra.","2b","0","Troncone","26.000",528607.987,4566542.658,601
"908","L1","45.3","Marna argillosa grigio verdastra.","2b","0","Troncone","26.000",528607.987,4566542.658,601
"909","L1","45.35","Marna argillosa grigio verdastra.","2b","0","Troncone","26.000",528607.987,4566542.658,601
"910","L1","45.4","Marna argillosa grigio verdastra.","2b","0","Troncone","26.000",528607.987,4566542.658,601
"911","L1","45.45","Marna argillosa grigio verdastra.","2b","0","Troncone","26.000",528607.987,4566542.658,601
"912","L1","45.5","Marna argillosa grigio verdastra.","2b","0","Troncone","26.000",528607.987,4566542.658,601
"913","L1","45.55","Marna argillosa grigio verdastra.","2b","0","Troncone","26.000",528607.987,4566542.658,601
"914","L1","45.6","Marna argillosa grigio verdastra.","2b","0","Troncone","26.000",528607.987,4566542.658,601
"915","L1","45.65","Marna argillosa grigio verdastra.","2b","0","Troncone","26.000",528607.987,4566542.658,601
"916","L1","45.7","Marna argillosa grigio verdastra.","2b","0","Troncone","26.000",528607.987,4566542.658,601
"917","L1","45.75","Marna argillosa grigio verdastra.","2b","0","Troncone","26.000",528607.987,4566542.658,601
"918","L1","45.8","Marna argillosa grigio verdastra.","2b","0","Troncone","26.000",528607.987,4566542.658,601
"919","L1","45.85","Marna argillosa grigio verdastra.","2b","0","Troncone","26.000",528607.987,4566542.658,601
"920","L1","45.9","Marna argillosa grigio verdastra.","2b","0","Troncone","26.000",528607.987,4566542.658,601
"921","L1","45.95","Marna argillosa grigio verdastra.","2b","0","Troncone","26.000",528607.987,4566542.658,601
"922","L1","46","Marna argillosa grigio verdastra.","2b","0","Troncone","26.000",528607.987,4566542.658,601
"923","L1","46.05","Marna argillosa grigio verdastra.","2b","0","Troncone","26.000",528607.987,4566542.658,601
"924","L1","46.1","Marna argillosa grigio verdastra.","2b","0","Troncone","26.000",528607.987,4566542.658,601
"925","L1","46.15","Marna argillosa grigio verdastra.","2b","0","Troncone","26.000",528607.987,4566542.658,601
"926","L1","46.2","Marna argillosa grigio verdastra.","2b","0","Troncone","26.000",528607.987,4566542.658,601
"927","L1","46.25","Marna argillosa grigio verdastra.","2b","0","Troncone","26.000",528607.987,4566542.658,601
"928","L1","46.3","Marna argillosa grigio verdastra.","2b","0","Troncone","26.000",528607.987,4566542.658,601
"929","L1","46.35","Marna argillosa grigio verdastra.","2b","0","Troncone","26.000",528607.987,4566542.658,601
"930","L1","46.4","Marna argillosa grigio verdastra.","2b","0","Troncone","26.000",528607.987,4566542.658,601
"931","L1","46.45","Marna argillosa grigio verdastra.","2b","0","Troncone","26.000",528607.987,4566542.658,601
"932","L1","46.5","Marna argillosa grigio verdastra.","2b","0","Troncone","26.000",528607.987,4566542.658,601
"933","L1","46.55","Marna argillosa grigio verdastra.","2b","0","Troncone","26.000",528607.987,4566542.658,601
"934","L1","46.6","Marna argillosa grigio verdastra.","2b","0","Troncone","26.000",528607.987,4566542.658,601
"935","L1","46.65","Marna argillosa grigio verdastra.","2b","0","Troncone","26.000",528607.987,4566542.658,601
"936","L1","46.7","Marna argillosa grigio verdastra.","2b","0","Troncone","26.000",528607.987,4566542.658,601
"937","L1","46.75","Marna argillosa grigio verdastra.","2b","0","Troncone","26.000",528607.987,4566542.658,601
"938","L1","46.8","Marna argillosa grigio verdastra.","2b","0","Troncone","26.000",528607.987,4566542.658,601
"939","L1","46.85","Marna argillosa grigio verdastra.","2b","0","Troncone","26.000",528607.987,4566542.658,601
"940","L1","46.9","Marna argillosa grigio verdastra.","2b","0","Troncone","26.000",528607.987,4566542.658,601
"941","L1","46.95","Marna argillosa grigio verdastra.","2b","0","Troncone","26.000",528607.987,4566542.658,601
"942","L1","47","Marna argillosa grigio verdastra.","2b","0","Troncone","26.000",528607.987,4566542.658,601
"943","L1","47.05","Marna argillosa grigio verdastra.","2b","0","Troncone","26.000",528607.987,4566542.658,601
"944","L1","47.1","Marna argillosa grigio verdastra.","2b","0","Troncone","26.000",528607.987,4566542.658,601
"945","L1","47.15","Marna argillosa grigio verdastra.","2b","0","Troncone","26.000",528607.987,4566542.658,601
"946","L1","47.2","Marna argillosa grigio verdastra.","2b","0","Troncone","26.000",528607.987,4566542.658,601
"947","L1","47.25","Marna argillosa grigio verdastra.","2b","0","Troncone","26.000",528607.987,4566542.658,601
"948","L1","47.3","Marna argillosa grigio verdastra.","2b","0","Troncone","26.000",528607.987,4566542.658,601
"949","L1","47.35","Marna argillosa grigio verdastra.","2b","0","Troncone","26.000",528607.987,4566542.658,601
"950","L1","47.4","Marna argillosa grigio verdastra.","2b","0","Troncone","26.000",528607.987,4566542.658,601
"951","L1","47.45","Marna argillosa grigio verdastra.","2b","0","Troncone","26.000",528607.987,4566542.658,601
"952","L1","47.5","Marna argillosa grigio verdastra.","2b","0","Troncone","26.000",528607.987,4566542.658,601
"953","L1","47.55","Marna argillosa grigio verdastra.","2b","0","Troncone","26.000",528607.987,4566542.658,601
"954","L1","47.6","Marna argillosa grigio verdastra.","2b","0","Troncone","26.000",528607.987,4566542.658,601
"955","L1","47.65","Marna argillosa grigio verdastra.","2b","0","Troncone","26.000",528607.987,4566542.658,601
"956","L1","47.7","Marna argillosa grigio verdastra.","2b","0","Troncone","26.000",528607.987,4566542.658,601
"957","L1","47.75","Marna argillosa grigio verdastra.","2b","0","Troncone","26.000",528607.987,4566542.658,601
"958","L1","47.8","Marna argillosa grigio verdastra.","2b","0","Troncone","26.000",528607.987,4566542.658,601
"959","L1","47.85","Marna argillosa grigio verdastra.","2b","0","Troncone","26.000",528607.987,4566542.658,601
"960","L1","47.9","Marna argillosa grigio verdastra.","2b","0","Troncone","26.000",528607.987,4566542.658,601
"961","L1","47.95","Marna argillosa grigio verdastra.","2b","0","Troncone","26.000",528607.987,4566542.658,601
"962","L1","48","Marna argillosa grigio verdastra.","2b","0","Troncone","26.000",528607.987,4566542.658,601
"963","L1","48.05","Marna argillosa grigio verdastra.","2b","0","Troncone","26.000",528607.987,4566542.658,601
"964","L1","48.1","Marna argillosa grigio verdastra.","2b","0","Troncone","26.000",528607.987,4566542.658,601
"965","L1","48.15","Marna argillosa grigio verdastra.","2b","0","Troncone","26.000",528607.987,4566542.658,601
"966","L1","48.2","Marna argillosa grigio verdastra.","2b","0","Troncone","26.000",528607.987,4566542.658,601
"967","L1","48.25","Marna argillosa grigio verdastra.","2b","0","Troncone","26.000",528607.987,4566542.658,601
"968","L1","48.3","Marna argillosa grigio verdastra.","2b","0","Troncone","26.000",528607.987,4566542.658,601
"969","L1","48.35","Marna argillosa grigio verdastra.","2b","0","Troncone","26.000",528607.987,4566542.658,601
"970","L1","48.4","Marna argillosa grigio verdastra.","2b","0","Troncone","26.000",528607.987,4566542.658,601
"971","L1","48.45","Marna argillosa grigio verdastra.","2b","0","Troncone","26.000",528607.987,4566542.658,601
"972","L1","48.5","Marna argillosa grigio verdastra.","2b","0","Troncone","26.000",528607.987,4566542.658,601
"973","L1","48.55","Marna argillosa grigio verdastra.","2b","0","Troncone","26.000",528607.987,4566542.658,601
"974","L1","48.6","Marna argillosa grigio verdastra.","2b","0","Troncone","26.000",528607.987,4566542.658,601
"975","L1","48.65","Marna argillosa grigio verdastra.","2b","0","Troncone","26.000",528607.987,4566542.658,601
"976","L1","48.7","Marna argillosa grigio verdastra.","2b","0","Troncone","26.000",528607.987,4566542.658,601
"977","L1","48.75","Marna argillosa grigio verdastra.","2b","0","Troncone","26.000",528607.987,4566542.658,601
"978","L1","48.8","Marna argillosa grigio verdastra.","2b","0","Troncone","26.000",528607.987,4566542.658,601
"979","L1","48.85","Marna argillosa grigio verdastra.","2b","0","Troncone","26.000",528607.987,4566542.658,601
"980","L1","48.9","Marna argillosa grigio verdastra.","2b","0","Troncone","26.000",528607.987,4566542.658,601
"981","L1","48.95","Marna argillosa grigio verdastra.","2b","0","Troncone","26.000",528607.987,4566542.658,601
"982","L1","49","Marna argillosa grigio verdastra.","2b","0","Troncone","26.000",528607.987,4566542.658,601
"983","L1","49.05","Marna argillosa grigio verdastra.","2b","0","Troncone","26.000",528607.987,4566542.658,601
"984","L1","49.1","Marna argillosa grigio verdastra.","2b","0","Troncone","26.000",528607.987,4566542.658,601
"985","L1","49.15","Marna argillosa grigio verdastra.","2b","0","Troncone","26.000",528607.987,4566542.658,601
"986","L1","49.2","Marna argillosa grigio verdastra.","2b","0","Troncone","26.000",528607.987,4566542.658,601
"987","L1","49.25","Marna argillosa grigio verdastra.","2b","0","Troncone","26.000",528607.987,4566542.658,601
"988","L1","49.3","Marna argillosa grigio verdastra.","2b","0","Troncone","26.000",528607.987,4566542.658,601
"989","L1","49.35","Marna argillosa grigio verdastra.","2b","0","Troncone","26.000",528607.987,4566542.658,601
"990","L1","49.4","Marna argillosa grigio verdastra.","2b","0","Troncone","26.000",528607.987,4566542.658,601
"991","L1","49.45","Marna argillosa grigio verdastra.","2b","0","Troncone","26.000",528607.987,4566542.658,601
"992","L1","49.5","Marna argillosa grigio verdastra.","2b","0","Troncone","26.000",528607.987,4566542.658,601
"993","L1","49.55","Marna argillosa grigio verdastra.","2b","0","Troncone","26.000",528607.987,4566542.658,601
"994","L1","49.6","Marna argillosa grigio verdastra.","2b","0","Troncone","26.000",528607.987,4566542.658,601
"995","L1","49.65","Marna argillosa grigio verdastra.","2b","0","Troncone","26.000",528607.987,4566542.658,601
"996","L1","49.7","Marna argillosa grigio verdastra.","2b","0","Troncone","26.000",528607.987,4566542.658,601
"997","L1","49.75","Marna argillosa grigio verdastra.","2b","0","Troncone","26.000",528607.987,4566542.658,601
"998","L1","49.8","Marna argillosa grigio verdastra.","2b","0","Troncone","26.000",528607.987,4566542.658,601
"999","L1","49.85","Marna argillosa grigio verdastra.","2b","0","Troncone","26.000",528607.987,4566542.658,601
"1000","L1","49.9","Marna argillosa grigio verdastra.","2b","0","Troncone","26.000",528607.987,4566542.658,601
"1001","L1","49.95","Marna argillosa grigio verdastra.","2b","0","Troncone","26.000",528607.987,4566542.658,601
"1002","L1","50","Marna argillosa grigio verdastra.","2b","0","Troncone","26.000",528607.987,4566542.658,601
"1003","L1","50.05","Marna argillosa grigio verdastra.","2b","0","Troncone","26.000",528607.987,4566542.658,601
"1004","L1","50.1","Marna argillosa grigio verdastra.","2b","0","Troncone","26.000",528607.987,4566542.658,601
"1005","L1","50.15","Marna argillosa grigio verdastra.","2b","0","Troncone","26.000",528607.987,4566542.658,601
"1006","L1","50.2","Marna argillosa grigio verdastra.","2b","0","Troncone","26.000",528607.987,4566542.658,601
"1007","L1","50.25","Marna argillosa grigio verdastra.","2b","0","Troncone","26.000",528607.987,4566542.658,601
"1008","L1","50.3","Marna argillosa grigio verdastra.","2b","0","Troncone","26.000",528607.987,4566542.658,601
"1009","L1","50.35","Marna argillosa grigio verdastra.","2b","0","Troncone","26.000",528607.987,4566542.658,601
"1010","L1","50.4","Marna argillosa grigio verdastra.","2b","0","Troncone","26.000",528607.987,4566542.658,601
"1011","L1","50.45","Marna argillosa grigio verdastra.","2b","0","Troncone","26.000",528607.987,4566542.658,601
"1012","L1","50.5","Marna argillosa grigio verdastra.","2b","0","Troncone","26.000",528607.987,4566542.658,601
"1013","L1","50.55","Marna argillosa grigio verdastra.","2b","0","Troncone","26.000",528607.987,4566542.658,601
"1014","L1","50.6","Marna argillosa grigio verdastra.","2b","0","Troncone","26.000",528607.987,4566542.658,601
"1015","L1","50.65","Marna argillosa grigio verdastra.","2b","0","Troncone","26.000",528607.987,4566542.658,601
"1016","L1","50.7","Marna argillosa grigio verdastra.","2b","0","Troncone","26.000",528607.987,4566542.658,601
"1017","L1","50.75","Marna argillosa grigio verdastra.","2b","0","Troncone","26.000",528607.987,4566542.658,601
"1018","L1","50.8","Marna argillosa grigio verdastra.","2b","0","Troncone","26.000",528607.987,4566542.658,601
"1019","L1","50.85","Marna argillosa grigio verdastra.","2b","0","Troncone","26.000",528607.987,4566542.658,601
"1020","L1","50.9","Marna argillosa grigio verdastra.","2b","0","Troncone","26.000",528607.987,4566542.658,601
"1021","L1","50.95","Marna argillosa grigio verdastra.","2b","0","Troncone","26.000",528607.987,4566542.658,601
"1022","L1","51","Marna argillosa grigio verdastra.","2b","0","Troncone","26.000",528607.987,4566542.658,601
"1023","L1","51.05","Marna argillosa grigio verdastra.","2b","0","Troncone","26.000",528607.987,4566542.658,601
"1024","L1","51.1","Marna argillosa grigio verdastra.","2b","0","Troncone","26.000",528607.987,4566542.658,601
"1025","L1","51.15","Marna argillosa grigio verdastra.","2b","0","Troncone","26.000",528607.987,4566542.658,601
"1026","L1","51.2","Marna argillosa grigio verdastra.","2b","0","Troncone","26.000",528607.987,4566542.658,601
"1027","L1","51.25","Marna argillosa grigio verdastra.","2b","0","Troncone","26.000",528607.987,4566542.658,601
"1028","L1","51.3","Marna argillosa grigio verdastra.","2b","0","Troncone","26.000",528607.987,4566542.658,601
"1029","L1","51.35","Marna argillosa grigio verdastra.","2b","0","Troncone","26.000",528607.987,4566542.658,601
"1030","L1","51.4","Marna argillosa grigio verdastra.","2b","0","Troncone","26.000",528607.987,4566542.658,601
"1031","L1","51.45","Marna argillosa grigio verdastra.","2b","0","Troncone","26.000",528607.987,4566542.658,601
"1032","L1","51.5","Marna argillosa grigio verdastra.","2b","0","Troncone","26.000",528607.987,4566542.658,601
"1033","L1","51.55","Marna argillosa grigio verdastra.","2b","0","Troncone","26.000",528607.987,4566542.658,601
"1034","L1","51.6","Marna argillosa grigio verdastra.","2b","0","Troncone","26.000",528607.987,4566542.658,601
"1035","L1","51.65","Marna argillosa grigio verdastra.","2b","0","Troncone","26.000",528607.987,4566542.658,601
"1036","L1","51.7","Marna argillosa grigio verdastra.","2b","0","Troncone","26.000",528607.987,4566542.658,601
"1037","L1","51.75","Marna argillosa grigio verdastra.","2b","0","Troncone","26.000",528607.987,4566542.658,601
"1038","L1","51.8","Marna argillosa grigio verdastra.","2b","0","Troncone","26.000",528607.987,4566542.658,601
"1039","L1","51.85","Marna argillosa grigio verdastra.","2b","0","Troncone","26.000",528607.987,4566542.658,601
"1040","L1","51.9","Marna argillosa grigio verdastra.","2b","0","Troncone","26.000",528607.987,4566542.658,601
"1041","L1","51.95","Marna argillosa grigio verdastra.","2b","0","Troncone","26.000",528607.987,4566542.658,601
"1042","L1","52","Marna argillosa grigio verdastra.","2b","0","Troncone","26.000",528607.987,4566542.658,601
"1043","L1","52.05","Marna argillosa grigio verdastra.","2b","0","Troncone","26.000",528607.987,4566542.658,601
"1044","L1","52.1","Marna argillosa grigio verdastra.","2b","0","Troncone","26.000",528607.987,4566542.658,601
"1045","L1","52.15","Marna argillosa grigio verdastra.","2b","0","Troncone","26.000",528607.987,4566542.658,601
"1046","L1","52.2","Marna argillosa grigio verdastra.","2b","0","Troncone","26.000",528607.987,4566542.658,601
"1047","L1","52.25","Marna argillosa grigio verdastra.","2b","0","Troncone","26.000",528607.987,4566542.658,601
"1048","L1","52.3","Marna argillosa grigio verdastra.","2b","0","Troncone","26.000",528607.987,4566542.658,601
"1049","L1","52.35","Marna argillosa grigio verdastra.","2b","0","Troncone","26.000",528607.987,4566542.658,601
"1050","L1","52.4","Marna argillosa grigio verdastra.","2b","0","Troncone","26.000",528607.987,4566542.658,601
"1051","L1","52.45","Marna argillosa grigio verdastra.","2b","0","Troncone","26.000",528607.987,4566542.658,601
"1052","L1","52.5","Marna argillosa grigio verdastra.","2b","0","Troncone","26.000",528607.987,4566542.658,601
"1053","L1","52.55","Marna argillosa grigio verdastra.","2b","0","Troncone","26.000",528607.987,4566542.658,601
"1054","L1","52.6","Marna argillosa grigio verdastra.","2b","0","Troncone","26.000",528607.987,4566542.658,601
"1055","L1","52.65","Marna argillosa grigio verdastra.","2b","0","Troncone","26.000",528607.987,4566542.658,601
"1056","L1","52.7","Marna argillosa grigio verdastra.","2b","0","Troncone","26.000",528607.987,4566542.658,601
"1057","L1","52.75","Marna argillosa grigio verdastra.","2b","0","Troncone","26.000",528607.987,4566542.658,601
"1058","L1","52.8","Marna argillosa grigio verdastra.","2b","0","Troncone","26.000",528607.987,4566542.658,601
"1059","L1","52.85","Marna argillosa grigio verdastra.","2b","0","Troncone","26.000",528607.987,4566542.658,601
"1060","L1","52.9","Marna argillosa grigio verdastra.","2b","0","Troncone","26.000",528607.987,4566542.658,601
"1061","L1","52.95","Marna argillosa grigio verdastra.","2b","0","Troncone","26.000",528607.987,4566542.658,601
"1062","L1","53","Marna argillosa grigio verdastra.","2b","0","Troncone","26.000",528607.987,4566542.658,601
"1063","L1","53.05","Marna argillosa grigio verdastra.","2b","0","Troncone","26.000",528607.987,4566542.658,601
"1064","L1","53.1","Marna argillosa grigio verdastra.","2b","0","Troncone","26.000",528607.987,4566542.658,601
"1065","L1","53.15","Marna argillosa grigio verdastra.","2b","0","Troncone","26.000",528607.987,4566542.658,601
"1066","L1","53.2","Marna argillosa grigio verdastra.","2b","0","Troncone","26.000",528607.987,4566542.658,601
"1067","L1","53.25","Marna argillosa grigio verdastra.","2b","0","Troncone","26.000",528607.987,4566542.658,601
"1068","L1","53.3","Marna argillosa grigio verdastra.","2b","0","Troncone","26.000",528607.987,4566542.658,601
"1069","L1","53.35","Marna argillosa grigio verdastra.","2b","0","Troncone","26.000",528607.987,4566542.658,601
"1070","L1","53.4","Marna argillosa grigio verdastra.","2b","0","Troncone","26.000",528607.987,4566542.658,601
"1071","L1","53.45","Marna argillosa grigio verdastra.","2b","0","Troncone","26.000",528607.987,4566542.658,601
"1072","L1","53.5","Marna argillosa grigio verdastra.","2b","0","Troncone","26.000",528607.987,4566542.658,601
"1073","L1","53.55","Marna argillosa grigio verdastra.","2b","0","Troncone","26.000",528607.987,4566542.658,601
"1074","L1","53.6","Marna argillosa grigio verdastra.","2b","0","Troncone","26.000",528607.987,4566542.658,601
"1075","L1","53.65","Marna argillosa grigio verdastra.","2b","0","Troncone","26.000",528607.987,4566542.658,601
"1076","L1","53.7","Marna argillosa grigio verdastra.","2b","0","Troncone","26.000",528607.987,4566542.658,601
"1077","L1","53.75","Marna argillosa grigio verdastra.","2b","0","Troncone","26.000",528607.987,4566542.658,601
"1078","L1","53.8","Marna argillosa grigio verdastra.","2b","0","Troncone","26.000",528607.987,4566542.658,601
"1079","L1","53.85","Marna argillosa grigio verdastra.","2b","0","Troncone","26.000",528607.987,4566542.658,601
"1080","L1","53.9","Marna argillosa grigio verdastra.","2b","0","Troncone","26.000",528607.987,4566542.658,601
"1081","L1","53.95","Marna argillosa grigio verdastra.","2b","0","Troncone","26.000",528607.987,4566542.658,601
"1082","L1","54","Marna argillosa grigio verdastra.","2b","0","Troncone","26.000",528607.987,4566542.658,601
"1083","L1","54.05","Marna argillosa grigio verdastra.","2b","0","Troncone","26.000",528607.987,4566542.658,601
"1084","L1","54.1","Marna argillosa grigio verdastra.","2b","0","Troncone","26.000",528607.987,4566542.658,601
"1085","L1","54.15","Marna argillosa grigio verdastra.","2b","0","Troncone","26.000",528607.987,4566542.658,601
"1086","L1","54.2","Marna argillosa grigio verdastra.","2b","0","Troncone","26.000",528607.987,4566542.658,601
"1087","L1","54.25","Marna argillosa grigio verdastra.","2b","0","Troncone","26.000",528607.987,4566542.658,601
"1088","L1","54.3","Marna argillosa grigio verdastra.","2b","0","Troncone","26.000",528607.987,4566542.658,601
"1089","L1","54.35","Marna argillosa grigio verdastra.","2b","0","Troncone","26.000",528607.987,4566542.658,601
"1090","L1","54.4","Marna argillosa grigio verdastra.","2b","0","Troncone","26.000",528607.987,4566542.658,601
"1091","L1","54.45","Marna argillosa grigio verdastra.","2b","0","Troncone","26.000",528607.987,4566542.658,601
"1092","L1","54.5","Marna argillosa grigio verdastra.","2b","0","Troncone","26.000",528607.987,4566542.658,601
"1093","L1","54.55","Marna argillosa grigio verdastra.","2b","0","Troncone","26.000",528607.987,4566542.658,601
"1094","L1","54.6","Marna argillosa grigio verdastra.","2b","0","Troncone","26.000",528607.987,4566542.658,601
"1095","L1","54.65","Marna argillosa grigio verdastra.","2b","0","Troncone","26.000",528607.987,4566542.658,601
"1096","L1","54.7","Marna argillosa grigio verdastra.","2b","0","Troncone","26.000",528607.987,4566542.658,601
"1097","L1","54.75","Marna argillosa grigio verdastra.","2b","0","Troncone","26.000",528607.987,4566542.658,601
"1098","L1","54.8","Marna argillosa grigio verdastra.","2b","0","Troncone","26.000",528607.987,4566542.658,601
"1099","L1","54.85","Marna argillosa grigio verdastra.","2b","0","Troncone","26.000",528607.987,4566542.658,601
"1100","L1","54.9","Marna argillosa grigio verdastra.","2b","0","Troncone","26.000",528607.987,4566542.658,601
"1101","L1","54.95","Marna argillosa grigio verdastra.","2b","0","Troncone","26.000",528607.987,4566542.658,601
"1102","L1","55","Marna argillosa grigio verdastra.","2b","0","Troncone","26.000",528607.987,4566542.658,601
"1103","L1","55.05","Marna argillosa grigio verdastra.","2b","0","Troncone","26.000",528607.987,4566542.658,601
"1104","L1","55.1","Marna argillosa grigio verdastra.","2b","0","Troncone","26.000",528607.987,4566542.658,601
"1105","L1","55.15","Marna argillosa grigio verdastra.","2b","0","Troncone","26.000",528607.987,4566542.658,601
"1106","L1","55.2","Marna argillosa grigio verdastra.","2b","0","Troncone","26.000",528607.987,4566542.658,601
"1107","L1","55.25","Marna argillosa grigio verdastra.","2b","0","Troncone","26.000",528607.987,4566542.658,601
"1108","L1","55.3","Marna argillosa grigio verdastra.","2b","0","Troncone","26.000",528607.987,4566542.658,601
"1109","L1","55.35","Marna argillosa grigio verdastra.","2b","0","Troncone","26.000",528607.987,4566542.658,601
"1110","L1","55.4","Marna argillosa grigio verdastra.","2b","0","Troncone","26.000",528607.987,4566542.658,601
"1111","L1","55.45","Marna argillosa grigio verdastra.","2b","0","Troncone","26.000",528607.987,4566542.658,601
"1112","L1","55.5","Marna argillosa grigio verdastra.","2b","0","Troncone","26.000",528607.987,4566542.658,601
"1113","L1","55.55","Marna argillosa grigio verdastra.","2b","0","Troncone","26.000",528607.987,4566542.658,601
"1114","L1","55.6","Marna argillosa grigio verdastra.","2b","0","Troncone","26.000",528607.987,4566542.658,601
"1115","L1","55.65","Marna argillosa grigio verdastra.","2b","0","Troncone","26.000",528607.987,4566542.658,601
"1116","L1","55.7","Marna argillosa grigio verdastra.","2b","0","Troncone","26.000",528607.987,4566542.658,601
"1117","L1","55.75","Marna argillosa grigio verdastra.","2b","0","Troncone","26.000",528607.987,4566542.658,601
"1118","L1","55.8","Marna argillosa grigio verdastra.","2b","0","Troncone","26.000",528607.987,4566542.658,601
"1119","L1","55.85","Marna argillosa grigio verdastra.","2b","0","Troncone","26.000",528607.987,4566542.658,601
"1120","L1","55.9","Marna argillosa grigio verdastra.","2b","0","Troncone","26.000",528607.987,4566542.658,601
"1121","L1","55.95","Marna argillosa grigio verdastra.","2b","0","Troncone","26.000",528607.987,4566542.658,601
"1122","L1","56","Marna argillosa grigio verdastra.","2b","0","Troncone","26.000",528607.987,4566542.658,601
"1123","L1","56.05","Marna argillosa grigio verdastra.","2b","0","Troncone","26.000",528607.987,4566542.658,601
"1124","L1","56.1","Marna argillosa grigio verdastra.","2b","0","Troncone","26.000",528607.987,4566542.658,601
"1125","L1","56.15","Marna argillosa grigio verdastra.","2b","0","Troncone","26.000",528607.987,4566542.658,601
"1126","L1","56.2","Marna argillosa grigio verdastra.","2b","0","Troncone","26.000",528607.987,4566542.658,601
"1127","L1","56.25","Marna argillosa grigio verdastra.","2b","0","Troncone","26.000",528607.987,4566542.658,601
"1128","L1","56.3","Marna argillosa grigio verdastra.","2b","0","Troncone","26.000",528607.987,4566542.658,601
"1129","L1","56.35","Marna argillosa grigio verdastra.","2b","0","Troncone","26.000",528607.987,4566542.658,601
"1130","L1","56.4","Marna argillosa grigio verdastra.","2b","0","Troncone","26.000",528607.987,4566542.658,601
"1131","L1","56.45","Marna argillosa grigio verdastra.","2b","0","Troncone","26.000",528607.987,4566542.658,601
"1132","L1","56.5","Marna argillosa grigio verdastra.","2b","0","Troncone","26.000",528607.987,4566542.658,601
"1133","L1","56.55","Marna argillosa grigio verdastra.","2b","0","Troncone","26.000",528607.987,4566542.658,601
"1134","L1","56.6","Marna argillosa grigio verdastra.","2b","0","Troncone","26.000",528607.987,4566542.658,601
"1135","L1","56.65","Marna argillosa grigio verdastra.","2b","0","Troncone","26.000",528607.987,4566542.658,601
"1136","L1","56.7","Marna argillosa grigio verdastra.","2b","0","Troncone","26.000",528607.987,4566542.658,601
"1137","L1","56.75","Marna argillosa grigio verdastra.","2b","0","Troncone","26.000",528607.987,4566542.658,601
"1138","L1","56.8","Marna argillosa grigio verdastra.","2b","0","Troncone","26.000",528607.987,4566542.658,601
"1139","L1","56.85","Marna argillosa grigio verdastra.","2b","0","Troncone","26.000",528607.987,4566542.658,601
"1140","L1","56.9","Marna argillosa grigio verdastra.","2b","0","Troncone","26.000",528607.987,4566542.658,601
"1141","L1","56.95","Marna argillosa grigio verdastra.","2b","0","Troncone","26.000",528607.987,4566542.658,601
"1142","L1","57","Marna argillosa grigio verdastra.","2b","0","Troncone","26.000",528607.987,4566542.658,601
"1143","L1","57.05","Marna argillosa grigio verdastra.","2b","0","Troncone","26.000",528607.987,4566542.658,601
"1144","L1","57.1","Marna argillosa grigio verdastra.","2b","0","Troncone","26.000",528607.987,4566542.658,601
"1145","L1","57.15","Marna argillosa grigio verdastra.","2b","0","Troncone","26.000",528607.987,4566542.658,601
"1146","L1","57.2","Marna argillosa grigio verdastra.","2b","0","Troncone","26.000",528607.987,4566542.658,601
"1147","L1","57.25","Marna argillosa grigio verdastra.","2b","0","Troncone","26.000",528607.987,4566542.658,601
"1148","L1","57.3","Marna argillosa grigio verdastra.","2b","0","Troncone","26.000",528607.987,4566542.658,601
"1149","L1","57.35","Marna argillosa grigio verdastra.","2b","0","Troncone","26.000",528607.987,4566542.658,601
"1150","L1","57.4","Marna argillosa grigio verdastra.","2b","0","Troncone","26.000",528607.987,4566542.658,601
"1151","L1","57.45","Marna argillosa grigio verdastra.","2b","0","Troncone","26.000",528607.987,4566542.658,601
"1152","L1","57.5","Marna argillosa grigio verdastra.","2b","0","Troncone","26.000",528607.987,4566542.658,601
"1153","L1","57.55","Marna argillosa grigio verdastra.","2b","0","Troncone","26.000",528607.987,4566542.658,601
"1154","L1","57.6","Marna argillosa grigio verdastra.","2b","0","Troncone","26.000",528607.987,4566542.658,601
"1155","L1","57.65","Marna argillosa grigio verdastra.","2b","0","Troncone","26.000",528607.987,4566542.658,601
"1156","L1","57.7","Marna argillosa grigio verdastra.","2b","0","Troncone","26.000",528607.987,4566542.658,601
"1157","L1","57.75","Marna argillosa grigio verdastra.","2b","0","Troncone","26.000",528607.987,4566542.658,601
"1158","L1","57.8","Marna argillosa grigio verdastra.","2b","0","Troncone","26.000",528607.987,4566542.658,601
"1159","L1","57.85","Marna argillosa grigio verdastra.","2b","0","Troncone","26.000",528607.987,4566542.658,601
"1160","L1","57.9","Marna argillosa grigio verdastra.","2b","0","Troncone","26.000",528607.987,4566542.658,601
"1161","L1","57.95","Marna argillosa grigio verdastra.","2b","0","Troncone","26.000",528607.987,4566542.658,601
"1162","L1","58","Marna argillosa grigio verdastra.","2b","0","Troncone","26.000",528607.987,4566542.658,601
"1163","L1","58.05","Marna argillosa grigio verdastra.","2b","0","Troncone","26.000",528607.987,4566542.658,601
"1164","L1","58.1","Marna argillosa grigio verdastra.","2b","0","Troncone","26.000",528607.987,4566542.658,601
"1165","L1","58.15","Marna argillosa grigio verdastra.","2b","0","Troncone","26.000",528607.987,4566542.658,601
"1166","L1","58.2","Marna argillosa grigio verdastra.","2b","0","Troncone","26.000",528607.987,4566542.658,601
"1167","L1","58.25","Marna argillosa grigio verdastra.","2b","0","Troncone","26.000",528607.987,4566542.658,601
"1168","L1","58.3","Marna argillosa grigio verdastra.","2b","0","Troncone","26.000",528607.987,4566542.658,601
"1169","L1","58.35","Marna argillosa grigio verdastra.","2b","0","Troncone","26.000",528607.987,4566542.658,601
"1170","L1","58.4","Marna argillosa grigio verdastra.","2b","0","Troncone","26.000",528607.987,4566542.658,601
"1171","L1","58.45","Marna argillosa grigio verdastra.","2b","0","Troncone","26.000",528607.987,4566542.658,601
"1172","L1","58.5","Marna argillosa grigio verdastra.","2b","0","Troncone","26.000",528607.987,4566542.658,601
"1173","L1","58.55","Marna argillosa grigio verdastra.","2b","0","Troncone","26.000",528607.987,4566542.658,601
"1174","L1","58.6","Marna argillosa grigio verdastra.","2b","0","Troncone","26.000",528607.987,4566542.658,601
"1175","L1","58.65","Marna argillosa grigio verdastra.","2b","0","Troncone","26.000",528607.987,4566542.658,601
"1176","L1","58.7","Marna argillosa grigio verdastra.","2b","0","Troncone","26.000",528607.987,4566542.658,601
"1177","L1","58.75","Marna argillosa grigio verdastra.","2b","0","Troncone","26.000",528607.987,4566542.658,601
"1178","L1","58.8","Marna argillosa grigio verdastra.","2b","0","Troncone","26.000",528607.987,4566542.658,601
"1179","L1","58.85","Marna argillosa grigio verdastra.","2b","0","Troncone","26.000",528607.987,4566542.658,601
"1180","L1","58.9","Marna argillosa grigio verdastra.","2b","0","Troncone","26.000",528607.987,4566542.658,601
"1181","L1","58.95","Marna argillosa grigio verdastra.","2b","0","Troncone","26.000",528607.987,4566542.658,601
"1182","L1","59","Marna argillosa grigio verdastra.","2b","0","Troncone","26.000",528607.987,4566542.658,601
"1183","L1","59.05","Marna argillosa grigio verdastra.","2b","0","Troncone","26.000",528607.987,4566542.658,601
"1184","L1","59.1","Marna argillosa grigio verdastra.","2b","0","Troncone","26.000",528607.987,4566542.658,601
"1185","L1","59.15","Marna argillosa grigio verdastra.","2b","0","Troncone","26.000",528607.987,4566542.658,601
"1186","L1","59.2","Marna argillosa grigio verdastra.","2b","0","Troncone","26.000",528607.987,4566542.658,601
"1187","L1","59.25","Marna argillosa grigio verdastra.","2b","0","Troncone","26.000",528607.987,4566542.658,601
"1188","L1","59.3","Marna argillosa grigio verdastra.","2b","0","Troncone","26.000",528607.987,4566542.658,601
"1189","L1","59.35","Marna argillosa grigio verdastra.","2b","0","Troncone","26.000",528607.987,4566542.658,601
"1190","L1","59.4","Marna argillosa grigio verdastra.","2b","0","Troncone","26.000",528607.987,4566542.658,601
"1191","L1","59.45","Marna argillosa grigio verdastra.","2b","0","Troncone","26.000",528607.987,4566542.658,601
"1192","L1","59.5","Marna argillosa grigio verdastra.","2b","0","Troncone","26.000",528607.987,4566542.658,601
"1193","L1","59.55","Marna argillosa grigio verdastra.","2b","0","Troncone","26.000",528607.987,4566542.658,601
"1194","L1","59.6","Marna argillosa grigio verdastra.","2b","0","Troncone","26.000",528607.987,4566542.658,601
"1195","L1","59.65","Marna argillosa grigio verdastra.","2b","0","Troncone","26.000",528607.987,4566542.658,601
"1196","L1","59.7","Marna argillosa grigio verdastra.","2b","0","Troncone","26.000",528607.987,4566542.658,601
"1197","L1","59.75","Marna argillosa grigio verdastra.","2b","0","Troncone","26.000",528607.987,4566542.658,601
"1198","L1","59.8","Marna argillosa grigio verdastra.","2b","0","Troncone","26.000",528607.987,4566542.658,601
"1199","L1","59.85","Marna argillosa grigio verdastra.","2b","0","Troncone","26.000",528607.987,4566542.658,601
"1200","L1","59.9","Marna argillosa grigio verdastra.","2b","0","Troncone","26.000",528607.987,4566542.658,601
"1201","L1","59.95","Marna argillosa grigio verdastra.","2b","0","Troncone","26.000",528607.987,4566542.658,601
"1202","L1","60","Marna argillosa grigio verdastra.","2b","0","Troncone","26.000",528607.987,4566542.658,601
"1203","L1","60.05","Marna argillosa grigio verdastra.","2b","0","Troncone","26.000",528607.987,4566542.658,601
"1204","L1","60.1","Marna argillosa grigio verdastra.","2b","0","Troncone","26.000",528607.987,4566542.658,601
"1205","L1","60.15","Marna argillosa grigio verdastra.","2b","0","Troncone","26.000",528607.987,4566542.658,601
"1206","L1","60.2","Marna argillosa grigio verdastra.","2b","0","Troncone","26.000",528607.987,4566542.658,601
"1207","L1","60.25","Marna argillosa grigio verdastra.","2b","0","Troncone","26.000",528607.987,4566542.658,601
"1208","L1","60.3","Marna argillosa grigio verdastra.","2b","0","Troncone","26.000",528607.987,4566542.658,601
"1209","L1","60.35","Marna argillosa grigio verdastra.","2b","0","Troncone","26.000",528607.987,4566542.658,601
"1210","L1","60.4","Marna argillosa grigio verdastra.","2b","0","Troncone","26.000",528607.987,4566542.658,601
"1211","L1","60.45","Marna argillosa grigio verdastra.","2b","0","Troncone","26.000",528607.987,4566542.658,601
"1212","L1","60.5","Marna argillosa grigio verdastra.","2b","0","Troncone","26.000",528607.987,4566542.658,601
"1213","L1","60.55","Marna argillosa grigio verdastra.","2b","0","Troncone","26.000",528607.987,4566542.658,601
"1214","L1","60.6","Marna argillosa grigio verdastra.","2b","0","Troncone","26.000",528607.987,4566542.658,601
"1215","L1","60.65","Marna argillosa grigio verdastra.","2b","0","Troncone","26.000",528607.987,4566542.658,601
"1216","L1","60.7","Marna argillosa grigio verdastra.","2b","0","Troncone","26.000",528607.987,4566542.658,601
"1217","L1","60.75","Marna argillosa grigio verdastra.","2b","0","Troncone","26.000",528607.987,4566542.658,601
"1218","L1","60.8","Marna argillosa grigio verdastra.","2b","0","Troncone","26.000",528607.987,4566542.658,601
"1219","L1","60.85","Marna argillosa grigio verdastra.","2b","0","Troncone","26.000",528607.987,4566542.658,601
"1220","L1","60.9","Marna argillosa grigio verdastra.","2b","0","Troncone","26.000",528607.987,4566542.658,601
"1221","L1","60.95","Marna argillosa grigio verdastra.","2b","0","Troncone","26.000",528607.987,4566542.658,601
"1222","L1","61","Marna argillosa grigio verdastra.","2b","0","Troncone","26.000",528607.987,4566542.658,601
"1223","L1","61.05","Marna argillosa grigio verdastra.","2b","0","Troncone","26.000",528607.987,4566542.658,601
"1224","L1","61.1","Marna argillosa grigio verdastra.","2b","0","Troncone","26.000",528607.987,4566542.658,601
"1225","L1","61.15","Marna argillosa grigio verdastra.","2b","0","Troncone","26.000",528607.987,4566542.658,601
"1226","L1","61.2","Marna argillosa grigio verdastra.","2b","0","Troncone","26.000",528607.987,4566542.658,601
"1227","L1","61.25","Marna argillosa grigio verdastra.","2b","0","Troncone","26.000",528607.987,4566542.658,601
"1228","L1","61.3","Marna argillosa grigio verdastra.","2b","0","Troncone","26.000",528607.987,4566542.658,601
"1229","L1","61.35","Marna argillosa grigio verdastra.","2b","0","Troncone","26.000",528607.987,4566542.658,601
"1230","L1","61.4","Marna argillosa grigio verdastra.","2b","0","Troncone","26.000",528607.987,4566542.658,601
"1231","L1","61.45","Marna argillosa grigio verdastra.","2b","0","Troncone","26.000",528607.987,4566542.658,601
"1232","L1","61.5","Marna argillosa grigio verdastra.","2b","0","Troncone","26.000",528607.987,4566542.658,601
"1233","L1","61.55","Marna argillosa grigio verdastra.","2b","0","Troncone","26.000",528607.987,4566542.658,601
"1234","L1","61.6","Marna argillosa grigio verdastra.","2b","0","Troncone","26.000",528607.987,4566542.658,601
"1235","L1","61.65","Marna argillosa grigio verdastra.","2b","0","Troncone","26.000",528607.987,4566542.658,601
"1236","L1","61.7","Marna argillosa grigio verdastra.","2b","0","Troncone","26.000",528607.987,4566542.658,601
"1237","L1","61.75","Marna argillosa grigio verdastra.","2b","0","Troncone","26.000",528607.987,4566542.658,601
"1238","L1","61.8","Marna argillosa grigio verdastra.","2b","0","Troncone","26.000",528607.987,4566542.658,601
"1239","L1","61.85","Marna argillosa grigio verdastra.","2b","0","Troncone","26.000",528607.987,4566542.658,601
"1240","L1","61.9","Marna argillosa grigio verdastra.","2b","0","Troncone","26.000",528607.987,4566542.658,601
"1241","L1","61.95","Marna argillosa grigio verdastra.","2b","0","Troncone","26.000",528607.987,4566542.658,601
"1242","L1","62","Marna argillosa grigio verdastra.","2b","0","Troncone","26.000",528607.987,4566542.658,601
"1243","L1","62.05","Marna argillosa grigio verdastra.","2b","0","Troncone","26.000",528607.987,4566542.658,601
"1244","L1","62.1","Marna argillosa grigio verdastra.","2b","0","Troncone","26.000",528607.987,4566542.658,601
"1245","L1","62.15","Marna argillosa grigio verdastra.","2b","0","Troncone","26.000",528607.987,4566542.658,601
"1246","L1","62.2","Marna argillosa grigio verdastra.","2b","0","Troncone","26.000",528607.987,4566542.658,601
"1247","L1","62.25","Marna argillosa grigio verdastra.","2b","0","Troncone","26.000",528607.987,4566542.658,601
"1248","L1","62.3","Marna argillosa grigio verdastra.","2b","0","Troncone","26.000",528607.987,4566542.658,601
"1249","L1","62.35","Marna argillosa grigio verdastra.","2b","0","Troncone","26.000",528607.987,4566542.658,601
"1250","L1","62.4","Marna argillosa grigio verdastra.","2b","0","Troncone","26.000",528607.987,4566542.658,601
"1251","L1","62.45","Marna argillosa grigio verdastra.","2b","0","Troncone","26.000",528607.987,4566542.658,601
"1252","L1","62.5","Marna argillosa grigio verdastra.","2b","0","Troncone","26.000",528607.987,4566542.658,601
"1253","L1","62.55","Marna argillosa grigio verdastra.","2b","0","Troncone","26.000",528607.987,4566542.658,601
"1254","L1","62.6","Marna argillosa grigio verdastra.","2b","0","Troncone","26.000",528607.987,4566542.658,601
"1255","L1","62.65","Marna argillosa grigio verdastra.","2b","0","Troncone","26.000",528607.987,4566542.658,601
"1256","L1","62.7","Marna argillosa grigio verdastra.","2b","0","Troncone","26.000",528607.987,4566542.658,601
"1257","L1","62.75","Marna argillosa grigio verdastra.","2b","0","Troncone","26.000",528607.987,4566542.658,601
"1258","L1","62.8","Marna argillosa grigio verdastra.","2b","0","Troncone","26.000",528607.987,4566542.658,601
"1259","L1","62.85","Marna argillosa grigio verdastra.","2b","0","Troncone","26.000",528607.987,4566542.658,601
"1260","L1","62.9","Marna argillosa grigio verdastra.","2b","0","Troncone","26.000",528607.987,4566542.658,601
"1261","L1","62.95","Marna argillosa grigio verdastra.","2b","0","Troncone","26.000",528607.987,4566542.658,601
"1262","L1","63","Marna argillosa grigio verdastra.","2b","0","Troncone","26.000",528607.987,4566542.658,601
"1263","L1","63.05","Marna argillosa grigio verdastra.","2b","0","Troncone","26.000",528607.987,4566542.658,601
"1264","L1","63.1","Marna argillosa grigio verdastra.","2b","0","Troncone","26.000",528607.987,4566542.658,601
"1265","L1","63.15","Marna argillosa grigio verdastra.","2b","0","Troncone","26.000",528607.987,4566542.658,601
"1266","L1","63.2","Marna argillosa grigio verdastra.","2b","0","Troncone","26.000",528607.987,4566542.658,601
"1267","L1","63.25","Marna argillosa grigio verdastra.","2b","0","Troncone","26.000",528607.987,4566542.658,601
"1268","L1","63.3","Marna argillosa grigio verdastra.","2b","0","Troncone","26.000",528607.987,4566542.658,601
"1269","L1","63.35","Marna argillosa grigio verdastra.","2b","0","Troncone","26.000",528607.987,4566542.658,601
"1270","L1","63.4","Marna argillosa grigio verdastra.","2b","0","Troncone","26.000",528607.987,4566542.658,601
"1271","L1","63.45","Marna argillosa grigio verdastra.","2b","0","Troncone","26.000",528607.987,4566542.658,601
"1272","L1","63.5","Marna argillosa grigio verdastra.","2b","0","Troncone","26.000",528607.987,4566542.658,601
"1273","L1","63.55","Marna argillosa grigio verdastra.","2b","0","Troncone","26.000",528607.987,4566542.658,601
"1274","L1","63.6","Marna argillosa grigio verdastra.","2b","0","Troncone","26.000",528607.987,4566542.658,601
"1275","L1","63.65","Marna argillosa grigio verdastra.","2b","0","Troncone","26.000",528607.987,4566542.658,601
"1276","L1","63.7","Marna argillosa grigio verdastra.","2b","0","Troncone","26.000",528607.987,4566542.658,601
"1277","L1","63.75","Marna argillosa grigio verdastra.","2b","0","Troncone","26.000",528607.987,4566542.658,601
"1278","L1","63.8","Marna argillosa grigio verdastra.","2b","0","Troncone","26.000",528607.987,4566542.658,601
"1279","L1","63.85","Marna argillosa grigio verdastra.","2b","0","Troncone","26.000",528607.987,4566542.658,601
"1280","L1","63.9","Marna argillosa grigio verdastra.","2b","0","Troncone","26.000",528607.987,4566542.658,601
"1281","L1","63.95","Marna argillosa grigio verdastra.","2b","0","Troncone","26.000",528607.987,4566542.658,601
"1282","L1","64","Marna argillosa grigio verdastra.","2b","0","Troncone","26.000",528607.987,4566542.658,601
"1283","L1","64.05","Marna argillosa grigio verdastra.","2b","0","Troncone","26.000",528607.987,4566542.658,601
"1284","L1","64.1","Marna argillosa grigio verdastra.","2b","0","Troncone","26.000",528607.987,4566542.658,601
"1285","L1","64.15","Marna argillosa grigio verdastra.","2b","0","Troncone","26.000",528607.987,4566542.658,601
"1286","L1","64.2","Marna argillosa grigio verdastra.","2b","0","Troncone","26.000",528607.987,4566542.658,601
"1287","L1","64.25","Marna argillosa grigio verdastra.","2b","0","Troncone","26.000",528607.987,4566542.658,601
"1288","L1","64.3","Marna argillosa grigio verdastra.","2b","0","Troncone","26.000",528607.987,4566542.658,601
"1289","L1","64.35","Marna argillosa grigio verdastra.","2b","0","Troncone","26.000",528607.987,4566542.658,601
"1290","L1","64.4","Marna argillosa grigio verdastra.","2b","0","Troncone","26.000",528607.987,4566542.658,601
"1291","L1","64.45","Marna argillosa grigio verdastra.","2b","0","Troncone","26.000",528607.987,4566542.658,601
"1292","L1","64.5","Marna argillosa grigio verdastra.","2b","0","Troncone","26.000",528607.987,4566542.658,601
"1293","L1","64.55","Marna argillosa grigio verdastra.","2b","0","Troncone","26.000",528607.987,4566542.658,601
"1294","L1","64.6","Marna argillosa grigio verdastra.","2b","0","Troncone","26.000",528607.987,4566542.658,601
"1295","L1","64.65","Marna argillosa grigio verdastra.","2b","0","Troncone","26.000",528607.987,4566542.658,601
"1296","L1","64.7","Marna argillosa grigio verdastra.","2b","0","Troncone","26.000",528607.987,4566542.658,601
"1297","L1","64.75","Marna argillosa grigio verdastra.","2b","0","Troncone","26.000",528607.987,4566542.658,601
"1298","L1","64.8","Marna argillosa grigio verdastra.","2b","0","Troncone","26.000",528607.987,4566542.658,601
"1299","L1","64.85","Marna argillosa grigio verdastra.","2b","0","Troncone","26.000",528607.987,4566542.658,601
"1300","L1","64.9","Marna argillosa grigio verdastra.","2b","0","Troncone","26.000",528607.987,4566542.658,601
"1301","L1","64.95","Marna argillosa grigio verdastra.","2b","0","Troncone","26.000",528607.987,4566542.658,601
"1302","L1","65","Marna argillosa grigio verdastra.","2b","0","Troncone","26.000",528607.987,4566542.658,601
"1303","L1","65.05","Marna argillosa grigio verdastra.","2b","0","Troncone","26.000",528607.987,4566542.658,601
"1304","L1","65.1","Marna argillosa grigio verdastra.","2b","0","Troncone","26.000",528607.987,4566542.658,601
"1305","L1","65.15","Marna argillosa grigio verdastra.","2b","0","Troncone","26.000",528607.987,4566542.658,601
"1306","L1","65.2","Marna argillosa grigio verdastra.","2b","0","Troncone","26.000",528607.987,4566542.658,601
"1307","L1","65.25","Marna argillosa grigio verdastra.","2b","0","Troncone","26.000",528607.987,4566542.658,601
"1308","L1","65.3","Marna argillosa grigio verdastra.","2b","0","Troncone","26.000",528607.987,4566542.658,601
"1309","L1","65.35","Marna argillosa grigio verdastra.","2b","0","Troncone","26.000",528607.987,4566542.658,601
"1310","L1","65.4","Marna argillosa grigio verdastra.","2b","0","Troncone","26.000",528607.987,4566542.658,601
"1311","L1","65.45","Marna argillosa grigio verdastra.","2b","0","Troncone","26.000",528607.987,4566542.658,601
"1312","L1","65.5","Marna argillosa grigio verdastra.","2b","0","Troncone","26.000",528607.987,4566542.658,601
"1313","L1","65.55","Marna argillosa grigio verdastra.","2b","0","Troncone","26.000",528607.987,4566542.658,601
"1314","L1","65.6","Marna argillosa grigio verdastra.","2b","0","Troncone","26.000",528607.987,4566542.658,601
"1315","L1","65.65","Marna argillosa grigio verdastra.","2b","0","Troncone","26.000",528607.987,4566542.658,601
"1316","L1","65.7","Marna argillosa grigio verdastra.","2b","0","Troncone","26.000",528607.987,4566542.658,601
"1317","L1","65.75","Marna argillosa grigio verdastra.","2b","0","Troncone","26.000",528607.987,4566542.658,601
"1318","L1","65.8","Marna argillosa grigio verdastra.","2b","0","Troncone","26.000",528607.987,4566542.658,601
"1319","L1","65.85","Marna argillosa grigio verdastra.","2b","0","Troncone","26.000",528607.987,4566542.658,601
"1320","L1","65.9","Marna argillosa grigio verdastra.","2b","0","Troncone","26.000",528607.987,4566542.658,601
"1321","L1","65.95","Marna argillosa grigio verdastra.","2b","0","Troncone","26.000",528607.987,4566542.658,601
"1322","L1","66","Marna argillosa grigio verdastra.","2b","0","Troncone","26.000",528607.987,4566542.658,601
"1323","L1","66.05","Marna argillosa grigio verdastra.","2b","0","Troncone","26.000",528607.987,4566542.658,601
"1324","L1","66.1","Marna argillosa grigio verdastra.","2b","0","Troncone","26.000",528607.987,4566542.658,601
"1325","L1","66.15","Marna argillosa grigio verdastra.","2b","0","Troncone","26.000",528607.987,4566542.658,601
"1326","L1","66.2","Marna argillosa grigio verdastra.","2b","0","Troncone","26.000",528607.987,4566542.658,601
"1327","L1","66.25","Marna argillosa grigio verdastra.","2b","0","Troncone","26.000",528607.987,4566542.658,601
"1328","L1","66.3","Marna argillosa grigio verdastra.","2b","0","Troncone","26.000",528607.987,4566542.658,601
"1329","L1","66.35","Marna argillosa grigio verdastra.","2b","0","Troncone","26.000",528607.987,4566542.658,601
"1330","L1","66.4","Marna argillosa grigio verdastra.","2b","0","Troncone","26.000",528607.987,4566542.658,601
"1331","L1","66.45","Marna argillosa grigio verdastra.","2b","0","Troncone","26.000",528607.987,4566542.658,601
"1332","L1","66.5","Marna argillosa grigio verdastra.","2b","0","Troncone","26.000",528607.987,4566542.658,601
"1333","L1","66.55","Marna argillosa grigio verdastra.","2b","0","Troncone","26.000",528607.987,4566542.658,601
"1334","L1","66.6","Marna argillosa grigio verdastra.","2b","0","Troncone","26.000",528607.987,4566542.658,601
"1335","L1","66.65","Marna argillosa grigio verdastra.","2b","0","Troncone","26.000",528607.987,4566542.658,601
"1336","L1","66.7","Marna argillosa grigio verdastra.","2b","0","Troncone","26.000",528607.987,4566542.658,601
"1337","L1","66.75","Marna argillosa grigio verdastra.","2b","0","Troncone","26.000",528607.987,4566542.658,601
"1338","L1","66.8","Marna argillosa grigio verdastra.","2b","0","Troncone","26.000",528607.987,4566542.658,601
"1339","L1","66.85","Marna argillosa grigio verdastra.","2b","0","Troncone","26.000",528607.987,4566542.658,601
"1340","L1","66.9","Marna argillosa grigio verdastra.","2b","0","Troncone","26.000",528607.987,4566542.658,601
"1341","L1","66.95","Marna argillosa grigio verdastra.","2b","0","Troncone","26.000",528607.987,4566542.658,601
"1342","L1","67","Marna argillosa grigio verdastra.","2b","0","Troncone","26.000",528607.987,4566542.658,601
"1343","L1","67.05","Marna argillosa grigio verdastra.","2b","0","Troncone","26.000",528607.987,4566542.658,601
"1344","L1","67.1","Marna argillosa grigio verdastra.","2b","0","Troncone","26.000",528607.987,4566542.658,601
"1345","L1","67.15","Marna argillosa grigio verdastra.","2b","0","Troncone","26.000",528607.987,4566542.658,601
"1346","L1","67.2","Marna argillosa grigio verdastra.","2b","0","Troncone","26.000",528607.987,4566542.658,601
"1347","L1","67.25","Marna argillosa grigio verdastra.","2b","0","Troncone","26.000",528607.987,4566542.658,601
"1348","L1","67.3","Marna argillosa grigio verdastra.","2b","0","Troncone","26.000",528607.987,4566542.658,601
"1349","L1","67.35","Marna argillosa grigio verdastra.","2b","0","Troncone","26.000",528607.987,4566542.658,601
"1350","L1","67.4","Marna argillosa grigio verdastra.","2b","0","Troncone","26.000",528607.987,4566542.658,601
"1351","L1","67.45","Marna argillosa grigio verdastra.","2b","0","Troncone","26.000",528607.987,4566542.658,601
"1352","L1","67.5","Marna argillosa grigio verdastra.","2b","0","Troncone","26.000",528607.987,4566542.658,601
"1353","L1","67.55","Marna argillosa grigio verdastra.","2b","0","Troncone","26.000",528607.987,4566542.658,601
"1354","L1","67.6","Marna argillosa grigio verdastra.","2b","0","Troncone","26.000",528607.987,4566542.658,601
"1355","L1","67.65","Marna argillosa grigio verdastra.","2b","0","Troncone","26.000",528607.987,4566542.658,601
"1356","L1","67.7","Marna argillosa grigio verdastra.","2b","0","Troncone","26.000",528607.987,4566542.658,601
"1357","L1","67.75","Marna argillosa grigio verdastra.","2b","0","Troncone","26.000",528607.987,4566542.658,601
"1358","L1","67.8","Marna argillosa grigio verdastra.","2b","0","Troncone","26.000",528607.987,4566542.658,601
"1359","L1","67.85","Marna argillosa grigio verdastra.","2b","0","Troncone","26.000",528607.987,4566542.658,601
"1360","L1","67.9","Marna argillosa grigio verdastra.","2b","0","Troncone","26.000",528607.987,4566542.658,601
"1361","L1","67.95","Marna argillosa grigio verdastra.","2b","0","Troncone","26.000",528607.987,4566542.658,601
"1362","L1","68","Marna argillosa grigio verdastra.","2b","0","Troncone","26.000",528607.987,4566542.658,601
"1363","L1","68.05","Marna argillosa grigio verdastra.","2b","0","Troncone","26.000",528607.987,4566542.658,601
"1364","L1","68.1","Marna argillosa grigio verdastra.","2b","0","Troncone","26.000",528607.987,4566542.658,601
"1365","L1","68.15","Marna argillosa grigio verdastra.","2b","0","Troncone","26.000",528607.987,4566542.658,601
"1366","L1","68.2","Marna argillosa grigio verdastra.","2b","0","Troncone","26.000",528607.987,4566542.658,601
"1367","L1","68.25","Marna argillosa grigio verdastra.","2b","0","Troncone","26.000",528607.987,4566542.658,601
"1368","L1","68.3","Marna argillosa grigio verdastra.","2b","0","Troncone","26.000",528607.987,4566542.658,601
"1369","L1","68.35","Marna argillosa grigio verdastra.","2b","0","Troncone","26.000",528607.987,4566542.658,601
"1370","L1","68.4","Marna argillosa grigio verdastra.","2b","0","Troncone","26.000",528607.987,4566542.658,601
"1371","L1","68.45","Marna argillosa grigio verdastra.","2b","0","Troncone","26.000",528607.987,4566542.658,601
"1372","L1","68.5","Marna argillosa grigio verdastra.","2b","0","Troncone","26.000",528607.987,4566542.658,601
"1373","L1","68.55","Marna argillosa grigio verdastra.","2b","0","Troncone","26.000",528607.987,4566542.658,601
"1374","L1","68.6","Marna argillosa grigio verdastra.","2b","0","Troncone","26.000",528607.987,4566542.658,601
"1375","L1","68.65","Marna argillosa grigio verdastra.","2b","0","Troncone","26.000",528607.987,4566542.658,601
"1376","L1","68.7","Marna argillosa grigio verdastra.","2b","0","Troncone","26.000",528607.987,4566542.658,601
"1377","L1","68.75","Marna argillosa grigio verdastra.","2b","0","Troncone","26.000",528607.987,4566542.658,601
"1378","L1","68.8","Marna argillosa grigio verdastra.","2b","0","Troncone","26.000",528607.987,4566542.658,601
"1379","L1","68.85","Marna argillosa grigio verdastra.","2b","0","Troncone","26.000",528607.987,4566542.658,601
"1380","L1","68.9","Marna argillosa grigio verdastra.","2b","0","Troncone","26.000",528607.987,4566542.658,601
"1381","L1","68.95","Marna argillosa grigio verdastra.","2b","0","Troncone","26.000",528607.987,4566542.658,601
"1382","L1","69","Marna argillosa grigio verdastra.","2b","0","Troncone","26.000",528607.987,4566542.658,601
"1383","L1","69.05","Marna argillosa grigio verdastra.","2b","0","Troncone","26.000",528607.987,4566542.658,601
"1384","L1","69.1","Marna argillosa grigio verdastra.","2b","0","Troncone","26.000",528607.987,4566542.658,601
"1385","L1","69.15","Marna argillosa grigio verdastra.","2b","0","Troncone","26.000",528607.987,4566542.658,601
"1386","L1","69.2","Marna argillosa grigio verdastra.","2b","0","Troncone","26.000",528607.987,4566542.658,601
"1387","L1","69.25","Marna argillosa grigio verdastra.","2b","0","Troncone","26.000",528607.987,4566542.658,601
"1388","L1","69.3","Marna argillosa grigio verdastra.","2b","0","Troncone","26.000",528607.987,4566542.658,601
"1389","L1","69.35","Marna argillosa grigio verdastra.","2b","0","Troncone","26.000",528607.987,4566542.658,601
"1390","L1","69.4","Marna argillosa grigio verdastra.","2b","0","Troncone","26.000",528607.987,4566542.658,601
"1391","L1","69.45","Marna argillosa grigio verdastra.","2b","0","Troncone","26.000",528607.987,4566542.658,601
"1392","L1","69.5","Marna argillosa grigio verdastra.","2b","0","Troncone","26.000",528607.987,4566542.658,601
"1393","L1","69.55","Marna argillosa grigio verdastra.","2b","0","Troncone","26.000",528607.987,4566542.658,601
"1394","L1","69.6","Marna argillosa grigio verdastra.","2b","0","Troncone","26.000",528607.987,4566542.658,601
"1395","L1","69.65","Marna argillosa grigio verdastra.","2b","0","Troncone","26.000",528607.987,4566542.658,601
"1396","L1","69.7","Marna argillosa grigio verdastra.","2b","0","Troncone","26.000",528607.987,4566542.658,601
"1397","L1","69.75","Marna argillosa grigio verdastra.","2b","0","Troncone","26.000",528607.987,4566542.658,601
"1398","L1","69.8","Marna argillosa grigio verdastra.","2b","0","Troncone","26.000",528607.987,4566542.658,601
"1399","L1","69.85","Marna argillosa grigio verdastra.","2b","0","Troncone","26.000",528607.987,4566542.658,601
"1400","L1","69.9","Marna argillosa grigio verdastra.","2b","0","Troncone","26.000",528607.987,4566542.658,601
"1401","L1","69.95","Marna argillosa grigio verdastra.","2b","0","Troncone","26.000",528607.987,4566542.658,601
"1402","L1","70","Marna argillosa grigio verdastra.","2b","0","Troncone","26.000",528607.987,4566542.658,601
"1403","L1","70.05","Marna argillosa grigio verdastra.","2b","0","Troncone","26.000",528607.987,4566542.658,601
"1404","L1","70.1","Marna argillosa grigio verdastra.","2b","0","Troncone","26.000",528607.987,4566542.658,601
"1405","L1","70.15","Marna argillosa grigio verdastra.","2b","0","Troncone","26.000",528607.987,4566542.658,601
"1406","L1","70.2","Marna argillosa grigio verdastra.","2b","0","Troncone","26.000",528607.987,4566542.658,601
"1407","L1","70.25","Marna argillosa grigio verdastra.","2b","0","Troncone","26.000",528607.987,4566542.658,601
"1408","L1","70.3","Marna argillosa grigio verdastra.","2b","0","Troncone","26.000",528607.987,4566542.658,601
"1409","L1","70.35","Marna argillosa grigio verdastra.","2b","0","Troncone","26.000",528607.987,4566542.658,601
"1410","L1","70.4","Marna argillosa grigio verdastra.","2b","0","Troncone","26.000",528607.987,4566542.658,601
"1411","L1","70.45","Marna argillosa grigio verdastra.","2b","0","Troncone","26.000",528607.987,4566542.658,601
"1412","L1","70.5","Marna argillosa grigio verdastra.","2b","0","Troncone","26.000",528607.987,4566542.658,601
"1413","L1","70.55","Marna argillosa grigio verdastra.","2b","0","Troncone","26.000",528607.987,4566542.658,601
"1414","L1","70.6","Marna argillosa grigio verdastra.","2b","0","Troncone","26.000",528607.987,4566542.658,601
"1415","L1","70.65","Marna argillosa grigio verdastra.","2b","0","Troncone","26.000",528607.987,4566542.658,601
"1416","L1","70.7","Marna argillosa grigio verdastra.","2b","0","Troncone","26.000",528607.987,4566542.658,601
"1417","L1","70.75","Marna argillosa grigio verdastra.","2b","0","Troncone","26.000",528607.987,4566542.658,601
"1418","L1","70.8","Marna argillosa grigio verdastra.","2b","0","Troncone","26.000",528607.987,4566542.658,601
"1419","L1","70.85","Marna argillosa grigio verdastra.","2b","0","Troncone","26.000",528607.987,4566542.658,601
"1420","L1","70.9","Marna argillosa grigio verdastra.","2b","0","Troncone","26.000",528607.987,4566542.658,601
"1421","L1","70.95","Marna argillosa grigio verdastra.","2b","0","Troncone","26.000",528607.987,4566542.658,601
"1422","L1","71","Marna argillosa grigio verdastra.","2b","0","Troncone","26.000",528607.987,4566542.658,601
"1423","L1","71.05","Marna argillosa grigio verdastra.","2b","0","Troncone","26.000",528607.987,4566542.658,601
"1424","L1","71.1","Marna argillosa grigio verdastra.","2b","0","Troncone","26.000",528607.987,4566542.658,601
"1425","L1","71.15","Marna argillosa grigio verdastra.","2b","0","Troncone","26.000",528607.987,4566542.658,601
"1426","L1","71.2","Marna argillosa grigio verdastra.","2b","0","Troncone","26.000",528607.987,4566542.658,601
"1427","L1","71.25","Marna argillosa grigio verdastra.","2b","0","Troncone","26.000",528607.987,4566542.658,601
"1428","L1","71.3","Marna argillosa grigio verdastra.","2b","0","Troncone","26.000",528607.987,4566542.658,601
"1429","L1","71.35","Marna argillosa grigio verdastra.","2b","0","Troncone","26.000",528607.987,4566542.658,601
"1430","L1","71.4","Marna argillosa grigio verdastra.","2b","0","Troncone","26.000",528607.987,4566542.658,601
"1431","L1","71.45","Marna argillosa grigio verdastra.","2b","0","Troncone","26.000",528607.987,4566542.658,601
"1432","L1","71.5","Marna argillosa grigio verdastra.","2b","0","Troncone","26.000",528607.987,4566542.658,601
"1433","L1","71.55","Marna argillosa grigio verdastra.","2b","0","Troncone","26.000",528607.987,4566542.658,601
"1434","L1","71.6","Marna argillosa grigio verdastra.","2b","0","Troncone","26.000",528607.987,4566542.658,601
"1435","L1","71.65","Marna argillosa grigio verdastra.","2b","0","Troncone","26.000",528607.987,4566542.658,601
"1436","L1","71.7","Marna argillosa grigio verdastra.","2b","0","Troncone","26.000",528607.987,4566542.658,601
"1437","L1","71.75","Marna argillosa grigio verdastra.","2b","0","Troncone","26.000",528607.987,4566542.658,601
"1438","L1","71.8","Marna argillosa grigio verdastra.","2b","0","Troncone","26.000",528607.987,4566542.658,601
"1439","L1","71.85","Marna argillosa grigio verdastra.","2b","0","Troncone","26.000",528607.987,4566542.658,601
"1440","L1","71.9","Marna argillosa grigio verdastra.","2b","0","Troncone","26.000",528607.987,4566542.658,601
"1441","L1","71.95","Marna argillosa grigio verdastra.","2b","0","Troncone","26.000",528607.987,4566542.658,601
"1442","L1","72","Marna argillosa grigio verdastra.","2b","0","Troncone","26.000",528607.987,4566542.658,601
"1443","L1","72.05","Marna argillosa grigio verdastra.","2b","0","Troncone","26.000",528607.987,4566542.658,601
"1444","L1","72.1","Marna argillosa grigio verdastra.","2b","0","Troncone","26.000",528607.987,4566542.658,601
"1445","L1","72.15","Marna argillosa grigio verdastra.","2b","0","Troncone","26.000",528607.987,4566542.658,601
"1446","L1","72.2","Marna argillosa grigio verdastra.","2b","0","Troncone","26.000",528607.987,4566542.658,601
"1447","L1","72.25","Marna argillosa grigio verdastra.","2b","0","Troncone","26.000",528607.987,4566542.658,601
"1448","L1","72.3","Marna argillosa grigio verdastra.","2b","0","Troncone","26.000",528607.987,4566542.658,601
"1449","L1","72.35","Marna argillosa grigio verdastra.","2b","0","Troncone","26.000",528607.987,4566542.658,601
"1450","L1","72.4","Marna argillosa grigio verdastra.","2b","0","Troncone","26.000",528607.987,4566542.658,601
"1451","L1","72.45","Marna argillosa grigio verdastra.","2b","0","Troncone","26.000",528607.987,4566542.658,601
"1452","L1","72.5","Marna argillosa grigio verdastra.","2b","0","Troncone","26.000",528607.987,4566542.658,601
"1453","L1","72.55","Marna argillosa grigio verdastra.","2b","0","Troncone","26.000",528607.987,4566542.658,601
"1454","L1","72.6","Marna argillosa grigio verdastra.","2b","0","Troncone","26.000",528607.987,4566542.658,601
"1455","L1","72.65","Marna argillosa grigio verdastra.","2b","0","Troncone","26.000",528607.987,4566542.658,601
"1456","L1","72.7","Marna argillosa grigio verdastra.","2b","0","Troncone","26.000",528607.987,4566542.658,601
"1457","L1","72.75","Marna argillosa grigio verdastra.","2b","0","Troncone","26.000",528607.987,4566542.658,601
"1458","L1","72.8","Marna argillosa grigio verdastra.","2b","0","Troncone","26.000",528607.987,4566542.658,601
"1459","L1","72.85","Marna argillosa grigio verdastra.","2b","0","Troncone","26.000",528607.987,4566542.658,601
"1460","L1","72.9","Marna argillosa grigio verdastra.","2b","0","Troncone","26.000",528607.987,4566542.658,601
"1461","L1","72.95","Marna argillosa grigio verdastra.","2b","0","Troncone","26.000",528607.987,4566542.658,601
"1462","L1","73","Marna argillosa grigio verdastra.","2b","0","Troncone","26.000",528607.987,4566542.658,601
"1463","L1","73.05","Marna argillosa grigio verdastra.","2b","0","Troncone","26.000",528607.987,4566542.658,601
"1464","L1","73.1","Marna argillosa grigio verdastra.","2b","0","Troncone","26.000",528607.987,4566542.658,601
"1465","L1","73.15","Marna argillosa grigio verdastra.","2b","0","Troncone","26.000",528607.987,4566542.658,601
"1466","L1","73.2","Marna argillosa grigio verdastra.","2b","0","Troncone","26.000",528607.987,4566542.658,601
"1467","L1","73.25","Marna argillosa grigio verdastra.","2b","0","Troncone","26.000",528607.987,4566542.658,601
"1468","L1","73.3","Marna argillosa grigio verdastra.","2b","0","Troncone","26.000",528607.987,4566542.658,601
"1469","L1","73.35","Marna argillosa grigio verdastra.","2b","0","Troncone","26.000",528607.987,4566542.658,601
"1470","L1","73.4","Marna argillosa grigio verdastra.","2b","0","Troncone","26.000",528607.987,4566542.658,601
"1471","L1","73.45","Marna argillosa grigio verdastra.","2b","0","Troncone","26.000",528607.987,4566542.658,601
"1472","L1","73.5","Marna argillosa grigio verdastra.","2b","0","Troncone","26.000",528607.987,4566542.658,601
"1473","L1","73.55","Marna argillosa grigio verdastra.","2b","0","Troncone","26.000",528607.987,4566542.658,601
"1474","L1","73.6","Marna argillosa grigio verdastra.","2b","0","Troncone","26.000",528607.987,4566542.658,601
"1475","L1","73.65","Marna argillosa grigio verdastra.","2b","0","Troncone","26.000",528607.987,4566542.658,601
"1476","L1","73.7","Marna argillosa grigio verdastra.","2b","0","Troncone","26.000",528607.987,4566542.658,601
"1477","L1","73.75","Marna argillosa grigio verdastra.","2b","0","Troncone","26.000",528607.987,4566542.658,601
"1478","L1","73.8","Marna argillosa grigio verdastra.","2b","0","Troncone","26.000",528607.987,4566542.658,601
"1479","L1","73.85","Marna argillosa grigio verdastra.","2b","0","Troncone","26.000",528607.987,4566542.658,601
"1480","L1","73.9","Marna argillosa grigio verdastra.","2b","0","Troncone","26.000",528607.987,4566542.658,601
"1481","L1","73.95","Marna argillosa grigio verdastra.","2b","0","Troncone","26.000",528607.987,4566542.658,601
"1482","L1","74","Marna argillosa grigio verdastra.","2b","0","Troncone","26.000",528607.987,4566542.658,601
"1483","L1","74.05","Marna argillosa grigio verdastra.","2b","0","Troncone","26.000",528607.987,4566542.658,601
"1484","L1","74.1","Marna argillosa grigio verdastra.","2b","0","Troncone","26.000",528607.987,4566542.658,601
"1485","L1","74.15","Marna argillosa grigio verdastra.","2b","0","Troncone","26.000",528607.987,4566542.658,601
"1486","L1","74.2","Marna argillosa grigio verdastra.","2b","0","Troncone","26.000",528607.987,4566542.658,601
"1487","L1","74.25","Marna argillosa grigio verdastra.","2b","0","Troncone","26.000",528607.987,4566542.658,601
"1488","L1","74.3","Marna argillosa grigio verdastra.","2b","0","Troncone","26.000",528607.987,4566542.658,601
"1489","L1","74.35","Marna argillosa grigio verdastra.","2b","0","Troncone","26.000",528607.987,4566542.658,601
"1490","L1","74.4","Marna argillosa grigio verdastra.","2b","0","Troncone","26.000",528607.987,4566542.658,601
"1491","L1","74.45","Marna argillosa grigio verdastra.","2b","0","Troncone","26.000",528607.987,4566542.658,601
"1492","L1","74.5","Marna argillosa grigio verdastra.","2b","0","Troncone","26.000",528607.987,4566542.658,601
"1493","L1","74.55","Marna argillosa grigio verdastra.","2b","0","Troncone","26.000",528607.987,4566542.658,601
"1494","L1","74.6","Marna argillosa grigio verdastra.","2b","0","Troncone","26.000",528607.987,4566542.658,601
"1495","L1","74.65","Marna argillosa grigio verdastra.","2b","0","Troncone","26.000",528607.987,4566542.658,601
"1496","L1","74.7","Marna argillosa grigio verdastra.","2b","0","Troncone","26.000",528607.987,4566542.658,601
"1497","L1","74.75","Marna argillosa grigio verdastra.","2b","0","Troncone","26.000",528607.987,4566542.658,601
"1498","L1","74.8","Marna argillosa grigio verdastra.","2b","0","Troncone","26.000",528607.987,4566542.658,601
"1499","L1","74.85","Marna argillosa grigio verdastra.","2b","0","Troncone","26.000",528607.987,4566542.658,601
"1500","L1","74.9","Marna argillosa grigio verdastra.","2b","0","Troncone","26.000",528607.987,4566542.658,601
"1501","L1","74.95","Marna argillosa grigio verdastra.","2b","0","Troncone","26.000",528607.987,4566542.658,601
"1502","L1","75","Marna argillosa grigio verdastra.","2b","0","Troncone","26.000",528607.987,4566542.658,601
"1503","L1","75.05","Marna argillosa grigio verdastra.","2b","0","Troncone","26.000",528607.987,4566542.658,601
"1504","L1","75.1","Marna argillosa grigio verdastra.","2b","0","Troncone","26.000",528607.987,4566542.658,601
"1505","L1","75.15","Marna argillosa grigio verdastra.","2b","0","Troncone","26.000",528607.987,4566542.658,601
"1506","L1","75.2","Marna argillosa grigio verdastra.","2b","0","Troncone","26.000",528607.987,4566542.658,601
"1507","L1","75.25","Marna argillosa grigio verdastra.","2b","0","Troncone","26.000",528607.987,4566542.658,601
"1508","L1","75.3","Marna argillosa grigio verdastra.","2b","0","Troncone","26.000",528607.987,4566542.658,601
"1509","L1","75.35","Marna argillosa grigio verdastra.","2b","0","Troncone","26.000",528607.987,4566542.658,601
"1510","L1","75.4","Marna argillosa grigio verdastra.","2b","0","Troncone","26.000",528607.987,4566542.658,601
"1511","L1","75.45","Marna argillosa grigio verdastra.","2b","0","Troncone","26.000",528607.987,4566542.658,601
"1512","L1","75.5","Marna argillosa grigio verdastra.","2b","0","Troncone","26.000",528607.987,4566542.658,601
"1513","L1","75.55","Marna argillosa grigio verdastra.","2b","0","Troncone","26.000",528607.987,4566542.658,601
"1514","L1","75.6","Marna argillosa grigio verdastra.","2b","0","Troncone","26.000",528607.987,4566542.658,601
"1515","L1","75.65","Marna argillosa grigio verdastra.","2b","0","Troncone","26.000",528607.987,4566542.658,601
"1516","L1","75.7","Marna argillosa grigio verdastra.","2b","0","Troncone","26.000",528607.987,4566542.658,601
"1517","L1","75.75","Marna argillosa grigio verdastra.","2b","0","Troncone","26.000",528607.987,4566542.658,601
"1518","L1","75.8","Marna argillosa grigio verdastra.","2b","0","Troncone","26.000",528607.987,4566542.658,601
"1519","L1","75.85","Marna argillosa grigio verdastra.","2b","0","Troncone","26.000",528607.987,4566542.658,601
"1520","L1","75.9","Marna argillosa grigio verdastra.","2b","0","Troncone","26.000",528607.987,4566542.658,601
"1521","L1","75.95","Marna argillosa grigio verdastra.","2b","0","Troncone","26.000",528607.987,4566542.658,601
"1522","L1","76","Marna argillosa grigio verdastra.","2b","0","Troncone","26.000",528607.987,4566542.658,601
"1523","L1","76.05","Marna argillosa grigio verdastra.","2b","0","Troncone","26.000",528607.987,4566542.658,601
"1524","L1","76.1","Marna argillosa grigio verdastra.","2b","0","Troncone","26.000",528607.987,4566542.658,601
"1525","L1","76.15","Marna argillosa grigio verdastra.","2b","0","Troncone","26.000",528607.987,4566542.658,601
"1526","L1","76.2","Marna argillosa grigio verdastra.","2b","0","Troncone","26.000",528607.987,4566542.658,601
"1527","L1","76.25","Marna argillosa grigio verdastra.","2b","0","Troncone","26.000",528607.987,4566542.658,601
"1528","L1","76.3","Marna argillosa grigio verdastra.","2b","0","Troncone","26.000",528607.987,4566542.658,601
"1529","L1","76.35","Marna argillosa grigio verdastra.","2b","0","Troncone","26.000",528607.987,4566542.658,601
"1530","L1","76.4","Marna argillosa grigio verdastra.","2b","0","Troncone","26.000",528607.987,4566542.658,601
"1531","L1","76.45","Marna argillosa grigio verdastra.","2b","0","Troncone","26.000",528607.987,4566542.658,601
"1532","L1","76.5","Marna argillosa grigio verdastra.","2b","0","Troncone","26.000",528607.987,4566542.658,601
"1533","L1","76.55","Marna argillosa grigio verdastra.","2b","0","Troncone","26.000",528607.987,4566542.658,601
"1534","L1","76.6","Marna argillosa grigio verdastra.","2b","0","Troncone","26.000",528607.987,4566542.658,601
"1535","L1","76.65","Marna argillosa grigio verdastra.","2b","0","Troncone","26.000",528607.987,4566542.658,601
"1536","L1","76.7","Marna argillosa grigio verdastra.","2b","0","Troncone","26.000",528607.987,4566542.658,601
