"","borehole","Depth","Description","Unit","Valid","campaign","DEPTH","x","y","z"
"1","P3","0","Terreno.","Riporto","1","Troncone","24.000",528482.154,4566312.979,563
"2","P3","0.05","Terreno.","Riporto","1","Troncone","24.000",528482.154,4566312.979,563
"3","P3","0.1","Terreno.","Riporto","1","Troncone","24.000",528482.154,4566312.979,563
"4","P3","0.15","Terreno.","Riporto","1","Troncone","24.000",528482.154,4566312.979,563
"5","P3","0.2","Terreno.","Riporto","1","Troncone","24.000",528482.154,4566312.979,563
"6","P3","0.25","Terreno.","Riporto","1","Troncone","24.000",528482.154,4566312.979,563
"7","P3","0.3","Terreno.","Riporto","1","Troncone","24.000",528482.154,4566312.979,563
"8","P3","0.35","Terreno.","Riporto","1","Troncone","24.000",528482.154,4566312.979,563
"9","P3","0.4","Terreno.","Riporto","1","Troncone","24.000",528482.154,4566312.979,563
"10","P3","0.45","Terreno.","Riporto","1","Troncone","24.000",528482.154,4566312.979,563
"11","P3","0.5","Terreno.","Riporto","1","Troncone","24.000",528482.154,4566312.979,563
"12","P3","0.55","Terreno.","Riporto","1","Troncone","24.000",528482.154,4566312.979,563
"13","P3","0.6","Terreno.","Riporto","1","Troncone","24.000",528482.154,4566312.979,563
"14","P3","0.65","Terreno.","Riporto","1","Troncone","24.000",528482.154,4566312.979,563
"15","P3","0.7","Terreno.","Riporto","1","Troncone","24.000",528482.154,4566312.979,563
"16","P3","0.75","Terreno.","Riporto","1","Troncone","24.000",528482.154,4566312.979,563
"17","P3","0.8","Terreno.","Riporto","1","Troncone","24.000",528482.154,4566312.979,563
"18","P3","0.85","Terreno.","Riporto","1","Troncone","24.000",528482.154,4566312.979,563
"19","P3","0.9","Terreno.","Riporto","1","Troncone","24.000",528482.154,4566312.979,563
"20","P3","0.95","Terreno.","Riporto","1","Troncone","24.000",528482.154,4566312.979,563
"21","P3","1","Terreno.","Riporto","1","Troncone","24.000",528482.154,4566312.979,563
"22","P3","1.05","Terreno.","Riporto","1","Troncone","24.000",528482.154,4566312.979,563
"23","P3","1.1","Terreno.","Riporto","1","Troncone","24.000",528482.154,4566312.979,563
"24","P3","1.15","Terreno.","Riporto","1","Troncone","24.000",528482.154,4566312.979,563
"25","P3","1.2","Terreno.","Riporto","1","Troncone","24.000",528482.154,4566312.979,563
"26","P3","1.25","Terreno.","Riporto","1","Troncone","24.000",528482.154,4566312.979,563
"27","P3","1.3","Terreno.","Riporto","1","Troncone","24.000",528482.154,4566312.979,563
"28","P3","1.35","Terreno.","Riporto","1","Troncone","24.000",528482.154,4566312.979,563
"29","P3","1.4","Terreno.","Riporto","1","Troncone","24.000",528482.154,4566312.979,563
"30","P3","1.45","Terreno.","Riporto","1","Troncone","24.000",528482.154,4566312.979,563
"31","P3","1.5","Terreno.","Riporto","1","Troncone","24.000",528482.154,4566312.979,563
"32","P3","1.55","Terreno.","Riporto","1","Troncone","24.000",528482.154,4566312.979,563
"33","P3","1.6","Terreno.","Riporto","1","Troncone","24.000",528482.154,4566312.979,563
"34","P3","1.65","Terreno.","Riporto","1","Troncone","24.000",528482.154,4566312.979,563
"35","P3","1.7","Terreno.","Riporto","1","Troncone","24.000",528482.154,4566312.979,563
"36","P3","1.75","Terreno.","Riporto","1","Troncone","24.000",528482.154,4566312.979,563
"37","P3","1.8","Terreno.","Riporto","1","Troncone","24.000",528482.154,4566312.979,563
"38","P3","1.85","Terreno.","Riporto","1","Troncone","24.000",528482.154,4566312.979,563
"39","P3","1.9","Terreno.","Riporto","1","Troncone","24.000",528482.154,4566312.979,563
"40","P3","1.95","Terreno.","Riporto","1","Troncone","24.000",528482.154,4566312.979,563
"41","P3","2","Terreno.","Riporto","1","Troncone","24.000",528482.154,4566312.979,563
"42","P3","2.05","Terreno.","Riporto","1","Troncone","24.000",528482.154,4566312.979,563
"43","P3","2.1","Terreno.","Riporto","1","Troncone","24.000",528482.154,4566312.979,563
"44","P3","2.15","Terreno.","Riporto","1","Troncone","24.000",528482.154,4566312.979,563
"45","P3","2.2","Terreno.","Riporto","1","Troncone","24.000",528482.154,4566312.979,563
"46","P3","2.25","Terreno.","Riporto","1","Troncone","24.000",528482.154,4566312.979,563
"47","P3","2.3","Terreno.","Riporto","1","Troncone","24.000",528482.154,4566312.979,563
"48","P3","2.35","Terreno.","Riporto","1","Troncone","24.000",528482.154,4566312.979,563
"49","P3","2.4","Terreno.","Riporto","1","Troncone","24.000",528482.154,4566312.979,563
"50","P3","2.45","Terreno.","Riporto","1","Troncone","24.000",528482.154,4566312.979,563
"51","P3","2.5","Terreno.","Riporto","1","Troncone","24.000",528482.154,4566312.979,563
"52","P3","2.55","Terreno.","Riporto","1","Troncone","24.000",528482.154,4566312.979,563
"53","P3","2.6","Terreno.","Riporto","1","Troncone","24.000",528482.154,4566312.979,563
"54","P3","2.65","Terreno.","Riporto","1","Troncone","24.000",528482.154,4566312.979,563
"55","P3","2.7","Terreno.","Riporto","1","Troncone","24.000",528482.154,4566312.979,563
"56","P3","2.75","Terreno.","Riporto","1","Troncone","24.000",528482.154,4566312.979,563
"57","P3","2.8","Terreno.","Riporto","1","Troncone","24.000",528482.154,4566312.979,563
"58","P3","2.85","Terreno.","Riporto","1","Troncone","24.000",528482.154,4566312.979,563
"59","P3","2.9","Terreno.","Riporto","1","Troncone","24.000",528482.154,4566312.979,563
"60","P3","2.95","Terreno.","Riporto","1","Troncone","24.000",528482.154,4566312.979,563
"61","P3","3","Terreno.","Riporto","1","Troncone","24.000",528482.154,4566312.979,563
"62","P3","3.05","Argilla avana scagliosa con ciottolini inclusi in matrice limosa sabbiosa.","4","1","Troncone","24.000",528482.154,4566312.979,563
"63","P3","3.1","Argilla avana scagliosa con ciottolini inclusi in matrice limosa sabbiosa.","4","1","Troncone","24.000",528482.154,4566312.979,563
"64","P3","3.15","Argilla avana scagliosa con ciottolini inclusi in matrice limosa sabbiosa.","4","1","Troncone","24.000",528482.154,4566312.979,563
"65","P3","3.2","Argilla avana scagliosa con ciottolini inclusi in matrice limosa sabbiosa.","4","1","Troncone","24.000",528482.154,4566312.979,563
"66","P3","3.25","Argilla avana scagliosa con ciottolini inclusi in matrice limosa sabbiosa.","4","1","Troncone","24.000",528482.154,4566312.979,563
"67","P3","3.3","Argilla avana scagliosa con ciottolini inclusi in matrice limosa sabbiosa.","4","1","Troncone","24.000",528482.154,4566312.979,563
"68","P3","3.35","Argilla avana scagliosa con ciottolini inclusi in matrice limosa sabbiosa.","4","1","Troncone","24.000",528482.154,4566312.979,563
"69","P3","3.4","Argilla avana scagliosa con ciottolini inclusi in matrice limosa sabbiosa.","4","1","Troncone","24.000",528482.154,4566312.979,563
"70","P3","3.45","Argilla avana scagliosa con ciottolini inclusi in matrice limosa sabbiosa.","4","1","Troncone","24.000",528482.154,4566312.979,563
"71","P3","3.5","Argilla avana scagliosa con ciottolini inclusi in matrice limosa sabbiosa.","4","1","Troncone","24.000",528482.154,4566312.979,563
"72","P3","3.55","Argilla avana scagliosa con ciottolini inclusi in matrice limosa sabbiosa.","4","1","Troncone","24.000",528482.154,4566312.979,563
"73","P3","3.6","Argilla avana scagliosa con ciottolini inclusi in matrice limosa sabbiosa.","4","1","Troncone","24.000",528482.154,4566312.979,563
"74","P3","3.65","Argilla avana scagliosa con ciottolini inclusi in matrice limosa sabbiosa.","4","1","Troncone","24.000",528482.154,4566312.979,563
"75","P3","3.7","Argilla avana scagliosa con ciottolini inclusi in matrice limosa sabbiosa.","4","1","Troncone","24.000",528482.154,4566312.979,563
"76","P3","3.75","Argilla avana scagliosa con ciottolini inclusi in matrice limosa sabbiosa.","4","1","Troncone","24.000",528482.154,4566312.979,563
"77","P3","3.8","Argilla avana scagliosa con ciottolini inclusi in matrice limosa sabbiosa.","4","1","Troncone","24.000",528482.154,4566312.979,563
"78","P3","3.85","Argilla avana scagliosa con ciottolini inclusi in matrice limosa sabbiosa.","4","1","Troncone","24.000",528482.154,4566312.979,563
"79","P3","3.9","Argilla avana scagliosa con ciottolini inclusi in matrice limosa sabbiosa.","4","1","Troncone","24.000",528482.154,4566312.979,563
"80","P3","3.95","Argilla avana scagliosa con ciottolini inclusi in matrice limosa sabbiosa.","4","1","Troncone","24.000",528482.154,4566312.979,563
"81","P3","4","Argilla avana scagliosa con ciottolini inclusi in matrice limosa sabbiosa.","4","1","Troncone","24.000",528482.154,4566312.979,563
"82","P3","4.05","Argilla avana scagliosa con ciottolini inclusi in matrice limosa sabbiosa.","4","1","Troncone","24.000",528482.154,4566312.979,563
"83","P3","4.1","Argilla avana scagliosa con ciottolini inclusi in matrice limosa sabbiosa.","4","1","Troncone","24.000",528482.154,4566312.979,563
"84","P3","4.15","Argilla avana scagliosa con ciottolini inclusi in matrice limosa sabbiosa.","4","1","Troncone","24.000",528482.154,4566312.979,563
"85","P3","4.2","Argilla avana scagliosa con ciottolini inclusi in matrice limosa sabbiosa.","4","1","Troncone","24.000",528482.154,4566312.979,563
"86","P3","4.25","Argilla avana scagliosa con ciottolini inclusi in matrice limosa sabbiosa.","4","1","Troncone","24.000",528482.154,4566312.979,563
"87","P3","4.3","Argilla avana scagliosa con ciottolini inclusi in matrice limosa sabbiosa.","4","1","Troncone","24.000",528482.154,4566312.979,563
"88","P3","4.35","Argilla avana scagliosa con ciottolini inclusi in matrice limosa sabbiosa.","4","1","Troncone","24.000",528482.154,4566312.979,563
"89","P3","4.4","Argilla avana scagliosa con ciottolini inclusi in matrice limosa sabbiosa.","4","1","Troncone","24.000",528482.154,4566312.979,563
"90","P3","4.45","Argilla avana scagliosa con ciottolini inclusi in matrice limosa sabbiosa.","4","1","Troncone","24.000",528482.154,4566312.979,563
"91","P3","4.5","Argilla avana scagliosa con ciottolini inclusi in matrice limosa sabbiosa.","4","1","Troncone","24.000",528482.154,4566312.979,563
"92","P3","4.55","Argilla avana scagliosa con ciottolini inclusi in matrice limosa sabbiosa.","4","1","Troncone","24.000",528482.154,4566312.979,563
"93","P3","4.6","Argilla avana scagliosa con ciottolini inclusi in matrice limosa sabbiosa.","4","1","Troncone","24.000",528482.154,4566312.979,563
"94","P3","4.65","Argilla avana scagliosa con ciottolini inclusi in matrice limosa sabbiosa.","4","1","Troncone","24.000",528482.154,4566312.979,563
"95","P3","4.7","Argilla avana scagliosa con ciottolini inclusi in matrice limosa sabbiosa.","4","1","Troncone","24.000",528482.154,4566312.979,563
"96","P3","4.75","Argilla avana scagliosa con ciottolini inclusi in matrice limosa sabbiosa.","4","1","Troncone","24.000",528482.154,4566312.979,563
"97","P3","4.8","Argilla avana scagliosa con ciottolini inclusi in matrice limosa sabbiosa.","4","1","Troncone","24.000",528482.154,4566312.979,563
"98","P3","4.85","Argilla avana scagliosa con ciottolini inclusi in matrice limosa sabbiosa.","4","1","Troncone","24.000",528482.154,4566312.979,563
"99","P3","4.9","Argilla avana scagliosa con ciottolini inclusi in matrice limosa sabbiosa.","4","1","Troncone","24.000",528482.154,4566312.979,563
"100","P3","4.95","Argilla avana scagliosa con ciottolini inclusi in matrice limosa sabbiosa.","4","1","Troncone","24.000",528482.154,4566312.979,563
"101","P3","5","Argilla avana scagliosa con ciottolini inclusi in matrice limosa sabbiosa.","4","1","Troncone","24.000",528482.154,4566312.979,563
"102","P3","5.05","Argilla avana scagliosa con ciottolini inclusi in matrice limosa sabbiosa.","4","1","Troncone","24.000",528482.154,4566312.979,563
"103","P3","5.1","Argilla avana scagliosa con ciottolini inclusi in matrice limosa sabbiosa.","4","1","Troncone","24.000",528482.154,4566312.979,563
"104","P3","5.15","Argilla avana scagliosa con ciottolini inclusi in matrice limosa sabbiosa.","4","1","Troncone","24.000",528482.154,4566312.979,563
"105","P3","5.2","Argilla avana scagliosa con ciottolini inclusi in matrice limosa sabbiosa.","4","1","Troncone","24.000",528482.154,4566312.979,563
"106","P3","5.25","Argilla avana scagliosa con ciottolini inclusi in matrice limosa sabbiosa.","4","1","Troncone","24.000",528482.154,4566312.979,563
"107","P3","5.3","Argilla avana scagliosa con ciottolini inclusi in matrice limosa sabbiosa.","4","1","Troncone","24.000",528482.154,4566312.979,563
"108","P3","5.35","Argilla avana scagliosa con ciottolini inclusi in matrice limosa sabbiosa.","4","1","Troncone","24.000",528482.154,4566312.979,563
"109","P3","5.4","Argilla avana scagliosa con ciottolini inclusi in matrice limosa sabbiosa.","4","1","Troncone","24.000",528482.154,4566312.979,563
"110","P3","5.45","Argilla avana scagliosa con ciottolini inclusi in matrice limosa sabbiosa.","4","1","Troncone","24.000",528482.154,4566312.979,563
"111","P3","5.5","Argilla avana scagliosa con ciottolini inclusi in matrice limosa sabbiosa.","4","1","Troncone","24.000",528482.154,4566312.979,563
"112","P3","5.55","Argilla avana scagliosa con ciottolini inclusi in matrice limosa sabbiosa.","4","1","Troncone","24.000",528482.154,4566312.979,563
"113","P3","5.6","Argilla avana scagliosa con ciottolini inclusi in matrice limosa sabbiosa.","4","1","Troncone","24.000",528482.154,4566312.979,563
"114","P3","5.65","Argilla avana scagliosa con ciottolini inclusi in matrice limosa sabbiosa.","4","1","Troncone","24.000",528482.154,4566312.979,563
"115","P3","5.7","Argilla avana scagliosa con ciottolini inclusi in matrice limosa sabbiosa.","4","1","Troncone","24.000",528482.154,4566312.979,563
"116","P3","5.75","Argilla avana scagliosa con ciottolini inclusi in matrice limosa sabbiosa.","4","1","Troncone","24.000",528482.154,4566312.979,563
"117","P3","5.8","Argilla avana scagliosa con ciottolini inclusi in matrice limosa sabbiosa.","4","1","Troncone","24.000",528482.154,4566312.979,563
"118","P3","5.85","Argilla avana scagliosa con ciottolini inclusi in matrice limosa sabbiosa.","4","1","Troncone","24.000",528482.154,4566312.979,563
"119","P3","5.9","Argilla avana scagliosa con ciottolini inclusi in matrice limosa sabbiosa.","4","1","Troncone","24.000",528482.154,4566312.979,563
"120","P3","5.95","Argilla avana scagliosa con ciottolini inclusi in matrice limosa sabbiosa.","4","1","Troncone","24.000",528482.154,4566312.979,563
"121","P3","6","Argilla avana scagliosa con ciottolini inclusi in matrice limosa sabbiosa.","4","1","Troncone","24.000",528482.154,4566312.979,563
"122","P3","6.05","Argilla avana scagliosa con ciottolini inclusi in matrice limosa sabbiosa.","4","1","Troncone","24.000",528482.154,4566312.979,563
"123","P3","6.1","Argilla avana scagliosa con ciottolini inclusi in matrice limosa sabbiosa.","4","1","Troncone","24.000",528482.154,4566312.979,563
"124","P3","6.15","Argilla avana scagliosa con ciottolini inclusi in matrice limosa sabbiosa.","4","1","Troncone","24.000",528482.154,4566312.979,563
"125","P3","6.2","Argilla avana scagliosa con ciottolini inclusi in matrice limosa sabbiosa.","4","1","Troncone","24.000",528482.154,4566312.979,563
"126","P3","6.25","Argilla avana scagliosa con ciottolini inclusi in matrice limosa sabbiosa.","4","1","Troncone","24.000",528482.154,4566312.979,563
"127","P3","6.3","Argilla avana scagliosa con ciottolini inclusi in matrice limosa sabbiosa.","4","1","Troncone","24.000",528482.154,4566312.979,563
"128","P3","6.35","Argilla avana scagliosa con ciottolini inclusi in matrice limosa sabbiosa.","4","1","Troncone","24.000",528482.154,4566312.979,563
"129","P3","6.4","Argilla avana scagliosa con ciottolini inclusi in matrice limosa sabbiosa.","4","1","Troncone","24.000",528482.154,4566312.979,563
"130","P3","6.45","Argilla avana scagliosa con ciottolini inclusi in matrice limosa sabbiosa.","4","1","Troncone","24.000",528482.154,4566312.979,563
"131","P3","6.5","Argilla avana scagliosa con ciottolini inclusi in matrice limosa sabbiosa.","4","1","Troncone","24.000",528482.154,4566312.979,563
"132","P3","6.55","Argilla marnosa grigio-azzurra.","3","1","Troncone","24.000",528482.154,4566312.979,563
"133","P3","6.6","Argilla marnosa grigio-azzurra.","3","1","Troncone","24.000",528482.154,4566312.979,563
"134","P3","6.65","Argilla marnosa grigio-azzurra.","3","1","Troncone","24.000",528482.154,4566312.979,563
"135","P3","6.7","Argilla marnosa grigio-azzurra.","3","1","Troncone","24.000",528482.154,4566312.979,563
"136","P3","6.75","Argilla marnosa grigio-azzurra.","3","1","Troncone","24.000",528482.154,4566312.979,563
"137","P3","6.8","Argilla marnosa grigio-azzurra.","3","1","Troncone","24.000",528482.154,4566312.979,563
"138","P3","6.85","Argilla marnosa grigio-azzurra.","3","1","Troncone","24.000",528482.154,4566312.979,563
"139","P3","6.9","Argilla marnosa grigio-azzurra.","3","1","Troncone","24.000",528482.154,4566312.979,563
"140","P3","6.95","Argilla marnosa grigio-azzurra.","3","1","Troncone","24.000",528482.154,4566312.979,563
"141","P3","7","Argilla marnosa grigio-azzurra.","3","1","Troncone","24.000",528482.154,4566312.979,563
"142","P3","7.05","Argilla marnosa grigio-azzurra.","3","1","Troncone","24.000",528482.154,4566312.979,563
"143","P3","7.1","Argilla marnosa grigio-azzurra.","3","1","Troncone","24.000",528482.154,4566312.979,563
"144","P3","7.15","Argilla marnosa grigio-azzurra.","3","1","Troncone","24.000",528482.154,4566312.979,563
"145","P3","7.2","Argilla marnosa grigio-azzurra.","3","1","Troncone","24.000",528482.154,4566312.979,563
"146","P3","7.25","Argilla marnosa grigio-azzurra.","3","1","Troncone","24.000",528482.154,4566312.979,563
"147","P3","7.3","Argilla marnosa grigio-azzurra.","3","1","Troncone","24.000",528482.154,4566312.979,563
"148","P3","7.35","Argilla marnosa grigio-azzurra.","3","1","Troncone","24.000",528482.154,4566312.979,563
"149","P3","7.4","Argilla marnosa grigio-azzurra.","3","1","Troncone","24.000",528482.154,4566312.979,563
"150","P3","7.45","Argilla marnosa grigio-azzurra.","3","1","Troncone","24.000",528482.154,4566312.979,563
"151","P3","7.5","Argilla marnosa grigio-azzurra.","3","1","Troncone","24.000",528482.154,4566312.979,563
"152","P3","7.55","Argilla marnosa grigio-azzurra.","3","1","Troncone","24.000",528482.154,4566312.979,563
"153","P3","7.6","Argilla marnosa grigio-azzurra.","3","1","Troncone","24.000",528482.154,4566312.979,563
"154","P3","7.65","Argilla marnosa grigio-azzurra.","3","1","Troncone","24.000",528482.154,4566312.979,563
"155","P3","7.7","Argilla marnosa grigio-azzurra.","3","1","Troncone","24.000",528482.154,4566312.979,563
"156","P3","7.75","Argilla marnosa grigio-azzurra.","3","1","Troncone","24.000",528482.154,4566312.979,563
"157","P3","7.8","Argilla marnosa grigio-azzurra.","3","1","Troncone","24.000",528482.154,4566312.979,563
"158","P3","7.85","Argilla marnosa grigio-azzurra.","3","1","Troncone","24.000",528482.154,4566312.979,563
"159","P3","7.9","Argilla marnosa grigio-azzurra.","3","1","Troncone","24.000",528482.154,4566312.979,563
"160","P3","7.95","Argilla marnosa grigio-azzurra.","3","1","Troncone","24.000",528482.154,4566312.979,563
"161","P3","8","Argilla marnosa grigio-azzurra.","3","1","Troncone","24.000",528482.154,4566312.979,563
"162","P3","8.05","Argilla marnosa grigio-azzurra.","3","1","Troncone","24.000",528482.154,4566312.979,563
"163","P3","8.1","Argilla marnosa grigio-azzurra.","3","1","Troncone","24.000",528482.154,4566312.979,563
"164","P3","8.15","Argilla marnosa grigio-azzurra.","3","1","Troncone","24.000",528482.154,4566312.979,563
"165","P3","8.2","Argilla marnosa grigio-azzurra.","3","1","Troncone","24.000",528482.154,4566312.979,563
"166","P3","8.25","Argilla marnosa grigio-azzurra.","3","1","Troncone","24.000",528482.154,4566312.979,563
"167","P3","8.3","Argilla marnosa grigio-azzurra.","3","1","Troncone","24.000",528482.154,4566312.979,563
"168","P3","8.35","Argilla marnosa grigio-azzurra.","3","1","Troncone","24.000",528482.154,4566312.979,563
"169","P3","8.4","Argilla marnosa grigio-azzurra.","3","1","Troncone","24.000",528482.154,4566312.979,563
"170","P3","8.45","Argilla marnosa grigio-azzurra.","3","1","Troncone","24.000",528482.154,4566312.979,563
"171","P3","8.5","Argilla marnosa grigio-azzurra.","3","1","Troncone","24.000",528482.154,4566312.979,563
"172","P3","8.55","Argilla marnosa grigio-azzurra.","3","1","Troncone","24.000",528482.154,4566312.979,563
"173","P3","8.6","Argilla marnosa grigio-azzurra.","3","1","Troncone","24.000",528482.154,4566312.979,563
"174","P3","8.65","Argilla marnosa grigio-azzurra.","3","1","Troncone","24.000",528482.154,4566312.979,563
"175","P3","8.7","Argilla marnosa grigio-azzurra.","3","1","Troncone","24.000",528482.154,4566312.979,563
"176","P3","8.75","Argilla marnosa grigio-azzurra.","3","1","Troncone","24.000",528482.154,4566312.979,563
"177","P3","8.8","Argilla marnosa grigio-azzurra.","3","1","Troncone","24.000",528482.154,4566312.979,563
"178","P3","8.85","Argilla marnosa grigio-azzurra.","3","1","Troncone","24.000",528482.154,4566312.979,563
"179","P3","8.9","Argilla marnosa grigio-azzurra.","3","1","Troncone","24.000",528482.154,4566312.979,563
"180","P3","8.95","Argilla marnosa grigio-azzurra.","3","1","Troncone","24.000",528482.154,4566312.979,563
"181","P3","9","Argilla marnosa grigio-azzurra.","3","1","Troncone","24.000",528482.154,4566312.979,563
"182","P3","9.05","Argilla marnosa grigio-azzurra.","3","1","Troncone","24.000",528482.154,4566312.979,563
"183","P3","9.1","Argilla marnosa grigio-azzurra.","3","1","Troncone","24.000",528482.154,4566312.979,563
"184","P3","9.15","Argilla marnosa grigio-azzurra.","3","1","Troncone","24.000",528482.154,4566312.979,563
"185","P3","9.2","Argilla marnosa grigio-azzurra.","3","1","Troncone","24.000",528482.154,4566312.979,563
"186","P3","9.25","Argilla marnosa grigio-azzurra.","3","1","Troncone","24.000",528482.154,4566312.979,563
"187","P3","9.3","Argilla marnosa grigio-azzurra.","3","1","Troncone","24.000",528482.154,4566312.979,563
"188","P3","9.35","Argilla marnosa grigio-azzurra.","3","1","Troncone","24.000",528482.154,4566312.979,563
"189","P3","9.4","Argilla marnosa grigio-azzurra.","3","1","Troncone","24.000",528482.154,4566312.979,563
"190","P3","9.45","Argilla marnosa grigio-azzurra.","3","1","Troncone","24.000",528482.154,4566312.979,563
"191","P3","9.5","Argilla marnosa grigio-azzurra.","3","1","Troncone","24.000",528482.154,4566312.979,563
"192","P3","9.55","Argilla marnosa grigio-azzurra.","3","1","Troncone","24.000",528482.154,4566312.979,563
"193","P3","9.6","Argilla marnosa grigio-azzurra.","3","1","Troncone","24.000",528482.154,4566312.979,563
"194","P3","9.65","Argilla marnosa grigio-azzurra.","3","1","Troncone","24.000",528482.154,4566312.979,563
"195","P3","9.7","Argilla marnosa grigio-azzurra.","3","1","Troncone","24.000",528482.154,4566312.979,563
"196","P3","9.75","Argilla marnosa grigio-azzurra.","3","1","Troncone","24.000",528482.154,4566312.979,563
"197","P3","9.8","Argilla marnosa grigio-azzurra.","3","1","Troncone","24.000",528482.154,4566312.979,563
"198","P3","9.85","Argilla marnosa grigio-azzurra.","3","1","Troncone","24.000",528482.154,4566312.979,563
"199","P3","9.9","Argilla marnosa grigio-azzurra.","3","1","Troncone","24.000",528482.154,4566312.979,563
"200","P3","9.95","Argilla marnosa grigio-azzurra.","3","1","Troncone","24.000",528482.154,4566312.979,563
"201","P3","10","Argilla marnosa grigio-azzurra.","3","1","Troncone","24.000",528482.154,4566312.979,563
"202","P3","10.05","Argilla marnosa grigio-azzurra.","3","1","Troncone","24.000",528482.154,4566312.979,563
"203","P3","10.1","Argilla marnosa grigio-azzurra.","3","1","Troncone","24.000",528482.154,4566312.979,563
"204","P3","10.15","Argilla marnosa grigio-azzurra.","3","1","Troncone","24.000",528482.154,4566312.979,563
"205","P3","10.2","Argilla marnosa grigio-azzurra.","3","1","Troncone","24.000",528482.154,4566312.979,563
"206","P3","10.25","Argilla marnosa grigio-azzurra.","3","1","Troncone","24.000",528482.154,4566312.979,563
"207","P3","10.3","Argilla marnosa grigio-azzurra.","3","1","Troncone","24.000",528482.154,4566312.979,563
"208","P3","10.35","Argilla marnosa grigio-azzurra.","3","1","Troncone","24.000",528482.154,4566312.979,563
"209","P3","10.4","Argilla marnosa grigio-azzurra.","3","1","Troncone","24.000",528482.154,4566312.979,563
"210","P3","10.45","Argilla marnosa grigio-azzurra.","3","1","Troncone","24.000",528482.154,4566312.979,563
"211","P3","10.5","Argilla marnosa grigio-azzurra.","3","1","Troncone","24.000",528482.154,4566312.979,563
"212","P3","10.55","Argilla marnosa grigio-azzurra.","3","1","Troncone","24.000",528482.154,4566312.979,563
"213","P3","10.6","Argilla marnosa grigio-azzurra.","3","1","Troncone","24.000",528482.154,4566312.979,563
"214","P3","10.65","Argilla marnosa grigio-azzurra.","3","1","Troncone","24.000",528482.154,4566312.979,563
"215","P3","10.7","Argilla marnosa grigio-azzurra.","3","1","Troncone","24.000",528482.154,4566312.979,563
"216","P3","10.75","Argilla marnosa grigio-azzurra.","3","1","Troncone","24.000",528482.154,4566312.979,563
"217","P3","10.8","Argilla marnosa grigio-azzurra.","3","1","Troncone","24.000",528482.154,4566312.979,563
"218","P3","10.85","Argilla marnosa grigio-azzurra.","3","1","Troncone","24.000",528482.154,4566312.979,563
"219","P3","10.9","Argilla marnosa grigio-azzurra.","3","1","Troncone","24.000",528482.154,4566312.979,563
"220","P3","10.95","Argilla marnosa grigio-azzurra.","3","1","Troncone","24.000",528482.154,4566312.979,563
"221","P3","11","Argilla marnosa grigio-azzurra.","3","1","Troncone","24.000",528482.154,4566312.979,563
"222","P3","11.05","Calcarenite stratificata, spesso intensamente fratturata. Talora livelli argillosi-sabbiosi.","3","1","Troncone","24.000",528482.154,4566312.979,563
"223","P3","11.1","Calcarenite stratificata, spesso intensamente fratturata. Talora livelli argillosi-sabbiosi.","3","1","Troncone","24.000",528482.154,4566312.979,563
"224","P3","11.15","Calcarenite stratificata, spesso intensamente fratturata. Talora livelli argillosi-sabbiosi.","3","1","Troncone","24.000",528482.154,4566312.979,563
"225","P3","11.2","Calcarenite stratificata, spesso intensamente fratturata. Talora livelli argillosi-sabbiosi.","3","1","Troncone","24.000",528482.154,4566312.979,563
"226","P3","11.25","Calcarenite stratificata, spesso intensamente fratturata. Talora livelli argillosi-sabbiosi.","3","1","Troncone","24.000",528482.154,4566312.979,563
"227","P3","11.3","Calcarenite stratificata, spesso intensamente fratturata. Talora livelli argillosi-sabbiosi.","3","1","Troncone","24.000",528482.154,4566312.979,563
"228","P3","11.35","Calcarenite stratificata, spesso intensamente fratturata. Talora livelli argillosi-sabbiosi.","3","1","Troncone","24.000",528482.154,4566312.979,563
"229","P3","11.4","Calcarenite stratificata, spesso intensamente fratturata. Talora livelli argillosi-sabbiosi.","3","1","Troncone","24.000",528482.154,4566312.979,563
"230","P3","11.45","Calcarenite stratificata, spesso intensamente fratturata. Talora livelli argillosi-sabbiosi.","3","1","Troncone","24.000",528482.154,4566312.979,563
"231","P3","11.5","Calcarenite stratificata, spesso intensamente fratturata. Talora livelli argillosi-sabbiosi.","3","1","Troncone","24.000",528482.154,4566312.979,563
"232","P3","11.55","Calcarenite stratificata, spesso intensamente fratturata. Talora livelli argillosi-sabbiosi.","3","1","Troncone","24.000",528482.154,4566312.979,563
"233","P3","11.6","Calcarenite stratificata, spesso intensamente fratturata. Talora livelli argillosi-sabbiosi.","3","1","Troncone","24.000",528482.154,4566312.979,563
"234","P3","11.65","Calcarenite stratificata, spesso intensamente fratturata. Talora livelli argillosi-sabbiosi.","3","1","Troncone","24.000",528482.154,4566312.979,563
"235","P3","11.7","Calcarenite stratificata, spesso intensamente fratturata. Talora livelli argillosi-sabbiosi.","3","1","Troncone","24.000",528482.154,4566312.979,563
"236","P3","11.75","Calcarenite stratificata, spesso intensamente fratturata. Talora livelli argillosi-sabbiosi.","3","1","Troncone","24.000",528482.154,4566312.979,563
"237","P3","11.8","Calcarenite stratificata, spesso intensamente fratturata. Talora livelli argillosi-sabbiosi.","3","1","Troncone","24.000",528482.154,4566312.979,563
"238","P3","11.85","Calcarenite stratificata, spesso intensamente fratturata. Talora livelli argillosi-sabbiosi.","3","1","Troncone","24.000",528482.154,4566312.979,563
"239","P3","11.9","Calcarenite stratificata, spesso intensamente fratturata. Talora livelli argillosi-sabbiosi.","3","1","Troncone","24.000",528482.154,4566312.979,563
"240","P3","11.95","Calcarenite stratificata, spesso intensamente fratturata. Talora livelli argillosi-sabbiosi.","3","1","Troncone","24.000",528482.154,4566312.979,563
"241","P3","12","Calcarenite stratificata, spesso intensamente fratturata. Talora livelli argillosi-sabbiosi.","3","1","Troncone","24.000",528482.154,4566312.979,563
"242","P3","12.05","Calcarenite stratificata, spesso intensamente fratturata. Talora livelli argillosi-sabbiosi.","3","1","Troncone","24.000",528482.154,4566312.979,563
"243","P3","12.1","Calcarenite stratificata, spesso intensamente fratturata. Talora livelli argillosi-sabbiosi.","3","1","Troncone","24.000",528482.154,4566312.979,563
"244","P3","12.15","Calcarenite stratificata, spesso intensamente fratturata. Talora livelli argillosi-sabbiosi.","3","1","Troncone","24.000",528482.154,4566312.979,563
"245","P3","12.2","Calcarenite stratificata, spesso intensamente fratturata. Talora livelli argillosi-sabbiosi.","3","1","Troncone","24.000",528482.154,4566312.979,563
"246","P3","12.25","Calcarenite stratificata, spesso intensamente fratturata. Talora livelli argillosi-sabbiosi.","3","1","Troncone","24.000",528482.154,4566312.979,563
"247","P3","12.3","Calcarenite stratificata, spesso intensamente fratturata. Talora livelli argillosi-sabbiosi.","3","1","Troncone","24.000",528482.154,4566312.979,563
"248","P3","12.35","Calcarenite stratificata, spesso intensamente fratturata. Talora livelli argillosi-sabbiosi.","3","1","Troncone","24.000",528482.154,4566312.979,563
"249","P3","12.4","Calcarenite stratificata, spesso intensamente fratturata. Talora livelli argillosi-sabbiosi.","3","1","Troncone","24.000",528482.154,4566312.979,563
"250","P3","12.45","Calcarenite stratificata, spesso intensamente fratturata. Talora livelli argillosi-sabbiosi.","3","1","Troncone","24.000",528482.154,4566312.979,563
"251","P3","12.5","Calcarenite stratificata, spesso intensamente fratturata. Talora livelli argillosi-sabbiosi.","3","1","Troncone","24.000",528482.154,4566312.979,563
"252","P3","12.55","Argilla marnosa grigio-azzurra. Calcarenite stratificata, spesso intensamente fratturata. Talora livelli argillosi-sabbiosi.","2a","1","Troncone","24.000",528482.154,4566312.979,563
"253","P3","12.6","Argilla marnosa grigio-azzurra. Calcarenite stratificata, spesso intensamente fratturata. Talora livelli argillosi-sabbiosi.","2a","1","Troncone","24.000",528482.154,4566312.979,563
"254","P3","12.65","Argilla marnosa grigio-azzurra. Calcarenite stratificata, spesso intensamente fratturata. Talora livelli argillosi-sabbiosi.","2a","1","Troncone","24.000",528482.154,4566312.979,563
"255","P3","12.7","Argilla marnosa grigio-azzurra. Calcarenite stratificata, spesso intensamente fratturata. Talora livelli argillosi-sabbiosi.","2a","1","Troncone","24.000",528482.154,4566312.979,563
"256","P3","12.75","Argilla marnosa grigio-azzurra. Calcarenite stratificata, spesso intensamente fratturata. Talora livelli argillosi-sabbiosi.","2a","1","Troncone","24.000",528482.154,4566312.979,563
"257","P3","12.8","Argilla marnosa grigio-azzurra. Calcarenite stratificata, spesso intensamente fratturata. Talora livelli argillosi-sabbiosi.","2a","1","Troncone","24.000",528482.154,4566312.979,563
"258","P3","12.85","Argilla marnosa grigio-azzurra. Calcarenite stratificata, spesso intensamente fratturata. Talora livelli argillosi-sabbiosi.","2a","1","Troncone","24.000",528482.154,4566312.979,563
"259","P3","12.9","Argilla marnosa grigio-azzurra. Calcarenite stratificata, spesso intensamente fratturata. Talora livelli argillosi-sabbiosi.","2a","1","Troncone","24.000",528482.154,4566312.979,563
"260","P3","12.95","Argilla marnosa grigio-azzurra. Calcarenite stratificata, spesso intensamente fratturata. Talora livelli argillosi-sabbiosi.","2a","1","Troncone","24.000",528482.154,4566312.979,563
"261","P3","13","Argilla marnosa grigio-azzurra. Calcarenite stratificata, spesso intensamente fratturata. Talora livelli argillosi-sabbiosi.","2a","1","Troncone","24.000",528482.154,4566312.979,563
"262","P3","13.05","Argilla marnosa grigio-azzurra. Calcarenite stratificata, spesso intensamente fratturata. Talora livelli argillosi-sabbiosi.","2a","1","Troncone","24.000",528482.154,4566312.979,563
"263","P3","13.1","Argilla marnosa grigio-azzurra. Calcarenite stratificata, spesso intensamente fratturata. Talora livelli argillosi-sabbiosi.","2a","1","Troncone","24.000",528482.154,4566312.979,563
"264","P3","13.15","Argilla marnosa grigio-azzurra. Calcarenite stratificata, spesso intensamente fratturata. Talora livelli argillosi-sabbiosi.","2a","1","Troncone","24.000",528482.154,4566312.979,563
"265","P3","13.2","Argilla marnosa grigio-azzurra. Calcarenite stratificata, spesso intensamente fratturata. Talora livelli argillosi-sabbiosi.","2a","1","Troncone","24.000",528482.154,4566312.979,563
"266","P3","13.25","Argilla marnosa grigio-azzurra. Calcarenite stratificata, spesso intensamente fratturata. Talora livelli argillosi-sabbiosi.","2a","1","Troncone","24.000",528482.154,4566312.979,563
"267","P3","13.3","Argilla marnosa grigio-azzurra. Calcarenite stratificata, spesso intensamente fratturata. Talora livelli argillosi-sabbiosi.","2a","1","Troncone","24.000",528482.154,4566312.979,563
"268","P3","13.35","Argilla marnosa grigio-azzurra. Calcarenite stratificata, spesso intensamente fratturata. Talora livelli argillosi-sabbiosi.","2a","1","Troncone","24.000",528482.154,4566312.979,563
"269","P3","13.4","Argilla marnosa grigio-azzurra. Calcarenite stratificata, spesso intensamente fratturata. Talora livelli argillosi-sabbiosi.","2a","1","Troncone","24.000",528482.154,4566312.979,563
"270","P3","13.45","Argilla marnosa grigio-azzurra. Calcarenite stratificata, spesso intensamente fratturata. Talora livelli argillosi-sabbiosi.","2a","1","Troncone","24.000",528482.154,4566312.979,563
"271","P3","13.5","Argilla marnosa grigio-azzurra. Calcarenite stratificata, spesso intensamente fratturata. Talora livelli argillosi-sabbiosi.","2a","1","Troncone","24.000",528482.154,4566312.979,563
"272","P3","13.55","Argilla marnosa grigio-azzurra. Calcarenite stratificata, spesso intensamente fratturata. Talora livelli argillosi-sabbiosi.","2a","1","Troncone","24.000",528482.154,4566312.979,563
"273","P3","13.6","Argilla marnosa grigio-azzurra. Calcarenite stratificata, spesso intensamente fratturata. Talora livelli argillosi-sabbiosi.","2a","1","Troncone","24.000",528482.154,4566312.979,563
"274","P3","13.65","Argilla marnosa grigio-azzurra. Calcarenite stratificata, spesso intensamente fratturata. Talora livelli argillosi-sabbiosi.","2a","1","Troncone","24.000",528482.154,4566312.979,563
"275","P3","13.7","Argilla marnosa grigio-azzurra. Calcarenite stratificata, spesso intensamente fratturata. Talora livelli argillosi-sabbiosi.","2a","1","Troncone","24.000",528482.154,4566312.979,563
"276","P3","13.75","Argilla marnosa grigio-azzurra. Calcarenite stratificata, spesso intensamente fratturata. Talora livelli argillosi-sabbiosi.","2a","1","Troncone","24.000",528482.154,4566312.979,563
"277","P3","13.8","Argilla marnosa grigio-azzurra. Calcarenite stratificata, spesso intensamente fratturata. Talora livelli argillosi-sabbiosi.","2a","1","Troncone","24.000",528482.154,4566312.979,563
"278","P3","13.85","Argilla marnosa grigio-azzurra. Calcarenite stratificata, spesso intensamente fratturata. Talora livelli argillosi-sabbiosi.","2a","1","Troncone","24.000",528482.154,4566312.979,563
"279","P3","13.9","Argilla marnosa grigio-azzurra. Calcarenite stratificata, spesso intensamente fratturata. Talora livelli argillosi-sabbiosi.","2a","1","Troncone","24.000",528482.154,4566312.979,563
"280","P3","13.95","Argilla marnosa grigio-azzurra. Calcarenite stratificata, spesso intensamente fratturata. Talora livelli argillosi-sabbiosi.","2a","1","Troncone","24.000",528482.154,4566312.979,563
"281","P3","14","Argilla marnosa grigio-azzurra. Calcarenite stratificata, spesso intensamente fratturata. Talora livelli argillosi-sabbiosi.","2a","1","Troncone","24.000",528482.154,4566312.979,563
"282","P3","14.05","Argilla marnosa grigio-azzurra. Calcarenite stratificata, spesso intensamente fratturata. Talora livelli argillosi-sabbiosi.","2a","1","Troncone","24.000",528482.154,4566312.979,563
"283","P3","14.1","Argilla marnosa grigio-azzurra. Calcarenite stratificata, spesso intensamente fratturata. Talora livelli argillosi-sabbiosi.","2a","1","Troncone","24.000",528482.154,4566312.979,563
"284","P3","14.15","Argilla marnosa grigio-azzurra. Calcarenite stratificata, spesso intensamente fratturata. Talora livelli argillosi-sabbiosi.","2a","1","Troncone","24.000",528482.154,4566312.979,563
"285","P3","14.2","Argilla marnosa grigio-azzurra. Calcarenite stratificata, spesso intensamente fratturata. Talora livelli argillosi-sabbiosi.","2a","1","Troncone","24.000",528482.154,4566312.979,563
"286","P3","14.25","Argilla marnosa grigio-azzurra. Calcarenite stratificata, spesso intensamente fratturata. Talora livelli argillosi-sabbiosi.","2a","1","Troncone","24.000",528482.154,4566312.979,563
"287","P3","14.3","Argilla marnosa grigio-azzurra. Calcarenite stratificata, spesso intensamente fratturata. Talora livelli argillosi-sabbiosi.","2a","1","Troncone","24.000",528482.154,4566312.979,563
"288","P3","14.35","Argilla marnosa grigio-azzurra. Calcarenite stratificata, spesso intensamente fratturata. Talora livelli argillosi-sabbiosi.","2a","1","Troncone","24.000",528482.154,4566312.979,563
"289","P3","14.4","Argilla marnosa grigio-azzurra. Calcarenite stratificata, spesso intensamente fratturata. Talora livelli argillosi-sabbiosi.","2a","1","Troncone","24.000",528482.154,4566312.979,563
"290","P3","14.45","Argilla marnosa grigio-azzurra. Calcarenite stratificata, spesso intensamente fratturata. Talora livelli argillosi-sabbiosi.","2a","1","Troncone","24.000",528482.154,4566312.979,563
"291","P3","14.5","Argilla marnosa grigio-azzurra. Calcarenite stratificata, spesso intensamente fratturata. Talora livelli argillosi-sabbiosi.","2a","1","Troncone","24.000",528482.154,4566312.979,563
"292","P3","14.55","Argilla marnosa grigio-azzurra. Calcarenite stratificata, spesso intensamente fratturata. Talora livelli argillosi-sabbiosi.","2a","1","Troncone","24.000",528482.154,4566312.979,563
"293","P3","14.6","Argilla marnosa grigio-azzurra. Calcarenite stratificata, spesso intensamente fratturata. Talora livelli argillosi-sabbiosi.","2a","1","Troncone","24.000",528482.154,4566312.979,563
"294","P3","14.65","Argilla marnosa grigio-azzurra. Calcarenite stratificata, spesso intensamente fratturata. Talora livelli argillosi-sabbiosi.","2a","1","Troncone","24.000",528482.154,4566312.979,563
"295","P3","14.7","Argilla marnosa grigio-azzurra. Calcarenite stratificata, spesso intensamente fratturata. Talora livelli argillosi-sabbiosi.","2a","1","Troncone","24.000",528482.154,4566312.979,563
"296","P3","14.75","Argilla marnosa grigio-azzurra. Calcarenite stratificata, spesso intensamente fratturata. Talora livelli argillosi-sabbiosi.","2a","1","Troncone","24.000",528482.154,4566312.979,563
"297","P3","14.8","Argilla marnosa grigio-azzurra. Calcarenite stratificata, spesso intensamente fratturata. Talora livelli argillosi-sabbiosi.","2a","1","Troncone","24.000",528482.154,4566312.979,563
"298","P3","14.85","Argilla marnosa grigio-azzurra. Calcarenite stratificata, spesso intensamente fratturata. Talora livelli argillosi-sabbiosi.","2a","1","Troncone","24.000",528482.154,4566312.979,563
"299","P3","14.9","Argilla marnosa grigio-azzurra. Calcarenite stratificata, spesso intensamente fratturata. Talora livelli argillosi-sabbiosi.","2a","1","Troncone","24.000",528482.154,4566312.979,563
"300","P3","14.95","Argilla marnosa grigio-azzurra. Calcarenite stratificata, spesso intensamente fratturata. Talora livelli argillosi-sabbiosi.","2a","1","Troncone","24.000",528482.154,4566312.979,563
"301","P3","15","Argilla marnosa grigio-azzurra. Calcarenite stratificata, spesso intensamente fratturata. Talora livelli argillosi-sabbiosi.","2a","1","Troncone","24.000",528482.154,4566312.979,563
"302","P3","15.05","Argilla marnosa grigio-azzurra. Calcarenite stratificata, spesso intensamente fratturata. Talora livelli argillosi-sabbiosi.","2a","1","Troncone","24.000",528482.154,4566312.979,563
"303","P3","15.1","Argilla marnosa grigio-azzurra. Calcarenite stratificata, spesso intensamente fratturata. Talora livelli argillosi-sabbiosi.","2a","1","Troncone","24.000",528482.154,4566312.979,563
"304","P3","15.15","Argilla marnosa grigio-azzurra. Calcarenite stratificata, spesso intensamente fratturata. Talora livelli argillosi-sabbiosi.","2a","1","Troncone","24.000",528482.154,4566312.979,563
"305","P3","15.2","Argilla marnosa grigio-azzurra. Calcarenite stratificata, spesso intensamente fratturata. Talora livelli argillosi-sabbiosi.","2a","1","Troncone","24.000",528482.154,4566312.979,563
"306","P3","15.25","Argilla marnosa grigio-azzurra. Calcarenite stratificata, spesso intensamente fratturata. Talora livelli argillosi-sabbiosi.","2a","1","Troncone","24.000",528482.154,4566312.979,563
"307","P3","15.3","Argilla marnosa grigio-azzurra. Calcarenite stratificata, spesso intensamente fratturata. Talora livelli argillosi-sabbiosi.","2a","1","Troncone","24.000",528482.154,4566312.979,563
"308","P3","15.35","Argilla marnosa grigio-azzurra. Calcarenite stratificata, spesso intensamente fratturata. Talora livelli argillosi-sabbiosi.","2a","1","Troncone","24.000",528482.154,4566312.979,563
"309","P3","15.4","Argilla marnosa grigio-azzurra. Calcarenite stratificata, spesso intensamente fratturata. Talora livelli argillosi-sabbiosi.","2a","1","Troncone","24.000",528482.154,4566312.979,563
"310","P3","15.45","Argilla marnosa grigio-azzurra. Calcarenite stratificata, spesso intensamente fratturata. Talora livelli argillosi-sabbiosi.","2a","1","Troncone","24.000",528482.154,4566312.979,563
"311","P3","15.5","Argilla marnosa grigio-azzurra. Calcarenite stratificata, spesso intensamente fratturata. Talora livelli argillosi-sabbiosi.","2a","1","Troncone","24.000",528482.154,4566312.979,563
"312","P3","15.55","Argilla marnosa grigio-azzurra. Calcarenite stratificata, spesso intensamente fratturata. Talora livelli argillosi-sabbiosi.","2a","1","Troncone","24.000",528482.154,4566312.979,563
"313","P3","15.6","Argilla marnosa grigio-azzurra. Calcarenite stratificata, spesso intensamente fratturata. Talora livelli argillosi-sabbiosi.","2a","1","Troncone","24.000",528482.154,4566312.979,563
"314","P3","15.65","Argilla marnosa grigio-azzurra. Calcarenite stratificata, spesso intensamente fratturata. Talora livelli argillosi-sabbiosi.","2a","1","Troncone","24.000",528482.154,4566312.979,563
"315","P3","15.7","Argilla marnosa grigio-azzurra. Calcarenite stratificata, spesso intensamente fratturata. Talora livelli argillosi-sabbiosi.","2a","1","Troncone","24.000",528482.154,4566312.979,563
"316","P3","15.75","Argilla marnosa grigio-azzurra. Calcarenite stratificata, spesso intensamente fratturata. Talora livelli argillosi-sabbiosi.","2a","1","Troncone","24.000",528482.154,4566312.979,563
"317","P3","15.8","Argilla marnosa grigio-azzurra. Calcarenite stratificata, spesso intensamente fratturata. Talora livelli argillosi-sabbiosi.","2a","1","Troncone","24.000",528482.154,4566312.979,563
"318","P3","15.85","Argilla marnosa grigio-azzurra. Calcarenite stratificata, spesso intensamente fratturata. Talora livelli argillosi-sabbiosi.","2a","1","Troncone","24.000",528482.154,4566312.979,563
"319","P3","15.9","Argilla marnosa grigio-azzurra. Calcarenite stratificata, spesso intensamente fratturata. Talora livelli argillosi-sabbiosi.","2a","1","Troncone","24.000",528482.154,4566312.979,563
"320","P3","15.95","Argilla marnosa grigio-azzurra. Calcarenite stratificata, spesso intensamente fratturata. Talora livelli argillosi-sabbiosi.","2a","1","Troncone","24.000",528482.154,4566312.979,563
"321","P3","16","Argilla marnosa grigio-azzurra. Calcarenite stratificata, spesso intensamente fratturata. Talora livelli argillosi-sabbiosi.","2a","1","Troncone","24.000",528482.154,4566312.979,563
"322","P3","16.05","Argilla marnosa grigio-azzurra. Calcarenite stratificata, spesso intensamente fratturata. Talora livelli argillosi-sabbiosi.","2a","1","Troncone","24.000",528482.154,4566312.979,563
"323","P3","16.1","Argilla marnosa grigio-azzurra. Calcarenite stratificata, spesso intensamente fratturata. Talora livelli argillosi-sabbiosi.","2a","1","Troncone","24.000",528482.154,4566312.979,563
"324","P3","16.15","Argilla marnosa grigio-azzurra. Calcarenite stratificata, spesso intensamente fratturata. Talora livelli argillosi-sabbiosi.","2a","1","Troncone","24.000",528482.154,4566312.979,563
"325","P3","16.2","Argilla marnosa grigio-azzurra. Calcarenite stratificata, spesso intensamente fratturata. Talora livelli argillosi-sabbiosi.","2a","1","Troncone","24.000",528482.154,4566312.979,563
"326","P3","16.25","Argilla marnosa grigio-azzurra. Calcarenite stratificata, spesso intensamente fratturata. Talora livelli argillosi-sabbiosi.","2a","1","Troncone","24.000",528482.154,4566312.979,563
"327","P3","16.3","Argilla marnosa grigio-azzurra. Calcarenite stratificata, spesso intensamente fratturata. Talora livelli argillosi-sabbiosi.","2a","1","Troncone","24.000",528482.154,4566312.979,563
"328","P3","16.35","Argilla marnosa grigio-azzurra. Calcarenite stratificata, spesso intensamente fratturata. Talora livelli argillosi-sabbiosi.","2a","1","Troncone","24.000",528482.154,4566312.979,563
"329","P3","16.4","Argilla marnosa grigio-azzurra. Calcarenite stratificata, spesso intensamente fratturata. Talora livelli argillosi-sabbiosi.","2a","1","Troncone","24.000",528482.154,4566312.979,563
"330","P3","16.45","Argilla marnosa grigio-azzurra. Calcarenite stratificata, spesso intensamente fratturata. Talora livelli argillosi-sabbiosi.","2a","1","Troncone","24.000",528482.154,4566312.979,563
"331","P3","16.5","Argilla marnosa grigio-azzurra. Calcarenite stratificata, spesso intensamente fratturata. Talora livelli argillosi-sabbiosi.","2a","1","Troncone","24.000",528482.154,4566312.979,563
"332","P3","16.55","Argilla marnosa grigio-azzurra. Calcarenite stratificata, spesso intensamente fratturata. Talora livelli argillosi-sabbiosi.","2a","1","Troncone","24.000",528482.154,4566312.979,563
"333","P3","16.6","Argilla marnosa grigio-azzurra. Calcarenite stratificata, spesso intensamente fratturata. Talora livelli argillosi-sabbiosi.","2a","1","Troncone","24.000",528482.154,4566312.979,563
"334","P3","16.65","Argilla marnosa grigio-azzurra. Calcarenite stratificata, spesso intensamente fratturata. Talora livelli argillosi-sabbiosi.","2a","1","Troncone","24.000",528482.154,4566312.979,563
"335","P3","16.7","Argilla marnosa grigio-azzurra. Calcarenite stratificata, spesso intensamente fratturata. Talora livelli argillosi-sabbiosi.","2a","1","Troncone","24.000",528482.154,4566312.979,563
"336","P3","16.75","Argilla marnosa grigio-azzurra. Calcarenite stratificata, spesso intensamente fratturata. Talora livelli argillosi-sabbiosi.","2a","1","Troncone","24.000",528482.154,4566312.979,563
"337","P3","16.8","Argilla marnosa grigio-azzurra. Calcarenite stratificata, spesso intensamente fratturata. Talora livelli argillosi-sabbiosi.","2a","1","Troncone","24.000",528482.154,4566312.979,563
"338","P3","16.85","Argilla marnosa grigio-azzurra. Calcarenite stratificata, spesso intensamente fratturata. Talora livelli argillosi-sabbiosi.","2a","1","Troncone","24.000",528482.154,4566312.979,563
"339","P3","16.9","Argilla marnosa grigio-azzurra. Calcarenite stratificata, spesso intensamente fratturata. Talora livelli argillosi-sabbiosi.","2a","1","Troncone","24.000",528482.154,4566312.979,563
"340","P3","16.95","Argilla marnosa grigio-azzurra. Calcarenite stratificata, spesso intensamente fratturata. Talora livelli argillosi-sabbiosi.","2a","1","Troncone","24.000",528482.154,4566312.979,563
"341","P3","17","Argilla marnosa grigio-azzurra. Calcarenite stratificata, spesso intensamente fratturata. Talora livelli argillosi-sabbiosi.","2a","1","Troncone","24.000",528482.154,4566312.979,563
"342","P3","17.05","Argilla marnosa grigio-azzurra. Calcarenite stratificata, spesso intensamente fratturata. Talora livelli argillosi-sabbiosi.","2a","1","Troncone","24.000",528482.154,4566312.979,563
"343","P3","17.1","Argilla marnosa grigio-azzurra. Calcarenite stratificata, spesso intensamente fratturata. Talora livelli argillosi-sabbiosi.","2a","1","Troncone","24.000",528482.154,4566312.979,563
"344","P3","17.15","Argilla marnosa grigio-azzurra. Calcarenite stratificata, spesso intensamente fratturata. Talora livelli argillosi-sabbiosi.","2a","1","Troncone","24.000",528482.154,4566312.979,563
"345","P3","17.2","Argilla marnosa grigio-azzurra. Calcarenite stratificata, spesso intensamente fratturata. Talora livelli argillosi-sabbiosi.","2a","1","Troncone","24.000",528482.154,4566312.979,563
"346","P3","17.25","Argilla marnosa grigio-azzurra. Calcarenite stratificata, spesso intensamente fratturata. Talora livelli argillosi-sabbiosi.","2a","1","Troncone","24.000",528482.154,4566312.979,563
"347","P3","17.3","Argilla marnosa grigio-azzurra. Calcarenite stratificata, spesso intensamente fratturata. Talora livelli argillosi-sabbiosi.","2a","1","Troncone","24.000",528482.154,4566312.979,563
"348","P3","17.35","Argilla marnosa grigio-azzurra. Calcarenite stratificata, spesso intensamente fratturata. Talora livelli argillosi-sabbiosi.","2a","1","Troncone","24.000",528482.154,4566312.979,563
"349","P3","17.4","Argilla marnosa grigio-azzurra. Calcarenite stratificata, spesso intensamente fratturata. Talora livelli argillosi-sabbiosi.","2a","1","Troncone","24.000",528482.154,4566312.979,563
"350","P3","17.45","Argilla marnosa grigio-azzurra. Calcarenite stratificata, spesso intensamente fratturata. Talora livelli argillosi-sabbiosi.","2a","1","Troncone","24.000",528482.154,4566312.979,563
"351","P3","17.5","Argilla marnosa grigio-azzurra. Calcarenite stratificata, spesso intensamente fratturata. Talora livelli argillosi-sabbiosi.","2a","1","Troncone","24.000",528482.154,4566312.979,563
"352","P3","17.55","Argilla marnosa grigio-azzurra. Calcarenite stratificata, spesso intensamente fratturata. Talora livelli argillosi-sabbiosi.","2a","1","Troncone","24.000",528482.154,4566312.979,563
"353","P3","17.6","Argilla marnosa grigio-azzurra. Calcarenite stratificata, spesso intensamente fratturata. Talora livelli argillosi-sabbiosi.","2a","1","Troncone","24.000",528482.154,4566312.979,563
"354","P3","17.65","Argilla marnosa grigio-azzurra. Calcarenite stratificata, spesso intensamente fratturata. Talora livelli argillosi-sabbiosi.","2a","1","Troncone","24.000",528482.154,4566312.979,563
"355","P3","17.7","Argilla marnosa grigio-azzurra. Calcarenite stratificata, spesso intensamente fratturata. Talora livelli argillosi-sabbiosi.","2a","1","Troncone","24.000",528482.154,4566312.979,563
"356","P3","17.75","Argilla marnosa grigio-azzurra. Calcarenite stratificata, spesso intensamente fratturata. Talora livelli argillosi-sabbiosi.","2a","1","Troncone","24.000",528482.154,4566312.979,563
"357","P3","17.8","Argilla marnosa grigio-azzurra. Calcarenite stratificata, spesso intensamente fratturata. Talora livelli argillosi-sabbiosi.","2a","1","Troncone","24.000",528482.154,4566312.979,563
"358","P3","17.85","Argilla marnosa grigio-azzurra. Calcarenite stratificata, spesso intensamente fratturata. Talora livelli argillosi-sabbiosi.","2a","1","Troncone","24.000",528482.154,4566312.979,563
"359","P3","17.9","Argilla marnosa grigio-azzurra. Calcarenite stratificata, spesso intensamente fratturata. Talora livelli argillosi-sabbiosi.","2a","1","Troncone","24.000",528482.154,4566312.979,563
"360","P3","17.95","Argilla marnosa grigio-azzurra. Calcarenite stratificata, spesso intensamente fratturata. Talora livelli argillosi-sabbiosi.","2a","1","Troncone","24.000",528482.154,4566312.979,563
"361","P3","18","Argilla marnosa grigio-azzurra. Calcarenite stratificata, spesso intensamente fratturata. Talora livelli argillosi-sabbiosi.","2a","1","Troncone","24.000",528482.154,4566312.979,563
"362","P3","18.05","Argilla marnosa grigio-azzurra. Calcarenite stratificata, spesso intensamente fratturata. Talora livelli argillosi-sabbiosi.","2a","1","Troncone","24.000",528482.154,4566312.979,563
"363","P3","18.1","Argilla marnosa grigio-azzurra. Calcarenite stratificata, spesso intensamente fratturata. Talora livelli argillosi-sabbiosi.","2a","1","Troncone","24.000",528482.154,4566312.979,563
"364","P3","18.15","Argilla marnosa grigio-azzurra. Calcarenite stratificata, spesso intensamente fratturata. Talora livelli argillosi-sabbiosi.","2a","1","Troncone","24.000",528482.154,4566312.979,563
"365","P3","18.2","Argilla marnosa grigio-azzurra. Calcarenite stratificata, spesso intensamente fratturata. Talora livelli argillosi-sabbiosi.","2a","1","Troncone","24.000",528482.154,4566312.979,563
"366","P3","18.25","Argilla marnosa grigio-azzurra. Calcarenite stratificata, spesso intensamente fratturata. Talora livelli argillosi-sabbiosi.","2a","1","Troncone","24.000",528482.154,4566312.979,563
"367","P3","18.3","Argilla marnosa grigio-azzurra. Calcarenite stratificata, spesso intensamente fratturata. Talora livelli argillosi-sabbiosi.","2a","1","Troncone","24.000",528482.154,4566312.979,563
"368","P3","18.35","Argilla marnosa grigio-azzurra. Calcarenite stratificata, spesso intensamente fratturata. Talora livelli argillosi-sabbiosi.","2a","1","Troncone","24.000",528482.154,4566312.979,563
"369","P3","18.4","Argilla marnosa grigio-azzurra. Calcarenite stratificata, spesso intensamente fratturata. Talora livelli argillosi-sabbiosi.","2a","1","Troncone","24.000",528482.154,4566312.979,563
"370","P3","18.45","Argilla marnosa grigio-azzurra. Calcarenite stratificata, spesso intensamente fratturata. Talora livelli argillosi-sabbiosi.","2a","1","Troncone","24.000",528482.154,4566312.979,563
"371","P3","18.5","Argilla marnosa grigio-azzurra. Calcarenite stratificata, spesso intensamente fratturata. Talora livelli argillosi-sabbiosi.","2a","1","Troncone","24.000",528482.154,4566312.979,563
"372","P3","18.55","Argilla marnosa grigio-azzurra. Calcarenite stratificata, spesso intensamente fratturata. Talora livelli argillosi-sabbiosi.","2a","1","Troncone","24.000",528482.154,4566312.979,563
"373","P3","18.6","Argilla marnosa grigio-azzurra. Calcarenite stratificata, spesso intensamente fratturata. Talora livelli argillosi-sabbiosi.","2a","1","Troncone","24.000",528482.154,4566312.979,563
"374","P3","18.65","Argilla marnosa grigio-azzurra. Calcarenite stratificata, spesso intensamente fratturata. Talora livelli argillosi-sabbiosi.","2a","1","Troncone","24.000",528482.154,4566312.979,563
"375","P3","18.7","Argilla marnosa grigio-azzurra. Calcarenite stratificata, spesso intensamente fratturata. Talora livelli argillosi-sabbiosi.","2a","1","Troncone","24.000",528482.154,4566312.979,563
"376","P3","18.75","Argilla marnosa grigio-azzurra. Calcarenite stratificata, spesso intensamente fratturata. Talora livelli argillosi-sabbiosi.","2a","1","Troncone","24.000",528482.154,4566312.979,563
"377","P3","18.8","Argilla marnosa grigio-azzurra. Calcarenite stratificata, spesso intensamente fratturata. Talora livelli argillosi-sabbiosi.","2a","1","Troncone","24.000",528482.154,4566312.979,563
"378","P3","18.85","Argilla marnosa grigio-azzurra. Calcarenite stratificata, spesso intensamente fratturata. Talora livelli argillosi-sabbiosi.","2a","1","Troncone","24.000",528482.154,4566312.979,563
"379","P3","18.9","Argilla marnosa grigio-azzurra. Calcarenite stratificata, spesso intensamente fratturata. Talora livelli argillosi-sabbiosi.","2a","1","Troncone","24.000",528482.154,4566312.979,563
"380","P3","18.95","Argilla marnosa grigio-azzurra. Calcarenite stratificata, spesso intensamente fratturata. Talora livelli argillosi-sabbiosi.","2a","1","Troncone","24.000",528482.154,4566312.979,563
"381","P3","19","Argilla marnosa grigio-azzurra. Calcarenite stratificata, spesso intensamente fratturata. Talora livelli argillosi-sabbiosi.","2a","1","Troncone","24.000",528482.154,4566312.979,563
"382","P3","19.05","Argilla marnosa grigio-azzurra. Calcarenite stratificata, spesso intensamente fratturata. Talora livelli argillosi-sabbiosi.","2a","1","Troncone","24.000",528482.154,4566312.979,563
"383","P3","19.1","Argilla marnosa grigio-azzurra. Calcarenite stratificata, spesso intensamente fratturata. Talora livelli argillosi-sabbiosi.","2a","1","Troncone","24.000",528482.154,4566312.979,563
"384","P3","19.15","Argilla marnosa grigio-azzurra. Calcarenite stratificata, spesso intensamente fratturata. Talora livelli argillosi-sabbiosi.","2a","1","Troncone","24.000",528482.154,4566312.979,563
"385","P3","19.2","Argilla marnosa grigio-azzurra. Calcarenite stratificata, spesso intensamente fratturata. Talora livelli argillosi-sabbiosi.","2a","1","Troncone","24.000",528482.154,4566312.979,563
"386","P3","19.25","Argilla marnosa grigio-azzurra. Calcarenite stratificata, spesso intensamente fratturata. Talora livelli argillosi-sabbiosi.","2a","1","Troncone","24.000",528482.154,4566312.979,563
"387","P3","19.3","Argilla marnosa grigio-azzurra. Calcarenite stratificata, spesso intensamente fratturata. Talora livelli argillosi-sabbiosi.","2a","1","Troncone","24.000",528482.154,4566312.979,563
"388","P3","19.35","Argilla marnosa grigio-azzurra. Calcarenite stratificata, spesso intensamente fratturata. Talora livelli argillosi-sabbiosi.","2a","1","Troncone","24.000",528482.154,4566312.979,563
"389","P3","19.4","Argilla marnosa grigio-azzurra. Calcarenite stratificata, spesso intensamente fratturata. Talora livelli argillosi-sabbiosi.","2a","1","Troncone","24.000",528482.154,4566312.979,563
"390","P3","19.45","Argilla marnosa grigio-azzurra. Calcarenite stratificata, spesso intensamente fratturata. Talora livelli argillosi-sabbiosi.","2a","1","Troncone","24.000",528482.154,4566312.979,563
"391","P3","19.5","Argilla marnosa grigio-azzurra. Calcarenite stratificata, spesso intensamente fratturata. Talora livelli argillosi-sabbiosi.","2a","1","Troncone","24.000",528482.154,4566312.979,563
"392","P3","19.55","Argilla marnosa grigio-azzurra. Calcarenite stratificata, spesso intensamente fratturata. Talora livelli argillosi-sabbiosi.","2a","1","Troncone","24.000",528482.154,4566312.979,563
"393","P3","19.6","Argilla marnosa grigio-azzurra. Calcarenite stratificata, spesso intensamente fratturata. Talora livelli argillosi-sabbiosi.","2a","1","Troncone","24.000",528482.154,4566312.979,563
"394","P3","19.65","Argilla marnosa grigio-azzurra. Calcarenite stratificata, spesso intensamente fratturata. Talora livelli argillosi-sabbiosi.","2a","1","Troncone","24.000",528482.154,4566312.979,563
"395","P3","19.7","Argilla marnosa grigio-azzurra. Calcarenite stratificata, spesso intensamente fratturata. Talora livelli argillosi-sabbiosi.","2a","1","Troncone","24.000",528482.154,4566312.979,563
"396","P3","19.75","Argilla marnosa grigio-azzurra. Calcarenite stratificata, spesso intensamente fratturata. Talora livelli argillosi-sabbiosi.","2a","1","Troncone","24.000",528482.154,4566312.979,563
"397","P3","19.8","Argilla marnosa grigio-azzurra. Calcarenite stratificata, spesso intensamente fratturata. Talora livelli argillosi-sabbiosi.","2a","1","Troncone","24.000",528482.154,4566312.979,563
"398","P3","19.85","Argilla marnosa grigio-azzurra. Calcarenite stratificata, spesso intensamente fratturata. Talora livelli argillosi-sabbiosi.","2a","1","Troncone","24.000",528482.154,4566312.979,563
"399","P3","19.9","Argilla marnosa grigio-azzurra. Calcarenite stratificata, spesso intensamente fratturata. Talora livelli argillosi-sabbiosi.","2a","1","Troncone","24.000",528482.154,4566312.979,563
"400","P3","19.95","Argilla marnosa grigio-azzurra. Calcarenite stratificata, spesso intensamente fratturata. Talora livelli argillosi-sabbiosi.","2a","1","Troncone","24.000",528482.154,4566312.979,563
"401","P3","20","Argilla marnosa grigio-azzurra. Calcarenite stratificata, spesso intensamente fratturata. Talora livelli argillosi-sabbiosi.","2a","1","Troncone","24.000",528482.154,4566312.979,563
"402","P3","20.05","Argilla marnosa grigio-azzurra. Calcarenite stratificata, spesso intensamente fratturata. Talora livelli argillosi-sabbiosi.","2a","1","Troncone","24.000",528482.154,4566312.979,563
"403","P3","20.1","Argilla marnosa grigio-azzurra. Calcarenite stratificata, spesso intensamente fratturata. Talora livelli argillosi-sabbiosi.","2a","1","Troncone","24.000",528482.154,4566312.979,563
"404","P3","20.15","Argilla marnosa grigio-azzurra. Calcarenite stratificata, spesso intensamente fratturata. Talora livelli argillosi-sabbiosi.","2a","1","Troncone","24.000",528482.154,4566312.979,563
"405","P3","20.2","Argilla marnosa grigio-azzurra. Calcarenite stratificata, spesso intensamente fratturata. Talora livelli argillosi-sabbiosi.","2a","1","Troncone","24.000",528482.154,4566312.979,563
"406","P3","20.25","Argilla marnosa grigio-azzurra. Calcarenite stratificata, spesso intensamente fratturata. Talora livelli argillosi-sabbiosi.","2a","1","Troncone","24.000",528482.154,4566312.979,563
"407","P3","20.3","Argilla marnosa grigio-azzurra. Calcarenite stratificata, spesso intensamente fratturata. Talora livelli argillosi-sabbiosi.","2a","1","Troncone","24.000",528482.154,4566312.979,563
"408","P3","20.35","Argilla marnosa grigio-azzurra. Calcarenite stratificata, spesso intensamente fratturata. Talora livelli argillosi-sabbiosi.","2a","1","Troncone","24.000",528482.154,4566312.979,563
"409","P3","20.4","Argilla marnosa grigio-azzurra. Calcarenite stratificata, spesso intensamente fratturata. Talora livelli argillosi-sabbiosi.","2a","1","Troncone","24.000",528482.154,4566312.979,563
"410","P3","20.45","Argilla marnosa grigio-azzurra. Calcarenite stratificata, spesso intensamente fratturata. Talora livelli argillosi-sabbiosi.","2a","1","Troncone","24.000",528482.154,4566312.979,563
"411","P3","20.5","Argilla marnosa grigio-azzurra. Calcarenite stratificata, spesso intensamente fratturata. Talora livelli argillosi-sabbiosi.","2a","1","Troncone","24.000",528482.154,4566312.979,563
"412","P3","20.55","Argilla marnosa grigio-azzurra. Calcarenite stratificata, spesso intensamente fratturata. Talora livelli argillosi-sabbiosi.","2a","1","Troncone","24.000",528482.154,4566312.979,563
"413","P3","20.6","Argilla marnosa grigio-azzurra. Calcarenite stratificata, spesso intensamente fratturata. Talora livelli argillosi-sabbiosi.","2a","1","Troncone","24.000",528482.154,4566312.979,563
"414","P3","20.65","Argilla marnosa grigio-azzurra. Calcarenite stratificata, spesso intensamente fratturata. Talora livelli argillosi-sabbiosi.","2a","1","Troncone","24.000",528482.154,4566312.979,563
"415","P3","20.7","Argilla marnosa grigio-azzurra. Calcarenite stratificata, spesso intensamente fratturata. Talora livelli argillosi-sabbiosi.","2a","1","Troncone","24.000",528482.154,4566312.979,563
"416","P3","20.75","Argilla marnosa grigio-azzurra. Calcarenite stratificata, spesso intensamente fratturata. Talora livelli argillosi-sabbiosi.","2a","1","Troncone","24.000",528482.154,4566312.979,563
"417","P3","20.8","Argilla marnosa grigio-azzurra. Calcarenite stratificata, spesso intensamente fratturata. Talora livelli argillosi-sabbiosi.","2a","1","Troncone","24.000",528482.154,4566312.979,563
"418","P3","20.85","Argilla marnosa grigio-azzurra. Calcarenite stratificata, spesso intensamente fratturata. Talora livelli argillosi-sabbiosi.","2a","1","Troncone","24.000",528482.154,4566312.979,563
"419","P3","20.9","Argilla marnosa grigio-azzurra. Calcarenite stratificata, spesso intensamente fratturata. Talora livelli argillosi-sabbiosi.","2a","1","Troncone","24.000",528482.154,4566312.979,563
"420","P3","20.95","Argilla marnosa grigio-azzurra. Calcarenite stratificata, spesso intensamente fratturata. Talora livelli argillosi-sabbiosi.","2a","1","Troncone","24.000",528482.154,4566312.979,563
"421","P3","21","Argilla marnosa grigio-azzurra. Calcarenite stratificata, spesso intensamente fratturata. Talora livelli argillosi-sabbiosi.","2a","1","Troncone","24.000",528482.154,4566312.979,563
"422","P3","21.05","Argilla marnosa grigio-azzurra. Calcarenite stratificata, spesso intensamente fratturata. Talora livelli argillosi-sabbiosi.","2a","1","Troncone","24.000",528482.154,4566312.979,563
"423","P3","21.1","Argilla marnosa grigio-azzurra. Calcarenite stratificata, spesso intensamente fratturata. Talora livelli argillosi-sabbiosi.","2a","1","Troncone","24.000",528482.154,4566312.979,563
"424","P3","21.15","Argilla marnosa grigio-azzurra. Calcarenite stratificata, spesso intensamente fratturata. Talora livelli argillosi-sabbiosi.","2a","1","Troncone","24.000",528482.154,4566312.979,563
"425","P3","21.2","Argilla marnosa grigio-azzurra. Calcarenite stratificata, spesso intensamente fratturata. Talora livelli argillosi-sabbiosi.","2a","1","Troncone","24.000",528482.154,4566312.979,563
"426","P3","21.25","Argilla marnosa grigio-azzurra. Calcarenite stratificata, spesso intensamente fratturata. Talora livelli argillosi-sabbiosi.","2a","1","Troncone","24.000",528482.154,4566312.979,563
"427","P3","21.3","Argilla marnosa grigio-azzurra. Calcarenite stratificata, spesso intensamente fratturata. Talora livelli argillosi-sabbiosi.","2a","1","Troncone","24.000",528482.154,4566312.979,563
"428","P3","21.35","Argilla marnosa grigio-azzurra. Calcarenite stratificata, spesso intensamente fratturata. Talora livelli argillosi-sabbiosi.","2a","1","Troncone","24.000",528482.154,4566312.979,563
"429","P3","21.4","Argilla marnosa grigio-azzurra. Calcarenite stratificata, spesso intensamente fratturata. Talora livelli argillosi-sabbiosi.","2a","1","Troncone","24.000",528482.154,4566312.979,563
"430","P3","21.45","Argilla marnosa grigio-azzurra. Calcarenite stratificata, spesso intensamente fratturata. Talora livelli argillosi-sabbiosi.","2a","1","Troncone","24.000",528482.154,4566312.979,563
"431","P3","21.5","Argilla marnosa grigio-azzurra. Calcarenite stratificata, spesso intensamente fratturata. Talora livelli argillosi-sabbiosi.","2a","1","Troncone","24.000",528482.154,4566312.979,563
"432","P3","21.55","Argilla marnosa grigio-azzurra. Calcarenite stratificata, spesso intensamente fratturata. Talora livelli argillosi-sabbiosi.","2a","1","Troncone","24.000",528482.154,4566312.979,563
"433","P3","21.6","Argilla marnosa grigio-azzurra. Calcarenite stratificata, spesso intensamente fratturata. Talora livelli argillosi-sabbiosi.","2a","1","Troncone","24.000",528482.154,4566312.979,563
"434","P3","21.65","Argilla marnosa grigio-azzurra. Calcarenite stratificata, spesso intensamente fratturata. Talora livelli argillosi-sabbiosi.","2a","1","Troncone","24.000",528482.154,4566312.979,563
"435","P3","21.7","Argilla marnosa grigio-azzurra. Calcarenite stratificata, spesso intensamente fratturata. Talora livelli argillosi-sabbiosi.","2a","1","Troncone","24.000",528482.154,4566312.979,563
"436","P3","21.75","Argilla marnosa grigio-azzurra. Calcarenite stratificata, spesso intensamente fratturata. Talora livelli argillosi-sabbiosi.","2a","1","Troncone","24.000",528482.154,4566312.979,563
"437","P3","21.8","Argilla marnosa grigio-azzurra. Calcarenite stratificata, spesso intensamente fratturata. Talora livelli argillosi-sabbiosi.","2a","1","Troncone","24.000",528482.154,4566312.979,563
"438","P3","21.85","Argilla marnosa grigio-azzurra. Calcarenite stratificata, spesso intensamente fratturata. Talora livelli argillosi-sabbiosi.","2a","1","Troncone","24.000",528482.154,4566312.979,563
"439","P3","21.9","Argilla marnosa grigio-azzurra. Calcarenite stratificata, spesso intensamente fratturata. Talora livelli argillosi-sabbiosi.","2a","1","Troncone","24.000",528482.154,4566312.979,563
"440","P3","21.95","Argilla marnosa grigio-azzurra. Calcarenite stratificata, spesso intensamente fratturata. Talora livelli argillosi-sabbiosi.","2a","1","Troncone","24.000",528482.154,4566312.979,563
"441","P3","22","Argilla marnosa grigio-azzurra. Calcarenite stratificata, spesso intensamente fratturata. Talora livelli argillosi-sabbiosi.","2a","1","Troncone","24.000",528482.154,4566312.979,563
"442","P3","22.05","Argilla marnosa grigio-azzurra. Calcarenite stratificata, spesso intensamente fratturata. Talora livelli argillosi-sabbiosi.","2a","1","Troncone","24.000",528482.154,4566312.979,563
"443","P3","22.1","Argilla marnosa grigio-azzurra. Calcarenite stratificata, spesso intensamente fratturata. Talora livelli argillosi-sabbiosi.","2a","1","Troncone","24.000",528482.154,4566312.979,563
"444","P3","22.15","Argilla marnosa grigio-azzurra. Calcarenite stratificata, spesso intensamente fratturata. Talora livelli argillosi-sabbiosi.","2a","1","Troncone","24.000",528482.154,4566312.979,563
"445","P3","22.2","Argilla marnosa grigio-azzurra. Calcarenite stratificata, spesso intensamente fratturata. Talora livelli argillosi-sabbiosi.","2a","1","Troncone","24.000",528482.154,4566312.979,563
"446","P3","22.25","Argilla marnosa grigio-azzurra. Calcarenite stratificata, spesso intensamente fratturata. Talora livelli argillosi-sabbiosi.","2a","1","Troncone","24.000",528482.154,4566312.979,563
"447","P3","22.3","Argilla marnosa grigio-azzurra. Calcarenite stratificata, spesso intensamente fratturata. Talora livelli argillosi-sabbiosi.","2a","1","Troncone","24.000",528482.154,4566312.979,563
"448","P3","22.35","Argilla marnosa grigio-azzurra. Calcarenite stratificata, spesso intensamente fratturata. Talora livelli argillosi-sabbiosi.","2a","1","Troncone","24.000",528482.154,4566312.979,563
"449","P3","22.4","Argilla marnosa grigio-azzurra. Calcarenite stratificata, spesso intensamente fratturata. Talora livelli argillosi-sabbiosi.","2a","1","Troncone","24.000",528482.154,4566312.979,563
"450","P3","22.45","Argilla marnosa grigio-azzurra. Calcarenite stratificata, spesso intensamente fratturata. Talora livelli argillosi-sabbiosi.","2a","1","Troncone","24.000",528482.154,4566312.979,563
"451","P3","22.5","Argilla marnosa grigio-azzurra. Calcarenite stratificata, spesso intensamente fratturata. Talora livelli argillosi-sabbiosi.","2a","1","Troncone","24.000",528482.154,4566312.979,563
"452","P3","22.55","Argilla marnosa grigio-azzurra. Calcarenite stratificata, spesso intensamente fratturata. Talora livelli argillosi-sabbiosi.","2a","1","Troncone","24.000",528482.154,4566312.979,563
"453","P3","22.6","Argilla marnosa grigio-azzurra. Calcarenite stratificata, spesso intensamente fratturata. Talora livelli argillosi-sabbiosi.","2a","1","Troncone","24.000",528482.154,4566312.979,563
"454","P3","22.65","Argilla marnosa grigio-azzurra. Calcarenite stratificata, spesso intensamente fratturata. Talora livelli argillosi-sabbiosi.","2a","1","Troncone","24.000",528482.154,4566312.979,563
"455","P3","22.7","Argilla marnosa grigio-azzurra. Calcarenite stratificata, spesso intensamente fratturata. Talora livelli argillosi-sabbiosi.","2a","1","Troncone","24.000",528482.154,4566312.979,563
"456","P3","22.75","Argilla marnosa grigio-azzurra. Calcarenite stratificata, spesso intensamente fratturata. Talora livelli argillosi-sabbiosi.","2a","1","Troncone","24.000",528482.154,4566312.979,563
"457","P3","22.8","Argilla marnosa grigio-azzurra. Calcarenite stratificata, spesso intensamente fratturata. Talora livelli argillosi-sabbiosi.","2a","1","Troncone","24.000",528482.154,4566312.979,563
"458","P3","22.85","Argilla marnosa grigio-azzurra. Calcarenite stratificata, spesso intensamente fratturata. Talora livelli argillosi-sabbiosi.","2a","1","Troncone","24.000",528482.154,4566312.979,563
"459","P3","22.9","Argilla marnosa grigio-azzurra. Calcarenite stratificata, spesso intensamente fratturata. Talora livelli argillosi-sabbiosi.","2a","1","Troncone","24.000",528482.154,4566312.979,563
"460","P3","22.95","Argilla marnosa grigio-azzurra. Calcarenite stratificata, spesso intensamente fratturata. Talora livelli argillosi-sabbiosi.","2a","1","Troncone","24.000",528482.154,4566312.979,563
"461","P3","23","Argilla marnosa grigio-azzurra. Calcarenite stratificata, spesso intensamente fratturata. Talora livelli argillosi-sabbiosi.","2a","1","Troncone","24.000",528482.154,4566312.979,563
"462","P3","23.05","Argilla marnosa grigio-azzurra. Calcarenite stratificata, spesso intensamente fratturata. Talora livelli argillosi-sabbiosi.","2a","1","Troncone","24.000",528482.154,4566312.979,563
"463","P3","23.1","Argilla marnosa grigio-azzurra. Calcarenite stratificata, spesso intensamente fratturata. Talora livelli argillosi-sabbiosi.","2a","1","Troncone","24.000",528482.154,4566312.979,563
"464","P3","23.15","Argilla marnosa grigio-azzurra. Calcarenite stratificata, spesso intensamente fratturata. Talora livelli argillosi-sabbiosi.","2a","1","Troncone","24.000",528482.154,4566312.979,563
"465","P3","23.2","Argilla marnosa grigio-azzurra. Calcarenite stratificata, spesso intensamente fratturata. Talora livelli argillosi-sabbiosi.","2a","1","Troncone","24.000",528482.154,4566312.979,563
"466","P3","23.25","Argilla marnosa grigio-azzurra. Calcarenite stratificata, spesso intensamente fratturata. Talora livelli argillosi-sabbiosi.","2a","1","Troncone","24.000",528482.154,4566312.979,563
"467","P3","23.3","Argilla marnosa grigio-azzurra. Calcarenite stratificata, spesso intensamente fratturata. Talora livelli argillosi-sabbiosi.","2a","1","Troncone","24.000",528482.154,4566312.979,563
"468","P3","23.35","Argilla marnosa grigio-azzurra. Calcarenite stratificata, spesso intensamente fratturata. Talora livelli argillosi-sabbiosi.","2a","1","Troncone","24.000",528482.154,4566312.979,563
"469","P3","23.4","Argilla marnosa grigio-azzurra. Calcarenite stratificata, spesso intensamente fratturata. Talora livelli argillosi-sabbiosi.","2a","1","Troncone","24.000",528482.154,4566312.979,563
"470","P3","23.45","Argilla marnosa grigio-azzurra. Calcarenite stratificata, spesso intensamente fratturata. Talora livelli argillosi-sabbiosi.","2a","1","Troncone","24.000",528482.154,4566312.979,563
"471","P3","23.5","Argilla marnosa grigio-azzurra. Calcarenite stratificata, spesso intensamente fratturata. Talora livelli argillosi-sabbiosi.","2a","1","Troncone","24.000",528482.154,4566312.979,563
"472","P3","23.55","Argilla marnosa grigio-azzurra. Calcarenite stratificata, spesso intensamente fratturata. Talora livelli argillosi-sabbiosi.","2a","1","Troncone","24.000",528482.154,4566312.979,563
"473","P3","23.6","Argilla marnosa grigio-azzurra. Calcarenite stratificata, spesso intensamente fratturata. Talora livelli argillosi-sabbiosi.","2a","1","Troncone","24.000",528482.154,4566312.979,563
"474","P3","23.65","Argilla marnosa grigio-azzurra. Calcarenite stratificata, spesso intensamente fratturata. Talora livelli argillosi-sabbiosi.","2a","1","Troncone","24.000",528482.154,4566312.979,563
"475","P3","23.7","Argilla marnosa grigio-azzurra. Calcarenite stratificata, spesso intensamente fratturata. Talora livelli argillosi-sabbiosi.","2a","1","Troncone","24.000",528482.154,4566312.979,563
"476","P3","23.75","Argilla marnosa grigio-azzurra. Calcarenite stratificata, spesso intensamente fratturata. Talora livelli argillosi-sabbiosi.","2a","1","Troncone","24.000",528482.154,4566312.979,563
"477","P3","23.8","Argilla marnosa grigio-azzurra. Calcarenite stratificata, spesso intensamente fratturata. Talora livelli argillosi-sabbiosi.","2a","1","Troncone","24.000",528482.154,4566312.979,563
"478","P3","23.85","Argilla marnosa grigio-azzurra. Calcarenite stratificata, spesso intensamente fratturata. Talora livelli argillosi-sabbiosi.","2a","1","Troncone","24.000",528482.154,4566312.979,563
"479","P3","23.9","Argilla marnosa grigio-azzurra. Calcarenite stratificata, spesso intensamente fratturata. Talora livelli argillosi-sabbiosi.","2a","1","Troncone","24.000",528482.154,4566312.979,563
"480","P3","23.95","Argilla marnosa grigio-azzurra. Calcarenite stratificata, spesso intensamente fratturata. Talora livelli argillosi-sabbiosi.","2a","1","Troncone","24.000",528482.154,4566312.979,563
"481","P3","24","Argilla marnosa grigio-azzurra. Calcarenite stratificata, spesso intensamente fratturata. Talora livelli argillosi-sabbiosi.","2a","1","Troncone","24.000",528482.154,4566312.979,563
"482","P3","24.05","Argilla marnosa grigio-azzurra. Calcarenite stratificata, spesso intensamente fratturata. Talora livelli argillosi-sabbiosi.","2a","1","Troncone","24.000",528482.154,4566312.979,563
"483","P3","24.1","Argilla marnosa grigio-azzurra. Calcarenite stratificata, spesso intensamente fratturata. Talora livelli argillosi-sabbiosi.","2a","1","Troncone","24.000",528482.154,4566312.979,563
"484","P3","24.15","Argilla marnosa grigio-azzurra. Calcarenite stratificata, spesso intensamente fratturata. Talora livelli argillosi-sabbiosi.","2a","1","Troncone","24.000",528482.154,4566312.979,563
"485","P3","24.2","Argilla marnosa grigio-azzurra. Calcarenite stratificata, spesso intensamente fratturata. Talora livelli argillosi-sabbiosi.","2a","1","Troncone","24.000",528482.154,4566312.979,563
"486","P3","24.25","Argilla marnosa grigio-azzurra. Calcarenite stratificata, spesso intensamente fratturata. Talora livelli argillosi-sabbiosi.","2a","1","Troncone","24.000",528482.154,4566312.979,563
"487","P3","24.3","Argilla marnosa grigio-azzurra. Calcarenite stratificata, spesso intensamente fratturata. Talora livelli argillosi-sabbiosi.","2a","1","Troncone","24.000",528482.154,4566312.979,563
"488","P3","24.35","Argilla marnosa grigio-azzurra. Calcarenite stratificata, spesso intensamente fratturata. Talora livelli argillosi-sabbiosi.","2a","1","Troncone","24.000",528482.154,4566312.979,563
"489","P3","24.4","Argilla marnosa grigio-azzurra. Calcarenite stratificata, spesso intensamente fratturata. Talora livelli argillosi-sabbiosi.","2a","1","Troncone","24.000",528482.154,4566312.979,563
"490","P3","24.45","Argilla marnosa grigio-azzurra. Calcarenite stratificata, spesso intensamente fratturata. Talora livelli argillosi-sabbiosi.","2a","1","Troncone","24.000",528482.154,4566312.979,563
"491","P3","24.5","Argilla marnosa grigio-azzurra. Calcarenite stratificata, spesso intensamente fratturata. Talora livelli argillosi-sabbiosi.","2a","1","Troncone","24.000",528482.154,4566312.979,563
"492","P3","24.5","Argilla marnosa grigio-azzurra. Calcarenite stratificata, spesso intensamente fratturata. Talora livelli argillosi-sabbiosi.","2a","0","Troncone","24.000",528482.154,4566312.979,563
"493","P3","24.55","Argilla marnosa grigio-azzurra. Calcarenite stratificata, spesso intensamente fratturata. Talora livelli argillosi-sabbiosi.","2a","0","Troncone","24.000",528482.154,4566312.979,563
"494","P3","24.6","Argilla marnosa grigio-azzurra. Calcarenite stratificata, spesso intensamente fratturata. Talora livelli argillosi-sabbiosi.","2a","0","Troncone","24.000",528482.154,4566312.979,563
"495","P3","24.65","Argilla marnosa grigio-azzurra. Calcarenite stratificata, spesso intensamente fratturata. Talora livelli argillosi-sabbiosi.","2a","0","Troncone","24.000",528482.154,4566312.979,563
"496","P3","24.7","Argilla marnosa grigio-azzurra. Calcarenite stratificata, spesso intensamente fratturata. Talora livelli argillosi-sabbiosi.","2a","0","Troncone","24.000",528482.154,4566312.979,563
"497","P3","24.75","Argilla marnosa grigio-azzurra. Calcarenite stratificata, spesso intensamente fratturata. Talora livelli argillosi-sabbiosi.","2a","0","Troncone","24.000",528482.154,4566312.979,563
"498","P3","24.8","Argilla marnosa grigio-azzurra. Calcarenite stratificata, spesso intensamente fratturata. Talora livelli argillosi-sabbiosi.","2a","0","Troncone","24.000",528482.154,4566312.979,563
"499","P3","24.85","Argilla marnosa grigio-azzurra. Calcarenite stratificata, spesso intensamente fratturata. Talora livelli argillosi-sabbiosi.","2a","0","Troncone","24.000",528482.154,4566312.979,563
"500","P3","24.9","Argilla marnosa grigio-azzurra. Calcarenite stratificata, spesso intensamente fratturata. Talora livelli argillosi-sabbiosi.","2a","0","Troncone","24.000",528482.154,4566312.979,563
"501","P3","24.95","Argilla marnosa grigio-azzurra. Calcarenite stratificata, spesso intensamente fratturata. Talora livelli argillosi-sabbiosi.","2a","0","Troncone","24.000",528482.154,4566312.979,563
"502","P3","25","Argilla marnosa grigio-azzurra. Calcarenite stratificata, spesso intensamente fratturata. Talora livelli argillosi-sabbiosi.","2a","0","Troncone","24.000",528482.154,4566312.979,563
"503","P3","25.05","Argilla marnosa grigio-azzurra. Calcarenite stratificata, spesso intensamente fratturata. Talora livelli argillosi-sabbiosi.","2a","0","Troncone","24.000",528482.154,4566312.979,563
"504","P3","25.1","Argilla marnosa grigio-azzurra. Calcarenite stratificata, spesso intensamente fratturata. Talora livelli argillosi-sabbiosi.","2a","0","Troncone","24.000",528482.154,4566312.979,563
"505","P3","25.15","Argilla marnosa grigio-azzurra. Calcarenite stratificata, spesso intensamente fratturata. Talora livelli argillosi-sabbiosi.","2a","0","Troncone","24.000",528482.154,4566312.979,563
"506","P3","25.2","Argilla marnosa grigio-azzurra. Calcarenite stratificata, spesso intensamente fratturata. Talora livelli argillosi-sabbiosi.","2a","0","Troncone","24.000",528482.154,4566312.979,563
"507","P3","25.25","Argilla marnosa grigio-azzurra. Calcarenite stratificata, spesso intensamente fratturata. Talora livelli argillosi-sabbiosi.","2a","0","Troncone","24.000",528482.154,4566312.979,563
"508","P3","25.3","Argilla marnosa grigio-azzurra. Calcarenite stratificata, spesso intensamente fratturata. Talora livelli argillosi-sabbiosi.","2a","0","Troncone","24.000",528482.154,4566312.979,563
"509","P3","25.35","Argilla marnosa grigio-azzurra. Calcarenite stratificata, spesso intensamente fratturata. Talora livelli argillosi-sabbiosi.","2a","0","Troncone","24.000",528482.154,4566312.979,563
"510","P3","25.4","Argilla marnosa grigio-azzurra. Calcarenite stratificata, spesso intensamente fratturata. Talora livelli argillosi-sabbiosi.","2a","0","Troncone","24.000",528482.154,4566312.979,563
"511","P3","25.45","Argilla marnosa grigio-azzurra. Calcarenite stratificata, spesso intensamente fratturata. Talora livelli argillosi-sabbiosi.","2a","0","Troncone","24.000",528482.154,4566312.979,563
"512","P3","25.5","Argilla marnosa grigio-azzurra. Calcarenite stratificata, spesso intensamente fratturata. Talora livelli argillosi-sabbiosi.","2a","0","Troncone","24.000",528482.154,4566312.979,563
"513","P3","25.55","Argilla marnosa grigio-azzurra. Calcarenite stratificata, spesso intensamente fratturata. Talora livelli argillosi-sabbiosi.","2a","0","Troncone","24.000",528482.154,4566312.979,563
"514","P3","25.6","Argilla marnosa grigio-azzurra. Calcarenite stratificata, spesso intensamente fratturata. Talora livelli argillosi-sabbiosi.","2a","0","Troncone","24.000",528482.154,4566312.979,563
"515","P3","25.65","Argilla marnosa grigio-azzurra. Calcarenite stratificata, spesso intensamente fratturata. Talora livelli argillosi-sabbiosi.","2a","0","Troncone","24.000",528482.154,4566312.979,563
"516","P3","25.7","Argilla marnosa grigio-azzurra. Calcarenite stratificata, spesso intensamente fratturata. Talora livelli argillosi-sabbiosi.","2a","0","Troncone","24.000",528482.154,4566312.979,563
"517","P3","25.75","Argilla marnosa grigio-azzurra. Calcarenite stratificata, spesso intensamente fratturata. Talora livelli argillosi-sabbiosi.","2a","0","Troncone","24.000",528482.154,4566312.979,563
"518","P3","25.8","Argilla marnosa grigio-azzurra. Calcarenite stratificata, spesso intensamente fratturata. Talora livelli argillosi-sabbiosi.","2a","0","Troncone","24.000",528482.154,4566312.979,563
"519","P3","25.85","Argilla marnosa grigio-azzurra. Calcarenite stratificata, spesso intensamente fratturata. Talora livelli argillosi-sabbiosi.","2a","0","Troncone","24.000",528482.154,4566312.979,563
"520","P3","25.9","Argilla marnosa grigio-azzurra. Calcarenite stratificata, spesso intensamente fratturata. Talora livelli argillosi-sabbiosi.","2a","0","Troncone","24.000",528482.154,4566312.979,563
"521","P3","25.95","Argilla marnosa grigio-azzurra. Calcarenite stratificata, spesso intensamente fratturata. Talora livelli argillosi-sabbiosi.","2a","0","Troncone","24.000",528482.154,4566312.979,563
"522","P3","26","Argilla marnosa grigio-azzurra. Calcarenite stratificata, spesso intensamente fratturata. Talora livelli argillosi-sabbiosi.","2a","0","Troncone","24.000",528482.154,4566312.979,563
"523","P3","26.05","Argilla marnosa grigio-azzurra. Calcarenite stratificata, spesso intensamente fratturata. Talora livelli argillosi-sabbiosi.","2a","0","Troncone","24.000",528482.154,4566312.979,563
"524","P3","26.1","Argilla marnosa grigio-azzurra. Calcarenite stratificata, spesso intensamente fratturata. Talora livelli argillosi-sabbiosi.","2a","0","Troncone","24.000",528482.154,4566312.979,563
"525","P3","26.15","Argilla marnosa grigio-azzurra. Calcarenite stratificata, spesso intensamente fratturata. Talora livelli argillosi-sabbiosi.","2a","0","Troncone","24.000",528482.154,4566312.979,563
"526","P3","26.2","Argilla marnosa grigio-azzurra. Calcarenite stratificata, spesso intensamente fratturata. Talora livelli argillosi-sabbiosi.","2a","0","Troncone","24.000",528482.154,4566312.979,563
"527","P3","26.25","Argilla marnosa grigio-azzurra. Calcarenite stratificata, spesso intensamente fratturata. Talora livelli argillosi-sabbiosi.","2a","0","Troncone","24.000",528482.154,4566312.979,563
"528","P3","26.3","Argilla marnosa grigio-azzurra. Calcarenite stratificata, spesso intensamente fratturata. Talora livelli argillosi-sabbiosi.","2a","0","Troncone","24.000",528482.154,4566312.979,563
"529","P3","26.35","Argilla marnosa grigio-azzurra. Calcarenite stratificata, spesso intensamente fratturata. Talora livelli argillosi-sabbiosi.","2a","0","Troncone","24.000",528482.154,4566312.979,563
"530","P3","26.4","Argilla marnosa grigio-azzurra. Calcarenite stratificata, spesso intensamente fratturata. Talora livelli argillosi-sabbiosi.","2a","0","Troncone","24.000",528482.154,4566312.979,563
"531","P3","26.45","Argilla marnosa grigio-azzurra. Calcarenite stratificata, spesso intensamente fratturata. Talora livelli argillosi-sabbiosi.","2a","0","Troncone","24.000",528482.154,4566312.979,563
"532","P3","26.5","Argilla marnosa grigio-azzurra. Calcarenite stratificata, spesso intensamente fratturata. Talora livelli argillosi-sabbiosi.","2a","0","Troncone","24.000",528482.154,4566312.979,563
"533","P3","26.55","Argilla marnosa grigio-azzurra. Calcarenite stratificata, spesso intensamente fratturata. Talora livelli argillosi-sabbiosi.","2a","0","Troncone","24.000",528482.154,4566312.979,563
"534","P3","26.6","Argilla marnosa grigio-azzurra. Calcarenite stratificata, spesso intensamente fratturata. Talora livelli argillosi-sabbiosi.","2a","0","Troncone","24.000",528482.154,4566312.979,563
"535","P3","26.65","Argilla marnosa grigio-azzurra. Calcarenite stratificata, spesso intensamente fratturata. Talora livelli argillosi-sabbiosi.","2a","0","Troncone","24.000",528482.154,4566312.979,563
"536","P3","26.7","Argilla marnosa grigio-azzurra. Calcarenite stratificata, spesso intensamente fratturata. Talora livelli argillosi-sabbiosi.","2a","0","Troncone","24.000",528482.154,4566312.979,563
"537","P3","26.75","Argilla marnosa grigio-azzurra. Calcarenite stratificata, spesso intensamente fratturata. Talora livelli argillosi-sabbiosi.","2a","0","Troncone","24.000",528482.154,4566312.979,563
"538","P3","26.8","Argilla marnosa grigio-azzurra. Calcarenite stratificata, spesso intensamente fratturata. Talora livelli argillosi-sabbiosi.","2a","0","Troncone","24.000",528482.154,4566312.979,563
"539","P3","26.85","Argilla marnosa grigio-azzurra. Calcarenite stratificata, spesso intensamente fratturata. Talora livelli argillosi-sabbiosi.","2a","0","Troncone","24.000",528482.154,4566312.979,563
"540","P3","26.9","Argilla marnosa grigio-azzurra. Calcarenite stratificata, spesso intensamente fratturata. Talora livelli argillosi-sabbiosi.","2a","0","Troncone","24.000",528482.154,4566312.979,563
"541","P3","26.95","Argilla marnosa grigio-azzurra. Calcarenite stratificata, spesso intensamente fratturata. Talora livelli argillosi-sabbiosi.","2a","0","Troncone","24.000",528482.154,4566312.979,563
"542","P3","27","Argilla marnosa grigio-azzurra. Calcarenite stratificata, spesso intensamente fratturata. Talora livelli argillosi-sabbiosi.","2a","0","Troncone","24.000",528482.154,4566312.979,563
"543","P3","27.05","Argilla marnosa grigio-azzurra. Calcarenite stratificata, spesso intensamente fratturata. Talora livelli argillosi-sabbiosi.","2a","0","Troncone","24.000",528482.154,4566312.979,563
"544","P3","27.1","Argilla marnosa grigio-azzurra. Calcarenite stratificata, spesso intensamente fratturata. Talora livelli argillosi-sabbiosi.","2a","0","Troncone","24.000",528482.154,4566312.979,563
"545","P3","27.15","Argilla marnosa grigio-azzurra. Calcarenite stratificata, spesso intensamente fratturata. Talora livelli argillosi-sabbiosi.","2a","0","Troncone","24.000",528482.154,4566312.979,563
"546","P3","27.2","Argilla marnosa grigio-azzurra. Calcarenite stratificata, spesso intensamente fratturata. Talora livelli argillosi-sabbiosi.","2a","0","Troncone","24.000",528482.154,4566312.979,563
"547","P3","27.25","Argilla marnosa grigio-azzurra. Calcarenite stratificata, spesso intensamente fratturata. Talora livelli argillosi-sabbiosi.","2a","0","Troncone","24.000",528482.154,4566312.979,563
"548","P3","27.3","Argilla marnosa grigio-azzurra. Calcarenite stratificata, spesso intensamente fratturata. Talora livelli argillosi-sabbiosi.","2a","0","Troncone","24.000",528482.154,4566312.979,563
"549","P3","27.35","Argilla marnosa grigio-azzurra. Calcarenite stratificata, spesso intensamente fratturata. Talora livelli argillosi-sabbiosi.","2a","0","Troncone","24.000",528482.154,4566312.979,563
"550","P3","27.4","Argilla marnosa grigio-azzurra. Calcarenite stratificata, spesso intensamente fratturata. Talora livelli argillosi-sabbiosi.","2a","0","Troncone","24.000",528482.154,4566312.979,563
"551","P3","27.45","Argilla marnosa grigio-azzurra. Calcarenite stratificata, spesso intensamente fratturata. Talora livelli argillosi-sabbiosi.","2a","0","Troncone","24.000",528482.154,4566312.979,563
"552","P3","27.5","Argilla marnosa grigio-azzurra. Calcarenite stratificata, spesso intensamente fratturata. Talora livelli argillosi-sabbiosi.","2a","0","Troncone","24.000",528482.154,4566312.979,563
"553","P3","27.55","Argilla marnosa grigio-azzurra. Calcarenite stratificata, spesso intensamente fratturata. Talora livelli argillosi-sabbiosi.","2a","0","Troncone","24.000",528482.154,4566312.979,563
"554","P3","27.6","Argilla marnosa grigio-azzurra. Calcarenite stratificata, spesso intensamente fratturata. Talora livelli argillosi-sabbiosi.","2a","0","Troncone","24.000",528482.154,4566312.979,563
"555","P3","27.65","Argilla marnosa grigio-azzurra. Calcarenite stratificata, spesso intensamente fratturata. Talora livelli argillosi-sabbiosi.","2a","0","Troncone","24.000",528482.154,4566312.979,563
"556","P3","27.7","Argilla marnosa grigio-azzurra. Calcarenite stratificata, spesso intensamente fratturata. Talora livelli argillosi-sabbiosi.","2a","0","Troncone","24.000",528482.154,4566312.979,563
"557","P3","27.75","Argilla marnosa grigio-azzurra. Calcarenite stratificata, spesso intensamente fratturata. Talora livelli argillosi-sabbiosi.","2a","0","Troncone","24.000",528482.154,4566312.979,563
"558","P3","27.8","Argilla marnosa grigio-azzurra. Calcarenite stratificata, spesso intensamente fratturata. Talora livelli argillosi-sabbiosi.","2a","0","Troncone","24.000",528482.154,4566312.979,563
"559","P3","27.85","Argilla marnosa grigio-azzurra. Calcarenite stratificata, spesso intensamente fratturata. Talora livelli argillosi-sabbiosi.","2a","0","Troncone","24.000",528482.154,4566312.979,563
"560","P3","27.9","Argilla marnosa grigio-azzurra. Calcarenite stratificata, spesso intensamente fratturata. Talora livelli argillosi-sabbiosi.","2a","0","Troncone","24.000",528482.154,4566312.979,563
"561","P3","27.95","Argilla marnosa grigio-azzurra. Calcarenite stratificata, spesso intensamente fratturata. Talora livelli argillosi-sabbiosi.","2a","0","Troncone","24.000",528482.154,4566312.979,563
"562","P3","28","Argilla marnosa grigio-azzurra. Calcarenite stratificata, spesso intensamente fratturata. Talora livelli argillosi-sabbiosi.","2a","0","Troncone","24.000",528482.154,4566312.979,563
"563","P3","28.05","Argilla marnosa grigio-azzurra. Calcarenite stratificata, spesso intensamente fratturata. Talora livelli argillosi-sabbiosi.","2a","0","Troncone","24.000",528482.154,4566312.979,563
"564","P3","28.1","Argilla marnosa grigio-azzurra. Calcarenite stratificata, spesso intensamente fratturata. Talora livelli argillosi-sabbiosi.","2a","0","Troncone","24.000",528482.154,4566312.979,563
"565","P3","28.15","Argilla marnosa grigio-azzurra. Calcarenite stratificata, spesso intensamente fratturata. Talora livelli argillosi-sabbiosi.","2a","0","Troncone","24.000",528482.154,4566312.979,563
"566","P3","28.2","Argilla marnosa grigio-azzurra. Calcarenite stratificata, spesso intensamente fratturata. Talora livelli argillosi-sabbiosi.","2a","0","Troncone","24.000",528482.154,4566312.979,563
"567","P3","28.25","Argilla marnosa grigio-azzurra. Calcarenite stratificata, spesso intensamente fratturata. Talora livelli argillosi-sabbiosi.","2a","0","Troncone","24.000",528482.154,4566312.979,563
"568","P3","28.3","Argilla marnosa grigio-azzurra. Calcarenite stratificata, spesso intensamente fratturata. Talora livelli argillosi-sabbiosi.","2a","0","Troncone","24.000",528482.154,4566312.979,563
"569","P3","28.35","Argilla marnosa grigio-azzurra. Calcarenite stratificata, spesso intensamente fratturata. Talora livelli argillosi-sabbiosi.","2a","0","Troncone","24.000",528482.154,4566312.979,563
"570","P3","28.4","Argilla marnosa grigio-azzurra. Calcarenite stratificata, spesso intensamente fratturata. Talora livelli argillosi-sabbiosi.","2a","0","Troncone","24.000",528482.154,4566312.979,563
"571","P3","28.45","Argilla marnosa grigio-azzurra. Calcarenite stratificata, spesso intensamente fratturata. Talora livelli argillosi-sabbiosi.","2a","0","Troncone","24.000",528482.154,4566312.979,563
"572","P3","28.5","Argilla marnosa grigio-azzurra. Calcarenite stratificata, spesso intensamente fratturata. Talora livelli argillosi-sabbiosi.","2a","0","Troncone","24.000",528482.154,4566312.979,563
"573","P3","28.55","Argilla marnosa grigio-azzurra. Calcarenite stratificata, spesso intensamente fratturata. Talora livelli argillosi-sabbiosi.","2a","0","Troncone","24.000",528482.154,4566312.979,563
"574","P3","28.6","Argilla marnosa grigio-azzurra. Calcarenite stratificata, spesso intensamente fratturata. Talora livelli argillosi-sabbiosi.","2a","0","Troncone","24.000",528482.154,4566312.979,563
"575","P3","28.65","Argilla marnosa grigio-azzurra. Calcarenite stratificata, spesso intensamente fratturata. Talora livelli argillosi-sabbiosi.","2a","0","Troncone","24.000",528482.154,4566312.979,563
"576","P3","28.7","Argilla marnosa grigio-azzurra. Calcarenite stratificata, spesso intensamente fratturata. Talora livelli argillosi-sabbiosi.","2a","0","Troncone","24.000",528482.154,4566312.979,563
"577","P3","28.75","Argilla marnosa grigio-azzurra. Calcarenite stratificata, spesso intensamente fratturata. Talora livelli argillosi-sabbiosi.","2a","0","Troncone","24.000",528482.154,4566312.979,563
"578","P3","28.8","Argilla marnosa grigio-azzurra. Calcarenite stratificata, spesso intensamente fratturata. Talora livelli argillosi-sabbiosi.","2a","0","Troncone","24.000",528482.154,4566312.979,563
"579","P3","28.85","Argilla marnosa grigio-azzurra. Calcarenite stratificata, spesso intensamente fratturata. Talora livelli argillosi-sabbiosi.","2a","0","Troncone","24.000",528482.154,4566312.979,563
"580","P3","28.9","Argilla marnosa grigio-azzurra. Calcarenite stratificata, spesso intensamente fratturata. Talora livelli argillosi-sabbiosi.","2a","0","Troncone","24.000",528482.154,4566312.979,563
"581","P3","28.95","Argilla marnosa grigio-azzurra. Calcarenite stratificata, spesso intensamente fratturata. Talora livelli argillosi-sabbiosi.","2a","0","Troncone","24.000",528482.154,4566312.979,563
"582","P3","29","Argilla marnosa grigio-azzurra. Calcarenite stratificata, spesso intensamente fratturata. Talora livelli argillosi-sabbiosi.","2a","0","Troncone","24.000",528482.154,4566312.979,563
"583","P3","29.05","Argilla marnosa grigio-azzurra. Calcarenite stratificata, spesso intensamente fratturata. Talora livelli argillosi-sabbiosi.","2a","0","Troncone","24.000",528482.154,4566312.979,563
"584","P3","29.1","Argilla marnosa grigio-azzurra. Calcarenite stratificata, spesso intensamente fratturata. Talora livelli argillosi-sabbiosi.","2a","0","Troncone","24.000",528482.154,4566312.979,563
"585","P3","29.15","Argilla marnosa grigio-azzurra. Calcarenite stratificata, spesso intensamente fratturata. Talora livelli argillosi-sabbiosi.","2a","0","Troncone","24.000",528482.154,4566312.979,563
"586","P3","29.2","Argilla marnosa grigio-azzurra. Calcarenite stratificata, spesso intensamente fratturata. Talora livelli argillosi-sabbiosi.","2a","0","Troncone","24.000",528482.154,4566312.979,563
"587","P3","29.25","Argilla marnosa grigio-azzurra. Calcarenite stratificata, spesso intensamente fratturata. Talora livelli argillosi-sabbiosi.","2a","0","Troncone","24.000",528482.154,4566312.979,563
"588","P3","29.3","Argilla marnosa grigio-azzurra. Calcarenite stratificata, spesso intensamente fratturata. Talora livelli argillosi-sabbiosi.","2a","0","Troncone","24.000",528482.154,4566312.979,563
"589","P3","29.35","Argilla marnosa grigio-azzurra. Calcarenite stratificata, spesso intensamente fratturata. Talora livelli argillosi-sabbiosi.","2a","0","Troncone","24.000",528482.154,4566312.979,563
"590","P3","29.4","Argilla marnosa grigio-azzurra. Calcarenite stratificata, spesso intensamente fratturata. Talora livelli argillosi-sabbiosi.","2a","0","Troncone","24.000",528482.154,4566312.979,563
"591","P3","29.45","Argilla marnosa grigio-azzurra. Calcarenite stratificata, spesso intensamente fratturata. Talora livelli argillosi-sabbiosi.","2a","0","Troncone","24.000",528482.154,4566312.979,563
"592","P3","29.5","Argilla marnosa grigio-azzurra. Calcarenite stratificata, spesso intensamente fratturata. Talora livelli argillosi-sabbiosi.","2a","0","Troncone","24.000",528482.154,4566312.979,563
"593","P3","29.55","Argilla marnosa grigio-azzurra. Calcarenite stratificata, spesso intensamente fratturata. Talora livelli argillosi-sabbiosi.","2a","0","Troncone","24.000",528482.154,4566312.979,563
"594","P3","29.6","Argilla marnosa grigio-azzurra. Calcarenite stratificata, spesso intensamente fratturata. Talora livelli argillosi-sabbiosi.","2a","0","Troncone","24.000",528482.154,4566312.979,563
"595","P3","29.65","Argilla marnosa grigio-azzurra. Calcarenite stratificata, spesso intensamente fratturata. Talora livelli argillosi-sabbiosi.","2a","0","Troncone","24.000",528482.154,4566312.979,563
"596","P3","29.7","Argilla marnosa grigio-azzurra. Calcarenite stratificata, spesso intensamente fratturata. Talora livelli argillosi-sabbiosi.","2a","0","Troncone","24.000",528482.154,4566312.979,563
"597","P3","29.75","Argilla marnosa grigio-azzurra. Calcarenite stratificata, spesso intensamente fratturata. Talora livelli argillosi-sabbiosi.","2a","0","Troncone","24.000",528482.154,4566312.979,563
"598","P3","29.8","Argilla marnosa grigio-azzurra. Calcarenite stratificata, spesso intensamente fratturata. Talora livelli argillosi-sabbiosi.","2a","0","Troncone","24.000",528482.154,4566312.979,563
"599","P3","29.85","Argilla marnosa grigio-azzurra. Calcarenite stratificata, spesso intensamente fratturata. Talora livelli argillosi-sabbiosi.","2a","0","Troncone","24.000",528482.154,4566312.979,563
"600","P3","29.9","Argilla marnosa grigio-azzurra. Calcarenite stratificata, spesso intensamente fratturata. Talora livelli argillosi-sabbiosi.","2a","0","Troncone","24.000",528482.154,4566312.979,563
"601","P3","29.95","Argilla marnosa grigio-azzurra. Calcarenite stratificata, spesso intensamente fratturata. Talora livelli argillosi-sabbiosi.","2a","0","Troncone","24.000",528482.154,4566312.979,563
"602","P3","30","Argilla marnosa grigio-azzurra. Calcarenite stratificata, spesso intensamente fratturata. Talora livelli argillosi-sabbiosi.","2a","0","Troncone","24.000",528482.154,4566312.979,563
"603","P3","30.05","Argilla marnosa grigio-azzurra. Calcarenite stratificata, spesso intensamente fratturata. Talora livelli argillosi-sabbiosi.","2a","0","Troncone","24.000",528482.154,4566312.979,563
"604","P3","30.1","Argilla marnosa grigio-azzurra. Calcarenite stratificata, spesso intensamente fratturata. Talora livelli argillosi-sabbiosi.","2a","0","Troncone","24.000",528482.154,4566312.979,563
"605","P3","30.15","Argilla marnosa grigio-azzurra. Calcarenite stratificata, spesso intensamente fratturata. Talora livelli argillosi-sabbiosi.","2a","0","Troncone","24.000",528482.154,4566312.979,563
"606","P3","30.2","Argilla marnosa grigio-azzurra. Calcarenite stratificata, spesso intensamente fratturata. Talora livelli argillosi-sabbiosi.","2a","0","Troncone","24.000",528482.154,4566312.979,563
"607","P3","30.25","Argilla marnosa grigio-azzurra. Calcarenite stratificata, spesso intensamente fratturata. Talora livelli argillosi-sabbiosi.","2a","0","Troncone","24.000",528482.154,4566312.979,563
"608","P3","30.3","Argilla marnosa grigio-azzurra. Calcarenite stratificata, spesso intensamente fratturata. Talora livelli argillosi-sabbiosi.","2a","0","Troncone","24.000",528482.154,4566312.979,563
"609","P3","30.35","Argilla marnosa grigio-azzurra. Calcarenite stratificata, spesso intensamente fratturata. Talora livelli argillosi-sabbiosi.","2a","0","Troncone","24.000",528482.154,4566312.979,563
"610","P3","30.4","Argilla marnosa grigio-azzurra. Calcarenite stratificata, spesso intensamente fratturata. Talora livelli argillosi-sabbiosi.","2a","0","Troncone","24.000",528482.154,4566312.979,563
"611","P3","30.45","Argilla marnosa grigio-azzurra. Calcarenite stratificata, spesso intensamente fratturata. Talora livelli argillosi-sabbiosi.","2a","0","Troncone","24.000",528482.154,4566312.979,563
"612","P3","30.5","Argilla marnosa grigio-azzurra. Calcarenite stratificata, spesso intensamente fratturata. Talora livelli argillosi-sabbiosi.","2a","0","Troncone","24.000",528482.154,4566312.979,563
"613","P3","30.55","Argilla marnosa grigio-azzurra. Calcarenite stratificata, spesso intensamente fratturata. Talora livelli argillosi-sabbiosi.","2a","0","Troncone","24.000",528482.154,4566312.979,563
"614","P3","30.6","Argilla marnosa grigio-azzurra. Calcarenite stratificata, spesso intensamente fratturata. Talora livelli argillosi-sabbiosi.","2a","0","Troncone","24.000",528482.154,4566312.979,563
"615","P3","30.65","Argilla marnosa grigio-azzurra. Calcarenite stratificata, spesso intensamente fratturata. Talora livelli argillosi-sabbiosi.","2a","0","Troncone","24.000",528482.154,4566312.979,563
"616","P3","30.7","Argilla marnosa grigio-azzurra. Calcarenite stratificata, spesso intensamente fratturata. Talora livelli argillosi-sabbiosi.","2a","0","Troncone","24.000",528482.154,4566312.979,563
"617","P3","30.75","Argilla marnosa grigio-azzurra. Calcarenite stratificata, spesso intensamente fratturata. Talora livelli argillosi-sabbiosi.","2a","0","Troncone","24.000",528482.154,4566312.979,563
"618","P3","30.8","Argilla marnosa grigio-azzurra. Calcarenite stratificata, spesso intensamente fratturata. Talora livelli argillosi-sabbiosi.","2a","0","Troncone","24.000",528482.154,4566312.979,563
"619","P3","30.85","Argilla marnosa grigio-azzurra. Calcarenite stratificata, spesso intensamente fratturata. Talora livelli argillosi-sabbiosi.","2a","0","Troncone","24.000",528482.154,4566312.979,563
"620","P3","30.9","Argilla marnosa grigio-azzurra. Calcarenite stratificata, spesso intensamente fratturata. Talora livelli argillosi-sabbiosi.","2a","0","Troncone","24.000",528482.154,4566312.979,563
"621","P3","30.95","Argilla marnosa grigio-azzurra. Calcarenite stratificata, spesso intensamente fratturata. Talora livelli argillosi-sabbiosi.","2a","0","Troncone","24.000",528482.154,4566312.979,563
"622","P3","31","Argilla marnosa grigio-azzurra. Calcarenite stratificata, spesso intensamente fratturata. Talora livelli argillosi-sabbiosi.","2a","0","Troncone","24.000",528482.154,4566312.979,563
"623","P3","31.05","Argilla marnosa grigio-azzurra. Calcarenite stratificata, spesso intensamente fratturata. Talora livelli argillosi-sabbiosi.","2a","0","Troncone","24.000",528482.154,4566312.979,563
"624","P3","31.1","Argilla marnosa grigio-azzurra. Calcarenite stratificata, spesso intensamente fratturata. Talora livelli argillosi-sabbiosi.","2a","0","Troncone","24.000",528482.154,4566312.979,563
"625","P3","31.15","Argilla marnosa grigio-azzurra. Calcarenite stratificata, spesso intensamente fratturata. Talora livelli argillosi-sabbiosi.","2a","0","Troncone","24.000",528482.154,4566312.979,563
"626","P3","31.2","Argilla marnosa grigio-azzurra. Calcarenite stratificata, spesso intensamente fratturata. Talora livelli argillosi-sabbiosi.","2a","0","Troncone","24.000",528482.154,4566312.979,563
"627","P3","31.25","Argilla marnosa grigio-azzurra. Calcarenite stratificata, spesso intensamente fratturata. Talora livelli argillosi-sabbiosi.","2a","0","Troncone","24.000",528482.154,4566312.979,563
"628","P3","31.3","Argilla marnosa grigio-azzurra. Calcarenite stratificata, spesso intensamente fratturata. Talora livelli argillosi-sabbiosi.","2a","0","Troncone","24.000",528482.154,4566312.979,563
"629","P3","31.35","Argilla marnosa grigio-azzurra. Calcarenite stratificata, spesso intensamente fratturata. Talora livelli argillosi-sabbiosi.","2a","0","Troncone","24.000",528482.154,4566312.979,563
"630","P3","31.4","Argilla marnosa grigio-azzurra. Calcarenite stratificata, spesso intensamente fratturata. Talora livelli argillosi-sabbiosi.","2a","0","Troncone","24.000",528482.154,4566312.979,563
"631","P3","31.45","Argilla marnosa grigio-azzurra. Calcarenite stratificata, spesso intensamente fratturata. Talora livelli argillosi-sabbiosi.","2a","0","Troncone","24.000",528482.154,4566312.979,563
"632","P3","31.5","Argilla marnosa grigio-azzurra. Calcarenite stratificata, spesso intensamente fratturata. Talora livelli argillosi-sabbiosi.","2a","0","Troncone","24.000",528482.154,4566312.979,563
"633","P3","31.55","Argilla marnosa grigio-azzurra. Calcarenite stratificata, spesso intensamente fratturata. Talora livelli argillosi-sabbiosi.","2a","0","Troncone","24.000",528482.154,4566312.979,563
"634","P3","31.6","Argilla marnosa grigio-azzurra. Calcarenite stratificata, spesso intensamente fratturata. Talora livelli argillosi-sabbiosi.","2a","0","Troncone","24.000",528482.154,4566312.979,563
"635","P3","31.65","Argilla marnosa grigio-azzurra. Calcarenite stratificata, spesso intensamente fratturata. Talora livelli argillosi-sabbiosi.","2a","0","Troncone","24.000",528482.154,4566312.979,563
"636","P3","31.7","Argilla marnosa grigio-azzurra. Calcarenite stratificata, spesso intensamente fratturata. Talora livelli argillosi-sabbiosi.","2a","0","Troncone","24.000",528482.154,4566312.979,563
"637","P3","31.75","Argilla marnosa grigio-azzurra. Calcarenite stratificata, spesso intensamente fratturata. Talora livelli argillosi-sabbiosi.","2a","0","Troncone","24.000",528482.154,4566312.979,563
"638","P3","31.8","Argilla marnosa grigio-azzurra. Calcarenite stratificata, spesso intensamente fratturata. Talora livelli argillosi-sabbiosi.","2a","0","Troncone","24.000",528482.154,4566312.979,563
"639","P3","31.85","Argilla marnosa grigio-azzurra. Calcarenite stratificata, spesso intensamente fratturata. Talora livelli argillosi-sabbiosi.","2a","0","Troncone","24.000",528482.154,4566312.979,563
"640","P3","31.9","Argilla marnosa grigio-azzurra. Calcarenite stratificata, spesso intensamente fratturata. Talora livelli argillosi-sabbiosi.","2a","0","Troncone","24.000",528482.154,4566312.979,563
"641","P3","31.95","Argilla marnosa grigio-azzurra. Calcarenite stratificata, spesso intensamente fratturata. Talora livelli argillosi-sabbiosi.","2a","0","Troncone","24.000",528482.154,4566312.979,563
"642","P3","32","Argilla marnosa grigio-azzurra. Calcarenite stratificata, spesso intensamente fratturata. Talora livelli argillosi-sabbiosi.","2a","0","Troncone","24.000",528482.154,4566312.979,563
"643","P3","32.05","Argilla marnosa grigio-azzurra. Calcarenite stratificata, spesso intensamente fratturata. Talora livelli argillosi-sabbiosi.","2a","0","Troncone","24.000",528482.154,4566312.979,563
"644","P3","32.1","Argilla marnosa grigio-azzurra. Calcarenite stratificata, spesso intensamente fratturata. Talora livelli argillosi-sabbiosi.","2a","0","Troncone","24.000",528482.154,4566312.979,563
"645","P3","32.15","Argilla marnosa grigio-azzurra. Calcarenite stratificata, spesso intensamente fratturata. Talora livelli argillosi-sabbiosi.","2a","0","Troncone","24.000",528482.154,4566312.979,563
"646","P3","32.2","Argilla marnosa grigio-azzurra. Calcarenite stratificata, spesso intensamente fratturata. Talora livelli argillosi-sabbiosi.","2a","0","Troncone","24.000",528482.154,4566312.979,563
"647","P3","32.25","Argilla marnosa grigio-azzurra. Calcarenite stratificata, spesso intensamente fratturata. Talora livelli argillosi-sabbiosi.","2a","0","Troncone","24.000",528482.154,4566312.979,563
"648","P3","32.3","Argilla marnosa grigio-azzurra. Calcarenite stratificata, spesso intensamente fratturata. Talora livelli argillosi-sabbiosi.","2a","0","Troncone","24.000",528482.154,4566312.979,563
"649","P3","32.35","Argilla marnosa grigio-azzurra. Calcarenite stratificata, spesso intensamente fratturata. Talora livelli argillosi-sabbiosi.","2a","0","Troncone","24.000",528482.154,4566312.979,563
"650","P3","32.4","Argilla marnosa grigio-azzurra. Calcarenite stratificata, spesso intensamente fratturata. Talora livelli argillosi-sabbiosi.","2a","0","Troncone","24.000",528482.154,4566312.979,563
"651","P3","32.45","Argilla marnosa grigio-azzurra. Calcarenite stratificata, spesso intensamente fratturata. Talora livelli argillosi-sabbiosi.","2a","0","Troncone","24.000",528482.154,4566312.979,563
"652","P3","32.5","Argilla marnosa grigio-azzurra. Calcarenite stratificata, spesso intensamente fratturata. Talora livelli argillosi-sabbiosi.","2a","0","Troncone","24.000",528482.154,4566312.979,563
"653","P3","32.55","Argilla marnosa grigio-azzurra. Calcarenite stratificata, spesso intensamente fratturata. Talora livelli argillosi-sabbiosi.","2a","0","Troncone","24.000",528482.154,4566312.979,563
"654","P3","32.6","Argilla marnosa grigio-azzurra. Calcarenite stratificata, spesso intensamente fratturata. Talora livelli argillosi-sabbiosi.","2a","0","Troncone","24.000",528482.154,4566312.979,563
"655","P3","32.65","Argilla marnosa grigio-azzurra. Calcarenite stratificata, spesso intensamente fratturata. Talora livelli argillosi-sabbiosi.","2a","0","Troncone","24.000",528482.154,4566312.979,563
"656","P3","32.7","Argilla marnosa grigio-azzurra. Calcarenite stratificata, spesso intensamente fratturata. Talora livelli argillosi-sabbiosi.","2a","0","Troncone","24.000",528482.154,4566312.979,563
"657","P3","32.75","Argilla marnosa grigio-azzurra. Calcarenite stratificata, spesso intensamente fratturata. Talora livelli argillosi-sabbiosi.","2a","0","Troncone","24.000",528482.154,4566312.979,563
"658","P3","32.8","Argilla marnosa grigio-azzurra. Calcarenite stratificata, spesso intensamente fratturata. Talora livelli argillosi-sabbiosi.","2a","0","Troncone","24.000",528482.154,4566312.979,563
"659","P3","32.85","Argilla marnosa grigio-azzurra. Calcarenite stratificata, spesso intensamente fratturata. Talora livelli argillosi-sabbiosi.","2a","0","Troncone","24.000",528482.154,4566312.979,563
"660","P3","32.9","Argilla marnosa grigio-azzurra. Calcarenite stratificata, spesso intensamente fratturata. Talora livelli argillosi-sabbiosi.","2a","0","Troncone","24.000",528482.154,4566312.979,563
"661","P3","32.95","Argilla marnosa grigio-azzurra. Calcarenite stratificata, spesso intensamente fratturata. Talora livelli argillosi-sabbiosi.","2a","0","Troncone","24.000",528482.154,4566312.979,563
"662","P3","33","Argilla marnosa grigio-azzurra. Calcarenite stratificata, spesso intensamente fratturata. Talora livelli argillosi-sabbiosi.","2a","0","Troncone","24.000",528482.154,4566312.979,563
"663","P3","33.05","Argilla marnosa grigio-azzurra. Calcarenite stratificata, spesso intensamente fratturata. Talora livelli argillosi-sabbiosi.","2a","0","Troncone","24.000",528482.154,4566312.979,563
"664","P3","33.1","Argilla marnosa grigio-azzurra. Calcarenite stratificata, spesso intensamente fratturata. Talora livelli argillosi-sabbiosi.","2a","0","Troncone","24.000",528482.154,4566312.979,563
"665","P3","33.15","Argilla marnosa grigio-azzurra. Calcarenite stratificata, spesso intensamente fratturata. Talora livelli argillosi-sabbiosi.","2a","0","Troncone","24.000",528482.154,4566312.979,563
"666","P3","33.2","Argilla marnosa grigio-azzurra. Calcarenite stratificata, spesso intensamente fratturata. Talora livelli argillosi-sabbiosi.","2a","0","Troncone","24.000",528482.154,4566312.979,563
"667","P3","33.25","Argilla marnosa grigio-azzurra. Calcarenite stratificata, spesso intensamente fratturata. Talora livelli argillosi-sabbiosi.","2a","0","Troncone","24.000",528482.154,4566312.979,563
"668","P3","33.3","Argilla marnosa grigio-azzurra. Calcarenite stratificata, spesso intensamente fratturata. Talora livelli argillosi-sabbiosi.","2a","0","Troncone","24.000",528482.154,4566312.979,563
"669","P3","33.35","Argilla marnosa grigio-azzurra. Calcarenite stratificata, spesso intensamente fratturata. Talora livelli argillosi-sabbiosi.","2a","0","Troncone","24.000",528482.154,4566312.979,563
"670","P3","33.4","Argilla marnosa grigio-azzurra. Calcarenite stratificata, spesso intensamente fratturata. Talora livelli argillosi-sabbiosi.","2a","0","Troncone","24.000",528482.154,4566312.979,563
"671","P3","33.45","Argilla marnosa grigio-azzurra. Calcarenite stratificata, spesso intensamente fratturata. Talora livelli argillosi-sabbiosi.","2a","0","Troncone","24.000",528482.154,4566312.979,563
"672","P3","33.5","Argilla marnosa grigio-azzurra. Calcarenite stratificata, spesso intensamente fratturata. Talora livelli argillosi-sabbiosi.","2a","0","Troncone","24.000",528482.154,4566312.979,563
"673","P3","33.55","Argilla marnosa grigio-azzurra. Calcarenite stratificata, spesso intensamente fratturata. Talora livelli argillosi-sabbiosi.","2a","0","Troncone","24.000",528482.154,4566312.979,563
"674","P3","33.6","Argilla marnosa grigio-azzurra. Calcarenite stratificata, spesso intensamente fratturata. Talora livelli argillosi-sabbiosi.","2a","0","Troncone","24.000",528482.154,4566312.979,563
"675","P3","33.65","Argilla marnosa grigio-azzurra. Calcarenite stratificata, spesso intensamente fratturata. Talora livelli argillosi-sabbiosi.","2a","0","Troncone","24.000",528482.154,4566312.979,563
"676","P3","33.7","Argilla marnosa grigio-azzurra. Calcarenite stratificata, spesso intensamente fratturata. Talora livelli argillosi-sabbiosi.","2a","0","Troncone","24.000",528482.154,4566312.979,563
"677","P3","33.75","Argilla marnosa grigio-azzurra. Calcarenite stratificata, spesso intensamente fratturata. Talora livelli argillosi-sabbiosi.","2a","0","Troncone","24.000",528482.154,4566312.979,563
"678","P3","33.8","Argilla marnosa grigio-azzurra. Calcarenite stratificata, spesso intensamente fratturata. Talora livelli argillosi-sabbiosi.","2a","0","Troncone","24.000",528482.154,4566312.979,563
"679","P3","33.85","Argilla marnosa grigio-azzurra. Calcarenite stratificata, spesso intensamente fratturata. Talora livelli argillosi-sabbiosi.","2a","0","Troncone","24.000",528482.154,4566312.979,563
"680","P3","33.9","Argilla marnosa grigio-azzurra. Calcarenite stratificata, spesso intensamente fratturata. Talora livelli argillosi-sabbiosi.","2a","0","Troncone","24.000",528482.154,4566312.979,563
"681","P3","33.95","Argilla marnosa grigio-azzurra. Calcarenite stratificata, spesso intensamente fratturata. Talora livelli argillosi-sabbiosi.","2a","0","Troncone","24.000",528482.154,4566312.979,563
"682","P3","34","Argilla marnosa grigio-azzurra. Calcarenite stratificata, spesso intensamente fratturata. Talora livelli argillosi-sabbiosi.","2a","0","Troncone","24.000",528482.154,4566312.979,563
"683","P3","34.05","Argilla marnosa grigio-azzurra. Calcarenite stratificata, spesso intensamente fratturata. Talora livelli argillosi-sabbiosi.","2a","0","Troncone","24.000",528482.154,4566312.979,563
"684","P3","34.1","Argilla marnosa grigio-azzurra. Calcarenite stratificata, spesso intensamente fratturata. Talora livelli argillosi-sabbiosi.","2a","0","Troncone","24.000",528482.154,4566312.979,563
"685","P3","34.15","Argilla marnosa grigio-azzurra. Calcarenite stratificata, spesso intensamente fratturata. Talora livelli argillosi-sabbiosi.","2a","0","Troncone","24.000",528482.154,4566312.979,563
"686","P3","34.2","Argilla marnosa grigio-azzurra. Calcarenite stratificata, spesso intensamente fratturata. Talora livelli argillosi-sabbiosi.","2a","0","Troncone","24.000",528482.154,4566312.979,563
"687","P3","34.25","Argilla marnosa grigio-azzurra. Calcarenite stratificata, spesso intensamente fratturata. Talora livelli argillosi-sabbiosi.","2a","0","Troncone","24.000",528482.154,4566312.979,563
"688","P3","34.3","Argilla marnosa grigio-azzurra. Calcarenite stratificata, spesso intensamente fratturata. Talora livelli argillosi-sabbiosi.","2a","0","Troncone","24.000",528482.154,4566312.979,563
"689","P3","34.35","Argilla marnosa grigio-azzurra. Calcarenite stratificata, spesso intensamente fratturata. Talora livelli argillosi-sabbiosi.","2a","0","Troncone","24.000",528482.154,4566312.979,563
"690","P3","34.4","Argilla marnosa grigio-azzurra. Calcarenite stratificata, spesso intensamente fratturata. Talora livelli argillosi-sabbiosi.","2a","0","Troncone","24.000",528482.154,4566312.979,563
"691","P3","34.45","Argilla marnosa grigio-azzurra. Calcarenite stratificata, spesso intensamente fratturata. Talora livelli argillosi-sabbiosi.","2a","0","Troncone","24.000",528482.154,4566312.979,563
"692","P3","34.5","Argilla marnosa grigio-azzurra. Calcarenite stratificata, spesso intensamente fratturata. Talora livelli argillosi-sabbiosi.","2a","0","Troncone","24.000",528482.154,4566312.979,563
"693","P3","34.55","Argilla marnosa grigio-azzurra. Calcarenite stratificata, spesso intensamente fratturata. Talora livelli argillosi-sabbiosi.","2a","0","Troncone","24.000",528482.154,4566312.979,563
"694","P3","34.6","Argilla marnosa grigio-azzurra. Calcarenite stratificata, spesso intensamente fratturata. Talora livelli argillosi-sabbiosi.","2a","0","Troncone","24.000",528482.154,4566312.979,563
"695","P3","34.65","Argilla marnosa grigio-azzurra. Calcarenite stratificata, spesso intensamente fratturata. Talora livelli argillosi-sabbiosi.","2a","0","Troncone","24.000",528482.154,4566312.979,563
"696","P3","34.7","Argilla marnosa grigio-azzurra. Calcarenite stratificata, spesso intensamente fratturata. Talora livelli argillosi-sabbiosi.","2a","0","Troncone","24.000",528482.154,4566312.979,563
"697","P3","34.75","Argilla marnosa grigio-azzurra. Calcarenite stratificata, spesso intensamente fratturata. Talora livelli argillosi-sabbiosi.","2a","0","Troncone","24.000",528482.154,4566312.979,563
"698","P3","34.8","Argilla marnosa grigio-azzurra. Calcarenite stratificata, spesso intensamente fratturata. Talora livelli argillosi-sabbiosi.","2a","0","Troncone","24.000",528482.154,4566312.979,563
"699","P3","34.85","Argilla marnosa grigio-azzurra. Calcarenite stratificata, spesso intensamente fratturata. Talora livelli argillosi-sabbiosi.","2a","0","Troncone","24.000",528482.154,4566312.979,563
"700","P3","34.9","Argilla marnosa grigio-azzurra. Calcarenite stratificata, spesso intensamente fratturata. Talora livelli argillosi-sabbiosi.","2a","0","Troncone","24.000",528482.154,4566312.979,563
"701","P3","34.95","Argilla marnosa grigio-azzurra. Calcarenite stratificata, spesso intensamente fratturata. Talora livelli argillosi-sabbiosi.","2a","0","Troncone","24.000",528482.154,4566312.979,563
"702","P3","35","Argilla marnosa grigio-azzurra. Calcarenite stratificata, spesso intensamente fratturata. Talora livelli argillosi-sabbiosi.","2a","0","Troncone","24.000",528482.154,4566312.979,563
"703","P3","35.05","Argilla marnosa grigio-azzurra. Calcarenite stratificata, spesso intensamente fratturata. Talora livelli argillosi-sabbiosi.","2a","0","Troncone","24.000",528482.154,4566312.979,563
"704","P3","35.1","Argilla marnosa grigio-azzurra. Calcarenite stratificata, spesso intensamente fratturata. Talora livelli argillosi-sabbiosi.","2a","0","Troncone","24.000",528482.154,4566312.979,563
"705","P3","35.15","Argilla marnosa grigio-azzurra. Calcarenite stratificata, spesso intensamente fratturata. Talora livelli argillosi-sabbiosi.","2a","0","Troncone","24.000",528482.154,4566312.979,563
"706","P3","35.2","Argilla marnosa grigio-azzurra. Calcarenite stratificata, spesso intensamente fratturata. Talora livelli argillosi-sabbiosi.","2a","0","Troncone","24.000",528482.154,4566312.979,563
"707","P3","35.25","Argilla marnosa grigio-azzurra. Calcarenite stratificata, spesso intensamente fratturata. Talora livelli argillosi-sabbiosi.","2a","0","Troncone","24.000",528482.154,4566312.979,563
"708","P3","35.3","Argilla marnosa grigio-azzurra. Calcarenite stratificata, spesso intensamente fratturata. Talora livelli argillosi-sabbiosi.","2a","0","Troncone","24.000",528482.154,4566312.979,563
"709","P3","35.35","Argilla marnosa grigio-azzurra. Calcarenite stratificata, spesso intensamente fratturata. Talora livelli argillosi-sabbiosi.","2a","0","Troncone","24.000",528482.154,4566312.979,563
"710","P3","35.4","Argilla marnosa grigio-azzurra. Calcarenite stratificata, spesso intensamente fratturata. Talora livelli argillosi-sabbiosi.","2a","0","Troncone","24.000",528482.154,4566312.979,563
"711","P3","35.45","Argilla marnosa grigio-azzurra. Calcarenite stratificata, spesso intensamente fratturata. Talora livelli argillosi-sabbiosi.","2a","0","Troncone","24.000",528482.154,4566312.979,563
"712","P3","35.5","Argilla marnosa grigio-azzurra. Calcarenite stratificata, spesso intensamente fratturata. Talora livelli argillosi-sabbiosi.","2a","0","Troncone","24.000",528482.154,4566312.979,563
"713","P3","35.55","Argilla marnosa grigio-azzurra. Calcarenite stratificata, spesso intensamente fratturata. Talora livelli argillosi-sabbiosi.","2a","0","Troncone","24.000",528482.154,4566312.979,563
"714","P3","35.6","Argilla marnosa grigio-azzurra. Calcarenite stratificata, spesso intensamente fratturata. Talora livelli argillosi-sabbiosi.","2a","0","Troncone","24.000",528482.154,4566312.979,563
"715","P3","35.65","Argilla marnosa grigio-azzurra. Calcarenite stratificata, spesso intensamente fratturata. Talora livelli argillosi-sabbiosi.","2a","0","Troncone","24.000",528482.154,4566312.979,563
"716","P3","35.7","Argilla marnosa grigio-azzurra. Calcarenite stratificata, spesso intensamente fratturata. Talora livelli argillosi-sabbiosi.","2a","0","Troncone","24.000",528482.154,4566312.979,563
"717","P3","35.75","Argilla marnosa grigio-azzurra. Calcarenite stratificata, spesso intensamente fratturata. Talora livelli argillosi-sabbiosi.","2a","0","Troncone","24.000",528482.154,4566312.979,563
"718","P3","35.8","Argilla marnosa grigio-azzurra. Calcarenite stratificata, spesso intensamente fratturata. Talora livelli argillosi-sabbiosi.","2a","0","Troncone","24.000",528482.154,4566312.979,563
"719","P3","35.85","Argilla marnosa grigio-azzurra. Calcarenite stratificata, spesso intensamente fratturata. Talora livelli argillosi-sabbiosi.","2a","0","Troncone","24.000",528482.154,4566312.979,563
"720","P3","35.9","Argilla marnosa grigio-azzurra. Calcarenite stratificata, spesso intensamente fratturata. Talora livelli argillosi-sabbiosi.","2a","0","Troncone","24.000",528482.154,4566312.979,563
"721","P3","35.95","Argilla marnosa grigio-azzurra. Calcarenite stratificata, spesso intensamente fratturata. Talora livelli argillosi-sabbiosi.","2a","0","Troncone","24.000",528482.154,4566312.979,563
"722","P3","36","Argilla marnosa grigio-azzurra. Calcarenite stratificata, spesso intensamente fratturata. Talora livelli argillosi-sabbiosi.","2a","0","Troncone","24.000",528482.154,4566312.979,563
"723","P3","36.05","Argilla marnosa grigio-azzurra. Calcarenite stratificata, spesso intensamente fratturata. Talora livelli argillosi-sabbiosi.","2a","0","Troncone","24.000",528482.154,4566312.979,563
"724","P3","36.1","Argilla marnosa grigio-azzurra. Calcarenite stratificata, spesso intensamente fratturata. Talora livelli argillosi-sabbiosi.","2a","0","Troncone","24.000",528482.154,4566312.979,563
"725","P3","36.15","Argilla marnosa grigio-azzurra. Calcarenite stratificata, spesso intensamente fratturata. Talora livelli argillosi-sabbiosi.","2a","0","Troncone","24.000",528482.154,4566312.979,563
"726","P3","36.2","Argilla marnosa grigio-azzurra. Calcarenite stratificata, spesso intensamente fratturata. Talora livelli argillosi-sabbiosi.","2a","0","Troncone","24.000",528482.154,4566312.979,563
"727","P3","36.25","Argilla marnosa grigio-azzurra. Calcarenite stratificata, spesso intensamente fratturata. Talora livelli argillosi-sabbiosi.","2a","0","Troncone","24.000",528482.154,4566312.979,563
"728","P3","36.3","Argilla marnosa grigio-azzurra. Calcarenite stratificata, spesso intensamente fratturata. Talora livelli argillosi-sabbiosi.","2a","0","Troncone","24.000",528482.154,4566312.979,563
"729","P3","36.35","Argilla marnosa grigio-azzurra. Calcarenite stratificata, spesso intensamente fratturata. Talora livelli argillosi-sabbiosi.","2a","0","Troncone","24.000",528482.154,4566312.979,563
"730","P3","36.4","Argilla marnosa grigio-azzurra. Calcarenite stratificata, spesso intensamente fratturata. Talora livelli argillosi-sabbiosi.","2a","0","Troncone","24.000",528482.154,4566312.979,563
"731","P3","36.45","Argilla marnosa grigio-azzurra. Calcarenite stratificata, spesso intensamente fratturata. Talora livelli argillosi-sabbiosi.","2a","0","Troncone","24.000",528482.154,4566312.979,563
"732","P3","36.5","Argilla marnosa grigio-azzurra. Calcarenite stratificata, spesso intensamente fratturata. Talora livelli argillosi-sabbiosi.","2a","0","Troncone","24.000",528482.154,4566312.979,563
"733","P3","36.55","Argilla marnosa grigio-azzurra. Calcarenite stratificata, spesso intensamente fratturata. Talora livelli argillosi-sabbiosi.","2a","0","Troncone","24.000",528482.154,4566312.979,563
"734","P3","36.6","Argilla marnosa grigio-azzurra. Calcarenite stratificata, spesso intensamente fratturata. Talora livelli argillosi-sabbiosi.","2a","0","Troncone","24.000",528482.154,4566312.979,563
"735","P3","36.65","Argilla marnosa grigio-azzurra. Calcarenite stratificata, spesso intensamente fratturata. Talora livelli argillosi-sabbiosi.","2a","0","Troncone","24.000",528482.154,4566312.979,563
"736","P3","36.7","Argilla marnosa grigio-azzurra. Calcarenite stratificata, spesso intensamente fratturata. Talora livelli argillosi-sabbiosi.","2a","0","Troncone","24.000",528482.154,4566312.979,563
"737","P3","36.75","Argilla marnosa grigio-azzurra. Calcarenite stratificata, spesso intensamente fratturata. Talora livelli argillosi-sabbiosi.","2a","0","Troncone","24.000",528482.154,4566312.979,563
"738","P3","36.8","Argilla marnosa grigio-azzurra. Calcarenite stratificata, spesso intensamente fratturata. Talora livelli argillosi-sabbiosi.","2a","0","Troncone","24.000",528482.154,4566312.979,563
"739","P3","36.85","Argilla marnosa grigio-azzurra. Calcarenite stratificata, spesso intensamente fratturata. Talora livelli argillosi-sabbiosi.","2a","0","Troncone","24.000",528482.154,4566312.979,563
"740","P3","36.9","Argilla marnosa grigio-azzurra. Calcarenite stratificata, spesso intensamente fratturata. Talora livelli argillosi-sabbiosi.","2a","0","Troncone","24.000",528482.154,4566312.979,563
"741","P3","36.95","Argilla marnosa grigio-azzurra. Calcarenite stratificata, spesso intensamente fratturata. Talora livelli argillosi-sabbiosi.","2a","0","Troncone","24.000",528482.154,4566312.979,563
"742","P3","37","Argilla marnosa grigio-azzurra. Calcarenite stratificata, spesso intensamente fratturata. Talora livelli argillosi-sabbiosi.","2a","0","Troncone","24.000",528482.154,4566312.979,563
"743","P3","37.05","Argilla marnosa grigio-azzurra. Calcarenite stratificata, spesso intensamente fratturata. Talora livelli argillosi-sabbiosi.","2a","0","Troncone","24.000",528482.154,4566312.979,563
"744","P3","37.1","Argilla marnosa grigio-azzurra. Calcarenite stratificata, spesso intensamente fratturata. Talora livelli argillosi-sabbiosi.","2a","0","Troncone","24.000",528482.154,4566312.979,563
"745","P3","37.15","Argilla marnosa grigio-azzurra. Calcarenite stratificata, spesso intensamente fratturata. Talora livelli argillosi-sabbiosi.","2a","0","Troncone","24.000",528482.154,4566312.979,563
"746","P3","37.2","Argilla marnosa grigio-azzurra. Calcarenite stratificata, spesso intensamente fratturata. Talora livelli argillosi-sabbiosi.","2a","0","Troncone","24.000",528482.154,4566312.979,563
"747","P3","37.25","Argilla marnosa grigio-azzurra. Calcarenite stratificata, spesso intensamente fratturata. Talora livelli argillosi-sabbiosi.","2a","0","Troncone","24.000",528482.154,4566312.979,563
"748","P3","37.3","Argilla marnosa grigio-azzurra. Calcarenite stratificata, spesso intensamente fratturata. Talora livelli argillosi-sabbiosi.","2a","0","Troncone","24.000",528482.154,4566312.979,563
"749","P3","37.35","Argilla marnosa grigio-azzurra. Calcarenite stratificata, spesso intensamente fratturata. Talora livelli argillosi-sabbiosi.","2a","0","Troncone","24.000",528482.154,4566312.979,563
"750","P3","37.4","Argilla marnosa grigio-azzurra. Calcarenite stratificata, spesso intensamente fratturata. Talora livelli argillosi-sabbiosi.","2a","0","Troncone","24.000",528482.154,4566312.979,563
"751","P3","37.45","Argilla marnosa grigio-azzurra. Calcarenite stratificata, spesso intensamente fratturata. Talora livelli argillosi-sabbiosi.","2a","0","Troncone","24.000",528482.154,4566312.979,563
"752","P3","37.5","Argilla marnosa grigio-azzurra. Calcarenite stratificata, spesso intensamente fratturata. Talora livelli argillosi-sabbiosi.","2a","0","Troncone","24.000",528482.154,4566312.979,563
"753","P3","37.55","Argilla marnosa grigio-azzurra. Calcarenite stratificata, spesso intensamente fratturata. Talora livelli argillosi-sabbiosi.","2a","0","Troncone","24.000",528482.154,4566312.979,563
"754","P3","37.6","Argilla marnosa grigio-azzurra. Calcarenite stratificata, spesso intensamente fratturata. Talora livelli argillosi-sabbiosi.","2a","0","Troncone","24.000",528482.154,4566312.979,563
"755","P3","37.65","Argilla marnosa grigio-azzurra. Calcarenite stratificata, spesso intensamente fratturata. Talora livelli argillosi-sabbiosi.","2a","0","Troncone","24.000",528482.154,4566312.979,563
"756","P3","37.7","Argilla marnosa grigio-azzurra. Calcarenite stratificata, spesso intensamente fratturata. Talora livelli argillosi-sabbiosi.","2a","0","Troncone","24.000",528482.154,4566312.979,563
"757","P3","37.75","Argilla marnosa grigio-azzurra. Calcarenite stratificata, spesso intensamente fratturata. Talora livelli argillosi-sabbiosi.","2a","0","Troncone","24.000",528482.154,4566312.979,563
"758","P3","37.8","Argilla marnosa grigio-azzurra. Calcarenite stratificata, spesso intensamente fratturata. Talora livelli argillosi-sabbiosi.","2a","0","Troncone","24.000",528482.154,4566312.979,563
"759","P3","37.85","Argilla marnosa grigio-azzurra. Calcarenite stratificata, spesso intensamente fratturata. Talora livelli argillosi-sabbiosi.","2a","0","Troncone","24.000",528482.154,4566312.979,563
"760","P3","37.9","Argilla marnosa grigio-azzurra. Calcarenite stratificata, spesso intensamente fratturata. Talora livelli argillosi-sabbiosi.","2a","0","Troncone","24.000",528482.154,4566312.979,563
"761","P3","37.95","Argilla marnosa grigio-azzurra. Calcarenite stratificata, spesso intensamente fratturata. Talora livelli argillosi-sabbiosi.","2a","0","Troncone","24.000",528482.154,4566312.979,563
"762","P3","38","Argilla marnosa grigio-azzurra. Calcarenite stratificata, spesso intensamente fratturata. Talora livelli argillosi-sabbiosi.","2a","0","Troncone","24.000",528482.154,4566312.979,563
"763","P3","38.05","Argilla marnosa grigio-azzurra. Calcarenite stratificata, spesso intensamente fratturata. Talora livelli argillosi-sabbiosi.","2a","0","Troncone","24.000",528482.154,4566312.979,563
"764","P3","38.1","Argilla marnosa grigio-azzurra. Calcarenite stratificata, spesso intensamente fratturata. Talora livelli argillosi-sabbiosi.","2a","0","Troncone","24.000",528482.154,4566312.979,563
"765","P3","38.15","Argilla marnosa grigio-azzurra. Calcarenite stratificata, spesso intensamente fratturata. Talora livelli argillosi-sabbiosi.","2a","0","Troncone","24.000",528482.154,4566312.979,563
"766","P3","38.2","Argilla marnosa grigio-azzurra. Calcarenite stratificata, spesso intensamente fratturata. Talora livelli argillosi-sabbiosi.","2a","0","Troncone","24.000",528482.154,4566312.979,563
"767","P3","38.25","Argilla marnosa grigio-azzurra. Calcarenite stratificata, spesso intensamente fratturata. Talora livelli argillosi-sabbiosi.","2a","0","Troncone","24.000",528482.154,4566312.979,563
"768","P3","38.3","Argilla marnosa grigio-azzurra. Calcarenite stratificata, spesso intensamente fratturata. Talora livelli argillosi-sabbiosi.","2a","0","Troncone","24.000",528482.154,4566312.979,563
"769","P3","38.35","Argilla marnosa grigio-azzurra. Calcarenite stratificata, spesso intensamente fratturata. Talora livelli argillosi-sabbiosi.","2a","0","Troncone","24.000",528482.154,4566312.979,563
"770","P3","38.4","Argilla marnosa grigio-azzurra. Calcarenite stratificata, spesso intensamente fratturata. Talora livelli argillosi-sabbiosi.","2a","0","Troncone","24.000",528482.154,4566312.979,563
"771","P3","38.45","Argilla marnosa grigio-azzurra. Calcarenite stratificata, spesso intensamente fratturata. Talora livelli argillosi-sabbiosi.","2a","0","Troncone","24.000",528482.154,4566312.979,563
"772","P3","38.5","Argilla marnosa grigio-azzurra. Calcarenite stratificata, spesso intensamente fratturata. Talora livelli argillosi-sabbiosi.","2a","0","Troncone","24.000",528482.154,4566312.979,563
"773","P3","38.55","Argilla marnosa grigio-azzurra. Calcarenite stratificata, spesso intensamente fratturata. Talora livelli argillosi-sabbiosi.","2a","0","Troncone","24.000",528482.154,4566312.979,563
"774","P3","38.6","Argilla marnosa grigio-azzurra. Calcarenite stratificata, spesso intensamente fratturata. Talora livelli argillosi-sabbiosi.","2a","0","Troncone","24.000",528482.154,4566312.979,563
"775","P3","38.65","Argilla marnosa grigio-azzurra. Calcarenite stratificata, spesso intensamente fratturata. Talora livelli argillosi-sabbiosi.","2a","0","Troncone","24.000",528482.154,4566312.979,563
"776","P3","38.7","Argilla marnosa grigio-azzurra. Calcarenite stratificata, spesso intensamente fratturata. Talora livelli argillosi-sabbiosi.","2a","0","Troncone","24.000",528482.154,4566312.979,563
"777","P3","38.75","Argilla marnosa grigio-azzurra. Calcarenite stratificata, spesso intensamente fratturata. Talora livelli argillosi-sabbiosi.","2a","0","Troncone","24.000",528482.154,4566312.979,563
"778","P3","38.8","Argilla marnosa grigio-azzurra. Calcarenite stratificata, spesso intensamente fratturata. Talora livelli argillosi-sabbiosi.","2a","0","Troncone","24.000",528482.154,4566312.979,563
"779","P3","38.85","Argilla marnosa grigio-azzurra. Calcarenite stratificata, spesso intensamente fratturata. Talora livelli argillosi-sabbiosi.","2a","0","Troncone","24.000",528482.154,4566312.979,563
"780","P3","38.9","Argilla marnosa grigio-azzurra. Calcarenite stratificata, spesso intensamente fratturata. Talora livelli argillosi-sabbiosi.","2a","0","Troncone","24.000",528482.154,4566312.979,563
"781","P3","38.95","Argilla marnosa grigio-azzurra. Calcarenite stratificata, spesso intensamente fratturata. Talora livelli argillosi-sabbiosi.","2a","0","Troncone","24.000",528482.154,4566312.979,563
"782","P3","39","Argilla marnosa grigio-azzurra. Calcarenite stratificata, spesso intensamente fratturata. Talora livelli argillosi-sabbiosi.","2a","0","Troncone","24.000",528482.154,4566312.979,563
"783","P3","39.05","Argilla marnosa grigio-azzurra. Calcarenite stratificata, spesso intensamente fratturata. Talora livelli argillosi-sabbiosi.","2a","0","Troncone","24.000",528482.154,4566312.979,563
"784","P3","39.1","Argilla marnosa grigio-azzurra. Calcarenite stratificata, spesso intensamente fratturata. Talora livelli argillosi-sabbiosi.","2a","0","Troncone","24.000",528482.154,4566312.979,563
"785","P3","39.15","Argilla marnosa grigio-azzurra. Calcarenite stratificata, spesso intensamente fratturata. Talora livelli argillosi-sabbiosi.","2a","0","Troncone","24.000",528482.154,4566312.979,563
"786","P3","39.2","Argilla marnosa grigio-azzurra. Calcarenite stratificata, spesso intensamente fratturata. Talora livelli argillosi-sabbiosi.","2a","0","Troncone","24.000",528482.154,4566312.979,563
"787","P3","39.25","Argilla marnosa grigio-azzurra. Calcarenite stratificata, spesso intensamente fratturata. Talora livelli argillosi-sabbiosi.","2a","0","Troncone","24.000",528482.154,4566312.979,563
"788","P3","39.3","Argilla marnosa grigio-azzurra. Calcarenite stratificata, spesso intensamente fratturata. Talora livelli argillosi-sabbiosi.","2a","0","Troncone","24.000",528482.154,4566312.979,563
"789","P3","39.35","Argilla marnosa grigio-azzurra. Calcarenite stratificata, spesso intensamente fratturata. Talora livelli argillosi-sabbiosi.","2a","0","Troncone","24.000",528482.154,4566312.979,563
"790","P3","39.4","Argilla marnosa grigio-azzurra. Calcarenite stratificata, spesso intensamente fratturata. Talora livelli argillosi-sabbiosi.","2a","0","Troncone","24.000",528482.154,4566312.979,563
"791","P3","39.45","Argilla marnosa grigio-azzurra. Calcarenite stratificata, spesso intensamente fratturata. Talora livelli argillosi-sabbiosi.","2a","0","Troncone","24.000",528482.154,4566312.979,563
"792","P3","39.5","Argilla marnosa grigio-azzurra. Calcarenite stratificata, spesso intensamente fratturata. Talora livelli argillosi-sabbiosi.","2a","0","Troncone","24.000",528482.154,4566312.979,563
"793","P3","39.55","Argilla marnosa grigio-azzurra. Calcarenite stratificata, spesso intensamente fratturata. Talora livelli argillosi-sabbiosi.","2a","0","Troncone","24.000",528482.154,4566312.979,563
"794","P3","39.6","Argilla marnosa grigio-azzurra. Calcarenite stratificata, spesso intensamente fratturata. Talora livelli argillosi-sabbiosi.","2a","0","Troncone","24.000",528482.154,4566312.979,563
"795","P3","39.65","Argilla marnosa grigio-azzurra. Calcarenite stratificata, spesso intensamente fratturata. Talora livelli argillosi-sabbiosi.","2a","0","Troncone","24.000",528482.154,4566312.979,563
"796","P3","39.7","Argilla marnosa grigio-azzurra. Calcarenite stratificata, spesso intensamente fratturata. Talora livelli argillosi-sabbiosi.","2a","0","Troncone","24.000",528482.154,4566312.979,563
"797","P3","39.75","Argilla marnosa grigio-azzurra. Calcarenite stratificata, spesso intensamente fratturata. Talora livelli argillosi-sabbiosi.","2a","0","Troncone","24.000",528482.154,4566312.979,563
"798","P3","39.8","Argilla marnosa grigio-azzurra. Calcarenite stratificata, spesso intensamente fratturata. Talora livelli argillosi-sabbiosi.","2a","0","Troncone","24.000",528482.154,4566312.979,563
"799","P3","39.85","Argilla marnosa grigio-azzurra. Calcarenite stratificata, spesso intensamente fratturata. Talora livelli argillosi-sabbiosi.","2a","0","Troncone","24.000",528482.154,4566312.979,563
"800","P3","39.9","Argilla marnosa grigio-azzurra. Calcarenite stratificata, spesso intensamente fratturata. Talora livelli argillosi-sabbiosi.","2a","0","Troncone","24.000",528482.154,4566312.979,563
"801","P3","39.95","Argilla marnosa grigio-azzurra. Calcarenite stratificata, spesso intensamente fratturata. Talora livelli argillosi-sabbiosi.","2a","0","Troncone","24.000",528482.154,4566312.979,563
"802","P3","40","Argilla marnosa grigio-azzurra. Calcarenite stratificata, spesso intensamente fratturata. Talora livelli argillosi-sabbiosi.","2a","0","Troncone","24.000",528482.154,4566312.979,563
"803","P3","40.05","Argilla marnosa grigio-azzurra. Calcarenite stratificata, spesso intensamente fratturata. Talora livelli argillosi-sabbiosi.","2a","0","Troncone","24.000",528482.154,4566312.979,563
"804","P3","40.1","Argilla marnosa grigio-azzurra. Calcarenite stratificata, spesso intensamente fratturata. Talora livelli argillosi-sabbiosi.","2a","0","Troncone","24.000",528482.154,4566312.979,563
"805","P3","40.15","Argilla marnosa grigio-azzurra. Calcarenite stratificata, spesso intensamente fratturata. Talora livelli argillosi-sabbiosi.","2a","0","Troncone","24.000",528482.154,4566312.979,563
"806","P3","40.2","Argilla marnosa grigio-azzurra. Calcarenite stratificata, spesso intensamente fratturata. Talora livelli argillosi-sabbiosi.","2a","0","Troncone","24.000",528482.154,4566312.979,563
"807","P3","40.25","Argilla marnosa grigio-azzurra. Calcarenite stratificata, spesso intensamente fratturata. Talora livelli argillosi-sabbiosi.","2a","0","Troncone","24.000",528482.154,4566312.979,563
"808","P3","40.3","Argilla marnosa grigio-azzurra. Calcarenite stratificata, spesso intensamente fratturata. Talora livelli argillosi-sabbiosi.","2a","0","Troncone","24.000",528482.154,4566312.979,563
"809","P3","40.35","Argilla marnosa grigio-azzurra. Calcarenite stratificata, spesso intensamente fratturata. Talora livelli argillosi-sabbiosi.","2a","0","Troncone","24.000",528482.154,4566312.979,563
"810","P3","40.4","Argilla marnosa grigio-azzurra. Calcarenite stratificata, spesso intensamente fratturata. Talora livelli argillosi-sabbiosi.","2a","0","Troncone","24.000",528482.154,4566312.979,563
"811","P3","40.45","Argilla marnosa grigio-azzurra. Calcarenite stratificata, spesso intensamente fratturata. Talora livelli argillosi-sabbiosi.","2a","0","Troncone","24.000",528482.154,4566312.979,563
"812","P3","40.5","Argilla marnosa grigio-azzurra. Calcarenite stratificata, spesso intensamente fratturata. Talora livelli argillosi-sabbiosi.","2a","0","Troncone","24.000",528482.154,4566312.979,563
"813","P3","40.55","Argilla marnosa grigio-azzurra. Calcarenite stratificata, spesso intensamente fratturata. Talora livelli argillosi-sabbiosi.","2a","0","Troncone","24.000",528482.154,4566312.979,563
"814","P3","40.6","Argilla marnosa grigio-azzurra. Calcarenite stratificata, spesso intensamente fratturata. Talora livelli argillosi-sabbiosi.","2a","0","Troncone","24.000",528482.154,4566312.979,563
"815","P3","40.65","Argilla marnosa grigio-azzurra. Calcarenite stratificata, spesso intensamente fratturata. Talora livelli argillosi-sabbiosi.","2a","0","Troncone","24.000",528482.154,4566312.979,563
"816","P3","40.7","Argilla marnosa grigio-azzurra. Calcarenite stratificata, spesso intensamente fratturata. Talora livelli argillosi-sabbiosi.","2a","0","Troncone","24.000",528482.154,4566312.979,563
"817","P3","40.75","Argilla marnosa grigio-azzurra. Calcarenite stratificata, spesso intensamente fratturata. Talora livelli argillosi-sabbiosi.","2a","0","Troncone","24.000",528482.154,4566312.979,563
"818","P3","40.8","Argilla marnosa grigio-azzurra. Calcarenite stratificata, spesso intensamente fratturata. Talora livelli argillosi-sabbiosi.","2a","0","Troncone","24.000",528482.154,4566312.979,563
"819","P3","40.85","Argilla marnosa grigio-azzurra. Calcarenite stratificata, spesso intensamente fratturata. Talora livelli argillosi-sabbiosi.","2a","0","Troncone","24.000",528482.154,4566312.979,563
"820","P3","40.9","Argilla marnosa grigio-azzurra. Calcarenite stratificata, spesso intensamente fratturata. Talora livelli argillosi-sabbiosi.","2a","0","Troncone","24.000",528482.154,4566312.979,563
"821","P3","40.95","Argilla marnosa grigio-azzurra. Calcarenite stratificata, spesso intensamente fratturata. Talora livelli argillosi-sabbiosi.","2a","0","Troncone","24.000",528482.154,4566312.979,563
"822","P3","41","Argilla marnosa grigio-azzurra. Calcarenite stratificata, spesso intensamente fratturata. Talora livelli argillosi-sabbiosi.","2a","0","Troncone","24.000",528482.154,4566312.979,563
"823","P3","41.05","Argilla marnosa grigio-azzurra. Calcarenite stratificata, spesso intensamente fratturata. Talora livelli argillosi-sabbiosi.","2a","0","Troncone","24.000",528482.154,4566312.979,563
"824","P3","41.1","Argilla marnosa grigio-azzurra. Calcarenite stratificata, spesso intensamente fratturata. Talora livelli argillosi-sabbiosi.","2a","0","Troncone","24.000",528482.154,4566312.979,563
"825","P3","41.15","Argilla marnosa grigio-azzurra. Calcarenite stratificata, spesso intensamente fratturata. Talora livelli argillosi-sabbiosi.","2a","0","Troncone","24.000",528482.154,4566312.979,563
"826","P3","41.2","Argilla marnosa grigio-azzurra. Calcarenite stratificata, spesso intensamente fratturata. Talora livelli argillosi-sabbiosi.","2a","0","Troncone","24.000",528482.154,4566312.979,563
"827","P3","41.25","Argilla marnosa grigio-azzurra. Calcarenite stratificata, spesso intensamente fratturata. Talora livelli argillosi-sabbiosi.","2a","0","Troncone","24.000",528482.154,4566312.979,563
"828","P3","41.3","Argilla marnosa grigio-azzurra. Calcarenite stratificata, spesso intensamente fratturata. Talora livelli argillosi-sabbiosi.","2a","0","Troncone","24.000",528482.154,4566312.979,563
"829","P3","41.35","Argilla marnosa grigio-azzurra. Calcarenite stratificata, spesso intensamente fratturata. Talora livelli argillosi-sabbiosi.","2a","0","Troncone","24.000",528482.154,4566312.979,563
"830","P3","41.4","Argilla marnosa grigio-azzurra. Calcarenite stratificata, spesso intensamente fratturata. Talora livelli argillosi-sabbiosi.","2a","0","Troncone","24.000",528482.154,4566312.979,563
"831","P3","41.45","Argilla marnosa grigio-azzurra. Calcarenite stratificata, spesso intensamente fratturata. Talora livelli argillosi-sabbiosi.","2a","0","Troncone","24.000",528482.154,4566312.979,563
"832","P3","41.5","Argilla marnosa grigio-azzurra. Calcarenite stratificata, spesso intensamente fratturata. Talora livelli argillosi-sabbiosi.","2a","0","Troncone","24.000",528482.154,4566312.979,563
"833","P3","41.55","Argilla marnosa grigio-azzurra. Calcarenite stratificata, spesso intensamente fratturata. Talora livelli argillosi-sabbiosi.","2a","0","Troncone","24.000",528482.154,4566312.979,563
"834","P3","41.6","Argilla marnosa grigio-azzurra. Calcarenite stratificata, spesso intensamente fratturata. Talora livelli argillosi-sabbiosi.","2a","0","Troncone","24.000",528482.154,4566312.979,563
"835","P3","41.65","Argilla marnosa grigio-azzurra. Calcarenite stratificata, spesso intensamente fratturata. Talora livelli argillosi-sabbiosi.","2a","0","Troncone","24.000",528482.154,4566312.979,563
"836","P3","41.7","Argilla marnosa grigio-azzurra. Calcarenite stratificata, spesso intensamente fratturata. Talora livelli argillosi-sabbiosi.","2a","0","Troncone","24.000",528482.154,4566312.979,563
"837","P3","41.75","Argilla marnosa grigio-azzurra. Calcarenite stratificata, spesso intensamente fratturata. Talora livelli argillosi-sabbiosi.","2a","0","Troncone","24.000",528482.154,4566312.979,563
"838","P3","41.8","Argilla marnosa grigio-azzurra. Calcarenite stratificata, spesso intensamente fratturata. Talora livelli argillosi-sabbiosi.","2a","0","Troncone","24.000",528482.154,4566312.979,563
"839","P3","41.85","Argilla marnosa grigio-azzurra. Calcarenite stratificata, spesso intensamente fratturata. Talora livelli argillosi-sabbiosi.","2a","0","Troncone","24.000",528482.154,4566312.979,563
"840","P3","41.9","Argilla marnosa grigio-azzurra. Calcarenite stratificata, spesso intensamente fratturata. Talora livelli argillosi-sabbiosi.","2a","0","Troncone","24.000",528482.154,4566312.979,563
"841","P3","41.95","Argilla marnosa grigio-azzurra. Calcarenite stratificata, spesso intensamente fratturata. Talora livelli argillosi-sabbiosi.","2a","0","Troncone","24.000",528482.154,4566312.979,563
"842","P3","42","Argilla marnosa grigio-azzurra. Calcarenite stratificata, spesso intensamente fratturata. Talora livelli argillosi-sabbiosi.","2a","0","Troncone","24.000",528482.154,4566312.979,563
"843","P3","42.05","Argilla marnosa grigio-azzurra. Calcarenite stratificata, spesso intensamente fratturata. Talora livelli argillosi-sabbiosi.","2a","0","Troncone","24.000",528482.154,4566312.979,563
"844","P3","42.1","Argilla marnosa grigio-azzurra. Calcarenite stratificata, spesso intensamente fratturata. Talora livelli argillosi-sabbiosi.","2a","0","Troncone","24.000",528482.154,4566312.979,563
"845","P3","42.15","Argilla marnosa grigio-azzurra. Calcarenite stratificata, spesso intensamente fratturata. Talora livelli argillosi-sabbiosi.","2a","0","Troncone","24.000",528482.154,4566312.979,563
"846","P3","42.2","Argilla marnosa grigio-azzurra. Calcarenite stratificata, spesso intensamente fratturata. Talora livelli argillosi-sabbiosi.","2a","0","Troncone","24.000",528482.154,4566312.979,563
"847","P3","42.25","Argilla marnosa grigio-azzurra. Calcarenite stratificata, spesso intensamente fratturata. Talora livelli argillosi-sabbiosi.","2a","0","Troncone","24.000",528482.154,4566312.979,563
"848","P3","42.3","Argilla marnosa grigio-azzurra. Calcarenite stratificata, spesso intensamente fratturata. Talora livelli argillosi-sabbiosi.","2a","0","Troncone","24.000",528482.154,4566312.979,563
"849","P3","42.35","Argilla marnosa grigio-azzurra. Calcarenite stratificata, spesso intensamente fratturata. Talora livelli argillosi-sabbiosi.","2a","0","Troncone","24.000",528482.154,4566312.979,563
"850","P3","42.4","Argilla marnosa grigio-azzurra. Calcarenite stratificata, spesso intensamente fratturata. Talora livelli argillosi-sabbiosi.","2a","0","Troncone","24.000",528482.154,4566312.979,563
"851","P3","42.45","Argilla marnosa grigio-azzurra. Calcarenite stratificata, spesso intensamente fratturata. Talora livelli argillosi-sabbiosi.","2a","0","Troncone","24.000",528482.154,4566312.979,563
"852","P3","42.5","Argilla marnosa grigio-azzurra. Calcarenite stratificata, spesso intensamente fratturata. Talora livelli argillosi-sabbiosi.","2a","0","Troncone","24.000",528482.154,4566312.979,563
"853","P3","42.55","Argilla marnosa grigio-azzurra. Calcarenite stratificata, spesso intensamente fratturata. Talora livelli argillosi-sabbiosi.","2a","0","Troncone","24.000",528482.154,4566312.979,563
"854","P3","42.6","Argilla marnosa grigio-azzurra. Calcarenite stratificata, spesso intensamente fratturata. Talora livelli argillosi-sabbiosi.","2a","0","Troncone","24.000",528482.154,4566312.979,563
"855","P3","42.65","Argilla marnosa grigio-azzurra. Calcarenite stratificata, spesso intensamente fratturata. Talora livelli argillosi-sabbiosi.","2a","0","Troncone","24.000",528482.154,4566312.979,563
"856","P3","42.7","Argilla marnosa grigio-azzurra. Calcarenite stratificata, spesso intensamente fratturata. Talora livelli argillosi-sabbiosi.","2a","0","Troncone","24.000",528482.154,4566312.979,563
"857","P3","42.75","Argilla marnosa grigio-azzurra. Calcarenite stratificata, spesso intensamente fratturata. Talora livelli argillosi-sabbiosi.","2a","0","Troncone","24.000",528482.154,4566312.979,563
"858","P3","42.8","Argilla marnosa grigio-azzurra. Calcarenite stratificata, spesso intensamente fratturata. Talora livelli argillosi-sabbiosi.","2a","0","Troncone","24.000",528482.154,4566312.979,563
"859","P3","42.85","Argilla marnosa grigio-azzurra. Calcarenite stratificata, spesso intensamente fratturata. Talora livelli argillosi-sabbiosi.","2a","0","Troncone","24.000",528482.154,4566312.979,563
"860","P3","42.9","Argilla marnosa grigio-azzurra. Calcarenite stratificata, spesso intensamente fratturata. Talora livelli argillosi-sabbiosi.","2a","0","Troncone","24.000",528482.154,4566312.979,563
"861","P3","42.95","Argilla marnosa grigio-azzurra. Calcarenite stratificata, spesso intensamente fratturata. Talora livelli argillosi-sabbiosi.","2a","0","Troncone","24.000",528482.154,4566312.979,563
"862","P3","43","Argilla marnosa grigio-azzurra. Calcarenite stratificata, spesso intensamente fratturata. Talora livelli argillosi-sabbiosi.","2a","0","Troncone","24.000",528482.154,4566312.979,563
"863","P3","43.05","Argilla marnosa grigio-azzurra. Calcarenite stratificata, spesso intensamente fratturata. Talora livelli argillosi-sabbiosi.","2a","0","Troncone","24.000",528482.154,4566312.979,563
"864","P3","43.1","Argilla marnosa grigio-azzurra. Calcarenite stratificata, spesso intensamente fratturata. Talora livelli argillosi-sabbiosi.","2a","0","Troncone","24.000",528482.154,4566312.979,563
"865","P3","43.15","Argilla marnosa grigio-azzurra. Calcarenite stratificata, spesso intensamente fratturata. Talora livelli argillosi-sabbiosi.","2a","0","Troncone","24.000",528482.154,4566312.979,563
"866","P3","43.2","Argilla marnosa grigio-azzurra. Calcarenite stratificata, spesso intensamente fratturata. Talora livelli argillosi-sabbiosi.","2a","0","Troncone","24.000",528482.154,4566312.979,563
"867","P3","43.25","Argilla marnosa grigio-azzurra. Calcarenite stratificata, spesso intensamente fratturata. Talora livelli argillosi-sabbiosi.","2a","0","Troncone","24.000",528482.154,4566312.979,563
"868","P3","43.3","Argilla marnosa grigio-azzurra. Calcarenite stratificata, spesso intensamente fratturata. Talora livelli argillosi-sabbiosi.","2a","0","Troncone","24.000",528482.154,4566312.979,563
"869","P3","43.35","Argilla marnosa grigio-azzurra. Calcarenite stratificata, spesso intensamente fratturata. Talora livelli argillosi-sabbiosi.","2a","0","Troncone","24.000",528482.154,4566312.979,563
"870","P3","43.4","Argilla marnosa grigio-azzurra. Calcarenite stratificata, spesso intensamente fratturata. Talora livelli argillosi-sabbiosi.","2a","0","Troncone","24.000",528482.154,4566312.979,563
"871","P3","43.45","Argilla marnosa grigio-azzurra. Calcarenite stratificata, spesso intensamente fratturata. Talora livelli argillosi-sabbiosi.","2a","0","Troncone","24.000",528482.154,4566312.979,563
"872","P3","43.5","Argilla marnosa grigio-azzurra. Calcarenite stratificata, spesso intensamente fratturata. Talora livelli argillosi-sabbiosi.","2a","0","Troncone","24.000",528482.154,4566312.979,563
"873","P3","43.55","Argilla marnosa grigio-azzurra. Calcarenite stratificata, spesso intensamente fratturata. Talora livelli argillosi-sabbiosi.","2a","0","Troncone","24.000",528482.154,4566312.979,563
"874","P3","43.6","Argilla marnosa grigio-azzurra. Calcarenite stratificata, spesso intensamente fratturata. Talora livelli argillosi-sabbiosi.","2a","0","Troncone","24.000",528482.154,4566312.979,563
"875","P3","43.65","Argilla marnosa grigio-azzurra. Calcarenite stratificata, spesso intensamente fratturata. Talora livelli argillosi-sabbiosi.","2a","0","Troncone","24.000",528482.154,4566312.979,563
"876","P3","43.7","Argilla marnosa grigio-azzurra. Calcarenite stratificata, spesso intensamente fratturata. Talora livelli argillosi-sabbiosi.","2a","0","Troncone","24.000",528482.154,4566312.979,563
"877","P3","43.75","Argilla marnosa grigio-azzurra. Calcarenite stratificata, spesso intensamente fratturata. Talora livelli argillosi-sabbiosi.","2a","0","Troncone","24.000",528482.154,4566312.979,563
"878","P3","43.8","Argilla marnosa grigio-azzurra. Calcarenite stratificata, spesso intensamente fratturata. Talora livelli argillosi-sabbiosi.","2a","0","Troncone","24.000",528482.154,4566312.979,563
"879","P3","43.85","Argilla marnosa grigio-azzurra. Calcarenite stratificata, spesso intensamente fratturata. Talora livelli argillosi-sabbiosi.","2a","0","Troncone","24.000",528482.154,4566312.979,563
"880","P3","43.9","Argilla marnosa grigio-azzurra. Calcarenite stratificata, spesso intensamente fratturata. Talora livelli argillosi-sabbiosi.","2a","0","Troncone","24.000",528482.154,4566312.979,563
"881","P3","43.95","Argilla marnosa grigio-azzurra. Calcarenite stratificata, spesso intensamente fratturata. Talora livelli argillosi-sabbiosi.","2a","0","Troncone","24.000",528482.154,4566312.979,563
"882","P3","44","Argilla marnosa grigio-azzurra. Calcarenite stratificata, spesso intensamente fratturata. Talora livelli argillosi-sabbiosi.","2a","0","Troncone","24.000",528482.154,4566312.979,563
"883","P3","44.05","Argilla marnosa grigio-azzurra. Calcarenite stratificata, spesso intensamente fratturata. Talora livelli argillosi-sabbiosi.","2a","0","Troncone","24.000",528482.154,4566312.979,563
"884","P3","44.1","Argilla marnosa grigio-azzurra. Calcarenite stratificata, spesso intensamente fratturata. Talora livelli argillosi-sabbiosi.","2a","0","Troncone","24.000",528482.154,4566312.979,563
"885","P3","44.15","Argilla marnosa grigio-azzurra. Calcarenite stratificata, spesso intensamente fratturata. Talora livelli argillosi-sabbiosi.","2a","0","Troncone","24.000",528482.154,4566312.979,563
"886","P3","44.2","Argilla marnosa grigio-azzurra. Calcarenite stratificata, spesso intensamente fratturata. Talora livelli argillosi-sabbiosi.","2a","0","Troncone","24.000",528482.154,4566312.979,563
"887","P3","44.25","Argilla marnosa grigio-azzurra. Calcarenite stratificata, spesso intensamente fratturata. Talora livelli argillosi-sabbiosi.","2a","0","Troncone","24.000",528482.154,4566312.979,563
"888","P3","44.3","Argilla marnosa grigio-azzurra. Calcarenite stratificata, spesso intensamente fratturata. Talora livelli argillosi-sabbiosi.","2a","0","Troncone","24.000",528482.154,4566312.979,563
"889","P3","44.35","Argilla marnosa grigio-azzurra. Calcarenite stratificata, spesso intensamente fratturata. Talora livelli argillosi-sabbiosi.","2a","0","Troncone","24.000",528482.154,4566312.979,563
"890","P3","44.4","Argilla marnosa grigio-azzurra. Calcarenite stratificata, spesso intensamente fratturata. Talora livelli argillosi-sabbiosi.","2a","0","Troncone","24.000",528482.154,4566312.979,563
"891","P3","44.45","Argilla marnosa grigio-azzurra. Calcarenite stratificata, spesso intensamente fratturata. Talora livelli argillosi-sabbiosi.","2a","0","Troncone","24.000",528482.154,4566312.979,563
"892","P3","44.5","Argilla marnosa grigio-azzurra. Calcarenite stratificata, spesso intensamente fratturata. Talora livelli argillosi-sabbiosi.","2a","0","Troncone","24.000",528482.154,4566312.979,563
"893","P3","44.55","Argilla marnosa grigio-azzurra. Calcarenite stratificata, spesso intensamente fratturata. Talora livelli argillosi-sabbiosi.","2a","0","Troncone","24.000",528482.154,4566312.979,563
"894","P3","44.6","Argilla marnosa grigio-azzurra. Calcarenite stratificata, spesso intensamente fratturata. Talora livelli argillosi-sabbiosi.","2a","0","Troncone","24.000",528482.154,4566312.979,563
"895","P3","44.65","Argilla marnosa grigio-azzurra. Calcarenite stratificata, spesso intensamente fratturata. Talora livelli argillosi-sabbiosi.","2a","0","Troncone","24.000",528482.154,4566312.979,563
"896","P3","44.7","Argilla marnosa grigio-azzurra. Calcarenite stratificata, spesso intensamente fratturata. Talora livelli argillosi-sabbiosi.","2a","0","Troncone","24.000",528482.154,4566312.979,563
"897","P3","44.75","Argilla marnosa grigio-azzurra. Calcarenite stratificata, spesso intensamente fratturata. Talora livelli argillosi-sabbiosi.","2a","0","Troncone","24.000",528482.154,4566312.979,563
"898","P3","44.8","Argilla marnosa grigio-azzurra. Calcarenite stratificata, spesso intensamente fratturata. Talora livelli argillosi-sabbiosi.","2a","0","Troncone","24.000",528482.154,4566312.979,563
"899","P3","44.85","Argilla marnosa grigio-azzurra. Calcarenite stratificata, spesso intensamente fratturata. Talora livelli argillosi-sabbiosi.","2a","0","Troncone","24.000",528482.154,4566312.979,563
"900","P3","44.9","Argilla marnosa grigio-azzurra. Calcarenite stratificata, spesso intensamente fratturata. Talora livelli argillosi-sabbiosi.","2a","0","Troncone","24.000",528482.154,4566312.979,563
"901","P3","44.95","Argilla marnosa grigio-azzurra. Calcarenite stratificata, spesso intensamente fratturata. Talora livelli argillosi-sabbiosi.","2a","0","Troncone","24.000",528482.154,4566312.979,563
"902","P3","45","Argilla marnosa grigio-azzurra. Calcarenite stratificata, spesso intensamente fratturata. Talora livelli argillosi-sabbiosi.","2a","0","Troncone","24.000",528482.154,4566312.979,563
"903","P3","45.05","Argilla marnosa grigio-azzurra. Calcarenite stratificata, spesso intensamente fratturata. Talora livelli argillosi-sabbiosi.","2a","0","Troncone","24.000",528482.154,4566312.979,563
"904","P3","45.1","Argilla marnosa grigio-azzurra. Calcarenite stratificata, spesso intensamente fratturata. Talora livelli argillosi-sabbiosi.","2a","0","Troncone","24.000",528482.154,4566312.979,563
"905","P3","45.15","Argilla marnosa grigio-azzurra. Calcarenite stratificata, spesso intensamente fratturata. Talora livelli argillosi-sabbiosi.","2a","0","Troncone","24.000",528482.154,4566312.979,563
"906","P3","45.2","Argilla marnosa grigio-azzurra. Calcarenite stratificata, spesso intensamente fratturata. Talora livelli argillosi-sabbiosi.","2a","0","Troncone","24.000",528482.154,4566312.979,563
"907","P3","45.25","Argilla marnosa grigio-azzurra. Calcarenite stratificata, spesso intensamente fratturata. Talora livelli argillosi-sabbiosi.","2a","0","Troncone","24.000",528482.154,4566312.979,563
"908","P3","45.3","Argilla marnosa grigio-azzurra. Calcarenite stratificata, spesso intensamente fratturata. Talora livelli argillosi-sabbiosi.","2a","0","Troncone","24.000",528482.154,4566312.979,563
"909","P3","45.35","Argilla marnosa grigio-azzurra. Calcarenite stratificata, spesso intensamente fratturata. Talora livelli argillosi-sabbiosi.","2a","0","Troncone","24.000",528482.154,4566312.979,563
"910","P3","45.4","Argilla marnosa grigio-azzurra. Calcarenite stratificata, spesso intensamente fratturata. Talora livelli argillosi-sabbiosi.","2a","0","Troncone","24.000",528482.154,4566312.979,563
"911","P3","45.45","Argilla marnosa grigio-azzurra. Calcarenite stratificata, spesso intensamente fratturata. Talora livelli argillosi-sabbiosi.","2a","0","Troncone","24.000",528482.154,4566312.979,563
"912","P3","45.5","Argilla marnosa grigio-azzurra. Calcarenite stratificata, spesso intensamente fratturata. Talora livelli argillosi-sabbiosi.","2a","0","Troncone","24.000",528482.154,4566312.979,563
"913","P3","45.55","Argilla marnosa grigio-azzurra. Calcarenite stratificata, spesso intensamente fratturata. Talora livelli argillosi-sabbiosi.","2a","0","Troncone","24.000",528482.154,4566312.979,563
"914","P3","45.6","Argilla marnosa grigio-azzurra. Calcarenite stratificata, spesso intensamente fratturata. Talora livelli argillosi-sabbiosi.","2a","0","Troncone","24.000",528482.154,4566312.979,563
"915","P3","45.65","Argilla marnosa grigio-azzurra. Calcarenite stratificata, spesso intensamente fratturata. Talora livelli argillosi-sabbiosi.","2a","0","Troncone","24.000",528482.154,4566312.979,563
"916","P3","45.7","Argilla marnosa grigio-azzurra. Calcarenite stratificata, spesso intensamente fratturata. Talora livelli argillosi-sabbiosi.","2a","0","Troncone","24.000",528482.154,4566312.979,563
"917","P3","45.75","Argilla marnosa grigio-azzurra. Calcarenite stratificata, spesso intensamente fratturata. Talora livelli argillosi-sabbiosi.","2a","0","Troncone","24.000",528482.154,4566312.979,563
"918","P3","45.8","Argilla marnosa grigio-azzurra. Calcarenite stratificata, spesso intensamente fratturata. Talora livelli argillosi-sabbiosi.","2a","0","Troncone","24.000",528482.154,4566312.979,563
"919","P3","45.85","Argilla marnosa grigio-azzurra. Calcarenite stratificata, spesso intensamente fratturata. Talora livelli argillosi-sabbiosi.","2a","0","Troncone","24.000",528482.154,4566312.979,563
"920","P3","45.9","Argilla marnosa grigio-azzurra. Calcarenite stratificata, spesso intensamente fratturata. Talora livelli argillosi-sabbiosi.","2a","0","Troncone","24.000",528482.154,4566312.979,563
"921","P3","45.95","Argilla marnosa grigio-azzurra. Calcarenite stratificata, spesso intensamente fratturata. Talora livelli argillosi-sabbiosi.","2a","0","Troncone","24.000",528482.154,4566312.979,563
"922","P3","46","Argilla marnosa grigio-azzurra. Calcarenite stratificata, spesso intensamente fratturata. Talora livelli argillosi-sabbiosi.","2a","0","Troncone","24.000",528482.154,4566312.979,563
"923","P3","46.05","Argilla marnosa grigio-azzurra. Calcarenite stratificata, spesso intensamente fratturata. Talora livelli argillosi-sabbiosi.","2a","0","Troncone","24.000",528482.154,4566312.979,563
"924","P3","46.1","Argilla marnosa grigio-azzurra. Calcarenite stratificata, spesso intensamente fratturata. Talora livelli argillosi-sabbiosi.","2a","0","Troncone","24.000",528482.154,4566312.979,563
"925","P3","46.15","Argilla marnosa grigio-azzurra. Calcarenite stratificata, spesso intensamente fratturata. Talora livelli argillosi-sabbiosi.","2a","0","Troncone","24.000",528482.154,4566312.979,563
"926","P3","46.2","Argilla marnosa grigio-azzurra. Calcarenite stratificata, spesso intensamente fratturata. Talora livelli argillosi-sabbiosi.","2a","0","Troncone","24.000",528482.154,4566312.979,563
"927","P3","46.25","Argilla marnosa grigio-azzurra. Calcarenite stratificata, spesso intensamente fratturata. Talora livelli argillosi-sabbiosi.","2a","0","Troncone","24.000",528482.154,4566312.979,563
"928","P3","46.3","Argilla marnosa grigio-azzurra. Calcarenite stratificata, spesso intensamente fratturata. Talora livelli argillosi-sabbiosi.","2a","0","Troncone","24.000",528482.154,4566312.979,563
"929","P3","46.35","Argilla marnosa grigio-azzurra. Calcarenite stratificata, spesso intensamente fratturata. Talora livelli argillosi-sabbiosi.","2a","0","Troncone","24.000",528482.154,4566312.979,563
"930","P3","46.4","Argilla marnosa grigio-azzurra. Calcarenite stratificata, spesso intensamente fratturata. Talora livelli argillosi-sabbiosi.","2a","0","Troncone","24.000",528482.154,4566312.979,563
"931","P3","46.45","Argilla marnosa grigio-azzurra. Calcarenite stratificata, spesso intensamente fratturata. Talora livelli argillosi-sabbiosi.","2a","0","Troncone","24.000",528482.154,4566312.979,563
"932","P3","46.5","Argilla marnosa grigio-azzurra. Calcarenite stratificata, spesso intensamente fratturata. Talora livelli argillosi-sabbiosi.","2a","0","Troncone","24.000",528482.154,4566312.979,563
"933","P3","46.55","Argilla marnosa grigio-azzurra. Calcarenite stratificata, spesso intensamente fratturata. Talora livelli argillosi-sabbiosi.","2a","0","Troncone","24.000",528482.154,4566312.979,563
"934","P3","46.6","Argilla marnosa grigio-azzurra. Calcarenite stratificata, spesso intensamente fratturata. Talora livelli argillosi-sabbiosi.","2a","0","Troncone","24.000",528482.154,4566312.979,563
"935","P3","46.65","Argilla marnosa grigio-azzurra. Calcarenite stratificata, spesso intensamente fratturata. Talora livelli argillosi-sabbiosi.","2a","0","Troncone","24.000",528482.154,4566312.979,563
"936","P3","46.7","Argilla marnosa grigio-azzurra. Calcarenite stratificata, spesso intensamente fratturata. Talora livelli argillosi-sabbiosi.","2a","0","Troncone","24.000",528482.154,4566312.979,563
"937","P3","46.75","Argilla marnosa grigio-azzurra. Calcarenite stratificata, spesso intensamente fratturata. Talora livelli argillosi-sabbiosi.","2a","0","Troncone","24.000",528482.154,4566312.979,563
"938","P3","46.8","Argilla marnosa grigio-azzurra. Calcarenite stratificata, spesso intensamente fratturata. Talora livelli argillosi-sabbiosi.","2a","0","Troncone","24.000",528482.154,4566312.979,563
"939","P3","46.85","Argilla marnosa grigio-azzurra. Calcarenite stratificata, spesso intensamente fratturata. Talora livelli argillosi-sabbiosi.","2a","0","Troncone","24.000",528482.154,4566312.979,563
"940","P3","46.9","Argilla marnosa grigio-azzurra. Calcarenite stratificata, spesso intensamente fratturata. Talora livelli argillosi-sabbiosi.","2a","0","Troncone","24.000",528482.154,4566312.979,563
"941","P3","46.95","Argilla marnosa grigio-azzurra. Calcarenite stratificata, spesso intensamente fratturata. Talora livelli argillosi-sabbiosi.","2a","0","Troncone","24.000",528482.154,4566312.979,563
"942","P3","47","Argilla marnosa grigio-azzurra. Calcarenite stratificata, spesso intensamente fratturata. Talora livelli argillosi-sabbiosi.","2a","0","Troncone","24.000",528482.154,4566312.979,563
"943","P3","47.05","Argilla marnosa grigio-azzurra. Calcarenite stratificata, spesso intensamente fratturata. Talora livelli argillosi-sabbiosi.","2a","0","Troncone","24.000",528482.154,4566312.979,563
"944","P3","47.1","Argilla marnosa grigio-azzurra. Calcarenite stratificata, spesso intensamente fratturata. Talora livelli argillosi-sabbiosi.","2a","0","Troncone","24.000",528482.154,4566312.979,563
"945","P3","47.15","Argilla marnosa grigio-azzurra. Calcarenite stratificata, spesso intensamente fratturata. Talora livelli argillosi-sabbiosi.","2a","0","Troncone","24.000",528482.154,4566312.979,563
"946","P3","47.2","Argilla marnosa grigio-azzurra. Calcarenite stratificata, spesso intensamente fratturata. Talora livelli argillosi-sabbiosi.","2a","0","Troncone","24.000",528482.154,4566312.979,563
"947","P3","47.25","Argilla marnosa grigio-azzurra. Calcarenite stratificata, spesso intensamente fratturata. Talora livelli argillosi-sabbiosi.","2a","0","Troncone","24.000",528482.154,4566312.979,563
"948","P3","47.3","Argilla marnosa grigio-azzurra. Calcarenite stratificata, spesso intensamente fratturata. Talora livelli argillosi-sabbiosi.","2a","0","Troncone","24.000",528482.154,4566312.979,563
"949","P3","47.35","Argilla marnosa grigio-azzurra. Calcarenite stratificata, spesso intensamente fratturata. Talora livelli argillosi-sabbiosi.","2a","0","Troncone","24.000",528482.154,4566312.979,563
"950","P3","47.4","Argilla marnosa grigio-azzurra. Calcarenite stratificata, spesso intensamente fratturata. Talora livelli argillosi-sabbiosi.","2a","0","Troncone","24.000",528482.154,4566312.979,563
"951","P3","47.45","Argilla marnosa grigio-azzurra. Calcarenite stratificata, spesso intensamente fratturata. Talora livelli argillosi-sabbiosi.","2a","0","Troncone","24.000",528482.154,4566312.979,563
"952","P3","47.5","Argilla marnosa grigio-azzurra. Calcarenite stratificata, spesso intensamente fratturata. Talora livelli argillosi-sabbiosi.","2a","0","Troncone","24.000",528482.154,4566312.979,563
"953","P3","47.55","Argilla marnosa grigio-azzurra. Calcarenite stratificata, spesso intensamente fratturata. Talora livelli argillosi-sabbiosi.","2a","0","Troncone","24.000",528482.154,4566312.979,563
"954","P3","47.6","Argilla marnosa grigio-azzurra. Calcarenite stratificata, spesso intensamente fratturata. Talora livelli argillosi-sabbiosi.","2a","0","Troncone","24.000",528482.154,4566312.979,563
"955","P3","47.65","Argilla marnosa grigio-azzurra. Calcarenite stratificata, spesso intensamente fratturata. Talora livelli argillosi-sabbiosi.","2a","0","Troncone","24.000",528482.154,4566312.979,563
"956","P3","47.7","Argilla marnosa grigio-azzurra. Calcarenite stratificata, spesso intensamente fratturata. Talora livelli argillosi-sabbiosi.","2a","0","Troncone","24.000",528482.154,4566312.979,563
"957","P3","47.75","Argilla marnosa grigio-azzurra. Calcarenite stratificata, spesso intensamente fratturata. Talora livelli argillosi-sabbiosi.","2a","0","Troncone","24.000",528482.154,4566312.979,563
"958","P3","47.8","Argilla marnosa grigio-azzurra. Calcarenite stratificata, spesso intensamente fratturata. Talora livelli argillosi-sabbiosi.","2a","0","Troncone","24.000",528482.154,4566312.979,563
"959","P3","47.85","Argilla marnosa grigio-azzurra. Calcarenite stratificata, spesso intensamente fratturata. Talora livelli argillosi-sabbiosi.","2a","0","Troncone","24.000",528482.154,4566312.979,563
"960","P3","47.9","Argilla marnosa grigio-azzurra. Calcarenite stratificata, spesso intensamente fratturata. Talora livelli argillosi-sabbiosi.","2a","0","Troncone","24.000",528482.154,4566312.979,563
"961","P3","47.95","Argilla marnosa grigio-azzurra. Calcarenite stratificata, spesso intensamente fratturata. Talora livelli argillosi-sabbiosi.","2a","0","Troncone","24.000",528482.154,4566312.979,563
"962","P3","48","Argilla marnosa grigio-azzurra. Calcarenite stratificata, spesso intensamente fratturata. Talora livelli argillosi-sabbiosi.","2a","0","Troncone","24.000",528482.154,4566312.979,563
"963","P3","48.05","Argilla marnosa grigio-azzurra. Calcarenite stratificata, spesso intensamente fratturata. Talora livelli argillosi-sabbiosi.","2a","0","Troncone","24.000",528482.154,4566312.979,563
"964","P3","48.1","Argilla marnosa grigio-azzurra. Calcarenite stratificata, spesso intensamente fratturata. Talora livelli argillosi-sabbiosi.","2a","0","Troncone","24.000",528482.154,4566312.979,563
"965","P3","48.15","Argilla marnosa grigio-azzurra. Calcarenite stratificata, spesso intensamente fratturata. Talora livelli argillosi-sabbiosi.","2a","0","Troncone","24.000",528482.154,4566312.979,563
"966","P3","48.2","Argilla marnosa grigio-azzurra. Calcarenite stratificata, spesso intensamente fratturata. Talora livelli argillosi-sabbiosi.","2a","0","Troncone","24.000",528482.154,4566312.979,563
"967","P3","48.25","Argilla marnosa grigio-azzurra. Calcarenite stratificata, spesso intensamente fratturata. Talora livelli argillosi-sabbiosi.","2a","0","Troncone","24.000",528482.154,4566312.979,563
"968","P3","48.3","Argilla marnosa grigio-azzurra. Calcarenite stratificata, spesso intensamente fratturata. Talora livelli argillosi-sabbiosi.","2a","0","Troncone","24.000",528482.154,4566312.979,563
"969","P3","48.35","Argilla marnosa grigio-azzurra. Calcarenite stratificata, spesso intensamente fratturata. Talora livelli argillosi-sabbiosi.","2a","0","Troncone","24.000",528482.154,4566312.979,563
"970","P3","48.4","Argilla marnosa grigio-azzurra. Calcarenite stratificata, spesso intensamente fratturata. Talora livelli argillosi-sabbiosi.","2a","0","Troncone","24.000",528482.154,4566312.979,563
"971","P3","48.45","Argilla marnosa grigio-azzurra. Calcarenite stratificata, spesso intensamente fratturata. Talora livelli argillosi-sabbiosi.","2a","0","Troncone","24.000",528482.154,4566312.979,563
"972","P3","48.5","Argilla marnosa grigio-azzurra. Calcarenite stratificata, spesso intensamente fratturata. Talora livelli argillosi-sabbiosi.","2a","0","Troncone","24.000",528482.154,4566312.979,563
"973","P3","48.55","Argilla marnosa grigio-azzurra. Calcarenite stratificata, spesso intensamente fratturata. Talora livelli argillosi-sabbiosi.","2a","0","Troncone","24.000",528482.154,4566312.979,563
"974","P3","48.6","Argilla marnosa grigio-azzurra. Calcarenite stratificata, spesso intensamente fratturata. Talora livelli argillosi-sabbiosi.","2a","0","Troncone","24.000",528482.154,4566312.979,563
"975","P3","48.65","Argilla marnosa grigio-azzurra. Calcarenite stratificata, spesso intensamente fratturata. Talora livelli argillosi-sabbiosi.","2a","0","Troncone","24.000",528482.154,4566312.979,563
"976","P3","48.7","Argilla marnosa grigio-azzurra. Calcarenite stratificata, spesso intensamente fratturata. Talora livelli argillosi-sabbiosi.","2a","0","Troncone","24.000",528482.154,4566312.979,563
"977","P3","48.75","Argilla marnosa grigio-azzurra. Calcarenite stratificata, spesso intensamente fratturata. Talora livelli argillosi-sabbiosi.","2a","0","Troncone","24.000",528482.154,4566312.979,563
"978","P3","48.8","Argilla marnosa grigio-azzurra. Calcarenite stratificata, spesso intensamente fratturata. Talora livelli argillosi-sabbiosi.","2a","0","Troncone","24.000",528482.154,4566312.979,563
"979","P3","48.85","Argilla marnosa grigio-azzurra. Calcarenite stratificata, spesso intensamente fratturata. Talora livelli argillosi-sabbiosi.","2a","0","Troncone","24.000",528482.154,4566312.979,563
"980","P3","48.9","Argilla marnosa grigio-azzurra. Calcarenite stratificata, spesso intensamente fratturata. Talora livelli argillosi-sabbiosi.","2a","0","Troncone","24.000",528482.154,4566312.979,563
"981","P3","48.95","Argilla marnosa grigio-azzurra. Calcarenite stratificata, spesso intensamente fratturata. Talora livelli argillosi-sabbiosi.","2a","0","Troncone","24.000",528482.154,4566312.979,563
"982","P3","49","Argilla marnosa grigio-azzurra. Calcarenite stratificata, spesso intensamente fratturata. Talora livelli argillosi-sabbiosi.","2a","0","Troncone","24.000",528482.154,4566312.979,563
"983","P3","49.05","Argilla marnosa grigio-azzurra. Calcarenite stratificata, spesso intensamente fratturata. Talora livelli argillosi-sabbiosi.","2a","0","Troncone","24.000",528482.154,4566312.979,563
"984","P3","49.1","Argilla marnosa grigio-azzurra. Calcarenite stratificata, spesso intensamente fratturata. Talora livelli argillosi-sabbiosi.","2a","0","Troncone","24.000",528482.154,4566312.979,563
"985","P3","49.15","Argilla marnosa grigio-azzurra. Calcarenite stratificata, spesso intensamente fratturata. Talora livelli argillosi-sabbiosi.","2a","0","Troncone","24.000",528482.154,4566312.979,563
"986","P3","49.2","Argilla marnosa grigio-azzurra. Calcarenite stratificata, spesso intensamente fratturata. Talora livelli argillosi-sabbiosi.","2a","0","Troncone","24.000",528482.154,4566312.979,563
"987","P3","49.25","Argilla marnosa grigio-azzurra. Calcarenite stratificata, spesso intensamente fratturata. Talora livelli argillosi-sabbiosi.","2a","0","Troncone","24.000",528482.154,4566312.979,563
"988","P3","49.3","Argilla marnosa grigio-azzurra. Calcarenite stratificata, spesso intensamente fratturata. Talora livelli argillosi-sabbiosi.","2a","0","Troncone","24.000",528482.154,4566312.979,563
"989","P3","49.35","Argilla marnosa grigio-azzurra. Calcarenite stratificata, spesso intensamente fratturata. Talora livelli argillosi-sabbiosi.","2a","0","Troncone","24.000",528482.154,4566312.979,563
"990","P3","49.4","Argilla marnosa grigio-azzurra. Calcarenite stratificata, spesso intensamente fratturata. Talora livelli argillosi-sabbiosi.","2a","0","Troncone","24.000",528482.154,4566312.979,563
"991","P3","49.45","Argilla marnosa grigio-azzurra. Calcarenite stratificata, spesso intensamente fratturata. Talora livelli argillosi-sabbiosi.","2a","0","Troncone","24.000",528482.154,4566312.979,563
"992","P3","49.5","Argilla marnosa grigio-azzurra. Calcarenite stratificata, spesso intensamente fratturata. Talora livelli argillosi-sabbiosi.","2a","0","Troncone","24.000",528482.154,4566312.979,563
"993","P3","49.55","Argilla marnosa grigio-azzurra. Calcarenite stratificata, spesso intensamente fratturata. Talora livelli argillosi-sabbiosi.","2a","0","Troncone","24.000",528482.154,4566312.979,563
"994","P3","49.6","Argilla marnosa grigio-azzurra. Calcarenite stratificata, spesso intensamente fratturata. Talora livelli argillosi-sabbiosi.","2a","0","Troncone","24.000",528482.154,4566312.979,563
"995","P3","49.65","Argilla marnosa grigio-azzurra. Calcarenite stratificata, spesso intensamente fratturata. Talora livelli argillosi-sabbiosi.","2a","0","Troncone","24.000",528482.154,4566312.979,563
"996","P3","49.7","Argilla marnosa grigio-azzurra. Calcarenite stratificata, spesso intensamente fratturata. Talora livelli argillosi-sabbiosi.","2a","0","Troncone","24.000",528482.154,4566312.979,563
"997","P3","49.75","Argilla marnosa grigio-azzurra. Calcarenite stratificata, spesso intensamente fratturata. Talora livelli argillosi-sabbiosi.","2a","0","Troncone","24.000",528482.154,4566312.979,563
"998","P3","49.8","Argilla marnosa grigio-azzurra. Calcarenite stratificata, spesso intensamente fratturata. Talora livelli argillosi-sabbiosi.","2a","0","Troncone","24.000",528482.154,4566312.979,563
"999","P3","49.85","Argilla marnosa grigio-azzurra. Calcarenite stratificata, spesso intensamente fratturata. Talora livelli argillosi-sabbiosi.","2a","0","Troncone","24.000",528482.154,4566312.979,563
"1000","P3","49.9","Argilla marnosa grigio-azzurra. Calcarenite stratificata, spesso intensamente fratturata. Talora livelli argillosi-sabbiosi.","2a","0","Troncone","24.000",528482.154,4566312.979,563
"1001","P3","49.95","Argilla marnosa grigio-azzurra. Calcarenite stratificata, spesso intensamente fratturata. Talora livelli argillosi-sabbiosi.","2a","0","Troncone","24.000",528482.154,4566312.979,563
"1002","P3","50","Argilla marnosa grigio-azzurra. Calcarenite stratificata, spesso intensamente fratturata. Talora livelli argillosi-sabbiosi.","2a","0","Troncone","24.000",528482.154,4566312.979,563
"1003","P3","50.05","Argilla marnosa grigio-azzurra. Calcarenite stratificata, spesso intensamente fratturata. Talora livelli argillosi-sabbiosi.","2a","0","Troncone","24.000",528482.154,4566312.979,563
"1004","P3","50.1","Argilla marnosa grigio-azzurra. Calcarenite stratificata, spesso intensamente fratturata. Talora livelli argillosi-sabbiosi.","2a","0","Troncone","24.000",528482.154,4566312.979,563
"1005","P3","50.15","Argilla marnosa grigio-azzurra. Calcarenite stratificata, spesso intensamente fratturata. Talora livelli argillosi-sabbiosi.","2a","0","Troncone","24.000",528482.154,4566312.979,563
"1006","P3","50.2","Argilla marnosa grigio-azzurra. Calcarenite stratificata, spesso intensamente fratturata. Talora livelli argillosi-sabbiosi.","2a","0","Troncone","24.000",528482.154,4566312.979,563
"1007","P3","50.25","Argilla marnosa grigio-azzurra. Calcarenite stratificata, spesso intensamente fratturata. Talora livelli argillosi-sabbiosi.","2a","0","Troncone","24.000",528482.154,4566312.979,563
"1008","P3","50.3","Argilla marnosa grigio-azzurra. Calcarenite stratificata, spesso intensamente fratturata. Talora livelli argillosi-sabbiosi.","2a","0","Troncone","24.000",528482.154,4566312.979,563
"1009","P3","50.35","Argilla marnosa grigio-azzurra. Calcarenite stratificata, spesso intensamente fratturata. Talora livelli argillosi-sabbiosi.","2a","0","Troncone","24.000",528482.154,4566312.979,563
"1010","P3","50.4","Argilla marnosa grigio-azzurra. Calcarenite stratificata, spesso intensamente fratturata. Talora livelli argillosi-sabbiosi.","2a","0","Troncone","24.000",528482.154,4566312.979,563
"1011","P3","50.45","Argilla marnosa grigio-azzurra. Calcarenite stratificata, spesso intensamente fratturata. Talora livelli argillosi-sabbiosi.","2a","0","Troncone","24.000",528482.154,4566312.979,563
"1012","P3","50.5","Argilla marnosa grigio-azzurra. Calcarenite stratificata, spesso intensamente fratturata. Talora livelli argillosi-sabbiosi.","2a","0","Troncone","24.000",528482.154,4566312.979,563
"1013","P3","50.55","Argilla marnosa grigio-azzurra. Calcarenite stratificata, spesso intensamente fratturata. Talora livelli argillosi-sabbiosi.","2a","0","Troncone","24.000",528482.154,4566312.979,563
"1014","P3","50.6","Argilla marnosa grigio-azzurra. Calcarenite stratificata, spesso intensamente fratturata. Talora livelli argillosi-sabbiosi.","2a","0","Troncone","24.000",528482.154,4566312.979,563
"1015","P3","50.65","Argilla marnosa grigio-azzurra. Calcarenite stratificata, spesso intensamente fratturata. Talora livelli argillosi-sabbiosi.","2a","0","Troncone","24.000",528482.154,4566312.979,563
"1016","P3","50.7","Argilla marnosa grigio-azzurra. Calcarenite stratificata, spesso intensamente fratturata. Talora livelli argillosi-sabbiosi.","2a","0","Troncone","24.000",528482.154,4566312.979,563
"1017","P3","50.75","Argilla marnosa grigio-azzurra. Calcarenite stratificata, spesso intensamente fratturata. Talora livelli argillosi-sabbiosi.","2a","0","Troncone","24.000",528482.154,4566312.979,563
"1018","P3","50.8","Argilla marnosa grigio-azzurra. Calcarenite stratificata, spesso intensamente fratturata. Talora livelli argillosi-sabbiosi.","2a","0","Troncone","24.000",528482.154,4566312.979,563
"1019","P3","50.85","Argilla marnosa grigio-azzurra. Calcarenite stratificata, spesso intensamente fratturata. Talora livelli argillosi-sabbiosi.","2a","0","Troncone","24.000",528482.154,4566312.979,563
"1020","P3","50.9","Argilla marnosa grigio-azzurra. Calcarenite stratificata, spesso intensamente fratturata. Talora livelli argillosi-sabbiosi.","2a","0","Troncone","24.000",528482.154,4566312.979,563
"1021","P3","50.95","Argilla marnosa grigio-azzurra. Calcarenite stratificata, spesso intensamente fratturata. Talora livelli argillosi-sabbiosi.","2a","0","Troncone","24.000",528482.154,4566312.979,563
"1022","P3","51","Argilla marnosa grigio-azzurra. Calcarenite stratificata, spesso intensamente fratturata. Talora livelli argillosi-sabbiosi.","2a","0","Troncone","24.000",528482.154,4566312.979,563
"1023","P3","51.05","Argilla marnosa grigio-azzurra. Calcarenite stratificata, spesso intensamente fratturata. Talora livelli argillosi-sabbiosi.","2a","0","Troncone","24.000",528482.154,4566312.979,563
"1024","P3","51.1","Argilla marnosa grigio-azzurra. Calcarenite stratificata, spesso intensamente fratturata. Talora livelli argillosi-sabbiosi.","2a","0","Troncone","24.000",528482.154,4566312.979,563
"1025","P3","51.15","Argilla marnosa grigio-azzurra. Calcarenite stratificata, spesso intensamente fratturata. Talora livelli argillosi-sabbiosi.","2a","0","Troncone","24.000",528482.154,4566312.979,563
"1026","P3","51.2","Argilla marnosa grigio-azzurra. Calcarenite stratificata, spesso intensamente fratturata. Talora livelli argillosi-sabbiosi.","2a","0","Troncone","24.000",528482.154,4566312.979,563
"1027","P3","51.25","Argilla marnosa grigio-azzurra. Calcarenite stratificata, spesso intensamente fratturata. Talora livelli argillosi-sabbiosi.","2a","0","Troncone","24.000",528482.154,4566312.979,563
"1028","P3","51.3","Argilla marnosa grigio-azzurra. Calcarenite stratificata, spesso intensamente fratturata. Talora livelli argillosi-sabbiosi.","2a","0","Troncone","24.000",528482.154,4566312.979,563
"1029","P3","51.35","Argilla marnosa grigio-azzurra. Calcarenite stratificata, spesso intensamente fratturata. Talora livelli argillosi-sabbiosi.","2a","0","Troncone","24.000",528482.154,4566312.979,563
"1030","P3","51.4","Argilla marnosa grigio-azzurra. Calcarenite stratificata, spesso intensamente fratturata. Talora livelli argillosi-sabbiosi.","2a","0","Troncone","24.000",528482.154,4566312.979,563
"1031","P3","51.45","Argilla marnosa grigio-azzurra. Calcarenite stratificata, spesso intensamente fratturata. Talora livelli argillosi-sabbiosi.","2a","0","Troncone","24.000",528482.154,4566312.979,563
"1032","P3","51.5","Argilla marnosa grigio-azzurra. Calcarenite stratificata, spesso intensamente fratturata. Talora livelli argillosi-sabbiosi.","2a","0","Troncone","24.000",528482.154,4566312.979,563
"1033","P3","51.55","Argilla marnosa grigio-azzurra. Calcarenite stratificata, spesso intensamente fratturata. Talora livelli argillosi-sabbiosi.","2a","0","Troncone","24.000",528482.154,4566312.979,563
"1034","P3","51.6","Argilla marnosa grigio-azzurra. Calcarenite stratificata, spesso intensamente fratturata. Talora livelli argillosi-sabbiosi.","2a","0","Troncone","24.000",528482.154,4566312.979,563
"1035","P3","51.65","Argilla marnosa grigio-azzurra. Calcarenite stratificata, spesso intensamente fratturata. Talora livelli argillosi-sabbiosi.","2a","0","Troncone","24.000",528482.154,4566312.979,563
"1036","P3","51.7","Argilla marnosa grigio-azzurra. Calcarenite stratificata, spesso intensamente fratturata. Talora livelli argillosi-sabbiosi.","2a","0","Troncone","24.000",528482.154,4566312.979,563
"1037","P3","51.75","Argilla marnosa grigio-azzurra. Calcarenite stratificata, spesso intensamente fratturata. Talora livelli argillosi-sabbiosi.","2a","0","Troncone","24.000",528482.154,4566312.979,563
"1038","P3","51.8","Argilla marnosa grigio-azzurra. Calcarenite stratificata, spesso intensamente fratturata. Talora livelli argillosi-sabbiosi.","2a","0","Troncone","24.000",528482.154,4566312.979,563
"1039","P3","51.85","Argilla marnosa grigio-azzurra. Calcarenite stratificata, spesso intensamente fratturata. Talora livelli argillosi-sabbiosi.","2a","0","Troncone","24.000",528482.154,4566312.979,563
"1040","P3","51.9","Argilla marnosa grigio-azzurra. Calcarenite stratificata, spesso intensamente fratturata. Talora livelli argillosi-sabbiosi.","2a","0","Troncone","24.000",528482.154,4566312.979,563
"1041","P3","51.95","Argilla marnosa grigio-azzurra. Calcarenite stratificata, spesso intensamente fratturata. Talora livelli argillosi-sabbiosi.","2a","0","Troncone","24.000",528482.154,4566312.979,563
"1042","P3","52","Argilla marnosa grigio-azzurra. Calcarenite stratificata, spesso intensamente fratturata. Talora livelli argillosi-sabbiosi.","2a","0","Troncone","24.000",528482.154,4566312.979,563
"1043","P3","52.05","Argilla marnosa grigio-azzurra. Calcarenite stratificata, spesso intensamente fratturata. Talora livelli argillosi-sabbiosi.","2a","0","Troncone","24.000",528482.154,4566312.979,563
"1044","P3","52.1","Argilla marnosa grigio-azzurra. Calcarenite stratificata, spesso intensamente fratturata. Talora livelli argillosi-sabbiosi.","2a","0","Troncone","24.000",528482.154,4566312.979,563
"1045","P3","52.15","Argilla marnosa grigio-azzurra. Calcarenite stratificata, spesso intensamente fratturata. Talora livelli argillosi-sabbiosi.","2a","0","Troncone","24.000",528482.154,4566312.979,563
"1046","P3","52.2","Argilla marnosa grigio-azzurra. Calcarenite stratificata, spesso intensamente fratturata. Talora livelli argillosi-sabbiosi.","2a","0","Troncone","24.000",528482.154,4566312.979,563
"1047","P3","52.25","Argilla marnosa grigio-azzurra. Calcarenite stratificata, spesso intensamente fratturata. Talora livelli argillosi-sabbiosi.","2a","0","Troncone","24.000",528482.154,4566312.979,563
"1048","P3","52.3","Argilla marnosa grigio-azzurra. Calcarenite stratificata, spesso intensamente fratturata. Talora livelli argillosi-sabbiosi.","2a","0","Troncone","24.000",528482.154,4566312.979,563
"1049","P3","52.35","Argilla marnosa grigio-azzurra. Calcarenite stratificata, spesso intensamente fratturata. Talora livelli argillosi-sabbiosi.","2a","0","Troncone","24.000",528482.154,4566312.979,563
"1050","P3","52.4","Argilla marnosa grigio-azzurra. Calcarenite stratificata, spesso intensamente fratturata. Talora livelli argillosi-sabbiosi.","2a","0","Troncone","24.000",528482.154,4566312.979,563
"1051","P3","52.45","Argilla marnosa grigio-azzurra. Calcarenite stratificata, spesso intensamente fratturata. Talora livelli argillosi-sabbiosi.","2a","0","Troncone","24.000",528482.154,4566312.979,563
"1052","P3","52.5","Argilla marnosa grigio-azzurra. Calcarenite stratificata, spesso intensamente fratturata. Talora livelli argillosi-sabbiosi.","2a","0","Troncone","24.000",528482.154,4566312.979,563
"1053","P3","52.55","Argilla marnosa grigio-azzurra. Calcarenite stratificata, spesso intensamente fratturata. Talora livelli argillosi-sabbiosi.","2a","0","Troncone","24.000",528482.154,4566312.979,563
"1054","P3","52.6","Argilla marnosa grigio-azzurra. Calcarenite stratificata, spesso intensamente fratturata. Talora livelli argillosi-sabbiosi.","2a","0","Troncone","24.000",528482.154,4566312.979,563
"1055","P3","52.65","Argilla marnosa grigio-azzurra. Calcarenite stratificata, spesso intensamente fratturata. Talora livelli argillosi-sabbiosi.","2a","0","Troncone","24.000",528482.154,4566312.979,563
"1056","P3","52.7","Argilla marnosa grigio-azzurra. Calcarenite stratificata, spesso intensamente fratturata. Talora livelli argillosi-sabbiosi.","2a","0","Troncone","24.000",528482.154,4566312.979,563
"1057","P3","52.75","Argilla marnosa grigio-azzurra. Calcarenite stratificata, spesso intensamente fratturata. Talora livelli argillosi-sabbiosi.","2a","0","Troncone","24.000",528482.154,4566312.979,563
"1058","P3","52.8","Argilla marnosa grigio-azzurra. Calcarenite stratificata, spesso intensamente fratturata. Talora livelli argillosi-sabbiosi.","2a","0","Troncone","24.000",528482.154,4566312.979,563
"1059","P3","52.85","Argilla marnosa grigio-azzurra. Calcarenite stratificata, spesso intensamente fratturata. Talora livelli argillosi-sabbiosi.","2a","0","Troncone","24.000",528482.154,4566312.979,563
"1060","P3","52.9","Argilla marnosa grigio-azzurra. Calcarenite stratificata, spesso intensamente fratturata. Talora livelli argillosi-sabbiosi.","2a","0","Troncone","24.000",528482.154,4566312.979,563
"1061","P3","52.95","Argilla marnosa grigio-azzurra. Calcarenite stratificata, spesso intensamente fratturata. Talora livelli argillosi-sabbiosi.","2a","0","Troncone","24.000",528482.154,4566312.979,563
"1062","P3","53","Argilla marnosa grigio-azzurra. Calcarenite stratificata, spesso intensamente fratturata. Talora livelli argillosi-sabbiosi.","2a","0","Troncone","24.000",528482.154,4566312.979,563
"1063","P3","53.05","Argilla marnosa grigio-azzurra. Calcarenite stratificata, spesso intensamente fratturata. Talora livelli argillosi-sabbiosi.","2a","0","Troncone","24.000",528482.154,4566312.979,563
"1064","P3","53.1","Argilla marnosa grigio-azzurra. Calcarenite stratificata, spesso intensamente fratturata. Talora livelli argillosi-sabbiosi.","2a","0","Troncone","24.000",528482.154,4566312.979,563
"1065","P3","53.15","Argilla marnosa grigio-azzurra. Calcarenite stratificata, spesso intensamente fratturata. Talora livelli argillosi-sabbiosi.","2a","0","Troncone","24.000",528482.154,4566312.979,563
"1066","P3","53.2","Argilla marnosa grigio-azzurra. Calcarenite stratificata, spesso intensamente fratturata. Talora livelli argillosi-sabbiosi.","2a","0","Troncone","24.000",528482.154,4566312.979,563
"1067","P3","53.25","Argilla marnosa grigio-azzurra. Calcarenite stratificata, spesso intensamente fratturata. Talora livelli argillosi-sabbiosi.","2a","0","Troncone","24.000",528482.154,4566312.979,563
"1068","P3","53.3","Argilla marnosa grigio-azzurra. Calcarenite stratificata, spesso intensamente fratturata. Talora livelli argillosi-sabbiosi.","2a","0","Troncone","24.000",528482.154,4566312.979,563
"1069","P3","53.35","Argilla marnosa grigio-azzurra. Calcarenite stratificata, spesso intensamente fratturata. Talora livelli argillosi-sabbiosi.","2a","0","Troncone","24.000",528482.154,4566312.979,563
"1070","P3","53.4","Argilla marnosa grigio-azzurra. Calcarenite stratificata, spesso intensamente fratturata. Talora livelli argillosi-sabbiosi.","2a","0","Troncone","24.000",528482.154,4566312.979,563
"1071","P3","53.45","Argilla marnosa grigio-azzurra. Calcarenite stratificata, spesso intensamente fratturata. Talora livelli argillosi-sabbiosi.","2a","0","Troncone","24.000",528482.154,4566312.979,563
"1072","P3","53.5","Argilla marnosa grigio-azzurra. Calcarenite stratificata, spesso intensamente fratturata. Talora livelli argillosi-sabbiosi.","2a","0","Troncone","24.000",528482.154,4566312.979,563
"1073","P3","53.55","Argilla marnosa grigio-azzurra. Calcarenite stratificata, spesso intensamente fratturata. Talora livelli argillosi-sabbiosi.","2a","0","Troncone","24.000",528482.154,4566312.979,563
"1074","P3","53.6","Argilla marnosa grigio-azzurra. Calcarenite stratificata, spesso intensamente fratturata. Talora livelli argillosi-sabbiosi.","2a","0","Troncone","24.000",528482.154,4566312.979,563
"1075","P3","53.65","Argilla marnosa grigio-azzurra. Calcarenite stratificata, spesso intensamente fratturata. Talora livelli argillosi-sabbiosi.","2a","0","Troncone","24.000",528482.154,4566312.979,563
"1076","P3","53.7","Argilla marnosa grigio-azzurra. Calcarenite stratificata, spesso intensamente fratturata. Talora livelli argillosi-sabbiosi.","2a","0","Troncone","24.000",528482.154,4566312.979,563
"1077","P3","53.75","Argilla marnosa grigio-azzurra. Calcarenite stratificata, spesso intensamente fratturata. Talora livelli argillosi-sabbiosi.","2a","0","Troncone","24.000",528482.154,4566312.979,563
"1078","P3","53.8","Argilla marnosa grigio-azzurra. Calcarenite stratificata, spesso intensamente fratturata. Talora livelli argillosi-sabbiosi.","2a","0","Troncone","24.000",528482.154,4566312.979,563
"1079","P3","53.85","Argilla marnosa grigio-azzurra. Calcarenite stratificata, spesso intensamente fratturata. Talora livelli argillosi-sabbiosi.","2a","0","Troncone","24.000",528482.154,4566312.979,563
"1080","P3","53.9","Argilla marnosa grigio-azzurra. Calcarenite stratificata, spesso intensamente fratturata. Talora livelli argillosi-sabbiosi.","2a","0","Troncone","24.000",528482.154,4566312.979,563
"1081","P3","53.95","Argilla marnosa grigio-azzurra. Calcarenite stratificata, spesso intensamente fratturata. Talora livelli argillosi-sabbiosi.","2a","0","Troncone","24.000",528482.154,4566312.979,563
"1082","P3","54","Argilla marnosa grigio-azzurra. Calcarenite stratificata, spesso intensamente fratturata. Talora livelli argillosi-sabbiosi.","2a","0","Troncone","24.000",528482.154,4566312.979,563
"1083","P3","54.05","Argilla marnosa grigio-azzurra. Calcarenite stratificata, spesso intensamente fratturata. Talora livelli argillosi-sabbiosi.","2a","0","Troncone","24.000",528482.154,4566312.979,563
"1084","P3","54.1","Argilla marnosa grigio-azzurra. Calcarenite stratificata, spesso intensamente fratturata. Talora livelli argillosi-sabbiosi.","2a","0","Troncone","24.000",528482.154,4566312.979,563
"1085","P3","54.15","Argilla marnosa grigio-azzurra. Calcarenite stratificata, spesso intensamente fratturata. Talora livelli argillosi-sabbiosi.","2a","0","Troncone","24.000",528482.154,4566312.979,563
"1086","P3","54.2","Argilla marnosa grigio-azzurra. Calcarenite stratificata, spesso intensamente fratturata. Talora livelli argillosi-sabbiosi.","2a","0","Troncone","24.000",528482.154,4566312.979,563
"1087","P3","54.25","Argilla marnosa grigio-azzurra. Calcarenite stratificata, spesso intensamente fratturata. Talora livelli argillosi-sabbiosi.","2a","0","Troncone","24.000",528482.154,4566312.979,563
"1088","P3","54.3","Argilla marnosa grigio-azzurra. Calcarenite stratificata, spesso intensamente fratturata. Talora livelli argillosi-sabbiosi.","2a","0","Troncone","24.000",528482.154,4566312.979,563
"1089","P3","54.35","Argilla marnosa grigio-azzurra. Calcarenite stratificata, spesso intensamente fratturata. Talora livelli argillosi-sabbiosi.","2a","0","Troncone","24.000",528482.154,4566312.979,563
"1090","P3","54.4","Argilla marnosa grigio-azzurra. Calcarenite stratificata, spesso intensamente fratturata. Talora livelli argillosi-sabbiosi.","2a","0","Troncone","24.000",528482.154,4566312.979,563
"1091","P3","54.45","Argilla marnosa grigio-azzurra. Calcarenite stratificata, spesso intensamente fratturata. Talora livelli argillosi-sabbiosi.","2a","0","Troncone","24.000",528482.154,4566312.979,563
"1092","P3","54.5","Argilla marnosa grigio-azzurra. Calcarenite stratificata, spesso intensamente fratturata. Talora livelli argillosi-sabbiosi.","2a","0","Troncone","24.000",528482.154,4566312.979,563
"1093","P3","54.55","Argilla marnosa grigio-azzurra. Calcarenite stratificata, spesso intensamente fratturata. Talora livelli argillosi-sabbiosi.","2a","0","Troncone","24.000",528482.154,4566312.979,563
"1094","P3","54.6","Argilla marnosa grigio-azzurra. Calcarenite stratificata, spesso intensamente fratturata. Talora livelli argillosi-sabbiosi.","2a","0","Troncone","24.000",528482.154,4566312.979,563
"1095","P3","54.65","Argilla marnosa grigio-azzurra. Calcarenite stratificata, spesso intensamente fratturata. Talora livelli argillosi-sabbiosi.","2a","0","Troncone","24.000",528482.154,4566312.979,563
"1096","P3","54.7","Argilla marnosa grigio-azzurra. Calcarenite stratificata, spesso intensamente fratturata. Talora livelli argillosi-sabbiosi.","2a","0","Troncone","24.000",528482.154,4566312.979,563
"1097","P3","54.75","Argilla marnosa grigio-azzurra. Calcarenite stratificata, spesso intensamente fratturata. Talora livelli argillosi-sabbiosi.","2a","0","Troncone","24.000",528482.154,4566312.979,563
"1098","P3","54.8","Argilla marnosa grigio-azzurra. Calcarenite stratificata, spesso intensamente fratturata. Talora livelli argillosi-sabbiosi.","2a","0","Troncone","24.000",528482.154,4566312.979,563
"1099","P3","54.85","Argilla marnosa grigio-azzurra. Calcarenite stratificata, spesso intensamente fratturata. Talora livelli argillosi-sabbiosi.","2a","0","Troncone","24.000",528482.154,4566312.979,563
"1100","P3","54.9","Argilla marnosa grigio-azzurra. Calcarenite stratificata, spesso intensamente fratturata. Talora livelli argillosi-sabbiosi.","2a","0","Troncone","24.000",528482.154,4566312.979,563
"1101","P3","54.95","Argilla marnosa grigio-azzurra. Calcarenite stratificata, spesso intensamente fratturata. Talora livelli argillosi-sabbiosi.","2a","0","Troncone","24.000",528482.154,4566312.979,563
"1102","P3","55","Argilla marnosa grigio-azzurra. Calcarenite stratificata, spesso intensamente fratturata. Talora livelli argillosi-sabbiosi.","2a","0","Troncone","24.000",528482.154,4566312.979,563
"1103","P3","55.05","Argilla marnosa grigio-azzurra. Calcarenite stratificata, spesso intensamente fratturata. Talora livelli argillosi-sabbiosi.","2a","0","Troncone","24.000",528482.154,4566312.979,563
"1104","P3","55.1","Argilla marnosa grigio-azzurra. Calcarenite stratificata, spesso intensamente fratturata. Talora livelli argillosi-sabbiosi.","2a","0","Troncone","24.000",528482.154,4566312.979,563
"1105","P3","55.15","Argilla marnosa grigio-azzurra. Calcarenite stratificata, spesso intensamente fratturata. Talora livelli argillosi-sabbiosi.","2a","0","Troncone","24.000",528482.154,4566312.979,563
"1106","P3","55.2","Argilla marnosa grigio-azzurra. Calcarenite stratificata, spesso intensamente fratturata. Talora livelli argillosi-sabbiosi.","2a","0","Troncone","24.000",528482.154,4566312.979,563
"1107","P3","55.25","Argilla marnosa grigio-azzurra. Calcarenite stratificata, spesso intensamente fratturata. Talora livelli argillosi-sabbiosi.","2a","0","Troncone","24.000",528482.154,4566312.979,563
"1108","P3","55.3","Argilla marnosa grigio-azzurra. Calcarenite stratificata, spesso intensamente fratturata. Talora livelli argillosi-sabbiosi.","2a","0","Troncone","24.000",528482.154,4566312.979,563
"1109","P3","55.35","Argilla marnosa grigio-azzurra. Calcarenite stratificata, spesso intensamente fratturata. Talora livelli argillosi-sabbiosi.","2a","0","Troncone","24.000",528482.154,4566312.979,563
"1110","P3","55.4","Argilla marnosa grigio-azzurra. Calcarenite stratificata, spesso intensamente fratturata. Talora livelli argillosi-sabbiosi.","2a","0","Troncone","24.000",528482.154,4566312.979,563
"1111","P3","55.45","Argilla marnosa grigio-azzurra. Calcarenite stratificata, spesso intensamente fratturata. Talora livelli argillosi-sabbiosi.","2a","0","Troncone","24.000",528482.154,4566312.979,563
"1112","P3","55.5","Argilla marnosa grigio-azzurra. Calcarenite stratificata, spesso intensamente fratturata. Talora livelli argillosi-sabbiosi.","2a","0","Troncone","24.000",528482.154,4566312.979,563
"1113","P3","55.55","Argilla marnosa grigio-azzurra. Calcarenite stratificata, spesso intensamente fratturata. Talora livelli argillosi-sabbiosi.","2a","0","Troncone","24.000",528482.154,4566312.979,563
"1114","P3","55.6","Argilla marnosa grigio-azzurra. Calcarenite stratificata, spesso intensamente fratturata. Talora livelli argillosi-sabbiosi.","2a","0","Troncone","24.000",528482.154,4566312.979,563
"1115","P3","55.65","Argilla marnosa grigio-azzurra. Calcarenite stratificata, spesso intensamente fratturata. Talora livelli argillosi-sabbiosi.","2a","0","Troncone","24.000",528482.154,4566312.979,563
"1116","P3","55.7","Argilla marnosa grigio-azzurra. Calcarenite stratificata, spesso intensamente fratturata. Talora livelli argillosi-sabbiosi.","2a","0","Troncone","24.000",528482.154,4566312.979,563
"1117","P3","55.75","Argilla marnosa grigio-azzurra. Calcarenite stratificata, spesso intensamente fratturata. Talora livelli argillosi-sabbiosi.","2a","0","Troncone","24.000",528482.154,4566312.979,563
"1118","P3","55.8","Argilla marnosa grigio-azzurra. Calcarenite stratificata, spesso intensamente fratturata. Talora livelli argillosi-sabbiosi.","2a","0","Troncone","24.000",528482.154,4566312.979,563
"1119","P3","55.85","Argilla marnosa grigio-azzurra. Calcarenite stratificata, spesso intensamente fratturata. Talora livelli argillosi-sabbiosi.","2a","0","Troncone","24.000",528482.154,4566312.979,563
"1120","P3","55.9","Argilla marnosa grigio-azzurra. Calcarenite stratificata, spesso intensamente fratturata. Talora livelli argillosi-sabbiosi.","2a","0","Troncone","24.000",528482.154,4566312.979,563
"1121","P3","55.95","Argilla marnosa grigio-azzurra. Calcarenite stratificata, spesso intensamente fratturata. Talora livelli argillosi-sabbiosi.","2a","0","Troncone","24.000",528482.154,4566312.979,563
"1122","P3","56","Argilla marnosa grigio-azzurra. Calcarenite stratificata, spesso intensamente fratturata. Talora livelli argillosi-sabbiosi.","2a","0","Troncone","24.000",528482.154,4566312.979,563
"1123","P3","56.05","Argilla marnosa grigio-azzurra. Calcarenite stratificata, spesso intensamente fratturata. Talora livelli argillosi-sabbiosi.","2a","0","Troncone","24.000",528482.154,4566312.979,563
"1124","P3","56.1","Argilla marnosa grigio-azzurra. Calcarenite stratificata, spesso intensamente fratturata. Talora livelli argillosi-sabbiosi.","2a","0","Troncone","24.000",528482.154,4566312.979,563
"1125","P3","56.15","Argilla marnosa grigio-azzurra. Calcarenite stratificata, spesso intensamente fratturata. Talora livelli argillosi-sabbiosi.","2a","0","Troncone","24.000",528482.154,4566312.979,563
"1126","P3","56.2","Argilla marnosa grigio-azzurra. Calcarenite stratificata, spesso intensamente fratturata. Talora livelli argillosi-sabbiosi.","2a","0","Troncone","24.000",528482.154,4566312.979,563
"1127","P3","56.25","Argilla marnosa grigio-azzurra. Calcarenite stratificata, spesso intensamente fratturata. Talora livelli argillosi-sabbiosi.","2a","0","Troncone","24.000",528482.154,4566312.979,563
"1128","P3","56.3","Argilla marnosa grigio-azzurra. Calcarenite stratificata, spesso intensamente fratturata. Talora livelli argillosi-sabbiosi.","2a","0","Troncone","24.000",528482.154,4566312.979,563
"1129","P3","56.35","Argilla marnosa grigio-azzurra. Calcarenite stratificata, spesso intensamente fratturata. Talora livelli argillosi-sabbiosi.","2a","0","Troncone","24.000",528482.154,4566312.979,563
"1130","P3","56.4","Argilla marnosa grigio-azzurra. Calcarenite stratificata, spesso intensamente fratturata. Talora livelli argillosi-sabbiosi.","2a","0","Troncone","24.000",528482.154,4566312.979,563
"1131","P3","56.45","Argilla marnosa grigio-azzurra. Calcarenite stratificata, spesso intensamente fratturata. Talora livelli argillosi-sabbiosi.","2a","0","Troncone","24.000",528482.154,4566312.979,563
"1132","P3","56.5","Argilla marnosa grigio-azzurra. Calcarenite stratificata, spesso intensamente fratturata. Talora livelli argillosi-sabbiosi.","2a","0","Troncone","24.000",528482.154,4566312.979,563
"1133","P3","56.55","Argilla marnosa grigio-azzurra. Calcarenite stratificata, spesso intensamente fratturata. Talora livelli argillosi-sabbiosi.","2a","0","Troncone","24.000",528482.154,4566312.979,563
"1134","P3","56.6","Argilla marnosa grigio-azzurra. Calcarenite stratificata, spesso intensamente fratturata. Talora livelli argillosi-sabbiosi.","2a","0","Troncone","24.000",528482.154,4566312.979,563
"1135","P3","56.65","Argilla marnosa grigio-azzurra. Calcarenite stratificata, spesso intensamente fratturata. Talora livelli argillosi-sabbiosi.","2a","0","Troncone","24.000",528482.154,4566312.979,563
"1136","P3","56.7","Argilla marnosa grigio-azzurra. Calcarenite stratificata, spesso intensamente fratturata. Talora livelli argillosi-sabbiosi.","2a","0","Troncone","24.000",528482.154,4566312.979,563
"1137","P3","56.75","Argilla marnosa grigio-azzurra. Calcarenite stratificata, spesso intensamente fratturata. Talora livelli argillosi-sabbiosi.","2a","0","Troncone","24.000",528482.154,4566312.979,563
"1138","P3","56.8","Argilla marnosa grigio-azzurra. Calcarenite stratificata, spesso intensamente fratturata. Talora livelli argillosi-sabbiosi.","2a","0","Troncone","24.000",528482.154,4566312.979,563
"1139","P3","56.85","Argilla marnosa grigio-azzurra. Calcarenite stratificata, spesso intensamente fratturata. Talora livelli argillosi-sabbiosi.","2a","0","Troncone","24.000",528482.154,4566312.979,563
"1140","P3","56.9","Argilla marnosa grigio-azzurra. Calcarenite stratificata, spesso intensamente fratturata. Talora livelli argillosi-sabbiosi.","2a","0","Troncone","24.000",528482.154,4566312.979,563
"1141","P3","56.95","Argilla marnosa grigio-azzurra. Calcarenite stratificata, spesso intensamente fratturata. Talora livelli argillosi-sabbiosi.","2a","0","Troncone","24.000",528482.154,4566312.979,563
"1142","P3","57","Argilla marnosa grigio-azzurra. Calcarenite stratificata, spesso intensamente fratturata. Talora livelli argillosi-sabbiosi.","2a","0","Troncone","24.000",528482.154,4566312.979,563
"1143","P3","57.05","Argilla marnosa grigio-azzurra. Calcarenite stratificata, spesso intensamente fratturata. Talora livelli argillosi-sabbiosi.","2a","0","Troncone","24.000",528482.154,4566312.979,563
"1144","P3","57.1","Argilla marnosa grigio-azzurra. Calcarenite stratificata, spesso intensamente fratturata. Talora livelli argillosi-sabbiosi.","2a","0","Troncone","24.000",528482.154,4566312.979,563
"1145","P3","57.15","Argilla marnosa grigio-azzurra. Calcarenite stratificata, spesso intensamente fratturata. Talora livelli argillosi-sabbiosi.","2a","0","Troncone","24.000",528482.154,4566312.979,563
"1146","P3","57.2","Argilla marnosa grigio-azzurra. Calcarenite stratificata, spesso intensamente fratturata. Talora livelli argillosi-sabbiosi.","2a","0","Troncone","24.000",528482.154,4566312.979,563
"1147","P3","57.25","Argilla marnosa grigio-azzurra. Calcarenite stratificata, spesso intensamente fratturata. Talora livelli argillosi-sabbiosi.","2a","0","Troncone","24.000",528482.154,4566312.979,563
"1148","P3","57.3","Argilla marnosa grigio-azzurra. Calcarenite stratificata, spesso intensamente fratturata. Talora livelli argillosi-sabbiosi.","2a","0","Troncone","24.000",528482.154,4566312.979,563
"1149","P3","57.35","Argilla marnosa grigio-azzurra. Calcarenite stratificata, spesso intensamente fratturata. Talora livelli argillosi-sabbiosi.","2a","0","Troncone","24.000",528482.154,4566312.979,563
"1150","P3","57.4","Argilla marnosa grigio-azzurra. Calcarenite stratificata, spesso intensamente fratturata. Talora livelli argillosi-sabbiosi.","2a","0","Troncone","24.000",528482.154,4566312.979,563
"1151","P3","57.45","Argilla marnosa grigio-azzurra. Calcarenite stratificata, spesso intensamente fratturata. Talora livelli argillosi-sabbiosi.","2a","0","Troncone","24.000",528482.154,4566312.979,563
"1152","P3","57.5","Argilla marnosa grigio-azzurra. Calcarenite stratificata, spesso intensamente fratturata. Talora livelli argillosi-sabbiosi.","2a","0","Troncone","24.000",528482.154,4566312.979,563
"1153","P3","57.55","Argilla marnosa grigio-azzurra. Calcarenite stratificata, spesso intensamente fratturata. Talora livelli argillosi-sabbiosi.","2a","0","Troncone","24.000",528482.154,4566312.979,563
"1154","P3","57.6","Argilla marnosa grigio-azzurra. Calcarenite stratificata, spesso intensamente fratturata. Talora livelli argillosi-sabbiosi.","2a","0","Troncone","24.000",528482.154,4566312.979,563
"1155","P3","57.65","Argilla marnosa grigio-azzurra. Calcarenite stratificata, spesso intensamente fratturata. Talora livelli argillosi-sabbiosi.","2a","0","Troncone","24.000",528482.154,4566312.979,563
"1156","P3","57.7","Argilla marnosa grigio-azzurra. Calcarenite stratificata, spesso intensamente fratturata. Talora livelli argillosi-sabbiosi.","2a","0","Troncone","24.000",528482.154,4566312.979,563
"1157","P3","57.75","Argilla marnosa grigio-azzurra. Calcarenite stratificata, spesso intensamente fratturata. Talora livelli argillosi-sabbiosi.","2a","0","Troncone","24.000",528482.154,4566312.979,563
"1158","P3","57.8","Argilla marnosa grigio-azzurra. Calcarenite stratificata, spesso intensamente fratturata. Talora livelli argillosi-sabbiosi.","2a","0","Troncone","24.000",528482.154,4566312.979,563
"1159","P3","57.85","Argilla marnosa grigio-azzurra. Calcarenite stratificata, spesso intensamente fratturata. Talora livelli argillosi-sabbiosi.","2a","0","Troncone","24.000",528482.154,4566312.979,563
"1160","P3","57.9","Argilla marnosa grigio-azzurra. Calcarenite stratificata, spesso intensamente fratturata. Talora livelli argillosi-sabbiosi.","2a","0","Troncone","24.000",528482.154,4566312.979,563
"1161","P3","57.95","Argilla marnosa grigio-azzurra. Calcarenite stratificata, spesso intensamente fratturata. Talora livelli argillosi-sabbiosi.","2a","0","Troncone","24.000",528482.154,4566312.979,563
"1162","P3","58","Argilla marnosa grigio-azzurra. Calcarenite stratificata, spesso intensamente fratturata. Talora livelli argillosi-sabbiosi.","2a","0","Troncone","24.000",528482.154,4566312.979,563
"1163","P3","58.05","Argilla marnosa grigio-azzurra. Calcarenite stratificata, spesso intensamente fratturata. Talora livelli argillosi-sabbiosi.","2a","0","Troncone","24.000",528482.154,4566312.979,563
"1164","P3","58.1","Argilla marnosa grigio-azzurra. Calcarenite stratificata, spesso intensamente fratturata. Talora livelli argillosi-sabbiosi.","2a","0","Troncone","24.000",528482.154,4566312.979,563
"1165","P3","58.15","Argilla marnosa grigio-azzurra. Calcarenite stratificata, spesso intensamente fratturata. Talora livelli argillosi-sabbiosi.","2a","0","Troncone","24.000",528482.154,4566312.979,563
"1166","P3","58.2","Argilla marnosa grigio-azzurra. Calcarenite stratificata, spesso intensamente fratturata. Talora livelli argillosi-sabbiosi.","2a","0","Troncone","24.000",528482.154,4566312.979,563
"1167","P3","58.25","Argilla marnosa grigio-azzurra. Calcarenite stratificata, spesso intensamente fratturata. Talora livelli argillosi-sabbiosi.","2a","0","Troncone","24.000",528482.154,4566312.979,563
"1168","P3","58.3","Argilla marnosa grigio-azzurra. Calcarenite stratificata, spesso intensamente fratturata. Talora livelli argillosi-sabbiosi.","2a","0","Troncone","24.000",528482.154,4566312.979,563
"1169","P3","58.35","Argilla marnosa grigio-azzurra. Calcarenite stratificata, spesso intensamente fratturata. Talora livelli argillosi-sabbiosi.","2a","0","Troncone","24.000",528482.154,4566312.979,563
"1170","P3","58.4","Argilla marnosa grigio-azzurra. Calcarenite stratificata, spesso intensamente fratturata. Talora livelli argillosi-sabbiosi.","2a","0","Troncone","24.000",528482.154,4566312.979,563
"1171","P3","58.45","Argilla marnosa grigio-azzurra. Calcarenite stratificata, spesso intensamente fratturata. Talora livelli argillosi-sabbiosi.","2a","0","Troncone","24.000",528482.154,4566312.979,563
"1172","P3","58.5","Argilla marnosa grigio-azzurra. Calcarenite stratificata, spesso intensamente fratturata. Talora livelli argillosi-sabbiosi.","2a","0","Troncone","24.000",528482.154,4566312.979,563
"1173","P3","58.55","Argilla marnosa grigio-azzurra. Calcarenite stratificata, spesso intensamente fratturata. Talora livelli argillosi-sabbiosi.","2a","0","Troncone","24.000",528482.154,4566312.979,563
"1174","P3","58.6","Argilla marnosa grigio-azzurra. Calcarenite stratificata, spesso intensamente fratturata. Talora livelli argillosi-sabbiosi.","2a","0","Troncone","24.000",528482.154,4566312.979,563
"1175","P3","58.65","Argilla marnosa grigio-azzurra. Calcarenite stratificata, spesso intensamente fratturata. Talora livelli argillosi-sabbiosi.","2a","0","Troncone","24.000",528482.154,4566312.979,563
"1176","P3","58.7","Argilla marnosa grigio-azzurra. Calcarenite stratificata, spesso intensamente fratturata. Talora livelli argillosi-sabbiosi.","2a","0","Troncone","24.000",528482.154,4566312.979,563
"1177","P3","58.75","Argilla marnosa grigio-azzurra. Calcarenite stratificata, spesso intensamente fratturata. Talora livelli argillosi-sabbiosi.","2a","0","Troncone","24.000",528482.154,4566312.979,563
"1178","P3","58.8","Argilla marnosa grigio-azzurra. Calcarenite stratificata, spesso intensamente fratturata. Talora livelli argillosi-sabbiosi.","2a","0","Troncone","24.000",528482.154,4566312.979,563
"1179","P3","58.85","Argilla marnosa grigio-azzurra. Calcarenite stratificata, spesso intensamente fratturata. Talora livelli argillosi-sabbiosi.","2a","0","Troncone","24.000",528482.154,4566312.979,563
"1180","P3","58.9","Argilla marnosa grigio-azzurra. Calcarenite stratificata, spesso intensamente fratturata. Talora livelli argillosi-sabbiosi.","2a","0","Troncone","24.000",528482.154,4566312.979,563
"1181","P3","58.95","Argilla marnosa grigio-azzurra. Calcarenite stratificata, spesso intensamente fratturata. Talora livelli argillosi-sabbiosi.","2a","0","Troncone","24.000",528482.154,4566312.979,563
"1182","P3","59","Argilla marnosa grigio-azzurra. Calcarenite stratificata, spesso intensamente fratturata. Talora livelli argillosi-sabbiosi.","2a","0","Troncone","24.000",528482.154,4566312.979,563
"1183","P3","59.05","Argilla marnosa grigio-azzurra. Calcarenite stratificata, spesso intensamente fratturata. Talora livelli argillosi-sabbiosi.","2a","0","Troncone","24.000",528482.154,4566312.979,563
"1184","P3","59.1","Argilla marnosa grigio-azzurra. Calcarenite stratificata, spesso intensamente fratturata. Talora livelli argillosi-sabbiosi.","2a","0","Troncone","24.000",528482.154,4566312.979,563
"1185","P3","59.15","Argilla marnosa grigio-azzurra. Calcarenite stratificata, spesso intensamente fratturata. Talora livelli argillosi-sabbiosi.","2a","0","Troncone","24.000",528482.154,4566312.979,563
"1186","P3","59.2","Argilla marnosa grigio-azzurra. Calcarenite stratificata, spesso intensamente fratturata. Talora livelli argillosi-sabbiosi.","2a","0","Troncone","24.000",528482.154,4566312.979,563
"1187","P3","59.25","Argilla marnosa grigio-azzurra. Calcarenite stratificata, spesso intensamente fratturata. Talora livelli argillosi-sabbiosi.","2a","0","Troncone","24.000",528482.154,4566312.979,563
"1188","P3","59.3","Argilla marnosa grigio-azzurra. Calcarenite stratificata, spesso intensamente fratturata. Talora livelli argillosi-sabbiosi.","2a","0","Troncone","24.000",528482.154,4566312.979,563
"1189","P3","59.35","Argilla marnosa grigio-azzurra. Calcarenite stratificata, spesso intensamente fratturata. Talora livelli argillosi-sabbiosi.","2a","0","Troncone","24.000",528482.154,4566312.979,563
"1190","P3","59.4","Argilla marnosa grigio-azzurra. Calcarenite stratificata, spesso intensamente fratturata. Talora livelli argillosi-sabbiosi.","2a","0","Troncone","24.000",528482.154,4566312.979,563
"1191","P3","59.45","Argilla marnosa grigio-azzurra. Calcarenite stratificata, spesso intensamente fratturata. Talora livelli argillosi-sabbiosi.","2a","0","Troncone","24.000",528482.154,4566312.979,563
"1192","P3","59.5","Argilla marnosa grigio-azzurra. Calcarenite stratificata, spesso intensamente fratturata. Talora livelli argillosi-sabbiosi.","2a","0","Troncone","24.000",528482.154,4566312.979,563
"1193","P3","59.55","Argilla marnosa grigio-azzurra. Calcarenite stratificata, spesso intensamente fratturata. Talora livelli argillosi-sabbiosi.","2a","0","Troncone","24.000",528482.154,4566312.979,563
"1194","P3","59.6","Argilla marnosa grigio-azzurra. Calcarenite stratificata, spesso intensamente fratturata. Talora livelli argillosi-sabbiosi.","2a","0","Troncone","24.000",528482.154,4566312.979,563
"1195","P3","59.65","Argilla marnosa grigio-azzurra. Calcarenite stratificata, spesso intensamente fratturata. Talora livelli argillosi-sabbiosi.","2a","0","Troncone","24.000",528482.154,4566312.979,563
"1196","P3","59.7","Argilla marnosa grigio-azzurra. Calcarenite stratificata, spesso intensamente fratturata. Talora livelli argillosi-sabbiosi.","2a","0","Troncone","24.000",528482.154,4566312.979,563
"1197","P3","59.75","Argilla marnosa grigio-azzurra. Calcarenite stratificata, spesso intensamente fratturata. Talora livelli argillosi-sabbiosi.","2a","0","Troncone","24.000",528482.154,4566312.979,563
"1198","P3","59.8","Argilla marnosa grigio-azzurra. Calcarenite stratificata, spesso intensamente fratturata. Talora livelli argillosi-sabbiosi.","2a","0","Troncone","24.000",528482.154,4566312.979,563
"1199","P3","59.85","Argilla marnosa grigio-azzurra. Calcarenite stratificata, spesso intensamente fratturata. Talora livelli argillosi-sabbiosi.","2a","0","Troncone","24.000",528482.154,4566312.979,563
"1200","P3","59.9","Argilla marnosa grigio-azzurra. Calcarenite stratificata, spesso intensamente fratturata. Talora livelli argillosi-sabbiosi.","2a","0","Troncone","24.000",528482.154,4566312.979,563
"1201","P3","59.95","Argilla marnosa grigio-azzurra. Calcarenite stratificata, spesso intensamente fratturata. Talora livelli argillosi-sabbiosi.","2a","0","Troncone","24.000",528482.154,4566312.979,563
"1202","P3","60","Argilla marnosa grigio-azzurra. Calcarenite stratificata, spesso intensamente fratturata. Talora livelli argillosi-sabbiosi.","2a","0","Troncone","24.000",528482.154,4566312.979,563
"1203","P3","60.05","Argilla marnosa grigio-azzurra. Calcarenite stratificata, spesso intensamente fratturata. Talora livelli argillosi-sabbiosi.","2a","0","Troncone","24.000",528482.154,4566312.979,563
"1204","P3","60.1","Argilla marnosa grigio-azzurra. Calcarenite stratificata, spesso intensamente fratturata. Talora livelli argillosi-sabbiosi.","2a","0","Troncone","24.000",528482.154,4566312.979,563
"1205","P3","60.15","Argilla marnosa grigio-azzurra. Calcarenite stratificata, spesso intensamente fratturata. Talora livelli argillosi-sabbiosi.","2a","0","Troncone","24.000",528482.154,4566312.979,563
"1206","P3","60.2","Argilla marnosa grigio-azzurra. Calcarenite stratificata, spesso intensamente fratturata. Talora livelli argillosi-sabbiosi.","2a","0","Troncone","24.000",528482.154,4566312.979,563
"1207","P3","60.25","Argilla marnosa grigio-azzurra. Calcarenite stratificata, spesso intensamente fratturata. Talora livelli argillosi-sabbiosi.","2a","0","Troncone","24.000",528482.154,4566312.979,563
"1208","P3","60.3","Argilla marnosa grigio-azzurra. Calcarenite stratificata, spesso intensamente fratturata. Talora livelli argillosi-sabbiosi.","2a","0","Troncone","24.000",528482.154,4566312.979,563
"1209","P3","60.35","Argilla marnosa grigio-azzurra. Calcarenite stratificata, spesso intensamente fratturata. Talora livelli argillosi-sabbiosi.","2a","0","Troncone","24.000",528482.154,4566312.979,563
"1210","P3","60.4","Argilla marnosa grigio-azzurra. Calcarenite stratificata, spesso intensamente fratturata. Talora livelli argillosi-sabbiosi.","2a","0","Troncone","24.000",528482.154,4566312.979,563
"1211","P3","60.45","Argilla marnosa grigio-azzurra. Calcarenite stratificata, spesso intensamente fratturata. Talora livelli argillosi-sabbiosi.","2a","0","Troncone","24.000",528482.154,4566312.979,563
"1212","P3","60.5","Argilla marnosa grigio-azzurra. Calcarenite stratificata, spesso intensamente fratturata. Talora livelli argillosi-sabbiosi.","2a","0","Troncone","24.000",528482.154,4566312.979,563
"1213","P3","60.55","Argilla marnosa grigio-azzurra. Calcarenite stratificata, spesso intensamente fratturata. Talora livelli argillosi-sabbiosi.","2a","0","Troncone","24.000",528482.154,4566312.979,563
"1214","P3","60.6","Argilla marnosa grigio-azzurra. Calcarenite stratificata, spesso intensamente fratturata. Talora livelli argillosi-sabbiosi.","2a","0","Troncone","24.000",528482.154,4566312.979,563
"1215","P3","60.65","Argilla marnosa grigio-azzurra. Calcarenite stratificata, spesso intensamente fratturata. Talora livelli argillosi-sabbiosi.","2a","0","Troncone","24.000",528482.154,4566312.979,563
"1216","P3","60.7","Argilla marnosa grigio-azzurra. Calcarenite stratificata, spesso intensamente fratturata. Talora livelli argillosi-sabbiosi.","2a","0","Troncone","24.000",528482.154,4566312.979,563
"1217","P3","60.75","Argilla marnosa grigio-azzurra. Calcarenite stratificata, spesso intensamente fratturata. Talora livelli argillosi-sabbiosi.","2a","0","Troncone","24.000",528482.154,4566312.979,563
"1218","P3","60.8","Argilla marnosa grigio-azzurra. Calcarenite stratificata, spesso intensamente fratturata. Talora livelli argillosi-sabbiosi.","2a","0","Troncone","24.000",528482.154,4566312.979,563
"1219","P3","60.85","Argilla marnosa grigio-azzurra. Calcarenite stratificata, spesso intensamente fratturata. Talora livelli argillosi-sabbiosi.","2a","0","Troncone","24.000",528482.154,4566312.979,563
"1220","P3","60.9","Argilla marnosa grigio-azzurra. Calcarenite stratificata, spesso intensamente fratturata. Talora livelli argillosi-sabbiosi.","2a","0","Troncone","24.000",528482.154,4566312.979,563
"1221","P3","60.95","Argilla marnosa grigio-azzurra. Calcarenite stratificata, spesso intensamente fratturata. Talora livelli argillosi-sabbiosi.","2a","0","Troncone","24.000",528482.154,4566312.979,563
"1222","P3","61","Argilla marnosa grigio-azzurra. Calcarenite stratificata, spesso intensamente fratturata. Talora livelli argillosi-sabbiosi.","2a","0","Troncone","24.000",528482.154,4566312.979,563
"1223","P3","61.05","Argilla marnosa grigio-azzurra. Calcarenite stratificata, spesso intensamente fratturata. Talora livelli argillosi-sabbiosi.","2a","0","Troncone","24.000",528482.154,4566312.979,563
"1224","P3","61.1","Argilla marnosa grigio-azzurra. Calcarenite stratificata, spesso intensamente fratturata. Talora livelli argillosi-sabbiosi.","2a","0","Troncone","24.000",528482.154,4566312.979,563
"1225","P3","61.15","Argilla marnosa grigio-azzurra. Calcarenite stratificata, spesso intensamente fratturata. Talora livelli argillosi-sabbiosi.","2a","0","Troncone","24.000",528482.154,4566312.979,563
"1226","P3","61.2","Argilla marnosa grigio-azzurra. Calcarenite stratificata, spesso intensamente fratturata. Talora livelli argillosi-sabbiosi.","2a","0","Troncone","24.000",528482.154,4566312.979,563
"1227","P3","61.25","Argilla marnosa grigio-azzurra. Calcarenite stratificata, spesso intensamente fratturata. Talora livelli argillosi-sabbiosi.","2a","0","Troncone","24.000",528482.154,4566312.979,563
"1228","P3","61.3","Argilla marnosa grigio-azzurra. Calcarenite stratificata, spesso intensamente fratturata. Talora livelli argillosi-sabbiosi.","2a","0","Troncone","24.000",528482.154,4566312.979,563
"1229","P3","61.35","Argilla marnosa grigio-azzurra. Calcarenite stratificata, spesso intensamente fratturata. Talora livelli argillosi-sabbiosi.","2a","0","Troncone","24.000",528482.154,4566312.979,563
"1230","P3","61.4","Argilla marnosa grigio-azzurra. Calcarenite stratificata, spesso intensamente fratturata. Talora livelli argillosi-sabbiosi.","2a","0","Troncone","24.000",528482.154,4566312.979,563
"1231","P3","61.45","Argilla marnosa grigio-azzurra. Calcarenite stratificata, spesso intensamente fratturata. Talora livelli argillosi-sabbiosi.","2a","0","Troncone","24.000",528482.154,4566312.979,563
"1232","P3","61.5","Argilla marnosa grigio-azzurra. Calcarenite stratificata, spesso intensamente fratturata. Talora livelli argillosi-sabbiosi.","2a","0","Troncone","24.000",528482.154,4566312.979,563
"1233","P3","61.55","Argilla marnosa grigio-azzurra. Calcarenite stratificata, spesso intensamente fratturata. Talora livelli argillosi-sabbiosi.","2a","0","Troncone","24.000",528482.154,4566312.979,563
"1234","P3","61.6","Argilla marnosa grigio-azzurra. Calcarenite stratificata, spesso intensamente fratturata. Talora livelli argillosi-sabbiosi.","2a","0","Troncone","24.000",528482.154,4566312.979,563
"1235","P3","61.65","Argilla marnosa grigio-azzurra. Calcarenite stratificata, spesso intensamente fratturata. Talora livelli argillosi-sabbiosi.","2a","0","Troncone","24.000",528482.154,4566312.979,563
"1236","P3","61.7","Argilla marnosa grigio-azzurra. Calcarenite stratificata, spesso intensamente fratturata. Talora livelli argillosi-sabbiosi.","2a","0","Troncone","24.000",528482.154,4566312.979,563
"1237","P3","61.75","Argilla marnosa grigio-azzurra. Calcarenite stratificata, spesso intensamente fratturata. Talora livelli argillosi-sabbiosi.","2a","0","Troncone","24.000",528482.154,4566312.979,563
"1238","P3","61.8","Argilla marnosa grigio-azzurra. Calcarenite stratificata, spesso intensamente fratturata. Talora livelli argillosi-sabbiosi.","2a","0","Troncone","24.000",528482.154,4566312.979,563
"1239","P3","61.85","Argilla marnosa grigio-azzurra. Calcarenite stratificata, spesso intensamente fratturata. Talora livelli argillosi-sabbiosi.","2a","0","Troncone","24.000",528482.154,4566312.979,563
"1240","P3","61.9","Argilla marnosa grigio-azzurra. Calcarenite stratificata, spesso intensamente fratturata. Talora livelli argillosi-sabbiosi.","2a","0","Troncone","24.000",528482.154,4566312.979,563
"1241","P3","61.95","Argilla marnosa grigio-azzurra. Calcarenite stratificata, spesso intensamente fratturata. Talora livelli argillosi-sabbiosi.","2a","0","Troncone","24.000",528482.154,4566312.979,563
"1242","P3","62","Argilla marnosa grigio-azzurra. Calcarenite stratificata, spesso intensamente fratturata. Talora livelli argillosi-sabbiosi.","2a","0","Troncone","24.000",528482.154,4566312.979,563
"1243","P3","62.05","Argilla marnosa grigio-azzurra. Calcarenite stratificata, spesso intensamente fratturata. Talora livelli argillosi-sabbiosi.","2a","0","Troncone","24.000",528482.154,4566312.979,563
"1244","P3","62.1","Argilla marnosa grigio-azzurra. Calcarenite stratificata, spesso intensamente fratturata. Talora livelli argillosi-sabbiosi.","2a","0","Troncone","24.000",528482.154,4566312.979,563
"1245","P3","62.15","Argilla marnosa grigio-azzurra. Calcarenite stratificata, spesso intensamente fratturata. Talora livelli argillosi-sabbiosi.","2a","0","Troncone","24.000",528482.154,4566312.979,563
"1246","P3","62.2","Argilla marnosa grigio-azzurra. Calcarenite stratificata, spesso intensamente fratturata. Talora livelli argillosi-sabbiosi.","2a","0","Troncone","24.000",528482.154,4566312.979,563
"1247","P3","62.25","Argilla marnosa grigio-azzurra. Calcarenite stratificata, spesso intensamente fratturata. Talora livelli argillosi-sabbiosi.","2a","0","Troncone","24.000",528482.154,4566312.979,563
"1248","P3","62.3","Argilla marnosa grigio-azzurra. Calcarenite stratificata, spesso intensamente fratturata. Talora livelli argillosi-sabbiosi.","2a","0","Troncone","24.000",528482.154,4566312.979,563
"1249","P3","62.35","Argilla marnosa grigio-azzurra. Calcarenite stratificata, spesso intensamente fratturata. Talora livelli argillosi-sabbiosi.","2a","0","Troncone","24.000",528482.154,4566312.979,563
"1250","P3","62.4","Argilla marnosa grigio-azzurra. Calcarenite stratificata, spesso intensamente fratturata. Talora livelli argillosi-sabbiosi.","2a","0","Troncone","24.000",528482.154,4566312.979,563
"1251","P3","62.45","Argilla marnosa grigio-azzurra. Calcarenite stratificata, spesso intensamente fratturata. Talora livelli argillosi-sabbiosi.","2a","0","Troncone","24.000",528482.154,4566312.979,563
"1252","P3","62.5","Argilla marnosa grigio-azzurra. Calcarenite stratificata, spesso intensamente fratturata. Talora livelli argillosi-sabbiosi.","2a","0","Troncone","24.000",528482.154,4566312.979,563
"1253","P3","62.55","Argilla marnosa grigio-azzurra. Calcarenite stratificata, spesso intensamente fratturata. Talora livelli argillosi-sabbiosi.","2a","0","Troncone","24.000",528482.154,4566312.979,563
"1254","P3","62.6","Argilla marnosa grigio-azzurra. Calcarenite stratificata, spesso intensamente fratturata. Talora livelli argillosi-sabbiosi.","2a","0","Troncone","24.000",528482.154,4566312.979,563
"1255","P3","62.65","Argilla marnosa grigio-azzurra. Calcarenite stratificata, spesso intensamente fratturata. Talora livelli argillosi-sabbiosi.","2a","0","Troncone","24.000",528482.154,4566312.979,563
"1256","P3","62.7","Argilla marnosa grigio-azzurra. Calcarenite stratificata, spesso intensamente fratturata. Talora livelli argillosi-sabbiosi.","2a","0","Troncone","24.000",528482.154,4566312.979,563
"1257","P3","62.75","Argilla marnosa grigio-azzurra. Calcarenite stratificata, spesso intensamente fratturata. Talora livelli argillosi-sabbiosi.","2a","0","Troncone","24.000",528482.154,4566312.979,563
"1258","P3","62.8","Argilla marnosa grigio-azzurra. Calcarenite stratificata, spesso intensamente fratturata. Talora livelli argillosi-sabbiosi.","2a","0","Troncone","24.000",528482.154,4566312.979,563
"1259","P3","62.85","Argilla marnosa grigio-azzurra. Calcarenite stratificata, spesso intensamente fratturata. Talora livelli argillosi-sabbiosi.","2a","0","Troncone","24.000",528482.154,4566312.979,563
"1260","P3","62.9","Argilla marnosa grigio-azzurra. Calcarenite stratificata, spesso intensamente fratturata. Talora livelli argillosi-sabbiosi.","2a","0","Troncone","24.000",528482.154,4566312.979,563
"1261","P3","62.95","Argilla marnosa grigio-azzurra. Calcarenite stratificata, spesso intensamente fratturata. Talora livelli argillosi-sabbiosi.","2a","0","Troncone","24.000",528482.154,4566312.979,563
"1262","P3","63","Argilla marnosa grigio-azzurra. Calcarenite stratificata, spesso intensamente fratturata. Talora livelli argillosi-sabbiosi.","2a","0","Troncone","24.000",528482.154,4566312.979,563
"1263","P3","63.05","Argilla marnosa grigio-azzurra. Calcarenite stratificata, spesso intensamente fratturata. Talora livelli argillosi-sabbiosi.","2a","0","Troncone","24.000",528482.154,4566312.979,563
"1264","P3","63.1","Argilla marnosa grigio-azzurra. Calcarenite stratificata, spesso intensamente fratturata. Talora livelli argillosi-sabbiosi.","2a","0","Troncone","24.000",528482.154,4566312.979,563
"1265","P3","63.15","Argilla marnosa grigio-azzurra. Calcarenite stratificata, spesso intensamente fratturata. Talora livelli argillosi-sabbiosi.","2a","0","Troncone","24.000",528482.154,4566312.979,563
"1266","P3","63.2","Argilla marnosa grigio-azzurra. Calcarenite stratificata, spesso intensamente fratturata. Talora livelli argillosi-sabbiosi.","2a","0","Troncone","24.000",528482.154,4566312.979,563
"1267","P3","63.25","Argilla marnosa grigio-azzurra. Calcarenite stratificata, spesso intensamente fratturata. Talora livelli argillosi-sabbiosi.","2a","0","Troncone","24.000",528482.154,4566312.979,563
"1268","P3","63.3","Argilla marnosa grigio-azzurra. Calcarenite stratificata, spesso intensamente fratturata. Talora livelli argillosi-sabbiosi.","2a","0","Troncone","24.000",528482.154,4566312.979,563
"1269","P3","63.35","Argilla marnosa grigio-azzurra. Calcarenite stratificata, spesso intensamente fratturata. Talora livelli argillosi-sabbiosi.","2a","0","Troncone","24.000",528482.154,4566312.979,563
"1270","P3","63.4","Argilla marnosa grigio-azzurra. Calcarenite stratificata, spesso intensamente fratturata. Talora livelli argillosi-sabbiosi.","2a","0","Troncone","24.000",528482.154,4566312.979,563
"1271","P3","63.45","Argilla marnosa grigio-azzurra. Calcarenite stratificata, spesso intensamente fratturata. Talora livelli argillosi-sabbiosi.","2a","0","Troncone","24.000",528482.154,4566312.979,563
"1272","P3","63.5","Argilla marnosa grigio-azzurra. Calcarenite stratificata, spesso intensamente fratturata. Talora livelli argillosi-sabbiosi.","2a","0","Troncone","24.000",528482.154,4566312.979,563
"1273","P3","63.55","Argilla marnosa grigio-azzurra. Calcarenite stratificata, spesso intensamente fratturata. Talora livelli argillosi-sabbiosi.","2a","0","Troncone","24.000",528482.154,4566312.979,563
"1274","P3","63.6","Argilla marnosa grigio-azzurra. Calcarenite stratificata, spesso intensamente fratturata. Talora livelli argillosi-sabbiosi.","2a","0","Troncone","24.000",528482.154,4566312.979,563
"1275","P3","63.65","Argilla marnosa grigio-azzurra. Calcarenite stratificata, spesso intensamente fratturata. Talora livelli argillosi-sabbiosi.","2a","0","Troncone","24.000",528482.154,4566312.979,563
"1276","P3","63.7","Argilla marnosa grigio-azzurra. Calcarenite stratificata, spesso intensamente fratturata. Talora livelli argillosi-sabbiosi.","2a","0","Troncone","24.000",528482.154,4566312.979,563
"1277","P3","63.75","Argilla marnosa grigio-azzurra. Calcarenite stratificata, spesso intensamente fratturata. Talora livelli argillosi-sabbiosi.","2a","0","Troncone","24.000",528482.154,4566312.979,563
"1278","P3","63.8","Argilla marnosa grigio-azzurra. Calcarenite stratificata, spesso intensamente fratturata. Talora livelli argillosi-sabbiosi.","2a","0","Troncone","24.000",528482.154,4566312.979,563
"1279","P3","63.85","Argilla marnosa grigio-azzurra. Calcarenite stratificata, spesso intensamente fratturata. Talora livelli argillosi-sabbiosi.","2a","0","Troncone","24.000",528482.154,4566312.979,563
"1280","P3","63.9","Argilla marnosa grigio-azzurra. Calcarenite stratificata, spesso intensamente fratturata. Talora livelli argillosi-sabbiosi.","2a","0","Troncone","24.000",528482.154,4566312.979,563
"1281","P3","63.95","Argilla marnosa grigio-azzurra. Calcarenite stratificata, spesso intensamente fratturata. Talora livelli argillosi-sabbiosi.","2a","0","Troncone","24.000",528482.154,4566312.979,563
"1282","P3","64","Argilla marnosa grigio-azzurra. Calcarenite stratificata, spesso intensamente fratturata. Talora livelli argillosi-sabbiosi.","2a","0","Troncone","24.000",528482.154,4566312.979,563
"1283","P3","64.05","Argilla marnosa grigio-azzurra. Calcarenite stratificata, spesso intensamente fratturata. Talora livelli argillosi-sabbiosi.","2a","0","Troncone","24.000",528482.154,4566312.979,563
"1284","P3","64.1","Argilla marnosa grigio-azzurra. Calcarenite stratificata, spesso intensamente fratturata. Talora livelli argillosi-sabbiosi.","2a","0","Troncone","24.000",528482.154,4566312.979,563
"1285","P3","64.15","Argilla marnosa grigio-azzurra. Calcarenite stratificata, spesso intensamente fratturata. Talora livelli argillosi-sabbiosi.","2a","0","Troncone","24.000",528482.154,4566312.979,563
"1286","P3","64.2","Argilla marnosa grigio-azzurra. Calcarenite stratificata, spesso intensamente fratturata. Talora livelli argillosi-sabbiosi.","2a","0","Troncone","24.000",528482.154,4566312.979,563
"1287","P3","64.25","Argilla marnosa grigio-azzurra. Calcarenite stratificata, spesso intensamente fratturata. Talora livelli argillosi-sabbiosi.","2a","0","Troncone","24.000",528482.154,4566312.979,563
"1288","P3","64.3","Argilla marnosa grigio-azzurra. Calcarenite stratificata, spesso intensamente fratturata. Talora livelli argillosi-sabbiosi.","2a","0","Troncone","24.000",528482.154,4566312.979,563
"1289","P3","64.35","Argilla marnosa grigio-azzurra. Calcarenite stratificata, spesso intensamente fratturata. Talora livelli argillosi-sabbiosi.","2a","0","Troncone","24.000",528482.154,4566312.979,563
"1290","P3","64.4","Argilla marnosa grigio-azzurra. Calcarenite stratificata, spesso intensamente fratturata. Talora livelli argillosi-sabbiosi.","2a","0","Troncone","24.000",528482.154,4566312.979,563
"1291","P3","64.45","Argilla marnosa grigio-azzurra. Calcarenite stratificata, spesso intensamente fratturata. Talora livelli argillosi-sabbiosi.","2a","0","Troncone","24.000",528482.154,4566312.979,563
"1292","P3","64.5","Argilla marnosa grigio-azzurra. Calcarenite stratificata, spesso intensamente fratturata. Talora livelli argillosi-sabbiosi.","2a","0","Troncone","24.000",528482.154,4566312.979,563
"1293","P3","64.55","Argilla marnosa grigio-azzurra. Calcarenite stratificata, spesso intensamente fratturata. Talora livelli argillosi-sabbiosi.","2a","0","Troncone","24.000",528482.154,4566312.979,563
"1294","P3","64.6","Argilla marnosa grigio-azzurra. Calcarenite stratificata, spesso intensamente fratturata. Talora livelli argillosi-sabbiosi.","2a","0","Troncone","24.000",528482.154,4566312.979,563
"1295","P3","64.65","Argilla marnosa grigio-azzurra. Calcarenite stratificata, spesso intensamente fratturata. Talora livelli argillosi-sabbiosi.","2a","0","Troncone","24.000",528482.154,4566312.979,563
"1296","P3","64.7","Argilla marnosa grigio-azzurra. Calcarenite stratificata, spesso intensamente fratturata. Talora livelli argillosi-sabbiosi.","2a","0","Troncone","24.000",528482.154,4566312.979,563
"1297","P3","64.75","Argilla marnosa grigio-azzurra. Calcarenite stratificata, spesso intensamente fratturata. Talora livelli argillosi-sabbiosi.","2a","0","Troncone","24.000",528482.154,4566312.979,563
"1298","P3","64.8","Argilla marnosa grigio-azzurra. Calcarenite stratificata, spesso intensamente fratturata. Talora livelli argillosi-sabbiosi.","2a","0","Troncone","24.000",528482.154,4566312.979,563
"1299","P3","64.85","Argilla marnosa grigio-azzurra. Calcarenite stratificata, spesso intensamente fratturata. Talora livelli argillosi-sabbiosi.","2a","0","Troncone","24.000",528482.154,4566312.979,563
"1300","P3","64.9","Argilla marnosa grigio-azzurra. Calcarenite stratificata, spesso intensamente fratturata. Talora livelli argillosi-sabbiosi.","2a","0","Troncone","24.000",528482.154,4566312.979,563
"1301","P3","64.95","Argilla marnosa grigio-azzurra. Calcarenite stratificata, spesso intensamente fratturata. Talora livelli argillosi-sabbiosi.","2a","0","Troncone","24.000",528482.154,4566312.979,563
"1302","P3","65","Argilla marnosa grigio-azzurra. Calcarenite stratificata, spesso intensamente fratturata. Talora livelli argillosi-sabbiosi.","2a","0","Troncone","24.000",528482.154,4566312.979,563
"1303","P3","65.05","Argilla marnosa grigio-azzurra. Calcarenite stratificata, spesso intensamente fratturata. Talora livelli argillosi-sabbiosi.","2a","0","Troncone","24.000",528482.154,4566312.979,563
"1304","P3","65.1","Argilla marnosa grigio-azzurra. Calcarenite stratificata, spesso intensamente fratturata. Talora livelli argillosi-sabbiosi.","2a","0","Troncone","24.000",528482.154,4566312.979,563
"1305","P3","65.15","Argilla marnosa grigio-azzurra. Calcarenite stratificata, spesso intensamente fratturata. Talora livelli argillosi-sabbiosi.","2a","0","Troncone","24.000",528482.154,4566312.979,563
"1306","P3","65.2","Argilla marnosa grigio-azzurra. Calcarenite stratificata, spesso intensamente fratturata. Talora livelli argillosi-sabbiosi.","2a","0","Troncone","24.000",528482.154,4566312.979,563
"1307","P3","65.25","Argilla marnosa grigio-azzurra. Calcarenite stratificata, spesso intensamente fratturata. Talora livelli argillosi-sabbiosi.","2a","0","Troncone","24.000",528482.154,4566312.979,563
"1308","P3","65.3","Argilla marnosa grigio-azzurra. Calcarenite stratificata, spesso intensamente fratturata. Talora livelli argillosi-sabbiosi.","2a","0","Troncone","24.000",528482.154,4566312.979,563
"1309","P3","65.35","Argilla marnosa grigio-azzurra. Calcarenite stratificata, spesso intensamente fratturata. Talora livelli argillosi-sabbiosi.","2a","0","Troncone","24.000",528482.154,4566312.979,563
"1310","P3","65.4","Argilla marnosa grigio-azzurra. Calcarenite stratificata, spesso intensamente fratturata. Talora livelli argillosi-sabbiosi.","2a","0","Troncone","24.000",528482.154,4566312.979,563
"1311","P3","65.45","Argilla marnosa grigio-azzurra. Calcarenite stratificata, spesso intensamente fratturata. Talora livelli argillosi-sabbiosi.","2a","0","Troncone","24.000",528482.154,4566312.979,563
"1312","P3","65.5","Argilla marnosa grigio-azzurra. Calcarenite stratificata, spesso intensamente fratturata. Talora livelli argillosi-sabbiosi.","2a","0","Troncone","24.000",528482.154,4566312.979,563
"1313","P3","65.55","Argilla marnosa grigio-azzurra. Calcarenite stratificata, spesso intensamente fratturata. Talora livelli argillosi-sabbiosi.","2a","0","Troncone","24.000",528482.154,4566312.979,563
"1314","P3","65.6","Argilla marnosa grigio-azzurra. Calcarenite stratificata, spesso intensamente fratturata. Talora livelli argillosi-sabbiosi.","2a","0","Troncone","24.000",528482.154,4566312.979,563
"1315","P3","65.65","Argilla marnosa grigio-azzurra. Calcarenite stratificata, spesso intensamente fratturata. Talora livelli argillosi-sabbiosi.","2a","0","Troncone","24.000",528482.154,4566312.979,563
"1316","P3","65.7","Argilla marnosa grigio-azzurra. Calcarenite stratificata, spesso intensamente fratturata. Talora livelli argillosi-sabbiosi.","2a","0","Troncone","24.000",528482.154,4566312.979,563
"1317","P3","65.75","Argilla marnosa grigio-azzurra. Calcarenite stratificata, spesso intensamente fratturata. Talora livelli argillosi-sabbiosi.","2a","0","Troncone","24.000",528482.154,4566312.979,563
"1318","P3","65.8","Argilla marnosa grigio-azzurra. Calcarenite stratificata, spesso intensamente fratturata. Talora livelli argillosi-sabbiosi.","2a","0","Troncone","24.000",528482.154,4566312.979,563
"1319","P3","65.85","Argilla marnosa grigio-azzurra. Calcarenite stratificata, spesso intensamente fratturata. Talora livelli argillosi-sabbiosi.","2a","0","Troncone","24.000",528482.154,4566312.979,563
"1320","P3","65.9","Argilla marnosa grigio-azzurra. Calcarenite stratificata, spesso intensamente fratturata. Talora livelli argillosi-sabbiosi.","2a","0","Troncone","24.000",528482.154,4566312.979,563
"1321","P3","65.95","Argilla marnosa grigio-azzurra. Calcarenite stratificata, spesso intensamente fratturata. Talora livelli argillosi-sabbiosi.","2a","0","Troncone","24.000",528482.154,4566312.979,563
"1322","P3","66","Argilla marnosa grigio-azzurra. Calcarenite stratificata, spesso intensamente fratturata. Talora livelli argillosi-sabbiosi.","2a","0","Troncone","24.000",528482.154,4566312.979,563
"1323","P3","66.05","Argilla marnosa grigio-azzurra. Calcarenite stratificata, spesso intensamente fratturata. Talora livelli argillosi-sabbiosi.","2a","0","Troncone","24.000",528482.154,4566312.979,563
"1324","P3","66.1","Argilla marnosa grigio-azzurra. Calcarenite stratificata, spesso intensamente fratturata. Talora livelli argillosi-sabbiosi.","2a","0","Troncone","24.000",528482.154,4566312.979,563
"1325","P3","66.15","Argilla marnosa grigio-azzurra. Calcarenite stratificata, spesso intensamente fratturata. Talora livelli argillosi-sabbiosi.","2a","0","Troncone","24.000",528482.154,4566312.979,563
"1326","P3","66.2","Argilla marnosa grigio-azzurra. Calcarenite stratificata, spesso intensamente fratturata. Talora livelli argillosi-sabbiosi.","2a","0","Troncone","24.000",528482.154,4566312.979,563
"1327","P3","66.25","Argilla marnosa grigio-azzurra. Calcarenite stratificata, spesso intensamente fratturata. Talora livelli argillosi-sabbiosi.","2a","0","Troncone","24.000",528482.154,4566312.979,563
"1328","P3","66.3","Argilla marnosa grigio-azzurra. Calcarenite stratificata, spesso intensamente fratturata. Talora livelli argillosi-sabbiosi.","2a","0","Troncone","24.000",528482.154,4566312.979,563
"1329","P3","66.35","Argilla marnosa grigio-azzurra. Calcarenite stratificata, spesso intensamente fratturata. Talora livelli argillosi-sabbiosi.","2a","0","Troncone","24.000",528482.154,4566312.979,563
"1330","P3","66.4","Argilla marnosa grigio-azzurra. Calcarenite stratificata, spesso intensamente fratturata. Talora livelli argillosi-sabbiosi.","2a","0","Troncone","24.000",528482.154,4566312.979,563
"1331","P3","66.45","Argilla marnosa grigio-azzurra. Calcarenite stratificata, spesso intensamente fratturata. Talora livelli argillosi-sabbiosi.","2a","0","Troncone","24.000",528482.154,4566312.979,563
"1332","P3","66.5","Argilla marnosa grigio-azzurra. Calcarenite stratificata, spesso intensamente fratturata. Talora livelli argillosi-sabbiosi.","2a","0","Troncone","24.000",528482.154,4566312.979,563
"1333","P3","66.55","Argilla marnosa grigio-azzurra. Calcarenite stratificata, spesso intensamente fratturata. Talora livelli argillosi-sabbiosi.","2a","0","Troncone","24.000",528482.154,4566312.979,563
"1334","P3","66.6","Argilla marnosa grigio-azzurra. Calcarenite stratificata, spesso intensamente fratturata. Talora livelli argillosi-sabbiosi.","2a","0","Troncone","24.000",528482.154,4566312.979,563
"1335","P3","66.65","Argilla marnosa grigio-azzurra. Calcarenite stratificata, spesso intensamente fratturata. Talora livelli argillosi-sabbiosi.","2a","0","Troncone","24.000",528482.154,4566312.979,563
"1336","P3","66.7","Argilla marnosa grigio-azzurra. Calcarenite stratificata, spesso intensamente fratturata. Talora livelli argillosi-sabbiosi.","2a","0","Troncone","24.000",528482.154,4566312.979,563
"1337","P3","66.75","Argilla marnosa grigio-azzurra. Calcarenite stratificata, spesso intensamente fratturata. Talora livelli argillosi-sabbiosi.","2a","0","Troncone","24.000",528482.154,4566312.979,563
"1338","P3","66.8","Argilla marnosa grigio-azzurra. Calcarenite stratificata, spesso intensamente fratturata. Talora livelli argillosi-sabbiosi.","2a","0","Troncone","24.000",528482.154,4566312.979,563
"1339","P3","66.85","Argilla marnosa grigio-azzurra. Calcarenite stratificata, spesso intensamente fratturata. Talora livelli argillosi-sabbiosi.","2a","0","Troncone","24.000",528482.154,4566312.979,563
"1340","P3","66.9","Argilla marnosa grigio-azzurra. Calcarenite stratificata, spesso intensamente fratturata. Talora livelli argillosi-sabbiosi.","2a","0","Troncone","24.000",528482.154,4566312.979,563
"1341","P3","66.95","Argilla marnosa grigio-azzurra. Calcarenite stratificata, spesso intensamente fratturata. Talora livelli argillosi-sabbiosi.","2a","0","Troncone","24.000",528482.154,4566312.979,563
"1342","P3","67","Argilla marnosa grigio-azzurra. Calcarenite stratificata, spesso intensamente fratturata. Talora livelli argillosi-sabbiosi.","2a","0","Troncone","24.000",528482.154,4566312.979,563
"1343","P3","67.05","Argilla marnosa grigio-azzurra. Calcarenite stratificata, spesso intensamente fratturata. Talora livelli argillosi-sabbiosi.","2a","0","Troncone","24.000",528482.154,4566312.979,563
"1344","P3","67.1","Argilla marnosa grigio-azzurra. Calcarenite stratificata, spesso intensamente fratturata. Talora livelli argillosi-sabbiosi.","2a","0","Troncone","24.000",528482.154,4566312.979,563
"1345","P3","67.15","Argilla marnosa grigio-azzurra. Calcarenite stratificata, spesso intensamente fratturata. Talora livelli argillosi-sabbiosi.","2a","0","Troncone","24.000",528482.154,4566312.979,563
"1346","P3","67.2","Argilla marnosa grigio-azzurra. Calcarenite stratificata, spesso intensamente fratturata. Talora livelli argillosi-sabbiosi.","2a","0","Troncone","24.000",528482.154,4566312.979,563
"1347","P3","67.25","Argilla marnosa grigio-azzurra. Calcarenite stratificata, spesso intensamente fratturata. Talora livelli argillosi-sabbiosi.","2a","0","Troncone","24.000",528482.154,4566312.979,563
"1348","P3","67.3","Argilla marnosa grigio-azzurra. Calcarenite stratificata, spesso intensamente fratturata. Talora livelli argillosi-sabbiosi.","2a","0","Troncone","24.000",528482.154,4566312.979,563
"1349","P3","67.35","Argilla marnosa grigio-azzurra. Calcarenite stratificata, spesso intensamente fratturata. Talora livelli argillosi-sabbiosi.","2a","0","Troncone","24.000",528482.154,4566312.979,563
"1350","P3","67.4","Argilla marnosa grigio-azzurra. Calcarenite stratificata, spesso intensamente fratturata. Talora livelli argillosi-sabbiosi.","2a","0","Troncone","24.000",528482.154,4566312.979,563
"1351","P3","67.45","Argilla marnosa grigio-azzurra. Calcarenite stratificata, spesso intensamente fratturata. Talora livelli argillosi-sabbiosi.","2a","0","Troncone","24.000",528482.154,4566312.979,563
"1352","P3","67.5","Argilla marnosa grigio-azzurra. Calcarenite stratificata, spesso intensamente fratturata. Talora livelli argillosi-sabbiosi.","2a","0","Troncone","24.000",528482.154,4566312.979,563
"1353","P3","67.55","Argilla marnosa grigio-azzurra. Calcarenite stratificata, spesso intensamente fratturata. Talora livelli argillosi-sabbiosi.","2a","0","Troncone","24.000",528482.154,4566312.979,563
"1354","P3","67.6","Argilla marnosa grigio-azzurra. Calcarenite stratificata, spesso intensamente fratturata. Talora livelli argillosi-sabbiosi.","2a","0","Troncone","24.000",528482.154,4566312.979,563
"1355","P3","67.65","Argilla marnosa grigio-azzurra. Calcarenite stratificata, spesso intensamente fratturata. Talora livelli argillosi-sabbiosi.","2a","0","Troncone","24.000",528482.154,4566312.979,563
"1356","P3","67.7","Argilla marnosa grigio-azzurra. Calcarenite stratificata, spesso intensamente fratturata. Talora livelli argillosi-sabbiosi.","2a","0","Troncone","24.000",528482.154,4566312.979,563
"1357","P3","67.75","Argilla marnosa grigio-azzurra. Calcarenite stratificata, spesso intensamente fratturata. Talora livelli argillosi-sabbiosi.","2a","0","Troncone","24.000",528482.154,4566312.979,563
"1358","P3","67.8","Argilla marnosa grigio-azzurra. Calcarenite stratificata, spesso intensamente fratturata. Talora livelli argillosi-sabbiosi.","2a","0","Troncone","24.000",528482.154,4566312.979,563
"1359","P3","67.85","Argilla marnosa grigio-azzurra. Calcarenite stratificata, spesso intensamente fratturata. Talora livelli argillosi-sabbiosi.","2a","0","Troncone","24.000",528482.154,4566312.979,563
"1360","P3","67.9","Argilla marnosa grigio-azzurra. Calcarenite stratificata, spesso intensamente fratturata. Talora livelli argillosi-sabbiosi.","2a","0","Troncone","24.000",528482.154,4566312.979,563
"1361","P3","67.95","Argilla marnosa grigio-azzurra. Calcarenite stratificata, spesso intensamente fratturata. Talora livelli argillosi-sabbiosi.","2a","0","Troncone","24.000",528482.154,4566312.979,563
"1362","P3","68","Argilla marnosa grigio-azzurra. Calcarenite stratificata, spesso intensamente fratturata. Talora livelli argillosi-sabbiosi.","2a","0","Troncone","24.000",528482.154,4566312.979,563
"1363","P3","68.05","Argilla marnosa grigio-azzurra. Calcarenite stratificata, spesso intensamente fratturata. Talora livelli argillosi-sabbiosi.","2a","0","Troncone","24.000",528482.154,4566312.979,563
"1364","P3","68.1","Argilla marnosa grigio-azzurra. Calcarenite stratificata, spesso intensamente fratturata. Talora livelli argillosi-sabbiosi.","2a","0","Troncone","24.000",528482.154,4566312.979,563
"1365","P3","68.15","Argilla marnosa grigio-azzurra. Calcarenite stratificata, spesso intensamente fratturata. Talora livelli argillosi-sabbiosi.","2a","0","Troncone","24.000",528482.154,4566312.979,563
"1366","P3","68.2","Argilla marnosa grigio-azzurra. Calcarenite stratificata, spesso intensamente fratturata. Talora livelli argillosi-sabbiosi.","2a","0","Troncone","24.000",528482.154,4566312.979,563
"1367","P3","68.25","Argilla marnosa grigio-azzurra. Calcarenite stratificata, spesso intensamente fratturata. Talora livelli argillosi-sabbiosi.","2a","0","Troncone","24.000",528482.154,4566312.979,563
"1368","P3","68.3","Argilla marnosa grigio-azzurra. Calcarenite stratificata, spesso intensamente fratturata. Talora livelli argillosi-sabbiosi.","2a","0","Troncone","24.000",528482.154,4566312.979,563
"1369","P3","68.35","Argilla marnosa grigio-azzurra. Calcarenite stratificata, spesso intensamente fratturata. Talora livelli argillosi-sabbiosi.","2a","0","Troncone","24.000",528482.154,4566312.979,563
"1370","P3","68.4","Argilla marnosa grigio-azzurra. Calcarenite stratificata, spesso intensamente fratturata. Talora livelli argillosi-sabbiosi.","2a","0","Troncone","24.000",528482.154,4566312.979,563
"1371","P3","68.45","Argilla marnosa grigio-azzurra. Calcarenite stratificata, spesso intensamente fratturata. Talora livelli argillosi-sabbiosi.","2a","0","Troncone","24.000",528482.154,4566312.979,563
"1372","P3","68.5","Argilla marnosa grigio-azzurra. Calcarenite stratificata, spesso intensamente fratturata. Talora livelli argillosi-sabbiosi.","2a","0","Troncone","24.000",528482.154,4566312.979,563
"1373","P3","68.55","Argilla marnosa grigio-azzurra. Calcarenite stratificata, spesso intensamente fratturata. Talora livelli argillosi-sabbiosi.","2a","0","Troncone","24.000",528482.154,4566312.979,563
"1374","P3","68.6","Argilla marnosa grigio-azzurra. Calcarenite stratificata, spesso intensamente fratturata. Talora livelli argillosi-sabbiosi.","2a","0","Troncone","24.000",528482.154,4566312.979,563
"1375","P3","68.65","Argilla marnosa grigio-azzurra. Calcarenite stratificata, spesso intensamente fratturata. Talora livelli argillosi-sabbiosi.","2a","0","Troncone","24.000",528482.154,4566312.979,563
"1376","P3","68.7","Argilla marnosa grigio-azzurra. Calcarenite stratificata, spesso intensamente fratturata. Talora livelli argillosi-sabbiosi.","2a","0","Troncone","24.000",528482.154,4566312.979,563
"1377","P3","68.75","Argilla marnosa grigio-azzurra. Calcarenite stratificata, spesso intensamente fratturata. Talora livelli argillosi-sabbiosi.","2a","0","Troncone","24.000",528482.154,4566312.979,563
"1378","P3","68.8","Argilla marnosa grigio-azzurra. Calcarenite stratificata, spesso intensamente fratturata. Talora livelli argillosi-sabbiosi.","2a","0","Troncone","24.000",528482.154,4566312.979,563
"1379","P3","68.85","Argilla marnosa grigio-azzurra. Calcarenite stratificata, spesso intensamente fratturata. Talora livelli argillosi-sabbiosi.","2a","0","Troncone","24.000",528482.154,4566312.979,563
"1380","P3","68.9","Argilla marnosa grigio-azzurra. Calcarenite stratificata, spesso intensamente fratturata. Talora livelli argillosi-sabbiosi.","2a","0","Troncone","24.000",528482.154,4566312.979,563
"1381","P3","68.95","Argilla marnosa grigio-azzurra. Calcarenite stratificata, spesso intensamente fratturata. Talora livelli argillosi-sabbiosi.","2a","0","Troncone","24.000",528482.154,4566312.979,563
"1382","P3","69","Argilla marnosa grigio-azzurra. Calcarenite stratificata, spesso intensamente fratturata. Talora livelli argillosi-sabbiosi.","2a","0","Troncone","24.000",528482.154,4566312.979,563
"1383","P3","69.05","Argilla marnosa grigio-azzurra. Calcarenite stratificata, spesso intensamente fratturata. Talora livelli argillosi-sabbiosi.","2a","0","Troncone","24.000",528482.154,4566312.979,563
"1384","P3","69.1","Argilla marnosa grigio-azzurra. Calcarenite stratificata, spesso intensamente fratturata. Talora livelli argillosi-sabbiosi.","2a","0","Troncone","24.000",528482.154,4566312.979,563
"1385","P3","69.15","Argilla marnosa grigio-azzurra. Calcarenite stratificata, spesso intensamente fratturata. Talora livelli argillosi-sabbiosi.","2a","0","Troncone","24.000",528482.154,4566312.979,563
"1386","P3","69.2","Argilla marnosa grigio-azzurra. Calcarenite stratificata, spesso intensamente fratturata. Talora livelli argillosi-sabbiosi.","2a","0","Troncone","24.000",528482.154,4566312.979,563
"1387","P3","69.25","Argilla marnosa grigio-azzurra. Calcarenite stratificata, spesso intensamente fratturata. Talora livelli argillosi-sabbiosi.","2a","0","Troncone","24.000",528482.154,4566312.979,563
"1388","P3","69.3","Argilla marnosa grigio-azzurra. Calcarenite stratificata, spesso intensamente fratturata. Talora livelli argillosi-sabbiosi.","2a","0","Troncone","24.000",528482.154,4566312.979,563
"1389","P3","69.35","Argilla marnosa grigio-azzurra. Calcarenite stratificata, spesso intensamente fratturata. Talora livelli argillosi-sabbiosi.","2a","0","Troncone","24.000",528482.154,4566312.979,563
"1390","P3","69.4","Argilla marnosa grigio-azzurra. Calcarenite stratificata, spesso intensamente fratturata. Talora livelli argillosi-sabbiosi.","2a","0","Troncone","24.000",528482.154,4566312.979,563
"1391","P3","69.45","Argilla marnosa grigio-azzurra. Calcarenite stratificata, spesso intensamente fratturata. Talora livelli argillosi-sabbiosi.","2a","0","Troncone","24.000",528482.154,4566312.979,563
"1392","P3","69.5","Argilla marnosa grigio-azzurra. Calcarenite stratificata, spesso intensamente fratturata. Talora livelli argillosi-sabbiosi.","2a","0","Troncone","24.000",528482.154,4566312.979,563
"1393","P3","69.55","Argilla marnosa grigio-azzurra. Calcarenite stratificata, spesso intensamente fratturata. Talora livelli argillosi-sabbiosi.","2a","0","Troncone","24.000",528482.154,4566312.979,563
"1394","P3","69.6","Argilla marnosa grigio-azzurra. Calcarenite stratificata, spesso intensamente fratturata. Talora livelli argillosi-sabbiosi.","2a","0","Troncone","24.000",528482.154,4566312.979,563
"1395","P3","69.65","Argilla marnosa grigio-azzurra. Calcarenite stratificata, spesso intensamente fratturata. Talora livelli argillosi-sabbiosi.","2a","0","Troncone","24.000",528482.154,4566312.979,563
"1396","P3","69.7","Argilla marnosa grigio-azzurra. Calcarenite stratificata, spesso intensamente fratturata. Talora livelli argillosi-sabbiosi.","2a","0","Troncone","24.000",528482.154,4566312.979,563
"1397","P3","69.75","Argilla marnosa grigio-azzurra. Calcarenite stratificata, spesso intensamente fratturata. Talora livelli argillosi-sabbiosi.","2a","0","Troncone","24.000",528482.154,4566312.979,563
"1398","P3","69.8","Argilla marnosa grigio-azzurra. Calcarenite stratificata, spesso intensamente fratturata. Talora livelli argillosi-sabbiosi.","2a","0","Troncone","24.000",528482.154,4566312.979,563
"1399","P3","69.85","Argilla marnosa grigio-azzurra. Calcarenite stratificata, spesso intensamente fratturata. Talora livelli argillosi-sabbiosi.","2a","0","Troncone","24.000",528482.154,4566312.979,563
"1400","P3","69.9","Argilla marnosa grigio-azzurra. Calcarenite stratificata, spesso intensamente fratturata. Talora livelli argillosi-sabbiosi.","2a","0","Troncone","24.000",528482.154,4566312.979,563
"1401","P3","69.95","Argilla marnosa grigio-azzurra. Calcarenite stratificata, spesso intensamente fratturata. Talora livelli argillosi-sabbiosi.","2a","0","Troncone","24.000",528482.154,4566312.979,563
"1402","P3","70","Argilla marnosa grigio-azzurra. Calcarenite stratificata, spesso intensamente fratturata. Talora livelli argillosi-sabbiosi.","2a","0","Troncone","24.000",528482.154,4566312.979,563
"1403","P3","70.05","Argilla marnosa grigio-azzurra. Calcarenite stratificata, spesso intensamente fratturata. Talora livelli argillosi-sabbiosi.","2a","0","Troncone","24.000",528482.154,4566312.979,563
"1404","P3","70.1","Argilla marnosa grigio-azzurra. Calcarenite stratificata, spesso intensamente fratturata. Talora livelli argillosi-sabbiosi.","2a","0","Troncone","24.000",528482.154,4566312.979,563
"1405","P3","70.15","Argilla marnosa grigio-azzurra. Calcarenite stratificata, spesso intensamente fratturata. Talora livelli argillosi-sabbiosi.","2a","0","Troncone","24.000",528482.154,4566312.979,563
"1406","P3","70.2","Argilla marnosa grigio-azzurra. Calcarenite stratificata, spesso intensamente fratturata. Talora livelli argillosi-sabbiosi.","2a","0","Troncone","24.000",528482.154,4566312.979,563
"1407","P3","70.25","Argilla marnosa grigio-azzurra. Calcarenite stratificata, spesso intensamente fratturata. Talora livelli argillosi-sabbiosi.","2a","0","Troncone","24.000",528482.154,4566312.979,563
"1408","P3","70.3","Argilla marnosa grigio-azzurra. Calcarenite stratificata, spesso intensamente fratturata. Talora livelli argillosi-sabbiosi.","2a","0","Troncone","24.000",528482.154,4566312.979,563
"1409","P3","70.35","Argilla marnosa grigio-azzurra. Calcarenite stratificata, spesso intensamente fratturata. Talora livelli argillosi-sabbiosi.","2a","0","Troncone","24.000",528482.154,4566312.979,563
"1410","P3","70.4","Argilla marnosa grigio-azzurra. Calcarenite stratificata, spesso intensamente fratturata. Talora livelli argillosi-sabbiosi.","2a","0","Troncone","24.000",528482.154,4566312.979,563
"1411","P3","70.45","Argilla marnosa grigio-azzurra. Calcarenite stratificata, spesso intensamente fratturata. Talora livelli argillosi-sabbiosi.","2a","0","Troncone","24.000",528482.154,4566312.979,563
"1412","P3","70.5","Argilla marnosa grigio-azzurra. Calcarenite stratificata, spesso intensamente fratturata. Talora livelli argillosi-sabbiosi.","2a","0","Troncone","24.000",528482.154,4566312.979,563
"1413","P3","70.55","Argilla marnosa grigio-azzurra. Calcarenite stratificata, spesso intensamente fratturata. Talora livelli argillosi-sabbiosi.","2a","0","Troncone","24.000",528482.154,4566312.979,563
"1414","P3","70.6","Argilla marnosa grigio-azzurra. Calcarenite stratificata, spesso intensamente fratturata. Talora livelli argillosi-sabbiosi.","2a","0","Troncone","24.000",528482.154,4566312.979,563
"1415","P3","70.65","Argilla marnosa grigio-azzurra. Calcarenite stratificata, spesso intensamente fratturata. Talora livelli argillosi-sabbiosi.","2a","0","Troncone","24.000",528482.154,4566312.979,563
"1416","P3","70.7","Argilla marnosa grigio-azzurra. Calcarenite stratificata, spesso intensamente fratturata. Talora livelli argillosi-sabbiosi.","2a","0","Troncone","24.000",528482.154,4566312.979,563
"1417","P3","70.75","Argilla marnosa grigio-azzurra. Calcarenite stratificata, spesso intensamente fratturata. Talora livelli argillosi-sabbiosi.","2a","0","Troncone","24.000",528482.154,4566312.979,563
"1418","P3","70.8","Argilla marnosa grigio-azzurra. Calcarenite stratificata, spesso intensamente fratturata. Talora livelli argillosi-sabbiosi.","2a","0","Troncone","24.000",528482.154,4566312.979,563
"1419","P3","70.85","Argilla marnosa grigio-azzurra. Calcarenite stratificata, spesso intensamente fratturata. Talora livelli argillosi-sabbiosi.","2a","0","Troncone","24.000",528482.154,4566312.979,563
"1420","P3","70.9","Argilla marnosa grigio-azzurra. Calcarenite stratificata, spesso intensamente fratturata. Talora livelli argillosi-sabbiosi.","2a","0","Troncone","24.000",528482.154,4566312.979,563
"1421","P3","70.95","Argilla marnosa grigio-azzurra. Calcarenite stratificata, spesso intensamente fratturata. Talora livelli argillosi-sabbiosi.","2a","0","Troncone","24.000",528482.154,4566312.979,563
"1422","P3","71","Argilla marnosa grigio-azzurra. Calcarenite stratificata, spesso intensamente fratturata. Talora livelli argillosi-sabbiosi.","2a","0","Troncone","24.000",528482.154,4566312.979,563
"1423","P3","71.05","Argilla marnosa grigio-azzurra. Calcarenite stratificata, spesso intensamente fratturata. Talora livelli argillosi-sabbiosi.","2a","0","Troncone","24.000",528482.154,4566312.979,563
"1424","P3","71.1","Argilla marnosa grigio-azzurra. Calcarenite stratificata, spesso intensamente fratturata. Talora livelli argillosi-sabbiosi.","2a","0","Troncone","24.000",528482.154,4566312.979,563
"1425","P3","71.15","Argilla marnosa grigio-azzurra. Calcarenite stratificata, spesso intensamente fratturata. Talora livelli argillosi-sabbiosi.","2a","0","Troncone","24.000",528482.154,4566312.979,563
"1426","P3","71.2","Argilla marnosa grigio-azzurra. Calcarenite stratificata, spesso intensamente fratturata. Talora livelli argillosi-sabbiosi.","2a","0","Troncone","24.000",528482.154,4566312.979,563
"1427","P3","71.25","Argilla marnosa grigio-azzurra. Calcarenite stratificata, spesso intensamente fratturata. Talora livelli argillosi-sabbiosi.","2a","0","Troncone","24.000",528482.154,4566312.979,563
"1428","P3","71.3","Argilla marnosa grigio-azzurra. Calcarenite stratificata, spesso intensamente fratturata. Talora livelli argillosi-sabbiosi.","2a","0","Troncone","24.000",528482.154,4566312.979,563
"1429","P3","71.35","Argilla marnosa grigio-azzurra. Calcarenite stratificata, spesso intensamente fratturata. Talora livelli argillosi-sabbiosi.","2a","0","Troncone","24.000",528482.154,4566312.979,563
"1430","P3","71.4","Argilla marnosa grigio-azzurra. Calcarenite stratificata, spesso intensamente fratturata. Talora livelli argillosi-sabbiosi.","2a","0","Troncone","24.000",528482.154,4566312.979,563
"1431","P3","71.45","Argilla marnosa grigio-azzurra. Calcarenite stratificata, spesso intensamente fratturata. Talora livelli argillosi-sabbiosi.","2a","0","Troncone","24.000",528482.154,4566312.979,563
"1432","P3","71.5","Argilla marnosa grigio-azzurra. Calcarenite stratificata, spesso intensamente fratturata. Talora livelli argillosi-sabbiosi.","2a","0","Troncone","24.000",528482.154,4566312.979,563
"1433","P3","71.55","Argilla marnosa grigio-azzurra. Calcarenite stratificata, spesso intensamente fratturata. Talora livelli argillosi-sabbiosi.","2a","0","Troncone","24.000",528482.154,4566312.979,563
"1434","P3","71.6","Argilla marnosa grigio-azzurra. Calcarenite stratificata, spesso intensamente fratturata. Talora livelli argillosi-sabbiosi.","2a","0","Troncone","24.000",528482.154,4566312.979,563
"1435","P3","71.65","Argilla marnosa grigio-azzurra. Calcarenite stratificata, spesso intensamente fratturata. Talora livelli argillosi-sabbiosi.","2a","0","Troncone","24.000",528482.154,4566312.979,563
"1436","P3","71.7","Argilla marnosa grigio-azzurra. Calcarenite stratificata, spesso intensamente fratturata. Talora livelli argillosi-sabbiosi.","2a","0","Troncone","24.000",528482.154,4566312.979,563
"1437","P3","71.75","Argilla marnosa grigio-azzurra. Calcarenite stratificata, spesso intensamente fratturata. Talora livelli argillosi-sabbiosi.","2a","0","Troncone","24.000",528482.154,4566312.979,563
"1438","P3","71.8","Argilla marnosa grigio-azzurra. Calcarenite stratificata, spesso intensamente fratturata. Talora livelli argillosi-sabbiosi.","2a","0","Troncone","24.000",528482.154,4566312.979,563
"1439","P3","71.85","Argilla marnosa grigio-azzurra. Calcarenite stratificata, spesso intensamente fratturata. Talora livelli argillosi-sabbiosi.","2a","0","Troncone","24.000",528482.154,4566312.979,563
"1440","P3","71.9","Argilla marnosa grigio-azzurra. Calcarenite stratificata, spesso intensamente fratturata. Talora livelli argillosi-sabbiosi.","2a","0","Troncone","24.000",528482.154,4566312.979,563
"1441","P3","71.95","Argilla marnosa grigio-azzurra. Calcarenite stratificata, spesso intensamente fratturata. Talora livelli argillosi-sabbiosi.","2a","0","Troncone","24.000",528482.154,4566312.979,563
"1442","P3","72","Argilla marnosa grigio-azzurra. Calcarenite stratificata, spesso intensamente fratturata. Talora livelli argillosi-sabbiosi.","2a","0","Troncone","24.000",528482.154,4566312.979,563
"1443","P3","72.05","Argilla marnosa grigio-azzurra. Calcarenite stratificata, spesso intensamente fratturata. Talora livelli argillosi-sabbiosi.","2a","0","Troncone","24.000",528482.154,4566312.979,563
"1444","P3","72.1","Argilla marnosa grigio-azzurra. Calcarenite stratificata, spesso intensamente fratturata. Talora livelli argillosi-sabbiosi.","2a","0","Troncone","24.000",528482.154,4566312.979,563
"1445","P3","72.15","Argilla marnosa grigio-azzurra. Calcarenite stratificata, spesso intensamente fratturata. Talora livelli argillosi-sabbiosi.","2a","0","Troncone","24.000",528482.154,4566312.979,563
"1446","P3","72.2","Argilla marnosa grigio-azzurra. Calcarenite stratificata, spesso intensamente fratturata. Talora livelli argillosi-sabbiosi.","2a","0","Troncone","24.000",528482.154,4566312.979,563
"1447","P3","72.25","Argilla marnosa grigio-azzurra. Calcarenite stratificata, spesso intensamente fratturata. Talora livelli argillosi-sabbiosi.","2a","0","Troncone","24.000",528482.154,4566312.979,563
"1448","P3","72.3","Argilla marnosa grigio-azzurra. Calcarenite stratificata, spesso intensamente fratturata. Talora livelli argillosi-sabbiosi.","2a","0","Troncone","24.000",528482.154,4566312.979,563
"1449","P3","72.35","Argilla marnosa grigio-azzurra. Calcarenite stratificata, spesso intensamente fratturata. Talora livelli argillosi-sabbiosi.","2a","0","Troncone","24.000",528482.154,4566312.979,563
"1450","P3","72.4","Argilla marnosa grigio-azzurra. Calcarenite stratificata, spesso intensamente fratturata. Talora livelli argillosi-sabbiosi.","2a","0","Troncone","24.000",528482.154,4566312.979,563
"1451","P3","72.45","Argilla marnosa grigio-azzurra. Calcarenite stratificata, spesso intensamente fratturata. Talora livelli argillosi-sabbiosi.","2a","0","Troncone","24.000",528482.154,4566312.979,563
"1452","P3","72.5","Argilla marnosa grigio-azzurra. Calcarenite stratificata, spesso intensamente fratturata. Talora livelli argillosi-sabbiosi.","2a","0","Troncone","24.000",528482.154,4566312.979,563
"1453","P3","72.55","Argilla marnosa grigio-azzurra. Calcarenite stratificata, spesso intensamente fratturata. Talora livelli argillosi-sabbiosi.","2a","0","Troncone","24.000",528482.154,4566312.979,563
"1454","P3","72.6","Argilla marnosa grigio-azzurra. Calcarenite stratificata, spesso intensamente fratturata. Talora livelli argillosi-sabbiosi.","2a","0","Troncone","24.000",528482.154,4566312.979,563
"1455","P3","72.65","Argilla marnosa grigio-azzurra. Calcarenite stratificata, spesso intensamente fratturata. Talora livelli argillosi-sabbiosi.","2a","0","Troncone","24.000",528482.154,4566312.979,563
"1456","P3","72.7","Argilla marnosa grigio-azzurra. Calcarenite stratificata, spesso intensamente fratturata. Talora livelli argillosi-sabbiosi.","2a","0","Troncone","24.000",528482.154,4566312.979,563
"1457","P3","72.75","Argilla marnosa grigio-azzurra. Calcarenite stratificata, spesso intensamente fratturata. Talora livelli argillosi-sabbiosi.","2a","0","Troncone","24.000",528482.154,4566312.979,563
"1458","P3","72.8","Argilla marnosa grigio-azzurra. Calcarenite stratificata, spesso intensamente fratturata. Talora livelli argillosi-sabbiosi.","2a","0","Troncone","24.000",528482.154,4566312.979,563
"1459","P3","72.85","Argilla marnosa grigio-azzurra. Calcarenite stratificata, spesso intensamente fratturata. Talora livelli argillosi-sabbiosi.","2a","0","Troncone","24.000",528482.154,4566312.979,563
"1460","P3","72.9","Argilla marnosa grigio-azzurra. Calcarenite stratificata, spesso intensamente fratturata. Talora livelli argillosi-sabbiosi.","2a","0","Troncone","24.000",528482.154,4566312.979,563
"1461","P3","72.95","Argilla marnosa grigio-azzurra. Calcarenite stratificata, spesso intensamente fratturata. Talora livelli argillosi-sabbiosi.","2a","0","Troncone","24.000",528482.154,4566312.979,563
"1462","P3","73","Argilla marnosa grigio-azzurra. Calcarenite stratificata, spesso intensamente fratturata. Talora livelli argillosi-sabbiosi.","2a","0","Troncone","24.000",528482.154,4566312.979,563
"1463","P3","73.05","Argilla marnosa grigio-azzurra. Calcarenite stratificata, spesso intensamente fratturata. Talora livelli argillosi-sabbiosi.","2a","0","Troncone","24.000",528482.154,4566312.979,563
"1464","P3","73.1","Argilla marnosa grigio-azzurra. Calcarenite stratificata, spesso intensamente fratturata. Talora livelli argillosi-sabbiosi.","2a","0","Troncone","24.000",528482.154,4566312.979,563
"1465","P3","73.15","Argilla marnosa grigio-azzurra. Calcarenite stratificata, spesso intensamente fratturata. Talora livelli argillosi-sabbiosi.","2a","0","Troncone","24.000",528482.154,4566312.979,563
"1466","P3","73.2","Argilla marnosa grigio-azzurra. Calcarenite stratificata, spesso intensamente fratturata. Talora livelli argillosi-sabbiosi.","2a","0","Troncone","24.000",528482.154,4566312.979,563
"1467","P3","73.25","Argilla marnosa grigio-azzurra. Calcarenite stratificata, spesso intensamente fratturata. Talora livelli argillosi-sabbiosi.","2a","0","Troncone","24.000",528482.154,4566312.979,563
"1468","P3","73.3","Argilla marnosa grigio-azzurra. Calcarenite stratificata, spesso intensamente fratturata. Talora livelli argillosi-sabbiosi.","2a","0","Troncone","24.000",528482.154,4566312.979,563
"1469","P3","73.35","Argilla marnosa grigio-azzurra. Calcarenite stratificata, spesso intensamente fratturata. Talora livelli argillosi-sabbiosi.","2a","0","Troncone","24.000",528482.154,4566312.979,563
"1470","P3","73.4","Argilla marnosa grigio-azzurra. Calcarenite stratificata, spesso intensamente fratturata. Talora livelli argillosi-sabbiosi.","2a","0","Troncone","24.000",528482.154,4566312.979,563
"1471","P3","73.45","Argilla marnosa grigio-azzurra. Calcarenite stratificata, spesso intensamente fratturata. Talora livelli argillosi-sabbiosi.","2a","0","Troncone","24.000",528482.154,4566312.979,563
"1472","P3","73.5","Argilla marnosa grigio-azzurra. Calcarenite stratificata, spesso intensamente fratturata. Talora livelli argillosi-sabbiosi.","2a","0","Troncone","24.000",528482.154,4566312.979,563
"1473","P3","73.55","Argilla marnosa grigio-azzurra. Calcarenite stratificata, spesso intensamente fratturata. Talora livelli argillosi-sabbiosi.","2a","0","Troncone","24.000",528482.154,4566312.979,563
"1474","P3","73.6","Argilla marnosa grigio-azzurra. Calcarenite stratificata, spesso intensamente fratturata. Talora livelli argillosi-sabbiosi.","2a","0","Troncone","24.000",528482.154,4566312.979,563
"1475","P3","73.65","Argilla marnosa grigio-azzurra. Calcarenite stratificata, spesso intensamente fratturata. Talora livelli argillosi-sabbiosi.","2a","0","Troncone","24.000",528482.154,4566312.979,563
"1476","P3","73.7","Argilla marnosa grigio-azzurra. Calcarenite stratificata, spesso intensamente fratturata. Talora livelli argillosi-sabbiosi.","2a","0","Troncone","24.000",528482.154,4566312.979,563
"1477","P3","73.75","Argilla marnosa grigio-azzurra. Calcarenite stratificata, spesso intensamente fratturata. Talora livelli argillosi-sabbiosi.","2a","0","Troncone","24.000",528482.154,4566312.979,563
"1478","P3","73.8","Argilla marnosa grigio-azzurra. Calcarenite stratificata, spesso intensamente fratturata. Talora livelli argillosi-sabbiosi.","2a","0","Troncone","24.000",528482.154,4566312.979,563
"1479","P3","73.85","Argilla marnosa grigio-azzurra. Calcarenite stratificata, spesso intensamente fratturata. Talora livelli argillosi-sabbiosi.","2a","0","Troncone","24.000",528482.154,4566312.979,563
"1480","P3","73.9","Argilla marnosa grigio-azzurra. Calcarenite stratificata, spesso intensamente fratturata. Talora livelli argillosi-sabbiosi.","2a","0","Troncone","24.000",528482.154,4566312.979,563
"1481","P3","73.95","Argilla marnosa grigio-azzurra. Calcarenite stratificata, spesso intensamente fratturata. Talora livelli argillosi-sabbiosi.","2a","0","Troncone","24.000",528482.154,4566312.979,563
"1482","P3","74","Argilla marnosa grigio-azzurra. Calcarenite stratificata, spesso intensamente fratturata. Talora livelli argillosi-sabbiosi.","2a","0","Troncone","24.000",528482.154,4566312.979,563
"1483","P3","74.05","Argilla marnosa grigio-azzurra. Calcarenite stratificata, spesso intensamente fratturata. Talora livelli argillosi-sabbiosi.","2a","0","Troncone","24.000",528482.154,4566312.979,563
"1484","P3","74.1","Argilla marnosa grigio-azzurra. Calcarenite stratificata, spesso intensamente fratturata. Talora livelli argillosi-sabbiosi.","2a","0","Troncone","24.000",528482.154,4566312.979,563
"1485","P3","74.15","Argilla marnosa grigio-azzurra. Calcarenite stratificata, spesso intensamente fratturata. Talora livelli argillosi-sabbiosi.","2a","0","Troncone","24.000",528482.154,4566312.979,563
"1486","P3","74.2","Argilla marnosa grigio-azzurra. Calcarenite stratificata, spesso intensamente fratturata. Talora livelli argillosi-sabbiosi.","2a","0","Troncone","24.000",528482.154,4566312.979,563
"1487","P3","74.25","Argilla marnosa grigio-azzurra. Calcarenite stratificata, spesso intensamente fratturata. Talora livelli argillosi-sabbiosi.","2a","0","Troncone","24.000",528482.154,4566312.979,563
"1488","P3","74.3","Argilla marnosa grigio-azzurra. Calcarenite stratificata, spesso intensamente fratturata. Talora livelli argillosi-sabbiosi.","2a","0","Troncone","24.000",528482.154,4566312.979,563
"1489","P3","74.35","Argilla marnosa grigio-azzurra. Calcarenite stratificata, spesso intensamente fratturata. Talora livelli argillosi-sabbiosi.","2a","0","Troncone","24.000",528482.154,4566312.979,563
"1490","P3","74.4","Argilla marnosa grigio-azzurra. Calcarenite stratificata, spesso intensamente fratturata. Talora livelli argillosi-sabbiosi.","2a","0","Troncone","24.000",528482.154,4566312.979,563
"1491","P3","74.45","Argilla marnosa grigio-azzurra. Calcarenite stratificata, spesso intensamente fratturata. Talora livelli argillosi-sabbiosi.","2a","0","Troncone","24.000",528482.154,4566312.979,563
"1492","P3","74.5","Argilla marnosa grigio-azzurra. Calcarenite stratificata, spesso intensamente fratturata. Talora livelli argillosi-sabbiosi.","2a","0","Troncone","24.000",528482.154,4566312.979,563
"1493","P3","74.55","Argilla marnosa grigio-azzurra. Calcarenite stratificata, spesso intensamente fratturata. Talora livelli argillosi-sabbiosi.","2a","0","Troncone","24.000",528482.154,4566312.979,563
"1494","P3","74.6","Argilla marnosa grigio-azzurra. Calcarenite stratificata, spesso intensamente fratturata. Talora livelli argillosi-sabbiosi.","2a","0","Troncone","24.000",528482.154,4566312.979,563
"1495","P3","74.65","Argilla marnosa grigio-azzurra. Calcarenite stratificata, spesso intensamente fratturata. Talora livelli argillosi-sabbiosi.","2a","0","Troncone","24.000",528482.154,4566312.979,563
"1496","P3","74.7","Argilla marnosa grigio-azzurra. Calcarenite stratificata, spesso intensamente fratturata. Talora livelli argillosi-sabbiosi.","2a","0","Troncone","24.000",528482.154,4566312.979,563
"1497","P3","74.75","Argilla marnosa grigio-azzurra. Calcarenite stratificata, spesso intensamente fratturata. Talora livelli argillosi-sabbiosi.","2a","0","Troncone","24.000",528482.154,4566312.979,563
"1498","P3","74.8","Argilla marnosa grigio-azzurra. Calcarenite stratificata, spesso intensamente fratturata. Talora livelli argillosi-sabbiosi.","2a","0","Troncone","24.000",528482.154,4566312.979,563
"1499","P3","74.85","Argilla marnosa grigio-azzurra. Calcarenite stratificata, spesso intensamente fratturata. Talora livelli argillosi-sabbiosi.","2a","0","Troncone","24.000",528482.154,4566312.979,563
"1500","P3","74.9","Argilla marnosa grigio-azzurra. Calcarenite stratificata, spesso intensamente fratturata. Talora livelli argillosi-sabbiosi.","2a","0","Troncone","24.000",528482.154,4566312.979,563
"1501","P3","74.95","Argilla marnosa grigio-azzurra. Calcarenite stratificata, spesso intensamente fratturata. Talora livelli argillosi-sabbiosi.","2a","0","Troncone","24.000",528482.154,4566312.979,563
"1502","P3","75","Argilla marnosa grigio-azzurra. Calcarenite stratificata, spesso intensamente fratturata. Talora livelli argillosi-sabbiosi.","2a","0","Troncone","24.000",528482.154,4566312.979,563
"1503","P3","75.05","Argilla marnosa grigio-azzurra. Calcarenite stratificata, spesso intensamente fratturata. Talora livelli argillosi-sabbiosi.","2a","0","Troncone","24.000",528482.154,4566312.979,563
"1504","P3","75.1","Argilla marnosa grigio-azzurra. Calcarenite stratificata, spesso intensamente fratturata. Talora livelli argillosi-sabbiosi.","2a","0","Troncone","24.000",528482.154,4566312.979,563
"1505","P3","75.15","Argilla marnosa grigio-azzurra. Calcarenite stratificata, spesso intensamente fratturata. Talora livelli argillosi-sabbiosi.","2a","0","Troncone","24.000",528482.154,4566312.979,563
"1506","P3","75.2","Argilla marnosa grigio-azzurra. Calcarenite stratificata, spesso intensamente fratturata. Talora livelli argillosi-sabbiosi.","2a","0","Troncone","24.000",528482.154,4566312.979,563
"1507","P3","75.25","Argilla marnosa grigio-azzurra. Calcarenite stratificata, spesso intensamente fratturata. Talora livelli argillosi-sabbiosi.","2a","0","Troncone","24.000",528482.154,4566312.979,563
"1508","P3","75.3","Argilla marnosa grigio-azzurra. Calcarenite stratificata, spesso intensamente fratturata. Talora livelli argillosi-sabbiosi.","2a","0","Troncone","24.000",528482.154,4566312.979,563
"1509","P3","75.35","Argilla marnosa grigio-azzurra. Calcarenite stratificata, spesso intensamente fratturata. Talora livelli argillosi-sabbiosi.","2a","0","Troncone","24.000",528482.154,4566312.979,563
"1510","P3","75.4","Argilla marnosa grigio-azzurra. Calcarenite stratificata, spesso intensamente fratturata. Talora livelli argillosi-sabbiosi.","2a","0","Troncone","24.000",528482.154,4566312.979,563
"1511","P3","75.45","Argilla marnosa grigio-azzurra. Calcarenite stratificata, spesso intensamente fratturata. Talora livelli argillosi-sabbiosi.","2a","0","Troncone","24.000",528482.154,4566312.979,563
"1512","P3","75.5","Argilla marnosa grigio-azzurra. Calcarenite stratificata, spesso intensamente fratturata. Talora livelli argillosi-sabbiosi.","2a","0","Troncone","24.000",528482.154,4566312.979,563
"1513","P3","75.55","Argilla marnosa grigio-azzurra. Calcarenite stratificata, spesso intensamente fratturata. Talora livelli argillosi-sabbiosi.","2a","0","Troncone","24.000",528482.154,4566312.979,563
"1514","P3","75.6","Argilla marnosa grigio-azzurra. Calcarenite stratificata, spesso intensamente fratturata. Talora livelli argillosi-sabbiosi.","2a","0","Troncone","24.000",528482.154,4566312.979,563
"1515","P3","75.65","Argilla marnosa grigio-azzurra. Calcarenite stratificata, spesso intensamente fratturata. Talora livelli argillosi-sabbiosi.","2a","0","Troncone","24.000",528482.154,4566312.979,563
"1516","P3","75.7","Argilla marnosa grigio-azzurra. Calcarenite stratificata, spesso intensamente fratturata. Talora livelli argillosi-sabbiosi.","2a","0","Troncone","24.000",528482.154,4566312.979,563
"1517","P3","75.75","Argilla marnosa grigio-azzurra. Calcarenite stratificata, spesso intensamente fratturata. Talora livelli argillosi-sabbiosi.","2a","0","Troncone","24.000",528482.154,4566312.979,563
"1518","P3","75.8","Argilla marnosa grigio-azzurra. Calcarenite stratificata, spesso intensamente fratturata. Talora livelli argillosi-sabbiosi.","2a","0","Troncone","24.000",528482.154,4566312.979,563
"1519","P3","75.85","Argilla marnosa grigio-azzurra. Calcarenite stratificata, spesso intensamente fratturata. Talora livelli argillosi-sabbiosi.","2a","0","Troncone","24.000",528482.154,4566312.979,563
"1520","P3","75.9","Argilla marnosa grigio-azzurra. Calcarenite stratificata, spesso intensamente fratturata. Talora livelli argillosi-sabbiosi.","2a","0","Troncone","24.000",528482.154,4566312.979,563
"1521","P3","75.95","Argilla marnosa grigio-azzurra. Calcarenite stratificata, spesso intensamente fratturata. Talora livelli argillosi-sabbiosi.","2a","0","Troncone","24.000",528482.154,4566312.979,563
"1522","P3","76","Argilla marnosa grigio-azzurra. Calcarenite stratificata, spesso intensamente fratturata. Talora livelli argillosi-sabbiosi.","2a","0","Troncone","24.000",528482.154,4566312.979,563
"1523","P3","76.05","Argilla marnosa grigio-azzurra. Calcarenite stratificata, spesso intensamente fratturata. Talora livelli argillosi-sabbiosi.","2a","0","Troncone","24.000",528482.154,4566312.979,563
"1524","P3","76.1","Argilla marnosa grigio-azzurra. Calcarenite stratificata, spesso intensamente fratturata. Talora livelli argillosi-sabbiosi.","2a","0","Troncone","24.000",528482.154,4566312.979,563
"1525","P3","76.15","Argilla marnosa grigio-azzurra. Calcarenite stratificata, spesso intensamente fratturata. Talora livelli argillosi-sabbiosi.","2a","0","Troncone","24.000",528482.154,4566312.979,563
"1526","P3","76.2","Argilla marnosa grigio-azzurra. Calcarenite stratificata, spesso intensamente fratturata. Talora livelli argillosi-sabbiosi.","2a","0","Troncone","24.000",528482.154,4566312.979,563
"1527","P3","76.25","Argilla marnosa grigio-azzurra. Calcarenite stratificata, spesso intensamente fratturata. Talora livelli argillosi-sabbiosi.","2a","0","Troncone","24.000",528482.154,4566312.979,563
"1528","P3","76.3","Argilla marnosa grigio-azzurra. Calcarenite stratificata, spesso intensamente fratturata. Talora livelli argillosi-sabbiosi.","2a","0","Troncone","24.000",528482.154,4566312.979,563
"1529","P3","76.35","Argilla marnosa grigio-azzurra. Calcarenite stratificata, spesso intensamente fratturata. Talora livelli argillosi-sabbiosi.","2a","0","Troncone","24.000",528482.154,4566312.979,563
"1530","P3","76.4","Argilla marnosa grigio-azzurra. Calcarenite stratificata, spesso intensamente fratturata. Talora livelli argillosi-sabbiosi.","2a","0","Troncone","24.000",528482.154,4566312.979,563
"1531","P3","76.45","Argilla marnosa grigio-azzurra. Calcarenite stratificata, spesso intensamente fratturata. Talora livelli argillosi-sabbiosi.","2a","0","Troncone","24.000",528482.154,4566312.979,563
"1532","P3","76.5","Argilla marnosa grigio-azzurra. Calcarenite stratificata, spesso intensamente fratturata. Talora livelli argillosi-sabbiosi.","2a","0","Troncone","24.000",528482.154,4566312.979,563
"1533","P3","76.55","Argilla marnosa grigio-azzurra. Calcarenite stratificata, spesso intensamente fratturata. Talora livelli argillosi-sabbiosi.","2a","0","Troncone","24.000",528482.154,4566312.979,563
"1534","P3","76.6","Argilla marnosa grigio-azzurra. Calcarenite stratificata, spesso intensamente fratturata. Talora livelli argillosi-sabbiosi.","2a","0","Troncone","24.000",528482.154,4566312.979,563
"1535","P3","76.65","Argilla marnosa grigio-azzurra. Calcarenite stratificata, spesso intensamente fratturata. Talora livelli argillosi-sabbiosi.","2a","0","Troncone","24.000",528482.154,4566312.979,563
"1536","P3","76.7","Argilla marnosa grigio-azzurra. Calcarenite stratificata, spesso intensamente fratturata. Talora livelli argillosi-sabbiosi.","2a","0","Troncone","24.000",528482.154,4566312.979,563
