"","borehole","Depth","Description","Unit","Valid","campaign","DEPTH","x","y","z"
"1","SC2","0","Materiale di riporto.","Riporto","1","PST","50",528498.9823,4566224.631,555
"2","SC2","0.05","Materiale di riporto.","Riporto","1","PST","50",528498.9823,4566224.631,555
"3","SC2","0.1","Materiale di riporto.","Riporto","1","PST","50",528498.9823,4566224.631,555
"4","SC2","0.15","Materiale di riporto.","Riporto","1","PST","50",528498.9823,4566224.631,555
"5","SC2","0.2","Materiale di riporto.","Riporto","1","PST","50",528498.9823,4566224.631,555
"6","SC2","0.25","Materiale di riporto.","Riporto","1","PST","50",528498.9823,4566224.631,555
"7","SC2","0.3","Materiale di riporto.","Riporto","1","PST","50",528498.9823,4566224.631,555
"8","SC2","0.35","Argilla grigio-verde chiaro, con chiazze carbonatiche (effervescenza all'HCl diluito al 2%) pulverulente biancastre e tracce di alterazione giallo-rossastre. Ghiaia fina carbonatica biancastra e rari frustoli carboniosi. Consistente e asciutta.","4","1","PST","50",528498.9823,4566224.631,555
"9","SC2","0.4","Argilla grigio-verde chiaro, con chiazze carbonatiche (effervescenza all'HCl diluito al 2%) pulverulente biancastre e tracce di alterazione giallo-rossastre. Ghiaia fina carbonatica biancastra e rari frustoli carboniosi. Consistente e asciutta.","4","1","PST","50",528498.9823,4566224.631,555
"10","SC2","0.45","Argilla grigio-verde chiaro, con chiazze carbonatiche (effervescenza all'HCl diluito al 2%) pulverulente biancastre e tracce di alterazione giallo-rossastre. Ghiaia fina carbonatica biancastra e rari frustoli carboniosi. Consistente e asciutta.","4","1","PST","50",528498.9823,4566224.631,555
"11","SC2","0.5","Argilla grigio-verde chiaro, con chiazze carbonatiche (effervescenza all'HCl diluito al 2%) pulverulente biancastre e tracce di alterazione giallo-rossastre. Ghiaia fina carbonatica biancastra e rari frustoli carboniosi. Consistente e asciutta.","4","1","PST","50",528498.9823,4566224.631,555
"12","SC2","0.55","Argilla grigio-verde chiaro, con chiazze carbonatiche (effervescenza all'HCl diluito al 2%) pulverulente biancastre e tracce di alterazione giallo-rossastre. Ghiaia fina carbonatica biancastra e rari frustoli carboniosi. Consistente e asciutta.","4","1","PST","50",528498.9823,4566224.631,555
"13","SC2","0.6","Argilla grigio-verde chiaro, con chiazze carbonatiche (effervescenza all'HCl diluito al 2%) pulverulente biancastre e tracce di alterazione giallo-rossastre. Ghiaia fina carbonatica biancastra e rari frustoli carboniosi. Consistente e asciutta.","4","1","PST","50",528498.9823,4566224.631,555
"14","SC2","0.65","Argilla grigio-verde chiaro, con chiazze carbonatiche (effervescenza all'HCl diluito al 2%) pulverulente biancastre e tracce di alterazione giallo-rossastre. Ghiaia fina carbonatica biancastra e rari frustoli carboniosi. Consistente e asciutta.","4","1","PST","50",528498.9823,4566224.631,555
"15","SC2","0.7","Argilla grigio-verde chiaro, con chiazze carbonatiche (effervescenza all'HCl diluito al 2%) pulverulente biancastre e tracce di alterazione giallo-rossastre. Ghiaia fina carbonatica biancastra e rari frustoli carboniosi. Consistente e asciutta.","4","1","PST","50",528498.9823,4566224.631,555
"16","SC2","0.75","Argilla grigio-verde chiaro, con chiazze carbonatiche (effervescenza all'HCl diluito al 2%) pulverulente biancastre e tracce di alterazione giallo-rossastre. Ghiaia fina carbonatica biancastra e rari frustoli carboniosi. Consistente e asciutta.","4","1","PST","50",528498.9823,4566224.631,555
"17","SC2","0.8","Argilla grigio-verde chiaro, con chiazze carbonatiche (effervescenza all'HCl diluito al 2%) pulverulente biancastre e tracce di alterazione giallo-rossastre. Ghiaia fina carbonatica biancastra e rari frustoli carboniosi. Consistente e asciutta.","4","1","PST","50",528498.9823,4566224.631,555
"18","SC2","0.85","Argilla bruno-nerastra, grigio-verde dove non alterata, con ghiaia carbonatica biancastra eterometrica, di forma globulare, con elementi calcilutitici e calcarenitici. Rare tracce di alterazione giallo-rossastre, rari frustoli carboniosi. Consistente e asciutta. Fra 3.00-4.30 m l'argilla è completamente rimaneggiata.","4","1","PST","50",528498.9823,4566224.631,555
"19","SC2","0.9","Argilla bruno-nerastra, grigio-verde dove non alterata, con ghiaia carbonatica biancastra eterometrica, di forma globulare, con elementi calcilutitici e calcarenitici. Rare tracce di alterazione giallo-rossastre, rari frustoli carboniosi. Consistente e asciutta. Fra 3.00-4.30 m l'argilla è completamente rimaneggiata.","4","1","PST","50",528498.9823,4566224.631,555
"20","SC2","0.95","Argilla bruno-nerastra, grigio-verde dove non alterata, con ghiaia carbonatica biancastra eterometrica, di forma globulare, con elementi calcilutitici e calcarenitici. Rare tracce di alterazione giallo-rossastre, rari frustoli carboniosi. Consistente e asciutta. Fra 3.00-4.30 m l'argilla è completamente rimaneggiata.","4","1","PST","50",528498.9823,4566224.631,555
"21","SC2","1","Argilla bruno-nerastra, grigio-verde dove non alterata, con ghiaia carbonatica biancastra eterometrica, di forma globulare, con elementi calcilutitici e calcarenitici. Rare tracce di alterazione giallo-rossastre, rari frustoli carboniosi. Consistente e asciutta. Fra 3.00-4.30 m l'argilla è completamente rimaneggiata.","4","1","PST","50",528498.9823,4566224.631,555
"22","SC2","1.05","Argilla bruno-nerastra, grigio-verde dove non alterata, con ghiaia carbonatica biancastra eterometrica, di forma globulare, con elementi calcilutitici e calcarenitici. Rare tracce di alterazione giallo-rossastre, rari frustoli carboniosi. Consistente e asciutta. Fra 3.00-4.30 m l'argilla è completamente rimaneggiata.","4","1","PST","50",528498.9823,4566224.631,555
"23","SC2","1.1","Argilla bruno-nerastra, grigio-verde dove non alterata, con ghiaia carbonatica biancastra eterometrica, di forma globulare, con elementi calcilutitici e calcarenitici. Rare tracce di alterazione giallo-rossastre, rari frustoli carboniosi. Consistente e asciutta. Fra 3.00-4.30 m l'argilla è completamente rimaneggiata.","4","1","PST","50",528498.9823,4566224.631,555
"24","SC2","1.15","Argilla bruno-nerastra, grigio-verde dove non alterata, con ghiaia carbonatica biancastra eterometrica, di forma globulare, con elementi calcilutitici e calcarenitici. Rare tracce di alterazione giallo-rossastre, rari frustoli carboniosi. Consistente e asciutta. Fra 3.00-4.30 m l'argilla è completamente rimaneggiata.","4","1","PST","50",528498.9823,4566224.631,555
"25","SC2","1.2","Argilla bruno-nerastra, grigio-verde dove non alterata, con ghiaia carbonatica biancastra eterometrica, di forma globulare, con elementi calcilutitici e calcarenitici. Rare tracce di alterazione giallo-rossastre, rari frustoli carboniosi. Consistente e asciutta. Fra 3.00-4.30 m l'argilla è completamente rimaneggiata.","4","1","PST","50",528498.9823,4566224.631,555
"26","SC2","1.25","Argilla bruno-nerastra, grigio-verde dove non alterata, con ghiaia carbonatica biancastra eterometrica, di forma globulare, con elementi calcilutitici e calcarenitici. Rare tracce di alterazione giallo-rossastre, rari frustoli carboniosi. Consistente e asciutta. Fra 3.00-4.30 m l'argilla è completamente rimaneggiata.","4","1","PST","50",528498.9823,4566224.631,555
"27","SC2","1.3","Argilla bruno-nerastra, grigio-verde dove non alterata, con ghiaia carbonatica biancastra eterometrica, di forma globulare, con elementi calcilutitici e calcarenitici. Rare tracce di alterazione giallo-rossastre, rari frustoli carboniosi. Consistente e asciutta. Fra 3.00-4.30 m l'argilla è completamente rimaneggiata.","4","1","PST","50",528498.9823,4566224.631,555
"28","SC2","1.35","Argilla bruno-nerastra, grigio-verde dove non alterata, con ghiaia carbonatica biancastra eterometrica, di forma globulare, con elementi calcilutitici e calcarenitici. Rare tracce di alterazione giallo-rossastre, rari frustoli carboniosi. Consistente e asciutta. Fra 3.00-4.30 m l'argilla è completamente rimaneggiata.","4","1","PST","50",528498.9823,4566224.631,555
"29","SC2","1.4","Argilla bruno-nerastra, grigio-verde dove non alterata, con ghiaia carbonatica biancastra eterometrica, di forma globulare, con elementi calcilutitici e calcarenitici. Rare tracce di alterazione giallo-rossastre, rari frustoli carboniosi. Consistente e asciutta. Fra 3.00-4.30 m l'argilla è completamente rimaneggiata.","4","1","PST","50",528498.9823,4566224.631,555
"30","SC2","1.45","Argilla bruno-nerastra, grigio-verde dove non alterata, con ghiaia carbonatica biancastra eterometrica, di forma globulare, con elementi calcilutitici e calcarenitici. Rare tracce di alterazione giallo-rossastre, rari frustoli carboniosi. Consistente e asciutta. Fra 3.00-4.30 m l'argilla è completamente rimaneggiata.","4","1","PST","50",528498.9823,4566224.631,555
"31","SC2","1.5","Argilla bruno-nerastra, grigio-verde dove non alterata, con ghiaia carbonatica biancastra eterometrica, di forma globulare, con elementi calcilutitici e calcarenitici. Rare tracce di alterazione giallo-rossastre, rari frustoli carboniosi. Consistente e asciutta. Fra 3.00-4.30 m l'argilla è completamente rimaneggiata.","4","1","PST","50",528498.9823,4566224.631,555
"32","SC2","1.55","Argilla bruno-nerastra, grigio-verde dove non alterata, con ghiaia carbonatica biancastra eterometrica, di forma globulare, con elementi calcilutitici e calcarenitici. Rare tracce di alterazione giallo-rossastre, rari frustoli carboniosi. Consistente e asciutta. Fra 3.00-4.30 m l'argilla è completamente rimaneggiata.","4","1","PST","50",528498.9823,4566224.631,555
"33","SC2","1.6","Argilla bruno-nerastra, grigio-verde dove non alterata, con ghiaia carbonatica biancastra eterometrica, di forma globulare, con elementi calcilutitici e calcarenitici. Rare tracce di alterazione giallo-rossastre, rari frustoli carboniosi. Consistente e asciutta. Fra 3.00-4.30 m l'argilla è completamente rimaneggiata.","4","1","PST","50",528498.9823,4566224.631,555
"34","SC2","1.65","Argilla bruno-nerastra, grigio-verde dove non alterata, con ghiaia carbonatica biancastra eterometrica, di forma globulare, con elementi calcilutitici e calcarenitici. Rare tracce di alterazione giallo-rossastre, rari frustoli carboniosi. Consistente e asciutta. Fra 3.00-4.30 m l'argilla è completamente rimaneggiata.","4","1","PST","50",528498.9823,4566224.631,555
"35","SC2","1.7","Argilla bruno-nerastra, grigio-verde dove non alterata, con ghiaia carbonatica biancastra eterometrica, di forma globulare, con elementi calcilutitici e calcarenitici. Rare tracce di alterazione giallo-rossastre, rari frustoli carboniosi. Consistente e asciutta. Fra 3.00-4.30 m l'argilla è completamente rimaneggiata.","4","1","PST","50",528498.9823,4566224.631,555
"36","SC2","1.75","Argilla bruno-nerastra, grigio-verde dove non alterata, con ghiaia carbonatica biancastra eterometrica, di forma globulare, con elementi calcilutitici e calcarenitici. Rare tracce di alterazione giallo-rossastre, rari frustoli carboniosi. Consistente e asciutta. Fra 3.00-4.30 m l'argilla è completamente rimaneggiata.","4","1","PST","50",528498.9823,4566224.631,555
"37","SC2","1.8","Argilla bruno-nerastra, grigio-verde dove non alterata, con ghiaia carbonatica biancastra eterometrica, di forma globulare, con elementi calcilutitici e calcarenitici. Rare tracce di alterazione giallo-rossastre, rari frustoli carboniosi. Consistente e asciutta. Fra 3.00-4.30 m l'argilla è completamente rimaneggiata.","4","1","PST","50",528498.9823,4566224.631,555
"38","SC2","1.85","Argilla bruno-nerastra, grigio-verde dove non alterata, con ghiaia carbonatica biancastra eterometrica, di forma globulare, con elementi calcilutitici e calcarenitici. Rare tracce di alterazione giallo-rossastre, rari frustoli carboniosi. Consistente e asciutta. Fra 3.00-4.30 m l'argilla è completamente rimaneggiata.","4","1","PST","50",528498.9823,4566224.631,555
"39","SC2","1.9","Argilla bruno-nerastra, grigio-verde dove non alterata, con ghiaia carbonatica biancastra eterometrica, di forma globulare, con elementi calcilutitici e calcarenitici. Rare tracce di alterazione giallo-rossastre, rari frustoli carboniosi. Consistente e asciutta. Fra 3.00-4.30 m l'argilla è completamente rimaneggiata.","4","1","PST","50",528498.9823,4566224.631,555
"40","SC2","1.95","Argilla bruno-nerastra, grigio-verde dove non alterata, con ghiaia carbonatica biancastra eterometrica, di forma globulare, con elementi calcilutitici e calcarenitici. Rare tracce di alterazione giallo-rossastre, rari frustoli carboniosi. Consistente e asciutta. Fra 3.00-4.30 m l'argilla è completamente rimaneggiata.","4","1","PST","50",528498.9823,4566224.631,555
"41","SC2","2","Argilla bruno-nerastra, grigio-verde dove non alterata, con ghiaia carbonatica biancastra eterometrica, di forma globulare, con elementi calcilutitici e calcarenitici. Rare tracce di alterazione giallo-rossastre, rari frustoli carboniosi. Consistente e asciutta. Fra 3.00-4.30 m l'argilla è completamente rimaneggiata.","4","1","PST","50",528498.9823,4566224.631,555
"42","SC2","2.05","Argilla bruno-nerastra, grigio-verde dove non alterata, con ghiaia carbonatica biancastra eterometrica, di forma globulare, con elementi calcilutitici e calcarenitici. Rare tracce di alterazione giallo-rossastre, rari frustoli carboniosi. Consistente e asciutta. Fra 3.00-4.30 m l'argilla è completamente rimaneggiata.","4","1","PST","50",528498.9823,4566224.631,555
"43","SC2","2.1","Argilla bruno-nerastra, grigio-verde dove non alterata, con ghiaia carbonatica biancastra eterometrica, di forma globulare, con elementi calcilutitici e calcarenitici. Rare tracce di alterazione giallo-rossastre, rari frustoli carboniosi. Consistente e asciutta. Fra 3.00-4.30 m l'argilla è completamente rimaneggiata.","4","1","PST","50",528498.9823,4566224.631,555
"44","SC2","2.15","Argilla bruno-nerastra, grigio-verde dove non alterata, con ghiaia carbonatica biancastra eterometrica, di forma globulare, con elementi calcilutitici e calcarenitici. Rare tracce di alterazione giallo-rossastre, rari frustoli carboniosi. Consistente e asciutta. Fra 3.00-4.30 m l'argilla è completamente rimaneggiata.","4","1","PST","50",528498.9823,4566224.631,555
"45","SC2","2.2","Argilla bruno-nerastra, grigio-verde dove non alterata, con ghiaia carbonatica biancastra eterometrica, di forma globulare, con elementi calcilutitici e calcarenitici. Rare tracce di alterazione giallo-rossastre, rari frustoli carboniosi. Consistente e asciutta. Fra 3.00-4.30 m l'argilla è completamente rimaneggiata.","4","1","PST","50",528498.9823,4566224.631,555
"46","SC2","2.25","Argilla bruno-nerastra, grigio-verde dove non alterata, con ghiaia carbonatica biancastra eterometrica, di forma globulare, con elementi calcilutitici e calcarenitici. Rare tracce di alterazione giallo-rossastre, rari frustoli carboniosi. Consistente e asciutta. Fra 3.00-4.30 m l'argilla è completamente rimaneggiata.","4","1","PST","50",528498.9823,4566224.631,555
"47","SC2","2.3","Argilla bruno-nerastra, grigio-verde dove non alterata, con ghiaia carbonatica biancastra eterometrica, di forma globulare, con elementi calcilutitici e calcarenitici. Rare tracce di alterazione giallo-rossastre, rari frustoli carboniosi. Consistente e asciutta. Fra 3.00-4.30 m l'argilla è completamente rimaneggiata.","4","1","PST","50",528498.9823,4566224.631,555
"48","SC2","2.35","Argilla bruno-nerastra, grigio-verde dove non alterata, con ghiaia carbonatica biancastra eterometrica, di forma globulare, con elementi calcilutitici e calcarenitici. Rare tracce di alterazione giallo-rossastre, rari frustoli carboniosi. Consistente e asciutta. Fra 3.00-4.30 m l'argilla è completamente rimaneggiata.","4","1","PST","50",528498.9823,4566224.631,555
"49","SC2","2.4","Argilla bruno-nerastra, grigio-verde dove non alterata, con ghiaia carbonatica biancastra eterometrica, di forma globulare, con elementi calcilutitici e calcarenitici. Rare tracce di alterazione giallo-rossastre, rari frustoli carboniosi. Consistente e asciutta. Fra 3.00-4.30 m l'argilla è completamente rimaneggiata.","4","1","PST","50",528498.9823,4566224.631,555
"50","SC2","2.45","Argilla bruno-nerastra, grigio-verde dove non alterata, con ghiaia carbonatica biancastra eterometrica, di forma globulare, con elementi calcilutitici e calcarenitici. Rare tracce di alterazione giallo-rossastre, rari frustoli carboniosi. Consistente e asciutta. Fra 3.00-4.30 m l'argilla è completamente rimaneggiata.","4","1","PST","50",528498.9823,4566224.631,555
"51","SC2","2.5","Argilla bruno-nerastra, grigio-verde dove non alterata, con ghiaia carbonatica biancastra eterometrica, di forma globulare, con elementi calcilutitici e calcarenitici. Rare tracce di alterazione giallo-rossastre, rari frustoli carboniosi. Consistente e asciutta. Fra 3.00-4.30 m l'argilla è completamente rimaneggiata.","4","1","PST","50",528498.9823,4566224.631,555
"52","SC2","2.55","Argilla bruno-nerastra, grigio-verde dove non alterata, con ghiaia carbonatica biancastra eterometrica, di forma globulare, con elementi calcilutitici e calcarenitici. Rare tracce di alterazione giallo-rossastre, rari frustoli carboniosi. Consistente e asciutta. Fra 3.00-4.30 m l'argilla è completamente rimaneggiata.","4","1","PST","50",528498.9823,4566224.631,555
"53","SC2","2.6","Argilla bruno-nerastra, grigio-verde dove non alterata, con ghiaia carbonatica biancastra eterometrica, di forma globulare, con elementi calcilutitici e calcarenitici. Rare tracce di alterazione giallo-rossastre, rari frustoli carboniosi. Consistente e asciutta. Fra 3.00-4.30 m l'argilla è completamente rimaneggiata.","4","1","PST","50",528498.9823,4566224.631,555
"54","SC2","2.65","Argilla bruno-nerastra, grigio-verde dove non alterata, con ghiaia carbonatica biancastra eterometrica, di forma globulare, con elementi calcilutitici e calcarenitici. Rare tracce di alterazione giallo-rossastre, rari frustoli carboniosi. Consistente e asciutta. Fra 3.00-4.30 m l'argilla è completamente rimaneggiata.","4","1","PST","50",528498.9823,4566224.631,555
"55","SC2","2.7","Argilla bruno-nerastra, grigio-verde dove non alterata, con ghiaia carbonatica biancastra eterometrica, di forma globulare, con elementi calcilutitici e calcarenitici. Rare tracce di alterazione giallo-rossastre, rari frustoli carboniosi. Consistente e asciutta. Fra 3.00-4.30 m l'argilla è completamente rimaneggiata.","4","1","PST","50",528498.9823,4566224.631,555
"56","SC2","2.75","Argilla bruno-nerastra, grigio-verde dove non alterata, con ghiaia carbonatica biancastra eterometrica, di forma globulare, con elementi calcilutitici e calcarenitici. Rare tracce di alterazione giallo-rossastre, rari frustoli carboniosi. Consistente e asciutta. Fra 3.00-4.30 m l'argilla è completamente rimaneggiata.","4","1","PST","50",528498.9823,4566224.631,555
"57","SC2","2.8","Argilla bruno-nerastra, grigio-verde dove non alterata, con ghiaia carbonatica biancastra eterometrica, di forma globulare, con elementi calcilutitici e calcarenitici. Rare tracce di alterazione giallo-rossastre, rari frustoli carboniosi. Consistente e asciutta. Fra 3.00-4.30 m l'argilla è completamente rimaneggiata.","4","1","PST","50",528498.9823,4566224.631,555
"58","SC2","2.85","Argilla bruno-nerastra, grigio-verde dove non alterata, con ghiaia carbonatica biancastra eterometrica, di forma globulare, con elementi calcilutitici e calcarenitici. Rare tracce di alterazione giallo-rossastre, rari frustoli carboniosi. Consistente e asciutta. Fra 3.00-4.30 m l'argilla è completamente rimaneggiata.","4","1","PST","50",528498.9823,4566224.631,555
"59","SC2","2.9","Argilla bruno-nerastra, grigio-verde dove non alterata, con ghiaia carbonatica biancastra eterometrica, di forma globulare, con elementi calcilutitici e calcarenitici. Rare tracce di alterazione giallo-rossastre, rari frustoli carboniosi. Consistente e asciutta. Fra 3.00-4.30 m l'argilla è completamente rimaneggiata.","4","1","PST","50",528498.9823,4566224.631,555
"60","SC2","2.95","Argilla bruno-nerastra, grigio-verde dove non alterata, con ghiaia carbonatica biancastra eterometrica, di forma globulare, con elementi calcilutitici e calcarenitici. Rare tracce di alterazione giallo-rossastre, rari frustoli carboniosi. Consistente e asciutta. Fra 3.00-4.30 m l'argilla è completamente rimaneggiata.","4","1","PST","50",528498.9823,4566224.631,555
"61","SC2","3","Argilla bruno-nerastra, grigio-verde dove non alterata, con ghiaia carbonatica biancastra eterometrica, di forma globulare, con elementi calcilutitici e calcarenitici. Rare tracce di alterazione giallo-rossastre, rari frustoli carboniosi. Consistente e asciutta. Fra 3.00-4.30 m l'argilla è completamente rimaneggiata.","4","1","PST","50",528498.9823,4566224.631,555
"62","SC2","3.05","Argilla bruno-nerastra, grigio-verde dove non alterata, con ghiaia carbonatica biancastra eterometrica, di forma globulare, con elementi calcilutitici e calcarenitici. Rare tracce di alterazione giallo-rossastre, rari frustoli carboniosi. Consistente e asciutta. Fra 3.00-4.30 m l'argilla è completamente rimaneggiata.","4","1","PST","50",528498.9823,4566224.631,555
"63","SC2","3.1","Argilla bruno-nerastra, grigio-verde dove non alterata, con ghiaia carbonatica biancastra eterometrica, di forma globulare, con elementi calcilutitici e calcarenitici. Rare tracce di alterazione giallo-rossastre, rari frustoli carboniosi. Consistente e asciutta. Fra 3.00-4.30 m l'argilla è completamente rimaneggiata.","4","1","PST","50",528498.9823,4566224.631,555
"64","SC2","3.15","Argilla bruno-nerastra, grigio-verde dove non alterata, con ghiaia carbonatica biancastra eterometrica, di forma globulare, con elementi calcilutitici e calcarenitici. Rare tracce di alterazione giallo-rossastre, rari frustoli carboniosi. Consistente e asciutta. Fra 3.00-4.30 m l'argilla è completamente rimaneggiata.","4","1","PST","50",528498.9823,4566224.631,555
"65","SC2","3.2","Argilla bruno-nerastra, grigio-verde dove non alterata, con ghiaia carbonatica biancastra eterometrica, di forma globulare, con elementi calcilutitici e calcarenitici. Rare tracce di alterazione giallo-rossastre, rari frustoli carboniosi. Consistente e asciutta. Fra 3.00-4.30 m l'argilla è completamente rimaneggiata.","4","1","PST","50",528498.9823,4566224.631,555
"66","SC2","3.25","Argilla bruno-nerastra, grigio-verde dove non alterata, con ghiaia carbonatica biancastra eterometrica, di forma globulare, con elementi calcilutitici e calcarenitici. Rare tracce di alterazione giallo-rossastre, rari frustoli carboniosi. Consistente e asciutta. Fra 3.00-4.30 m l'argilla è completamente rimaneggiata.","4","1","PST","50",528498.9823,4566224.631,555
"67","SC2","3.3","Argilla bruno-nerastra, grigio-verde dove non alterata, con ghiaia carbonatica biancastra eterometrica, di forma globulare, con elementi calcilutitici e calcarenitici. Rare tracce di alterazione giallo-rossastre, rari frustoli carboniosi. Consistente e asciutta. Fra 3.00-4.30 m l'argilla è completamente rimaneggiata.","4","1","PST","50",528498.9823,4566224.631,555
"68","SC2","3.35","Argilla bruno-nerastra, grigio-verde dove non alterata, con ghiaia carbonatica biancastra eterometrica, di forma globulare, con elementi calcilutitici e calcarenitici. Rare tracce di alterazione giallo-rossastre, rari frustoli carboniosi. Consistente e asciutta. Fra 3.00-4.30 m l'argilla è completamente rimaneggiata.","4","1","PST","50",528498.9823,4566224.631,555
"69","SC2","3.4","Argilla bruno-nerastra, grigio-verde dove non alterata, con ghiaia carbonatica biancastra eterometrica, di forma globulare, con elementi calcilutitici e calcarenitici. Rare tracce di alterazione giallo-rossastre, rari frustoli carboniosi. Consistente e asciutta. Fra 3.00-4.30 m l'argilla è completamente rimaneggiata.","4","1","PST","50",528498.9823,4566224.631,555
"70","SC2","3.45","Argilla bruno-nerastra, grigio-verde dove non alterata, con ghiaia carbonatica biancastra eterometrica, di forma globulare, con elementi calcilutitici e calcarenitici. Rare tracce di alterazione giallo-rossastre, rari frustoli carboniosi. Consistente e asciutta. Fra 3.00-4.30 m l'argilla è completamente rimaneggiata.","4","1","PST","50",528498.9823,4566224.631,555
"71","SC2","3.5","Argilla bruno-nerastra, grigio-verde dove non alterata, con ghiaia carbonatica biancastra eterometrica, di forma globulare, con elementi calcilutitici e calcarenitici. Rare tracce di alterazione giallo-rossastre, rari frustoli carboniosi. Consistente e asciutta. Fra 3.00-4.30 m l'argilla è completamente rimaneggiata.","4","1","PST","50",528498.9823,4566224.631,555
"72","SC2","3.55","Argilla bruno-nerastra, grigio-verde dove non alterata, con ghiaia carbonatica biancastra eterometrica, di forma globulare, con elementi calcilutitici e calcarenitici. Rare tracce di alterazione giallo-rossastre, rari frustoli carboniosi. Consistente e asciutta. Fra 3.00-4.30 m l'argilla è completamente rimaneggiata.","4","1","PST","50",528498.9823,4566224.631,555
"73","SC2","3.6","Argilla bruno-nerastra, grigio-verde dove non alterata, con ghiaia carbonatica biancastra eterometrica, di forma globulare, con elementi calcilutitici e calcarenitici. Rare tracce di alterazione giallo-rossastre, rari frustoli carboniosi. Consistente e asciutta. Fra 3.00-4.30 m l'argilla è completamente rimaneggiata.","4","1","PST","50",528498.9823,4566224.631,555
"74","SC2","3.65","Argilla bruno-nerastra, grigio-verde dove non alterata, con ghiaia carbonatica biancastra eterometrica, di forma globulare, con elementi calcilutitici e calcarenitici. Rare tracce di alterazione giallo-rossastre, rari frustoli carboniosi. Consistente e asciutta. Fra 3.00-4.30 m l'argilla è completamente rimaneggiata.","4","1","PST","50",528498.9823,4566224.631,555
"75","SC2","3.7","Argilla bruno-nerastra, grigio-verde dove non alterata, con ghiaia carbonatica biancastra eterometrica, di forma globulare, con elementi calcilutitici e calcarenitici. Rare tracce di alterazione giallo-rossastre, rari frustoli carboniosi. Consistente e asciutta. Fra 3.00-4.30 m l'argilla è completamente rimaneggiata.","4","1","PST","50",528498.9823,4566224.631,555
"76","SC2","3.75","Argilla bruno-nerastra, grigio-verde dove non alterata, con ghiaia carbonatica biancastra eterometrica, di forma globulare, con elementi calcilutitici e calcarenitici. Rare tracce di alterazione giallo-rossastre, rari frustoli carboniosi. Consistente e asciutta. Fra 3.00-4.30 m l'argilla è completamente rimaneggiata.","4","1","PST","50",528498.9823,4566224.631,555
"77","SC2","3.8","Argilla bruno-nerastra, grigio-verde dove non alterata, con ghiaia carbonatica biancastra eterometrica, di forma globulare, con elementi calcilutitici e calcarenitici. Rare tracce di alterazione giallo-rossastre, rari frustoli carboniosi. Consistente e asciutta. Fra 3.00-4.30 m l'argilla è completamente rimaneggiata.","4","1","PST","50",528498.9823,4566224.631,555
"78","SC2","3.85","Argilla bruno-nerastra, grigio-verde dove non alterata, con ghiaia carbonatica biancastra eterometrica, di forma globulare, con elementi calcilutitici e calcarenitici. Rare tracce di alterazione giallo-rossastre, rari frustoli carboniosi. Consistente e asciutta. Fra 3.00-4.30 m l'argilla è completamente rimaneggiata.","4","1","PST","50",528498.9823,4566224.631,555
"79","SC2","3.9","Argilla bruno-nerastra, grigio-verde dove non alterata, con ghiaia carbonatica biancastra eterometrica, di forma globulare, con elementi calcilutitici e calcarenitici. Rare tracce di alterazione giallo-rossastre, rari frustoli carboniosi. Consistente e asciutta. Fra 3.00-4.30 m l'argilla è completamente rimaneggiata.","4","1","PST","50",528498.9823,4566224.631,555
"80","SC2","3.95","Argilla bruno-nerastra, grigio-verde dove non alterata, con ghiaia carbonatica biancastra eterometrica, di forma globulare, con elementi calcilutitici e calcarenitici. Rare tracce di alterazione giallo-rossastre, rari frustoli carboniosi. Consistente e asciutta. Fra 3.00-4.30 m l'argilla è completamente rimaneggiata.","4","1","PST","50",528498.9823,4566224.631,555
"81","SC2","4","Argilla bruno-nerastra, grigio-verde dove non alterata, con ghiaia carbonatica biancastra eterometrica, di forma globulare, con elementi calcilutitici e calcarenitici. Rare tracce di alterazione giallo-rossastre, rari frustoli carboniosi. Consistente e asciutta. Fra 3.00-4.30 m l'argilla è completamente rimaneggiata.","4","1","PST","50",528498.9823,4566224.631,555
"82","SC2","4.05","Argilla bruno-nerastra, grigio-verde dove non alterata, con ghiaia carbonatica biancastra eterometrica, di forma globulare, con elementi calcilutitici e calcarenitici. Rare tracce di alterazione giallo-rossastre, rari frustoli carboniosi. Consistente e asciutta. Fra 3.00-4.30 m l'argilla è completamente rimaneggiata.","4","1","PST","50",528498.9823,4566224.631,555
"83","SC2","4.1","Argilla bruno-nerastra, grigio-verde dove non alterata, con ghiaia carbonatica biancastra eterometrica, di forma globulare, con elementi calcilutitici e calcarenitici. Rare tracce di alterazione giallo-rossastre, rari frustoli carboniosi. Consistente e asciutta. Fra 3.00-4.30 m l'argilla è completamente rimaneggiata.","4","1","PST","50",528498.9823,4566224.631,555
"84","SC2","4.15","Argilla bruno-nerastra, grigio-verde dove non alterata, con ghiaia carbonatica biancastra eterometrica, di forma globulare, con elementi calcilutitici e calcarenitici. Rare tracce di alterazione giallo-rossastre, rari frustoli carboniosi. Consistente e asciutta. Fra 3.00-4.30 m l'argilla è completamente rimaneggiata.","4","1","PST","50",528498.9823,4566224.631,555
"85","SC2","4.2","Argilla bruno-nerastra, grigio-verde dove non alterata, con ghiaia carbonatica biancastra eterometrica, di forma globulare, con elementi calcilutitici e calcarenitici. Rare tracce di alterazione giallo-rossastre, rari frustoli carboniosi. Consistente e asciutta. Fra 3.00-4.30 m l'argilla è completamente rimaneggiata.","4","1","PST","50",528498.9823,4566224.631,555
"86","SC2","4.25","Argilla bruno-nerastra, grigio-verde dove non alterata, con ghiaia carbonatica biancastra eterometrica, di forma globulare, con elementi calcilutitici e calcarenitici. Rare tracce di alterazione giallo-rossastre, rari frustoli carboniosi. Consistente e asciutta. Fra 3.00-4.30 m l'argilla è completamente rimaneggiata.","4","1","PST","50",528498.9823,4566224.631,555
"87","SC2","4.3","Argilla bruno-nerastra, grigio-verde dove non alterata, con ghiaia carbonatica biancastra eterometrica, di forma globulare, con elementi calcilutitici e calcarenitici. Rare tracce di alterazione giallo-rossastre, rari frustoli carboniosi. Consistente e asciutta. Fra 3.00-4.30 m l'argilla è completamente rimaneggiata.","4","1","PST","50",528498.9823,4566224.631,555
"88","SC2","4.35","Argilla bruno-nerastra, grigio-verde dove non alterata, con ghiaia carbonatica biancastra eterometrica, di forma globulare, con elementi calcilutitici e calcarenitici. Rare tracce di alterazione giallo-rossastre, rari frustoli carboniosi. Consistente e asciutta. Fra 3.00-4.30 m l'argilla è completamente rimaneggiata.","4","1","PST","50",528498.9823,4566224.631,555
"89","SC2","4.4","Argilla bruno-nerastra, grigio-verde dove non alterata, con ghiaia carbonatica biancastra eterometrica, di forma globulare, con elementi calcilutitici e calcarenitici. Rare tracce di alterazione giallo-rossastre, rari frustoli carboniosi. Consistente e asciutta. Fra 3.00-4.30 m l'argilla è completamente rimaneggiata.","4","1","PST","50",528498.9823,4566224.631,555
"90","SC2","4.45","Argilla bruno-nerastra, grigio-verde dove non alterata, con ghiaia carbonatica biancastra eterometrica, di forma globulare, con elementi calcilutitici e calcarenitici. Rare tracce di alterazione giallo-rossastre, rari frustoli carboniosi. Consistente e asciutta. Fra 3.00-4.30 m l'argilla è completamente rimaneggiata.","4","1","PST","50",528498.9823,4566224.631,555
"91","SC2","4.5","Argilla bruno-nerastra, grigio-verde dove non alterata, con ghiaia carbonatica biancastra eterometrica, di forma globulare, con elementi calcilutitici e calcarenitici. Rare tracce di alterazione giallo-rossastre, rari frustoli carboniosi. Consistente e asciutta. Fra 3.00-4.30 m l'argilla è completamente rimaneggiata.","4","1","PST","50",528498.9823,4566224.631,555
"92","SC2","4.55","Argilla bruno-nerastra, grigio-verde dove non alterata, con ghiaia carbonatica biancastra eterometrica, di forma globulare, con elementi calcilutitici e calcarenitici. Rare tracce di alterazione giallo-rossastre, rari frustoli carboniosi. Consistente e asciutta. Fra 3.00-4.30 m l'argilla è completamente rimaneggiata.","4","1","PST","50",528498.9823,4566224.631,555
"93","SC2","4.6","Argilla bruno-nerastra, grigio-verde dove non alterata, con ghiaia carbonatica biancastra eterometrica, di forma globulare, con elementi calcilutitici e calcarenitici. Rare tracce di alterazione giallo-rossastre, rari frustoli carboniosi. Consistente e asciutta. Fra 3.00-4.30 m l'argilla è completamente rimaneggiata.","4","1","PST","50",528498.9823,4566224.631,555
"94","SC2","4.65","Argilla grigio-verde con ghiaia carbonatica biancastra media e fine, di forma globulare, con elementi calcilutitici e calcarenitici. Rare tracce di alterazione giallo-rossastre. Debole laminazione. Consistente e asciutta.","4","1","PST","50",528498.9823,4566224.631,555
"95","SC2","4.7","Argilla grigio-verde con ghiaia carbonatica biancastra media e fine, di forma globulare, con elementi calcilutitici e calcarenitici. Rare tracce di alterazione giallo-rossastre. Debole laminazione. Consistente e asciutta.","4","1","PST","50",528498.9823,4566224.631,555
"96","SC2","4.75","Argilla grigio-verde con ghiaia carbonatica biancastra media e fine, di forma globulare, con elementi calcilutitici e calcarenitici. Rare tracce di alterazione giallo-rossastre. Debole laminazione. Consistente e asciutta.","4","1","PST","50",528498.9823,4566224.631,555
"97","SC2","4.8","Argilla grigio-verde con ghiaia carbonatica biancastra media e fine, di forma globulare, con elementi calcilutitici e calcarenitici. Rare tracce di alterazione giallo-rossastre. Debole laminazione. Consistente e asciutta.","4","1","PST","50",528498.9823,4566224.631,555
"98","SC2","4.85","Argilla grigio-verde con ghiaia carbonatica biancastra media e fine, di forma globulare, con elementi calcilutitici e calcarenitici. Rare tracce di alterazione giallo-rossastre. Debole laminazione. Consistente e asciutta.","4","1","PST","50",528498.9823,4566224.631,555
"99","SC2","4.9","Argilla grigio-verde con ghiaia carbonatica biancastra media e fine, di forma globulare, con elementi calcilutitici e calcarenitici. Rare tracce di alterazione giallo-rossastre. Debole laminazione. Consistente e asciutta.","4","1","PST","50",528498.9823,4566224.631,555
"100","SC2","4.95","Argilla grigio-verde con ghiaia carbonatica biancastra media e fine, di forma globulare, con elementi calcilutitici e calcarenitici. Rare tracce di alterazione giallo-rossastre. Debole laminazione. Consistente e asciutta.","4","1","PST","50",528498.9823,4566224.631,555
"101","SC2","5","Argilla grigio-verde con ghiaia carbonatica biancastra media e fine, di forma globulare, con elementi calcilutitici e calcarenitici. Rare tracce di alterazione giallo-rossastre. Debole laminazione. Consistente e asciutta.","4","1","PST","50",528498.9823,4566224.631,555
"102","SC2","5.05","Argilla grigio-verde con ghiaia carbonatica biancastra media e fine, di forma globulare, con elementi calcilutitici e calcarenitici. Rare tracce di alterazione giallo-rossastre. Debole laminazione. Consistente e asciutta.","4","1","PST","50",528498.9823,4566224.631,555
"103","SC2","5.1","Argilla grigio-verde con ghiaia carbonatica biancastra media e fine, di forma globulare, con elementi calcilutitici e calcarenitici. Rare tracce di alterazione giallo-rossastre. Debole laminazione. Consistente e asciutta.","4","1","PST","50",528498.9823,4566224.631,555
"104","SC2","5.15","Argilla grigio-verde con ghiaia carbonatica biancastra media e fine, di forma globulare, con elementi calcilutitici e calcarenitici. Rare tracce di alterazione giallo-rossastre. Debole laminazione. Consistente e asciutta.","4","1","PST","50",528498.9823,4566224.631,555
"105","SC2","5.2","Argilla grigio-verde con ghiaia carbonatica biancastra media e fine, di forma globulare, con elementi calcilutitici e calcarenitici. Rare tracce di alterazione giallo-rossastre. Debole laminazione. Consistente e asciutta.","4","1","PST","50",528498.9823,4566224.631,555
"106","SC2","5.25","Argilla grigio-verde scuro con ghiaia carbonatica biancastra media e fine, di forma globulare, con elementi calcilutitici e calcarenitici, e chiazze carbonatiche pulverulente biancastre. Noduli millimetrici carboniosi neri (teneri alla pressione). Consistente e asciutta.","4","1","PST","50",528498.9823,4566224.631,555
"107","SC2","5.3","Argilla grigio-verde scuro con ghiaia carbonatica biancastra media e fine, di forma globulare, con elementi calcilutitici e calcarenitici, e chiazze carbonatiche pulverulente biancastre. Noduli millimetrici carboniosi neri (teneri alla pressione). Consistente e asciutta.","4","1","PST","50",528498.9823,4566224.631,555
"108","SC2","5.35","Argilla grigio-verde scuro con ghiaia carbonatica biancastra media e fine, di forma globulare, con elementi calcilutitici e calcarenitici, e chiazze carbonatiche pulverulente biancastre. Noduli millimetrici carboniosi neri (teneri alla pressione). Consistente e asciutta.","4","1","PST","50",528498.9823,4566224.631,555
"109","SC2","5.4","Argilla grigio-verde scuro con ghiaia carbonatica biancastra media e fine, di forma globulare, con elementi calcilutitici e calcarenitici, e chiazze carbonatiche pulverulente biancastre. Noduli millimetrici carboniosi neri (teneri alla pressione). Consistente e asciutta.","4","1","PST","50",528498.9823,4566224.631,555
"110","SC2","5.45","Argilla grigio-verde scuro con ghiaia carbonatica biancastra media e fine, di forma globulare, con elementi calcilutitici e calcarenitici, e chiazze carbonatiche pulverulente biancastre. Noduli millimetrici carboniosi neri (teneri alla pressione). Consistente e asciutta.","4","1","PST","50",528498.9823,4566224.631,555
"111","SC2","5.5","Argilla grigio-verde scuro con ghiaia carbonatica biancastra media e fine, di forma globulare, con elementi calcilutitici e calcarenitici, e chiazze carbonatiche pulverulente biancastre. Noduli millimetrici carboniosi neri (teneri alla pressione). Consistente e asciutta.","4","1","PST","50",528498.9823,4566224.631,555
"112","SC2","5.55","Argilla grigio-verde scuro con ghiaia carbonatica biancastra media e fine, di forma globulare, con elementi calcilutitici e calcarenitici, e chiazze carbonatiche pulverulente biancastre. Noduli millimetrici carboniosi neri (teneri alla pressione). Consistente e asciutta.","4","1","PST","50",528498.9823,4566224.631,555
"113","SC2","5.6","Argilla grigio-verde scuro con ghiaia carbonatica biancastra media e fine, di forma globulare, con elementi calcilutitici e calcarenitici, e chiazze carbonatiche pulverulente biancastre. Noduli millimetrici carboniosi neri (teneri alla pressione). Consistente e asciutta.","4","1","PST","50",528498.9823,4566224.631,555
"114","SC2","5.65","Argilla grigio-verde scuro con ghiaia carbonatica biancastra media e fine, di forma globulare, con elementi calcilutitici e calcarenitici, e chiazze carbonatiche pulverulente biancastre. Noduli millimetrici carboniosi neri (teneri alla pressione). Consistente e asciutta.","4","1","PST","50",528498.9823,4566224.631,555
"115","SC2","5.7","Argilla grigio-verde scuro con ghiaia carbonatica biancastra media e fine, di forma globulare, con elementi calcilutitici e calcarenitici, e chiazze carbonatiche pulverulente biancastre. Noduli millimetrici carboniosi neri (teneri alla pressione). Consistente e asciutta.","4","1","PST","50",528498.9823,4566224.631,555
"116","SC2","5.75","Argilla grigio-verde scuro con ghiaia carbonatica biancastra media e fine, di forma globulare, con elementi calcilutitici e calcarenitici, e chiazze carbonatiche pulverulente biancastre. Noduli millimetrici carboniosi neri (teneri alla pressione). Consistente e asciutta.","4","1","PST","50",528498.9823,4566224.631,555
"117","SC2","5.8","Argilla grigio-verde scuro con ghiaia carbonatica biancastra media e fine, di forma globulare, con elementi calcilutitici e calcarenitici, e chiazze carbonatiche pulverulente biancastre. Noduli millimetrici carboniosi neri (teneri alla pressione). Consistente e asciutta.","4","1","PST","50",528498.9823,4566224.631,555
"118","SC2","5.85","Argilla grigio-verde scuro con ghiaia carbonatica biancastra media e fine, di forma globulare, con elementi calcilutitici e calcarenitici, e chiazze carbonatiche pulverulente biancastre. Noduli millimetrici carboniosi neri (teneri alla pressione). Consistente e asciutta.","4","1","PST","50",528498.9823,4566224.631,555
"119","SC2","5.9","Argilla grigio-verde scuro con ghiaia carbonatica biancastra media e fine, di forma globulare, con elementi calcilutitici e calcarenitici, e chiazze carbonatiche pulverulente biancastre. Noduli millimetrici carboniosi neri (teneri alla pressione). Consistente e asciutta.","4","1","PST","50",528498.9823,4566224.631,555
"120","SC2","5.95","Argilla grigio-verde scuro con ghiaia carbonatica biancastra media e fine, di forma globulare, con elementi calcilutitici e calcarenitici, e chiazze carbonatiche pulverulente biancastre. Noduli millimetrici carboniosi neri (teneri alla pressione). Consistente e asciutta.","4","1","PST","50",528498.9823,4566224.631,555
"121","SC2","6","Argilla grigio-verde scuro con ghiaia carbonatica biancastra media e fine, di forma globulare, con elementi calcilutitici e calcarenitici, e chiazze carbonatiche pulverulente biancastre. Noduli millimetrici carboniosi neri (teneri alla pressione). Consistente e asciutta.","4","1","PST","50",528498.9823,4566224.631,555
"122","SC2","6.05","Argilla grigio-verde scuro con ghiaia carbonatica biancastra media e fine, di forma globulare, con elementi calcilutitici e calcarenitici, e chiazze carbonatiche pulverulente biancastre. Noduli millimetrici carboniosi neri (teneri alla pressione). Consistente e asciutta.","4","1","PST","50",528498.9823,4566224.631,555
"123","SC2","6.1","Argilla grigio-verde scuro con ghiaia carbonatica biancastra media e fine, di forma globulare, con elementi calcilutitici e calcarenitici, e chiazze carbonatiche pulverulente biancastre. Noduli millimetrici carboniosi neri (teneri alla pressione). Consistente e asciutta.","4","1","PST","50",528498.9823,4566224.631,555
"124","SC2","6.15","Argilla grigio-verde scuro con ghiaia carbonatica biancastra media e fine, di forma globulare, con elementi calcilutitici e calcarenitici, e chiazze carbonatiche pulverulente biancastre. Noduli millimetrici carboniosi neri (teneri alla pressione). Consistente e asciutta.","4","1","PST","50",528498.9823,4566224.631,555
"125","SC2","6.2","Argilla grigio-verde scuro con ghiaia carbonatica biancastra media e fine, di forma globulare, con elementi calcilutitici e calcarenitici, e chiazze carbonatiche pulverulente biancastre. Noduli millimetrici carboniosi neri (teneri alla pressione). Consistente e asciutta.","4","1","PST","50",528498.9823,4566224.631,555
"126","SC2","6.25","Argilla grigio-verde scuro con ghiaia carbonatica biancastra media e fine, di forma globulare, con elementi calcilutitici e calcarenitici, e chiazze carbonatiche pulverulente biancastre. Noduli millimetrici carboniosi neri (teneri alla pressione). Consistente e asciutta.","4","1","PST","50",528498.9823,4566224.631,555
"127","SC2","6.3","Argilla grigio-verde scuro con ghiaia carbonatica biancastra media e fine, di forma globulare, con elementi calcilutitici e calcarenitici, e chiazze carbonatiche pulverulente biancastre. Noduli millimetrici carboniosi neri (teneri alla pressione). Consistente e asciutta.","4","1","PST","50",528498.9823,4566224.631,555
"128","SC2","6.35","Argilla grigio-verde scuro con ghiaia carbonatica biancastra media e fine, di forma globulare, con elementi calcilutitici e calcarenitici, e chiazze carbonatiche pulverulente biancastre. Noduli millimetrici carboniosi neri (teneri alla pressione). Consistente e asciutta.","4","1","PST","50",528498.9823,4566224.631,555
"129","SC2","6.4","Argilla grigio-verde scuro con ghiaia carbonatica biancastra media e fine, di forma globulare, con elementi calcilutitici e calcarenitici, e chiazze carbonatiche pulverulente biancastre. Noduli millimetrici carboniosi neri (teneri alla pressione). Consistente e asciutta.","4","1","PST","50",528498.9823,4566224.631,555
"130","SC2","6.45","Argilla grigio-verde scuro con ghiaia carbonatica biancastra media e fine, di forma globulare, con elementi calcilutitici e calcarenitici, e chiazze carbonatiche pulverulente biancastre. Noduli millimetrici carboniosi neri (teneri alla pressione). Consistente e asciutta.","4","1","PST","50",528498.9823,4566224.631,555
"131","SC2","6.5","Argilla grigio-verde scuro con ghiaia carbonatica biancastra media e fine, di forma globulare, con elementi calcilutitici e calcarenitici, e chiazze carbonatiche pulverulente biancastre. Noduli millimetrici carboniosi neri (teneri alla pressione). Consistente e asciutta.","4","1","PST","50",528498.9823,4566224.631,555
"132","SC2","6.55","Argilla grigio-verde scuro con ghiaia carbonatica biancastra media e fine, di forma globulare, con elementi calcilutitici e calcarenitici, e chiazze carbonatiche pulverulente biancastre. Noduli millimetrici carboniosi neri (teneri alla pressione). Consistente e asciutta.","4","1","PST","50",528498.9823,4566224.631,555
"133","SC2","6.6","Argilla grigio-verde scuro con ghiaia carbonatica biancastra media e fine, di forma globulare, con elementi calcilutitici e calcarenitici, e chiazze carbonatiche pulverulente biancastre. Noduli millimetrici carboniosi neri (teneri alla pressione). Consistente e asciutta.","4","1","PST","50",528498.9823,4566224.631,555
"134","SC2","6.65","Argilla grigio-verde scuro con ghiaia carbonatica biancastra media e fine, di forma globulare, con elementi calcilutitici e calcarenitici, e chiazze carbonatiche pulverulente biancastre. Noduli millimetrici carboniosi neri (teneri alla pressione). Consistente e asciutta.","4","1","PST","50",528498.9823,4566224.631,555
"135","SC2","6.7","Argilla grigio-verde scuro con ghiaia carbonatica biancastra media e fine, di forma globulare, con elementi calcilutitici e calcarenitici, e chiazze carbonatiche pulverulente biancastre. Noduli millimetrici carboniosi neri (teneri alla pressione). Consistente e asciutta.","4","1","PST","50",528498.9823,4566224.631,555
"136","SC2","6.75","Argilla grigio-verde scuro con ghiaia carbonatica biancastra media e fine, di forma globulare, con elementi calcilutitici e calcarenitici, e chiazze carbonatiche pulverulente biancastre. Noduli millimetrici carboniosi neri (teneri alla pressione). Consistente e asciutta.","4","1","PST","50",528498.9823,4566224.631,555
"137","SC2","6.8","Argilla grigio-verde scuro con ghiaia carbonatica biancastra media e fine, di forma globulare, con elementi calcilutitici e calcarenitici, e chiazze carbonatiche pulverulente biancastre. Noduli millimetrici carboniosi neri (teneri alla pressione). Consistente e asciutta.","4","1","PST","50",528498.9823,4566224.631,555
"138","SC2","6.85","Argilla grigio-verde scuro con ghiaia carbonatica biancastra media e fine, di forma globulare, con elementi calcilutitici e calcarenitici, e chiazze carbonatiche pulverulente biancastre. Noduli millimetrici carboniosi neri (teneri alla pressione). Consistente e asciutta.","4","1","PST","50",528498.9823,4566224.631,555
"139","SC2","6.9","Argilla grigio-verde scuro con ghiaia carbonatica biancastra media e fine, di forma globulare, con elementi calcilutitici e calcarenitici, e chiazze carbonatiche pulverulente biancastre. Noduli millimetrici carboniosi neri (teneri alla pressione). Consistente e asciutta.","4","1","PST","50",528498.9823,4566224.631,555
"140","SC2","6.95","Argilla grigio-verde scuro con ghiaia carbonatica biancastra media e fine, di forma globulare, con elementi calcilutitici e calcarenitici, e chiazze carbonatiche pulverulente biancastre. Noduli millimetrici carboniosi neri (teneri alla pressione). Consistente e asciutta.","4","1","PST","50",528498.9823,4566224.631,555
"141","SC2","7","Argilla grigio-verde scuro con ghiaia carbonatica biancastra media e fine, di forma globulare, con elementi calcilutitici e calcarenitici, e chiazze carbonatiche pulverulente biancastre. Noduli millimetrici carboniosi neri (teneri alla pressione). Consistente e asciutta.","4","1","PST","50",528498.9823,4566224.631,555
"142","SC2","7.05","Argilla grigio-verde scuro con ghiaia carbonatica biancastra media e fine, di forma globulare, con elementi calcilutitici e calcarenitici, e chiazze carbonatiche pulverulente biancastre. Noduli millimetrici carboniosi neri (teneri alla pressione). Consistente e asciutta.","4","1","PST","50",528498.9823,4566224.631,555
"143","SC2","7.1","Argilla grigio-verde scuro con ghiaia carbonatica biancastra media e fine, di forma globulare, con elementi calcilutitici e calcarenitici, e chiazze carbonatiche pulverulente biancastre. Noduli millimetrici carboniosi neri (teneri alla pressione). Consistente e asciutta.","4","1","PST","50",528498.9823,4566224.631,555
"144","SC2","7.15","Argilla grigio-verde scuro con ghiaia carbonatica biancastra media e fine, di forma globulare, con elementi calcilutitici e calcarenitici, e chiazze carbonatiche pulverulente biancastre. Noduli millimetrici carboniosi neri (teneri alla pressione). Consistente e asciutta.","4","1","PST","50",528498.9823,4566224.631,555
"145","SC2","7.2","Argilla grigio-verde scuro con ghiaia carbonatica biancastra media e fine, di forma globulare, con elementi calcilutitici e calcarenitici, e chiazze carbonatiche pulverulente biancastre. Noduli millimetrici carboniosi neri (teneri alla pressione). Consistente e asciutta.","4","1","PST","50",528498.9823,4566224.631,555
"146","SC2","7.25","Argilla grigio-verde scuro con ghiaia carbonatica biancastra media e fine, di forma globulare, con elementi calcilutitici e calcarenitici, e chiazze carbonatiche pulverulente biancastre. Noduli millimetrici carboniosi neri (teneri alla pressione). Consistente e asciutta.","4","1","PST","50",528498.9823,4566224.631,555
"147","SC2","7.3","Argilla grigio-verde scuro con ghiaia carbonatica biancastra media e fine, di forma globulare, con elementi calcilutitici e calcarenitici, e chiazze carbonatiche pulverulente biancastre. Noduli millimetrici carboniosi neri (teneri alla pressione). Consistente e asciutta.","4","1","PST","50",528498.9823,4566224.631,555
"148","SC2","7.35","Argilla grigio-verde scuro con ghiaia carbonatica biancastra media e fine, di forma globulare, con elementi calcilutitici e calcarenitici, e chiazze carbonatiche pulverulente biancastre. Noduli millimetrici carboniosi neri (teneri alla pressione). Consistente e asciutta.","4","1","PST","50",528498.9823,4566224.631,555
"149","SC2","7.4","Argilla grigio-verde scuro con ghiaia carbonatica biancastra media e fine, di forma globulare, con elementi calcilutitici e calcarenitici, e chiazze carbonatiche pulverulente biancastre. Noduli millimetrici carboniosi neri (teneri alla pressione). Consistente e asciutta.","4","1","PST","50",528498.9823,4566224.631,555
"150","SC2","7.45","Argilla grigio-verde scuro con ghiaia carbonatica biancastra media e fine, di forma globulare, con elementi calcilutitici e calcarenitici, e chiazze carbonatiche pulverulente biancastre. Noduli millimetrici carboniosi neri (teneri alla pressione). Consistente e asciutta.","4","1","PST","50",528498.9823,4566224.631,555
"151","SC2","7.5","Argilla grigio-verde scuro con ghiaia carbonatica biancastra media e fine, di forma globulare, con elementi calcilutitici e calcarenitici, e chiazze carbonatiche pulverulente biancastre. Noduli millimetrici carboniosi neri (teneri alla pressione). Consistente e asciutta.","4","1","PST","50",528498.9823,4566224.631,555
"152","SC2","7.55","Argilla grigio-verde scuro con ghiaia carbonatica biancastra media e fine, di forma globulare, con elementi calcilutitici e calcarenitici, e chiazze carbonatiche pulverulente biancastre. Noduli millimetrici carboniosi neri (teneri alla pressione). Consistente e asciutta.","4","1","PST","50",528498.9823,4566224.631,555
"153","SC2","7.6","Argilla grigio-verde scuro con ghiaia carbonatica biancastra media e fine, di forma globulare, con elementi calcilutitici e calcarenitici, e chiazze carbonatiche pulverulente biancastre. Noduli millimetrici carboniosi neri (teneri alla pressione). Consistente e asciutta.","4","1","PST","50",528498.9823,4566224.631,555
"154","SC2","7.65","Argilla grigio-verde scuro con ghiaia carbonatica biancastra media e fine, di forma globulare, con elementi calcilutitici e calcarenitici, e chiazze carbonatiche pulverulente biancastre. Noduli millimetrici carboniosi neri (teneri alla pressione). Consistente e asciutta.","4","1","PST","50",528498.9823,4566224.631,555
"155","SC2","7.7","Argilla grigio-verde scuro con ghiaia carbonatica biancastra media e fine, di forma globulare, con elementi calcilutitici e calcarenitici, e chiazze carbonatiche pulverulente biancastre. Noduli millimetrici carboniosi neri (teneri alla pressione). Consistente e asciutta.","4","1","PST","50",528498.9823,4566224.631,555
"156","SC2","7.75","Argilla grigio-verde scuro con ghiaia carbonatica biancastra media e fine, di forma globulare, con elementi calcilutitici e calcarenitici, e chiazze carbonatiche pulverulente biancastre. Noduli millimetrici carboniosi neri (teneri alla pressione). Consistente e asciutta.","4","1","PST","50",528498.9823,4566224.631,555
"157","SC2","7.8","Argilla grigio-verde scuro con ghiaia carbonatica biancastra media e fine, di forma globulare, con elementi calcilutitici e calcarenitici, e chiazze carbonatiche pulverulente biancastre. Noduli millimetrici carboniosi neri (teneri alla pressione). Consistente e asciutta.","4","1","PST","50",528498.9823,4566224.631,555
"158","SC2","7.85","Argilla grigio-verde scuro con ghiaia carbonatica biancastra media e fine, di forma globulare, con elementi calcilutitici e calcarenitici, e chiazze carbonatiche pulverulente biancastre. Noduli millimetrici carboniosi neri (teneri alla pressione). Consistente e asciutta.","4","1","PST","50",528498.9823,4566224.631,555
"159","SC2","7.9","Argilla grigio-verde scuro con ghiaia carbonatica biancastra media e fine, di forma globulare, con elementi calcilutitici e calcarenitici, e chiazze carbonatiche pulverulente biancastre. Noduli millimetrici carboniosi neri (teneri alla pressione). Consistente e asciutta.","4","1","PST","50",528498.9823,4566224.631,555
"160","SC2","7.95","Argilla grigio-verde scuro con ghiaia carbonatica biancastra media e fine, di forma globulare, con elementi calcilutitici e calcarenitici, e chiazze carbonatiche pulverulente biancastre. Noduli millimetrici carboniosi neri (teneri alla pressione). Consistente e asciutta.","4","1","PST","50",528498.9823,4566224.631,555
"161","SC2","8","Argilla grigio-verde scuro con ghiaia carbonatica biancastra media e fine, di forma globulare, con elementi calcilutitici e calcarenitici, e chiazze carbonatiche pulverulente biancastre. Noduli millimetrici carboniosi neri (teneri alla pressione). Consistente e asciutta.","4","1","PST","50",528498.9823,4566224.631,555
"162","SC2","8.05","Argilla grigio-verde scuro con ghiaia carbonatica biancastra media e fine, di forma globulare, con elementi calcilutitici e calcarenitici, e chiazze carbonatiche pulverulente biancastre. Noduli millimetrici carboniosi neri (teneri alla pressione). Consistente e asciutta.","4","1","PST","50",528498.9823,4566224.631,555
"163","SC2","8.1","Argilla grigio-verde scuro con ghiaia carbonatica biancastra media e fine, di forma globulare, con elementi calcilutitici e calcarenitici, e chiazze carbonatiche pulverulente biancastre. Noduli millimetrici carboniosi neri (teneri alla pressione). Consistente e asciutta.","4","1","PST","50",528498.9823,4566224.631,555
"164","SC2","8.15","Argilla grigio-verde scuro con ghiaia carbonatica biancastra media e fine, di forma globulare, con elementi calcilutitici e calcarenitici, e chiazze carbonatiche pulverulente biancastre. Noduli millimetrici carboniosi neri (teneri alla pressione). Consistente e asciutta.","4","1","PST","50",528498.9823,4566224.631,555
"165","SC2","8.2","Argilla grigio-verde scuro con ghiaia carbonatica biancastra media e fine, di forma globulare, con elementi calcilutitici e calcarenitici, e chiazze carbonatiche pulverulente biancastre. Noduli millimetrici carboniosi neri (teneri alla pressione). Consistente e asciutta.","4","1","PST","50",528498.9823,4566224.631,555
"166","SC2","8.25","Argilla grigio-verde scuro con ghiaia carbonatica biancastra media e fine, di forma globulare, con elementi calcilutitici e calcarenitici, e chiazze carbonatiche pulverulente biancastre. Noduli millimetrici carboniosi neri (teneri alla pressione). Consistente e asciutta.","4","1","PST","50",528498.9823,4566224.631,555
"167","SC2","8.3","Argilla grigio-verde scuro con ghiaia carbonatica biancastra media e fine, di forma globulare, con elementi calcilutitici e calcarenitici, e chiazze carbonatiche pulverulente biancastre. Noduli millimetrici carboniosi neri (teneri alla pressione). Consistente e asciutta.","4","1","PST","50",528498.9823,4566224.631,555
"168","SC2","8.35","Argilla grigio-verde scuro con ghiaia carbonatica biancastra media e fine, di forma globulare, con elementi calcilutitici e calcarenitici, e chiazze carbonatiche pulverulente biancastre. Noduli millimetrici carboniosi neri (teneri alla pressione). Consistente e asciutta.","4","1","PST","50",528498.9823,4566224.631,555
"169","SC2","8.4","Argilla grigio-verde scuro con ghiaia carbonatica biancastra media e fine, di forma globulare, con elementi calcilutitici e calcarenitici, e chiazze carbonatiche pulverulente biancastre. Noduli millimetrici carboniosi neri (teneri alla pressione). Consistente e asciutta.","4","1","PST","50",528498.9823,4566224.631,555
"170","SC2","8.45","Argilla grigio-verde scuro con ghiaia carbonatica biancastra media e fine, di forma globulare, con elementi calcilutitici e calcarenitici, e chiazze carbonatiche pulverulente biancastre. Noduli millimetrici carboniosi neri (teneri alla pressione). Consistente e asciutta.","4","1","PST","50",528498.9823,4566224.631,555
"171","SC2","8.5","Argilla grigio-verde scuro con ghiaia carbonatica biancastra media e fine, di forma globulare, con elementi calcilutitici e calcarenitici, e chiazze carbonatiche pulverulente biancastre. Noduli millimetrici carboniosi neri (teneri alla pressione). Consistente e asciutta.","4","1","PST","50",528498.9823,4566224.631,555
"172","SC2","8.55","Argilla bruno-nerastra con diffusa ghiaia carbonatica media e fine, con elementi calcilutitici e calcarenitici, subangolare, alterata superficialmente. Consistente e asciutta.","4","1","PST","50",528498.9823,4566224.631,555
"173","SC2","8.6","Argilla bruno-nerastra con diffusa ghiaia carbonatica media e fine, con elementi calcilutitici e calcarenitici, subangolare, alterata superficialmente. Consistente e asciutta.","4","1","PST","50",528498.9823,4566224.631,555
"174","SC2","8.65","Argilla grigio-verde estremamente alterata, con alterazioni giallo-rossastre, tracce di ossidazione nerastre, chiazze carbonatiche pulverulente biancastre, ghiaia carbonatica media e fine, angolare, con elementi calcilutitici e calcarenitici. Consistente e asciutta.","4","1","PST","50",528498.9823,4566224.631,555
"175","SC2","8.7","Argilla grigio-verde estremamente alterata, con alterazioni giallo-rossastre, tracce di ossidazione nerastre, chiazze carbonatiche pulverulente biancastre, ghiaia carbonatica media e fine, angolare, con elementi calcilutitici e calcarenitici. Consistente e asciutta.","4","1","PST","50",528498.9823,4566224.631,555
"176","SC2","8.75","Argilla grigio-verde estremamente alterata, con alterazioni giallo-rossastre, tracce di ossidazione nerastre, chiazze carbonatiche pulverulente biancastre, ghiaia carbonatica media e fine, angolare, con elementi calcilutitici e calcarenitici. Consistente e asciutta.","4","1","PST","50",528498.9823,4566224.631,555
"177","SC2","8.8","Argilla grigio-verde estremamente alterata, con alterazioni giallo-rossastre, tracce di ossidazione nerastre, chiazze carbonatiche pulverulente biancastre, ghiaia carbonatica media e fine, angolare, con elementi calcilutitici e calcarenitici. Consistente e asciutta.","4","1","PST","50",528498.9823,4566224.631,555
"178","SC2","8.85","Argilla grigio-verde estremamente alterata, con alterazioni giallo-rossastre, tracce di ossidazione nerastre, chiazze carbonatiche pulverulente biancastre, ghiaia carbonatica media e fine, angolare, con elementi calcilutitici e calcarenitici. Consistente e asciutta.","4","1","PST","50",528498.9823,4566224.631,555
"179","SC2","8.9","Argilla grigio-verde estremamente alterata, con alterazioni giallo-rossastre, tracce di ossidazione nerastre, chiazze carbonatiche pulverulente biancastre, ghiaia carbonatica media e fine, angolare, con elementi calcilutitici e calcarenitici. Consistente e asciutta.","4","1","PST","50",528498.9823,4566224.631,555
"180","SC2","8.95","Argilla grigio-verde estremamente alterata, con alterazioni giallo-rossastre, tracce di ossidazione nerastre, chiazze carbonatiche pulverulente biancastre, ghiaia carbonatica media e fine, angolare, con elementi calcilutitici e calcarenitici. Consistente e asciutta.","4","1","PST","50",528498.9823,4566224.631,555
"181","SC2","9","Argilla grigio-verde estremamente alterata, con alterazioni giallo-rossastre, tracce di ossidazione nerastre, chiazze carbonatiche pulverulente biancastre, ghiaia carbonatica media e fine, angolare, con elementi calcilutitici e calcarenitici. Consistente e asciutta.","4","1","PST","50",528498.9823,4566224.631,555
"182","SC2","9.05","Argilla bruno-nerastra con diffusa ghiaia carbonatica media e fine, con elementi calcilutitici e calcarenitici, subangolare, alterata superficialmente. Consistente e asciutta.","4","1","PST","50",528498.9823,4566224.631,555
"183","SC2","9.1","Argilla bruno-nerastra con diffusa ghiaia carbonatica media e fine, con elementi calcilutitici e calcarenitici, subangolare, alterata superficialmente. Consistente e asciutta.","4","1","PST","50",528498.9823,4566224.631,555
"184","SC2","9.15","Argilla bruno-nerastra con diffusa ghiaia carbonatica media e fine, con elementi calcilutitici e calcarenitici, subangolare, alterata superficialmente. Consistente e asciutta.","4","1","PST","50",528498.9823,4566224.631,555
"185","SC2","9.2","Argilla bruno-nerastra con diffusa ghiaia carbonatica media e fine, con elementi calcilutitici e calcarenitici, subangolare, alterata superficialmente. Consistente e asciutta.","4","1","PST","50",528498.9823,4566224.631,555
"186","SC2","9.25","Argilla bruno-nerastra con diffusa ghiaia carbonatica media e fine, con elementi calcilutitici e calcarenitici, subangolare, alterata superficialmente. Consistente e asciutta.","4","1","PST","50",528498.9823,4566224.631,555
"187","SC2","9.3","Argilla bruno-nerastra con diffusa ghiaia carbonatica media e fine, con elementi calcilutitici e calcarenitici, subangolare, alterata superficialmente. Consistente e asciutta.","4","1","PST","50",528498.9823,4566224.631,555
"188","SC2","9.35","Argilla bruno-nerastra con diffusa ghiaia carbonatica media e fine, con elementi calcilutitici e calcarenitici, subangolare, alterata superficialmente. Consistente e asciutta.","4","1","PST","50",528498.9823,4566224.631,555
"189","SC2","9.4","Argilla bruno-nerastra con diffusa ghiaia carbonatica media e fine, con elementi calcilutitici e calcarenitici, subangolare, alterata superficialmente. Consistente e asciutta.","4","1","PST","50",528498.9823,4566224.631,555
"190","SC2","9.45","Argilla bruno-nerastra con diffusa ghiaia carbonatica media e fine, con elementi calcilutitici e calcarenitici, subangolare, alterata superficialmente. Consistente e asciutta.","4","1","PST","50",528498.9823,4566224.631,555
"191","SC2","9.5","Argilla bruno-nerastra con diffusa ghiaia carbonatica media e fine, con elementi calcilutitici e calcarenitici, subangolare, alterata superficialmente. Consistente e asciutta.","4","1","PST","50",528498.9823,4566224.631,555
"192","SC2","9.55","Argilla bruno-nerastra con diffusa ghiaia carbonatica media e fine, con elementi calcilutitici e calcarenitici, subangolare, alterata superficialmente. Consistente e asciutta.","4","1","PST","50",528498.9823,4566224.631,555
"193","SC2","9.6","Argilla bruno-nerastra con diffusa ghiaia carbonatica media e fine, con elementi calcilutitici e calcarenitici, subangolare, alterata superficialmente. Consistente e asciutta.","4","1","PST","50",528498.9823,4566224.631,555
"194","SC2","9.65","Argilla bruno-nerastra con diffusa ghiaia carbonatica media e fine, con elementi calcilutitici e calcarenitici, subangolare, alterata superficialmente. Consistente e asciutta.","4","1","PST","50",528498.9823,4566224.631,555
"195","SC2","9.7","Argilla bruno-nerastra con diffusa ghiaia carbonatica media e fine, con elementi calcilutitici e calcarenitici, subangolare, alterata superficialmente. Consistente e asciutta.","4","1","PST","50",528498.9823,4566224.631,555
"196","SC2","9.75","Argilla bruno-nerastra con diffusa ghiaia carbonatica media e fine, con elementi calcilutitici e calcarenitici, subangolare, alterata superficialmente. Consistente e asciutta.","4","1","PST","50",528498.9823,4566224.631,555
"197","SC2","9.8","Argilla bruno-nerastra con diffusa ghiaia carbonatica media e fine, con elementi calcilutitici e calcarenitici, subangolare, alterata superficialmente. Consistente e asciutta.","4","1","PST","50",528498.9823,4566224.631,555
"198","SC2","9.85","Argilla bruno-nerastra con diffusa ghiaia carbonatica media e fine, con elementi calcilutitici e calcarenitici, subangolare, alterata superficialmente. Consistente e asciutta.","4","1","PST","50",528498.9823,4566224.631,555
"199","SC2","9.9","Argilla bruno-nerastra con diffusa ghiaia carbonatica media e fine, con elementi calcilutitici e calcarenitici, subangolare, alterata superficialmente. Consistente e asciutta.","4","1","PST","50",528498.9823,4566224.631,555
"200","SC2","9.95","Argilla bruno-nerastra con diffusa ghiaia carbonatica media e fine, con elementi calcilutitici e calcarenitici, subangolare, alterata superficialmente. Consistente e asciutta.","4","1","PST","50",528498.9823,4566224.631,555
"201","SC2","10","Argilla bruno-nerastra con diffusa ghiaia carbonatica media e fine, con elementi calcilutitici e calcarenitici, subangolare, alterata superficialmente. Consistente e asciutta.","4","1","PST","50",528498.9823,4566224.631,555
"202","SC2","10.05","Argilla bruno-nerastra con diffusa ghiaia carbonatica media e fine, con elementi calcilutitici e calcarenitici, subangolare, alterata superficialmente. Consistente e asciutta.","4","1","PST","50",528498.9823,4566224.631,555
"203","SC2","10.1","Argilla bruno-nerastra con diffusa ghiaia carbonatica media e fine, con elementi calcilutitici e calcarenitici, subangolare, alterata superficialmente. Consistente e asciutta.","4","1","PST","50",528498.9823,4566224.631,555
"204","SC2","10.15","Argilla bruno-nerastra con diffusa ghiaia carbonatica media e fine, con elementi calcilutitici e calcarenitici, subangolare, alterata superficialmente. Consistente e asciutta.","4","1","PST","50",528498.9823,4566224.631,555
"205","SC2","10.2","Argilla bruno-nerastra con diffusa ghiaia carbonatica media e fine, con elementi calcilutitici e calcarenitici, subangolare, alterata superficialmente. Consistente e asciutta.","4","1","PST","50",528498.9823,4566224.631,555
"206","SC2","10.25","Argilla bruno-nerastra con diffusa ghiaia carbonatica media e fine, con elementi calcilutitici e calcarenitici, subangolare, alterata superficialmente. Consistente e asciutta.","4","1","PST","50",528498.9823,4566224.631,555
"207","SC2","10.3","Argilla bruno-nerastra con diffusa ghiaia carbonatica media e fine, con elementi calcilutitici e calcarenitici, subangolare, alterata superficialmente. Consistente e asciutta.","4","1","PST","50",528498.9823,4566224.631,555
"208","SC2","10.35","Argilla bruno-nerastra con diffusa ghiaia carbonatica media e fine, con elementi calcilutitici e calcarenitici, subangolare, alterata superficialmente. Consistente e asciutta.","4","1","PST","50",528498.9823,4566224.631,555
"209","SC2","10.4","Argilla bruno-nerastra con diffusa ghiaia carbonatica media e fine, con elementi calcilutitici e calcarenitici, subangolare, alterata superficialmente. Consistente e asciutta.","4","1","PST","50",528498.9823,4566224.631,555
"210","SC2","10.45","Argilla bruno-nerastra con diffusa ghiaia carbonatica media e fine, con elementi calcilutitici e calcarenitici, subangolare, alterata superficialmente. Consistente e asciutta.","4","1","PST","50",528498.9823,4566224.631,555
"211","SC2","10.5","Argilla bruno-nerastra con diffusa ghiaia carbonatica media e fine, con elementi calcilutitici e calcarenitici, subangolare, alterata superficialmente. Consistente e asciutta.","4","1","PST","50",528498.9823,4566224.631,555
"212","SC2","10.55","Argilla bruno-nerastra con diffusa ghiaia carbonatica media e fine, con elementi calcilutitici e calcarenitici, subangolare, alterata superficialmente. Consistente e asciutta.","4","1","PST","50",528498.9823,4566224.631,555
"213","SC2","10.6","Argilla bruno-nerastra con diffusa ghiaia carbonatica media e fine, con elementi calcilutitici e calcarenitici, subangolare, alterata superficialmente. Consistente e asciutta.","4","1","PST","50",528498.9823,4566224.631,555
"214","SC2","10.65","Argilla bruno-nerastra con diffusa ghiaia carbonatica media e fine, con elementi calcilutitici e calcarenitici, subangolare, alterata superficialmente. Consistente e asciutta.","4","1","PST","50",528498.9823,4566224.631,555
"215","SC2","10.7","Argilla bruno-nerastra con diffusa ghiaia carbonatica media e fine, con elementi calcilutitici e calcarenitici, subangolare, alterata superficialmente. Consistente e asciutta.","4","1","PST","50",528498.9823,4566224.631,555
"216","SC2","10.75","Argilla bruno-nerastra con diffusa ghiaia carbonatica media e fine, con elementi calcilutitici e calcarenitici, subangolare, alterata superficialmente. Consistente e asciutta.","4","1","PST","50",528498.9823,4566224.631,555
"217","SC2","10.8","Argilla bruno-nerastra con diffusa ghiaia carbonatica media e fine, con elementi calcilutitici e calcarenitici, subangolare, alterata superficialmente. Consistente e asciutta.","4","1","PST","50",528498.9823,4566224.631,555
"218","SC2","10.85","Argilla bruno-nerastra con diffusa ghiaia carbonatica media e fine, con elementi calcilutitici e calcarenitici, subangolare, alterata superficialmente. Consistente e asciutta.","4","1","PST","50",528498.9823,4566224.631,555
"219","SC2","10.9","Argilla bruno-nerastra con diffusa ghiaia carbonatica media e fine, con elementi calcilutitici e calcarenitici, subangolare, alterata superficialmente. Consistente e asciutta.","4","1","PST","50",528498.9823,4566224.631,555
"220","SC2","10.95","Argilla bruno-nerastra con diffusa ghiaia carbonatica media e fine, con elementi calcilutitici e calcarenitici, subangolare, alterata superficialmente. Consistente e asciutta.","4","1","PST","50",528498.9823,4566224.631,555
"221","SC2","11","Argilla bruno-nerastra con diffusa ghiaia carbonatica media e fine, con elementi calcilutitici e calcarenitici, subangolare, alterata superficialmente. Consistente e asciutta.","4","1","PST","50",528498.9823,4566224.631,555
"222","SC2","11.05","Argilla bruno-nerastra con diffusa ghiaia carbonatica media e fine, con elementi calcilutitici e calcarenitici, subangolare, alterata superficialmente. Consistente e asciutta.","4","1","PST","50",528498.9823,4566224.631,555
"223","SC2","11.1","Argilla bruno-nerastra con diffusa ghiaia carbonatica media e fine, con elementi calcilutitici e calcarenitici, subangolare, alterata superficialmente. Consistente e asciutta.","4","1","PST","50",528498.9823,4566224.631,555
"224","SC2","11.15","Argilla bruno-nerastra con diffusa ghiaia carbonatica media e fine, con elementi calcilutitici e calcarenitici, subangolare, alterata superficialmente. Consistente e asciutta.","4","1","PST","50",528498.9823,4566224.631,555
"225","SC2","11.2","Argilla bruno-nerastra con diffusa ghiaia carbonatica media e fine, con elementi calcilutitici e calcarenitici, subangolare, alterata superficialmente. Consistente e asciutta.","4","1","PST","50",528498.9823,4566224.631,555
"226","SC2","11.25","Argilla bruno-nerastra con diffusa ghiaia carbonatica media e fine, con elementi calcilutitici e calcarenitici, subangolare, alterata superficialmente. Consistente e asciutta.","4","1","PST","50",528498.9823,4566224.631,555
"227","SC2","11.3","Argilla bruno-nerastra con diffusa ghiaia carbonatica media e fine, con elementi calcilutitici e calcarenitici, subangolare, alterata superficialmente. Consistente e asciutta.","4","1","PST","50",528498.9823,4566224.631,555
"228","SC2","11.35","Argilla bruno-nerastra con diffusa ghiaia carbonatica media e fine, con elementi calcilutitici e calcarenitici, subangolare, alterata superficialmente. Consistente e asciutta.","4","1","PST","50",528498.9823,4566224.631,555
"229","SC2","11.4","Argilla bruno-nerastra con diffusa ghiaia carbonatica media e fine, con elementi calcilutitici e calcarenitici, subangolare, alterata superficialmente. Consistente e asciutta.","4","1","PST","50",528498.9823,4566224.631,555
"230","SC2","11.45","Argilla bruno-nerastra con diffusa ghiaia carbonatica media e fine, con elementi calcilutitici e calcarenitici, subangolare, alterata superficialmente. Consistente e asciutta.","4","1","PST","50",528498.9823,4566224.631,555
"231","SC2","11.5","Argilla bruno-nerastra con diffusa ghiaia carbonatica media e fine, con elementi calcilutitici e calcarenitici, subangolare, alterata superficialmente. Consistente e asciutta.","4","1","PST","50",528498.9823,4566224.631,555
"232","SC2","11.55","Argilla bruno-nerastra con diffusa ghiaia carbonatica media e fine, con elementi calcilutitici e calcarenitici, subangolare, alterata superficialmente. Consistente e asciutta.","4","1","PST","50",528498.9823,4566224.631,555
"233","SC2","11.6","Argilla bruno-nerastra con diffusa ghiaia carbonatica media e fine, con elementi calcilutitici e calcarenitici, subangolare, alterata superficialmente. Consistente e asciutta.","4","1","PST","50",528498.9823,4566224.631,555
"234","SC2","11.65","Argilla bruno-nerastra con diffusa ghiaia carbonatica media e fine, con elementi calcilutitici e calcarenitici, subangolare, alterata superficialmente. Consistente e asciutta.","4","1","PST","50",528498.9823,4566224.631,555
"235","SC2","11.7","Argilla bruno-nerastra con diffusa ghiaia carbonatica media e fine, con elementi calcilutitici e calcarenitici, subangolare, alterata superficialmente. Consistente e asciutta.","4","1","PST","50",528498.9823,4566224.631,555
"236","SC2","11.75","Argilla bruno-nerastra con diffusa ghiaia carbonatica media e fine, con elementi calcilutitici e calcarenitici, subangolare, alterata superficialmente. Consistente e asciutta.","4","1","PST","50",528498.9823,4566224.631,555
"237","SC2","11.8","Argilla bruno-nerastra con diffusa ghiaia carbonatica media e fine, con elementi calcilutitici e calcarenitici, subangolare, alterata superficialmente. Consistente e asciutta.","4","1","PST","50",528498.9823,4566224.631,555
"238","SC2","11.85","Argilla bruno-nerastra con diffusa ghiaia carbonatica media e fine, con elementi calcilutitici e calcarenitici, subangolare, alterata superficialmente. Consistente e asciutta.","4","1","PST","50",528498.9823,4566224.631,555
"239","SC2","11.9","Argilla bruno-nerastra con diffusa ghiaia carbonatica media e fine, con elementi calcilutitici e calcarenitici, subangolare, alterata superficialmente. Consistente e asciutta.","4","1","PST","50",528498.9823,4566224.631,555
"240","SC2","11.95","Argilla bruno-nerastra con diffusa ghiaia carbonatica media e fine, con elementi calcilutitici e calcarenitici, subangolare, alterata superficialmente. Consistente e asciutta.","4","1","PST","50",528498.9823,4566224.631,555
"241","SC2","12","Argilla bruno-nerastra con diffusa ghiaia carbonatica media e fine, con elementi calcilutitici e calcarenitici, subangolare, alterata superficialmente. Consistente e asciutta.","4","1","PST","50",528498.9823,4566224.631,555
"242","SC2","12.05","Argilla bruno-nerastra con diffusa ghiaia carbonatica media e fine, con elementi calcilutitici e calcarenitici, subangolare, alterata superficialmente. Consistente e asciutta.","4","1","PST","50",528498.9823,4566224.631,555
"243","SC2","12.1","Argilla bruno-nerastra con diffusa ghiaia carbonatica media e fine, con elementi calcilutitici e calcarenitici, subangolare, alterata superficialmente. Consistente e asciutta.","4","1","PST","50",528498.9823,4566224.631,555
"244","SC2","12.15","Argilla bruno-nerastra con diffusa ghiaia carbonatica media e fine, con elementi calcilutitici e calcarenitici, subangolare, alterata superficialmente. Consistente e asciutta.","4","1","PST","50",528498.9823,4566224.631,555
"245","SC2","12.2","Argilla bruno-nerastra con diffusa ghiaia carbonatica media e fine, con elementi calcilutitici e calcarenitici, subangolare, alterata superficialmente. Consistente e asciutta.","4","1","PST","50",528498.9823,4566224.631,555
"246","SC2","12.25","Argilla bruno-nerastra con diffusa ghiaia carbonatica media e fine, con elementi calcilutitici e calcarenitici, subangolare, alterata superficialmente. Consistente e asciutta.","4","1","PST","50",528498.9823,4566224.631,555
"247","SC2","12.3","Argilla bruno-nerastra con diffusa ghiaia carbonatica media e fine, con elementi calcilutitici e calcarenitici, subangolare, alterata superficialmente. Consistente e asciutta.","4","1","PST","50",528498.9823,4566224.631,555
"248","SC2","12.35","Argilla bruno-nerastra con diffusa ghiaia carbonatica media e fine, con elementi calcilutitici e calcarenitici, subangolare, alterata superficialmente. Consistente e asciutta.","4","1","PST","50",528498.9823,4566224.631,555
"249","SC2","12.4","Argilla bruno-nerastra con diffusa ghiaia carbonatica media e fine, con elementi calcilutitici e calcarenitici, subangolare, alterata superficialmente. Consistente e asciutta.","4","1","PST","50",528498.9823,4566224.631,555
"250","SC2","12.45","Argilla bruno-nerastra con diffusa ghiaia carbonatica media e fine, con elementi calcilutitici e calcarenitici, subangolare, alterata superficialmente. Consistente e asciutta.","4","1","PST","50",528498.9823,4566224.631,555
"251","SC2","12.5","Argilla bruno-nerastra con diffusa ghiaia carbonatica media e fine, con elementi calcilutitici e calcarenitici, subangolare, alterata superficialmente. Consistente e asciutta.","4","1","PST","50",528498.9823,4566224.631,555
"252","SC2","12.55","Argilla bruno-nerastra con diffusa ghiaia carbonatica media e fine, con elementi calcilutitici e calcarenitici, subangolare, alterata superficialmente. Consistente e asciutta.","4","1","PST","50",528498.9823,4566224.631,555
"253","SC2","12.6","Argilla bruno-nerastra con diffusa ghiaia carbonatica media e fine, con elementi calcilutitici e calcarenitici, subangolare, alterata superficialmente. Consistente e asciutta.","4","1","PST","50",528498.9823,4566224.631,555
"254","SC2","12.65","Argilla bruno-nerastra con diffusa ghiaia carbonatica media e fine, con elementi calcilutitici e calcarenitici, subangolare, alterata superficialmente. Consistente e asciutta.","4","1","PST","50",528498.9823,4566224.631,555
"255","SC2","12.7","Argilla bruno-nerastra con diffusa ghiaia carbonatica media e fine, con elementi calcilutitici e calcarenitici, subangolare, alterata superficialmente. Consistente e asciutta.","4","1","PST","50",528498.9823,4566224.631,555
"256","SC2","12.75","Argilla grigio-verde con ghiaia carbonatica media e fine, di forma globulare, ciottoli calcarenitici angolari, e materiale carbonatico pulverulento biancastro, talora prevalente sulla matrice. Tracce di ossidazione nerastre. Consistente e asciutta.","4","1","PST","50",528498.9823,4566224.631,555
"257","SC2","12.8","Argilla grigio-verde con ghiaia carbonatica media e fine, di forma globulare, ciottoli calcarenitici angolari, e materiale carbonatico pulverulento biancastro, talora prevalente sulla matrice. Tracce di ossidazione nerastre. Consistente e asciutta.","4","1","PST","50",528498.9823,4566224.631,555
"258","SC2","12.85","Argilla grigio-verde con ghiaia carbonatica media e fine, di forma globulare, ciottoli calcarenitici angolari, e materiale carbonatico pulverulento biancastro, talora prevalente sulla matrice. Tracce di ossidazione nerastre. Consistente e asciutta.","4","1","PST","50",528498.9823,4566224.631,555
"259","SC2","12.9","Argilla grigio-verde con ghiaia carbonatica media e fine, di forma globulare, ciottoli calcarenitici angolari, e materiale carbonatico pulverulento biancastro, talora prevalente sulla matrice. Tracce di ossidazione nerastre. Consistente e asciutta.","4","1","PST","50",528498.9823,4566224.631,555
"260","SC2","12.95","Argilla grigio-verde con ghiaia carbonatica media e fine, di forma globulare, ciottoli calcarenitici angolari, e materiale carbonatico pulverulento biancastro, talora prevalente sulla matrice. Tracce di ossidazione nerastre. Consistente e asciutta.","4","1","PST","50",528498.9823,4566224.631,555
"261","SC2","13","Argilla grigio-verde con ghiaia carbonatica media e fine, di forma globulare, ciottoli calcarenitici angolari, e materiale carbonatico pulverulento biancastro, talora prevalente sulla matrice. Tracce di ossidazione nerastre. Consistente e asciutta.","4","1","PST","50",528498.9823,4566224.631,555
"262","SC2","13.05","Argilla bruno-nerastra con diffusa ghiaia carbonatica media e fine, con elementi calcilutitici e calcarenitici, subangolare, alterata superficialmente. Mediamente consistente fra 13.00-14.00 m, consistente fra 14.00-14.60 m.","4","1","PST","50",528498.9823,4566224.631,555
"263","SC2","13.1","Argilla bruno-nerastra con diffusa ghiaia carbonatica media e fine, con elementi calcilutitici e calcarenitici, subangolare, alterata superficialmente. Mediamente consistente fra 13.00-14.00 m, consistente fra 14.00-14.60 m.","4","1","PST","50",528498.9823,4566224.631,555
"264","SC2","13.15","Argilla bruno-nerastra con diffusa ghiaia carbonatica media e fine, con elementi calcilutitici e calcarenitici, subangolare, alterata superficialmente. Mediamente consistente fra 13.00-14.00 m, consistente fra 14.00-14.60 m.","4","1","PST","50",528498.9823,4566224.631,555
"265","SC2","13.2","Argilla bruno-nerastra con diffusa ghiaia carbonatica media e fine, con elementi calcilutitici e calcarenitici, subangolare, alterata superficialmente. Mediamente consistente fra 13.00-14.00 m, consistente fra 14.00-14.60 m.","4","1","PST","50",528498.9823,4566224.631,555
"266","SC2","13.25","Argilla bruno-nerastra con diffusa ghiaia carbonatica media e fine, con elementi calcilutitici e calcarenitici, subangolare, alterata superficialmente. Mediamente consistente fra 13.00-14.00 m, consistente fra 14.00-14.60 m.","4","1","PST","50",528498.9823,4566224.631,555
"267","SC2","13.3","Argilla bruno-nerastra con diffusa ghiaia carbonatica media e fine, con elementi calcilutitici e calcarenitici, subangolare, alterata superficialmente. Mediamente consistente fra 13.00-14.00 m, consistente fra 14.00-14.60 m.","4","1","PST","50",528498.9823,4566224.631,555
"268","SC2","13.35","Argilla bruno-nerastra con diffusa ghiaia carbonatica media e fine, con elementi calcilutitici e calcarenitici, subangolare, alterata superficialmente. Mediamente consistente fra 13.00-14.00 m, consistente fra 14.00-14.60 m.","4","1","PST","50",528498.9823,4566224.631,555
"269","SC2","13.4","Argilla bruno-nerastra con diffusa ghiaia carbonatica media e fine, con elementi calcilutitici e calcarenitici, subangolare, alterata superficialmente. Mediamente consistente fra 13.00-14.00 m, consistente fra 14.00-14.60 m.","4","1","PST","50",528498.9823,4566224.631,555
"270","SC2","13.45","Argilla bruno-nerastra con diffusa ghiaia carbonatica media e fine, con elementi calcilutitici e calcarenitici, subangolare, alterata superficialmente. Mediamente consistente fra 13.00-14.00 m, consistente fra 14.00-14.60 m.","4","1","PST","50",528498.9823,4566224.631,555
"271","SC2","13.5","Argilla bruno-nerastra con diffusa ghiaia carbonatica media e fine, con elementi calcilutitici e calcarenitici, subangolare, alterata superficialmente. Mediamente consistente fra 13.00-14.00 m, consistente fra 14.00-14.60 m.","4","1","PST","50",528498.9823,4566224.631,555
"272","SC2","13.55","Argilla bruno-nerastra con diffusa ghiaia carbonatica media e fine, con elementi calcilutitici e calcarenitici, subangolare, alterata superficialmente. Mediamente consistente fra 13.00-14.00 m, consistente fra 14.00-14.60 m.","4","1","PST","50",528498.9823,4566224.631,555
"273","SC2","13.6","Argilla bruno-nerastra con diffusa ghiaia carbonatica media e fine, con elementi calcilutitici e calcarenitici, subangolare, alterata superficialmente. Mediamente consistente fra 13.00-14.00 m, consistente fra 14.00-14.60 m.","4","1","PST","50",528498.9823,4566224.631,555
"274","SC2","13.65","Argilla bruno-nerastra con diffusa ghiaia carbonatica media e fine, con elementi calcilutitici e calcarenitici, subangolare, alterata superficialmente. Mediamente consistente fra 13.00-14.00 m, consistente fra 14.00-14.60 m.","4","1","PST","50",528498.9823,4566224.631,555
"275","SC2","13.7","Argilla bruno-nerastra con diffusa ghiaia carbonatica media e fine, con elementi calcilutitici e calcarenitici, subangolare, alterata superficialmente. Mediamente consistente fra 13.00-14.00 m, consistente fra 14.00-14.60 m.","4","1","PST","50",528498.9823,4566224.631,555
"276","SC2","13.75","Argilla bruno-nerastra con diffusa ghiaia carbonatica media e fine, con elementi calcilutitici e calcarenitici, subangolare, alterata superficialmente. Mediamente consistente fra 13.00-14.00 m, consistente fra 14.00-14.60 m.","4","1","PST","50",528498.9823,4566224.631,555
"277","SC2","13.8","Argilla bruno-nerastra con diffusa ghiaia carbonatica media e fine, con elementi calcilutitici e calcarenitici, subangolare, alterata superficialmente. Mediamente consistente fra 13.00-14.00 m, consistente fra 14.00-14.60 m.","4","1","PST","50",528498.9823,4566224.631,555
"278","SC2","13.85","Argilla bruno-nerastra con diffusa ghiaia carbonatica media e fine, con elementi calcilutitici e calcarenitici, subangolare, alterata superficialmente. Mediamente consistente fra 13.00-14.00 m, consistente fra 14.00-14.60 m.","4","1","PST","50",528498.9823,4566224.631,555
"279","SC2","13.9","Argilla bruno-nerastra con diffusa ghiaia carbonatica media e fine, con elementi calcilutitici e calcarenitici, subangolare, alterata superficialmente. Mediamente consistente fra 13.00-14.00 m, consistente fra 14.00-14.60 m.","4","1","PST","50",528498.9823,4566224.631,555
"280","SC2","13.95","Argilla bruno-nerastra con diffusa ghiaia carbonatica media e fine, con elementi calcilutitici e calcarenitici, subangolare, alterata superficialmente. Mediamente consistente fra 13.00-14.00 m, consistente fra 14.00-14.60 m.","4","1","PST","50",528498.9823,4566224.631,555
"281","SC2","14","Argilla bruno-nerastra con diffusa ghiaia carbonatica media e fine, con elementi calcilutitici e calcarenitici, subangolare, alterata superficialmente. Mediamente consistente fra 13.00-14.00 m, consistente fra 14.00-14.60 m.","4","1","PST","50",528498.9823,4566224.631,555
"282","SC2","14.05","Argilla bruno-nerastra con diffusa ghiaia carbonatica media e fine, con elementi calcilutitici e calcarenitici, subangolare, alterata superficialmente. Mediamente consistente fra 13.00-14.00 m, consistente fra 14.00-14.60 m.","4","1","PST","50",528498.9823,4566224.631,555
"283","SC2","14.1","Argilla bruno-nerastra con diffusa ghiaia carbonatica media e fine, con elementi calcilutitici e calcarenitici, subangolare, alterata superficialmente. Mediamente consistente fra 13.00-14.00 m, consistente fra 14.00-14.60 m.","4","1","PST","50",528498.9823,4566224.631,555
"284","SC2","14.15","Argilla bruno-nerastra con diffusa ghiaia carbonatica media e fine, con elementi calcilutitici e calcarenitici, subangolare, alterata superficialmente. Mediamente consistente fra 13.00-14.00 m, consistente fra 14.00-14.60 m.","4","1","PST","50",528498.9823,4566224.631,555
"285","SC2","14.2","Argilla bruno-nerastra con diffusa ghiaia carbonatica media e fine, con elementi calcilutitici e calcarenitici, subangolare, alterata superficialmente. Mediamente consistente fra 13.00-14.00 m, consistente fra 14.00-14.60 m.","4","1","PST","50",528498.9823,4566224.631,555
"286","SC2","14.25","Argilla bruno-nerastra con diffusa ghiaia carbonatica media e fine, con elementi calcilutitici e calcarenitici, subangolare, alterata superficialmente. Mediamente consistente fra 13.00-14.00 m, consistente fra 14.00-14.60 m.","4","1","PST","50",528498.9823,4566224.631,555
"287","SC2","14.3","Argilla bruno-nerastra con diffusa ghiaia carbonatica media e fine, con elementi calcilutitici e calcarenitici, subangolare, alterata superficialmente. Mediamente consistente fra 13.00-14.00 m, consistente fra 14.00-14.60 m.","4","1","PST","50",528498.9823,4566224.631,555
"288","SC2","14.35","Argilla bruno-nerastra con diffusa ghiaia carbonatica media e fine, con elementi calcilutitici e calcarenitici, subangolare, alterata superficialmente. Mediamente consistente fra 13.00-14.00 m, consistente fra 14.00-14.60 m.","4","1","PST","50",528498.9823,4566224.631,555
"289","SC2","14.4","Argilla bruno-nerastra con diffusa ghiaia carbonatica media e fine, con elementi calcilutitici e calcarenitici, subangolare, alterata superficialmente. Mediamente consistente fra 13.00-14.00 m, consistente fra 14.00-14.60 m.","4","1","PST","50",528498.9823,4566224.631,555
"290","SC2","14.45","Argilla bruno-nerastra con diffusa ghiaia carbonatica media e fine, con elementi calcilutitici e calcarenitici, subangolare, alterata superficialmente. Mediamente consistente fra 13.00-14.00 m, consistente fra 14.00-14.60 m.","4","1","PST","50",528498.9823,4566224.631,555
"291","SC2","14.5","Argilla bruno-nerastra con diffusa ghiaia carbonatica media e fine, con elementi calcilutitici e calcarenitici, subangolare, alterata superficialmente. Mediamente consistente fra 13.00-14.00 m, consistente fra 14.00-14.60 m.","4","1","PST","50",528498.9823,4566224.631,555
"292","SC2","14.55","Argilla bruno-nerastra con diffusa ghiaia carbonatica media e fine, con elementi calcilutitici e calcarenitici, subangolare, alterata superficialmente. Mediamente consistente fra 13.00-14.00 m, consistente fra 14.00-14.60 m.","4","1","PST","50",528498.9823,4566224.631,555
"293","SC2","14.6","Argilla bruno-nerastra con diffusa ghiaia carbonatica media e fine, con elementi calcilutitici e calcarenitici, subangolare, alterata superficialmente. Mediamente consistente fra 13.00-14.00 m, consistente fra 14.00-14.60 m.","4","1","PST","50",528498.9823,4566224.631,555
"294","SC2","14.65","Argilla bruno-nerastra con diffusa ghiaia carbonatica media e fine, con elementi calcilutitici e calcarenitici, subangolare, alterata superficialmente. Mediamente consistente.","4","1","PST","50",528498.9823,4566224.631,555
"295","SC2","14.7","Argilla bruno-nerastra con diffusa ghiaia carbonatica media e fine, con elementi calcilutitici e calcarenitici, subangolare, alterata superficialmente. Mediamente consistente.","4","1","PST","50",528498.9823,4566224.631,555
"296","SC2","14.75","Argilla bruno-nerastra con diffusa ghiaia carbonatica media e fine, con elementi calcilutitici e calcarenitici, subangolare, alterata superficialmente. Mediamente consistente.","4","1","PST","50",528498.9823,4566224.631,555
"297","SC2","14.8","Argilla bruno-nerastra con diffusa ghiaia carbonatica media e fine, con elementi calcilutitici e calcarenitici, subangolare, alterata superficialmente. Mediamente consistente.","4","1","PST","50",528498.9823,4566224.631,555
"298","SC2","14.85","Argilla bruno-nerastra con diffusa ghiaia carbonatica media e fine, con elementi calcilutitici e calcarenitici, subangolare, alterata superficialmente. Mediamente consistente.","4","1","PST","50",528498.9823,4566224.631,555
"299","SC2","14.9","Argilla bruno-nerastra con diffusa ghiaia carbonatica media e fine, con elementi calcilutitici e calcarenitici, subangolare, alterata superficialmente. Mediamente consistente.","4","1","PST","50",528498.9823,4566224.631,555
"300","SC2","14.95","Argilla bruno-nerastra con diffusa ghiaia carbonatica media e fine, con elementi calcilutitici e calcarenitici, subangolare, alterata superficialmente. Mediamente consistente.","4","1","PST","50",528498.9823,4566224.631,555
"301","SC2","15","Argilla bruno-nerastra con diffusa ghiaia carbonatica media e fine, con elementi calcilutitici e calcarenitici, subangolare, alterata superficialmente. Mediamente consistente.","4","1","PST","50",528498.9823,4566224.631,555
"302","SC2","15.05","Argilla marrone-verdastra con livelli alterati giallo-rossastri, con materiale carbonatico sia pulverulento che litificato di forma globulare. Ciottoli calcarenitici sparsi (forse in livelli). Noduli millimetrici carboniosi neri (teneri alla pressione). La consistenza varia in funzione del grado di alterazione (da consistente a mediamente consistente). Asciutta.","3","1","PST","50",528498.9823,4566224.631,555
"303","SC2","15.1","Argilla marrone-verdastra con livelli alterati giallo-rossastri, con materiale carbonatico sia pulverulento che litificato di forma globulare. Ciottoli calcarenitici sparsi (forse in livelli). Noduli millimetrici carboniosi neri (teneri alla pressione). La consistenza varia in funzione del grado di alterazione (da consistente a mediamente consistente). Asciutta.","3","1","PST","50",528498.9823,4566224.631,555
"304","SC2","15.15","Argilla marrone-verdastra con livelli alterati giallo-rossastri, con materiale carbonatico sia pulverulento che litificato di forma globulare. Ciottoli calcarenitici sparsi (forse in livelli). Noduli millimetrici carboniosi neri (teneri alla pressione). La consistenza varia in funzione del grado di alterazione (da consistente a mediamente consistente). Asciutta.","3","1","PST","50",528498.9823,4566224.631,555
"305","SC2","15.2","Argilla marrone-verdastra con livelli alterati giallo-rossastri, con materiale carbonatico sia pulverulento che litificato di forma globulare. Ciottoli calcarenitici sparsi (forse in livelli). Noduli millimetrici carboniosi neri (teneri alla pressione). La consistenza varia in funzione del grado di alterazione (da consistente a mediamente consistente). Asciutta.","3","1","PST","50",528498.9823,4566224.631,555
"306","SC2","15.25","Argilla marrone-verdastra con livelli alterati giallo-rossastri, con materiale carbonatico sia pulverulento che litificato di forma globulare. Ciottoli calcarenitici sparsi (forse in livelli). Noduli millimetrici carboniosi neri (teneri alla pressione). La consistenza varia in funzione del grado di alterazione (da consistente a mediamente consistente). Asciutta.","3","1","PST","50",528498.9823,4566224.631,555
"307","SC2","15.3","Argilla marrone-verdastra con livelli alterati giallo-rossastri, con materiale carbonatico sia pulverulento che litificato di forma globulare. Ciottoli calcarenitici sparsi (forse in livelli). Noduli millimetrici carboniosi neri (teneri alla pressione). La consistenza varia in funzione del grado di alterazione (da consistente a mediamente consistente). Asciutta.","3","1","PST","50",528498.9823,4566224.631,555
"308","SC2","15.35","Argilla marrone-verdastra con livelli alterati giallo-rossastri, con materiale carbonatico sia pulverulento che litificato di forma globulare. Ciottoli calcarenitici sparsi (forse in livelli). Noduli millimetrici carboniosi neri (teneri alla pressione). La consistenza varia in funzione del grado di alterazione (da consistente a mediamente consistente). Asciutta.","3","1","PST","50",528498.9823,4566224.631,555
"309","SC2","15.4","Argilla marrone-verdastra con livelli alterati giallo-rossastri, con materiale carbonatico sia pulverulento che litificato di forma globulare. Ciottoli calcarenitici sparsi (forse in livelli). Noduli millimetrici carboniosi neri (teneri alla pressione). La consistenza varia in funzione del grado di alterazione (da consistente a mediamente consistente). Asciutta.","3","1","PST","50",528498.9823,4566224.631,555
"310","SC2","15.45","Argilla marrone-verdastra con livelli alterati giallo-rossastri, con materiale carbonatico sia pulverulento che litificato di forma globulare. Ciottoli calcarenitici sparsi (forse in livelli). Noduli millimetrici carboniosi neri (teneri alla pressione). La consistenza varia in funzione del grado di alterazione (da consistente a mediamente consistente). Asciutta.","3","1","PST","50",528498.9823,4566224.631,555
"311","SC2","15.5","Argilla marrone-verdastra con livelli alterati giallo-rossastri, con materiale carbonatico sia pulverulento che litificato di forma globulare. Ciottoli calcarenitici sparsi (forse in livelli). Noduli millimetrici carboniosi neri (teneri alla pressione). La consistenza varia in funzione del grado di alterazione (da consistente a mediamente consistente). Asciutta.","3","1","PST","50",528498.9823,4566224.631,555
"312","SC2","15.55","Argilla marrone-verdastra con livelli alterati giallo-rossastri, con materiale carbonatico sia pulverulento che litificato di forma globulare. Ciottoli calcarenitici sparsi (forse in livelli). Noduli millimetrici carboniosi neri (teneri alla pressione). La consistenza varia in funzione del grado di alterazione (da consistente a mediamente consistente). Asciutta.","3","1","PST","50",528498.9823,4566224.631,555
"313","SC2","15.6","Argilla marrone-verdastra con livelli alterati giallo-rossastri, con materiale carbonatico sia pulverulento che litificato di forma globulare. Ciottoli calcarenitici sparsi (forse in livelli). Noduli millimetrici carboniosi neri (teneri alla pressione). La consistenza varia in funzione del grado di alterazione (da consistente a mediamente consistente). Asciutta.","3","1","PST","50",528498.9823,4566224.631,555
"314","SC2","15.65","Argilla marrone-verdastra con livelli alterati giallo-rossastri, con materiale carbonatico sia pulverulento che litificato di forma globulare. Ciottoli calcarenitici sparsi (forse in livelli). Noduli millimetrici carboniosi neri (teneri alla pressione). La consistenza varia in funzione del grado di alterazione (da consistente a mediamente consistente). Asciutta.","3","1","PST","50",528498.9823,4566224.631,555
"315","SC2","15.7","Argilla marrone-verdastra con livelli alterati giallo-rossastri, con materiale carbonatico sia pulverulento che litificato di forma globulare. Ciottoli calcarenitici sparsi (forse in livelli). Noduli millimetrici carboniosi neri (teneri alla pressione). La consistenza varia in funzione del grado di alterazione (da consistente a mediamente consistente). Asciutta.","3","1","PST","50",528498.9823,4566224.631,555
"316","SC2","15.75","Argilla marrone-verdastra con livelli alterati giallo-rossastri, con materiale carbonatico sia pulverulento che litificato di forma globulare. Ciottoli calcarenitici sparsi (forse in livelli). Noduli millimetrici carboniosi neri (teneri alla pressione). La consistenza varia in funzione del grado di alterazione (da consistente a mediamente consistente). Asciutta.","3","1","PST","50",528498.9823,4566224.631,555
"317","SC2","15.8","Argilla marrone-verdastra con livelli alterati giallo-rossastri, con materiale carbonatico sia pulverulento che litificato di forma globulare. Ciottoli calcarenitici sparsi (forse in livelli). Noduli millimetrici carboniosi neri (teneri alla pressione). La consistenza varia in funzione del grado di alterazione (da consistente a mediamente consistente). Asciutta.","3","1","PST","50",528498.9823,4566224.631,555
"318","SC2","15.85","Argilla marrone-verdastra con livelli alterati giallo-rossastri, con materiale carbonatico sia pulverulento che litificato di forma globulare. Ciottoli calcarenitici sparsi (forse in livelli). Noduli millimetrici carboniosi neri (teneri alla pressione). La consistenza varia in funzione del grado di alterazione (da consistente a mediamente consistente). Asciutta.","3","1","PST","50",528498.9823,4566224.631,555
"319","SC2","15.9","Argilla marrone-verdastra con livelli alterati giallo-rossastri, con materiale carbonatico sia pulverulento che litificato di forma globulare. Ciottoli calcarenitici sparsi (forse in livelli). Noduli millimetrici carboniosi neri (teneri alla pressione). La consistenza varia in funzione del grado di alterazione (da consistente a mediamente consistente). Asciutta.","3","1","PST","50",528498.9823,4566224.631,555
"320","SC2","15.95","Argilla marrone-verdastra con livelli alterati giallo-rossastri, con materiale carbonatico sia pulverulento che litificato di forma globulare. Ciottoli calcarenitici sparsi (forse in livelli). Noduli millimetrici carboniosi neri (teneri alla pressione). La consistenza varia in funzione del grado di alterazione (da consistente a mediamente consistente). Asciutta.","3","1","PST","50",528498.9823,4566224.631,555
"321","SC2","16","Argilla marrone-verdastra con livelli alterati giallo-rossastri, con materiale carbonatico sia pulverulento che litificato di forma globulare. Ciottoli calcarenitici sparsi (forse in livelli). Noduli millimetrici carboniosi neri (teneri alla pressione). La consistenza varia in funzione del grado di alterazione (da consistente a mediamente consistente). Asciutta.","3","1","PST","50",528498.9823,4566224.631,555
"322","SC2","16.05","Argilla marrone-verdastra con livelli alterati giallo-rossastri, con materiale carbonatico sia pulverulento che litificato di forma globulare. Ciottoli calcarenitici sparsi (forse in livelli). Noduli millimetrici carboniosi neri (teneri alla pressione). La consistenza varia in funzione del grado di alterazione (da consistente a mediamente consistente). Asciutta.","3","1","PST","50",528498.9823,4566224.631,555
"323","SC2","16.1","Argilla marrone-verdastra con livelli alterati giallo-rossastri, con materiale carbonatico sia pulverulento che litificato di forma globulare. Ciottoli calcarenitici sparsi (forse in livelli). Noduli millimetrici carboniosi neri (teneri alla pressione). La consistenza varia in funzione del grado di alterazione (da consistente a mediamente consistente). Asciutta.","3","1","PST","50",528498.9823,4566224.631,555
"324","SC2","16.15","Argilla marrone-verdastra con livelli alterati giallo-rossastri, con materiale carbonatico sia pulverulento che litificato di forma globulare. Ciottoli calcarenitici sparsi (forse in livelli). Noduli millimetrici carboniosi neri (teneri alla pressione). La consistenza varia in funzione del grado di alterazione (da consistente a mediamente consistente). Asciutta.","3","1","PST","50",528498.9823,4566224.631,555
"325","SC2","16.2","Argilla marrone-verdastra con livelli alterati giallo-rossastri, con materiale carbonatico sia pulverulento che litificato di forma globulare. Ciottoli calcarenitici sparsi (forse in livelli). Noduli millimetrici carboniosi neri (teneri alla pressione). La consistenza varia in funzione del grado di alterazione (da consistente a mediamente consistente). Asciutta.","3","1","PST","50",528498.9823,4566224.631,555
"326","SC2","16.25","Argilla marrone-verdastra con livelli alterati giallo-rossastri, con materiale carbonatico sia pulverulento che litificato di forma globulare. Ciottoli calcarenitici sparsi (forse in livelli). Noduli millimetrici carboniosi neri (teneri alla pressione). La consistenza varia in funzione del grado di alterazione (da consistente a mediamente consistente). Asciutta.","3","1","PST","50",528498.9823,4566224.631,555
"327","SC2","16.3","Argilla marrone-verdastra con livelli alterati giallo-rossastri, con materiale carbonatico sia pulverulento che litificato di forma globulare. Ciottoli calcarenitici sparsi (forse in livelli). Noduli millimetrici carboniosi neri (teneri alla pressione). La consistenza varia in funzione del grado di alterazione (da consistente a mediamente consistente). Asciutta.","3","1","PST","50",528498.9823,4566224.631,555
"328","SC2","16.35","Argilla marrone-verdastra con livelli alterati giallo-rossastri, con materiale carbonatico sia pulverulento che litificato di forma globulare. Ciottoli calcarenitici sparsi (forse in livelli). Noduli millimetrici carboniosi neri (teneri alla pressione). La consistenza varia in funzione del grado di alterazione (da consistente a mediamente consistente). Asciutta.","3","1","PST","50",528498.9823,4566224.631,555
"329","SC2","16.4","Argilla marrone-verdastra con livelli alterati giallo-rossastri, con materiale carbonatico sia pulverulento che litificato di forma globulare. Ciottoli calcarenitici sparsi (forse in livelli). Noduli millimetrici carboniosi neri (teneri alla pressione). La consistenza varia in funzione del grado di alterazione (da consistente a mediamente consistente). Asciutta.","3","1","PST","50",528498.9823,4566224.631,555
"330","SC2","16.45","Argilla marrone-verdastra con livelli alterati giallo-rossastri, con materiale carbonatico sia pulverulento che litificato di forma globulare. Ciottoli calcarenitici sparsi (forse in livelli). Noduli millimetrici carboniosi neri (teneri alla pressione). La consistenza varia in funzione del grado di alterazione (da consistente a mediamente consistente). Asciutta.","3","1","PST","50",528498.9823,4566224.631,555
"331","SC2","16.5","Argilla marrone-verdastra con livelli alterati giallo-rossastri, con materiale carbonatico sia pulverulento che litificato di forma globulare. Ciottoli calcarenitici sparsi (forse in livelli). Noduli millimetrici carboniosi neri (teneri alla pressione). La consistenza varia in funzione del grado di alterazione (da consistente a mediamente consistente). Asciutta.","3","1","PST","50",528498.9823,4566224.631,555
"332","SC2","16.55","Argilla marrone-verdastra con livelli alterati giallo-rossastri, con materiale carbonatico sia pulverulento che litificato di forma globulare. Ciottoli calcarenitici sparsi (forse in livelli). Noduli millimetrici carboniosi neri (teneri alla pressione). La consistenza varia in funzione del grado di alterazione (da consistente a mediamente consistente). Asciutta.","3","1","PST","50",528498.9823,4566224.631,555
"333","SC2","16.6","Argilla marrone-verdastra con livelli alterati giallo-rossastri, con materiale carbonatico sia pulverulento che litificato di forma globulare. Ciottoli calcarenitici sparsi (forse in livelli). Noduli millimetrici carboniosi neri (teneri alla pressione). La consistenza varia in funzione del grado di alterazione (da consistente a mediamente consistente). Asciutta.","3","1","PST","50",528498.9823,4566224.631,555
"334","SC2","16.65","Argilla marrone-verdastra con livelli alterati giallo-rossastri, con materiale carbonatico sia pulverulento che litificato di forma globulare. Ciottoli calcarenitici sparsi (forse in livelli). Noduli millimetrici carboniosi neri (teneri alla pressione). La consistenza varia in funzione del grado di alterazione (da consistente a mediamente consistente). Asciutta.","3","1","PST","50",528498.9823,4566224.631,555
"335","SC2","16.7","Argilla marrone-verdastra con livelli alterati giallo-rossastri, con materiale carbonatico sia pulverulento che litificato di forma globulare. Ciottoli calcarenitici sparsi (forse in livelli). Noduli millimetrici carboniosi neri (teneri alla pressione). La consistenza varia in funzione del grado di alterazione (da consistente a mediamente consistente). Asciutta.","3","1","PST","50",528498.9823,4566224.631,555
"336","SC2","16.75","Argilla marrone-verdastra con livelli alterati giallo-rossastri, con materiale carbonatico sia pulverulento che litificato di forma globulare. Ciottoli calcarenitici sparsi (forse in livelli). Noduli millimetrici carboniosi neri (teneri alla pressione). La consistenza varia in funzione del grado di alterazione (da consistente a mediamente consistente). Asciutta.","3","1","PST","50",528498.9823,4566224.631,555
"337","SC2","16.8","Argilla marrone-verdastra con livelli alterati giallo-rossastri, con materiale carbonatico sia pulverulento che litificato di forma globulare. Ciottoli calcarenitici sparsi (forse in livelli). Noduli millimetrici carboniosi neri (teneri alla pressione). La consistenza varia in funzione del grado di alterazione (da consistente a mediamente consistente). Asciutta.","3","1","PST","50",528498.9823,4566224.631,555
"338","SC2","16.85","Argilla marrone-verdastra con livelli alterati giallo-rossastri, con materiale carbonatico sia pulverulento che litificato di forma globulare. Ciottoli calcarenitici sparsi (forse in livelli). Noduli millimetrici carboniosi neri (teneri alla pressione). La consistenza varia in funzione del grado di alterazione (da consistente a mediamente consistente). Asciutta.","3","1","PST","50",528498.9823,4566224.631,555
"339","SC2","16.9","Argilla marrone-verdastra con livelli alterati giallo-rossastri, con materiale carbonatico sia pulverulento che litificato di forma globulare. Ciottoli calcarenitici sparsi (forse in livelli). Noduli millimetrici carboniosi neri (teneri alla pressione). La consistenza varia in funzione del grado di alterazione (da consistente a mediamente consistente). Asciutta.","3","1","PST","50",528498.9823,4566224.631,555
"340","SC2","16.95","Argilla marrone-verdastra con livelli alterati giallo-rossastri, con materiale carbonatico sia pulverulento che litificato di forma globulare. Ciottoli calcarenitici sparsi (forse in livelli). Noduli millimetrici carboniosi neri (teneri alla pressione). La consistenza varia in funzione del grado di alterazione (da consistente a mediamente consistente). Asciutta.","3","1","PST","50",528498.9823,4566224.631,555
"341","SC2","17","Argilla marrone-verdastra con livelli alterati giallo-rossastri, con materiale carbonatico sia pulverulento che litificato di forma globulare. Ciottoli calcarenitici sparsi (forse in livelli). Noduli millimetrici carboniosi neri (teneri alla pressione). La consistenza varia in funzione del grado di alterazione (da consistente a mediamente consistente). Asciutta.","3","1","PST","50",528498.9823,4566224.631,555
"342","SC2","17.05","Argilla marrone-verdastra con livelli alterati giallo-rossastri, con materiale carbonatico sia pulverulento che litificato di forma globulare. Ciottoli calcarenitici sparsi (forse in livelli). Noduli millimetrici carboniosi neri (teneri alla pressione). La consistenza varia in funzione del grado di alterazione (da consistente a mediamente consistente). Asciutta.","3","1","PST","50",528498.9823,4566224.631,555
"343","SC2","17.1","Argilla marrone-verdastra con livelli alterati giallo-rossastri, con materiale carbonatico sia pulverulento che litificato di forma globulare. Ciottoli calcarenitici sparsi (forse in livelli). Noduli millimetrici carboniosi neri (teneri alla pressione). La consistenza varia in funzione del grado di alterazione (da consistente a mediamente consistente). Asciutta.","3","1","PST","50",528498.9823,4566224.631,555
"344","SC2","17.15","Argilla marrone-verdastra con livelli alterati giallo-rossastri, con materiale carbonatico sia pulverulento che litificato di forma globulare. Ciottoli calcarenitici sparsi (forse in livelli). Noduli millimetrici carboniosi neri (teneri alla pressione). La consistenza varia in funzione del grado di alterazione (da consistente a mediamente consistente). Asciutta.","3","1","PST","50",528498.9823,4566224.631,555
"345","SC2","17.2","Argilla marrone-verdastra con livelli alterati giallo-rossastri, con materiale carbonatico sia pulverulento che litificato di forma globulare. Ciottoli calcarenitici sparsi (forse in livelli). Noduli millimetrici carboniosi neri (teneri alla pressione). La consistenza varia in funzione del grado di alterazione (da consistente a mediamente consistente). Asciutta.","3","1","PST","50",528498.9823,4566224.631,555
"346","SC2","17.25","Argilla marrone-verdastra con livelli alterati giallo-rossastri, con materiale carbonatico sia pulverulento che litificato di forma globulare. Ciottoli calcarenitici sparsi (forse in livelli). Noduli millimetrici carboniosi neri (teneri alla pressione). La consistenza varia in funzione del grado di alterazione (da consistente a mediamente consistente). Asciutta.","3","1","PST","50",528498.9823,4566224.631,555
"347","SC2","17.3","Argilla marrone-verdastra con livelli alterati giallo-rossastri, con materiale carbonatico sia pulverulento che litificato di forma globulare. Ciottoli calcarenitici sparsi (forse in livelli). Noduli millimetrici carboniosi neri (teneri alla pressione). La consistenza varia in funzione del grado di alterazione (da consistente a mediamente consistente). Asciutta.","3","1","PST","50",528498.9823,4566224.631,555
"348","SC2","17.35","Argilla marrone-verdastra con livelli alterati giallo-rossastri, con materiale carbonatico sia pulverulento che litificato di forma globulare. Ciottoli calcarenitici sparsi (forse in livelli). Noduli millimetrici carboniosi neri (teneri alla pressione). La consistenza varia in funzione del grado di alterazione (da consistente a mediamente consistente). Asciutta.","3","1","PST","50",528498.9823,4566224.631,555
"349","SC2","17.4","Argilla marrone-verdastra con livelli alterati giallo-rossastri, con materiale carbonatico sia pulverulento che litificato di forma globulare. Ciottoli calcarenitici sparsi (forse in livelli). Noduli millimetrici carboniosi neri (teneri alla pressione). La consistenza varia in funzione del grado di alterazione (da consistente a mediamente consistente). Asciutta.","3","1","PST","50",528498.9823,4566224.631,555
"350","SC2","17.45","Argilla marrone-verdastra con livelli alterati giallo-rossastri, con materiale carbonatico sia pulverulento che litificato di forma globulare. Ciottoli calcarenitici sparsi (forse in livelli). Noduli millimetrici carboniosi neri (teneri alla pressione). La consistenza varia in funzione del grado di alterazione (da consistente a mediamente consistente). Asciutta.","3","1","PST","50",528498.9823,4566224.631,555
"351","SC2","17.5","Argilla marrone-verdastra con livelli alterati giallo-rossastri, con materiale carbonatico sia pulverulento che litificato di forma globulare. Ciottoli calcarenitici sparsi (forse in livelli). Noduli millimetrici carboniosi neri (teneri alla pressione). La consistenza varia in funzione del grado di alterazione (da consistente a mediamente consistente). Asciutta.","3","1","PST","50",528498.9823,4566224.631,555
"352","SC2","17.55","Argilla marrone-verdastra con livelli alterati giallo-rossastri, con materiale carbonatico sia pulverulento che litificato di forma globulare. Ciottoli calcarenitici sparsi (forse in livelli). Noduli millimetrici carboniosi neri (teneri alla pressione). La consistenza varia in funzione del grado di alterazione (da consistente a mediamente consistente). Asciutta.","3","1","PST","50",528498.9823,4566224.631,555
"353","SC2","17.6","Argilla marrone-verdastra con livelli alterati giallo-rossastri, con materiale carbonatico sia pulverulento che litificato di forma globulare. Ciottoli calcarenitici sparsi (forse in livelli). Noduli millimetrici carboniosi neri (teneri alla pressione). La consistenza varia in funzione del grado di alterazione (da consistente a mediamente consistente). Asciutta.","3","1","PST","50",528498.9823,4566224.631,555
"354","SC2","17.65","Argilla marrone-verdastra con livelli alterati giallo-rossastri, con materiale carbonatico sia pulverulento che litificato di forma globulare. Ciottoli calcarenitici sparsi (forse in livelli). Noduli millimetrici carboniosi neri (teneri alla pressione). La consistenza varia in funzione del grado di alterazione (da consistente a mediamente consistente). Asciutta.","3","1","PST","50",528498.9823,4566224.631,555
"355","SC2","17.7","Argilla marrone-verdastra con livelli alterati giallo-rossastri, con materiale carbonatico sia pulverulento che litificato di forma globulare. Ciottoli calcarenitici sparsi (forse in livelli). Noduli millimetrici carboniosi neri (teneri alla pressione). La consistenza varia in funzione del grado di alterazione (da consistente a mediamente consistente). Asciutta.","3","1","PST","50",528498.9823,4566224.631,555
"356","SC2","17.75","Argilla marrone-verdastra con livelli alterati giallo-rossastri, con materiale carbonatico sia pulverulento che litificato di forma globulare. Ciottoli calcarenitici sparsi (forse in livelli). Noduli millimetrici carboniosi neri (teneri alla pressione). La consistenza varia in funzione del grado di alterazione (da consistente a mediamente consistente). Asciutta.","3","1","PST","50",528498.9823,4566224.631,555
"357","SC2","17.8","Argilla marrone-verdastra con livelli alterati giallo-rossastri, con materiale carbonatico sia pulverulento che litificato di forma globulare. Ciottoli calcarenitici sparsi (forse in livelli). Noduli millimetrici carboniosi neri (teneri alla pressione). La consistenza varia in funzione del grado di alterazione (da consistente a mediamente consistente). Asciutta.","3","1","PST","50",528498.9823,4566224.631,555
"358","SC2","17.85","Argilla marrone-verdastra con livelli alterati giallo-rossastri, con materiale carbonatico sia pulverulento che litificato di forma globulare. Ciottoli calcarenitici sparsi (forse in livelli). Noduli millimetrici carboniosi neri (teneri alla pressione). La consistenza varia in funzione del grado di alterazione (da consistente a mediamente consistente). Asciutta.","3","1","PST","50",528498.9823,4566224.631,555
"359","SC2","17.9","Argilla marrone-verdastra con livelli alterati giallo-rossastri, con materiale carbonatico sia pulverulento che litificato di forma globulare. Ciottoli calcarenitici sparsi (forse in livelli). Noduli millimetrici carboniosi neri (teneri alla pressione). La consistenza varia in funzione del grado di alterazione (da consistente a mediamente consistente). Asciutta.","3","1","PST","50",528498.9823,4566224.631,555
"360","SC2","17.95","Argilla marrone-verdastra con livelli alterati giallo-rossastri, con materiale carbonatico sia pulverulento che litificato di forma globulare. Ciottoli calcarenitici sparsi (forse in livelli). Noduli millimetrici carboniosi neri (teneri alla pressione). La consistenza varia in funzione del grado di alterazione (da consistente a mediamente consistente). Asciutta.","3","1","PST","50",528498.9823,4566224.631,555
"361","SC2","18","Argilla marrone-verdastra con livelli alterati giallo-rossastri, con materiale carbonatico sia pulverulento che litificato di forma globulare. Ciottoli calcarenitici sparsi (forse in livelli). Noduli millimetrici carboniosi neri (teneri alla pressione). La consistenza varia in funzione del grado di alterazione (da consistente a mediamente consistente). Asciutta.","3","1","PST","50",528498.9823,4566224.631,555
"362","SC2","18.05","Argilla marrone-verdastra con livelli alterati giallo-rossastri, con materiale carbonatico sia pulverulento che litificato di forma globulare. Ciottoli calcarenitici sparsi (forse in livelli). Noduli millimetrici carboniosi neri (teneri alla pressione). La consistenza varia in funzione del grado di alterazione (da consistente a mediamente consistente). Asciutta.","3","1","PST","50",528498.9823,4566224.631,555
"363","SC2","18.1","Argilla marrone-verdastra con livelli alterati giallo-rossastri, con materiale carbonatico sia pulverulento che litificato di forma globulare. Ciottoli calcarenitici sparsi (forse in livelli). Noduli millimetrici carboniosi neri (teneri alla pressione). La consistenza varia in funzione del grado di alterazione (da consistente a mediamente consistente). Asciutta.","3","1","PST","50",528498.9823,4566224.631,555
"364","SC2","18.15","Argilla marrone-verdastra con livelli alterati giallo-rossastri, con materiale carbonatico sia pulverulento che litificato di forma globulare. Ciottoli calcarenitici sparsi (forse in livelli). Noduli millimetrici carboniosi neri (teneri alla pressione). La consistenza varia in funzione del grado di alterazione (da consistente a mediamente consistente). Asciutta.","3","1","PST","50",528498.9823,4566224.631,555
"365","SC2","18.2","Argilla marrone-verdastra con livelli alterati giallo-rossastri, con materiale carbonatico sia pulverulento che litificato di forma globulare. Ciottoli calcarenitici sparsi (forse in livelli). Noduli millimetrici carboniosi neri (teneri alla pressione). La consistenza varia in funzione del grado di alterazione (da consistente a mediamente consistente). Asciutta.","3","1","PST","50",528498.9823,4566224.631,555
"366","SC2","18.25","Argilla marrone-verdastra con livelli alterati giallo-rossastri, con materiale carbonatico sia pulverulento che litificato di forma globulare. Ciottoli calcarenitici sparsi (forse in livelli). Noduli millimetrici carboniosi neri (teneri alla pressione). La consistenza varia in funzione del grado di alterazione (da consistente a mediamente consistente). Asciutta.","3","1","PST","50",528498.9823,4566224.631,555
"367","SC2","18.3","Argilla marrone-verdastra con livelli alterati giallo-rossastri, con materiale carbonatico sia pulverulento che litificato di forma globulare. Ciottoli calcarenitici sparsi (forse in livelli). Noduli millimetrici carboniosi neri (teneri alla pressione). La consistenza varia in funzione del grado di alterazione (da consistente a mediamente consistente). Asciutta.","3","1","PST","50",528498.9823,4566224.631,555
"368","SC2","18.35","Argilla marrone-verdastra con livelli alterati giallo-rossastri, con materiale carbonatico sia pulverulento che litificato di forma globulare. Ciottoli calcarenitici sparsi (forse in livelli). Noduli millimetrici carboniosi neri (teneri alla pressione). La consistenza varia in funzione del grado di alterazione (da consistente a mediamente consistente). Asciutta.","3","1","PST","50",528498.9823,4566224.631,555
"369","SC2","18.4","Argilla marrone-verdastra con livelli alterati giallo-rossastri, con materiale carbonatico sia pulverulento che litificato di forma globulare. Ciottoli calcarenitici sparsi (forse in livelli). Noduli millimetrici carboniosi neri (teneri alla pressione). La consistenza varia in funzione del grado di alterazione (da consistente a mediamente consistente). Asciutta.","3","1","PST","50",528498.9823,4566224.631,555
"370","SC2","18.45","Argilla marrone-verdastra con livelli alterati giallo-rossastri, con materiale carbonatico sia pulverulento che litificato di forma globulare. Ciottoli calcarenitici sparsi (forse in livelli). Noduli millimetrici carboniosi neri (teneri alla pressione). La consistenza varia in funzione del grado di alterazione (da consistente a mediamente consistente). Asciutta.","3","1","PST","50",528498.9823,4566224.631,555
"371","SC2","18.5","Argilla marrone-verdastra con livelli alterati giallo-rossastri, con materiale carbonatico sia pulverulento che litificato di forma globulare. Ciottoli calcarenitici sparsi (forse in livelli). Noduli millimetrici carboniosi neri (teneri alla pressione). La consistenza varia in funzione del grado di alterazione (da consistente a mediamente consistente). Asciutta.","3","1","PST","50",528498.9823,4566224.631,555
"372","SC2","18.55","Argilla marrone-verdastra con livelli alterati giallo-rossastri, con materiale carbonatico sia pulverulento che litificato di forma globulare. Ciottoli calcarenitici sparsi (forse in livelli). Noduli millimetrici carboniosi neri (teneri alla pressione). La consistenza varia in funzione del grado di alterazione (da consistente a mediamente consistente). Asciutta.","3","1","PST","50",528498.9823,4566224.631,555
"373","SC2","18.6","Argilla marrone-verdastra con livelli alterati giallo-rossastri, con materiale carbonatico sia pulverulento che litificato di forma globulare. Ciottoli calcarenitici sparsi (forse in livelli). Noduli millimetrici carboniosi neri (teneri alla pressione). La consistenza varia in funzione del grado di alterazione (da consistente a mediamente consistente). Asciutta.","3","1","PST","50",528498.9823,4566224.631,555
"374","SC2","18.65","Argilla marrone-verdastra con livelli alterati giallo-rossastri, con materiale carbonatico sia pulverulento che litificato di forma globulare. Ciottoli calcarenitici sparsi (forse in livelli). Noduli millimetrici carboniosi neri (teneri alla pressione). La consistenza varia in funzione del grado di alterazione (da consistente a mediamente consistente). Asciutta.","3","1","PST","50",528498.9823,4566224.631,555
"375","SC2","18.7","Argilla marrone-verdastra con livelli alterati giallo-rossastri, con materiale carbonatico sia pulverulento che litificato di forma globulare. Ciottoli calcarenitici sparsi (forse in livelli). Noduli millimetrici carboniosi neri (teneri alla pressione). La consistenza varia in funzione del grado di alterazione (da consistente a mediamente consistente). Asciutta.","3","1","PST","50",528498.9823,4566224.631,555
"376","SC2","18.75","Argilla marrone-verdastra con livelli alterati giallo-rossastri, con materiale carbonatico sia pulverulento che litificato di forma globulare. Ciottoli calcarenitici sparsi (forse in livelli). Noduli millimetrici carboniosi neri (teneri alla pressione). La consistenza varia in funzione del grado di alterazione (da consistente a mediamente consistente). Asciutta.","3","1","PST","50",528498.9823,4566224.631,555
"377","SC2","18.8","Argilla marrone-verdastra con livelli alterati giallo-rossastri, con materiale carbonatico sia pulverulento che litificato di forma globulare. Ciottoli calcarenitici sparsi (forse in livelli). Noduli millimetrici carboniosi neri (teneri alla pressione). La consistenza varia in funzione del grado di alterazione (da consistente a mediamente consistente). Asciutta.","3","1","PST","50",528498.9823,4566224.631,555
"378","SC2","18.85","Argilla marrone-verdastra con livelli alterati giallo-rossastri, con materiale carbonatico sia pulverulento che litificato di forma globulare. Ciottoli calcarenitici sparsi (forse in livelli). Noduli millimetrici carboniosi neri (teneri alla pressione). La consistenza varia in funzione del grado di alterazione (da consistente a mediamente consistente). Asciutta.","3","1","PST","50",528498.9823,4566224.631,555
"379","SC2","18.9","Argilla marrone-verdastra con livelli alterati giallo-rossastri, con materiale carbonatico sia pulverulento che litificato di forma globulare. Ciottoli calcarenitici sparsi (forse in livelli). Noduli millimetrici carboniosi neri (teneri alla pressione). La consistenza varia in funzione del grado di alterazione (da consistente a mediamente consistente). Asciutta.","3","1","PST","50",528498.9823,4566224.631,555
"380","SC2","18.95","Argilla marrone-verdastra con livelli alterati giallo-rossastri, con materiale carbonatico sia pulverulento che litificato di forma globulare. Ciottoli calcarenitici sparsi (forse in livelli). Noduli millimetrici carboniosi neri (teneri alla pressione). La consistenza varia in funzione del grado di alterazione (da consistente a mediamente consistente). Asciutta.","3","1","PST","50",528498.9823,4566224.631,555
"381","SC2","19","Argilla marrone-verdastra con livelli alterati giallo-rossastri, con materiale carbonatico sia pulverulento che litificato di forma globulare. Ciottoli calcarenitici sparsi (forse in livelli). Noduli millimetrici carboniosi neri (teneri alla pressione). La consistenza varia in funzione del grado di alterazione (da consistente a mediamente consistente). Asciutta.","3","1","PST","50",528498.9823,4566224.631,555
"382","SC2","19.05","Argilla marrone-verdastra con livelli alterati giallo-rossastri, con materiale carbonatico sia pulverulento che litificato di forma globulare. Ciottoli calcarenitici sparsi (forse in livelli). Noduli millimetrici carboniosi neri (teneri alla pressione). La consistenza varia in funzione del grado di alterazione (da consistente a mediamente consistente). Asciutta.","3","1","PST","50",528498.9823,4566224.631,555
"383","SC2","19.1","Argilla marrone-verdastra con livelli alterati giallo-rossastri, con materiale carbonatico sia pulverulento che litificato di forma globulare. Ciottoli calcarenitici sparsi (forse in livelli). Noduli millimetrici carboniosi neri (teneri alla pressione). La consistenza varia in funzione del grado di alterazione (da consistente a mediamente consistente). Asciutta.","3","1","PST","50",528498.9823,4566224.631,555
"384","SC2","19.15","Argilla marrone-verdastra con livelli alterati giallo-rossastri, con materiale carbonatico sia pulverulento che litificato di forma globulare. Ciottoli calcarenitici sparsi (forse in livelli). Noduli millimetrici carboniosi neri (teneri alla pressione). La consistenza varia in funzione del grado di alterazione (da consistente a mediamente consistente). Asciutta.","3","1","PST","50",528498.9823,4566224.631,555
"385","SC2","19.2","Argilla marrone-verdastra con livelli alterati giallo-rossastri, con materiale carbonatico sia pulverulento che litificato di forma globulare. Ciottoli calcarenitici sparsi (forse in livelli). Noduli millimetrici carboniosi neri (teneri alla pressione). La consistenza varia in funzione del grado di alterazione (da consistente a mediamente consistente). Asciutta.","3","1","PST","50",528498.9823,4566224.631,555
"386","SC2","19.25","Argilla marrone-verdastra con livelli alterati giallo-rossastri, con materiale carbonatico sia pulverulento che litificato di forma globulare. Ciottoli calcarenitici sparsi (forse in livelli). Noduli millimetrici carboniosi neri (teneri alla pressione). La consistenza varia in funzione del grado di alterazione (da consistente a mediamente consistente). Asciutta.","3","1","PST","50",528498.9823,4566224.631,555
"387","SC2","19.3","Argilla marrone-verdastra con livelli alterati giallo-rossastri, con materiale carbonatico sia pulverulento che litificato di forma globulare. Ciottoli calcarenitici sparsi (forse in livelli). Noduli millimetrici carboniosi neri (teneri alla pressione). La consistenza varia in funzione del grado di alterazione (da consistente a mediamente consistente). Asciutta.","3","1","PST","50",528498.9823,4566224.631,555
"388","SC2","19.35","Argilla marrone-verdastra con livelli alterati giallo-rossastri, con materiale carbonatico sia pulverulento che litificato di forma globulare. Ciottoli calcarenitici sparsi (forse in livelli). Noduli millimetrici carboniosi neri (teneri alla pressione). La consistenza varia in funzione del grado di alterazione (da consistente a mediamente consistente). Asciutta.","3","1","PST","50",528498.9823,4566224.631,555
"389","SC2","19.4","Argilla marrone-verdastra con livelli alterati giallo-rossastri, con materiale carbonatico sia pulverulento che litificato di forma globulare. Ciottoli calcarenitici sparsi (forse in livelli). Noduli millimetrici carboniosi neri (teneri alla pressione). La consistenza varia in funzione del grado di alterazione (da consistente a mediamente consistente). Asciutta.","3","1","PST","50",528498.9823,4566224.631,555
"390","SC2","19.45","Argilla marrone-verdastra con livelli alterati giallo-rossastri, con materiale carbonatico sia pulverulento che litificato di forma globulare. Ciottoli calcarenitici sparsi (forse in livelli). Noduli millimetrici carboniosi neri (teneri alla pressione). La consistenza varia in funzione del grado di alterazione (da consistente a mediamente consistente). Asciutta.","3","1","PST","50",528498.9823,4566224.631,555
"391","SC2","19.5","Argilla marrone-verdastra con livelli alterati giallo-rossastri, con materiale carbonatico sia pulverulento che litificato di forma globulare. Ciottoli calcarenitici sparsi (forse in livelli). Noduli millimetrici carboniosi neri (teneri alla pressione). La consistenza varia in funzione del grado di alterazione (da consistente a mediamente consistente). Asciutta.","3","1","PST","50",528498.9823,4566224.631,555
"392","SC2","19.55","Argilla marrone-verdastra con livelli alterati giallo-rossastri, con materiale carbonatico sia pulverulento che litificato di forma globulare. Ciottoli calcarenitici sparsi (forse in livelli). Noduli millimetrici carboniosi neri (teneri alla pressione). La consistenza varia in funzione del grado di alterazione (da consistente a mediamente consistente). Asciutta.","3","1","PST","50",528498.9823,4566224.631,555
"393","SC2","19.6","Argilla marrone-verdastra con livelli alterati giallo-rossastri, con materiale carbonatico sia pulverulento che litificato di forma globulare. Ciottoli calcarenitici sparsi (forse in livelli). Noduli millimetrici carboniosi neri (teneri alla pressione). La consistenza varia in funzione del grado di alterazione (da consistente a mediamente consistente). Asciutta.","3","1","PST","50",528498.9823,4566224.631,555
"394","SC2","19.65","Argilla marrone-verdastra con livelli alterati giallo-rossastri, con materiale carbonatico sia pulverulento che litificato di forma globulare. Ciottoli calcarenitici sparsi (forse in livelli). Noduli millimetrici carboniosi neri (teneri alla pressione). La consistenza varia in funzione del grado di alterazione (da consistente a mediamente consistente). Asciutta.","3","1","PST","50",528498.9823,4566224.631,555
"395","SC2","19.7","Argilla marrone-verdastra con livelli alterati giallo-rossastri, con materiale carbonatico sia pulverulento che litificato di forma globulare. Ciottoli calcarenitici sparsi (forse in livelli). Noduli millimetrici carboniosi neri (teneri alla pressione). La consistenza varia in funzione del grado di alterazione (da consistente a mediamente consistente). Asciutta.","3","1","PST","50",528498.9823,4566224.631,555
"396","SC2","19.75","Argilla marrone-verdastra con livelli alterati giallo-rossastri, con materiale carbonatico sia pulverulento che litificato di forma globulare. Ciottoli calcarenitici sparsi (forse in livelli). Noduli millimetrici carboniosi neri (teneri alla pressione). La consistenza varia in funzione del grado di alterazione (da consistente a mediamente consistente). Asciutta.","3","1","PST","50",528498.9823,4566224.631,555
"397","SC2","19.8","Argilla marrone-verdastra con livelli alterati giallo-rossastri, con materiale carbonatico sia pulverulento che litificato di forma globulare. Ciottoli calcarenitici sparsi (forse in livelli). Noduli millimetrici carboniosi neri (teneri alla pressione). La consistenza varia in funzione del grado di alterazione (da consistente a mediamente consistente). Asciutta.","3","1","PST","50",528498.9823,4566224.631,555
"398","SC2","19.85","Argilla marrone-verdastra con livelli alterati giallo-rossastri, con materiale carbonatico sia pulverulento che litificato di forma globulare. Ciottoli calcarenitici sparsi (forse in livelli). Noduli millimetrici carboniosi neri (teneri alla pressione). La consistenza varia in funzione del grado di alterazione (da consistente a mediamente consistente). Asciutta.","3","1","PST","50",528498.9823,4566224.631,555
"399","SC2","19.9","Argilla marrone-verdastra con livelli alterati giallo-rossastri, con materiale carbonatico sia pulverulento che litificato di forma globulare. Ciottoli calcarenitici sparsi (forse in livelli). Noduli millimetrici carboniosi neri (teneri alla pressione). La consistenza varia in funzione del grado di alterazione (da consistente a mediamente consistente). Asciutta.","3","1","PST","50",528498.9823,4566224.631,555
"400","SC2","19.95","Argilla marrone-verdastra con livelli alterati giallo-rossastri, con materiale carbonatico sia pulverulento che litificato di forma globulare. Ciottoli calcarenitici sparsi (forse in livelli). Noduli millimetrici carboniosi neri (teneri alla pressione). La consistenza varia in funzione del grado di alterazione (da consistente a mediamente consistente). Asciutta.","3","1","PST","50",528498.9823,4566224.631,555
"401","SC2","20","Argilla marrone-verdastra con livelli alterati giallo-rossastri, con materiale carbonatico sia pulverulento che litificato di forma globulare. Ciottoli calcarenitici sparsi (forse in livelli). Noduli millimetrici carboniosi neri (teneri alla pressione). La consistenza varia in funzione del grado di alterazione (da consistente a mediamente consistente). Asciutta.","3","1","PST","50",528498.9823,4566224.631,555
"402","SC2","20.05","Argilla marrone-verdastra con livelli alterati giallo-rossastri, con materiale carbonatico sia pulverulento che litificato di forma globulare. Ciottoli calcarenitici sparsi (forse in livelli). Noduli millimetrici carboniosi neri (teneri alla pressione). La consistenza varia in funzione del grado di alterazione (da consistente a mediamente consistente). Asciutta.","3","1","PST","50",528498.9823,4566224.631,555
"403","SC2","20.1","Argilla marrone-verdastra con livelli alterati giallo-rossastri, con materiale carbonatico sia pulverulento che litificato di forma globulare. Ciottoli calcarenitici sparsi (forse in livelli). Noduli millimetrici carboniosi neri (teneri alla pressione). La consistenza varia in funzione del grado di alterazione (da consistente a mediamente consistente). Asciutta.","3","1","PST","50",528498.9823,4566224.631,555
"404","SC2","20.15","Argilla marrone-verdastra con livelli alterati giallo-rossastri, con materiale carbonatico sia pulverulento che litificato di forma globulare. Ciottoli calcarenitici sparsi (forse in livelli). Noduli millimetrici carboniosi neri (teneri alla pressione). La consistenza varia in funzione del grado di alterazione (da consistente a mediamente consistente). Asciutta.","3","1","PST","50",528498.9823,4566224.631,555
"405","SC2","20.2","Argilla marrone-verdastra con livelli alterati giallo-rossastri, con materiale carbonatico sia pulverulento che litificato di forma globulare. Ciottoli calcarenitici sparsi (forse in livelli). Noduli millimetrici carboniosi neri (teneri alla pressione). La consistenza varia in funzione del grado di alterazione (da consistente a mediamente consistente). Asciutta.","3","1","PST","50",528498.9823,4566224.631,555
"406","SC2","20.25","Argilla marrone-verdastra con livelli alterati giallo-rossastri, con materiale carbonatico sia pulverulento che litificato di forma globulare. Ciottoli calcarenitici sparsi (forse in livelli). Noduli millimetrici carboniosi neri (teneri alla pressione). La consistenza varia in funzione del grado di alterazione (da consistente a mediamente consistente). Asciutta.","3","1","PST","50",528498.9823,4566224.631,555
"407","SC2","20.3","Argilla marrone-verdastra con livelli alterati giallo-rossastri, con materiale carbonatico sia pulverulento che litificato di forma globulare. Ciottoli calcarenitici sparsi (forse in livelli). Noduli millimetrici carboniosi neri (teneri alla pressione). La consistenza varia in funzione del grado di alterazione (da consistente a mediamente consistente). Asciutta.","3","1","PST","50",528498.9823,4566224.631,555
"408","SC2","20.35","Argilla marrone-verdastra con livelli alterati giallo-rossastri, con materiale carbonatico sia pulverulento che litificato di forma globulare. Ciottoli calcarenitici sparsi (forse in livelli). Noduli millimetrici carboniosi neri (teneri alla pressione). La consistenza varia in funzione del grado di alterazione (da consistente a mediamente consistente). Asciutta.","3","1","PST","50",528498.9823,4566224.631,555
"409","SC2","20.4","Argilla marrone-verdastra con livelli alterati giallo-rossastri, con materiale carbonatico sia pulverulento che litificato di forma globulare. Ciottoli calcarenitici sparsi (forse in livelli). Noduli millimetrici carboniosi neri (teneri alla pressione). La consistenza varia in funzione del grado di alterazione (da consistente a mediamente consistente). Asciutta.","3","1","PST","50",528498.9823,4566224.631,555
"410","SC2","20.45","Argilla marrone-verdastra con livelli alterati giallo-rossastri, con materiale carbonatico sia pulverulento che litificato di forma globulare. Ciottoli calcarenitici sparsi (forse in livelli). Noduli millimetrici carboniosi neri (teneri alla pressione). La consistenza varia in funzione del grado di alterazione (da consistente a mediamente consistente). Asciutta.","3","1","PST","50",528498.9823,4566224.631,555
"411","SC2","20.5","Argilla marrone-verdastra con livelli alterati giallo-rossastri, con materiale carbonatico sia pulverulento che litificato di forma globulare. Ciottoli calcarenitici sparsi (forse in livelli). Noduli millimetrici carboniosi neri (teneri alla pressione). La consistenza varia in funzione del grado di alterazione (da consistente a mediamente consistente). Asciutta.","3","1","PST","50",528498.9823,4566224.631,555
"412","SC2","20.55","Argilla marrone-verdastra con livelli alterati giallo-rossastri, con materiale carbonatico sia pulverulento che litificato di forma globulare. Ciottoli calcarenitici sparsi (forse in livelli). Noduli millimetrici carboniosi neri (teneri alla pressione). La consistenza varia in funzione del grado di alterazione (da consistente a mediamente consistente). Asciutta.","3","1","PST","50",528498.9823,4566224.631,555
"413","SC2","20.6","Argilla marrone-verdastra con livelli alterati giallo-rossastri, con materiale carbonatico sia pulverulento che litificato di forma globulare. Ciottoli calcarenitici sparsi (forse in livelli). Noduli millimetrici carboniosi neri (teneri alla pressione). La consistenza varia in funzione del grado di alterazione (da consistente a mediamente consistente). Asciutta.","3","1","PST","50",528498.9823,4566224.631,555
"414","SC2","20.65","Argilla marrone-verdastra con livelli alterati giallo-rossastri, con materiale carbonatico sia pulverulento che litificato di forma globulare. Ciottoli calcarenitici sparsi (forse in livelli). Noduli millimetrici carboniosi neri (teneri alla pressione). La consistenza varia in funzione del grado di alterazione (da consistente a mediamente consistente). Asciutta.","3","1","PST","50",528498.9823,4566224.631,555
"415","SC2","20.7","Argilla marrone-verdastra con livelli alterati giallo-rossastri, con materiale carbonatico sia pulverulento che litificato di forma globulare. Ciottoli calcarenitici sparsi (forse in livelli). Noduli millimetrici carboniosi neri (teneri alla pressione). La consistenza varia in funzione del grado di alterazione (da consistente a mediamente consistente). Asciutta.","3","1","PST","50",528498.9823,4566224.631,555
"416","SC2","20.75","Argilla marrone-verdastra con livelli alterati giallo-rossastri, con materiale carbonatico sia pulverulento che litificato di forma globulare. Ciottoli calcarenitici sparsi (forse in livelli). Noduli millimetrici carboniosi neri (teneri alla pressione). La consistenza varia in funzione del grado di alterazione (da consistente a mediamente consistente). Asciutta.","3","1","PST","50",528498.9823,4566224.631,555
"417","SC2","20.8","Argilla marrone-verdastra con livelli alterati giallo-rossastri, con materiale carbonatico sia pulverulento che litificato di forma globulare. Ciottoli calcarenitici sparsi (forse in livelli). Noduli millimetrici carboniosi neri (teneri alla pressione). La consistenza varia in funzione del grado di alterazione (da consistente a mediamente consistente). Asciutta.","3","1","PST","50",528498.9823,4566224.631,555
"418","SC2","20.85","Argilla marrone-verdastra con livelli alterati giallo-rossastri, con materiale carbonatico sia pulverulento che litificato di forma globulare. Ciottoli calcarenitici sparsi (forse in livelli). Noduli millimetrici carboniosi neri (teneri alla pressione). La consistenza varia in funzione del grado di alterazione (da consistente a mediamente consistente). Asciutta.","3","1","PST","50",528498.9823,4566224.631,555
"419","SC2","20.9","Argilla marrone-verdastra con livelli alterati giallo-rossastri, con materiale carbonatico sia pulverulento che litificato di forma globulare. Ciottoli calcarenitici sparsi (forse in livelli). Noduli millimetrici carboniosi neri (teneri alla pressione). La consistenza varia in funzione del grado di alterazione (da consistente a mediamente consistente). Asciutta.","3","1","PST","50",528498.9823,4566224.631,555
"420","SC2","20.95","Argilla marrone-verdastra con livelli alterati giallo-rossastri, con materiale carbonatico sia pulverulento che litificato di forma globulare. Ciottoli calcarenitici sparsi (forse in livelli). Noduli millimetrici carboniosi neri (teneri alla pressione). La consistenza varia in funzione del grado di alterazione (da consistente a mediamente consistente). Asciutta.","3","1","PST","50",528498.9823,4566224.631,555
"421","SC2","21","Argilla marrone-verdastra con livelli alterati giallo-rossastri, con materiale carbonatico sia pulverulento che litificato di forma globulare. Ciottoli calcarenitici sparsi (forse in livelli). Noduli millimetrici carboniosi neri (teneri alla pressione). La consistenza varia in funzione del grado di alterazione (da consistente a mediamente consistente). Asciutta.","3","1","PST","50",528498.9823,4566224.631,555
"422","SC2","21.05","Argilla marrone-verdastra con livelli alterati giallo-rossastri, con materiale carbonatico sia pulverulento che litificato di forma globulare. Ciottoli calcarenitici sparsi (forse in livelli). Noduli millimetrici carboniosi neri (teneri alla pressione). La consistenza varia in funzione del grado di alterazione (da consistente a mediamente consistente). Asciutta.","3","1","PST","50",528498.9823,4566224.631,555
"423","SC2","21.1","Argilla marrone-verdastra con livelli alterati giallo-rossastri, con materiale carbonatico sia pulverulento che litificato di forma globulare. Ciottoli calcarenitici sparsi (forse in livelli). Noduli millimetrici carboniosi neri (teneri alla pressione). La consistenza varia in funzione del grado di alterazione (da consistente a mediamente consistente). Asciutta.","3","1","PST","50",528498.9823,4566224.631,555
"424","SC2","21.15","Argilla marrone-verdastra con livelli alterati giallo-rossastri, con materiale carbonatico sia pulverulento che litificato di forma globulare. Ciottoli calcarenitici sparsi (forse in livelli). Noduli millimetrici carboniosi neri (teneri alla pressione). La consistenza varia in funzione del grado di alterazione (da consistente a mediamente consistente). Asciutta.","3","1","PST","50",528498.9823,4566224.631,555
"425","SC2","21.2","Argilla marrone-verdastra con livelli alterati giallo-rossastri, con materiale carbonatico sia pulverulento che litificato di forma globulare. Ciottoli calcarenitici sparsi (forse in livelli). Noduli millimetrici carboniosi neri (teneri alla pressione). La consistenza varia in funzione del grado di alterazione (da consistente a mediamente consistente). Asciutta.","3","1","PST","50",528498.9823,4566224.631,555
"426","SC2","21.25","Argilla marrone-verdastra con livelli alterati giallo-rossastri, con materiale carbonatico sia pulverulento che litificato di forma globulare. Ciottoli calcarenitici sparsi (forse in livelli). Noduli millimetrici carboniosi neri (teneri alla pressione). La consistenza varia in funzione del grado di alterazione (da consistente a mediamente consistente). Asciutta.","3","1","PST","50",528498.9823,4566224.631,555
"427","SC2","21.3","Argilla marrone-verdastra con livelli alterati giallo-rossastri, con materiale carbonatico sia pulverulento che litificato di forma globulare. Ciottoli calcarenitici sparsi (forse in livelli). Noduli millimetrici carboniosi neri (teneri alla pressione). La consistenza varia in funzione del grado di alterazione (da consistente a mediamente consistente). Asciutta.","3","1","PST","50",528498.9823,4566224.631,555
"428","SC2","21.35","Argilla marrone-verdastra con livelli alterati giallo-rossastri, con materiale carbonatico sia pulverulento che litificato di forma globulare. Ciottoli calcarenitici sparsi (forse in livelli). Noduli millimetrici carboniosi neri (teneri alla pressione). La consistenza varia in funzione del grado di alterazione (da consistente a mediamente consistente). Asciutta.","3","1","PST","50",528498.9823,4566224.631,555
"429","SC2","21.4","Argilla marrone-verdastra con livelli alterati giallo-rossastri, con materiale carbonatico sia pulverulento che litificato di forma globulare. Ciottoli calcarenitici sparsi (forse in livelli). Noduli millimetrici carboniosi neri (teneri alla pressione). La consistenza varia in funzione del grado di alterazione (da consistente a mediamente consistente). Asciutta.","3","1","PST","50",528498.9823,4566224.631,555
"430","SC2","21.45","Argilla marrone-verdastra con livelli alterati giallo-rossastri, con materiale carbonatico sia pulverulento che litificato di forma globulare. Ciottoli calcarenitici sparsi (forse in livelli). Noduli millimetrici carboniosi neri (teneri alla pressione). La consistenza varia in funzione del grado di alterazione (da consistente a mediamente consistente). Asciutta.","3","1","PST","50",528498.9823,4566224.631,555
"431","SC2","21.5","Argilla marrone-verdastra con livelli alterati giallo-rossastri, con materiale carbonatico sia pulverulento che litificato di forma globulare. Ciottoli calcarenitici sparsi (forse in livelli). Noduli millimetrici carboniosi neri (teneri alla pressione). La consistenza varia in funzione del grado di alterazione (da consistente a mediamente consistente). Asciutta.","3","1","PST","50",528498.9823,4566224.631,555
"432","SC2","21.55","Argilla marrone-verdastra con livelli alterati giallo-rossastri, con materiale carbonatico sia pulverulento che litificato di forma globulare. Ciottoli calcarenitici sparsi (forse in livelli). Noduli millimetrici carboniosi neri (teneri alla pressione). La consistenza varia in funzione del grado di alterazione (da consistente a mediamente consistente). Asciutta.","3","1","PST","50",528498.9823,4566224.631,555
"433","SC2","21.6","Argilla marrone-verdastra con livelli alterati giallo-rossastri, con materiale carbonatico sia pulverulento che litificato di forma globulare. Ciottoli calcarenitici sparsi (forse in livelli). Noduli millimetrici carboniosi neri (teneri alla pressione). La consistenza varia in funzione del grado di alterazione (da consistente a mediamente consistente). Asciutta.","3","1","PST","50",528498.9823,4566224.631,555
"434","SC2","21.65","Argilla marrone-verdastra con livelli alterati giallo-rossastri, con materiale carbonatico sia pulverulento che litificato di forma globulare. Ciottoli calcarenitici sparsi (forse in livelli). Noduli millimetrici carboniosi neri (teneri alla pressione). La consistenza varia in funzione del grado di alterazione (da consistente a mediamente consistente). Asciutta.","3","1","PST","50",528498.9823,4566224.631,555
"435","SC2","21.7","Argilla marrone-verdastra con livelli alterati giallo-rossastri, con materiale carbonatico sia pulverulento che litificato di forma globulare. Ciottoli calcarenitici sparsi (forse in livelli). Noduli millimetrici carboniosi neri (teneri alla pressione). La consistenza varia in funzione del grado di alterazione (da consistente a mediamente consistente). Asciutta.","3","1","PST","50",528498.9823,4566224.631,555
"436","SC2","21.75","Argilla marrone-verdastra con livelli alterati giallo-rossastri, con materiale carbonatico sia pulverulento che litificato di forma globulare. Ciottoli calcarenitici sparsi (forse in livelli). Noduli millimetrici carboniosi neri (teneri alla pressione). La consistenza varia in funzione del grado di alterazione (da consistente a mediamente consistente). Asciutta.","3","1","PST","50",528498.9823,4566224.631,555
"437","SC2","21.8","Argilla marrone-verdastra con livelli alterati giallo-rossastri, con materiale carbonatico sia pulverulento che litificato di forma globulare. Ciottoli calcarenitici sparsi (forse in livelli). Noduli millimetrici carboniosi neri (teneri alla pressione). La consistenza varia in funzione del grado di alterazione (da consistente a mediamente consistente). Asciutta.","3","1","PST","50",528498.9823,4566224.631,555
"438","SC2","21.85","Argilla marrone-verdastra con livelli alterati giallo-rossastri, con materiale carbonatico sia pulverulento che litificato di forma globulare. Ciottoli calcarenitici sparsi (forse in livelli). Noduli millimetrici carboniosi neri (teneri alla pressione). La consistenza varia in funzione del grado di alterazione (da consistente a mediamente consistente). Asciutta.","3","1","PST","50",528498.9823,4566224.631,555
"439","SC2","21.9","Argilla marrone-verdastra con livelli alterati giallo-rossastri, con materiale carbonatico sia pulverulento che litificato di forma globulare. Ciottoli calcarenitici sparsi (forse in livelli). Noduli millimetrici carboniosi neri (teneri alla pressione). La consistenza varia in funzione del grado di alterazione (da consistente a mediamente consistente). Asciutta.","3","1","PST","50",528498.9823,4566224.631,555
"440","SC2","21.95","Argilla marrone-verdastra con livelli alterati giallo-rossastri, con materiale carbonatico sia pulverulento che litificato di forma globulare. Ciottoli calcarenitici sparsi (forse in livelli). Noduli millimetrici carboniosi neri (teneri alla pressione). La consistenza varia in funzione del grado di alterazione (da consistente a mediamente consistente). Asciutta.","3","1","PST","50",528498.9823,4566224.631,555
"441","SC2","22","Argilla marrone-verdastra con livelli alterati giallo-rossastri, con materiale carbonatico sia pulverulento che litificato di forma globulare. Ciottoli calcarenitici sparsi (forse in livelli). Noduli millimetrici carboniosi neri (teneri alla pressione). La consistenza varia in funzione del grado di alterazione (da consistente a mediamente consistente). Asciutta.","3","1","PST","50",528498.9823,4566224.631,555
"442","SC2","22.05","Argilla marrone-verdastra con livelli alterati giallo-rossastri, con materiale carbonatico sia pulverulento che litificato di forma globulare. Ciottoli calcarenitici sparsi (forse in livelli). Noduli millimetrici carboniosi neri (teneri alla pressione). La consistenza varia in funzione del grado di alterazione (da consistente a mediamente consistente). Asciutta.","3","1","PST","50",528498.9823,4566224.631,555
"443","SC2","22.1","Argilla marrone-verdastra con livelli alterati giallo-rossastri, con materiale carbonatico sia pulverulento che litificato di forma globulare. Ciottoli calcarenitici sparsi (forse in livelli). Noduli millimetrici carboniosi neri (teneri alla pressione). La consistenza varia in funzione del grado di alterazione (da consistente a mediamente consistente). Asciutta.","3","1","PST","50",528498.9823,4566224.631,555
"444","SC2","22.15","Argilla marrone-verdastra con livelli alterati giallo-rossastri, con materiale carbonatico sia pulverulento che litificato di forma globulare. Ciottoli calcarenitici sparsi (forse in livelli). Noduli millimetrici carboniosi neri (teneri alla pressione). La consistenza varia in funzione del grado di alterazione (da consistente a mediamente consistente). Asciutta.","3","1","PST","50",528498.9823,4566224.631,555
"445","SC2","22.2","Argilla marrone-verdastra con livelli alterati giallo-rossastri, con materiale carbonatico sia pulverulento che litificato di forma globulare. Ciottoli calcarenitici sparsi (forse in livelli). Noduli millimetrici carboniosi neri (teneri alla pressione). La consistenza varia in funzione del grado di alterazione (da consistente a mediamente consistente). Asciutta.","3","1","PST","50",528498.9823,4566224.631,555
"446","SC2","22.25","Argilla marrone-verdastra con livelli alterati giallo-rossastri, con materiale carbonatico sia pulverulento che litificato di forma globulare. Ciottoli calcarenitici sparsi (forse in livelli). Noduli millimetrici carboniosi neri (teneri alla pressione). La consistenza varia in funzione del grado di alterazione (da consistente a mediamente consistente). Asciutta.","3","1","PST","50",528498.9823,4566224.631,555
"447","SC2","22.3","Argilla marrone-verdastra con livelli alterati giallo-rossastri, con materiale carbonatico sia pulverulento che litificato di forma globulare. Ciottoli calcarenitici sparsi (forse in livelli). Noduli millimetrici carboniosi neri (teneri alla pressione). La consistenza varia in funzione del grado di alterazione (da consistente a mediamente consistente). Asciutta.","3","1","PST","50",528498.9823,4566224.631,555
"448","SC2","22.35","Argilla marrone-verdastra con livelli alterati giallo-rossastri, con materiale carbonatico sia pulverulento che litificato di forma globulare. Ciottoli calcarenitici sparsi (forse in livelli). Noduli millimetrici carboniosi neri (teneri alla pressione). La consistenza varia in funzione del grado di alterazione (da consistente a mediamente consistente). Asciutta.","3","1","PST","50",528498.9823,4566224.631,555
"449","SC2","22.4","Argilla marrone-verdastra con livelli alterati giallo-rossastri, con materiale carbonatico sia pulverulento che litificato di forma globulare. Ciottoli calcarenitici sparsi (forse in livelli). Noduli millimetrici carboniosi neri (teneri alla pressione). La consistenza varia in funzione del grado di alterazione (da consistente a mediamente consistente). Asciutta.","3","1","PST","50",528498.9823,4566224.631,555
"450","SC2","22.45","Argilla marrone-verdastra con livelli alterati giallo-rossastri, con materiale carbonatico sia pulverulento che litificato di forma globulare. Ciottoli calcarenitici sparsi (forse in livelli). Noduli millimetrici carboniosi neri (teneri alla pressione). La consistenza varia in funzione del grado di alterazione (da consistente a mediamente consistente). Asciutta.","3","1","PST","50",528498.9823,4566224.631,555
"451","SC2","22.5","Argilla marrone-verdastra con livelli alterati giallo-rossastri, con materiale carbonatico sia pulverulento che litificato di forma globulare. Ciottoli calcarenitici sparsi (forse in livelli). Noduli millimetrici carboniosi neri (teneri alla pressione). La consistenza varia in funzione del grado di alterazione (da consistente a mediamente consistente). Asciutta.","3","1","PST","50",528498.9823,4566224.631,555
"452","SC2","22.55","Argilla marrone-verdastra con livelli alterati giallo-rossastri, con materiale carbonatico sia pulverulento che litificato di forma globulare. Ciottoli calcarenitici sparsi (forse in livelli). Noduli millimetrici carboniosi neri (teneri alla pressione). La consistenza varia in funzione del grado di alterazione (da consistente a mediamente consistente). Asciutta.","3","1","PST","50",528498.9823,4566224.631,555
"453","SC2","22.6","Argilla marrone-verdastra con livelli alterati giallo-rossastri, con materiale carbonatico sia pulverulento che litificato di forma globulare. Ciottoli calcarenitici sparsi (forse in livelli). Noduli millimetrici carboniosi neri (teneri alla pressione). La consistenza varia in funzione del grado di alterazione (da consistente a mediamente consistente). Asciutta.","3","1","PST","50",528498.9823,4566224.631,555
"454","SC2","22.65","Argilla marrone-verdastra con livelli alterati giallo-rossastri, con materiale carbonatico sia pulverulento che litificato di forma globulare. Ciottoli calcarenitici sparsi (forse in livelli). Noduli millimetrici carboniosi neri (teneri alla pressione). La consistenza varia in funzione del grado di alterazione (da consistente a mediamente consistente). Asciutta.","3","1","PST","50",528498.9823,4566224.631,555
"455","SC2","22.7","Argilla marrone-verdastra con livelli alterati giallo-rossastri, con materiale carbonatico sia pulverulento che litificato di forma globulare. Ciottoli calcarenitici sparsi (forse in livelli). Noduli millimetrici carboniosi neri (teneri alla pressione). La consistenza varia in funzione del grado di alterazione (da consistente a mediamente consistente). Asciutta.","3","1","PST","50",528498.9823,4566224.631,555
"456","SC2","22.75","Argilla marrone-verdastra con livelli alterati giallo-rossastri, con materiale carbonatico sia pulverulento che litificato di forma globulare. Ciottoli calcarenitici sparsi (forse in livelli). Noduli millimetrici carboniosi neri (teneri alla pressione). La consistenza varia in funzione del grado di alterazione (da consistente a mediamente consistente). Asciutta.","3","1","PST","50",528498.9823,4566224.631,555
"457","SC2","22.8","Argilla marrone-verdastra con livelli alterati giallo-rossastri, con materiale carbonatico sia pulverulento che litificato di forma globulare. Ciottoli calcarenitici sparsi (forse in livelli). Noduli millimetrici carboniosi neri (teneri alla pressione). La consistenza varia in funzione del grado di alterazione (da consistente a mediamente consistente). Asciutta.","3","1","PST","50",528498.9823,4566224.631,555
"458","SC2","22.85","Argilla marrone-verdastra con livelli alterati giallo-rossastri, con materiale carbonatico sia pulverulento che litificato di forma globulare. Ciottoli calcarenitici sparsi (forse in livelli). Noduli millimetrici carboniosi neri (teneri alla pressione). La consistenza varia in funzione del grado di alterazione (da consistente a mediamente consistente). Asciutta.","3","1","PST","50",528498.9823,4566224.631,555
"459","SC2","22.9","Argilla marrone-verdastra con livelli alterati giallo-rossastri, con materiale carbonatico sia pulverulento che litificato di forma globulare. Ciottoli calcarenitici sparsi (forse in livelli). Noduli millimetrici carboniosi neri (teneri alla pressione). La consistenza varia in funzione del grado di alterazione (da consistente a mediamente consistente). Asciutta.","3","1","PST","50",528498.9823,4566224.631,555
"460","SC2","22.95","Argilla marrone-verdastra con livelli alterati giallo-rossastri, con materiale carbonatico sia pulverulento che litificato di forma globulare. Ciottoli calcarenitici sparsi (forse in livelli). Noduli millimetrici carboniosi neri (teneri alla pressione). La consistenza varia in funzione del grado di alterazione (da consistente a mediamente consistente). Asciutta.","3","1","PST","50",528498.9823,4566224.631,555
"461","SC2","23","Argilla marrone-verdastra con livelli alterati giallo-rossastri, con materiale carbonatico sia pulverulento che litificato di forma globulare. Ciottoli calcarenitici sparsi (forse in livelli). Noduli millimetrici carboniosi neri (teneri alla pressione). La consistenza varia in funzione del grado di alterazione (da consistente a mediamente consistente). Asciutta.","3","1","PST","50",528498.9823,4566224.631,555
"462","SC2","23.05","Argilla marrone-verdastra con livelli alterati giallo-rossastri, con materiale carbonatico sia pulverulento che litificato di forma globulare. Ciottoli calcarenitici sparsi (forse in livelli). Noduli millimetrici carboniosi neri (teneri alla pressione). La consistenza varia in funzione del grado di alterazione (da consistente a mediamente consistente). Asciutta.","3","1","PST","50",528498.9823,4566224.631,555
"463","SC2","23.1","Argilla marrone-verdastra con livelli alterati giallo-rossastri, con materiale carbonatico sia pulverulento che litificato di forma globulare. Ciottoli calcarenitici sparsi (forse in livelli). Noduli millimetrici carboniosi neri (teneri alla pressione). La consistenza varia in funzione del grado di alterazione (da consistente a mediamente consistente). Asciutta.","3","1","PST","50",528498.9823,4566224.631,555
"464","SC2","23.15","Argilla marrone-verdastra con livelli alterati giallo-rossastri, con materiale carbonatico sia pulverulento che litificato di forma globulare. Ciottoli calcarenitici sparsi (forse in livelli). Noduli millimetrici carboniosi neri (teneri alla pressione). La consistenza varia in funzione del grado di alterazione (da consistente a mediamente consistente). Asciutta.","3","1","PST","50",528498.9823,4566224.631,555
"465","SC2","23.2","Argilla marrone-verdastra con livelli alterati giallo-rossastri, con materiale carbonatico sia pulverulento che litificato di forma globulare. Ciottoli calcarenitici sparsi (forse in livelli). Noduli millimetrici carboniosi neri (teneri alla pressione). La consistenza varia in funzione del grado di alterazione (da consistente a mediamente consistente). Asciutta.","3","1","PST","50",528498.9823,4566224.631,555
"466","SC2","23.25","Argilla marrone-verdastra con livelli alterati giallo-rossastri, con materiale carbonatico sia pulverulento che litificato di forma globulare. Ciottoli calcarenitici sparsi (forse in livelli). Noduli millimetrici carboniosi neri (teneri alla pressione). La consistenza varia in funzione del grado di alterazione (da consistente a mediamente consistente). Asciutta.","3","1","PST","50",528498.9823,4566224.631,555
"467","SC2","23.3","Argilla marrone-verdastra con livelli alterati giallo-rossastri, con materiale carbonatico sia pulverulento che litificato di forma globulare. Ciottoli calcarenitici sparsi (forse in livelli). Noduli millimetrici carboniosi neri (teneri alla pressione). La consistenza varia in funzione del grado di alterazione (da consistente a mediamente consistente). Asciutta.","3","1","PST","50",528498.9823,4566224.631,555
"468","SC2","23.35","Argilla marrone-verdastra con livelli alterati giallo-rossastri, con materiale carbonatico sia pulverulento che litificato di forma globulare. Ciottoli calcarenitici sparsi (forse in livelli). Noduli millimetrici carboniosi neri (teneri alla pressione). La consistenza varia in funzione del grado di alterazione (da consistente a mediamente consistente). Asciutta.","3","1","PST","50",528498.9823,4566224.631,555
"469","SC2","23.4","Argilla marrone-verdastra con livelli alterati giallo-rossastri, con materiale carbonatico sia pulverulento che litificato di forma globulare. Ciottoli calcarenitici sparsi (forse in livelli). Noduli millimetrici carboniosi neri (teneri alla pressione). La consistenza varia in funzione del grado di alterazione (da consistente a mediamente consistente). Asciutta.","3","1","PST","50",528498.9823,4566224.631,555
"470","SC2","23.45","Argilla marrone-verdastra con livelli alterati giallo-rossastri, con materiale carbonatico sia pulverulento che litificato di forma globulare. Ciottoli calcarenitici sparsi (forse in livelli). Noduli millimetrici carboniosi neri (teneri alla pressione). La consistenza varia in funzione del grado di alterazione (da consistente a mediamente consistente). Asciutta.","3","1","PST","50",528498.9823,4566224.631,555
"471","SC2","23.5","Argilla marrone-verdastra con livelli alterati giallo-rossastri, con materiale carbonatico sia pulverulento che litificato di forma globulare. Ciottoli calcarenitici sparsi (forse in livelli). Noduli millimetrici carboniosi neri (teneri alla pressione). La consistenza varia in funzione del grado di alterazione (da consistente a mediamente consistente). Asciutta.","3","1","PST","50",528498.9823,4566224.631,555
"472","SC2","23.55","Argilla marrone-verdastra con livelli alterati giallo-rossastri, con materiale carbonatico sia pulverulento che litificato di forma globulare. Ciottoli calcarenitici sparsi (forse in livelli). Noduli millimetrici carboniosi neri (teneri alla pressione). La consistenza varia in funzione del grado di alterazione (da consistente a mediamente consistente). Asciutta.","3","1","PST","50",528498.9823,4566224.631,555
"473","SC2","23.6","Argilla marrone-verdastra con livelli alterati giallo-rossastri, con materiale carbonatico sia pulverulento che litificato di forma globulare. Ciottoli calcarenitici sparsi (forse in livelli). Noduli millimetrici carboniosi neri (teneri alla pressione). La consistenza varia in funzione del grado di alterazione (da consistente a mediamente consistente). Asciutta.","3","1","PST","50",528498.9823,4566224.631,555
"474","SC2","23.65","Argilla marrone-verdastra con livelli alterati giallo-rossastri, con materiale carbonatico sia pulverulento che litificato di forma globulare. Ciottoli calcarenitici sparsi (forse in livelli). Noduli millimetrici carboniosi neri (teneri alla pressione). La consistenza varia in funzione del grado di alterazione (da consistente a mediamente consistente). Asciutta.","3","1","PST","50",528498.9823,4566224.631,555
"475","SC2","23.7","Argilla marrone-verdastra con livelli alterati giallo-rossastri, con materiale carbonatico sia pulverulento che litificato di forma globulare. Ciottoli calcarenitici sparsi (forse in livelli). Noduli millimetrici carboniosi neri (teneri alla pressione). La consistenza varia in funzione del grado di alterazione (da consistente a mediamente consistente). Asciutta.","3","1","PST","50",528498.9823,4566224.631,555
"476","SC2","23.75","Argilla marrone-verdastra con livelli alterati giallo-rossastri, con materiale carbonatico sia pulverulento che litificato di forma globulare. Ciottoli calcarenitici sparsi (forse in livelli). Noduli millimetrici carboniosi neri (teneri alla pressione). La consistenza varia in funzione del grado di alterazione (da consistente a mediamente consistente). Asciutta.","3","1","PST","50",528498.9823,4566224.631,555
"477","SC2","23.8","Argilla marrone-verdastra con livelli alterati giallo-rossastri, con materiale carbonatico sia pulverulento che litificato di forma globulare. Ciottoli calcarenitici sparsi (forse in livelli). Noduli millimetrici carboniosi neri (teneri alla pressione). La consistenza varia in funzione del grado di alterazione (da consistente a mediamente consistente). Asciutta.","3","1","PST","50",528498.9823,4566224.631,555
"478","SC2","23.85","Argilla marrone-verdastra con livelli alterati giallo-rossastri, con materiale carbonatico sia pulverulento che litificato di forma globulare. Ciottoli calcarenitici sparsi (forse in livelli). Noduli millimetrici carboniosi neri (teneri alla pressione). La consistenza varia in funzione del grado di alterazione (da consistente a mediamente consistente). Asciutta.","3","1","PST","50",528498.9823,4566224.631,555
"479","SC2","23.9","Argilla marrone-verdastra con livelli alterati giallo-rossastri, con materiale carbonatico sia pulverulento che litificato di forma globulare. Ciottoli calcarenitici sparsi (forse in livelli). Noduli millimetrici carboniosi neri (teneri alla pressione). La consistenza varia in funzione del grado di alterazione (da consistente a mediamente consistente). Asciutta.","3","1","PST","50",528498.9823,4566224.631,555
"480","SC2","23.95","Argilla marrone-verdastra con livelli alterati giallo-rossastri, con materiale carbonatico sia pulverulento che litificato di forma globulare. Ciottoli calcarenitici sparsi (forse in livelli). Noduli millimetrici carboniosi neri (teneri alla pressione). La consistenza varia in funzione del grado di alterazione (da consistente a mediamente consistente). Asciutta.","3","1","PST","50",528498.9823,4566224.631,555
"481","SC2","24","Argilla marrone-verdastra con livelli alterati giallo-rossastri, con materiale carbonatico sia pulverulento che litificato di forma globulare. Ciottoli calcarenitici sparsi (forse in livelli). Noduli millimetrici carboniosi neri (teneri alla pressione). La consistenza varia in funzione del grado di alterazione (da consistente a mediamente consistente). Asciutta.","3","1","PST","50",528498.9823,4566224.631,555
"482","SC2","24.05","Argilla marrone-verdastra con livelli alterati giallo-rossastri, con materiale carbonatico sia pulverulento che litificato di forma globulare. Ciottoli calcarenitici sparsi (forse in livelli). Noduli millimetrici carboniosi neri (teneri alla pressione). La consistenza varia in funzione del grado di alterazione (da consistente a mediamente consistente). Asciutta.","3","1","PST","50",528498.9823,4566224.631,555
"483","SC2","24.1","Argilla marrone-verdastra con livelli alterati giallo-rossastri, con materiale carbonatico sia pulverulento che litificato di forma globulare. Ciottoli calcarenitici sparsi (forse in livelli). Noduli millimetrici carboniosi neri (teneri alla pressione). La consistenza varia in funzione del grado di alterazione (da consistente a mediamente consistente). Asciutta.","3","1","PST","50",528498.9823,4566224.631,555
"484","SC2","24.15","Argilla marrone-verdastra con livelli alterati giallo-rossastri, con materiale carbonatico sia pulverulento che litificato di forma globulare. Ciottoli calcarenitici sparsi (forse in livelli). Noduli millimetrici carboniosi neri (teneri alla pressione). La consistenza varia in funzione del grado di alterazione (da consistente a mediamente consistente). Asciutta.","3","1","PST","50",528498.9823,4566224.631,555
"485","SC2","24.2","Argilla marrone-verdastra con livelli alterati giallo-rossastri, con materiale carbonatico sia pulverulento che litificato di forma globulare. Ciottoli calcarenitici sparsi (forse in livelli). Noduli millimetrici carboniosi neri (teneri alla pressione). La consistenza varia in funzione del grado di alterazione (da consistente a mediamente consistente). Asciutta.","3","1","PST","50",528498.9823,4566224.631,555
"486","SC2","24.25","Argilla marrone-verdastra con livelli alterati giallo-rossastri, con materiale carbonatico sia pulverulento che litificato di forma globulare. Ciottoli calcarenitici sparsi (forse in livelli). Noduli millimetrici carboniosi neri (teneri alla pressione). La consistenza varia in funzione del grado di alterazione (da consistente a mediamente consistente). Asciutta.","3","1","PST","50",528498.9823,4566224.631,555
"487","SC2","24.3","Argilla marrone-verdastra con livelli alterati giallo-rossastri, con materiale carbonatico sia pulverulento che litificato di forma globulare. Ciottoli calcarenitici sparsi (forse in livelli). Noduli millimetrici carboniosi neri (teneri alla pressione). La consistenza varia in funzione del grado di alterazione (da consistente a mediamente consistente). Asciutta.","3","1","PST","50",528498.9823,4566224.631,555
"488","SC2","24.35","Argilla marrone-verdastra con livelli alterati giallo-rossastri, con materiale carbonatico sia pulverulento che litificato di forma globulare. Ciottoli calcarenitici sparsi (forse in livelli). Noduli millimetrici carboniosi neri (teneri alla pressione). La consistenza varia in funzione del grado di alterazione (da consistente a mediamente consistente). Asciutta.","3","1","PST","50",528498.9823,4566224.631,555
"489","SC2","24.4","Argilla marrone-verdastra con livelli alterati giallo-rossastri, con materiale carbonatico sia pulverulento che litificato di forma globulare. Ciottoli calcarenitici sparsi (forse in livelli). Noduli millimetrici carboniosi neri (teneri alla pressione). La consistenza varia in funzione del grado di alterazione (da consistente a mediamente consistente). Asciutta.","3","1","PST","50",528498.9823,4566224.631,555
"490","SC2","24.45","Argilla marrone-verdastra con livelli alterati giallo-rossastri, con materiale carbonatico sia pulverulento che litificato di forma globulare. Ciottoli calcarenitici sparsi (forse in livelli). Noduli millimetrici carboniosi neri (teneri alla pressione). La consistenza varia in funzione del grado di alterazione (da consistente a mediamente consistente). Asciutta.","3","1","PST","50",528498.9823,4566224.631,555
"491","SC2","24.5","Argilla marrone-verdastra con livelli alterati giallo-rossastri, con materiale carbonatico sia pulverulento che litificato di forma globulare. Ciottoli calcarenitici sparsi (forse in livelli). Noduli millimetrici carboniosi neri (teneri alla pressione). La consistenza varia in funzione del grado di alterazione (da consistente a mediamente consistente). Asciutta.","3","1","PST","50",528498.9823,4566224.631,555
"492","SC2","24.55","Argilla marrone-verdastra con livelli alterati giallo-rossastri, con materiale carbonatico sia pulverulento che litificato di forma globulare. Ciottoli calcarenitici sparsi (forse in livelli). Noduli millimetrici carboniosi neri (teneri alla pressione). La consistenza varia in funzione del grado di alterazione (da consistente a mediamente consistente). Asciutta.","3","1","PST","50",528498.9823,4566224.631,555
"493","SC2","24.6","Argilla marrone-verdastra con livelli alterati giallo-rossastri, con materiale carbonatico sia pulverulento che litificato di forma globulare. Ciottoli calcarenitici sparsi (forse in livelli). Noduli millimetrici carboniosi neri (teneri alla pressione). La consistenza varia in funzione del grado di alterazione (da consistente a mediamente consistente). Asciutta.","3","1","PST","50",528498.9823,4566224.631,555
"494","SC2","24.65","Argilla marrone-verdastra con livelli alterati giallo-rossastri, con materiale carbonatico sia pulverulento che litificato di forma globulare. Ciottoli calcarenitici sparsi (forse in livelli). Noduli millimetrici carboniosi neri (teneri alla pressione). La consistenza varia in funzione del grado di alterazione (da consistente a mediamente consistente). Asciutta.","3","1","PST","50",528498.9823,4566224.631,555
"495","SC2","24.7","Argilla marrone-verdastra con livelli alterati giallo-rossastri, con materiale carbonatico sia pulverulento che litificato di forma globulare. Ciottoli calcarenitici sparsi (forse in livelli). Noduli millimetrici carboniosi neri (teneri alla pressione). La consistenza varia in funzione del grado di alterazione (da consistente a mediamente consistente). Asciutta.","3","1","PST","50",528498.9823,4566224.631,555
"496","SC2","24.75","Argilla marrone-verdastra con livelli alterati giallo-rossastri, con materiale carbonatico sia pulverulento che litificato di forma globulare. Ciottoli calcarenitici sparsi (forse in livelli). Noduli millimetrici carboniosi neri (teneri alla pressione). La consistenza varia in funzione del grado di alterazione (da consistente a mediamente consistente). Asciutta.","3","1","PST","50",528498.9823,4566224.631,555
"497","SC2","24.8","Argilla marrone-verdastra con livelli alterati giallo-rossastri, con materiale carbonatico sia pulverulento che litificato di forma globulare. Ciottoli calcarenitici sparsi (forse in livelli). Noduli millimetrici carboniosi neri (teneri alla pressione). La consistenza varia in funzione del grado di alterazione (da consistente a mediamente consistente). Asciutta.","3","1","PST","50",528498.9823,4566224.631,555
"498","SC2","24.85","Argilla marrone-verdastra con livelli alterati giallo-rossastri, con materiale carbonatico sia pulverulento che litificato di forma globulare. Ciottoli calcarenitici sparsi (forse in livelli). Noduli millimetrici carboniosi neri (teneri alla pressione). La consistenza varia in funzione del grado di alterazione (da consistente a mediamente consistente). Asciutta.","3","1","PST","50",528498.9823,4566224.631,555
"499","SC2","24.9","Argilla marrone-verdastra con livelli alterati giallo-rossastri, con materiale carbonatico sia pulverulento che litificato di forma globulare. Ciottoli calcarenitici sparsi (forse in livelli). Noduli millimetrici carboniosi neri (teneri alla pressione). La consistenza varia in funzione del grado di alterazione (da consistente a mediamente consistente). Asciutta.","3","1","PST","50",528498.9823,4566224.631,555
"500","SC2","24.95","Argilla marrone-verdastra con livelli alterati giallo-rossastri, con materiale carbonatico sia pulverulento che litificato di forma globulare. Ciottoli calcarenitici sparsi (forse in livelli). Noduli millimetrici carboniosi neri (teneri alla pressione). La consistenza varia in funzione del grado di alterazione (da consistente a mediamente consistente). Asciutta.","3","1","PST","50",528498.9823,4566224.631,555
"501","SC2","25","Argilla marrone-verdastra con livelli alterati giallo-rossastri, con materiale carbonatico sia pulverulento che litificato di forma globulare. Ciottoli calcarenitici sparsi (forse in livelli). Noduli millimetrici carboniosi neri (teneri alla pressione). La consistenza varia in funzione del grado di alterazione (da consistente a mediamente consistente). Asciutta.","3","1","PST","50",528498.9823,4566224.631,555
"502","SC2","25.05","Argilla marrone-verdastra con livelli alterati giallo-rossastri, con materiale carbonatico sia pulverulento che litificato di forma globulare. Ciottoli calcarenitici sparsi (forse in livelli). Noduli millimetrici carboniosi neri (teneri alla pressione). La consistenza varia in funzione del grado di alterazione (da consistente a mediamente consistente). Asciutta.","3","1","PST","50",528498.9823,4566224.631,555
"503","SC2","25.1","Argilla marrone-verdastra con livelli alterati giallo-rossastri, con materiale carbonatico sia pulverulento che litificato di forma globulare. Ciottoli calcarenitici sparsi (forse in livelli). Noduli millimetrici carboniosi neri (teneri alla pressione). La consistenza varia in funzione del grado di alterazione (da consistente a mediamente consistente). Asciutta.","3","1","PST","50",528498.9823,4566224.631,555
"504","SC2","25.15","Argilla marrone-verdastra con livelli alterati giallo-rossastri, con materiale carbonatico sia pulverulento che litificato di forma globulare. Ciottoli calcarenitici sparsi (forse in livelli). Noduli millimetrici carboniosi neri (teneri alla pressione). La consistenza varia in funzione del grado di alterazione (da consistente a mediamente consistente). Asciutta.","3","1","PST","50",528498.9823,4566224.631,555
"505","SC2","25.2","Argilla marrone-verdastra con livelli alterati giallo-rossastri, con materiale carbonatico sia pulverulento che litificato di forma globulare. Ciottoli calcarenitici sparsi (forse in livelli). Noduli millimetrici carboniosi neri (teneri alla pressione). La consistenza varia in funzione del grado di alterazione (da consistente a mediamente consistente). Asciutta.","3","1","PST","50",528498.9823,4566224.631,555
"506","SC2","25.25","Argilla marrone-verdastra con livelli alterati giallo-rossastri, con materiale carbonatico sia pulverulento che litificato di forma globulare. Ciottoli calcarenitici sparsi (forse in livelli). Noduli millimetrici carboniosi neri (teneri alla pressione). La consistenza varia in funzione del grado di alterazione (da consistente a mediamente consistente). Asciutta.","3","1","PST","50",528498.9823,4566224.631,555
"507","SC2","25.3","Argilla marrone-verdastra con livelli alterati giallo-rossastri, con materiale carbonatico sia pulverulento che litificato di forma globulare. Ciottoli calcarenitici sparsi (forse in livelli). Noduli millimetrici carboniosi neri (teneri alla pressione). La consistenza varia in funzione del grado di alterazione (da consistente a mediamente consistente). Asciutta.","3","1","PST","50",528498.9823,4566224.631,555
"508","SC2","25.35","Argilla marrone-verdastra con livelli alterati giallo-rossastri, con materiale carbonatico sia pulverulento che litificato di forma globulare. Ciottoli calcarenitici sparsi (forse in livelli). Noduli millimetrici carboniosi neri (teneri alla pressione). La consistenza varia in funzione del grado di alterazione (da consistente a mediamente consistente). Asciutta.","3","1","PST","50",528498.9823,4566224.631,555
"509","SC2","25.4","Argilla marrone-verdastra con livelli alterati giallo-rossastri, con materiale carbonatico sia pulverulento che litificato di forma globulare. Ciottoli calcarenitici sparsi (forse in livelli). Noduli millimetrici carboniosi neri (teneri alla pressione). La consistenza varia in funzione del grado di alterazione (da consistente a mediamente consistente). Asciutta.","3","1","PST","50",528498.9823,4566224.631,555
"510","SC2","25.45","Argilla marrone-verdastra con livelli alterati giallo-rossastri, con materiale carbonatico sia pulverulento che litificato di forma globulare. Ciottoli calcarenitici sparsi (forse in livelli). Noduli millimetrici carboniosi neri (teneri alla pressione). La consistenza varia in funzione del grado di alterazione (da consistente a mediamente consistente). Asciutta.","3","1","PST","50",528498.9823,4566224.631,555
"511","SC2","25.5","Argilla marrone-verdastra con livelli alterati giallo-rossastri, con materiale carbonatico sia pulverulento che litificato di forma globulare. Ciottoli calcarenitici sparsi (forse in livelli). Noduli millimetrici carboniosi neri (teneri alla pressione). La consistenza varia in funzione del grado di alterazione (da consistente a mediamente consistente). Asciutta.","3","1","PST","50",528498.9823,4566224.631,555
"512","SC2","25.55","Argilla marrone-verdastra con livelli alterati giallo-rossastri, con materiale carbonatico sia pulverulento che litificato di forma globulare. Ciottoli calcarenitici sparsi (forse in livelli). Noduli millimetrici carboniosi neri (teneri alla pressione). La consistenza varia in funzione del grado di alterazione (da consistente a mediamente consistente). Asciutta.","3","1","PST","50",528498.9823,4566224.631,555
"513","SC2","25.6","Argilla marrone-verdastra con livelli alterati giallo-rossastri, con materiale carbonatico sia pulverulento che litificato di forma globulare. Ciottoli calcarenitici sparsi (forse in livelli). Noduli millimetrici carboniosi neri (teneri alla pressione). La consistenza varia in funzione del grado di alterazione (da consistente a mediamente consistente). Asciutta.","3","1","PST","50",528498.9823,4566224.631,555
"514","SC2","25.65","Argilla marrone-verdastra con livelli alterati giallo-rossastri, con materiale carbonatico sia pulverulento che litificato di forma globulare. Ciottoli calcarenitici sparsi (forse in livelli). Noduli millimetrici carboniosi neri (teneri alla pressione). La consistenza varia in funzione del grado di alterazione (da consistente a mediamente consistente). Asciutta.","3","1","PST","50",528498.9823,4566224.631,555
"515","SC2","25.7","Argilla marrone-verdastra con livelli alterati giallo-rossastri, con materiale carbonatico sia pulverulento che litificato di forma globulare. Ciottoli calcarenitici sparsi (forse in livelli). Noduli millimetrici carboniosi neri (teneri alla pressione). La consistenza varia in funzione del grado di alterazione (da consistente a mediamente consistente). Asciutta.","3","1","PST","50",528498.9823,4566224.631,555
"516","SC2","25.75","Argilla marrone-verdastra con livelli alterati giallo-rossastri, con materiale carbonatico sia pulverulento che litificato di forma globulare. Ciottoli calcarenitici sparsi (forse in livelli). Noduli millimetrici carboniosi neri (teneri alla pressione). La consistenza varia in funzione del grado di alterazione (da consistente a mediamente consistente). Asciutta.","3","1","PST","50",528498.9823,4566224.631,555
"517","SC2","25.8","Argilla marrone-verdastra con livelli alterati giallo-rossastri, con materiale carbonatico sia pulverulento che litificato di forma globulare. Ciottoli calcarenitici sparsi (forse in livelli). Noduli millimetrici carboniosi neri (teneri alla pressione). La consistenza varia in funzione del grado di alterazione (da consistente a mediamente consistente). Asciutta.","3","1","PST","50",528498.9823,4566224.631,555
"518","SC2","25.85","Argilla marrone-verdastra con livelli alterati giallo-rossastri, con materiale carbonatico sia pulverulento che litificato di forma globulare. Ciottoli calcarenitici sparsi (forse in livelli). Noduli millimetrici carboniosi neri (teneri alla pressione). La consistenza varia in funzione del grado di alterazione (da consistente a mediamente consistente). Asciutta.","3","1","PST","50",528498.9823,4566224.631,555
"519","SC2","25.9","Argilla marrone-verdastra con livelli alterati giallo-rossastri, con materiale carbonatico sia pulverulento che litificato di forma globulare. Ciottoli calcarenitici sparsi (forse in livelli). Noduli millimetrici carboniosi neri (teneri alla pressione). La consistenza varia in funzione del grado di alterazione (da consistente a mediamente consistente). Asciutta.","3","1","PST","50",528498.9823,4566224.631,555
"520","SC2","25.95","Argilla marrone-verdastra con livelli alterati giallo-rossastri, con materiale carbonatico sia pulverulento che litificato di forma globulare. Ciottoli calcarenitici sparsi (forse in livelli). Noduli millimetrici carboniosi neri (teneri alla pressione). La consistenza varia in funzione del grado di alterazione (da consistente a mediamente consistente). Asciutta.","3","1","PST","50",528498.9823,4566224.631,555
"521","SC2","26","Argilla marrone-verdastra con livelli alterati giallo-rossastri, con materiale carbonatico sia pulverulento che litificato di forma globulare. Ciottoli calcarenitici sparsi (forse in livelli). Noduli millimetrici carboniosi neri (teneri alla pressione). La consistenza varia in funzione del grado di alterazione (da consistente a mediamente consistente). Asciutta.","3","1","PST","50",528498.9823,4566224.631,555
"522","SC2","26.05","Argilla marrone-verdastra con livelli alterati giallo-rossastri, con materiale carbonatico sia pulverulento che litificato di forma globulare. Ciottoli calcarenitici sparsi (forse in livelli). Noduli millimetrici carboniosi neri (teneri alla pressione). La consistenza varia in funzione del grado di alterazione (da consistente a mediamente consistente). Asciutta.","3","1","PST","50",528498.9823,4566224.631,555
"523","SC2","26.1","Argilla marrone-verdastra con livelli alterati giallo-rossastri, con materiale carbonatico sia pulverulento che litificato di forma globulare. Ciottoli calcarenitici sparsi (forse in livelli). Noduli millimetrici carboniosi neri (teneri alla pressione). La consistenza varia in funzione del grado di alterazione (da consistente a mediamente consistente). Asciutta.","3","1","PST","50",528498.9823,4566224.631,555
"524","SC2","26.15","Argilla marrone-verdastra con livelli alterati giallo-rossastri, con materiale carbonatico sia pulverulento che litificato di forma globulare. Ciottoli calcarenitici sparsi (forse in livelli). Noduli millimetrici carboniosi neri (teneri alla pressione). La consistenza varia in funzione del grado di alterazione (da consistente a mediamente consistente). Asciutta.","3","1","PST","50",528498.9823,4566224.631,555
"525","SC2","26.2","Argilla marrone-verdastra con livelli alterati giallo-rossastri, con materiale carbonatico sia pulverulento che litificato di forma globulare. Ciottoli calcarenitici sparsi (forse in livelli). Noduli millimetrici carboniosi neri (teneri alla pressione). La consistenza varia in funzione del grado di alterazione (da consistente a mediamente consistente). Asciutta.","3","1","PST","50",528498.9823,4566224.631,555
"526","SC2","26.25","Argilla marrone-verdastra con livelli alterati giallo-rossastri, con materiale carbonatico sia pulverulento che litificato di forma globulare. Ciottoli calcarenitici sparsi (forse in livelli). Noduli millimetrici carboniosi neri (teneri alla pressione). La consistenza varia in funzione del grado di alterazione (da consistente a mediamente consistente). Asciutta.","3","1","PST","50",528498.9823,4566224.631,555
"527","SC2","26.3","Argilla marrone-verdastra con livelli alterati giallo-rossastri, con materiale carbonatico sia pulverulento che litificato di forma globulare. Ciottoli calcarenitici sparsi (forse in livelli). Noduli millimetrici carboniosi neri (teneri alla pressione). La consistenza varia in funzione del grado di alterazione (da consistente a mediamente consistente). Asciutta.","3","1","PST","50",528498.9823,4566224.631,555
"528","SC2","26.35","Argilla marrone-verdastra con livelli alterati giallo-rossastri, con materiale carbonatico sia pulverulento che litificato di forma globulare. Ciottoli calcarenitici sparsi (forse in livelli). Noduli millimetrici carboniosi neri (teneri alla pressione). La consistenza varia in funzione del grado di alterazione (da consistente a mediamente consistente). Asciutta.","3","1","PST","50",528498.9823,4566224.631,555
"529","SC2","26.4","Argilla marrone-verdastra con livelli alterati giallo-rossastri, con materiale carbonatico sia pulverulento che litificato di forma globulare. Ciottoli calcarenitici sparsi (forse in livelli). Noduli millimetrici carboniosi neri (teneri alla pressione). La consistenza varia in funzione del grado di alterazione (da consistente a mediamente consistente). Asciutta.","3","1","PST","50",528498.9823,4566224.631,555
"530","SC2","26.45","Argilla marrone-verdastra con livelli alterati giallo-rossastri, con materiale carbonatico sia pulverulento che litificato di forma globulare. Ciottoli calcarenitici sparsi (forse in livelli). Noduli millimetrici carboniosi neri (teneri alla pressione). La consistenza varia in funzione del grado di alterazione (da consistente a mediamente consistente). Asciutta.","3","1","PST","50",528498.9823,4566224.631,555
"531","SC2","26.5","Argilla marrone-verdastra con livelli alterati giallo-rossastri, con materiale carbonatico sia pulverulento che litificato di forma globulare. Ciottoli calcarenitici sparsi (forse in livelli). Noduli millimetrici carboniosi neri (teneri alla pressione). La consistenza varia in funzione del grado di alterazione (da consistente a mediamente consistente). Asciutta.","3","1","PST","50",528498.9823,4566224.631,555
"532","SC2","26.55","Argilla marrone-verdastra con livelli alterati giallo-rossastri, con materiale carbonatico sia pulverulento che litificato di forma globulare. Ciottoli calcarenitici sparsi (forse in livelli). Noduli millimetrici carboniosi neri (teneri alla pressione). La consistenza varia in funzione del grado di alterazione (da consistente a mediamente consistente). Asciutta.","3","1","PST","50",528498.9823,4566224.631,555
"533","SC2","26.6","Argilla marrone-verdastra con livelli alterati giallo-rossastri, con materiale carbonatico sia pulverulento che litificato di forma globulare. Ciottoli calcarenitici sparsi (forse in livelli). Noduli millimetrici carboniosi neri (teneri alla pressione). La consistenza varia in funzione del grado di alterazione (da consistente a mediamente consistente). Asciutta.","3","1","PST","50",528498.9823,4566224.631,555
"534","SC2","26.65","Argilla marrone-verdastra con livelli alterati giallo-rossastri, con materiale carbonatico sia pulverulento che litificato di forma globulare. Ciottoli calcarenitici sparsi (forse in livelli). Noduli millimetrici carboniosi neri (teneri alla pressione). La consistenza varia in funzione del grado di alterazione (da consistente a mediamente consistente). Asciutta.","3","1","PST","50",528498.9823,4566224.631,555
"535","SC2","26.7","Argilla marrone-verdastra con livelli alterati giallo-rossastri, con materiale carbonatico sia pulverulento che litificato di forma globulare. Ciottoli calcarenitici sparsi (forse in livelli). Noduli millimetrici carboniosi neri (teneri alla pressione). La consistenza varia in funzione del grado di alterazione (da consistente a mediamente consistente). Asciutta.","3","1","PST","50",528498.9823,4566224.631,555
"536","SC2","26.75","Argilla marrone-verdastra con livelli alterati giallo-rossastri, con materiale carbonatico sia pulverulento che litificato di forma globulare. Ciottoli calcarenitici sparsi (forse in livelli). Noduli millimetrici carboniosi neri (teneri alla pressione). La consistenza varia in funzione del grado di alterazione (da consistente a mediamente consistente). Asciutta.","3","1","PST","50",528498.9823,4566224.631,555
"537","SC2","26.8","Argilla marrone-verdastra con livelli alterati giallo-rossastri, con materiale carbonatico sia pulverulento che litificato di forma globulare. Ciottoli calcarenitici sparsi (forse in livelli). Noduli millimetrici carboniosi neri (teneri alla pressione). La consistenza varia in funzione del grado di alterazione (da consistente a mediamente consistente). Asciutta.","3","1","PST","50",528498.9823,4566224.631,555
"538","SC2","26.85","Argilla marrone-verdastra con livelli alterati giallo-rossastri, con materiale carbonatico sia pulverulento che litificato di forma globulare. Ciottoli calcarenitici sparsi (forse in livelli). Noduli millimetrici carboniosi neri (teneri alla pressione). La consistenza varia in funzione del grado di alterazione (da consistente a mediamente consistente). Asciutta.","3","1","PST","50",528498.9823,4566224.631,555
"539","SC2","26.9","Argilla marrone-verdastra con livelli alterati giallo-rossastri, con materiale carbonatico sia pulverulento che litificato di forma globulare. Ciottoli calcarenitici sparsi (forse in livelli). Noduli millimetrici carboniosi neri (teneri alla pressione). La consistenza varia in funzione del grado di alterazione (da consistente a mediamente consistente). Asciutta.","3","1","PST","50",528498.9823,4566224.631,555
"540","SC2","26.95","Argilla marrone-verdastra con livelli alterati giallo-rossastri, con materiale carbonatico sia pulverulento che litificato di forma globulare. Ciottoli calcarenitici sparsi (forse in livelli). Noduli millimetrici carboniosi neri (teneri alla pressione). La consistenza varia in funzione del grado di alterazione (da consistente a mediamente consistente). Asciutta.","3","1","PST","50",528498.9823,4566224.631,555
"541","SC2","27","Argilla marrone-verdastra con livelli alterati giallo-rossastri, con materiale carbonatico sia pulverulento che litificato di forma globulare. Ciottoli calcarenitici sparsi (forse in livelli). Noduli millimetrici carboniosi neri (teneri alla pressione). La consistenza varia in funzione del grado di alterazione (da consistente a mediamente consistente). Asciutta.","3","1","PST","50",528498.9823,4566224.631,555
"542","SC2","27.05","Argilla marrone-verdastra con livelli alterati giallo-rossastri, con materiale carbonatico sia pulverulento che litificato di forma globulare. Ciottoli calcarenitici sparsi (forse in livelli). Noduli millimetrici carboniosi neri (teneri alla pressione). La consistenza varia in funzione del grado di alterazione (da consistente a mediamente consistente). Asciutta.","3","1","PST","50",528498.9823,4566224.631,555
"543","SC2","27.1","Argilla marrone-verdastra con livelli alterati giallo-rossastri, con materiale carbonatico sia pulverulento che litificato di forma globulare. Ciottoli calcarenitici sparsi (forse in livelli). Noduli millimetrici carboniosi neri (teneri alla pressione). La consistenza varia in funzione del grado di alterazione (da consistente a mediamente consistente). Asciutta.","3","1","PST","50",528498.9823,4566224.631,555
"544","SC2","27.15","Argilla marrone-verdastra con livelli alterati giallo-rossastri, con materiale carbonatico sia pulverulento che litificato di forma globulare. Ciottoli calcarenitici sparsi (forse in livelli). Noduli millimetrici carboniosi neri (teneri alla pressione). La consistenza varia in funzione del grado di alterazione (da consistente a mediamente consistente). Asciutta.","3","1","PST","50",528498.9823,4566224.631,555
"545","SC2","27.2","Argilla marrone-verdastra con livelli alterati giallo-rossastri, con materiale carbonatico sia pulverulento che litificato di forma globulare. Ciottoli calcarenitici sparsi (forse in livelli). Noduli millimetrici carboniosi neri (teneri alla pressione). La consistenza varia in funzione del grado di alterazione (da consistente a mediamente consistente). Asciutta.","3","1","PST","50",528498.9823,4566224.631,555
"546","SC2","27.25","Argilla marrone-verdastra con livelli alterati giallo-rossastri, con materiale carbonatico sia pulverulento che litificato di forma globulare. Ciottoli calcarenitici sparsi (forse in livelli). Noduli millimetrici carboniosi neri (teneri alla pressione). La consistenza varia in funzione del grado di alterazione (da consistente a mediamente consistente). Asciutta.","3","1","PST","50",528498.9823,4566224.631,555
"547","SC2","27.3","Argilla marrone-verdastra con livelli alterati giallo-rossastri, con materiale carbonatico sia pulverulento che litificato di forma globulare. Ciottoli calcarenitici sparsi (forse in livelli). Noduli millimetrici carboniosi neri (teneri alla pressione). La consistenza varia in funzione del grado di alterazione (da consistente a mediamente consistente). Asciutta.","3","1","PST","50",528498.9823,4566224.631,555
"548","SC2","27.35","Argilla marrone-verdastra con livelli alterati giallo-rossastri, con materiale carbonatico sia pulverulento che litificato di forma globulare. Ciottoli calcarenitici sparsi (forse in livelli). Noduli millimetrici carboniosi neri (teneri alla pressione). La consistenza varia in funzione del grado di alterazione (da consistente a mediamente consistente). Asciutta.","3","1","PST","50",528498.9823,4566224.631,555
"549","SC2","27.4","Argilla marrone-verdastra con livelli alterati giallo-rossastri, con materiale carbonatico sia pulverulento che litificato di forma globulare. Ciottoli calcarenitici sparsi (forse in livelli). Noduli millimetrici carboniosi neri (teneri alla pressione). La consistenza varia in funzione del grado di alterazione (da consistente a mediamente consistente). Asciutta.","3","1","PST","50",528498.9823,4566224.631,555
"550","SC2","27.45","Argilla marrone-verdastra con livelli alterati giallo-rossastri, con materiale carbonatico sia pulverulento che litificato di forma globulare. Ciottoli calcarenitici sparsi (forse in livelli). Noduli millimetrici carboniosi neri (teneri alla pressione). La consistenza varia in funzione del grado di alterazione (da consistente a mediamente consistente). Asciutta.","3","1","PST","50",528498.9823,4566224.631,555
"551","SC2","27.5","Argilla marrone-verdastra con livelli alterati giallo-rossastri, con materiale carbonatico sia pulverulento che litificato di forma globulare. Ciottoli calcarenitici sparsi (forse in livelli). Noduli millimetrici carboniosi neri (teneri alla pressione). La consistenza varia in funzione del grado di alterazione (da consistente a mediamente consistente). Asciutta.","3","1","PST","50",528498.9823,4566224.631,555
"552","SC2","27.55","Argilla marrone-verdastra con livelli alterati giallo-rossastri, con materiale carbonatico sia pulverulento che litificato di forma globulare. Ciottoli calcarenitici sparsi (forse in livelli). Noduli millimetrici carboniosi neri (teneri alla pressione). La consistenza varia in funzione del grado di alterazione (da consistente a mediamente consistente). Asciutta.","3","1","PST","50",528498.9823,4566224.631,555
"553","SC2","27.6","Argilla marrone-verdastra con livelli alterati giallo-rossastri, con materiale carbonatico sia pulverulento che litificato di forma globulare. Ciottoli calcarenitici sparsi (forse in livelli). Noduli millimetrici carboniosi neri (teneri alla pressione). La consistenza varia in funzione del grado di alterazione (da consistente a mediamente consistente). Asciutta.","3","1","PST","50",528498.9823,4566224.631,555
"554","SC2","27.65","Argilla marrone-verdastra con livelli alterati giallo-rossastri, con materiale carbonatico sia pulverulento che litificato di forma globulare. Ciottoli calcarenitici sparsi (forse in livelli). Noduli millimetrici carboniosi neri (teneri alla pressione). La consistenza varia in funzione del grado di alterazione (da consistente a mediamente consistente). Asciutta.","3","1","PST","50",528498.9823,4566224.631,555
"555","SC2","27.7","Argilla marrone-verdastra con livelli alterati giallo-rossastri, con materiale carbonatico sia pulverulento che litificato di forma globulare. Ciottoli calcarenitici sparsi (forse in livelli). Noduli millimetrici carboniosi neri (teneri alla pressione). La consistenza varia in funzione del grado di alterazione (da consistente a mediamente consistente). Asciutta.","3","1","PST","50",528498.9823,4566224.631,555
"556","SC2","27.75","Argilla marrone-verdastra con livelli alterati giallo-rossastri, con materiale carbonatico sia pulverulento che litificato di forma globulare. Ciottoli calcarenitici sparsi (forse in livelli). Noduli millimetrici carboniosi neri (teneri alla pressione). La consistenza varia in funzione del grado di alterazione (da consistente a mediamente consistente). Asciutta.","3","1","PST","50",528498.9823,4566224.631,555
"557","SC2","27.8","Argilla marrone-verdastra con livelli alterati giallo-rossastri, con materiale carbonatico sia pulverulento che litificato di forma globulare. Ciottoli calcarenitici sparsi (forse in livelli). Noduli millimetrici carboniosi neri (teneri alla pressione). La consistenza varia in funzione del grado di alterazione (da consistente a mediamente consistente). Asciutta.","3","1","PST","50",528498.9823,4566224.631,555
"558","SC2","27.85","Argilla marrone-verdastra con livelli alterati giallo-rossastri, con materiale carbonatico sia pulverulento che litificato di forma globulare. Ciottoli calcarenitici sparsi (forse in livelli). Noduli millimetrici carboniosi neri (teneri alla pressione). La consistenza varia in funzione del grado di alterazione (da consistente a mediamente consistente). Asciutta.","3","1","PST","50",528498.9823,4566224.631,555
"559","SC2","27.9","Argilla marrone-verdastra con livelli alterati giallo-rossastri, con materiale carbonatico sia pulverulento che litificato di forma globulare. Ciottoli calcarenitici sparsi (forse in livelli). Noduli millimetrici carboniosi neri (teneri alla pressione). La consistenza varia in funzione del grado di alterazione (da consistente a mediamente consistente). Asciutta.","3","1","PST","50",528498.9823,4566224.631,555
"560","SC2","27.95","Argilla marrone-verdastra con livelli alterati giallo-rossastri, con materiale carbonatico sia pulverulento che litificato di forma globulare. Ciottoli calcarenitici sparsi (forse in livelli). Noduli millimetrici carboniosi neri (teneri alla pressione). La consistenza varia in funzione del grado di alterazione (da consistente a mediamente consistente). Asciutta.","3","1","PST","50",528498.9823,4566224.631,555
"561","SC2","28","Argilla marrone-verdastra con livelli alterati giallo-rossastri, con materiale carbonatico sia pulverulento che litificato di forma globulare. Ciottoli calcarenitici sparsi (forse in livelli). Noduli millimetrici carboniosi neri (teneri alla pressione). La consistenza varia in funzione del grado di alterazione (da consistente a mediamente consistente). Asciutta.","3","1","PST","50",528498.9823,4566224.631,555
"562","SC2","28.05","Argilla marrone-verdastra con livelli alterati giallo-rossastri, con materiale carbonatico sia pulverulento che litificato di forma globulare. Ciottoli calcarenitici sparsi (forse in livelli). Noduli millimetrici carboniosi neri (teneri alla pressione). La consistenza varia in funzione del grado di alterazione (da consistente a mediamente consistente). Asciutta.","3","1","PST","50",528498.9823,4566224.631,555
"563","SC2","28.1","Argilla marrone-verdastra con livelli alterati giallo-rossastri, con materiale carbonatico sia pulverulento che litificato di forma globulare. Ciottoli calcarenitici sparsi (forse in livelli). Noduli millimetrici carboniosi neri (teneri alla pressione). La consistenza varia in funzione del grado di alterazione (da consistente a mediamente consistente). Asciutta.","3","1","PST","50",528498.9823,4566224.631,555
"564","SC2","28.15","Argilla marrone-verdastra con livelli alterati giallo-rossastri, con materiale carbonatico sia pulverulento che litificato di forma globulare. Ciottoli calcarenitici sparsi (forse in livelli). Noduli millimetrici carboniosi neri (teneri alla pressione). La consistenza varia in funzione del grado di alterazione (da consistente a mediamente consistente). Asciutta.","3","1","PST","50",528498.9823,4566224.631,555
"565","SC2","28.2","Argilla marrone-verdastra con livelli alterati giallo-rossastri, con materiale carbonatico sia pulverulento che litificato di forma globulare. Ciottoli calcarenitici sparsi (forse in livelli). Noduli millimetrici carboniosi neri (teneri alla pressione). La consistenza varia in funzione del grado di alterazione (da consistente a mediamente consistente). Asciutta.","3","1","PST","50",528498.9823,4566224.631,555
"566","SC2","28.25","Argilla marrone-verdastra con livelli alterati giallo-rossastri, con materiale carbonatico sia pulverulento che litificato di forma globulare. Ciottoli calcarenitici sparsi (forse in livelli). Noduli millimetrici carboniosi neri (teneri alla pressione). La consistenza varia in funzione del grado di alterazione (da consistente a mediamente consistente). Asciutta.","3","1","PST","50",528498.9823,4566224.631,555
"567","SC2","28.3","Argilla marrone-verdastra con livelli alterati giallo-rossastri, con materiale carbonatico sia pulverulento che litificato di forma globulare. Ciottoli calcarenitici sparsi (forse in livelli). Noduli millimetrici carboniosi neri (teneri alla pressione). La consistenza varia in funzione del grado di alterazione (da consistente a mediamente consistente). Asciutta.","3","1","PST","50",528498.9823,4566224.631,555
"568","SC2","28.35","Argilla marrone-verdastra con livelli alterati giallo-rossastri, con materiale carbonatico sia pulverulento che litificato di forma globulare. Ciottoli calcarenitici sparsi (forse in livelli). Noduli millimetrici carboniosi neri (teneri alla pressione). La consistenza varia in funzione del grado di alterazione (da consistente a mediamente consistente). Asciutta.","3","1","PST","50",528498.9823,4566224.631,555
"569","SC2","28.4","Argilla marrone-verdastra con livelli alterati giallo-rossastri, con materiale carbonatico sia pulverulento che litificato di forma globulare. Ciottoli calcarenitici sparsi (forse in livelli). Noduli millimetrici carboniosi neri (teneri alla pressione). La consistenza varia in funzione del grado di alterazione (da consistente a mediamente consistente). Asciutta.","3","1","PST","50",528498.9823,4566224.631,555
"570","SC2","28.45","Argilla marrone-verdastra con livelli alterati giallo-rossastri, con materiale carbonatico sia pulverulento che litificato di forma globulare. Ciottoli calcarenitici sparsi (forse in livelli). Noduli millimetrici carboniosi neri (teneri alla pressione). La consistenza varia in funzione del grado di alterazione (da consistente a mediamente consistente). Asciutta.","3","1","PST","50",528498.9823,4566224.631,555
"571","SC2","28.5","Argilla marrone-verdastra con livelli alterati giallo-rossastri, con materiale carbonatico sia pulverulento che litificato di forma globulare. Ciottoli calcarenitici sparsi (forse in livelli). Noduli millimetrici carboniosi neri (teneri alla pressione). La consistenza varia in funzione del grado di alterazione (da consistente a mediamente consistente). Asciutta.","3","1","PST","50",528498.9823,4566224.631,555
"572","SC2","28.55","Argilla marrone-verdastra con livelli alterati giallo-rossastri, con materiale carbonatico sia pulverulento che litificato di forma globulare. Ciottoli calcarenitici sparsi (forse in livelli). Noduli millimetrici carboniosi neri (teneri alla pressione). La consistenza varia in funzione del grado di alterazione (da consistente a mediamente consistente). Asciutta.","3","1","PST","50",528498.9823,4566224.631,555
"573","SC2","28.6","Argilla marrone-verdastra con livelli alterati giallo-rossastri, con materiale carbonatico sia pulverulento che litificato di forma globulare. Ciottoli calcarenitici sparsi (forse in livelli). Noduli millimetrici carboniosi neri (teneri alla pressione). La consistenza varia in funzione del grado di alterazione (da consistente a mediamente consistente). Asciutta.","3","1","PST","50",528498.9823,4566224.631,555
"574","SC2","28.65","Argilla marrone-verdastra con livelli alterati giallo-rossastri, con materiale carbonatico sia pulverulento che litificato di forma globulare. Ciottoli calcarenitici sparsi (forse in livelli). Noduli millimetrici carboniosi neri (teneri alla pressione). La consistenza varia in funzione del grado di alterazione (da consistente a mediamente consistente). Asciutta.","3","1","PST","50",528498.9823,4566224.631,555
"575","SC2","28.7","Argilla marrone-verdastra con livelli alterati giallo-rossastri, con materiale carbonatico sia pulverulento che litificato di forma globulare. Ciottoli calcarenitici sparsi (forse in livelli). Noduli millimetrici carboniosi neri (teneri alla pressione). La consistenza varia in funzione del grado di alterazione (da consistente a mediamente consistente). Asciutta.","3","1","PST","50",528498.9823,4566224.631,555
"576","SC2","28.75","Argilla marrone-verdastra con livelli alterati giallo-rossastri, con materiale carbonatico sia pulverulento che litificato di forma globulare. Ciottoli calcarenitici sparsi (forse in livelli). Noduli millimetrici carboniosi neri (teneri alla pressione). La consistenza varia in funzione del grado di alterazione (da consistente a mediamente consistente). Asciutta.","3","1","PST","50",528498.9823,4566224.631,555
"577","SC2","28.8","Argilla marrone-verdastra con livelli alterati giallo-rossastri, con materiale carbonatico sia pulverulento che litificato di forma globulare. Ciottoli calcarenitici sparsi (forse in livelli). Noduli millimetrici carboniosi neri (teneri alla pressione). La consistenza varia in funzione del grado di alterazione (da consistente a mediamente consistente). Asciutta.","3","1","PST","50",528498.9823,4566224.631,555
"578","SC2","28.85","Argilla marrone-verdastra con livelli alterati giallo-rossastri, con materiale carbonatico sia pulverulento che litificato di forma globulare. Ciottoli calcarenitici sparsi (forse in livelli). Noduli millimetrici carboniosi neri (teneri alla pressione). La consistenza varia in funzione del grado di alterazione (da consistente a mediamente consistente). Asciutta.","3","1","PST","50",528498.9823,4566224.631,555
"579","SC2","28.9","Argilla marrone-verdastra con livelli alterati giallo-rossastri, con materiale carbonatico sia pulverulento che litificato di forma globulare. Ciottoli calcarenitici sparsi (forse in livelli). Noduli millimetrici carboniosi neri (teneri alla pressione). La consistenza varia in funzione del grado di alterazione (da consistente a mediamente consistente). Asciutta.","3","1","PST","50",528498.9823,4566224.631,555
"580","SC2","28.95","Argilla marrone-verdastra con livelli alterati giallo-rossastri, con materiale carbonatico sia pulverulento che litificato di forma globulare. Ciottoli calcarenitici sparsi (forse in livelli). Noduli millimetrici carboniosi neri (teneri alla pressione). La consistenza varia in funzione del grado di alterazione (da consistente a mediamente consistente). Asciutta.","3","1","PST","50",528498.9823,4566224.631,555
"581","SC2","29","Argilla marrone-verdastra con livelli alterati giallo-rossastri, con materiale carbonatico sia pulverulento che litificato di forma globulare. Ciottoli calcarenitici sparsi (forse in livelli). Noduli millimetrici carboniosi neri (teneri alla pressione). La consistenza varia in funzione del grado di alterazione (da consistente a mediamente consistente). Asciutta.","3","1","PST","50",528498.9823,4566224.631,555
"582","SC2","29.05","Argilla marrone-verdastra con livelli alterati giallo-rossastri, con materiale carbonatico sia pulverulento che litificato di forma globulare. Ciottoli calcarenitici sparsi (forse in livelli). Noduli millimetrici carboniosi neri (teneri alla pressione). La consistenza varia in funzione del grado di alterazione (da consistente a mediamente consistente). Asciutta.","3","1","PST","50",528498.9823,4566224.631,555
"583","SC2","29.1","Argilla marrone-verdastra con livelli alterati giallo-rossastri, con materiale carbonatico sia pulverulento che litificato di forma globulare. Ciottoli calcarenitici sparsi (forse in livelli). Noduli millimetrici carboniosi neri (teneri alla pressione). La consistenza varia in funzione del grado di alterazione (da consistente a mediamente consistente). Asciutta.","3","1","PST","50",528498.9823,4566224.631,555
"584","SC2","29.15","Argilla marrone-verdastra con livelli alterati giallo-rossastri, con materiale carbonatico sia pulverulento che litificato di forma globulare. Ciottoli calcarenitici sparsi (forse in livelli). Noduli millimetrici carboniosi neri (teneri alla pressione). La consistenza varia in funzione del grado di alterazione (da consistente a mediamente consistente). Asciutta.","3","1","PST","50",528498.9823,4566224.631,555
"585","SC2","29.2","Argilla marrone-verdastra con livelli alterati giallo-rossastri, con materiale carbonatico sia pulverulento che litificato di forma globulare. Ciottoli calcarenitici sparsi (forse in livelli). Noduli millimetrici carboniosi neri (teneri alla pressione). La consistenza varia in funzione del grado di alterazione (da consistente a mediamente consistente). Asciutta.","3","1","PST","50",528498.9823,4566224.631,555
"586","SC2","29.25","Argilla marrone-verdastra con livelli alterati giallo-rossastri, con materiale carbonatico sia pulverulento che litificato di forma globulare. Ciottoli calcarenitici sparsi (forse in livelli). Noduli millimetrici carboniosi neri (teneri alla pressione). La consistenza varia in funzione del grado di alterazione (da consistente a mediamente consistente). Asciutta.","3","1","PST","50",528498.9823,4566224.631,555
"587","SC2","29.3","Argilla marrone-verdastra con livelli alterati giallo-rossastri, con materiale carbonatico sia pulverulento che litificato di forma globulare. Ciottoli calcarenitici sparsi (forse in livelli). Noduli millimetrici carboniosi neri (teneri alla pressione). La consistenza varia in funzione del grado di alterazione (da consistente a mediamente consistente). Asciutta.","3","1","PST","50",528498.9823,4566224.631,555
"588","SC2","29.35","Argilla marrone-verdastra con livelli alterati giallo-rossastri, con materiale carbonatico sia pulverulento che litificato di forma globulare. Ciottoli calcarenitici sparsi (forse in livelli). Noduli millimetrici carboniosi neri (teneri alla pressione). La consistenza varia in funzione del grado di alterazione (da consistente a mediamente consistente). Asciutta.","3","1","PST","50",528498.9823,4566224.631,555
"589","SC2","29.4","Argilla marrone-verdastra con livelli alterati giallo-rossastri, con materiale carbonatico sia pulverulento che litificato di forma globulare. Ciottoli calcarenitici sparsi (forse in livelli). Noduli millimetrici carboniosi neri (teneri alla pressione). La consistenza varia in funzione del grado di alterazione (da consistente a mediamente consistente). Asciutta.","3","1","PST","50",528498.9823,4566224.631,555
"590","SC2","29.45","Argilla marrone-verdastra con livelli alterati giallo-rossastri, con materiale carbonatico sia pulverulento che litificato di forma globulare. Ciottoli calcarenitici sparsi (forse in livelli). Noduli millimetrici carboniosi neri (teneri alla pressione). La consistenza varia in funzione del grado di alterazione (da consistente a mediamente consistente). Asciutta.","3","1","PST","50",528498.9823,4566224.631,555
"591","SC2","29.5","Argilla marrone-verdastra con livelli alterati giallo-rossastri, con materiale carbonatico sia pulverulento che litificato di forma globulare. Ciottoli calcarenitici sparsi (forse in livelli). Noduli millimetrici carboniosi neri (teneri alla pressione). La consistenza varia in funzione del grado di alterazione (da consistente a mediamente consistente). Asciutta.","3","1","PST","50",528498.9823,4566224.631,555
"592","SC2","29.55","Argilla marrone-verdastra con livelli alterati giallo-rossastri, con materiale carbonatico sia pulverulento che litificato di forma globulare. Ciottoli calcarenitici sparsi (forse in livelli). Noduli millimetrici carboniosi neri (teneri alla pressione). La consistenza varia in funzione del grado di alterazione (da consistente a mediamente consistente). Asciutta.","3","1","PST","50",528498.9823,4566224.631,555
"593","SC2","29.6","Argilla marrone-verdastra con livelli alterati giallo-rossastri, con materiale carbonatico sia pulverulento che litificato di forma globulare. Ciottoli calcarenitici sparsi (forse in livelli). Noduli millimetrici carboniosi neri (teneri alla pressione). La consistenza varia in funzione del grado di alterazione (da consistente a mediamente consistente). Asciutta.","3","1","PST","50",528498.9823,4566224.631,555
"594","SC2","29.65","Argilla marrone-verdastra con livelli alterati giallo-rossastri, con materiale carbonatico sia pulverulento che litificato di forma globulare. Ciottoli calcarenitici sparsi (forse in livelli). Noduli millimetrici carboniosi neri (teneri alla pressione). La consistenza varia in funzione del grado di alterazione (da consistente a mediamente consistente). Asciutta.","3","1","PST","50",528498.9823,4566224.631,555
"595","SC2","29.7","Argilla marrone-verdastra con livelli alterati giallo-rossastri, con materiale carbonatico sia pulverulento che litificato di forma globulare. Ciottoli calcarenitici sparsi (forse in livelli). Noduli millimetrici carboniosi neri (teneri alla pressione). La consistenza varia in funzione del grado di alterazione (da consistente a mediamente consistente). Asciutta.","3","1","PST","50",528498.9823,4566224.631,555
"596","SC2","29.75","Argilla marrone-verdastra con livelli alterati giallo-rossastri, con materiale carbonatico sia pulverulento che litificato di forma globulare. Ciottoli calcarenitici sparsi (forse in livelli). Noduli millimetrici carboniosi neri (teneri alla pressione). La consistenza varia in funzione del grado di alterazione (da consistente a mediamente consistente). Asciutta.","3","1","PST","50",528498.9823,4566224.631,555
"597","SC2","29.8","Argilla marrone-verdastra con livelli alterati giallo-rossastri, con materiale carbonatico sia pulverulento che litificato di forma globulare. Ciottoli calcarenitici sparsi (forse in livelli). Noduli millimetrici carboniosi neri (teneri alla pressione). La consistenza varia in funzione del grado di alterazione (da consistente a mediamente consistente). Asciutta.","3","1","PST","50",528498.9823,4566224.631,555
"598","SC2","29.85","Argilla marrone-verdastra con livelli alterati giallo-rossastri, con materiale carbonatico sia pulverulento che litificato di forma globulare. Ciottoli calcarenitici sparsi (forse in livelli). Noduli millimetrici carboniosi neri (teneri alla pressione). La consistenza varia in funzione del grado di alterazione (da consistente a mediamente consistente). Asciutta.","3","1","PST","50",528498.9823,4566224.631,555
"599","SC2","29.9","Argilla marrone-verdastra con livelli alterati giallo-rossastri, con materiale carbonatico sia pulverulento che litificato di forma globulare. Ciottoli calcarenitici sparsi (forse in livelli). Noduli millimetrici carboniosi neri (teneri alla pressione). La consistenza varia in funzione del grado di alterazione (da consistente a mediamente consistente). Asciutta.","3","1","PST","50",528498.9823,4566224.631,555
"600","SC2","29.95","Argilla marrone-verdastra con livelli alterati giallo-rossastri, con materiale carbonatico sia pulverulento che litificato di forma globulare. Ciottoli calcarenitici sparsi (forse in livelli). Noduli millimetrici carboniosi neri (teneri alla pressione). La consistenza varia in funzione del grado di alterazione (da consistente a mediamente consistente). Asciutta.","3","1","PST","50",528498.9823,4566224.631,555
"601","SC2","30","Argilla marrone-verdastra con livelli alterati giallo-rossastri, con materiale carbonatico sia pulverulento che litificato di forma globulare. Ciottoli calcarenitici sparsi (forse in livelli). Noduli millimetrici carboniosi neri (teneri alla pressione). La consistenza varia in funzione del grado di alterazione (da consistente a mediamente consistente). Asciutta.","3","1","PST","50",528498.9823,4566224.631,555
"602","SC2","30.05","Argilla marrone-verdastra con livelli alterati giallo-rossastri, con materiale carbonatico sia pulverulento che litificato di forma globulare. Ciottoli calcarenitici sparsi (forse in livelli). Noduli millimetrici carboniosi neri (teneri alla pressione). La consistenza varia in funzione del grado di alterazione (da consistente a mediamente consistente). Asciutta.","3","1","PST","50",528498.9823,4566224.631,555
"603","SC2","30.1","Argilla marrone-verdastra con livelli alterati giallo-rossastri, con materiale carbonatico sia pulverulento che litificato di forma globulare. Ciottoli calcarenitici sparsi (forse in livelli). Noduli millimetrici carboniosi neri (teneri alla pressione). La consistenza varia in funzione del grado di alterazione (da consistente a mediamente consistente). Asciutta.","3","1","PST","50",528498.9823,4566224.631,555
"604","SC2","30.15","Argilla marrone-verdastra con livelli alterati giallo-rossastri, con materiale carbonatico sia pulverulento che litificato di forma globulare. Ciottoli calcarenitici sparsi (forse in livelli). Noduli millimetrici carboniosi neri (teneri alla pressione). La consistenza varia in funzione del grado di alterazione (da consistente a mediamente consistente). Asciutta.","3","1","PST","50",528498.9823,4566224.631,555
"605","SC2","30.2","Argilla marrone-verdastra con livelli alterati giallo-rossastri, con materiale carbonatico sia pulverulento che litificato di forma globulare. Ciottoli calcarenitici sparsi (forse in livelli). Noduli millimetrici carboniosi neri (teneri alla pressione). La consistenza varia in funzione del grado di alterazione (da consistente a mediamente consistente). Asciutta.","3","1","PST","50",528498.9823,4566224.631,555
"606","SC2","30.25","Argilla marrone-verdastra con livelli alterati giallo-rossastri, con materiale carbonatico sia pulverulento che litificato di forma globulare. Ciottoli calcarenitici sparsi (forse in livelli). Noduli millimetrici carboniosi neri (teneri alla pressione). La consistenza varia in funzione del grado di alterazione (da consistente a mediamente consistente). Asciutta.","3","1","PST","50",528498.9823,4566224.631,555
"607","SC2","30.3","Argilla marrone-verdastra con livelli alterati giallo-rossastri, con materiale carbonatico sia pulverulento che litificato di forma globulare. Ciottoli calcarenitici sparsi (forse in livelli). Noduli millimetrici carboniosi neri (teneri alla pressione). La consistenza varia in funzione del grado di alterazione (da consistente a mediamente consistente). Asciutta.","3","1","PST","50",528498.9823,4566224.631,555
"608","SC2","30.35","Argilla marrone-verdastra con livelli alterati giallo-rossastri, con materiale carbonatico sia pulverulento che litificato di forma globulare. Ciottoli calcarenitici sparsi (forse in livelli). Noduli millimetrici carboniosi neri (teneri alla pressione). La consistenza varia in funzione del grado di alterazione (da consistente a mediamente consistente). Asciutta.","3","1","PST","50",528498.9823,4566224.631,555
"609","SC2","30.4","Argilla marrone-verdastra con livelli alterati giallo-rossastri, con materiale carbonatico sia pulverulento che litificato di forma globulare. Ciottoli calcarenitici sparsi (forse in livelli). Noduli millimetrici carboniosi neri (teneri alla pressione). La consistenza varia in funzione del grado di alterazione (da consistente a mediamente consistente). Asciutta.","3","1","PST","50",528498.9823,4566224.631,555
"610","SC2","30.45","Argilla marrone-verdastra con livelli alterati giallo-rossastri, con materiale carbonatico sia pulverulento che litificato di forma globulare. Ciottoli calcarenitici sparsi (forse in livelli). Noduli millimetrici carboniosi neri (teneri alla pressione). La consistenza varia in funzione del grado di alterazione (da consistente a mediamente consistente). Asciutta.","3","1","PST","50",528498.9823,4566224.631,555
"611","SC2","30.5","Argilla marrone-verdastra con livelli alterati giallo-rossastri, con materiale carbonatico sia pulverulento che litificato di forma globulare. Ciottoli calcarenitici sparsi (forse in livelli). Noduli millimetrici carboniosi neri (teneri alla pressione). La consistenza varia in funzione del grado di alterazione (da consistente a mediamente consistente). Asciutta.","3","1","PST","50",528498.9823,4566224.631,555
"612","SC2","30.55","Argilla marrone-verdastra con livelli alterati giallo-rossastri, con materiale carbonatico sia pulverulento che litificato di forma globulare. Ciottoli calcarenitici sparsi (forse in livelli). Noduli millimetrici carboniosi neri (teneri alla pressione). La consistenza varia in funzione del grado di alterazione (da consistente a mediamente consistente). Asciutta.","3","1","PST","50",528498.9823,4566224.631,555
"613","SC2","30.6","Argilla marrone-verdastra con livelli alterati giallo-rossastri, con materiale carbonatico sia pulverulento che litificato di forma globulare. Ciottoli calcarenitici sparsi (forse in livelli). Noduli millimetrici carboniosi neri (teneri alla pressione). La consistenza varia in funzione del grado di alterazione (da consistente a mediamente consistente). Asciutta.","3","1","PST","50",528498.9823,4566224.631,555
"614","SC2","30.65","Argilla marrone-verdastra con livelli alterati giallo-rossastri, con materiale carbonatico sia pulverulento che litificato di forma globulare. Ciottoli calcarenitici sparsi (forse in livelli). Noduli millimetrici carboniosi neri (teneri alla pressione). La consistenza varia in funzione del grado di alterazione (da consistente a mediamente consistente). Asciutta.","3","1","PST","50",528498.9823,4566224.631,555
"615","SC2","30.7","Argilla marrone-verdastra con livelli alterati giallo-rossastri, con materiale carbonatico sia pulverulento che litificato di forma globulare. Ciottoli calcarenitici sparsi (forse in livelli). Noduli millimetrici carboniosi neri (teneri alla pressione). La consistenza varia in funzione del grado di alterazione (da consistente a mediamente consistente). Asciutta.","3","1","PST","50",528498.9823,4566224.631,555
"616","SC2","30.75","Argilla marrone-verdastra con livelli alterati giallo-rossastri, con materiale carbonatico sia pulverulento che litificato di forma globulare. Ciottoli calcarenitici sparsi (forse in livelli). Noduli millimetrici carboniosi neri (teneri alla pressione). La consistenza varia in funzione del grado di alterazione (da consistente a mediamente consistente). Asciutta.","3","1","PST","50",528498.9823,4566224.631,555
"617","SC2","30.8","Argilla marrone-verdastra con livelli alterati giallo-rossastri, con materiale carbonatico sia pulverulento che litificato di forma globulare. Ciottoli calcarenitici sparsi (forse in livelli). Noduli millimetrici carboniosi neri (teneri alla pressione). La consistenza varia in funzione del grado di alterazione (da consistente a mediamente consistente). Asciutta.","3","1","PST","50",528498.9823,4566224.631,555
"618","SC2","30.85","Argilla marrone-verdastra con livelli alterati giallo-rossastri, con materiale carbonatico sia pulverulento che litificato di forma globulare. Ciottoli calcarenitici sparsi (forse in livelli). Noduli millimetrici carboniosi neri (teneri alla pressione). La consistenza varia in funzione del grado di alterazione (da consistente a mediamente consistente). Asciutta.","3","1","PST","50",528498.9823,4566224.631,555
"619","SC2","30.9","Argilla marrone-verdastra con livelli alterati giallo-rossastri, con materiale carbonatico sia pulverulento che litificato di forma globulare. Ciottoli calcarenitici sparsi (forse in livelli). Noduli millimetrici carboniosi neri (teneri alla pressione). La consistenza varia in funzione del grado di alterazione (da consistente a mediamente consistente). Asciutta.","3","1","PST","50",528498.9823,4566224.631,555
"620","SC2","30.95","Argilla marrone-verdastra con livelli alterati giallo-rossastri, con materiale carbonatico sia pulverulento che litificato di forma globulare. Ciottoli calcarenitici sparsi (forse in livelli). Noduli millimetrici carboniosi neri (teneri alla pressione). La consistenza varia in funzione del grado di alterazione (da consistente a mediamente consistente). Asciutta.","3","1","PST","50",528498.9823,4566224.631,555
"621","SC2","31","Argilla marrone-verdastra con livelli alterati giallo-rossastri, con materiale carbonatico sia pulverulento che litificato di forma globulare. Ciottoli calcarenitici sparsi (forse in livelli). Noduli millimetrici carboniosi neri (teneri alla pressione). La consistenza varia in funzione del grado di alterazione (da consistente a mediamente consistente). Asciutta.","3","1","PST","50",528498.9823,4566224.631,555
"622","SC2","31.05","Argilla marrone-verdastra con livelli alterati giallo-rossastri, con materiale carbonatico sia pulverulento che litificato di forma globulare. Ciottoli calcarenitici sparsi (forse in livelli). Noduli millimetrici carboniosi neri (teneri alla pressione). La consistenza varia in funzione del grado di alterazione (da consistente a mediamente consistente). Asciutta.","3","1","PST","50",528498.9823,4566224.631,555
"623","SC2","31.1","Argilla marrone-verdastra con livelli alterati giallo-rossastri, con materiale carbonatico sia pulverulento che litificato di forma globulare. Ciottoli calcarenitici sparsi (forse in livelli). Noduli millimetrici carboniosi neri (teneri alla pressione). La consistenza varia in funzione del grado di alterazione (da consistente a mediamente consistente). Asciutta.","3","1","PST","50",528498.9823,4566224.631,555
"624","SC2","31.15","Argilla marrone-verdastra con livelli alterati giallo-rossastri, con materiale carbonatico sia pulverulento che litificato di forma globulare. Ciottoli calcarenitici sparsi (forse in livelli). Noduli millimetrici carboniosi neri (teneri alla pressione). La consistenza varia in funzione del grado di alterazione (da consistente a mediamente consistente). Asciutta.","3","1","PST","50",528498.9823,4566224.631,555
"625","SC2","31.2","Argilla marrone-verdastra con livelli alterati giallo-rossastri, con materiale carbonatico sia pulverulento che litificato di forma globulare. Ciottoli calcarenitici sparsi (forse in livelli). Noduli millimetrici carboniosi neri (teneri alla pressione). La consistenza varia in funzione del grado di alterazione (da consistente a mediamente consistente). Asciutta.","3","1","PST","50",528498.9823,4566224.631,555
"626","SC2","31.25","Argilla marrone-verdastra con livelli alterati giallo-rossastri, con materiale carbonatico sia pulverulento che litificato di forma globulare. Ciottoli calcarenitici sparsi (forse in livelli). Noduli millimetrici carboniosi neri (teneri alla pressione). La consistenza varia in funzione del grado di alterazione (da consistente a mediamente consistente). Asciutta.","3","1","PST","50",528498.9823,4566224.631,555
"627","SC2","31.3","Argilla marrone-verdastra con livelli alterati giallo-rossastri, con materiale carbonatico sia pulverulento che litificato di forma globulare. Ciottoli calcarenitici sparsi (forse in livelli). Noduli millimetrici carboniosi neri (teneri alla pressione). La consistenza varia in funzione del grado di alterazione (da consistente a mediamente consistente). Asciutta.","3","1","PST","50",528498.9823,4566224.631,555
"628","SC2","31.35","Argilla marrone-verdastra con livelli alterati giallo-rossastri, con materiale carbonatico sia pulverulento che litificato di forma globulare. Ciottoli calcarenitici sparsi (forse in livelli). Noduli millimetrici carboniosi neri (teneri alla pressione). La consistenza varia in funzione del grado di alterazione (da consistente a mediamente consistente). Asciutta.","3","1","PST","50",528498.9823,4566224.631,555
"629","SC2","31.4","Argilla marrone-verdastra con livelli alterati giallo-rossastri, con materiale carbonatico sia pulverulento che litificato di forma globulare. Ciottoli calcarenitici sparsi (forse in livelli). Noduli millimetrici carboniosi neri (teneri alla pressione). La consistenza varia in funzione del grado di alterazione (da consistente a mediamente consistente). Asciutta.","3","1","PST","50",528498.9823,4566224.631,555
"630","SC2","31.45","Argilla marrone-verdastra con livelli alterati giallo-rossastri, con materiale carbonatico sia pulverulento che litificato di forma globulare. Ciottoli calcarenitici sparsi (forse in livelli). Noduli millimetrici carboniosi neri (teneri alla pressione). La consistenza varia in funzione del grado di alterazione (da consistente a mediamente consistente). Asciutta.","3","1","PST","50",528498.9823,4566224.631,555
"631","SC2","31.5","Argilla marrone-verdastra con livelli alterati giallo-rossastri, con materiale carbonatico sia pulverulento che litificato di forma globulare. Ciottoli calcarenitici sparsi (forse in livelli). Noduli millimetrici carboniosi neri (teneri alla pressione). La consistenza varia in funzione del grado di alterazione (da consistente a mediamente consistente). Asciutta.","3","1","PST","50",528498.9823,4566224.631,555
"632","SC2","31.55","Argilla marrone-verdastra con livelli alterati giallo-rossastri, con materiale carbonatico sia pulverulento che litificato di forma globulare. Ciottoli calcarenitici sparsi (forse in livelli). Noduli millimetrici carboniosi neri (teneri alla pressione). La consistenza varia in funzione del grado di alterazione (da consistente a mediamente consistente). Asciutta.","3","1","PST","50",528498.9823,4566224.631,555
"633","SC2","31.6","Argilla marrone-verdastra con livelli alterati giallo-rossastri, con materiale carbonatico sia pulverulento che litificato di forma globulare. Ciottoli calcarenitici sparsi (forse in livelli). Noduli millimetrici carboniosi neri (teneri alla pressione). La consistenza varia in funzione del grado di alterazione (da consistente a mediamente consistente). Asciutta.","3","1","PST","50",528498.9823,4566224.631,555
"634","SC2","31.65","Argilla marrone-verdastra con livelli alterati giallo-rossastri, con materiale carbonatico sia pulverulento che litificato di forma globulare. Ciottoli calcarenitici sparsi (forse in livelli). Noduli millimetrici carboniosi neri (teneri alla pressione). La consistenza varia in funzione del grado di alterazione (da consistente a mediamente consistente). Asciutta.","3","1","PST","50",528498.9823,4566224.631,555
"635","SC2","31.7","Argilla marrone-verdastra con livelli alterati giallo-rossastri, con materiale carbonatico sia pulverulento che litificato di forma globulare. Ciottoli calcarenitici sparsi (forse in livelli). Noduli millimetrici carboniosi neri (teneri alla pressione). La consistenza varia in funzione del grado di alterazione (da consistente a mediamente consistente). Asciutta.","3","1","PST","50",528498.9823,4566224.631,555
"636","SC2","31.75","Argilla marrone-verdastra con livelli alterati giallo-rossastri, con materiale carbonatico sia pulverulento che litificato di forma globulare. Ciottoli calcarenitici sparsi (forse in livelli). Noduli millimetrici carboniosi neri (teneri alla pressione). La consistenza varia in funzione del grado di alterazione (da consistente a mediamente consistente). Asciutta.","3","1","PST","50",528498.9823,4566224.631,555
"637","SC2","31.8","Argilla marrone-verdastra con livelli alterati giallo-rossastri, con materiale carbonatico sia pulverulento che litificato di forma globulare. Ciottoli calcarenitici sparsi (forse in livelli). Noduli millimetrici carboniosi neri (teneri alla pressione). La consistenza varia in funzione del grado di alterazione (da consistente a mediamente consistente). Asciutta.","3","1","PST","50",528498.9823,4566224.631,555
"638","SC2","31.85","Argilla marrone-verdastra con livelli alterati giallo-rossastri, con materiale carbonatico sia pulverulento che litificato di forma globulare. Ciottoli calcarenitici sparsi (forse in livelli). Noduli millimetrici carboniosi neri (teneri alla pressione). La consistenza varia in funzione del grado di alterazione (da consistente a mediamente consistente). Asciutta.","3","1","PST","50",528498.9823,4566224.631,555
"639","SC2","31.9","Argilla marrone-verdastra con livelli alterati giallo-rossastri, con materiale carbonatico sia pulverulento che litificato di forma globulare. Ciottoli calcarenitici sparsi (forse in livelli). Noduli millimetrici carboniosi neri (teneri alla pressione). La consistenza varia in funzione del grado di alterazione (da consistente a mediamente consistente). Asciutta.","3","1","PST","50",528498.9823,4566224.631,555
"640","SC2","31.95","Argilla marrone-verdastra con livelli alterati giallo-rossastri, con materiale carbonatico sia pulverulento che litificato di forma globulare. Ciottoli calcarenitici sparsi (forse in livelli). Noduli millimetrici carboniosi neri (teneri alla pressione). La consistenza varia in funzione del grado di alterazione (da consistente a mediamente consistente). Asciutta.","3","1","PST","50",528498.9823,4566224.631,555
"641","SC2","32","Argilla marrone-verdastra con livelli alterati giallo-rossastri, con materiale carbonatico sia pulverulento che litificato di forma globulare. Ciottoli calcarenitici sparsi (forse in livelli). Noduli millimetrici carboniosi neri (teneri alla pressione). La consistenza varia in funzione del grado di alterazione (da consistente a mediamente consistente). Asciutta.","3","1","PST","50",528498.9823,4566224.631,555
"642","SC2","32.05","Argilla grigio-verde con ciottoli calcarenitici (più abbondanti verso il bottom), ghiaia carbonatica di forma globulare, rare tracce di alterazione rossastre e di ossidazione nerastre. Molto consistente e asciutta.","2a","1","PST","50",528498.9823,4566224.631,555
"643","SC2","32.1","Argilla grigio-verde con ciottoli calcarenitici (più abbondanti verso il bottom), ghiaia carbonatica di forma globulare, rare tracce di alterazione rossastre e di ossidazione nerastre. Molto consistente e asciutta.","2a","1","PST","50",528498.9823,4566224.631,555
"644","SC2","32.15","Argilla grigio-verde con ciottoli calcarenitici (più abbondanti verso il bottom), ghiaia carbonatica di forma globulare, rare tracce di alterazione rossastre e di ossidazione nerastre. Molto consistente e asciutta.","2a","1","PST","50",528498.9823,4566224.631,555
"645","SC2","32.2","Argilla grigio-verde con ciottoli calcarenitici (più abbondanti verso il bottom), ghiaia carbonatica di forma globulare, rare tracce di alterazione rossastre e di ossidazione nerastre. Molto consistente e asciutta.","2a","1","PST","50",528498.9823,4566224.631,555
"646","SC2","32.25","Argilla grigio-verde con ciottoli calcarenitici (più abbondanti verso il bottom), ghiaia carbonatica di forma globulare, rare tracce di alterazione rossastre e di ossidazione nerastre. Molto consistente e asciutta.","2a","1","PST","50",528498.9823,4566224.631,555
"647","SC2","32.3","Argilla grigio-verde con ciottoli calcarenitici (più abbondanti verso il bottom), ghiaia carbonatica di forma globulare, rare tracce di alterazione rossastre e di ossidazione nerastre. Molto consistente e asciutta.","2a","1","PST","50",528498.9823,4566224.631,555
"648","SC2","32.35","Argilla grigio-verde con ciottoli calcarenitici (più abbondanti verso il bottom), ghiaia carbonatica di forma globulare, rare tracce di alterazione rossastre e di ossidazione nerastre. Molto consistente e asciutta.","2a","1","PST","50",528498.9823,4566224.631,555
"649","SC2","32.4","Argilla grigio-verde con ciottoli calcarenitici (più abbondanti verso il bottom), ghiaia carbonatica di forma globulare, rare tracce di alterazione rossastre e di ossidazione nerastre. Molto consistente e asciutta.","2a","1","PST","50",528498.9823,4566224.631,555
"650","SC2","32.45","Argilla grigio-verde con ciottoli calcarenitici (più abbondanti verso il bottom), ghiaia carbonatica di forma globulare, rare tracce di alterazione rossastre e di ossidazione nerastre. Molto consistente e asciutta.","2a","1","PST","50",528498.9823,4566224.631,555
"651","SC2","32.5","Argilla grigio-verde con ciottoli calcarenitici (più abbondanti verso il bottom), ghiaia carbonatica di forma globulare, rare tracce di alterazione rossastre e di ossidazione nerastre. Molto consistente e asciutta.","2a","1","PST","50",528498.9823,4566224.631,555
"652","SC2","32.55","Argilla grigio-verde con ciottoli calcarenitici (più abbondanti verso il bottom), ghiaia carbonatica di forma globulare, rare tracce di alterazione rossastre e di ossidazione nerastre. Molto consistente e asciutta.","2a","1","PST","50",528498.9823,4566224.631,555
"653","SC2","32.6","Argilla grigio-verde con ciottoli calcarenitici (più abbondanti verso il bottom), ghiaia carbonatica di forma globulare, rare tracce di alterazione rossastre e di ossidazione nerastre. Molto consistente e asciutta.","2a","1","PST","50",528498.9823,4566224.631,555
"654","SC2","32.65","Argilla grigio-verde con ciottoli calcarenitici (più abbondanti verso il bottom), ghiaia carbonatica di forma globulare, rare tracce di alterazione rossastre e di ossidazione nerastre. Molto consistente e asciutta.","2a","1","PST","50",528498.9823,4566224.631,555
"655","SC2","32.7","Argilla grigio-verde con ciottoli calcarenitici (più abbondanti verso il bottom), ghiaia carbonatica di forma globulare, rare tracce di alterazione rossastre e di ossidazione nerastre. Molto consistente e asciutta.","2a","1","PST","50",528498.9823,4566224.631,555
"656","SC2","32.75","Argilla grigio-verde con ciottoli calcarenitici (più abbondanti verso il bottom), ghiaia carbonatica di forma globulare, rare tracce di alterazione rossastre e di ossidazione nerastre. Molto consistente e asciutta.","2a","1","PST","50",528498.9823,4566224.631,555
"657","SC2","32.8","Argilla grigio-verde con ciottoli calcarenitici (più abbondanti verso il bottom), ghiaia carbonatica di forma globulare, rare tracce di alterazione rossastre e di ossidazione nerastre. Molto consistente e asciutta.","2a","1","PST","50",528498.9823,4566224.631,555
"658","SC2","32.85","Argilla grigio-verde con ciottoli calcarenitici (più abbondanti verso il bottom), ghiaia carbonatica di forma globulare, rare tracce di alterazione rossastre e di ossidazione nerastre. Molto consistente e asciutta.","2a","1","PST","50",528498.9823,4566224.631,555
"659","SC2","32.9","Argilla grigio-verde con ciottoli calcarenitici (più abbondanti verso il bottom), ghiaia carbonatica di forma globulare, rare tracce di alterazione rossastre e di ossidazione nerastre. Molto consistente e asciutta.","2a","1","PST","50",528498.9823,4566224.631,555
"660","SC2","32.95","Argilla grigio-verde con ciottoli calcarenitici (più abbondanti verso il bottom), ghiaia carbonatica di forma globulare, rare tracce di alterazione rossastre e di ossidazione nerastre. Molto consistente e asciutta.","2a","1","PST","50",528498.9823,4566224.631,555
"661","SC2","33","Argilla grigio-verde con ciottoli calcarenitici (più abbondanti verso il bottom), ghiaia carbonatica di forma globulare, rare tracce di alterazione rossastre e di ossidazione nerastre. Molto consistente e asciutta.","2a","1","PST","50",528498.9823,4566224.631,555
"662","SC2","33.05","Argilla grigio-verde con ciottoli calcarenitici (più abbondanti verso il bottom), ghiaia carbonatica di forma globulare, rare tracce di alterazione rossastre e di ossidazione nerastre. Molto consistente e asciutta.","2a","1","PST","50",528498.9823,4566224.631,555
"663","SC2","33.1","Argilla grigio-verde con ciottoli calcarenitici (più abbondanti verso il bottom), ghiaia carbonatica di forma globulare, rare tracce di alterazione rossastre e di ossidazione nerastre. Molto consistente e asciutta.","2a","1","PST","50",528498.9823,4566224.631,555
"664","SC2","33.15","Argilla grigio-verde con ciottoli calcarenitici (più abbondanti verso il bottom), ghiaia carbonatica di forma globulare, rare tracce di alterazione rossastre e di ossidazione nerastre. Molto consistente e asciutta.","2a","1","PST","50",528498.9823,4566224.631,555
"665","SC2","33.2","Argilla grigio-verde con ciottoli calcarenitici (più abbondanti verso il bottom), ghiaia carbonatica di forma globulare, rare tracce di alterazione rossastre e di ossidazione nerastre. Molto consistente e asciutta.","2a","1","PST","50",528498.9823,4566224.631,555
"666","SC2","33.25","Argilla grigio-verde con ciottoli calcarenitici (più abbondanti verso il bottom), ghiaia carbonatica di forma globulare, rare tracce di alterazione rossastre e di ossidazione nerastre. Molto consistente e asciutta.","2a","1","PST","50",528498.9823,4566224.631,555
"667","SC2","33.3","Argilla grigio-verde con ciottoli calcarenitici (più abbondanti verso il bottom), ghiaia carbonatica di forma globulare, rare tracce di alterazione rossastre e di ossidazione nerastre. Molto consistente e asciutta.","2a","1","PST","50",528498.9823,4566224.631,555
"668","SC2","33.35","Argilla grigio-verde con ciottoli calcarenitici (più abbondanti verso il bottom), ghiaia carbonatica di forma globulare, rare tracce di alterazione rossastre e di ossidazione nerastre. Molto consistente e asciutta.","2a","1","PST","50",528498.9823,4566224.631,555
"669","SC2","33.4","Argilla grigio-verde con ciottoli calcarenitici (più abbondanti verso il bottom), ghiaia carbonatica di forma globulare, rare tracce di alterazione rossastre e di ossidazione nerastre. Molto consistente e asciutta.","2a","1","PST","50",528498.9823,4566224.631,555
"670","SC2","33.45","Argilla grigio-verde con ciottoli calcarenitici (più abbondanti verso il bottom), ghiaia carbonatica di forma globulare, rare tracce di alterazione rossastre e di ossidazione nerastre. Molto consistente e asciutta.","2a","1","PST","50",528498.9823,4566224.631,555
"671","SC2","33.5","Argilla grigio-verde con ciottoli calcarenitici (più abbondanti verso il bottom), ghiaia carbonatica di forma globulare, rare tracce di alterazione rossastre e di ossidazione nerastre. Molto consistente e asciutta.","2a","1","PST","50",528498.9823,4566224.631,555
"672","SC2","33.55","Argilla grigio-verde con ciottoli calcarenitici (più abbondanti verso il bottom), ghiaia carbonatica di forma globulare, rare tracce di alterazione rossastre e di ossidazione nerastre. Molto consistente e asciutta.","2a","1","PST","50",528498.9823,4566224.631,555
"673","SC2","33.6","Argilla grigio-verde con ciottoli calcarenitici (più abbondanti verso il bottom), ghiaia carbonatica di forma globulare, rare tracce di alterazione rossastre e di ossidazione nerastre. Molto consistente e asciutta.","2a","1","PST","50",528498.9823,4566224.631,555
"674","SC2","33.65","Argilla grigio-verde con ciottoli calcarenitici (più abbondanti verso il bottom), ghiaia carbonatica di forma globulare, rare tracce di alterazione rossastre e di ossidazione nerastre. Molto consistente e asciutta.","2a","1","PST","50",528498.9823,4566224.631,555
"675","SC2","33.7","Argilla grigio-verde con ciottoli calcarenitici (più abbondanti verso il bottom), ghiaia carbonatica di forma globulare, rare tracce di alterazione rossastre e di ossidazione nerastre. Molto consistente e asciutta.","2a","1","PST","50",528498.9823,4566224.631,555
"676","SC2","33.75","Argilla grigio-verde con ciottoli calcarenitici (più abbondanti verso il bottom), ghiaia carbonatica di forma globulare, rare tracce di alterazione rossastre e di ossidazione nerastre. Molto consistente e asciutta.","2a","1","PST","50",528498.9823,4566224.631,555
"677","SC2","33.8","Argilla grigio-verde con ciottoli calcarenitici (più abbondanti verso il bottom), ghiaia carbonatica di forma globulare, rare tracce di alterazione rossastre e di ossidazione nerastre. Molto consistente e asciutta.","2a","1","PST","50",528498.9823,4566224.631,555
"678","SC2","33.85","Argilla grigio-verde con ciottoli calcarenitici (più abbondanti verso il bottom), ghiaia carbonatica di forma globulare, rare tracce di alterazione rossastre e di ossidazione nerastre. Molto consistente e asciutta.","2a","1","PST","50",528498.9823,4566224.631,555
"679","SC2","33.9","Argilla grigio-verde con ciottoli calcarenitici (più abbondanti verso il bottom), ghiaia carbonatica di forma globulare, rare tracce di alterazione rossastre e di ossidazione nerastre. Molto consistente e asciutta.","2a","1","PST","50",528498.9823,4566224.631,555
"680","SC2","33.95","Argilla grigio-verde con ciottoli calcarenitici (più abbondanti verso il bottom), ghiaia carbonatica di forma globulare, rare tracce di alterazione rossastre e di ossidazione nerastre. Molto consistente e asciutta.","2a","1","PST","50",528498.9823,4566224.631,555
"681","SC2","34","Argilla grigio-verde con ciottoli calcarenitici (più abbondanti verso il bottom), ghiaia carbonatica di forma globulare, rare tracce di alterazione rossastre e di ossidazione nerastre. Molto consistente e asciutta.","2a","1","PST","50",528498.9823,4566224.631,555
"682","SC2","34.05","Argilla grigio-verde con ciottoli calcarenitici (più abbondanti verso il bottom), ghiaia carbonatica di forma globulare, rare tracce di alterazione rossastre e di ossidazione nerastre. Molto consistente e asciutta.","2a","1","PST","50",528498.9823,4566224.631,555
"683","SC2","34.1","Argilla grigio-verde con ciottoli calcarenitici (più abbondanti verso il bottom), ghiaia carbonatica di forma globulare, rare tracce di alterazione rossastre e di ossidazione nerastre. Molto consistente e asciutta.","2a","1","PST","50",528498.9823,4566224.631,555
"684","SC2","34.15","Argilla grigio-verde con ciottoli calcarenitici (più abbondanti verso il bottom), ghiaia carbonatica di forma globulare, rare tracce di alterazione rossastre e di ossidazione nerastre. Molto consistente e asciutta.","2a","1","PST","50",528498.9823,4566224.631,555
"685","SC2","34.2","Argilla grigio-verde con ciottoli calcarenitici (più abbondanti verso il bottom), ghiaia carbonatica di forma globulare, rare tracce di alterazione rossastre e di ossidazione nerastre. Molto consistente e asciutta.","2a","1","PST","50",528498.9823,4566224.631,555
"686","SC2","34.25","Argilla grigio-verde con ciottoli calcarenitici (più abbondanti verso il bottom), ghiaia carbonatica di forma globulare, rare tracce di alterazione rossastre e di ossidazione nerastre. Molto consistente e asciutta.","2a","1","PST","50",528498.9823,4566224.631,555
"687","SC2","34.3","Argilla grigio-verde con ciottoli calcarenitici (più abbondanti verso il bottom), ghiaia carbonatica di forma globulare, rare tracce di alterazione rossastre e di ossidazione nerastre. Molto consistente e asciutta.","2a","1","PST","50",528498.9823,4566224.631,555
"688","SC2","34.35","Argilla grigio-verde con ciottoli calcarenitici (più abbondanti verso il bottom), ghiaia carbonatica di forma globulare, rare tracce di alterazione rossastre e di ossidazione nerastre. Molto consistente e asciutta.","2a","1","PST","50",528498.9823,4566224.631,555
"689","SC2","34.4","Argilla grigio-verde con ciottoli calcarenitici (più abbondanti verso il bottom), ghiaia carbonatica di forma globulare, rare tracce di alterazione rossastre e di ossidazione nerastre. Molto consistente e asciutta.","2a","1","PST","50",528498.9823,4566224.631,555
"690","SC2","34.45","Argilla grigio-verde con ciottoli calcarenitici (più abbondanti verso il bottom), ghiaia carbonatica di forma globulare, rare tracce di alterazione rossastre e di ossidazione nerastre. Molto consistente e asciutta.","2a","1","PST","50",528498.9823,4566224.631,555
"691","SC2","34.5","Argilla grigio-verde con ciottoli calcarenitici (più abbondanti verso il bottom), ghiaia carbonatica di forma globulare, rare tracce di alterazione rossastre e di ossidazione nerastre. Molto consistente e asciutta.","2a","1","PST","50",528498.9823,4566224.631,555
"692","SC2","34.55","Argilla grigio-verde con ciottoli calcarenitici (più abbondanti verso il bottom), ghiaia carbonatica di forma globulare, rare tracce di alterazione rossastre e di ossidazione nerastre. Molto consistente e asciutta.","2a","1","PST","50",528498.9823,4566224.631,555
"693","SC2","34.6","Argilla grigio-verde con ciottoli calcarenitici (più abbondanti verso il bottom), ghiaia carbonatica di forma globulare, rare tracce di alterazione rossastre e di ossidazione nerastre. Molto consistente e asciutta.","2a","1","PST","50",528498.9823,4566224.631,555
"694","SC2","34.65","Argilla grigio-verde con ciottoli calcarenitici (più abbondanti verso il bottom), ghiaia carbonatica di forma globulare, rare tracce di alterazione rossastre e di ossidazione nerastre. Molto consistente e asciutta.","2a","1","PST","50",528498.9823,4566224.631,555
"695","SC2","34.7","Argilla grigio-verde con ciottoli calcarenitici (più abbondanti verso il bottom), ghiaia carbonatica di forma globulare, rare tracce di alterazione rossastre e di ossidazione nerastre. Molto consistente e asciutta.","2a","1","PST","50",528498.9823,4566224.631,555
"696","SC2","34.75","Argilla grigio-verde con ciottoli calcarenitici (più abbondanti verso il bottom), ghiaia carbonatica di forma globulare, rare tracce di alterazione rossastre e di ossidazione nerastre. Molto consistente e asciutta.","2a","1","PST","50",528498.9823,4566224.631,555
"697","SC2","34.8","Argilla grigio-verde con ciottoli calcarenitici (più abbondanti verso il bottom), ghiaia carbonatica di forma globulare, rare tracce di alterazione rossastre e di ossidazione nerastre. Molto consistente e asciutta.","2a","1","PST","50",528498.9823,4566224.631,555
"698","SC2","34.85","Argilla verde laminata, con tracce di alterazione rossastre, ciottoli calcarenitici sparsi e diffuso materiale carbonatico sia pulverulento che litificato di forma globulare (molto abbondante fra 34.80-35.20 m). Rari noduli millimetrici carboniosi neri (teneri alla pressione). Fra 35.90-36.20 m l'argilla verde è frammista ad argilla nerastra. Fra 36.20-36.40 m presenza di ciottoli calcarenitici (forse un livello). Consistente ed asciutta.","2a","1","PST","50",528498.9823,4566224.631,555
"699","SC2","34.9","Argilla verde laminata, con tracce di alterazione rossastre, ciottoli calcarenitici sparsi e diffuso materiale carbonatico sia pulverulento che litificato di forma globulare (molto abbondante fra 34.80-35.20 m). Rari noduli millimetrici carboniosi neri (teneri alla pressione). Fra 35.90-36.20 m l'argilla verde è frammista ad argilla nerastra. Fra 36.20-36.40 m presenza di ciottoli calcarenitici (forse un livello). Consistente ed asciutta.","2a","1","PST","50",528498.9823,4566224.631,555
"700","SC2","34.95","Argilla verde laminata, con tracce di alterazione rossastre, ciottoli calcarenitici sparsi e diffuso materiale carbonatico sia pulverulento che litificato di forma globulare (molto abbondante fra 34.80-35.20 m). Rari noduli millimetrici carboniosi neri (teneri alla pressione). Fra 35.90-36.20 m l'argilla verde è frammista ad argilla nerastra. Fra 36.20-36.40 m presenza di ciottoli calcarenitici (forse un livello). Consistente ed asciutta.","2a","1","PST","50",528498.9823,4566224.631,555
"701","SC2","35","Argilla verde laminata, con tracce di alterazione rossastre, ciottoli calcarenitici sparsi e diffuso materiale carbonatico sia pulverulento che litificato di forma globulare (molto abbondante fra 34.80-35.20 m). Rari noduli millimetrici carboniosi neri (teneri alla pressione). Fra 35.90-36.20 m l'argilla verde è frammista ad argilla nerastra. Fra 36.20-36.40 m presenza di ciottoli calcarenitici (forse un livello). Consistente ed asciutta.","2a","1","PST","50",528498.9823,4566224.631,555
"702","SC2","35.05","Argilla verde laminata, con tracce di alterazione rossastre, ciottoli calcarenitici sparsi e diffuso materiale carbonatico sia pulverulento che litificato di forma globulare (molto abbondante fra 34.80-35.20 m). Rari noduli millimetrici carboniosi neri (teneri alla pressione). Fra 35.90-36.20 m l'argilla verde è frammista ad argilla nerastra. Fra 36.20-36.40 m presenza di ciottoli calcarenitici (forse un livello). Consistente ed asciutta.","2a","1","PST","50",528498.9823,4566224.631,555
"703","SC2","35.1","Argilla verde laminata, con tracce di alterazione rossastre, ciottoli calcarenitici sparsi e diffuso materiale carbonatico sia pulverulento che litificato di forma globulare (molto abbondante fra 34.80-35.20 m). Rari noduli millimetrici carboniosi neri (teneri alla pressione). Fra 35.90-36.20 m l'argilla verde è frammista ad argilla nerastra. Fra 36.20-36.40 m presenza di ciottoli calcarenitici (forse un livello). Consistente ed asciutta.","2a","1","PST","50",528498.9823,4566224.631,555
"704","SC2","35.15","Argilla verde laminata, con tracce di alterazione rossastre, ciottoli calcarenitici sparsi e diffuso materiale carbonatico sia pulverulento che litificato di forma globulare (molto abbondante fra 34.80-35.20 m). Rari noduli millimetrici carboniosi neri (teneri alla pressione). Fra 35.90-36.20 m l'argilla verde è frammista ad argilla nerastra. Fra 36.20-36.40 m presenza di ciottoli calcarenitici (forse un livello). Consistente ed asciutta.","2a","1","PST","50",528498.9823,4566224.631,555
"705","SC2","35.2","Argilla verde laminata, con tracce di alterazione rossastre, ciottoli calcarenitici sparsi e diffuso materiale carbonatico sia pulverulento che litificato di forma globulare (molto abbondante fra 34.80-35.20 m). Rari noduli millimetrici carboniosi neri (teneri alla pressione). Fra 35.90-36.20 m l'argilla verde è frammista ad argilla nerastra. Fra 36.20-36.40 m presenza di ciottoli calcarenitici (forse un livello). Consistente ed asciutta.","2a","1","PST","50",528498.9823,4566224.631,555
"706","SC2","35.25","Argilla verde laminata, con tracce di alterazione rossastre, ciottoli calcarenitici sparsi e diffuso materiale carbonatico sia pulverulento che litificato di forma globulare (molto abbondante fra 34.80-35.20 m). Rari noduli millimetrici carboniosi neri (teneri alla pressione). Fra 35.90-36.20 m l'argilla verde è frammista ad argilla nerastra. Fra 36.20-36.40 m presenza di ciottoli calcarenitici (forse un livello). Consistente ed asciutta.","2a","1","PST","50",528498.9823,4566224.631,555
"707","SC2","35.3","Argilla verde laminata, con tracce di alterazione rossastre, ciottoli calcarenitici sparsi e diffuso materiale carbonatico sia pulverulento che litificato di forma globulare (molto abbondante fra 34.80-35.20 m). Rari noduli millimetrici carboniosi neri (teneri alla pressione). Fra 35.90-36.20 m l'argilla verde è frammista ad argilla nerastra. Fra 36.20-36.40 m presenza di ciottoli calcarenitici (forse un livello). Consistente ed asciutta.","2a","1","PST","50",528498.9823,4566224.631,555
"708","SC2","35.35","Argilla verde laminata, con tracce di alterazione rossastre, ciottoli calcarenitici sparsi e diffuso materiale carbonatico sia pulverulento che litificato di forma globulare (molto abbondante fra 34.80-35.20 m). Rari noduli millimetrici carboniosi neri (teneri alla pressione). Fra 35.90-36.20 m l'argilla verde è frammista ad argilla nerastra. Fra 36.20-36.40 m presenza di ciottoli calcarenitici (forse un livello). Consistente ed asciutta.","2a","1","PST","50",528498.9823,4566224.631,555
"709","SC2","35.4","Argilla verde laminata, con tracce di alterazione rossastre, ciottoli calcarenitici sparsi e diffuso materiale carbonatico sia pulverulento che litificato di forma globulare (molto abbondante fra 34.80-35.20 m). Rari noduli millimetrici carboniosi neri (teneri alla pressione). Fra 35.90-36.20 m l'argilla verde è frammista ad argilla nerastra. Fra 36.20-36.40 m presenza di ciottoli calcarenitici (forse un livello). Consistente ed asciutta.","2a","1","PST","50",528498.9823,4566224.631,555
"710","SC2","35.45","Argilla verde laminata, con tracce di alterazione rossastre, ciottoli calcarenitici sparsi e diffuso materiale carbonatico sia pulverulento che litificato di forma globulare (molto abbondante fra 34.80-35.20 m). Rari noduli millimetrici carboniosi neri (teneri alla pressione). Fra 35.90-36.20 m l'argilla verde è frammista ad argilla nerastra. Fra 36.20-36.40 m presenza di ciottoli calcarenitici (forse un livello). Consistente ed asciutta.","2a","1","PST","50",528498.9823,4566224.631,555
"711","SC2","35.5","Argilla verde laminata, con tracce di alterazione rossastre, ciottoli calcarenitici sparsi e diffuso materiale carbonatico sia pulverulento che litificato di forma globulare (molto abbondante fra 34.80-35.20 m). Rari noduli millimetrici carboniosi neri (teneri alla pressione). Fra 35.90-36.20 m l'argilla verde è frammista ad argilla nerastra. Fra 36.20-36.40 m presenza di ciottoli calcarenitici (forse un livello). Consistente ed asciutta.","2a","1","PST","50",528498.9823,4566224.631,555
"712","SC2","35.55","Argilla verde laminata, con tracce di alterazione rossastre, ciottoli calcarenitici sparsi e diffuso materiale carbonatico sia pulverulento che litificato di forma globulare (molto abbondante fra 34.80-35.20 m). Rari noduli millimetrici carboniosi neri (teneri alla pressione). Fra 35.90-36.20 m l'argilla verde è frammista ad argilla nerastra. Fra 36.20-36.40 m presenza di ciottoli calcarenitici (forse un livello). Consistente ed asciutta.","2a","1","PST","50",528498.9823,4566224.631,555
"713","SC2","35.6","Argilla verde laminata, con tracce di alterazione rossastre, ciottoli calcarenitici sparsi e diffuso materiale carbonatico sia pulverulento che litificato di forma globulare (molto abbondante fra 34.80-35.20 m). Rari noduli millimetrici carboniosi neri (teneri alla pressione). Fra 35.90-36.20 m l'argilla verde è frammista ad argilla nerastra. Fra 36.20-36.40 m presenza di ciottoli calcarenitici (forse un livello). Consistente ed asciutta.","2a","1","PST","50",528498.9823,4566224.631,555
"714","SC2","35.65","Argilla verde laminata, con tracce di alterazione rossastre, ciottoli calcarenitici sparsi e diffuso materiale carbonatico sia pulverulento che litificato di forma globulare (molto abbondante fra 34.80-35.20 m). Rari noduli millimetrici carboniosi neri (teneri alla pressione). Fra 35.90-36.20 m l'argilla verde è frammista ad argilla nerastra. Fra 36.20-36.40 m presenza di ciottoli calcarenitici (forse un livello). Consistente ed asciutta.","2a","1","PST","50",528498.9823,4566224.631,555
"715","SC2","35.7","Argilla verde laminata, con tracce di alterazione rossastre, ciottoli calcarenitici sparsi e diffuso materiale carbonatico sia pulverulento che litificato di forma globulare (molto abbondante fra 34.80-35.20 m). Rari noduli millimetrici carboniosi neri (teneri alla pressione). Fra 35.90-36.20 m l'argilla verde è frammista ad argilla nerastra. Fra 36.20-36.40 m presenza di ciottoli calcarenitici (forse un livello). Consistente ed asciutta.","2a","1","PST","50",528498.9823,4566224.631,555
"716","SC2","35.75","Argilla verde laminata, con tracce di alterazione rossastre, ciottoli calcarenitici sparsi e diffuso materiale carbonatico sia pulverulento che litificato di forma globulare (molto abbondante fra 34.80-35.20 m). Rari noduli millimetrici carboniosi neri (teneri alla pressione). Fra 35.90-36.20 m l'argilla verde è frammista ad argilla nerastra. Fra 36.20-36.40 m presenza di ciottoli calcarenitici (forse un livello). Consistente ed asciutta.","2a","1","PST","50",528498.9823,4566224.631,555
"717","SC2","35.8","Argilla verde laminata, con tracce di alterazione rossastre, ciottoli calcarenitici sparsi e diffuso materiale carbonatico sia pulverulento che litificato di forma globulare (molto abbondante fra 34.80-35.20 m). Rari noduli millimetrici carboniosi neri (teneri alla pressione). Fra 35.90-36.20 m l'argilla verde è frammista ad argilla nerastra. Fra 36.20-36.40 m presenza di ciottoli calcarenitici (forse un livello). Consistente ed asciutta.","2a","1","PST","50",528498.9823,4566224.631,555
"718","SC2","35.85","Argilla verde laminata, con tracce di alterazione rossastre, ciottoli calcarenitici sparsi e diffuso materiale carbonatico sia pulverulento che litificato di forma globulare (molto abbondante fra 34.80-35.20 m). Rari noduli millimetrici carboniosi neri (teneri alla pressione). Fra 35.90-36.20 m l'argilla verde è frammista ad argilla nerastra. Fra 36.20-36.40 m presenza di ciottoli calcarenitici (forse un livello). Consistente ed asciutta.","2a","1","PST","50",528498.9823,4566224.631,555
"719","SC2","35.9","Argilla verde laminata, con tracce di alterazione rossastre, ciottoli calcarenitici sparsi e diffuso materiale carbonatico sia pulverulento che litificato di forma globulare (molto abbondante fra 34.80-35.20 m). Rari noduli millimetrici carboniosi neri (teneri alla pressione). Fra 35.90-36.20 m l'argilla verde è frammista ad argilla nerastra. Fra 36.20-36.40 m presenza di ciottoli calcarenitici (forse un livello). Consistente ed asciutta.","2a","1","PST","50",528498.9823,4566224.631,555
"720","SC2","35.95","Argilla verde laminata, con tracce di alterazione rossastre, ciottoli calcarenitici sparsi e diffuso materiale carbonatico sia pulverulento che litificato di forma globulare (molto abbondante fra 34.80-35.20 m). Rari noduli millimetrici carboniosi neri (teneri alla pressione). Fra 35.90-36.20 m l'argilla verde è frammista ad argilla nerastra. Fra 36.20-36.40 m presenza di ciottoli calcarenitici (forse un livello). Consistente ed asciutta.","2a","1","PST","50",528498.9823,4566224.631,555
"721","SC2","36","Argilla verde laminata, con tracce di alterazione rossastre, ciottoli calcarenitici sparsi e diffuso materiale carbonatico sia pulverulento che litificato di forma globulare (molto abbondante fra 34.80-35.20 m). Rari noduli millimetrici carboniosi neri (teneri alla pressione). Fra 35.90-36.20 m l'argilla verde è frammista ad argilla nerastra. Fra 36.20-36.40 m presenza di ciottoli calcarenitici (forse un livello). Consistente ed asciutta.","2a","1","PST","50",528498.9823,4566224.631,555
"722","SC2","36.05","Argilla verde laminata, con tracce di alterazione rossastre, ciottoli calcarenitici sparsi e diffuso materiale carbonatico sia pulverulento che litificato di forma globulare (molto abbondante fra 34.80-35.20 m). Rari noduli millimetrici carboniosi neri (teneri alla pressione). Fra 35.90-36.20 m l'argilla verde è frammista ad argilla nerastra. Fra 36.20-36.40 m presenza di ciottoli calcarenitici (forse un livello). Consistente ed asciutta.","2a","1","PST","50",528498.9823,4566224.631,555
"723","SC2","36.1","Argilla verde laminata, con tracce di alterazione rossastre, ciottoli calcarenitici sparsi e diffuso materiale carbonatico sia pulverulento che litificato di forma globulare (molto abbondante fra 34.80-35.20 m). Rari noduli millimetrici carboniosi neri (teneri alla pressione). Fra 35.90-36.20 m l'argilla verde è frammista ad argilla nerastra. Fra 36.20-36.40 m presenza di ciottoli calcarenitici (forse un livello). Consistente ed asciutta.","2a","1","PST","50",528498.9823,4566224.631,555
"724","SC2","36.15","Argilla verde laminata, con tracce di alterazione rossastre, ciottoli calcarenitici sparsi e diffuso materiale carbonatico sia pulverulento che litificato di forma globulare (molto abbondante fra 34.80-35.20 m). Rari noduli millimetrici carboniosi neri (teneri alla pressione). Fra 35.90-36.20 m l'argilla verde è frammista ad argilla nerastra. Fra 36.20-36.40 m presenza di ciottoli calcarenitici (forse un livello). Consistente ed asciutta.","2a","1","PST","50",528498.9823,4566224.631,555
"725","SC2","36.2","Argilla verde laminata, con tracce di alterazione rossastre, ciottoli calcarenitici sparsi e diffuso materiale carbonatico sia pulverulento che litificato di forma globulare (molto abbondante fra 34.80-35.20 m). Rari noduli millimetrici carboniosi neri (teneri alla pressione). Fra 35.90-36.20 m l'argilla verde è frammista ad argilla nerastra. Fra 36.20-36.40 m presenza di ciottoli calcarenitici (forse un livello). Consistente ed asciutta.","2a","1","PST","50",528498.9823,4566224.631,555
"726","SC2","36.25","Argilla verde laminata, con tracce di alterazione rossastre, ciottoli calcarenitici sparsi e diffuso materiale carbonatico sia pulverulento che litificato di forma globulare (molto abbondante fra 34.80-35.20 m). Rari noduli millimetrici carboniosi neri (teneri alla pressione). Fra 35.90-36.20 m l'argilla verde è frammista ad argilla nerastra. Fra 36.20-36.40 m presenza di ciottoli calcarenitici (forse un livello). Consistente ed asciutta.","2a","1","PST","50",528498.9823,4566224.631,555
"727","SC2","36.3","Argilla verde laminata, con tracce di alterazione rossastre, ciottoli calcarenitici sparsi e diffuso materiale carbonatico sia pulverulento che litificato di forma globulare (molto abbondante fra 34.80-35.20 m). Rari noduli millimetrici carboniosi neri (teneri alla pressione). Fra 35.90-36.20 m l'argilla verde è frammista ad argilla nerastra. Fra 36.20-36.40 m presenza di ciottoli calcarenitici (forse un livello). Consistente ed asciutta.","2a","1","PST","50",528498.9823,4566224.631,555
"728","SC2","36.35","Argilla verde laminata, con tracce di alterazione rossastre, ciottoli calcarenitici sparsi e diffuso materiale carbonatico sia pulverulento che litificato di forma globulare (molto abbondante fra 34.80-35.20 m). Rari noduli millimetrici carboniosi neri (teneri alla pressione). Fra 35.90-36.20 m l'argilla verde è frammista ad argilla nerastra. Fra 36.20-36.40 m presenza di ciottoli calcarenitici (forse un livello). Consistente ed asciutta.","2a","1","PST","50",528498.9823,4566224.631,555
"729","SC2","36.4","Argilla verde laminata, con tracce di alterazione rossastre, ciottoli calcarenitici sparsi e diffuso materiale carbonatico sia pulverulento che litificato di forma globulare (molto abbondante fra 34.80-35.20 m). Rari noduli millimetrici carboniosi neri (teneri alla pressione). Fra 35.90-36.20 m l'argilla verde è frammista ad argilla nerastra. Fra 36.20-36.40 m presenza di ciottoli calcarenitici (forse un livello). Consistente ed asciutta.","2a","1","PST","50",528498.9823,4566224.631,555
"730","SC2","36.45","Argilla verde laminata, con tracce di alterazione rossastre, ciottoli calcarenitici sparsi e diffuso materiale carbonatico sia pulverulento che litificato di forma globulare (molto abbondante fra 34.80-35.20 m). Rari noduli millimetrici carboniosi neri (teneri alla pressione). Fra 35.90-36.20 m l'argilla verde è frammista ad argilla nerastra. Fra 36.20-36.40 m presenza di ciottoli calcarenitici (forse un livello). Consistente ed asciutta.","2a","1","PST","50",528498.9823,4566224.631,555
"731","SC2","36.5","Argilla verde laminata, con tracce di alterazione rossastre, ciottoli calcarenitici sparsi e diffuso materiale carbonatico sia pulverulento che litificato di forma globulare (molto abbondante fra 34.80-35.20 m). Rari noduli millimetrici carboniosi neri (teneri alla pressione). Fra 35.90-36.20 m l'argilla verde è frammista ad argilla nerastra. Fra 36.20-36.40 m presenza di ciottoli calcarenitici (forse un livello). Consistente ed asciutta.","2a","1","PST","50",528498.9823,4566224.631,555
"732","SC2","36.55","Argilla verde laminata, con tracce di alterazione rossastre, ciottoli calcarenitici sparsi e diffuso materiale carbonatico sia pulverulento che litificato di forma globulare (molto abbondante fra 34.80-35.20 m). Rari noduli millimetrici carboniosi neri (teneri alla pressione). Fra 35.90-36.20 m l'argilla verde è frammista ad argilla nerastra. Fra 36.20-36.40 m presenza di ciottoli calcarenitici (forse un livello). Consistente ed asciutta.","2a","1","PST","50",528498.9823,4566224.631,555
"733","SC2","36.6","Argilla verde laminata, con tracce di alterazione rossastre, ciottoli calcarenitici sparsi e diffuso materiale carbonatico sia pulverulento che litificato di forma globulare (molto abbondante fra 34.80-35.20 m). Rari noduli millimetrici carboniosi neri (teneri alla pressione). Fra 35.90-36.20 m l'argilla verde è frammista ad argilla nerastra. Fra 36.20-36.40 m presenza di ciottoli calcarenitici (forse un livello). Consistente ed asciutta.","2a","1","PST","50",528498.9823,4566224.631,555
"734","SC2","36.65","Argilla verde laminata, con tracce di alterazione rossastre, ciottoli calcarenitici sparsi e diffuso materiale carbonatico sia pulverulento che litificato di forma globulare (molto abbondante fra 34.80-35.20 m). Rari noduli millimetrici carboniosi neri (teneri alla pressione). Fra 35.90-36.20 m l'argilla verde è frammista ad argilla nerastra. Fra 36.20-36.40 m presenza di ciottoli calcarenitici (forse un livello). Consistente ed asciutta.","2a","1","PST","50",528498.9823,4566224.631,555
"735","SC2","36.7","Argilla verde laminata, con tracce di alterazione rossastre, ciottoli calcarenitici sparsi e diffuso materiale carbonatico sia pulverulento che litificato di forma globulare (molto abbondante fra 34.80-35.20 m). Rari noduli millimetrici carboniosi neri (teneri alla pressione). Fra 35.90-36.20 m l'argilla verde è frammista ad argilla nerastra. Fra 36.20-36.40 m presenza di ciottoli calcarenitici (forse un livello). Consistente ed asciutta.","2a","1","PST","50",528498.9823,4566224.631,555
"736","SC2","36.75","Argilla verde laminata, con tracce di alterazione rossastre, ciottoli calcarenitici sparsi e diffuso materiale carbonatico sia pulverulento che litificato di forma globulare (molto abbondante fra 34.80-35.20 m). Rari noduli millimetrici carboniosi neri (teneri alla pressione). Fra 35.90-36.20 m l'argilla verde è frammista ad argilla nerastra. Fra 36.20-36.40 m presenza di ciottoli calcarenitici (forse un livello). Consistente ed asciutta.","2a","1","PST","50",528498.9823,4566224.631,555
"737","SC2","36.8","Argilla verde laminata, con tracce di alterazione rossastre, ciottoli calcarenitici sparsi e diffuso materiale carbonatico sia pulverulento che litificato di forma globulare (molto abbondante fra 34.80-35.20 m). Rari noduli millimetrici carboniosi neri (teneri alla pressione). Fra 35.90-36.20 m l'argilla verde è frammista ad argilla nerastra. Fra 36.20-36.40 m presenza di ciottoli calcarenitici (forse un livello). Consistente ed asciutta.","2a","1","PST","50",528498.9823,4566224.631,555
"738","SC2","36.85","Argilla verde laminata, con tracce di alterazione rossastre, ciottoli calcarenitici sparsi e diffuso materiale carbonatico sia pulverulento che litificato di forma globulare (molto abbondante fra 34.80-35.20 m). Rari noduli millimetrici carboniosi neri (teneri alla pressione). Fra 35.90-36.20 m l'argilla verde è frammista ad argilla nerastra. Fra 36.20-36.40 m presenza di ciottoli calcarenitici (forse un livello). Consistente ed asciutta.","2a","1","PST","50",528498.9823,4566224.631,555
"739","SC2","36.9","Argilla verde laminata, con tracce di alterazione rossastre, ciottoli calcarenitici sparsi e diffuso materiale carbonatico sia pulverulento che litificato di forma globulare (molto abbondante fra 34.80-35.20 m). Rari noduli millimetrici carboniosi neri (teneri alla pressione). Fra 35.90-36.20 m l'argilla verde è frammista ad argilla nerastra. Fra 36.20-36.40 m presenza di ciottoli calcarenitici (forse un livello). Consistente ed asciutta.","2a","1","PST","50",528498.9823,4566224.631,555
"740","SC2","36.95","Argilla verde laminata, con tracce di alterazione rossastre, ciottoli calcarenitici sparsi e diffuso materiale carbonatico sia pulverulento che litificato di forma globulare (molto abbondante fra 34.80-35.20 m). Rari noduli millimetrici carboniosi neri (teneri alla pressione). Fra 35.90-36.20 m l'argilla verde è frammista ad argilla nerastra. Fra 36.20-36.40 m presenza di ciottoli calcarenitici (forse un livello). Consistente ed asciutta.","2a","1","PST","50",528498.9823,4566224.631,555
"741","SC2","37","Argilla verde laminata, con tracce di alterazione rossastre, ciottoli calcarenitici sparsi e diffuso materiale carbonatico sia pulverulento che litificato di forma globulare (molto abbondante fra 34.80-35.20 m). Rari noduli millimetrici carboniosi neri (teneri alla pressione). Fra 35.90-36.20 m l'argilla verde è frammista ad argilla nerastra. Fra 36.20-36.40 m presenza di ciottoli calcarenitici (forse un livello). Consistente ed asciutta.","2a","1","PST","50",528498.9823,4566224.631,555
"742","SC2","37.05","Argilla verde laminata, con tracce di alterazione rossastre, ciottoli calcarenitici sparsi e diffuso materiale carbonatico sia pulverulento che litificato di forma globulare (molto abbondante fra 34.80-35.20 m). Rari noduli millimetrici carboniosi neri (teneri alla pressione). Fra 35.90-36.20 m l'argilla verde è frammista ad argilla nerastra. Fra 36.20-36.40 m presenza di ciottoli calcarenitici (forse un livello). Consistente ed asciutta.","2a","1","PST","50",528498.9823,4566224.631,555
"743","SC2","37.1","Argilla verde laminata, con tracce di alterazione rossastre, ciottoli calcarenitici sparsi e diffuso materiale carbonatico sia pulverulento che litificato di forma globulare (molto abbondante fra 34.80-35.20 m). Rari noduli millimetrici carboniosi neri (teneri alla pressione). Fra 35.90-36.20 m l'argilla verde è frammista ad argilla nerastra. Fra 36.20-36.40 m presenza di ciottoli calcarenitici (forse un livello). Consistente ed asciutta.","2a","1","PST","50",528498.9823,4566224.631,555
"744","SC2","37.15","Argilla verde laminata, con tracce di alterazione rossastre, ciottoli calcarenitici sparsi e diffuso materiale carbonatico sia pulverulento che litificato di forma globulare (molto abbondante fra 34.80-35.20 m). Rari noduli millimetrici carboniosi neri (teneri alla pressione). Fra 35.90-36.20 m l'argilla verde è frammista ad argilla nerastra. Fra 36.20-36.40 m presenza di ciottoli calcarenitici (forse un livello). Consistente ed asciutta.","2a","1","PST","50",528498.9823,4566224.631,555
"745","SC2","37.2","Argilla verde laminata, con tracce di alterazione rossastre, ciottoli calcarenitici sparsi e diffuso materiale carbonatico sia pulverulento che litificato di forma globulare (molto abbondante fra 34.80-35.20 m). Rari noduli millimetrici carboniosi neri (teneri alla pressione). Fra 35.90-36.20 m l'argilla verde è frammista ad argilla nerastra. Fra 36.20-36.40 m presenza di ciottoli calcarenitici (forse un livello). Consistente ed asciutta.","2a","1","PST","50",528498.9823,4566224.631,555
"746","SC2","37.25","Argilla verde laminata, con tracce di alterazione rossastre, ciottoli calcarenitici sparsi e diffuso materiale carbonatico sia pulverulento che litificato di forma globulare (molto abbondante fra 34.80-35.20 m). Rari noduli millimetrici carboniosi neri (teneri alla pressione). Fra 35.90-36.20 m l'argilla verde è frammista ad argilla nerastra. Fra 36.20-36.40 m presenza di ciottoli calcarenitici (forse un livello). Consistente ed asciutta.","2a","1","PST","50",528498.9823,4566224.631,555
"747","SC2","37.3","Argilla verde laminata, con tracce di alterazione rossastre, ciottoli calcarenitici sparsi e diffuso materiale carbonatico sia pulverulento che litificato di forma globulare (molto abbondante fra 34.80-35.20 m). Rari noduli millimetrici carboniosi neri (teneri alla pressione). Fra 35.90-36.20 m l'argilla verde è frammista ad argilla nerastra. Fra 36.20-36.40 m presenza di ciottoli calcarenitici (forse un livello). Consistente ed asciutta.","2a","1","PST","50",528498.9823,4566224.631,555
"748","SC2","37.35","Argilla verde laminata, con tracce di alterazione rossastre, ciottoli calcarenitici sparsi e diffuso materiale carbonatico sia pulverulento che litificato di forma globulare (molto abbondante fra 34.80-35.20 m). Rari noduli millimetrici carboniosi neri (teneri alla pressione). Fra 35.90-36.20 m l'argilla verde è frammista ad argilla nerastra. Fra 36.20-36.40 m presenza di ciottoli calcarenitici (forse un livello). Consistente ed asciutta.","2a","1","PST","50",528498.9823,4566224.631,555
"749","SC2","37.4","Argilla verde laminata, con tracce di alterazione rossastre, ciottoli calcarenitici sparsi e diffuso materiale carbonatico sia pulverulento che litificato di forma globulare (molto abbondante fra 34.80-35.20 m). Rari noduli millimetrici carboniosi neri (teneri alla pressione). Fra 35.90-36.20 m l'argilla verde è frammista ad argilla nerastra. Fra 36.20-36.40 m presenza di ciottoli calcarenitici (forse un livello). Consistente ed asciutta.","2a","1","PST","50",528498.9823,4566224.631,555
"750","SC2","37.45","Argilla verde laminata, con tracce di alterazione rossastre, ciottoli calcarenitici sparsi e diffuso materiale carbonatico sia pulverulento che litificato di forma globulare (molto abbondante fra 34.80-35.20 m). Rari noduli millimetrici carboniosi neri (teneri alla pressione). Fra 35.90-36.20 m l'argilla verde è frammista ad argilla nerastra. Fra 36.20-36.40 m presenza di ciottoli calcarenitici (forse un livello). Consistente ed asciutta.","2a","1","PST","50",528498.9823,4566224.631,555
"751","SC2","37.5","Argilla verde laminata, con tracce di alterazione rossastre, ciottoli calcarenitici sparsi e diffuso materiale carbonatico sia pulverulento che litificato di forma globulare (molto abbondante fra 34.80-35.20 m). Rari noduli millimetrici carboniosi neri (teneri alla pressione). Fra 35.90-36.20 m l'argilla verde è frammista ad argilla nerastra. Fra 36.20-36.40 m presenza di ciottoli calcarenitici (forse un livello). Consistente ed asciutta.","2a","1","PST","50",528498.9823,4566224.631,555
"752","SC2","37.55","Argilla verde laminata, con tracce di alterazione rossastre, ciottoli calcarenitici sparsi e diffuso materiale carbonatico sia pulverulento che litificato di forma globulare (molto abbondante fra 34.80-35.20 m). Rari noduli millimetrici carboniosi neri (teneri alla pressione). Fra 35.90-36.20 m l'argilla verde è frammista ad argilla nerastra. Fra 36.20-36.40 m presenza di ciottoli calcarenitici (forse un livello). Consistente ed asciutta.","2a","1","PST","50",528498.9823,4566224.631,555
"753","SC2","37.6","Argilla verde laminata, con tracce di alterazione rossastre, ciottoli calcarenitici sparsi e diffuso materiale carbonatico sia pulverulento che litificato di forma globulare (molto abbondante fra 34.80-35.20 m). Rari noduli millimetrici carboniosi neri (teneri alla pressione). Fra 35.90-36.20 m l'argilla verde è frammista ad argilla nerastra. Fra 36.20-36.40 m presenza di ciottoli calcarenitici (forse un livello). Consistente ed asciutta.","2a","1","PST","50",528498.9823,4566224.631,555
"754","SC2","37.65","Argilla verde laminata, con tracce di alterazione rossastre, ciottoli calcarenitici sparsi e diffuso materiale carbonatico sia pulverulento che litificato di forma globulare (molto abbondante fra 34.80-35.20 m). Rari noduli millimetrici carboniosi neri (teneri alla pressione). Fra 35.90-36.20 m l'argilla verde è frammista ad argilla nerastra. Fra 36.20-36.40 m presenza di ciottoli calcarenitici (forse un livello). Consistente ed asciutta.","2a","1","PST","50",528498.9823,4566224.631,555
"755","SC2","37.7","Argilla verde laminata, con tracce di alterazione rossastre, ciottoli calcarenitici sparsi e diffuso materiale carbonatico sia pulverulento che litificato di forma globulare (molto abbondante fra 34.80-35.20 m). Rari noduli millimetrici carboniosi neri (teneri alla pressione). Fra 35.90-36.20 m l'argilla verde è frammista ad argilla nerastra. Fra 36.20-36.40 m presenza di ciottoli calcarenitici (forse un livello). Consistente ed asciutta.","2a","1","PST","50",528498.9823,4566224.631,555
"756","SC2","37.75","Argilla verde laminata, con tracce di alterazione rossastre, ciottoli calcarenitici sparsi e diffuso materiale carbonatico sia pulverulento che litificato di forma globulare (molto abbondante fra 34.80-35.20 m). Rari noduli millimetrici carboniosi neri (teneri alla pressione). Fra 35.90-36.20 m l'argilla verde è frammista ad argilla nerastra. Fra 36.20-36.40 m presenza di ciottoli calcarenitici (forse un livello). Consistente ed asciutta.","2a","1","PST","50",528498.9823,4566224.631,555
"757","SC2","37.8","Argilla verde laminata, con tracce di alterazione rossastre, ciottoli calcarenitici sparsi e diffuso materiale carbonatico sia pulverulento che litificato di forma globulare (molto abbondante fra 34.80-35.20 m). Rari noduli millimetrici carboniosi neri (teneri alla pressione). Fra 35.90-36.20 m l'argilla verde è frammista ad argilla nerastra. Fra 36.20-36.40 m presenza di ciottoli calcarenitici (forse un livello). Consistente ed asciutta.","2a","1","PST","50",528498.9823,4566224.631,555
"758","SC2","37.85","Argilla verde laminata, con tracce di alterazione rossastre, ciottoli calcarenitici sparsi e diffuso materiale carbonatico sia pulverulento che litificato di forma globulare (molto abbondante fra 34.80-35.20 m). Rari noduli millimetrici carboniosi neri (teneri alla pressione). Fra 35.90-36.20 m l'argilla verde è frammista ad argilla nerastra. Fra 36.20-36.40 m presenza di ciottoli calcarenitici (forse un livello). Consistente ed asciutta.","2a","1","PST","50",528498.9823,4566224.631,555
"759","SC2","37.9","Argilla verde laminata, con tracce di alterazione rossastre, ciottoli calcarenitici sparsi e diffuso materiale carbonatico sia pulverulento che litificato di forma globulare (molto abbondante fra 34.80-35.20 m). Rari noduli millimetrici carboniosi neri (teneri alla pressione). Fra 35.90-36.20 m l'argilla verde è frammista ad argilla nerastra. Fra 36.20-36.40 m presenza di ciottoli calcarenitici (forse un livello). Consistente ed asciutta.","2a","1","PST","50",528498.9823,4566224.631,555
"760","SC2","37.95","Argilla verde laminata, con tracce di alterazione rossastre, ciottoli calcarenitici sparsi e diffuso materiale carbonatico sia pulverulento che litificato di forma globulare (molto abbondante fra 34.80-35.20 m). Rari noduli millimetrici carboniosi neri (teneri alla pressione). Fra 35.90-36.20 m l'argilla verde è frammista ad argilla nerastra. Fra 36.20-36.40 m presenza di ciottoli calcarenitici (forse un livello). Consistente ed asciutta.","2a","1","PST","50",528498.9823,4566224.631,555
"761","SC2","38","Argilla verde laminata, con tracce di alterazione rossastre, ciottoli calcarenitici sparsi e diffuso materiale carbonatico sia pulverulento che litificato di forma globulare (molto abbondante fra 34.80-35.20 m). Rari noduli millimetrici carboniosi neri (teneri alla pressione). Fra 35.90-36.20 m l'argilla verde è frammista ad argilla nerastra. Fra 36.20-36.40 m presenza di ciottoli calcarenitici (forse un livello). Consistente ed asciutta.","2a","1","PST","50",528498.9823,4566224.631,555
"762","SC2","38.05","Argilla verde laminata, con tracce di alterazione rossastre, ciottoli calcarenitici sparsi e diffuso materiale carbonatico sia pulverulento che litificato di forma globulare (molto abbondante fra 34.80-35.20 m). Rari noduli millimetrici carboniosi neri (teneri alla pressione). Fra 35.90-36.20 m l'argilla verde è frammista ad argilla nerastra. Fra 36.20-36.40 m presenza di ciottoli calcarenitici (forse un livello). Consistente ed asciutta.","2a","1","PST","50",528498.9823,4566224.631,555
"763","SC2","38.1","Argilla verde laminata, con tracce di alterazione rossastre, ciottoli calcarenitici sparsi e diffuso materiale carbonatico sia pulverulento che litificato di forma globulare (molto abbondante fra 34.80-35.20 m). Rari noduli millimetrici carboniosi neri (teneri alla pressione). Fra 35.90-36.20 m l'argilla verde è frammista ad argilla nerastra. Fra 36.20-36.40 m presenza di ciottoli calcarenitici (forse un livello). Consistente ed asciutta.","2a","1","PST","50",528498.9823,4566224.631,555
"764","SC2","38.15","Argilla verde laminata, con tracce di alterazione rossastre, ciottoli calcarenitici sparsi e diffuso materiale carbonatico sia pulverulento che litificato di forma globulare (molto abbondante fra 34.80-35.20 m). Rari noduli millimetrici carboniosi neri (teneri alla pressione). Fra 35.90-36.20 m l'argilla verde è frammista ad argilla nerastra. Fra 36.20-36.40 m presenza di ciottoli calcarenitici (forse un livello). Consistente ed asciutta.","2a","1","PST","50",528498.9823,4566224.631,555
"765","SC2","38.2","Argilla verde laminata, con tracce di alterazione rossastre, ciottoli calcarenitici sparsi e diffuso materiale carbonatico sia pulverulento che litificato di forma globulare (molto abbondante fra 34.80-35.20 m). Rari noduli millimetrici carboniosi neri (teneri alla pressione). Fra 35.90-36.20 m l'argilla verde è frammista ad argilla nerastra. Fra 36.20-36.40 m presenza di ciottoli calcarenitici (forse un livello). Consistente ed asciutta.","2a","1","PST","50",528498.9823,4566224.631,555
"766","SC2","38.25","Argilla bruno-nerastra con ghiaia carbonatica fine e ciottoli calcarei sparsi. Consistente e asciutta.","2a","1","PST","50",528498.9823,4566224.631,555
"767","SC2","38.3","Argilla bruno-nerastra con ghiaia carbonatica fine e ciottoli calcarei sparsi. Consistente e asciutta.","2a","1","PST","50",528498.9823,4566224.631,555
"768","SC2","38.35","Argilla bruno-nerastra con ghiaia carbonatica fine e ciottoli calcarei sparsi. Consistente e asciutta.","2a","1","PST","50",528498.9823,4566224.631,555
"769","SC2","38.4","Argilla bruno-nerastra con ghiaia carbonatica fine e ciottoli calcarei sparsi. Consistente e asciutta.","2a","1","PST","50",528498.9823,4566224.631,555
"770","SC2","38.45","Argilla bruno-nerastra con ghiaia carbonatica fine e ciottoli calcarei sparsi. Consistente e asciutta.","2a","1","PST","50",528498.9823,4566224.631,555
"771","SC2","38.5","Argilla bruno-nerastra con ghiaia carbonatica fine e ciottoli calcarei sparsi. Consistente e asciutta.","2a","1","PST","50",528498.9823,4566224.631,555
"772","SC2","38.55","Argilla bruno-nerastra con ghiaia carbonatica fine e ciottoli calcarei sparsi. Consistente e asciutta.","2a","1","PST","50",528498.9823,4566224.631,555
"773","SC2","38.6","Argilla bruno-nerastra con ghiaia carbonatica fine e ciottoli calcarei sparsi. Consistente e asciutta.","2a","1","PST","50",528498.9823,4566224.631,555
"774","SC2","38.65","Argilla bruno-nerastra con ghiaia carbonatica fine e ciottoli calcarei sparsi. Consistente e asciutta.","2a","1","PST","50",528498.9823,4566224.631,555
"775","SC2","38.7","Argilla bruno-nerastra con ghiaia carbonatica fine e ciottoli calcarei sparsi. Consistente e asciutta.","2a","1","PST","50",528498.9823,4566224.631,555
"776","SC2","38.75","Argilla bruno-nerastra con ghiaia carbonatica fine e ciottoli calcarei sparsi. Consistente e asciutta.","2a","1","PST","50",528498.9823,4566224.631,555
"777","SC2","38.8","Argilla bruno-nerastra con ghiaia carbonatica fine e ciottoli calcarei sparsi. Consistente e asciutta.","2a","1","PST","50",528498.9823,4566224.631,555
"778","SC2","38.85","Argilla bruno-nerastra con ghiaia carbonatica fine e ciottoli calcarei sparsi. Consistente e asciutta.","2a","1","PST","50",528498.9823,4566224.631,555
"779","SC2","38.9","Argilla bruno-nerastra con ghiaia carbonatica fine e ciottoli calcarei sparsi. Consistente e asciutta.","2a","1","PST","50",528498.9823,4566224.631,555
"780","SC2","38.95","Argilla bruno-nerastra con ghiaia carbonatica fine e ciottoli calcarei sparsi. Consistente e asciutta.","2a","1","PST","50",528498.9823,4566224.631,555
"781","SC2","39","Argilla bruno-nerastra con ghiaia carbonatica fine e ciottoli calcarei sparsi. Consistente e asciutta.","2a","1","PST","50",528498.9823,4566224.631,555
"782","SC2","39.05","Argilla bruno-nerastra con ghiaia carbonatica fine e ciottoli calcarei sparsi. Consistente e asciutta.","2a","1","PST","50",528498.9823,4566224.631,555
"783","SC2","39.1","Argilla bruno-nerastra con ghiaia carbonatica fine e ciottoli calcarei sparsi. Consistente e asciutta.","2a","1","PST","50",528498.9823,4566224.631,555
"784","SC2","39.15","Argilla bruno-nerastra con ghiaia carbonatica fine e ciottoli calcarei sparsi. Consistente e asciutta.","2a","1","PST","50",528498.9823,4566224.631,555
"785","SC2","39.2","Argilla bruno-nerastra con ghiaia carbonatica fine e ciottoli calcarei sparsi. Consistente e asciutta.","2a","1","PST","50",528498.9823,4566224.631,555
"786","SC2","39.25","Argilla bruno-nerastra con ghiaia carbonatica fine e ciottoli calcarei sparsi. Consistente e asciutta.","2a","1","PST","50",528498.9823,4566224.631,555
"787","SC2","39.3","Argilla bruno-nerastra con ghiaia carbonatica fine e ciottoli calcarei sparsi. Consistente e asciutta.","2a","1","PST","50",528498.9823,4566224.631,555
"788","SC2","39.35","Argilla bruno-nerastra con ghiaia carbonatica fine e ciottoli calcarei sparsi. Consistente e asciutta.","2a","1","PST","50",528498.9823,4566224.631,555
"789","SC2","39.4","Argilla bruno-nerastra con ghiaia carbonatica fine e ciottoli calcarei sparsi. Consistente e asciutta.","2a","1","PST","50",528498.9823,4566224.631,555
"790","SC2","39.45","Argilla bruno-nerastra con ghiaia carbonatica fine e ciottoli calcarei sparsi. Consistente e asciutta.","2a","1","PST","50",528498.9823,4566224.631,555
"791","SC2","39.5","Argilla bruno-nerastra con ghiaia carbonatica fine e ciottoli calcarei sparsi. Consistente e asciutta.","2a","1","PST","50",528498.9823,4566224.631,555
"792","SC2","39.55","Argilla bruno-nerastra con ghiaia carbonatica fine e ciottoli calcarei sparsi. Consistente e asciutta.","2a","1","PST","50",528498.9823,4566224.631,555
"793","SC2","39.6","Argilla bruno-nerastra con ghiaia carbonatica fine e ciottoli calcarei sparsi. Consistente e asciutta.","2a","1","PST","50",528498.9823,4566224.631,555
"794","SC2","39.65","Argilla bruno-nerastra con ghiaia carbonatica fine e ciottoli calcarei sparsi. Consistente e asciutta.","2a","1","PST","50",528498.9823,4566224.631,555
"795","SC2","39.7","Argilla bruno-nerastra con ghiaia carbonatica fine e ciottoli calcarei sparsi. Consistente e asciutta.","2a","1","PST","50",528498.9823,4566224.631,555
"796","SC2","39.75","Argilla bruno-nerastra con ghiaia carbonatica fine e ciottoli calcarei sparsi. Consistente e asciutta.","2a","1","PST","50",528498.9823,4566224.631,555
"797","SC2","39.8","Argilla bruno-nerastra con ghiaia carbonatica fine e ciottoli calcarei sparsi. Consistente e asciutta.","2a","1","PST","50",528498.9823,4566224.631,555
"798","SC2","39.85","Argilla verde, nerastra per ossidazione, con ghiaia calcarea fine e rara grossolana. Consistente e asciutta.","2a","1","PST","50",528498.9823,4566224.631,555
"799","SC2","39.9","Argilla verde, nerastra per ossidazione, con ghiaia calcarea fine e rara grossolana. Consistente e asciutta.","2a","1","PST","50",528498.9823,4566224.631,555
"800","SC2","39.95","Argilla verde, nerastra per ossidazione, con ghiaia calcarea fine e rara grossolana. Consistente e asciutta.","2a","1","PST","50",528498.9823,4566224.631,555
"801","SC2","40","Argilla verde, nerastra per ossidazione, con ghiaia calcarea fine e rara grossolana. Consistente e asciutta.","2a","1","PST","50",528498.9823,4566224.631,555
"802","SC2","40.05","Argilla verde, nerastra per ossidazione, con ghiaia calcarea fine e rara grossolana. Consistente e asciutta.","2a","1","PST","50",528498.9823,4566224.631,555
"803","SC2","40.1","Argilla verde, nerastra per ossidazione, con ghiaia calcarea fine e rara grossolana. Consistente e asciutta.","2a","1","PST","50",528498.9823,4566224.631,555
"804","SC2","40.15","Argilla verde, nerastra per ossidazione, con ghiaia calcarea fine e rara grossolana. Consistente e asciutta.","2a","1","PST","50",528498.9823,4566224.631,555
"805","SC2","40.2","Argilla verde, nerastra per ossidazione, con ghiaia calcarea fine e rara grossolana. Consistente e asciutta.","2a","1","PST","50",528498.9823,4566224.631,555
"806","SC2","40.25","Argilla bruno-nerastra destrutturata, ricca di materiale carbonatico pulverulento biancastro, ghiaia eterometrica e rari ciottoli calcarenitici. Rare tracce di alterazione giallo-rossastra. Consistente e asciutta.","2a","1","PST","50",528498.9823,4566224.631,555
"807","SC2","40.3","Argilla bruno-nerastra destrutturata, ricca di materiale carbonatico pulverulento biancastro, ghiaia eterometrica e rari ciottoli calcarenitici. Rare tracce di alterazione giallo-rossastra. Consistente e asciutta.","2a","1","PST","50",528498.9823,4566224.631,555
"808","SC2","40.35","Argilla bruno-nerastra destrutturata, ricca di materiale carbonatico pulverulento biancastro, ghiaia eterometrica e rari ciottoli calcarenitici. Rare tracce di alterazione giallo-rossastra. Consistente e asciutta.","2a","1","PST","50",528498.9823,4566224.631,555
"809","SC2","40.4","Argilla bruno-nerastra destrutturata, ricca di materiale carbonatico pulverulento biancastro, ghiaia eterometrica e rari ciottoli calcarenitici. Rare tracce di alterazione giallo-rossastra. Consistente e asciutta.","2a","1","PST","50",528498.9823,4566224.631,555
"810","SC2","40.45","Argilla bruno-nerastra destrutturata, ricca di materiale carbonatico pulverulento biancastro, ghiaia eterometrica e rari ciottoli calcarenitici. Rare tracce di alterazione giallo-rossastra. Consistente e asciutta.","2a","1","PST","50",528498.9823,4566224.631,555
"811","SC2","40.5","Argilla bruno-nerastra destrutturata, ricca di materiale carbonatico pulverulento biancastro, ghiaia eterometrica e rari ciottoli calcarenitici. Rare tracce di alterazione giallo-rossastra. Consistente e asciutta.","2a","1","PST","50",528498.9823,4566224.631,555
"812","SC2","40.55","Argilla bruno-nerastra destrutturata, ricca di materiale carbonatico pulverulento biancastro, ghiaia eterometrica e rari ciottoli calcarenitici. Rare tracce di alterazione giallo-rossastra. Consistente e asciutta.","2a","1","PST","50",528498.9823,4566224.631,555
"813","SC2","40.6","Argilla bruno-nerastra destrutturata, ricca di materiale carbonatico pulverulento biancastro, ghiaia eterometrica e rari ciottoli calcarenitici. Rare tracce di alterazione giallo-rossastra. Consistente e asciutta.","2a","1","PST","50",528498.9823,4566224.631,555
"814","SC2","40.65","Argilla bruno-nerastra destrutturata, ricca di materiale carbonatico pulverulento biancastro, ghiaia eterometrica e rari ciottoli calcarenitici. Rare tracce di alterazione giallo-rossastra. Consistente e asciutta.","2a","1","PST","50",528498.9823,4566224.631,555
"815","SC2","40.7","Argilla bruno-nerastra destrutturata, ricca di materiale carbonatico pulverulento biancastro, ghiaia eterometrica e rari ciottoli calcarenitici. Rare tracce di alterazione giallo-rossastra. Consistente e asciutta.","2a","1","PST","50",528498.9823,4566224.631,555
"816","SC2","40.75","Argilla bruno-nerastra destrutturata, ricca di materiale carbonatico pulverulento biancastro, ghiaia eterometrica e rari ciottoli calcarenitici. Rare tracce di alterazione giallo-rossastra. Consistente e asciutta.","2a","1","PST","50",528498.9823,4566224.631,555
"817","SC2","40.8","Argilla bruno-nerastra destrutturata, ricca di materiale carbonatico pulverulento biancastro, ghiaia eterometrica e rari ciottoli calcarenitici. Rare tracce di alterazione giallo-rossastra. Consistente e asciutta.","2a","1","PST","50",528498.9823,4566224.631,555
"818","SC2","40.85","Argilla bruno-nerastra destrutturata, ricca di materiale carbonatico pulverulento biancastro, ghiaia eterometrica e rari ciottoli calcarenitici. Rare tracce di alterazione giallo-rossastra. Consistente e asciutta.","2a","1","PST","50",528498.9823,4566224.631,555
"819","SC2","40.9","Argilla bruno-nerastra destrutturata, ricca di materiale carbonatico pulverulento biancastro, ghiaia eterometrica e rari ciottoli calcarenitici. Rare tracce di alterazione giallo-rossastra. Consistente e asciutta.","2a","1","PST","50",528498.9823,4566224.631,555
"820","SC2","40.95","Argilla bruno-nerastra destrutturata, ricca di materiale carbonatico pulverulento biancastro, ghiaia eterometrica e rari ciottoli calcarenitici. Rare tracce di alterazione giallo-rossastra. Consistente e asciutta.","2a","1","PST","50",528498.9823,4566224.631,555
"821","SC2","41","Argilla bruno-nerastra destrutturata, ricca di materiale carbonatico pulverulento biancastro, ghiaia eterometrica e rari ciottoli calcarenitici. Rare tracce di alterazione giallo-rossastra. Consistente e asciutta.","2a","1","PST","50",528498.9823,4566224.631,555
"822","SC2","41.05","Argilla bruno-nerastra destrutturata, ricca di materiale carbonatico pulverulento biancastro, ghiaia eterometrica e rari ciottoli calcarenitici. Rare tracce di alterazione giallo-rossastra. Consistente e asciutta.","2a","1","PST","50",528498.9823,4566224.631,555
"823","SC2","41.1","Argilla bruno-nerastra destrutturata, ricca di materiale carbonatico pulverulento biancastro, ghiaia eterometrica e rari ciottoli calcarenitici. Rare tracce di alterazione giallo-rossastra. Consistente e asciutta.","2a","1","PST","50",528498.9823,4566224.631,555
"824","SC2","41.15","Argilla bruno-nerastra destrutturata, ricca di materiale carbonatico pulverulento biancastro, ghiaia eterometrica e rari ciottoli calcarenitici. Rare tracce di alterazione giallo-rossastra. Consistente e asciutta.","2a","1","PST","50",528498.9823,4566224.631,555
"825","SC2","41.2","Argilla bruno-nerastra destrutturata, ricca di materiale carbonatico pulverulento biancastro, ghiaia eterometrica e rari ciottoli calcarenitici. Rare tracce di alterazione giallo-rossastra. Consistente e asciutta.","2a","1","PST","50",528498.9823,4566224.631,555
"826","SC2","41.25","Argilla bruno-nerastra destrutturata, ricca di materiale carbonatico pulverulento biancastro, ghiaia eterometrica e rari ciottoli calcarenitici. Rare tracce di alterazione giallo-rossastra. Consistente e asciutta.","2a","1","PST","50",528498.9823,4566224.631,555
"827","SC2","41.3","Argilla bruno-nerastra destrutturata, ricca di materiale carbonatico pulverulento biancastro, ghiaia eterometrica e rari ciottoli calcarenitici. Rare tracce di alterazione giallo-rossastra. Consistente e asciutta.","2a","1","PST","50",528498.9823,4566224.631,555
"828","SC2","41.35","Argilla bruno-nerastra destrutturata, ricca di materiale carbonatico pulverulento biancastro, ghiaia eterometrica e rari ciottoli calcarenitici. Rare tracce di alterazione giallo-rossastra. Consistente e asciutta.","2a","1","PST","50",528498.9823,4566224.631,555
"829","SC2","41.4","Argilla bruno-nerastra destrutturata, ricca di materiale carbonatico pulverulento biancastro, ghiaia eterometrica e rari ciottoli calcarenitici. Rare tracce di alterazione giallo-rossastra. Consistente e asciutta.","2a","1","PST","50",528498.9823,4566224.631,555
"830","SC2","41.45","Argilla bruno-nerastra destrutturata, ricca di materiale carbonatico pulverulento biancastro, ghiaia eterometrica e rari ciottoli calcarenitici. Rare tracce di alterazione giallo-rossastra. Consistente e asciutta.","2a","1","PST","50",528498.9823,4566224.631,555
"831","SC2","41.5","Argilla bruno-nerastra destrutturata, ricca di materiale carbonatico pulverulento biancastro, ghiaia eterometrica e rari ciottoli calcarenitici. Rare tracce di alterazione giallo-rossastra. Consistente e asciutta.","2a","1","PST","50",528498.9823,4566224.631,555
"832","SC2","41.55","Argilla bruno-nerastra destrutturata, ricca di materiale carbonatico pulverulento biancastro, ghiaia eterometrica e rari ciottoli calcarenitici. Rare tracce di alterazione giallo-rossastra. Consistente e asciutta.","2a","1","PST","50",528498.9823,4566224.631,555
"833","SC2","41.6","Argilla bruno-nerastra destrutturata, ricca di materiale carbonatico pulverulento biancastro, ghiaia eterometrica e rari ciottoli calcarenitici. Rare tracce di alterazione giallo-rossastra. Consistente e asciutta.","2a","1","PST","50",528498.9823,4566224.631,555
"834","SC2","41.65","Argilla bruno-nerastra destrutturata, ricca di materiale carbonatico pulverulento biancastro, ghiaia eterometrica e rari ciottoli calcarenitici. Rare tracce di alterazione giallo-rossastra. Consistente e asciutta.","2a","1","PST","50",528498.9823,4566224.631,555
"835","SC2","41.7","Argilla bruno-nerastra destrutturata, ricca di materiale carbonatico pulverulento biancastro, ghiaia eterometrica e rari ciottoli calcarenitici. Rare tracce di alterazione giallo-rossastra. Consistente e asciutta.","2a","1","PST","50",528498.9823,4566224.631,555
"836","SC2","41.75","Argilla bruno-nerastra destrutturata, ricca di materiale carbonatico pulverulento biancastro, ghiaia eterometrica e rari ciottoli calcarenitici. Rare tracce di alterazione giallo-rossastra. Consistente e asciutta.","2a","1","PST","50",528498.9823,4566224.631,555
"837","SC2","41.8","Argilla bruno-nerastra destrutturata, ricca di materiale carbonatico pulverulento biancastro, ghiaia eterometrica e rari ciottoli calcarenitici. Rare tracce di alterazione giallo-rossastra. Consistente e asciutta.","2a","1","PST","50",528498.9823,4566224.631,555
"838","SC2","41.85","Argilla bruno-nerastra destrutturata, ricca di materiale carbonatico pulverulento biancastro, ghiaia eterometrica e rari ciottoli calcarenitici. Rare tracce di alterazione giallo-rossastra. Consistente e asciutta.","2a","1","PST","50",528498.9823,4566224.631,555
"839","SC2","41.9","Argilla bruno-nerastra destrutturata, ricca di materiale carbonatico pulverulento biancastro, ghiaia eterometrica e rari ciottoli calcarenitici. Rare tracce di alterazione giallo-rossastra. Consistente e asciutta.","2a","1","PST","50",528498.9823,4566224.631,555
"840","SC2","41.95","Argilla bruno-nerastra destrutturata, ricca di materiale carbonatico pulverulento biancastro, ghiaia eterometrica e rari ciottoli calcarenitici. Rare tracce di alterazione giallo-rossastra. Consistente e asciutta.","2a","1","PST","50",528498.9823,4566224.631,555
"841","SC2","42","Argilla bruno-nerastra destrutturata, ricca di materiale carbonatico pulverulento biancastro, ghiaia eterometrica e rari ciottoli calcarenitici. Rare tracce di alterazione giallo-rossastra. Consistente e asciutta.","2a","1","PST","50",528498.9823,4566224.631,555
"842","SC2","42.05","Argilla grigio-verde chiaro con ghiaia carbonatica fine e ciottoli calcarenitici. Rare tracce di alterazione giallo-rossastra e di ossidazione nerastre. Molto plastica per rimaneggiamento.","2a","1","PST","50",528498.9823,4566224.631,555
"843","SC2","42.1","Argilla grigio-verde chiaro con ghiaia carbonatica fine e ciottoli calcarenitici. Rare tracce di alterazione giallo-rossastra e di ossidazione nerastre. Molto plastica per rimaneggiamento.","2a","1","PST","50",528498.9823,4566224.631,555
"844","SC2","42.15","Argilla grigio-verde chiaro con ghiaia carbonatica fine e ciottoli calcarenitici. Rare tracce di alterazione giallo-rossastra e di ossidazione nerastre. Molto plastica per rimaneggiamento.","2a","1","PST","50",528498.9823,4566224.631,555
"845","SC2","42.2","Argilla grigio-verde chiaro con ghiaia carbonatica fine e ciottoli calcarenitici. Rare tracce di alterazione giallo-rossastra e di ossidazione nerastre. Molto plastica per rimaneggiamento.","2a","1","PST","50",528498.9823,4566224.631,555
"846","SC2","42.25","Argilla grigio-verde chiaro con ghiaia carbonatica fine e ciottoli calcarenitici. Rare tracce di alterazione giallo-rossastra e di ossidazione nerastre. Molto plastica per rimaneggiamento.","2a","1","PST","50",528498.9823,4566224.631,555
"847","SC2","42.3","Argilla grigio-verde chiaro con ghiaia carbonatica fine e ciottoli calcarenitici. Rare tracce di alterazione giallo-rossastra e di ossidazione nerastre. Molto plastica per rimaneggiamento.","2a","1","PST","50",528498.9823,4566224.631,555
"848","SC2","42.35","Argilla grigio-verde chiaro con ghiaia carbonatica fine e ciottoli calcarenitici. Rare tracce di alterazione giallo-rossastra e di ossidazione nerastre. Molto plastica per rimaneggiamento.","2a","1","PST","50",528498.9823,4566224.631,555
"849","SC2","42.4","Argilla grigio-verde chiaro con ghiaia carbonatica fine e ciottoli calcarenitici. Rare tracce di alterazione giallo-rossastra e di ossidazione nerastre. Molto plastica per rimaneggiamento.","2a","1","PST","50",528498.9823,4566224.631,555
"850","SC2","42.45","Argilla grigio-verde chiaro con ghiaia carbonatica fine e ciottoli calcarenitici. Rare tracce di alterazione giallo-rossastra e di ossidazione nerastre. Molto plastica per rimaneggiamento.","2a","1","PST","50",528498.9823,4566224.631,555
"851","SC2","42.5","Argilla grigio-verde chiaro con ghiaia carbonatica fine e ciottoli calcarenitici. Rare tracce di alterazione giallo-rossastra e di ossidazione nerastre. Molto plastica per rimaneggiamento.","2a","1","PST","50",528498.9823,4566224.631,555
"852","SC2","42.55","Argilla grigio-verde chiaro con ghiaia carbonatica fine e ciottoli calcarenitici. Rare tracce di alterazione giallo-rossastra e di ossidazione nerastre. Molto plastica per rimaneggiamento.","2a","1","PST","50",528498.9823,4566224.631,555
"853","SC2","42.6","Argilla grigio-verde chiaro con ghiaia carbonatica fine e ciottoli calcarenitici. Rare tracce di alterazione giallo-rossastra e di ossidazione nerastre. Molto plastica per rimaneggiamento.","2a","1","PST","50",528498.9823,4566224.631,555
"854","SC2","42.65","Argilla grigio-verde chiaro con ghiaia carbonatica fine e ciottoli calcarenitici. Rare tracce di alterazione giallo-rossastra e di ossidazione nerastre. Molto plastica per rimaneggiamento.","2a","1","PST","50",528498.9823,4566224.631,555
"855","SC2","42.7","Argilla grigio-verde chiaro con ghiaia carbonatica fine e ciottoli calcarenitici. Rare tracce di alterazione giallo-rossastra e di ossidazione nerastre. Molto plastica per rimaneggiamento.","2a","1","PST","50",528498.9823,4566224.631,555
"856","SC2","42.75","Argilla grigio-verde chiaro con ghiaia carbonatica fine e ciottoli calcarenitici. Rare tracce di alterazione giallo-rossastra e di ossidazione nerastre. Molto plastica per rimaneggiamento.","2a","1","PST","50",528498.9823,4566224.631,555
"857","SC2","42.8","Argilla grigio-verde chiaro con ghiaia carbonatica fine e ciottoli calcarenitici. Rare tracce di alterazione giallo-rossastra e di ossidazione nerastre. Molto plastica per rimaneggiamento.","2a","1","PST","50",528498.9823,4566224.631,555
"858","SC2","42.85","Argilla grigio-verde chiaro con ghiaia carbonatica fine e ciottoli calcarenitici. Rare tracce di alterazione giallo-rossastra e di ossidazione nerastre. Molto plastica per rimaneggiamento.","2a","1","PST","50",528498.9823,4566224.631,555
"859","SC2","42.9","Argilla grigio-verde chiaro con ghiaia carbonatica fine e ciottoli calcarenitici. Rare tracce di alterazione giallo-rossastra e di ossidazione nerastre. Molto plastica per rimaneggiamento.","2a","1","PST","50",528498.9823,4566224.631,555
"860","SC2","42.95","Argilla grigio-verde chiaro con ghiaia carbonatica fine e ciottoli calcarenitici. Rare tracce di alterazione giallo-rossastra e di ossidazione nerastre. Molto plastica per rimaneggiamento.","2a","1","PST","50",528498.9823,4566224.631,555
"861","SC2","43","Argilla grigio-verde chiaro con ghiaia carbonatica fine e ciottoli calcarenitici. Rare tracce di alterazione giallo-rossastra e di ossidazione nerastre. Molto plastica per rimaneggiamento.","2a","1","PST","50",528498.9823,4566224.631,555
"862","SC2","43.05","Argilla grigio-verde chiaro con ghiaia carbonatica fine e ciottoli calcarenitici. Rare tracce di alterazione giallo-rossastra e di ossidazione nerastre. Molto plastica per rimaneggiamento.","2a","1","PST","50",528498.9823,4566224.631,555
"863","SC2","43.1","Argilla grigio-verde chiaro con ghiaia carbonatica fine e ciottoli calcarenitici. Rare tracce di alterazione giallo-rossastra e di ossidazione nerastre. Molto plastica per rimaneggiamento.","2a","1","PST","50",528498.9823,4566224.631,555
"864","SC2","43.15","Argilla grigio-verde chiaro con ghiaia carbonatica fine e ciottoli calcarenitici. Rare tracce di alterazione giallo-rossastra e di ossidazione nerastre. Molto plastica per rimaneggiamento.","2a","1","PST","50",528498.9823,4566224.631,555
"865","SC2","43.2","Argilla grigio-verde chiaro con ghiaia carbonatica fine e ciottoli calcarenitici. Rare tracce di alterazione giallo-rossastra e di ossidazione nerastre. Molto plastica per rimaneggiamento.","2a","1","PST","50",528498.9823,4566224.631,555
"866","SC2","43.25","Argilla grigio-verde chiaro con ghiaia carbonatica fine e ciottoli calcarenitici. Rare tracce di alterazione giallo-rossastra e di ossidazione nerastre. Molto plastica per rimaneggiamento.","2a","1","PST","50",528498.9823,4566224.631,555
"867","SC2","43.3","Argilla grigio-verde chiaro con ghiaia carbonatica fine e ciottoli calcarenitici. Rare tracce di alterazione giallo-rossastra e di ossidazione nerastre. Molto plastica per rimaneggiamento.","2a","1","PST","50",528498.9823,4566224.631,555
"868","SC2","43.35","Argilla grigio-verde chiaro con ghiaia carbonatica fine e ciottoli calcarenitici. Rare tracce di alterazione giallo-rossastra e di ossidazione nerastre. Molto plastica per rimaneggiamento.","2a","1","PST","50",528498.9823,4566224.631,555
"869","SC2","43.4","Argilla grigio-verde chiaro con ghiaia carbonatica fine e ciottoli calcarenitici. Rare tracce di alterazione giallo-rossastra e di ossidazione nerastre. Molto plastica per rimaneggiamento.","2a","1","PST","50",528498.9823,4566224.631,555
"870","SC2","43.45","Argilla grigio-verde chiaro con ghiaia carbonatica fine e ciottoli calcarenitici. Rare tracce di alterazione giallo-rossastra e di ossidazione nerastre. Molto plastica per rimaneggiamento.","2a","1","PST","50",528498.9823,4566224.631,555
"871","SC2","43.5","Argilla grigio-verde chiaro con ghiaia carbonatica fine e ciottoli calcarenitici. Rare tracce di alterazione giallo-rossastra e di ossidazione nerastre. Molto plastica per rimaneggiamento.","2a","1","PST","50",528498.9823,4566224.631,555
"872","SC2","43.55","Argilla grigio-verde chiaro con ghiaia carbonatica fine e ciottoli calcarenitici. Rare tracce di alterazione giallo-rossastra e di ossidazione nerastre. Molto plastica per rimaneggiamento.","2a","1","PST","50",528498.9823,4566224.631,555
"873","SC2","43.6","Argilla grigio-verde chiaro con ghiaia carbonatica fine e ciottoli calcarenitici. Rare tracce di alterazione giallo-rossastra e di ossidazione nerastre. Molto plastica per rimaneggiamento.","2a","1","PST","50",528498.9823,4566224.631,555
"874","SC2","43.65","Argilla grigio-verde chiaro con ghiaia carbonatica fine e ciottoli calcarenitici. Rare tracce di alterazione giallo-rossastra e di ossidazione nerastre. Molto plastica per rimaneggiamento.","2a","1","PST","50",528498.9823,4566224.631,555
"875","SC2","43.7","Argilla grigio-verde chiaro con ghiaia carbonatica fine e ciottoli calcarenitici. Rare tracce di alterazione giallo-rossastra e di ossidazione nerastre. Molto plastica per rimaneggiamento.","2a","1","PST","50",528498.9823,4566224.631,555
"876","SC2","43.75","Argilla grigio-verde chiaro con ghiaia carbonatica fine e ciottoli calcarenitici. Rare tracce di alterazione giallo-rossastra e di ossidazione nerastre. Molto plastica per rimaneggiamento.","2a","1","PST","50",528498.9823,4566224.631,555
"877","SC2","43.8","Argilla grigio-verde chiaro con ghiaia carbonatica fine e ciottoli calcarenitici. Rare tracce di alterazione giallo-rossastra e di ossidazione nerastre. Molto plastica per rimaneggiamento.","2a","1","PST","50",528498.9823,4566224.631,555
"878","SC2","43.85","Argilla grigio-verde chiaro con ghiaia carbonatica fine e ciottoli calcarenitici. Rare tracce di alterazione giallo-rossastra e di ossidazione nerastre. Molto plastica per rimaneggiamento.","2a","1","PST","50",528498.9823,4566224.631,555
"879","SC2","43.9","Argilla grigio-verde chiaro con ghiaia carbonatica fine e ciottoli calcarenitici. Rare tracce di alterazione giallo-rossastra e di ossidazione nerastre. Molto plastica per rimaneggiamento.","2a","1","PST","50",528498.9823,4566224.631,555
"880","SC2","43.95","Argilla verde chiaro ricca di materiale carbonatico sia pulverulento biancastro che litificato di forma globulare, con ghiaia calcarenitica grossolana. Rare tracce di alterazione giallo-rossastre. Consistente e asciutta.","2a","1","PST","50",528498.9823,4566224.631,555
"881","SC2","44","Argilla verde chiaro ricca di materiale carbonatico sia pulverulento biancastro che litificato di forma globulare, con ghiaia calcarenitica grossolana. Rare tracce di alterazione giallo-rossastre. Consistente e asciutta.","2a","1","PST","50",528498.9823,4566224.631,555
"882","SC2","44.05","Argilla verde chiaro ricca di materiale carbonatico sia pulverulento biancastro che litificato di forma globulare, con ghiaia calcarenitica grossolana. Rare tracce di alterazione giallo-rossastre. Consistente e asciutta.","2a","1","PST","50",528498.9823,4566224.631,555
"883","SC2","44.1","Argilla verde chiaro ricca di materiale carbonatico sia pulverulento biancastro che litificato di forma globulare, con ghiaia calcarenitica grossolana. Rare tracce di alterazione giallo-rossastre. Consistente e asciutta.","2a","1","PST","50",528498.9823,4566224.631,555
"884","SC2","44.15","Argilla verde chiaro ricca di materiale carbonatico sia pulverulento biancastro che litificato di forma globulare, con ghiaia calcarenitica grossolana. Rare tracce di alterazione giallo-rossastre. Consistente e asciutta.","2a","1","PST","50",528498.9823,4566224.631,555
"885","SC2","44.2","Argilla verde chiaro ricca di materiale carbonatico sia pulverulento biancastro che litificato di forma globulare, con ghiaia calcarenitica grossolana. Rare tracce di alterazione giallo-rossastre. Consistente e asciutta.","2a","1","PST","50",528498.9823,4566224.631,555
"886","SC2","44.25","Argilla verde chiaro ricca di materiale carbonatico sia pulverulento biancastro che litificato di forma globulare, con ghiaia calcarenitica grossolana. Rare tracce di alterazione giallo-rossastre. Consistente e asciutta.","2a","1","PST","50",528498.9823,4566224.631,555
"887","SC2","44.3","Argilla verde chiaro ricca di materiale carbonatico sia pulverulento biancastro che litificato di forma globulare, con ghiaia calcarenitica grossolana. Rare tracce di alterazione giallo-rossastre. Consistente e asciutta.","2a","1","PST","50",528498.9823,4566224.631,555
"888","SC2","44.35","Argilla verde chiaro ricca di materiale carbonatico sia pulverulento biancastro che litificato di forma globulare, con ghiaia calcarenitica grossolana. Rare tracce di alterazione giallo-rossastre. Consistente e asciutta.","2a","1","PST","50",528498.9823,4566224.631,555
"889","SC2","44.4","Argilla verde chiaro ricca di materiale carbonatico sia pulverulento biancastro che litificato di forma globulare, con ghiaia calcarenitica grossolana. Rare tracce di alterazione giallo-rossastre. Consistente e asciutta.","2a","1","PST","50",528498.9823,4566224.631,555
"890","SC2","44.45","Argilla verde chiaro ricca di materiale carbonatico sia pulverulento biancastro che litificato di forma globulare, con ghiaia calcarenitica grossolana. Rare tracce di alterazione giallo-rossastre. Consistente e asciutta.","2a","1","PST","50",528498.9823,4566224.631,555
"891","SC2","44.5","Argilla verde chiaro ricca di materiale carbonatico sia pulverulento biancastro che litificato di forma globulare, con ghiaia calcarenitica grossolana. Rare tracce di alterazione giallo-rossastre. Consistente e asciutta.","2a","1","PST","50",528498.9823,4566224.631,555
"892","SC2","44.55","Argilla verde chiaro ricca di materiale carbonatico sia pulverulento biancastro che litificato di forma globulare, con ghiaia calcarenitica grossolana. Rare tracce di alterazione giallo-rossastre. Consistente e asciutta.","2a","1","PST","50",528498.9823,4566224.631,555
"893","SC2","44.6","Argilla verde chiaro ricca di materiale carbonatico sia pulverulento biancastro che litificato di forma globulare, con ghiaia calcarenitica grossolana. Rare tracce di alterazione giallo-rossastre. Consistente e asciutta.","2a","1","PST","50",528498.9823,4566224.631,555
"894","SC2","44.65","Argilla verde chiaro ricca di materiale carbonatico sia pulverulento biancastro che litificato di forma globulare, con ghiaia calcarenitica grossolana. Rare tracce di alterazione giallo-rossastre. Consistente e asciutta.","2a","1","PST","50",528498.9823,4566224.631,555
"895","SC2","44.7","Argilla verde chiaro ricca di materiale carbonatico sia pulverulento biancastro che litificato di forma globulare, con ghiaia calcarenitica grossolana. Rare tracce di alterazione giallo-rossastre. Consistente e asciutta.","2a","1","PST","50",528498.9823,4566224.631,555
"896","SC2","44.75","Argilla verde chiaro ricca di materiale carbonatico sia pulverulento biancastro che litificato di forma globulare, con ghiaia calcarenitica grossolana. Rare tracce di alterazione giallo-rossastre. Consistente e asciutta.","2a","1","PST","50",528498.9823,4566224.631,555
"897","SC2","44.8","Argilla verde chiaro ricca di materiale carbonatico sia pulverulento biancastro che litificato di forma globulare, con ghiaia calcarenitica grossolana. Rare tracce di alterazione giallo-rossastre. Consistente e asciutta.","2a","1","PST","50",528498.9823,4566224.631,555
"898","SC2","44.85","Argilla verde chiaro ricca di materiale carbonatico sia pulverulento biancastro che litificato di forma globulare, con ghiaia calcarenitica grossolana. Rare tracce di alterazione giallo-rossastre. Consistente e asciutta.","2a","1","PST","50",528498.9823,4566224.631,555
"899","SC2","44.9","Argilla verde chiaro ricca di materiale carbonatico sia pulverulento biancastro che litificato di forma globulare, con ghiaia calcarenitica grossolana. Rare tracce di alterazione giallo-rossastre. Consistente e asciutta.","2a","1","PST","50",528498.9823,4566224.631,555
"900","SC2","44.95","Argilla verde chiaro ricca di materiale carbonatico sia pulverulento biancastro che litificato di forma globulare, con ghiaia calcarenitica grossolana. Rare tracce di alterazione giallo-rossastre. Consistente e asciutta.","2a","1","PST","50",528498.9823,4566224.631,555
"901","SC2","45","Argilla verde chiaro ricca di materiale carbonatico sia pulverulento biancastro che litificato di forma globulare, con ghiaia calcarenitica grossolana. Rare tracce di alterazione giallo-rossastre. Consistente e asciutta.","2a","1","PST","50",528498.9823,4566224.631,555
"902","SC2","45.05","Argilla verde chiaro ricca di materiale carbonatico sia pulverulento biancastro che litificato di forma globulare, con ghiaia calcarenitica grossolana. Rare tracce di alterazione giallo-rossastre. Consistente e asciutta.","2a","1","PST","50",528498.9823,4566224.631,555
"903","SC2","45.1","Argilla verde chiaro ricca di materiale carbonatico sia pulverulento biancastro che litificato di forma globulare, con ghiaia calcarenitica grossolana. Rare tracce di alterazione giallo-rossastre. Consistente e asciutta.","2a","1","PST","50",528498.9823,4566224.631,555
"904","SC2","45.15","Argilla verde chiaro ricca di materiale carbonatico sia pulverulento biancastro che litificato di forma globulare, con ghiaia calcarenitica grossolana. Rare tracce di alterazione giallo-rossastre. Consistente e asciutta.","2a","1","PST","50",528498.9823,4566224.631,555
"905","SC2","45.2","Argilla verde chiaro ricca di materiale carbonatico sia pulverulento biancastro che litificato di forma globulare, con ghiaia calcarenitica grossolana. Rare tracce di alterazione giallo-rossastre. Consistente e asciutta.","2a","1","PST","50",528498.9823,4566224.631,555
"906","SC2","45.25","Argilla verde chiaro ricca di materiale carbonatico sia pulverulento biancastro che litificato di forma globulare, con ghiaia calcarenitica grossolana. Rare tracce di alterazione giallo-rossastre. Consistente e asciutta.","2a","1","PST","50",528498.9823,4566224.631,555
"907","SC2","45.3","Argilla verde chiaro ricca di materiale carbonatico sia pulverulento biancastro che litificato di forma globulare, con ghiaia calcarenitica grossolana. Rare tracce di alterazione giallo-rossastre. Consistente e asciutta.","2a","1","PST","50",528498.9823,4566224.631,555
"908","SC2","45.35","Argilla verde chiaro ricca di materiale carbonatico sia pulverulento biancastro che litificato di forma globulare, con ghiaia calcarenitica grossolana. Rare tracce di alterazione giallo-rossastre. Consistente e asciutta.","2a","1","PST","50",528498.9823,4566224.631,555
"909","SC2","45.4","Argilla verde chiaro ricca di materiale carbonatico sia pulverulento biancastro che litificato di forma globulare, con ghiaia calcarenitica grossolana. Rare tracce di alterazione giallo-rossastre. Consistente e asciutta.","2a","1","PST","50",528498.9823,4566224.631,555
"910","SC2","45.45","Argilla verde chiaro ricca di materiale carbonatico sia pulverulento biancastro che litificato di forma globulare, con ghiaia calcarenitica grossolana. Rare tracce di alterazione giallo-rossastre. Consistente e asciutta.","2a","1","PST","50",528498.9823,4566224.631,555
"911","SC2","45.5","Argilla verde chiaro ricca di materiale carbonatico sia pulverulento biancastro che litificato di forma globulare, con ghiaia calcarenitica grossolana. Rare tracce di alterazione giallo-rossastre. Consistente e asciutta.","2a","1","PST","50",528498.9823,4566224.631,555
"912","SC2","45.55","Calcarenite laminata biancastra, talvolta con clasti argillosi. Brecce carbonatiche con clasti angolari fini e medi.","2a","1","PST","50",528498.9823,4566224.631,555
"913","SC2","45.6","Calcarenite laminata biancastra, talvolta con clasti argillosi. Brecce carbonatiche con clasti angolari fini e medi.","2a","1","PST","50",528498.9823,4566224.631,555
"914","SC2","45.65","Calcarenite laminata biancastra, talvolta con clasti argillosi. Brecce carbonatiche con clasti angolari fini e medi.","2a","1","PST","50",528498.9823,4566224.631,555
"915","SC2","45.7","Calcarenite laminata biancastra, talvolta con clasti argillosi. Brecce carbonatiche con clasti angolari fini e medi.","2a","1","PST","50",528498.9823,4566224.631,555
"916","SC2","45.75","Calcarenite laminata biancastra, talvolta con clasti argillosi. Brecce carbonatiche con clasti angolari fini e medi.","2a","1","PST","50",528498.9823,4566224.631,555
"917","SC2","45.8","Calcarenite laminata biancastra, talvolta con clasti argillosi. Brecce carbonatiche con clasti angolari fini e medi.","2a","1","PST","50",528498.9823,4566224.631,555
"918","SC2","45.85","Calcarenite laminata biancastra, talvolta con clasti argillosi. Brecce carbonatiche con clasti angolari fini e medi.","2a","1","PST","50",528498.9823,4566224.631,555
"919","SC2","45.9","Calcarenite laminata biancastra, talvolta con clasti argillosi. Brecce carbonatiche con clasti angolari fini e medi.","2a","1","PST","50",528498.9823,4566224.631,555
"920","SC2","45.95","Calcarenite laminata biancastra, talvolta con clasti argillosi. Brecce carbonatiche con clasti angolari fini e medi.","2a","1","PST","50",528498.9823,4566224.631,555
"921","SC2","46","Calcarenite laminata biancastra, talvolta con clasti argillosi. Brecce carbonatiche con clasti angolari fini e medi.","2a","1","PST","50",528498.9823,4566224.631,555
"922","SC2","46.05","Calcarenite laminata biancastra, talvolta con clasti argillosi. Brecce carbonatiche con clasti angolari fini e medi.","2a","1","PST","50",528498.9823,4566224.631,555
"923","SC2","46.1","Calcarenite laminata biancastra, talvolta con clasti argillosi. Brecce carbonatiche con clasti angolari fini e medi.","2a","1","PST","50",528498.9823,4566224.631,555
"924","SC2","46.15","Calcarenite laminata biancastra, talvolta con clasti argillosi. Brecce carbonatiche con clasti angolari fini e medi.","2a","1","PST","50",528498.9823,4566224.631,555
"925","SC2","46.2","Calcarenite laminata biancastra, talvolta con clasti argillosi. Brecce carbonatiche con clasti angolari fini e medi.","2a","1","PST","50",528498.9823,4566224.631,555
"926","SC2","46.25","Calcarenite laminata biancastra, talvolta con clasti argillosi. Brecce carbonatiche con clasti angolari fini e medi.","2a","1","PST","50",528498.9823,4566224.631,555
"927","SC2","46.3","Calcarenite laminata biancastra, talvolta con clasti argillosi. Brecce carbonatiche con clasti angolari fini e medi.","2a","1","PST","50",528498.9823,4566224.631,555
"928","SC2","46.35","Calcarenite laminata biancastra, talvolta con clasti argillosi. Brecce carbonatiche con clasti angolari fini e medi.","2a","1","PST","50",528498.9823,4566224.631,555
"929","SC2","46.4","Calcarenite laminata biancastra, talvolta con clasti argillosi. Brecce carbonatiche con clasti angolari fini e medi.","2a","1","PST","50",528498.9823,4566224.631,555
"930","SC2","46.45","Calcarenite laminata biancastra, talvolta con clasti argillosi. Brecce carbonatiche con clasti angolari fini e medi.","2a","1","PST","50",528498.9823,4566224.631,555
"931","SC2","46.5","Calcarenite laminata biancastra, talvolta con clasti argillosi. Brecce carbonatiche con clasti angolari fini e medi.","2a","1","PST","50",528498.9823,4566224.631,555
"932","SC2","46.55","Calcarenite laminata biancastra, talvolta con clasti argillosi. Brecce carbonatiche con clasti angolari fini e medi.","2a","1","PST","50",528498.9823,4566224.631,555
"933","SC2","46.6","Calcarenite laminata biancastra, talvolta con clasti argillosi. Brecce carbonatiche con clasti angolari fini e medi.","2a","1","PST","50",528498.9823,4566224.631,555
"934","SC2","46.65","Calcarenite laminata biancastra, talvolta con clasti argillosi. Brecce carbonatiche con clasti angolari fini e medi.","2a","1","PST","50",528498.9823,4566224.631,555
"935","SC2","46.7","Calcarenite laminata biancastra, talvolta con clasti argillosi. Brecce carbonatiche con clasti angolari fini e medi.","2a","1","PST","50",528498.9823,4566224.631,555
"936","SC2","46.75","Calcarenite laminata biancastra, talvolta con clasti argillosi. Brecce carbonatiche con clasti angolari fini e medi.","2a","1","PST","50",528498.9823,4566224.631,555
"937","SC2","46.8","Calcarenite laminata biancastra, talvolta con clasti argillosi. Brecce carbonatiche con clasti angolari fini e medi.","2a","1","PST","50",528498.9823,4566224.631,555
"938","SC2","46.85","Calcarenite laminata biancastra, talvolta con clasti argillosi. Brecce carbonatiche con clasti angolari fini e medi.","2a","1","PST","50",528498.9823,4566224.631,555
"939","SC2","46.9","Calcarenite laminata biancastra, talvolta con clasti argillosi. Brecce carbonatiche con clasti angolari fini e medi.","2a","1","PST","50",528498.9823,4566224.631,555
"940","SC2","46.95","Calcarenite laminata biancastra, talvolta con clasti argillosi. Brecce carbonatiche con clasti angolari fini e medi.","2a","1","PST","50",528498.9823,4566224.631,555
"941","SC2","47","Calcarenite laminata biancastra, talvolta con clasti argillosi. Brecce carbonatiche con clasti angolari fini e medi.","2a","1","PST","50",528498.9823,4566224.631,555
"942","SC2","47.05","Calcarenite laminata biancastra, talvolta con clasti argillosi. Brecce carbonatiche con clasti angolari fini e medi.","2a","1","PST","50",528498.9823,4566224.631,555
"943","SC2","47.1","Calcarenite laminata biancastra, talvolta con clasti argillosi. Brecce carbonatiche con clasti angolari fini e medi.","2a","1","PST","50",528498.9823,4566224.631,555
"944","SC2","47.15","Calcarenite laminata biancastra, talvolta con clasti argillosi. Brecce carbonatiche con clasti angolari fini e medi.","2a","1","PST","50",528498.9823,4566224.631,555
"945","SC2","47.2","Calcarenite laminata biancastra, talvolta con clasti argillosi. Brecce carbonatiche con clasti angolari fini e medi.","2a","1","PST","50",528498.9823,4566224.631,555
"946","SC2","47.25","Calcarenite laminata biancastra, talvolta con clasti argillosi. Brecce carbonatiche con clasti angolari fini e medi.","2a","1","PST","50",528498.9823,4566224.631,555
"947","SC2","47.3","Calcarenite laminata biancastra, talvolta con clasti argillosi. Brecce carbonatiche con clasti angolari fini e medi.","2a","1","PST","50",528498.9823,4566224.631,555
"948","SC2","47.35","Calcarenite laminata biancastra, talvolta con clasti argillosi. Brecce carbonatiche con clasti angolari fini e medi.","2a","1","PST","50",528498.9823,4566224.631,555
"949","SC2","47.4","Calcarenite laminata biancastra, talvolta con clasti argillosi. Brecce carbonatiche con clasti angolari fini e medi.","2a","1","PST","50",528498.9823,4566224.631,555
"950","SC2","47.45","Calcarenite laminata biancastra, talvolta con clasti argillosi. Brecce carbonatiche con clasti angolari fini e medi.","2a","1","PST","50",528498.9823,4566224.631,555
"951","SC2","47.5","Calcarenite laminata biancastra, talvolta con clasti argillosi. Brecce carbonatiche con clasti angolari fini e medi.","2a","1","PST","50",528498.9823,4566224.631,555
"952","SC2","47.55","Calcarenite laminata biancastra, talvolta con clasti argillosi. Brecce carbonatiche con clasti angolari fini e medi.","2a","1","PST","50",528498.9823,4566224.631,555
"953","SC2","47.6","Calcarenite laminata biancastra, talvolta con clasti argillosi. Brecce carbonatiche con clasti angolari fini e medi.","2a","1","PST","50",528498.9823,4566224.631,555
"954","SC2","47.65","Calcarenite laminata biancastra, talvolta con clasti argillosi. Brecce carbonatiche con clasti angolari fini e medi.","2a","1","PST","50",528498.9823,4566224.631,555
"955","SC2","47.7","Calcarenite laminata biancastra, talvolta con clasti argillosi. Brecce carbonatiche con clasti angolari fini e medi.","2a","1","PST","50",528498.9823,4566224.631,555
"956","SC2","47.75","Argilla verde scuro con materiale carbonatico litificato di forma globulare e ghiaia calcarea media. Molto consistente e asciutta.","2a","1","PST","50",528498.9823,4566224.631,555
"957","SC2","47.8","Argilla verde scuro con materiale carbonatico litificato di forma globulare e ghiaia calcarea media. Molto consistente e asciutta.","2a","1","PST","50",528498.9823,4566224.631,555
"958","SC2","47.85","Argilla verde scuro con materiale carbonatico litificato di forma globulare e ghiaia calcarea media. Molto consistente e asciutta.","2a","1","PST","50",528498.9823,4566224.631,555
"959","SC2","47.9","Argilla verde scuro con materiale carbonatico litificato di forma globulare e ghiaia calcarea media. Molto consistente e asciutta.","2a","1","PST","50",528498.9823,4566224.631,555
"960","SC2","47.95","Argilla verde scuro con materiale carbonatico litificato di forma globulare e ghiaia calcarea media. Molto consistente e asciutta.","2a","1","PST","50",528498.9823,4566224.631,555
"961","SC2","48","Argilla verde scuro con materiale carbonatico litificato di forma globulare e ghiaia calcarea media. Molto consistente e asciutta.","2a","1","PST","50",528498.9823,4566224.631,555
"962","SC2","48.05","Argilla verde scuro con materiale carbonatico litificato di forma globulare e ghiaia calcarea media. Molto consistente e asciutta.","2a","1","PST","50",528498.9823,4566224.631,555
"963","SC2","48.1","Argilla verde scuro con materiale carbonatico litificato di forma globulare e ghiaia calcarea media. Molto consistente e asciutta.","2a","1","PST","50",528498.9823,4566224.631,555
"964","SC2","48.15","Argilla verde scuro con materiale carbonatico litificato di forma globulare e ghiaia calcarea media. Molto consistente e asciutta.","2a","1","PST","50",528498.9823,4566224.631,555
"965","SC2","48.2","Argilla verde scuro con materiale carbonatico litificato di forma globulare e ghiaia calcarea media. Molto consistente e asciutta.","2a","1","PST","50",528498.9823,4566224.631,555
"966","SC2","48.25","Argilla verde scuro con materiale carbonatico litificato di forma globulare e ghiaia calcarea media. Molto consistente e asciutta.","2a","1","PST","50",528498.9823,4566224.631,555
"967","SC2","48.3","Argilla verde scuro con materiale carbonatico litificato di forma globulare e ghiaia calcarea media. Molto consistente e asciutta.","2a","1","PST","50",528498.9823,4566224.631,555
"968","SC2","48.35","Argilla verde ricca di materiale carbonatico pulverulento biancastro. Molto consistente e asciutta.","2a","1","PST","50",528498.9823,4566224.631,555
"969","SC2","48.4","Argilla verde ricca di materiale carbonatico pulverulento biancastro. Molto consistente e asciutta.","2a","1","PST","50",528498.9823,4566224.631,555
"970","SC2","48.45","Argilla verde ricca di materiale carbonatico pulverulento biancastro. Molto consistente e asciutta.","2a","1","PST","50",528498.9823,4566224.631,555
"971","SC2","48.5","Argilla verde ricca di materiale carbonatico pulverulento biancastro. Molto consistente e asciutta.","2a","1","PST","50",528498.9823,4566224.631,555
"972","SC2","48.55","Argilla verde ricca di materiale carbonatico pulverulento biancastro. Molto consistente e asciutta.","2a","1","PST","50",528498.9823,4566224.631,555
"973","SC2","48.6","Argilla verde ricca di materiale carbonatico pulverulento biancastro. Molto consistente e asciutta.","2a","1","PST","50",528498.9823,4566224.631,555
"974","SC2","48.65","Argilla verde ricca di materiale carbonatico pulverulento biancastro. Molto consistente e asciutta.","2a","1","PST","50",528498.9823,4566224.631,555
"975","SC2","48.7","Argilla verde ricca di materiale carbonatico pulverulento biancastro. Molto consistente e asciutta.","2a","1","PST","50",528498.9823,4566224.631,555
"976","SC2","48.75","Argilla verde ricca di materiale carbonatico pulverulento biancastro. Molto consistente e asciutta.","2a","1","PST","50",528498.9823,4566224.631,555
"977","SC2","48.8","Argilla verde ricca di materiale carbonatico pulverulento biancastro. Molto consistente e asciutta.","2a","1","PST","50",528498.9823,4566224.631,555
"978","SC2","48.85","Argilla verde ricca di materiale carbonatico pulverulento biancastro. Molto consistente e asciutta.","2a","1","PST","50",528498.9823,4566224.631,555
"979","SC2","48.9","Argilla verde ricca di materiale carbonatico pulverulento biancastro. Molto consistente e asciutta.","2a","1","PST","50",528498.9823,4566224.631,555
"980","SC2","48.95","Argilla verde scuro con ghiaia calcarea media e fine. Consistente e asciutta.","2a","1","PST","50",528498.9823,4566224.631,555
"981","SC2","49","Argilla verde scuro con ghiaia calcarea media e fine. Consistente e asciutta.","2a","1","PST","50",528498.9823,4566224.631,555
"982","SC2","49.05","Argilla verde scuro con ghiaia calcarea media e fine. Consistente e asciutta.","2a","1","PST","50",528498.9823,4566224.631,555
"983","SC2","49.1","Argilla verde scuro con ghiaia calcarea media e fine. Consistente e asciutta.","2a","1","PST","50",528498.9823,4566224.631,555
"984","SC2","49.15","Argilla verde scuro con ghiaia calcarea media e fine. Consistente e asciutta.","2a","1","PST","50",528498.9823,4566224.631,555
"985","SC2","49.2","Argilla verde scuro con ghiaia calcarea media e fine. Consistente e asciutta.","2a","1","PST","50",528498.9823,4566224.631,555
"986","SC2","49.25","Argilla verde scuro con ghiaia calcarea media e fine. Consistente e asciutta.","2a","1","PST","50",528498.9823,4566224.631,555
"987","SC2","49.3","Argilla verde scuro con ghiaia calcarea media e fine. Consistente e asciutta.","2a","1","PST","50",528498.9823,4566224.631,555
"988","SC2","49.35","Argilla verde scuro con ghiaia calcarea media e fine. Consistente e asciutta.","2a","1","PST","50",528498.9823,4566224.631,555
"989","SC2","49.4","Argilla verde scuro con ghiaia calcarea media e fine. Consistente e asciutta.","2a","1","PST","50",528498.9823,4566224.631,555
"990","SC2","49.45","Argilla verde ricca di materiale carbonatico biancastro pulverulento e ghiaia calcarea media e fine. Molto consistente e asciutta.","2a","1","PST","50",528498.9823,4566224.631,555
"991","SC2","49.5","Argilla verde ricca di materiale carbonatico biancastro pulverulento e ghiaia calcarea media e fine. Molto consistente e asciutta.","2a","1","PST","50",528498.9823,4566224.631,555
"992","SC2","49.55","Argilla verde ricca di materiale carbonatico biancastro pulverulento e ghiaia calcarea media e fine. Molto consistente e asciutta.","2a","1","PST","50",528498.9823,4566224.631,555
"993","SC2","49.6","Argilla verde ricca di materiale carbonatico biancastro pulverulento e ghiaia calcarea media e fine. Molto consistente e asciutta.","2a","1","PST","50",528498.9823,4566224.631,555
"994","SC2","49.65","Argilla verde ricca di materiale carbonatico biancastro pulverulento e ghiaia calcarea media e fine. Molto consistente e asciutta.","2a","1","PST","50",528498.9823,4566224.631,555
"995","SC2","49.7","Argilla verde ricca di materiale carbonatico biancastro pulverulento e ghiaia calcarea media e fine. Molto consistente e asciutta.","2a","1","PST","50",528498.9823,4566224.631,555
"996","SC2","49.75","Argilla verde ricca di materiale carbonatico biancastro pulverulento e ghiaia calcarea media e fine. Molto consistente e asciutta.","2a","1","PST","50",528498.9823,4566224.631,555
"997","SC2","49.8","Argilla verde ricca di materiale carbonatico biancastro pulverulento e ghiaia calcarea media e fine. Molto consistente e asciutta.","2a","1","PST","50",528498.9823,4566224.631,555
"998","SC2","49.85","Argilla verde ricca di materiale carbonatico biancastro pulverulento e ghiaia calcarea media e fine. Molto consistente e asciutta.","2a","1","PST","50",528498.9823,4566224.631,555
"999","SC2","49.9","Argilla verde ricca di materiale carbonatico biancastro pulverulento e ghiaia calcarea media e fine. Molto consistente e asciutta.","2a","1","PST","50",528498.9823,4566224.631,555
"1000","SC2","49.95","Argilla verde ricca di materiale carbonatico biancastro pulverulento e ghiaia calcarea media e fine. Molto consistente e asciutta.","2a","1","PST","50",528498.9823,4566224.631,555
"1001","SC2","50","Argilla verde ricca di materiale carbonatico biancastro pulverulento e ghiaia calcarea media e fine. Molto consistente e asciutta.","2a","1","PST","50",528498.9823,4566224.631,555
"1002","SC2","50","Argilla verde ricca di materiale carbonatico biancastro pulverulento e ghiaia calcarea media e fine. Molto consistente e asciutta.","2a","0","PST","50",528498.9823,4566224.631,555
"1003","SC2","50.05","Argilla verde ricca di materiale carbonatico biancastro pulverulento e ghiaia calcarea media e fine. Molto consistente e asciutta.","2a","0","PST","50",528498.9823,4566224.631,555
"1004","SC2","50.1","Argilla verde ricca di materiale carbonatico biancastro pulverulento e ghiaia calcarea media e fine. Molto consistente e asciutta.","2a","0","PST","50",528498.9823,4566224.631,555
"1005","SC2","50.15","Argilla verde ricca di materiale carbonatico biancastro pulverulento e ghiaia calcarea media e fine. Molto consistente e asciutta.","2a","0","PST","50",528498.9823,4566224.631,555
"1006","SC2","50.2","Argilla verde ricca di materiale carbonatico biancastro pulverulento e ghiaia calcarea media e fine. Molto consistente e asciutta.","2a","0","PST","50",528498.9823,4566224.631,555
"1007","SC2","50.25","Argilla verde ricca di materiale carbonatico biancastro pulverulento e ghiaia calcarea media e fine. Molto consistente e asciutta.","2a","0","PST","50",528498.9823,4566224.631,555
"1008","SC2","50.3","Argilla verde ricca di materiale carbonatico biancastro pulverulento e ghiaia calcarea media e fine. Molto consistente e asciutta.","2a","0","PST","50",528498.9823,4566224.631,555
"1009","SC2","50.35","Argilla verde ricca di materiale carbonatico biancastro pulverulento e ghiaia calcarea media e fine. Molto consistente e asciutta.","2a","0","PST","50",528498.9823,4566224.631,555
"1010","SC2","50.4","Argilla verde ricca di materiale carbonatico biancastro pulverulento e ghiaia calcarea media e fine. Molto consistente e asciutta.","2a","0","PST","50",528498.9823,4566224.631,555
"1011","SC2","50.45","Argilla verde ricca di materiale carbonatico biancastro pulverulento e ghiaia calcarea media e fine. Molto consistente e asciutta.","2a","0","PST","50",528498.9823,4566224.631,555
"1012","SC2","50.5","Argilla verde ricca di materiale carbonatico biancastro pulverulento e ghiaia calcarea media e fine. Molto consistente e asciutta.","2a","0","PST","50",528498.9823,4566224.631,555
"1013","SC2","50.55","Argilla verde ricca di materiale carbonatico biancastro pulverulento e ghiaia calcarea media e fine. Molto consistente e asciutta.","2a","0","PST","50",528498.9823,4566224.631,555
"1014","SC2","50.6","Argilla verde ricca di materiale carbonatico biancastro pulverulento e ghiaia calcarea media e fine. Molto consistente e asciutta.","2a","0","PST","50",528498.9823,4566224.631,555
"1015","SC2","50.65","Argilla verde ricca di materiale carbonatico biancastro pulverulento e ghiaia calcarea media e fine. Molto consistente e asciutta.","2a","0","PST","50",528498.9823,4566224.631,555
"1016","SC2","50.7","Argilla verde ricca di materiale carbonatico biancastro pulverulento e ghiaia calcarea media e fine. Molto consistente e asciutta.","2a","0","PST","50",528498.9823,4566224.631,555
"1017","SC2","50.75","Argilla verde ricca di materiale carbonatico biancastro pulverulento e ghiaia calcarea media e fine. Molto consistente e asciutta.","2a","0","PST","50",528498.9823,4566224.631,555
"1018","SC2","50.8","Argilla verde ricca di materiale carbonatico biancastro pulverulento e ghiaia calcarea media e fine. Molto consistente e asciutta.","2a","0","PST","50",528498.9823,4566224.631,555
"1019","SC2","50.85","Argilla verde ricca di materiale carbonatico biancastro pulverulento e ghiaia calcarea media e fine. Molto consistente e asciutta.","2a","0","PST","50",528498.9823,4566224.631,555
"1020","SC2","50.9","Argilla verde ricca di materiale carbonatico biancastro pulverulento e ghiaia calcarea media e fine. Molto consistente e asciutta.","2a","0","PST","50",528498.9823,4566224.631,555
"1021","SC2","50.95","Argilla verde ricca di materiale carbonatico biancastro pulverulento e ghiaia calcarea media e fine. Molto consistente e asciutta.","2a","0","PST","50",528498.9823,4566224.631,555
"1022","SC2","51","Argilla verde ricca di materiale carbonatico biancastro pulverulento e ghiaia calcarea media e fine. Molto consistente e asciutta.","2a","0","PST","50",528498.9823,4566224.631,555
"1023","SC2","51.05","Argilla verde ricca di materiale carbonatico biancastro pulverulento e ghiaia calcarea media e fine. Molto consistente e asciutta.","2a","0","PST","50",528498.9823,4566224.631,555
"1024","SC2","51.1","Argilla verde ricca di materiale carbonatico biancastro pulverulento e ghiaia calcarea media e fine. Molto consistente e asciutta.","2a","0","PST","50",528498.9823,4566224.631,555
"1025","SC2","51.15","Argilla verde ricca di materiale carbonatico biancastro pulverulento e ghiaia calcarea media e fine. Molto consistente e asciutta.","2a","0","PST","50",528498.9823,4566224.631,555
"1026","SC2","51.2","Argilla verde ricca di materiale carbonatico biancastro pulverulento e ghiaia calcarea media e fine. Molto consistente e asciutta.","2a","0","PST","50",528498.9823,4566224.631,555
"1027","SC2","51.25","Argilla verde ricca di materiale carbonatico biancastro pulverulento e ghiaia calcarea media e fine. Molto consistente e asciutta.","2a","0","PST","50",528498.9823,4566224.631,555
"1028","SC2","51.3","Argilla verde ricca di materiale carbonatico biancastro pulverulento e ghiaia calcarea media e fine. Molto consistente e asciutta.","2a","0","PST","50",528498.9823,4566224.631,555
"1029","SC2","51.35","Argilla verde ricca di materiale carbonatico biancastro pulverulento e ghiaia calcarea media e fine. Molto consistente e asciutta.","2a","0","PST","50",528498.9823,4566224.631,555
"1030","SC2","51.4","Argilla verde ricca di materiale carbonatico biancastro pulverulento e ghiaia calcarea media e fine. Molto consistente e asciutta.","2a","0","PST","50",528498.9823,4566224.631,555
"1031","SC2","51.45","Argilla verde ricca di materiale carbonatico biancastro pulverulento e ghiaia calcarea media e fine. Molto consistente e asciutta.","2a","0","PST","50",528498.9823,4566224.631,555
"1032","SC2","51.5","Argilla verde ricca di materiale carbonatico biancastro pulverulento e ghiaia calcarea media e fine. Molto consistente e asciutta.","2a","0","PST","50",528498.9823,4566224.631,555
"1033","SC2","51.55","Argilla verde ricca di materiale carbonatico biancastro pulverulento e ghiaia calcarea media e fine. Molto consistente e asciutta.","2a","0","PST","50",528498.9823,4566224.631,555
"1034","SC2","51.6","Argilla verde ricca di materiale carbonatico biancastro pulverulento e ghiaia calcarea media e fine. Molto consistente e asciutta.","2a","0","PST","50",528498.9823,4566224.631,555
"1035","SC2","51.65","Argilla verde ricca di materiale carbonatico biancastro pulverulento e ghiaia calcarea media e fine. Molto consistente e asciutta.","2a","0","PST","50",528498.9823,4566224.631,555
"1036","SC2","51.7","Argilla verde ricca di materiale carbonatico biancastro pulverulento e ghiaia calcarea media e fine. Molto consistente e asciutta.","2a","0","PST","50",528498.9823,4566224.631,555
"1037","SC2","51.75","Argilla verde ricca di materiale carbonatico biancastro pulverulento e ghiaia calcarea media e fine. Molto consistente e asciutta.","2a","0","PST","50",528498.9823,4566224.631,555
"1038","SC2","51.8","Argilla verde ricca di materiale carbonatico biancastro pulverulento e ghiaia calcarea media e fine. Molto consistente e asciutta.","2a","0","PST","50",528498.9823,4566224.631,555
"1039","SC2","51.85","Argilla verde ricca di materiale carbonatico biancastro pulverulento e ghiaia calcarea media e fine. Molto consistente e asciutta.","2a","0","PST","50",528498.9823,4566224.631,555
"1040","SC2","51.9","Argilla verde ricca di materiale carbonatico biancastro pulverulento e ghiaia calcarea media e fine. Molto consistente e asciutta.","2a","0","PST","50",528498.9823,4566224.631,555
"1041","SC2","51.95","Argilla verde ricca di materiale carbonatico biancastro pulverulento e ghiaia calcarea media e fine. Molto consistente e asciutta.","2a","0","PST","50",528498.9823,4566224.631,555
"1042","SC2","52","Argilla verde ricca di materiale carbonatico biancastro pulverulento e ghiaia calcarea media e fine. Molto consistente e asciutta.","2a","0","PST","50",528498.9823,4566224.631,555
"1043","SC2","52.05","Argilla verde ricca di materiale carbonatico biancastro pulverulento e ghiaia calcarea media e fine. Molto consistente e asciutta.","2a","0","PST","50",528498.9823,4566224.631,555
"1044","SC2","52.1","Argilla verde ricca di materiale carbonatico biancastro pulverulento e ghiaia calcarea media e fine. Molto consistente e asciutta.","2a","0","PST","50",528498.9823,4566224.631,555
"1045","SC2","52.15","Argilla verde ricca di materiale carbonatico biancastro pulverulento e ghiaia calcarea media e fine. Molto consistente e asciutta.","2a","0","PST","50",528498.9823,4566224.631,555
"1046","SC2","52.2","Argilla verde ricca di materiale carbonatico biancastro pulverulento e ghiaia calcarea media e fine. Molto consistente e asciutta.","2a","0","PST","50",528498.9823,4566224.631,555
"1047","SC2","52.25","Argilla verde ricca di materiale carbonatico biancastro pulverulento e ghiaia calcarea media e fine. Molto consistente e asciutta.","2a","0","PST","50",528498.9823,4566224.631,555
"1048","SC2","52.3","Argilla verde ricca di materiale carbonatico biancastro pulverulento e ghiaia calcarea media e fine. Molto consistente e asciutta.","2a","0","PST","50",528498.9823,4566224.631,555
"1049","SC2","52.35","Argilla verde ricca di materiale carbonatico biancastro pulverulento e ghiaia calcarea media e fine. Molto consistente e asciutta.","2a","0","PST","50",528498.9823,4566224.631,555
"1050","SC2","52.4","Argilla verde ricca di materiale carbonatico biancastro pulverulento e ghiaia calcarea media e fine. Molto consistente e asciutta.","2a","0","PST","50",528498.9823,4566224.631,555
"1051","SC2","52.45","Argilla verde ricca di materiale carbonatico biancastro pulverulento e ghiaia calcarea media e fine. Molto consistente e asciutta.","2a","0","PST","50",528498.9823,4566224.631,555
"1052","SC2","52.5","Argilla verde ricca di materiale carbonatico biancastro pulverulento e ghiaia calcarea media e fine. Molto consistente e asciutta.","2a","0","PST","50",528498.9823,4566224.631,555
"1053","SC2","52.55","Argilla verde ricca di materiale carbonatico biancastro pulverulento e ghiaia calcarea media e fine. Molto consistente e asciutta.","2a","0","PST","50",528498.9823,4566224.631,555
"1054","SC2","52.6","Argilla verde ricca di materiale carbonatico biancastro pulverulento e ghiaia calcarea media e fine. Molto consistente e asciutta.","2a","0","PST","50",528498.9823,4566224.631,555
"1055","SC2","52.65","Argilla verde ricca di materiale carbonatico biancastro pulverulento e ghiaia calcarea media e fine. Molto consistente e asciutta.","2a","0","PST","50",528498.9823,4566224.631,555
"1056","SC2","52.7","Argilla verde ricca di materiale carbonatico biancastro pulverulento e ghiaia calcarea media e fine. Molto consistente e asciutta.","2a","0","PST","50",528498.9823,4566224.631,555
"1057","SC2","52.75","Argilla verde ricca di materiale carbonatico biancastro pulverulento e ghiaia calcarea media e fine. Molto consistente e asciutta.","2a","0","PST","50",528498.9823,4566224.631,555
"1058","SC2","52.8","Argilla verde ricca di materiale carbonatico biancastro pulverulento e ghiaia calcarea media e fine. Molto consistente e asciutta.","2a","0","PST","50",528498.9823,4566224.631,555
"1059","SC2","52.85","Argilla verde ricca di materiale carbonatico biancastro pulverulento e ghiaia calcarea media e fine. Molto consistente e asciutta.","2a","0","PST","50",528498.9823,4566224.631,555
"1060","SC2","52.9","Argilla verde ricca di materiale carbonatico biancastro pulverulento e ghiaia calcarea media e fine. Molto consistente e asciutta.","2a","0","PST","50",528498.9823,4566224.631,555
"1061","SC2","52.95","Argilla verde ricca di materiale carbonatico biancastro pulverulento e ghiaia calcarea media e fine. Molto consistente e asciutta.","2a","0","PST","50",528498.9823,4566224.631,555
"1062","SC2","53","Argilla verde ricca di materiale carbonatico biancastro pulverulento e ghiaia calcarea media e fine. Molto consistente e asciutta.","2a","0","PST","50",528498.9823,4566224.631,555
"1063","SC2","53.05","Argilla verde ricca di materiale carbonatico biancastro pulverulento e ghiaia calcarea media e fine. Molto consistente e asciutta.","2a","0","PST","50",528498.9823,4566224.631,555
"1064","SC2","53.1","Argilla verde ricca di materiale carbonatico biancastro pulverulento e ghiaia calcarea media e fine. Molto consistente e asciutta.","2a","0","PST","50",528498.9823,4566224.631,555
"1065","SC2","53.15","Argilla verde ricca di materiale carbonatico biancastro pulverulento e ghiaia calcarea media e fine. Molto consistente e asciutta.","2a","0","PST","50",528498.9823,4566224.631,555
"1066","SC2","53.2","Argilla verde ricca di materiale carbonatico biancastro pulverulento e ghiaia calcarea media e fine. Molto consistente e asciutta.","2a","0","PST","50",528498.9823,4566224.631,555
"1067","SC2","53.25","Argilla verde ricca di materiale carbonatico biancastro pulverulento e ghiaia calcarea media e fine. Molto consistente e asciutta.","2a","0","PST","50",528498.9823,4566224.631,555
"1068","SC2","53.3","Argilla verde ricca di materiale carbonatico biancastro pulverulento e ghiaia calcarea media e fine. Molto consistente e asciutta.","2a","0","PST","50",528498.9823,4566224.631,555
"1069","SC2","53.35","Argilla verde ricca di materiale carbonatico biancastro pulverulento e ghiaia calcarea media e fine. Molto consistente e asciutta.","2a","0","PST","50",528498.9823,4566224.631,555
"1070","SC2","53.4","Argilla verde ricca di materiale carbonatico biancastro pulverulento e ghiaia calcarea media e fine. Molto consistente e asciutta.","2a","0","PST","50",528498.9823,4566224.631,555
"1071","SC2","53.45","Argilla verde ricca di materiale carbonatico biancastro pulverulento e ghiaia calcarea media e fine. Molto consistente e asciutta.","2a","0","PST","50",528498.9823,4566224.631,555
"1072","SC2","53.5","Argilla verde ricca di materiale carbonatico biancastro pulverulento e ghiaia calcarea media e fine. Molto consistente e asciutta.","2a","0","PST","50",528498.9823,4566224.631,555
"1073","SC2","53.55","Argilla verde ricca di materiale carbonatico biancastro pulverulento e ghiaia calcarea media e fine. Molto consistente e asciutta.","2a","0","PST","50",528498.9823,4566224.631,555
"1074","SC2","53.6","Argilla verde ricca di materiale carbonatico biancastro pulverulento e ghiaia calcarea media e fine. Molto consistente e asciutta.","2a","0","PST","50",528498.9823,4566224.631,555
"1075","SC2","53.65","Argilla verde ricca di materiale carbonatico biancastro pulverulento e ghiaia calcarea media e fine. Molto consistente e asciutta.","2a","0","PST","50",528498.9823,4566224.631,555
"1076","SC2","53.7","Argilla verde ricca di materiale carbonatico biancastro pulverulento e ghiaia calcarea media e fine. Molto consistente e asciutta.","2a","0","PST","50",528498.9823,4566224.631,555
"1077","SC2","53.75","Argilla verde ricca di materiale carbonatico biancastro pulverulento e ghiaia calcarea media e fine. Molto consistente e asciutta.","2a","0","PST","50",528498.9823,4566224.631,555
"1078","SC2","53.8","Argilla verde ricca di materiale carbonatico biancastro pulverulento e ghiaia calcarea media e fine. Molto consistente e asciutta.","2a","0","PST","50",528498.9823,4566224.631,555
"1079","SC2","53.85","Argilla verde ricca di materiale carbonatico biancastro pulverulento e ghiaia calcarea media e fine. Molto consistente e asciutta.","2a","0","PST","50",528498.9823,4566224.631,555
"1080","SC2","53.9","Argilla verde ricca di materiale carbonatico biancastro pulverulento e ghiaia calcarea media e fine. Molto consistente e asciutta.","2a","0","PST","50",528498.9823,4566224.631,555
"1081","SC2","53.95","Argilla verde ricca di materiale carbonatico biancastro pulverulento e ghiaia calcarea media e fine. Molto consistente e asciutta.","2a","0","PST","50",528498.9823,4566224.631,555
"1082","SC2","54","Argilla verde ricca di materiale carbonatico biancastro pulverulento e ghiaia calcarea media e fine. Molto consistente e asciutta.","2a","0","PST","50",528498.9823,4566224.631,555
"1083","SC2","54.05","Argilla verde ricca di materiale carbonatico biancastro pulverulento e ghiaia calcarea media e fine. Molto consistente e asciutta.","2a","0","PST","50",528498.9823,4566224.631,555
"1084","SC2","54.1","Argilla verde ricca di materiale carbonatico biancastro pulverulento e ghiaia calcarea media e fine. Molto consistente e asciutta.","2a","0","PST","50",528498.9823,4566224.631,555
"1085","SC2","54.15","Argilla verde ricca di materiale carbonatico biancastro pulverulento e ghiaia calcarea media e fine. Molto consistente e asciutta.","2a","0","PST","50",528498.9823,4566224.631,555
"1086","SC2","54.2","Argilla verde ricca di materiale carbonatico biancastro pulverulento e ghiaia calcarea media e fine. Molto consistente e asciutta.","2a","0","PST","50",528498.9823,4566224.631,555
"1087","SC2","54.25","Argilla verde ricca di materiale carbonatico biancastro pulverulento e ghiaia calcarea media e fine. Molto consistente e asciutta.","2a","0","PST","50",528498.9823,4566224.631,555
"1088","SC2","54.3","Argilla verde ricca di materiale carbonatico biancastro pulverulento e ghiaia calcarea media e fine. Molto consistente e asciutta.","2a","0","PST","50",528498.9823,4566224.631,555
"1089","SC2","54.35","Argilla verde ricca di materiale carbonatico biancastro pulverulento e ghiaia calcarea media e fine. Molto consistente e asciutta.","2a","0","PST","50",528498.9823,4566224.631,555
"1090","SC2","54.4","Argilla verde ricca di materiale carbonatico biancastro pulverulento e ghiaia calcarea media e fine. Molto consistente e asciutta.","2a","0","PST","50",528498.9823,4566224.631,555
"1091","SC2","54.45","Argilla verde ricca di materiale carbonatico biancastro pulverulento e ghiaia calcarea media e fine. Molto consistente e asciutta.","2a","0","PST","50",528498.9823,4566224.631,555
"1092","SC2","54.5","Argilla verde ricca di materiale carbonatico biancastro pulverulento e ghiaia calcarea media e fine. Molto consistente e asciutta.","2a","0","PST","50",528498.9823,4566224.631,555
"1093","SC2","54.55","Argilla verde ricca di materiale carbonatico biancastro pulverulento e ghiaia calcarea media e fine. Molto consistente e asciutta.","2a","0","PST","50",528498.9823,4566224.631,555
"1094","SC2","54.6","Argilla verde ricca di materiale carbonatico biancastro pulverulento e ghiaia calcarea media e fine. Molto consistente e asciutta.","2a","0","PST","50",528498.9823,4566224.631,555
"1095","SC2","54.65","Argilla verde ricca di materiale carbonatico biancastro pulverulento e ghiaia calcarea media e fine. Molto consistente e asciutta.","2a","0","PST","50",528498.9823,4566224.631,555
"1096","SC2","54.7","Argilla verde ricca di materiale carbonatico biancastro pulverulento e ghiaia calcarea media e fine. Molto consistente e asciutta.","2a","0","PST","50",528498.9823,4566224.631,555
"1097","SC2","54.75","Argilla verde ricca di materiale carbonatico biancastro pulverulento e ghiaia calcarea media e fine. Molto consistente e asciutta.","2a","0","PST","50",528498.9823,4566224.631,555
"1098","SC2","54.8","Argilla verde ricca di materiale carbonatico biancastro pulverulento e ghiaia calcarea media e fine. Molto consistente e asciutta.","2a","0","PST","50",528498.9823,4566224.631,555
"1099","SC2","54.85","Argilla verde ricca di materiale carbonatico biancastro pulverulento e ghiaia calcarea media e fine. Molto consistente e asciutta.","2a","0","PST","50",528498.9823,4566224.631,555
"1100","SC2","54.9","Argilla verde ricca di materiale carbonatico biancastro pulverulento e ghiaia calcarea media e fine. Molto consistente e asciutta.","2a","0","PST","50",528498.9823,4566224.631,555
"1101","SC2","54.95","Argilla verde ricca di materiale carbonatico biancastro pulverulento e ghiaia calcarea media e fine. Molto consistente e asciutta.","2a","0","PST","50",528498.9823,4566224.631,555
"1102","SC2","55","Argilla verde ricca di materiale carbonatico biancastro pulverulento e ghiaia calcarea media e fine. Molto consistente e asciutta.","2a","0","PST","50",528498.9823,4566224.631,555
"1103","SC2","55.05","Argilla verde ricca di materiale carbonatico biancastro pulverulento e ghiaia calcarea media e fine. Molto consistente e asciutta.","2a","0","PST","50",528498.9823,4566224.631,555
"1104","SC2","55.1","Argilla verde ricca di materiale carbonatico biancastro pulverulento e ghiaia calcarea media e fine. Molto consistente e asciutta.","2a","0","PST","50",528498.9823,4566224.631,555
"1105","SC2","55.15","Argilla verde ricca di materiale carbonatico biancastro pulverulento e ghiaia calcarea media e fine. Molto consistente e asciutta.","2a","0","PST","50",528498.9823,4566224.631,555
"1106","SC2","55.2","Argilla verde ricca di materiale carbonatico biancastro pulverulento e ghiaia calcarea media e fine. Molto consistente e asciutta.","2a","0","PST","50",528498.9823,4566224.631,555
"1107","SC2","55.25","Argilla verde ricca di materiale carbonatico biancastro pulverulento e ghiaia calcarea media e fine. Molto consistente e asciutta.","2a","0","PST","50",528498.9823,4566224.631,555
"1108","SC2","55.3","Argilla verde ricca di materiale carbonatico biancastro pulverulento e ghiaia calcarea media e fine. Molto consistente e asciutta.","2a","0","PST","50",528498.9823,4566224.631,555
"1109","SC2","55.35","Argilla verde ricca di materiale carbonatico biancastro pulverulento e ghiaia calcarea media e fine. Molto consistente e asciutta.","2a","0","PST","50",528498.9823,4566224.631,555
"1110","SC2","55.4","Argilla verde ricca di materiale carbonatico biancastro pulverulento e ghiaia calcarea media e fine. Molto consistente e asciutta.","2a","0","PST","50",528498.9823,4566224.631,555
"1111","SC2","55.45","Argilla verde ricca di materiale carbonatico biancastro pulverulento e ghiaia calcarea media e fine. Molto consistente e asciutta.","2a","0","PST","50",528498.9823,4566224.631,555
"1112","SC2","55.5","Argilla verde ricca di materiale carbonatico biancastro pulverulento e ghiaia calcarea media e fine. Molto consistente e asciutta.","2a","0","PST","50",528498.9823,4566224.631,555
"1113","SC2","55.55","Argilla verde ricca di materiale carbonatico biancastro pulverulento e ghiaia calcarea media e fine. Molto consistente e asciutta.","2a","0","PST","50",528498.9823,4566224.631,555
"1114","SC2","55.6","Argilla verde ricca di materiale carbonatico biancastro pulverulento e ghiaia calcarea media e fine. Molto consistente e asciutta.","2a","0","PST","50",528498.9823,4566224.631,555
"1115","SC2","55.65","Argilla verde ricca di materiale carbonatico biancastro pulverulento e ghiaia calcarea media e fine. Molto consistente e asciutta.","2a","0","PST","50",528498.9823,4566224.631,555
"1116","SC2","55.7","Argilla verde ricca di materiale carbonatico biancastro pulverulento e ghiaia calcarea media e fine. Molto consistente e asciutta.","2a","0","PST","50",528498.9823,4566224.631,555
"1117","SC2","55.75","Argilla verde ricca di materiale carbonatico biancastro pulverulento e ghiaia calcarea media e fine. Molto consistente e asciutta.","2a","0","PST","50",528498.9823,4566224.631,555
"1118","SC2","55.8","Argilla verde ricca di materiale carbonatico biancastro pulverulento e ghiaia calcarea media e fine. Molto consistente e asciutta.","2a","0","PST","50",528498.9823,4566224.631,555
"1119","SC2","55.85","Argilla verde ricca di materiale carbonatico biancastro pulverulento e ghiaia calcarea media e fine. Molto consistente e asciutta.","2a","0","PST","50",528498.9823,4566224.631,555
"1120","SC2","55.9","Argilla verde ricca di materiale carbonatico biancastro pulverulento e ghiaia calcarea media e fine. Molto consistente e asciutta.","2a","0","PST","50",528498.9823,4566224.631,555
"1121","SC2","55.95","Argilla verde ricca di materiale carbonatico biancastro pulverulento e ghiaia calcarea media e fine. Molto consistente e asciutta.","2a","0","PST","50",528498.9823,4566224.631,555
"1122","SC2","56","Argilla verde ricca di materiale carbonatico biancastro pulverulento e ghiaia calcarea media e fine. Molto consistente e asciutta.","2a","0","PST","50",528498.9823,4566224.631,555
"1123","SC2","56.05","Argilla verde ricca di materiale carbonatico biancastro pulverulento e ghiaia calcarea media e fine. Molto consistente e asciutta.","2a","0","PST","50",528498.9823,4566224.631,555
"1124","SC2","56.1","Argilla verde ricca di materiale carbonatico biancastro pulverulento e ghiaia calcarea media e fine. Molto consistente e asciutta.","2a","0","PST","50",528498.9823,4566224.631,555
"1125","SC2","56.15","Argilla verde ricca di materiale carbonatico biancastro pulverulento e ghiaia calcarea media e fine. Molto consistente e asciutta.","2a","0","PST","50",528498.9823,4566224.631,555
"1126","SC2","56.2","Argilla verde ricca di materiale carbonatico biancastro pulverulento e ghiaia calcarea media e fine. Molto consistente e asciutta.","2a","0","PST","50",528498.9823,4566224.631,555
"1127","SC2","56.25","Argilla verde ricca di materiale carbonatico biancastro pulverulento e ghiaia calcarea media e fine. Molto consistente e asciutta.","2a","0","PST","50",528498.9823,4566224.631,555
"1128","SC2","56.3","Argilla verde ricca di materiale carbonatico biancastro pulverulento e ghiaia calcarea media e fine. Molto consistente e asciutta.","2a","0","PST","50",528498.9823,4566224.631,555
"1129","SC2","56.35","Argilla verde ricca di materiale carbonatico biancastro pulverulento e ghiaia calcarea media e fine. Molto consistente e asciutta.","2a","0","PST","50",528498.9823,4566224.631,555
"1130","SC2","56.4","Argilla verde ricca di materiale carbonatico biancastro pulverulento e ghiaia calcarea media e fine. Molto consistente e asciutta.","2a","0","PST","50",528498.9823,4566224.631,555
"1131","SC2","56.45","Argilla verde ricca di materiale carbonatico biancastro pulverulento e ghiaia calcarea media e fine. Molto consistente e asciutta.","2a","0","PST","50",528498.9823,4566224.631,555
"1132","SC2","56.5","Argilla verde ricca di materiale carbonatico biancastro pulverulento e ghiaia calcarea media e fine. Molto consistente e asciutta.","2a","0","PST","50",528498.9823,4566224.631,555
"1133","SC2","56.55","Argilla verde ricca di materiale carbonatico biancastro pulverulento e ghiaia calcarea media e fine. Molto consistente e asciutta.","2a","0","PST","50",528498.9823,4566224.631,555
"1134","SC2","56.6","Argilla verde ricca di materiale carbonatico biancastro pulverulento e ghiaia calcarea media e fine. Molto consistente e asciutta.","2a","0","PST","50",528498.9823,4566224.631,555
"1135","SC2","56.65","Argilla verde ricca di materiale carbonatico biancastro pulverulento e ghiaia calcarea media e fine. Molto consistente e asciutta.","2a","0","PST","50",528498.9823,4566224.631,555
"1136","SC2","56.7","Argilla verde ricca di materiale carbonatico biancastro pulverulento e ghiaia calcarea media e fine. Molto consistente e asciutta.","2a","0","PST","50",528498.9823,4566224.631,555
"1137","SC2","56.75","Argilla verde ricca di materiale carbonatico biancastro pulverulento e ghiaia calcarea media e fine. Molto consistente e asciutta.","2a","0","PST","50",528498.9823,4566224.631,555
"1138","SC2","56.8","Argilla verde ricca di materiale carbonatico biancastro pulverulento e ghiaia calcarea media e fine. Molto consistente e asciutta.","2a","0","PST","50",528498.9823,4566224.631,555
"1139","SC2","56.85","Argilla verde ricca di materiale carbonatico biancastro pulverulento e ghiaia calcarea media e fine. Molto consistente e asciutta.","2a","0","PST","50",528498.9823,4566224.631,555
"1140","SC2","56.9","Argilla verde ricca di materiale carbonatico biancastro pulverulento e ghiaia calcarea media e fine. Molto consistente e asciutta.","2a","0","PST","50",528498.9823,4566224.631,555
"1141","SC2","56.95","Argilla verde ricca di materiale carbonatico biancastro pulverulento e ghiaia calcarea media e fine. Molto consistente e asciutta.","2a","0","PST","50",528498.9823,4566224.631,555
"1142","SC2","57","Argilla verde ricca di materiale carbonatico biancastro pulverulento e ghiaia calcarea media e fine. Molto consistente e asciutta.","2a","0","PST","50",528498.9823,4566224.631,555
"1143","SC2","57.05","Argilla verde ricca di materiale carbonatico biancastro pulverulento e ghiaia calcarea media e fine. Molto consistente e asciutta.","2a","0","PST","50",528498.9823,4566224.631,555
"1144","SC2","57.1","Argilla verde ricca di materiale carbonatico biancastro pulverulento e ghiaia calcarea media e fine. Molto consistente e asciutta.","2a","0","PST","50",528498.9823,4566224.631,555
"1145","SC2","57.15","Argilla verde ricca di materiale carbonatico biancastro pulverulento e ghiaia calcarea media e fine. Molto consistente e asciutta.","2a","0","PST","50",528498.9823,4566224.631,555
"1146","SC2","57.2","Argilla verde ricca di materiale carbonatico biancastro pulverulento e ghiaia calcarea media e fine. Molto consistente e asciutta.","2a","0","PST","50",528498.9823,4566224.631,555
"1147","SC2","57.25","Argilla verde ricca di materiale carbonatico biancastro pulverulento e ghiaia calcarea media e fine. Molto consistente e asciutta.","2a","0","PST","50",528498.9823,4566224.631,555
"1148","SC2","57.3","Argilla verde ricca di materiale carbonatico biancastro pulverulento e ghiaia calcarea media e fine. Molto consistente e asciutta.","2a","0","PST","50",528498.9823,4566224.631,555
"1149","SC2","57.35","Argilla verde ricca di materiale carbonatico biancastro pulverulento e ghiaia calcarea media e fine. Molto consistente e asciutta.","2a","0","PST","50",528498.9823,4566224.631,555
"1150","SC2","57.4","Argilla verde ricca di materiale carbonatico biancastro pulverulento e ghiaia calcarea media e fine. Molto consistente e asciutta.","2a","0","PST","50",528498.9823,4566224.631,555
"1151","SC2","57.45","Argilla verde ricca di materiale carbonatico biancastro pulverulento e ghiaia calcarea media e fine. Molto consistente e asciutta.","2a","0","PST","50",528498.9823,4566224.631,555
"1152","SC2","57.5","Argilla verde ricca di materiale carbonatico biancastro pulverulento e ghiaia calcarea media e fine. Molto consistente e asciutta.","2a","0","PST","50",528498.9823,4566224.631,555
"1153","SC2","57.55","Argilla verde ricca di materiale carbonatico biancastro pulverulento e ghiaia calcarea media e fine. Molto consistente e asciutta.","2a","0","PST","50",528498.9823,4566224.631,555
"1154","SC2","57.6","Argilla verde ricca di materiale carbonatico biancastro pulverulento e ghiaia calcarea media e fine. Molto consistente e asciutta.","2a","0","PST","50",528498.9823,4566224.631,555
"1155","SC2","57.65","Argilla verde ricca di materiale carbonatico biancastro pulverulento e ghiaia calcarea media e fine. Molto consistente e asciutta.","2a","0","PST","50",528498.9823,4566224.631,555
"1156","SC2","57.7","Argilla verde ricca di materiale carbonatico biancastro pulverulento e ghiaia calcarea media e fine. Molto consistente e asciutta.","2a","0","PST","50",528498.9823,4566224.631,555
"1157","SC2","57.75","Argilla verde ricca di materiale carbonatico biancastro pulverulento e ghiaia calcarea media e fine. Molto consistente e asciutta.","2a","0","PST","50",528498.9823,4566224.631,555
"1158","SC2","57.8","Argilla verde ricca di materiale carbonatico biancastro pulverulento e ghiaia calcarea media e fine. Molto consistente e asciutta.","2a","0","PST","50",528498.9823,4566224.631,555
"1159","SC2","57.85","Argilla verde ricca di materiale carbonatico biancastro pulverulento e ghiaia calcarea media e fine. Molto consistente e asciutta.","2a","0","PST","50",528498.9823,4566224.631,555
"1160","SC2","57.9","Argilla verde ricca di materiale carbonatico biancastro pulverulento e ghiaia calcarea media e fine. Molto consistente e asciutta.","2a","0","PST","50",528498.9823,4566224.631,555
"1161","SC2","57.95","Argilla verde ricca di materiale carbonatico biancastro pulverulento e ghiaia calcarea media e fine. Molto consistente e asciutta.","2a","0","PST","50",528498.9823,4566224.631,555
"1162","SC2","58","Argilla verde ricca di materiale carbonatico biancastro pulverulento e ghiaia calcarea media e fine. Molto consistente e asciutta.","2a","0","PST","50",528498.9823,4566224.631,555
"1163","SC2","58.05","Argilla verde ricca di materiale carbonatico biancastro pulverulento e ghiaia calcarea media e fine. Molto consistente e asciutta.","2a","0","PST","50",528498.9823,4566224.631,555
"1164","SC2","58.1","Argilla verde ricca di materiale carbonatico biancastro pulverulento e ghiaia calcarea media e fine. Molto consistente e asciutta.","2a","0","PST","50",528498.9823,4566224.631,555
"1165","SC2","58.15","Argilla verde ricca di materiale carbonatico biancastro pulverulento e ghiaia calcarea media e fine. Molto consistente e asciutta.","2a","0","PST","50",528498.9823,4566224.631,555
"1166","SC2","58.2","Argilla verde ricca di materiale carbonatico biancastro pulverulento e ghiaia calcarea media e fine. Molto consistente e asciutta.","2a","0","PST","50",528498.9823,4566224.631,555
"1167","SC2","58.25","Argilla verde ricca di materiale carbonatico biancastro pulverulento e ghiaia calcarea media e fine. Molto consistente e asciutta.","2a","0","PST","50",528498.9823,4566224.631,555
"1168","SC2","58.3","Argilla verde ricca di materiale carbonatico biancastro pulverulento e ghiaia calcarea media e fine. Molto consistente e asciutta.","2a","0","PST","50",528498.9823,4566224.631,555
"1169","SC2","58.35","Argilla verde ricca di materiale carbonatico biancastro pulverulento e ghiaia calcarea media e fine. Molto consistente e asciutta.","2a","0","PST","50",528498.9823,4566224.631,555
"1170","SC2","58.4","Argilla verde ricca di materiale carbonatico biancastro pulverulento e ghiaia calcarea media e fine. Molto consistente e asciutta.","2a","0","PST","50",528498.9823,4566224.631,555
"1171","SC2","58.45","Argilla verde ricca di materiale carbonatico biancastro pulverulento e ghiaia calcarea media e fine. Molto consistente e asciutta.","2a","0","PST","50",528498.9823,4566224.631,555
"1172","SC2","58.5","Argilla verde ricca di materiale carbonatico biancastro pulverulento e ghiaia calcarea media e fine. Molto consistente e asciutta.","2a","0","PST","50",528498.9823,4566224.631,555
"1173","SC2","58.55","Argilla verde ricca di materiale carbonatico biancastro pulverulento e ghiaia calcarea media e fine. Molto consistente e asciutta.","2a","0","PST","50",528498.9823,4566224.631,555
"1174","SC2","58.6","Argilla verde ricca di materiale carbonatico biancastro pulverulento e ghiaia calcarea media e fine. Molto consistente e asciutta.","2a","0","PST","50",528498.9823,4566224.631,555
"1175","SC2","58.65","Argilla verde ricca di materiale carbonatico biancastro pulverulento e ghiaia calcarea media e fine. Molto consistente e asciutta.","2a","0","PST","50",528498.9823,4566224.631,555
"1176","SC2","58.7","Argilla verde ricca di materiale carbonatico biancastro pulverulento e ghiaia calcarea media e fine. Molto consistente e asciutta.","2a","0","PST","50",528498.9823,4566224.631,555
"1177","SC2","58.75","Argilla verde ricca di materiale carbonatico biancastro pulverulento e ghiaia calcarea media e fine. Molto consistente e asciutta.","2a","0","PST","50",528498.9823,4566224.631,555
"1178","SC2","58.8","Argilla verde ricca di materiale carbonatico biancastro pulverulento e ghiaia calcarea media e fine. Molto consistente e asciutta.","2a","0","PST","50",528498.9823,4566224.631,555
"1179","SC2","58.85","Argilla verde ricca di materiale carbonatico biancastro pulverulento e ghiaia calcarea media e fine. Molto consistente e asciutta.","2a","0","PST","50",528498.9823,4566224.631,555
"1180","SC2","58.9","Argilla verde ricca di materiale carbonatico biancastro pulverulento e ghiaia calcarea media e fine. Molto consistente e asciutta.","2a","0","PST","50",528498.9823,4566224.631,555
"1181","SC2","58.95","Argilla verde ricca di materiale carbonatico biancastro pulverulento e ghiaia calcarea media e fine. Molto consistente e asciutta.","2a","0","PST","50",528498.9823,4566224.631,555
"1182","SC2","59","Argilla verde ricca di materiale carbonatico biancastro pulverulento e ghiaia calcarea media e fine. Molto consistente e asciutta.","2a","0","PST","50",528498.9823,4566224.631,555
"1183","SC2","59.05","Argilla verde ricca di materiale carbonatico biancastro pulverulento e ghiaia calcarea media e fine. Molto consistente e asciutta.","2a","0","PST","50",528498.9823,4566224.631,555
"1184","SC2","59.1","Argilla verde ricca di materiale carbonatico biancastro pulverulento e ghiaia calcarea media e fine. Molto consistente e asciutta.","2a","0","PST","50",528498.9823,4566224.631,555
"1185","SC2","59.15","Argilla verde ricca di materiale carbonatico biancastro pulverulento e ghiaia calcarea media e fine. Molto consistente e asciutta.","2a","0","PST","50",528498.9823,4566224.631,555
"1186","SC2","59.2","Argilla verde ricca di materiale carbonatico biancastro pulverulento e ghiaia calcarea media e fine. Molto consistente e asciutta.","2a","0","PST","50",528498.9823,4566224.631,555
"1187","SC2","59.25","Argilla verde ricca di materiale carbonatico biancastro pulverulento e ghiaia calcarea media e fine. Molto consistente e asciutta.","2a","0","PST","50",528498.9823,4566224.631,555
"1188","SC2","59.3","Argilla verde ricca di materiale carbonatico biancastro pulverulento e ghiaia calcarea media e fine. Molto consistente e asciutta.","2a","0","PST","50",528498.9823,4566224.631,555
"1189","SC2","59.35","Argilla verde ricca di materiale carbonatico biancastro pulverulento e ghiaia calcarea media e fine. Molto consistente e asciutta.","2a","0","PST","50",528498.9823,4566224.631,555
"1190","SC2","59.4","Argilla verde ricca di materiale carbonatico biancastro pulverulento e ghiaia calcarea media e fine. Molto consistente e asciutta.","2a","0","PST","50",528498.9823,4566224.631,555
"1191","SC2","59.45","Argilla verde ricca di materiale carbonatico biancastro pulverulento e ghiaia calcarea media e fine. Molto consistente e asciutta.","2a","0","PST","50",528498.9823,4566224.631,555
"1192","SC2","59.5","Argilla verde ricca di materiale carbonatico biancastro pulverulento e ghiaia calcarea media e fine. Molto consistente e asciutta.","2a","0","PST","50",528498.9823,4566224.631,555
"1193","SC2","59.55","Argilla verde ricca di materiale carbonatico biancastro pulverulento e ghiaia calcarea media e fine. Molto consistente e asciutta.","2a","0","PST","50",528498.9823,4566224.631,555
"1194","SC2","59.6","Argilla verde ricca di materiale carbonatico biancastro pulverulento e ghiaia calcarea media e fine. Molto consistente e asciutta.","2a","0","PST","50",528498.9823,4566224.631,555
"1195","SC2","59.65","Argilla verde ricca di materiale carbonatico biancastro pulverulento e ghiaia calcarea media e fine. Molto consistente e asciutta.","2a","0","PST","50",528498.9823,4566224.631,555
"1196","SC2","59.7","Argilla verde ricca di materiale carbonatico biancastro pulverulento e ghiaia calcarea media e fine. Molto consistente e asciutta.","2a","0","PST","50",528498.9823,4566224.631,555
"1197","SC2","59.75","Argilla verde ricca di materiale carbonatico biancastro pulverulento e ghiaia calcarea media e fine. Molto consistente e asciutta.","2a","0","PST","50",528498.9823,4566224.631,555
"1198","SC2","59.8","Argilla verde ricca di materiale carbonatico biancastro pulverulento e ghiaia calcarea media e fine. Molto consistente e asciutta.","2a","0","PST","50",528498.9823,4566224.631,555
"1199","SC2","59.85","Argilla verde ricca di materiale carbonatico biancastro pulverulento e ghiaia calcarea media e fine. Molto consistente e asciutta.","2a","0","PST","50",528498.9823,4566224.631,555
"1200","SC2","59.9","Argilla verde ricca di materiale carbonatico biancastro pulverulento e ghiaia calcarea media e fine. Molto consistente e asciutta.","2a","0","PST","50",528498.9823,4566224.631,555
"1201","SC2","59.95","Argilla verde ricca di materiale carbonatico biancastro pulverulento e ghiaia calcarea media e fine. Molto consistente e asciutta.","2a","0","PST","50",528498.9823,4566224.631,555
"1202","SC2","60","Argilla verde ricca di materiale carbonatico biancastro pulverulento e ghiaia calcarea media e fine. Molto consistente e asciutta.","2a","0","PST","50",528498.9823,4566224.631,555
"1203","SC2","60.05","Argilla verde ricca di materiale carbonatico biancastro pulverulento e ghiaia calcarea media e fine. Molto consistente e asciutta.","2a","0","PST","50",528498.9823,4566224.631,555
"1204","SC2","60.1","Argilla verde ricca di materiale carbonatico biancastro pulverulento e ghiaia calcarea media e fine. Molto consistente e asciutta.","2a","0","PST","50",528498.9823,4566224.631,555
"1205","SC2","60.15","Argilla verde ricca di materiale carbonatico biancastro pulverulento e ghiaia calcarea media e fine. Molto consistente e asciutta.","2a","0","PST","50",528498.9823,4566224.631,555
"1206","SC2","60.2","Argilla verde ricca di materiale carbonatico biancastro pulverulento e ghiaia calcarea media e fine. Molto consistente e asciutta.","2a","0","PST","50",528498.9823,4566224.631,555
"1207","SC2","60.25","Argilla verde ricca di materiale carbonatico biancastro pulverulento e ghiaia calcarea media e fine. Molto consistente e asciutta.","2a","0","PST","50",528498.9823,4566224.631,555
"1208","SC2","60.3","Argilla verde ricca di materiale carbonatico biancastro pulverulento e ghiaia calcarea media e fine. Molto consistente e asciutta.","2a","0","PST","50",528498.9823,4566224.631,555
"1209","SC2","60.35","Argilla verde ricca di materiale carbonatico biancastro pulverulento e ghiaia calcarea media e fine. Molto consistente e asciutta.","2a","0","PST","50",528498.9823,4566224.631,555
"1210","SC2","60.4","Argilla verde ricca di materiale carbonatico biancastro pulverulento e ghiaia calcarea media e fine. Molto consistente e asciutta.","2a","0","PST","50",528498.9823,4566224.631,555
"1211","SC2","60.45","Argilla verde ricca di materiale carbonatico biancastro pulverulento e ghiaia calcarea media e fine. Molto consistente e asciutta.","2a","0","PST","50",528498.9823,4566224.631,555
"1212","SC2","60.5","Argilla verde ricca di materiale carbonatico biancastro pulverulento e ghiaia calcarea media e fine. Molto consistente e asciutta.","2a","0","PST","50",528498.9823,4566224.631,555
"1213","SC2","60.55","Argilla verde ricca di materiale carbonatico biancastro pulverulento e ghiaia calcarea media e fine. Molto consistente e asciutta.","2a","0","PST","50",528498.9823,4566224.631,555
"1214","SC2","60.6","Argilla verde ricca di materiale carbonatico biancastro pulverulento e ghiaia calcarea media e fine. Molto consistente e asciutta.","2a","0","PST","50",528498.9823,4566224.631,555
"1215","SC2","60.65","Argilla verde ricca di materiale carbonatico biancastro pulverulento e ghiaia calcarea media e fine. Molto consistente e asciutta.","2a","0","PST","50",528498.9823,4566224.631,555
"1216","SC2","60.7","Argilla verde ricca di materiale carbonatico biancastro pulverulento e ghiaia calcarea media e fine. Molto consistente e asciutta.","2a","0","PST","50",528498.9823,4566224.631,555
"1217","SC2","60.75","Argilla verde ricca di materiale carbonatico biancastro pulverulento e ghiaia calcarea media e fine. Molto consistente e asciutta.","2a","0","PST","50",528498.9823,4566224.631,555
"1218","SC2","60.8","Argilla verde ricca di materiale carbonatico biancastro pulverulento e ghiaia calcarea media e fine. Molto consistente e asciutta.","2a","0","PST","50",528498.9823,4566224.631,555
"1219","SC2","60.85","Argilla verde ricca di materiale carbonatico biancastro pulverulento e ghiaia calcarea media e fine. Molto consistente e asciutta.","2a","0","PST","50",528498.9823,4566224.631,555
"1220","SC2","60.9","Argilla verde ricca di materiale carbonatico biancastro pulverulento e ghiaia calcarea media e fine. Molto consistente e asciutta.","2a","0","PST","50",528498.9823,4566224.631,555
"1221","SC2","60.95","Argilla verde ricca di materiale carbonatico biancastro pulverulento e ghiaia calcarea media e fine. Molto consistente e asciutta.","2a","0","PST","50",528498.9823,4566224.631,555
"1222","SC2","61","Argilla verde ricca di materiale carbonatico biancastro pulverulento e ghiaia calcarea media e fine. Molto consistente e asciutta.","2a","0","PST","50",528498.9823,4566224.631,555
"1223","SC2","61.05","Argilla verde ricca di materiale carbonatico biancastro pulverulento e ghiaia calcarea media e fine. Molto consistente e asciutta.","2a","0","PST","50",528498.9823,4566224.631,555
"1224","SC2","61.1","Argilla verde ricca di materiale carbonatico biancastro pulverulento e ghiaia calcarea media e fine. Molto consistente e asciutta.","2a","0","PST","50",528498.9823,4566224.631,555
"1225","SC2","61.15","Argilla verde ricca di materiale carbonatico biancastro pulverulento e ghiaia calcarea media e fine. Molto consistente e asciutta.","2a","0","PST","50",528498.9823,4566224.631,555
"1226","SC2","61.2","Argilla verde ricca di materiale carbonatico biancastro pulverulento e ghiaia calcarea media e fine. Molto consistente e asciutta.","2a","0","PST","50",528498.9823,4566224.631,555
"1227","SC2","61.25","Argilla verde ricca di materiale carbonatico biancastro pulverulento e ghiaia calcarea media e fine. Molto consistente e asciutta.","2a","0","PST","50",528498.9823,4566224.631,555
"1228","SC2","61.3","Argilla verde ricca di materiale carbonatico biancastro pulverulento e ghiaia calcarea media e fine. Molto consistente e asciutta.","2a","0","PST","50",528498.9823,4566224.631,555
"1229","SC2","61.35","Argilla verde ricca di materiale carbonatico biancastro pulverulento e ghiaia calcarea media e fine. Molto consistente e asciutta.","2a","0","PST","50",528498.9823,4566224.631,555
"1230","SC2","61.4","Argilla verde ricca di materiale carbonatico biancastro pulverulento e ghiaia calcarea media e fine. Molto consistente e asciutta.","2a","0","PST","50",528498.9823,4566224.631,555
"1231","SC2","61.45","Argilla verde ricca di materiale carbonatico biancastro pulverulento e ghiaia calcarea media e fine. Molto consistente e asciutta.","2a","0","PST","50",528498.9823,4566224.631,555
"1232","SC2","61.5","Argilla verde ricca di materiale carbonatico biancastro pulverulento e ghiaia calcarea media e fine. Molto consistente e asciutta.","2a","0","PST","50",528498.9823,4566224.631,555
"1233","SC2","61.55","Argilla verde ricca di materiale carbonatico biancastro pulverulento e ghiaia calcarea media e fine. Molto consistente e asciutta.","2a","0","PST","50",528498.9823,4566224.631,555
"1234","SC2","61.6","Argilla verde ricca di materiale carbonatico biancastro pulverulento e ghiaia calcarea media e fine. Molto consistente e asciutta.","2a","0","PST","50",528498.9823,4566224.631,555
"1235","SC2","61.65","Argilla verde ricca di materiale carbonatico biancastro pulverulento e ghiaia calcarea media e fine. Molto consistente e asciutta.","2a","0","PST","50",528498.9823,4566224.631,555
"1236","SC2","61.7","Argilla verde ricca di materiale carbonatico biancastro pulverulento e ghiaia calcarea media e fine. Molto consistente e asciutta.","2a","0","PST","50",528498.9823,4566224.631,555
"1237","SC2","61.75","Argilla verde ricca di materiale carbonatico biancastro pulverulento e ghiaia calcarea media e fine. Molto consistente e asciutta.","2a","0","PST","50",528498.9823,4566224.631,555
"1238","SC2","61.8","Argilla verde ricca di materiale carbonatico biancastro pulverulento e ghiaia calcarea media e fine. Molto consistente e asciutta.","2a","0","PST","50",528498.9823,4566224.631,555
"1239","SC2","61.85","Argilla verde ricca di materiale carbonatico biancastro pulverulento e ghiaia calcarea media e fine. Molto consistente e asciutta.","2a","0","PST","50",528498.9823,4566224.631,555
"1240","SC2","61.9","Argilla verde ricca di materiale carbonatico biancastro pulverulento e ghiaia calcarea media e fine. Molto consistente e asciutta.","2a","0","PST","50",528498.9823,4566224.631,555
"1241","SC2","61.95","Argilla verde ricca di materiale carbonatico biancastro pulverulento e ghiaia calcarea media e fine. Molto consistente e asciutta.","2a","0","PST","50",528498.9823,4566224.631,555
"1242","SC2","62","Argilla verde ricca di materiale carbonatico biancastro pulverulento e ghiaia calcarea media e fine. Molto consistente e asciutta.","2a","0","PST","50",528498.9823,4566224.631,555
"1243","SC2","62.05","Argilla verde ricca di materiale carbonatico biancastro pulverulento e ghiaia calcarea media e fine. Molto consistente e asciutta.","2a","0","PST","50",528498.9823,4566224.631,555
"1244","SC2","62.1","Argilla verde ricca di materiale carbonatico biancastro pulverulento e ghiaia calcarea media e fine. Molto consistente e asciutta.","2a","0","PST","50",528498.9823,4566224.631,555
"1245","SC2","62.15","Argilla verde ricca di materiale carbonatico biancastro pulverulento e ghiaia calcarea media e fine. Molto consistente e asciutta.","2a","0","PST","50",528498.9823,4566224.631,555
"1246","SC2","62.2","Argilla verde ricca di materiale carbonatico biancastro pulverulento e ghiaia calcarea media e fine. Molto consistente e asciutta.","2a","0","PST","50",528498.9823,4566224.631,555
"1247","SC2","62.25","Argilla verde ricca di materiale carbonatico biancastro pulverulento e ghiaia calcarea media e fine. Molto consistente e asciutta.","2a","0","PST","50",528498.9823,4566224.631,555
"1248","SC2","62.3","Argilla verde ricca di materiale carbonatico biancastro pulverulento e ghiaia calcarea media e fine. Molto consistente e asciutta.","2a","0","PST","50",528498.9823,4566224.631,555
"1249","SC2","62.35","Argilla verde ricca di materiale carbonatico biancastro pulverulento e ghiaia calcarea media e fine. Molto consistente e asciutta.","2a","0","PST","50",528498.9823,4566224.631,555
"1250","SC2","62.4","Argilla verde ricca di materiale carbonatico biancastro pulverulento e ghiaia calcarea media e fine. Molto consistente e asciutta.","2a","0","PST","50",528498.9823,4566224.631,555
"1251","SC2","62.45","Argilla verde ricca di materiale carbonatico biancastro pulverulento e ghiaia calcarea media e fine. Molto consistente e asciutta.","2a","0","PST","50",528498.9823,4566224.631,555
"1252","SC2","62.5","Argilla verde ricca di materiale carbonatico biancastro pulverulento e ghiaia calcarea media e fine. Molto consistente e asciutta.","2a","0","PST","50",528498.9823,4566224.631,555
"1253","SC2","62.55","Argilla verde ricca di materiale carbonatico biancastro pulverulento e ghiaia calcarea media e fine. Molto consistente e asciutta.","2a","0","PST","50",528498.9823,4566224.631,555
"1254","SC2","62.6","Argilla verde ricca di materiale carbonatico biancastro pulverulento e ghiaia calcarea media e fine. Molto consistente e asciutta.","2a","0","PST","50",528498.9823,4566224.631,555
"1255","SC2","62.65","Argilla verde ricca di materiale carbonatico biancastro pulverulento e ghiaia calcarea media e fine. Molto consistente e asciutta.","2a","0","PST","50",528498.9823,4566224.631,555
"1256","SC2","62.7","Argilla verde ricca di materiale carbonatico biancastro pulverulento e ghiaia calcarea media e fine. Molto consistente e asciutta.","2a","0","PST","50",528498.9823,4566224.631,555
"1257","SC2","62.75","Argilla verde ricca di materiale carbonatico biancastro pulverulento e ghiaia calcarea media e fine. Molto consistente e asciutta.","2a","0","PST","50",528498.9823,4566224.631,555
"1258","SC2","62.8","Argilla verde ricca di materiale carbonatico biancastro pulverulento e ghiaia calcarea media e fine. Molto consistente e asciutta.","2a","0","PST","50",528498.9823,4566224.631,555
"1259","SC2","62.85","Argilla verde ricca di materiale carbonatico biancastro pulverulento e ghiaia calcarea media e fine. Molto consistente e asciutta.","2a","0","PST","50",528498.9823,4566224.631,555
"1260","SC2","62.9","Argilla verde ricca di materiale carbonatico biancastro pulverulento e ghiaia calcarea media e fine. Molto consistente e asciutta.","2a","0","PST","50",528498.9823,4566224.631,555
"1261","SC2","62.95","Argilla verde ricca di materiale carbonatico biancastro pulverulento e ghiaia calcarea media e fine. Molto consistente e asciutta.","2a","0","PST","50",528498.9823,4566224.631,555
"1262","SC2","63","Argilla verde ricca di materiale carbonatico biancastro pulverulento e ghiaia calcarea media e fine. Molto consistente e asciutta.","2a","0","PST","50",528498.9823,4566224.631,555
"1263","SC2","63.05","Argilla verde ricca di materiale carbonatico biancastro pulverulento e ghiaia calcarea media e fine. Molto consistente e asciutta.","2a","0","PST","50",528498.9823,4566224.631,555
"1264","SC2","63.1","Argilla verde ricca di materiale carbonatico biancastro pulverulento e ghiaia calcarea media e fine. Molto consistente e asciutta.","2a","0","PST","50",528498.9823,4566224.631,555
"1265","SC2","63.15","Argilla verde ricca di materiale carbonatico biancastro pulverulento e ghiaia calcarea media e fine. Molto consistente e asciutta.","2a","0","PST","50",528498.9823,4566224.631,555
"1266","SC2","63.2","Argilla verde ricca di materiale carbonatico biancastro pulverulento e ghiaia calcarea media e fine. Molto consistente e asciutta.","2a","0","PST","50",528498.9823,4566224.631,555
"1267","SC2","63.25","Argilla verde ricca di materiale carbonatico biancastro pulverulento e ghiaia calcarea media e fine. Molto consistente e asciutta.","2a","0","PST","50",528498.9823,4566224.631,555
"1268","SC2","63.3","Argilla verde ricca di materiale carbonatico biancastro pulverulento e ghiaia calcarea media e fine. Molto consistente e asciutta.","2a","0","PST","50",528498.9823,4566224.631,555
"1269","SC2","63.35","Argilla verde ricca di materiale carbonatico biancastro pulverulento e ghiaia calcarea media e fine. Molto consistente e asciutta.","2a","0","PST","50",528498.9823,4566224.631,555
"1270","SC2","63.4","Argilla verde ricca di materiale carbonatico biancastro pulverulento e ghiaia calcarea media e fine. Molto consistente e asciutta.","2a","0","PST","50",528498.9823,4566224.631,555
"1271","SC2","63.45","Argilla verde ricca di materiale carbonatico biancastro pulverulento e ghiaia calcarea media e fine. Molto consistente e asciutta.","2a","0","PST","50",528498.9823,4566224.631,555
"1272","SC2","63.5","Argilla verde ricca di materiale carbonatico biancastro pulverulento e ghiaia calcarea media e fine. Molto consistente e asciutta.","2a","0","PST","50",528498.9823,4566224.631,555
"1273","SC2","63.55","Argilla verde ricca di materiale carbonatico biancastro pulverulento e ghiaia calcarea media e fine. Molto consistente e asciutta.","2a","0","PST","50",528498.9823,4566224.631,555
"1274","SC2","63.6","Argilla verde ricca di materiale carbonatico biancastro pulverulento e ghiaia calcarea media e fine. Molto consistente e asciutta.","2a","0","PST","50",528498.9823,4566224.631,555
"1275","SC2","63.65","Argilla verde ricca di materiale carbonatico biancastro pulverulento e ghiaia calcarea media e fine. Molto consistente e asciutta.","2a","0","PST","50",528498.9823,4566224.631,555
"1276","SC2","63.7","Argilla verde ricca di materiale carbonatico biancastro pulverulento e ghiaia calcarea media e fine. Molto consistente e asciutta.","2a","0","PST","50",528498.9823,4566224.631,555
"1277","SC2","63.75","Argilla verde ricca di materiale carbonatico biancastro pulverulento e ghiaia calcarea media e fine. Molto consistente e asciutta.","2a","0","PST","50",528498.9823,4566224.631,555
"1278","SC2","63.8","Argilla verde ricca di materiale carbonatico biancastro pulverulento e ghiaia calcarea media e fine. Molto consistente e asciutta.","2a","0","PST","50",528498.9823,4566224.631,555
"1279","SC2","63.85","Argilla verde ricca di materiale carbonatico biancastro pulverulento e ghiaia calcarea media e fine. Molto consistente e asciutta.","2a","0","PST","50",528498.9823,4566224.631,555
"1280","SC2","63.9","Argilla verde ricca di materiale carbonatico biancastro pulverulento e ghiaia calcarea media e fine. Molto consistente e asciutta.","2a","0","PST","50",528498.9823,4566224.631,555
"1281","SC2","63.95","Argilla verde ricca di materiale carbonatico biancastro pulverulento e ghiaia calcarea media e fine. Molto consistente e asciutta.","2a","0","PST","50",528498.9823,4566224.631,555
"1282","SC2","64","Argilla verde ricca di materiale carbonatico biancastro pulverulento e ghiaia calcarea media e fine. Molto consistente e asciutta.","2a","0","PST","50",528498.9823,4566224.631,555
"1283","SC2","64.05","Argilla verde ricca di materiale carbonatico biancastro pulverulento e ghiaia calcarea media e fine. Molto consistente e asciutta.","2a","0","PST","50",528498.9823,4566224.631,555
"1284","SC2","64.1","Argilla verde ricca di materiale carbonatico biancastro pulverulento e ghiaia calcarea media e fine. Molto consistente e asciutta.","2a","0","PST","50",528498.9823,4566224.631,555
"1285","SC2","64.15","Argilla verde ricca di materiale carbonatico biancastro pulverulento e ghiaia calcarea media e fine. Molto consistente e asciutta.","2a","0","PST","50",528498.9823,4566224.631,555
"1286","SC2","64.2","Argilla verde ricca di materiale carbonatico biancastro pulverulento e ghiaia calcarea media e fine. Molto consistente e asciutta.","2a","0","PST","50",528498.9823,4566224.631,555
"1287","SC2","64.25","Argilla verde ricca di materiale carbonatico biancastro pulverulento e ghiaia calcarea media e fine. Molto consistente e asciutta.","2a","0","PST","50",528498.9823,4566224.631,555
"1288","SC2","64.3","Argilla verde ricca di materiale carbonatico biancastro pulverulento e ghiaia calcarea media e fine. Molto consistente e asciutta.","2a","0","PST","50",528498.9823,4566224.631,555
"1289","SC2","64.35","Argilla verde ricca di materiale carbonatico biancastro pulverulento e ghiaia calcarea media e fine. Molto consistente e asciutta.","2a","0","PST","50",528498.9823,4566224.631,555
"1290","SC2","64.4","Argilla verde ricca di materiale carbonatico biancastro pulverulento e ghiaia calcarea media e fine. Molto consistente e asciutta.","2a","0","PST","50",528498.9823,4566224.631,555
"1291","SC2","64.45","Argilla verde ricca di materiale carbonatico biancastro pulverulento e ghiaia calcarea media e fine. Molto consistente e asciutta.","2a","0","PST","50",528498.9823,4566224.631,555
"1292","SC2","64.5","Argilla verde ricca di materiale carbonatico biancastro pulverulento e ghiaia calcarea media e fine. Molto consistente e asciutta.","2a","0","PST","50",528498.9823,4566224.631,555
"1293","SC2","64.55","Argilla verde ricca di materiale carbonatico biancastro pulverulento e ghiaia calcarea media e fine. Molto consistente e asciutta.","2a","0","PST","50",528498.9823,4566224.631,555
"1294","SC2","64.6","Argilla verde ricca di materiale carbonatico biancastro pulverulento e ghiaia calcarea media e fine. Molto consistente e asciutta.","2a","0","PST","50",528498.9823,4566224.631,555
"1295","SC2","64.65","Argilla verde ricca di materiale carbonatico biancastro pulverulento e ghiaia calcarea media e fine. Molto consistente e asciutta.","2a","0","PST","50",528498.9823,4566224.631,555
"1296","SC2","64.7","Argilla verde ricca di materiale carbonatico biancastro pulverulento e ghiaia calcarea media e fine. Molto consistente e asciutta.","2a","0","PST","50",528498.9823,4566224.631,555
"1297","SC2","64.75","Argilla verde ricca di materiale carbonatico biancastro pulverulento e ghiaia calcarea media e fine. Molto consistente e asciutta.","2a","0","PST","50",528498.9823,4566224.631,555
"1298","SC2","64.8","Argilla verde ricca di materiale carbonatico biancastro pulverulento e ghiaia calcarea media e fine. Molto consistente e asciutta.","2a","0","PST","50",528498.9823,4566224.631,555
"1299","SC2","64.85","Argilla verde ricca di materiale carbonatico biancastro pulverulento e ghiaia calcarea media e fine. Molto consistente e asciutta.","2a","0","PST","50",528498.9823,4566224.631,555
"1300","SC2","64.9","Argilla verde ricca di materiale carbonatico biancastro pulverulento e ghiaia calcarea media e fine. Molto consistente e asciutta.","2a","0","PST","50",528498.9823,4566224.631,555
"1301","SC2","64.95","Argilla verde ricca di materiale carbonatico biancastro pulverulento e ghiaia calcarea media e fine. Molto consistente e asciutta.","2a","0","PST","50",528498.9823,4566224.631,555
"1302","SC2","65","Argilla verde ricca di materiale carbonatico biancastro pulverulento e ghiaia calcarea media e fine. Molto consistente e asciutta.","2a","0","PST","50",528498.9823,4566224.631,555
"1303","SC2","65.05","Argilla verde ricca di materiale carbonatico biancastro pulverulento e ghiaia calcarea media e fine. Molto consistente e asciutta.","2a","0","PST","50",528498.9823,4566224.631,555
"1304","SC2","65.1","Argilla verde ricca di materiale carbonatico biancastro pulverulento e ghiaia calcarea media e fine. Molto consistente e asciutta.","2a","0","PST","50",528498.9823,4566224.631,555
"1305","SC2","65.15","Argilla verde ricca di materiale carbonatico biancastro pulverulento e ghiaia calcarea media e fine. Molto consistente e asciutta.","2a","0","PST","50",528498.9823,4566224.631,555
"1306","SC2","65.2","Argilla verde ricca di materiale carbonatico biancastro pulverulento e ghiaia calcarea media e fine. Molto consistente e asciutta.","2a","0","PST","50",528498.9823,4566224.631,555
"1307","SC2","65.25","Argilla verde ricca di materiale carbonatico biancastro pulverulento e ghiaia calcarea media e fine. Molto consistente e asciutta.","2a","0","PST","50",528498.9823,4566224.631,555
"1308","SC2","65.3","Argilla verde ricca di materiale carbonatico biancastro pulverulento e ghiaia calcarea media e fine. Molto consistente e asciutta.","2a","0","PST","50",528498.9823,4566224.631,555
"1309","SC2","65.35","Argilla verde ricca di materiale carbonatico biancastro pulverulento e ghiaia calcarea media e fine. Molto consistente e asciutta.","2a","0","PST","50",528498.9823,4566224.631,555
"1310","SC2","65.4","Argilla verde ricca di materiale carbonatico biancastro pulverulento e ghiaia calcarea media e fine. Molto consistente e asciutta.","2a","0","PST","50",528498.9823,4566224.631,555
"1311","SC2","65.45","Argilla verde ricca di materiale carbonatico biancastro pulverulento e ghiaia calcarea media e fine. Molto consistente e asciutta.","2a","0","PST","50",528498.9823,4566224.631,555
"1312","SC2","65.5","Argilla verde ricca di materiale carbonatico biancastro pulverulento e ghiaia calcarea media e fine. Molto consistente e asciutta.","2a","0","PST","50",528498.9823,4566224.631,555
"1313","SC2","65.55","Argilla verde ricca di materiale carbonatico biancastro pulverulento e ghiaia calcarea media e fine. Molto consistente e asciutta.","2a","0","PST","50",528498.9823,4566224.631,555
"1314","SC2","65.6","Argilla verde ricca di materiale carbonatico biancastro pulverulento e ghiaia calcarea media e fine. Molto consistente e asciutta.","2a","0","PST","50",528498.9823,4566224.631,555
"1315","SC2","65.65","Argilla verde ricca di materiale carbonatico biancastro pulverulento e ghiaia calcarea media e fine. Molto consistente e asciutta.","2a","0","PST","50",528498.9823,4566224.631,555
"1316","SC2","65.7","Argilla verde ricca di materiale carbonatico biancastro pulverulento e ghiaia calcarea media e fine. Molto consistente e asciutta.","2a","0","PST","50",528498.9823,4566224.631,555
"1317","SC2","65.75","Argilla verde ricca di materiale carbonatico biancastro pulverulento e ghiaia calcarea media e fine. Molto consistente e asciutta.","2a","0","PST","50",528498.9823,4566224.631,555
"1318","SC2","65.8","Argilla verde ricca di materiale carbonatico biancastro pulverulento e ghiaia calcarea media e fine. Molto consistente e asciutta.","2a","0","PST","50",528498.9823,4566224.631,555
"1319","SC2","65.85","Argilla verde ricca di materiale carbonatico biancastro pulverulento e ghiaia calcarea media e fine. Molto consistente e asciutta.","2a","0","PST","50",528498.9823,4566224.631,555
"1320","SC2","65.9","Argilla verde ricca di materiale carbonatico biancastro pulverulento e ghiaia calcarea media e fine. Molto consistente e asciutta.","2a","0","PST","50",528498.9823,4566224.631,555
"1321","SC2","65.95","Argilla verde ricca di materiale carbonatico biancastro pulverulento e ghiaia calcarea media e fine. Molto consistente e asciutta.","2a","0","PST","50",528498.9823,4566224.631,555
"1322","SC2","66","Argilla verde ricca di materiale carbonatico biancastro pulverulento e ghiaia calcarea media e fine. Molto consistente e asciutta.","2a","0","PST","50",528498.9823,4566224.631,555
"1323","SC2","66.05","Argilla verde ricca di materiale carbonatico biancastro pulverulento e ghiaia calcarea media e fine. Molto consistente e asciutta.","2a","0","PST","50",528498.9823,4566224.631,555
"1324","SC2","66.1","Argilla verde ricca di materiale carbonatico biancastro pulverulento e ghiaia calcarea media e fine. Molto consistente e asciutta.","2a","0","PST","50",528498.9823,4566224.631,555
"1325","SC2","66.15","Argilla verde ricca di materiale carbonatico biancastro pulverulento e ghiaia calcarea media e fine. Molto consistente e asciutta.","2a","0","PST","50",528498.9823,4566224.631,555
"1326","SC2","66.2","Argilla verde ricca di materiale carbonatico biancastro pulverulento e ghiaia calcarea media e fine. Molto consistente e asciutta.","2a","0","PST","50",528498.9823,4566224.631,555
"1327","SC2","66.25","Argilla verde ricca di materiale carbonatico biancastro pulverulento e ghiaia calcarea media e fine. Molto consistente e asciutta.","2a","0","PST","50",528498.9823,4566224.631,555
"1328","SC2","66.3","Argilla verde ricca di materiale carbonatico biancastro pulverulento e ghiaia calcarea media e fine. Molto consistente e asciutta.","2a","0","PST","50",528498.9823,4566224.631,555
"1329","SC2","66.35","Argilla verde ricca di materiale carbonatico biancastro pulverulento e ghiaia calcarea media e fine. Molto consistente e asciutta.","2a","0","PST","50",528498.9823,4566224.631,555
"1330","SC2","66.4","Argilla verde ricca di materiale carbonatico biancastro pulverulento e ghiaia calcarea media e fine. Molto consistente e asciutta.","2a","0","PST","50",528498.9823,4566224.631,555
"1331","SC2","66.45","Argilla verde ricca di materiale carbonatico biancastro pulverulento e ghiaia calcarea media e fine. Molto consistente e asciutta.","2a","0","PST","50",528498.9823,4566224.631,555
"1332","SC2","66.5","Argilla verde ricca di materiale carbonatico biancastro pulverulento e ghiaia calcarea media e fine. Molto consistente e asciutta.","2a","0","PST","50",528498.9823,4566224.631,555
"1333","SC2","66.55","Argilla verde ricca di materiale carbonatico biancastro pulverulento e ghiaia calcarea media e fine. Molto consistente e asciutta.","2a","0","PST","50",528498.9823,4566224.631,555
"1334","SC2","66.6","Argilla verde ricca di materiale carbonatico biancastro pulverulento e ghiaia calcarea media e fine. Molto consistente e asciutta.","2a","0","PST","50",528498.9823,4566224.631,555
"1335","SC2","66.65","Argilla verde ricca di materiale carbonatico biancastro pulverulento e ghiaia calcarea media e fine. Molto consistente e asciutta.","2a","0","PST","50",528498.9823,4566224.631,555
"1336","SC2","66.7","Argilla verde ricca di materiale carbonatico biancastro pulverulento e ghiaia calcarea media e fine. Molto consistente e asciutta.","2a","0","PST","50",528498.9823,4566224.631,555
"1337","SC2","66.75","Argilla verde ricca di materiale carbonatico biancastro pulverulento e ghiaia calcarea media e fine. Molto consistente e asciutta.","2a","0","PST","50",528498.9823,4566224.631,555
"1338","SC2","66.8","Argilla verde ricca di materiale carbonatico biancastro pulverulento e ghiaia calcarea media e fine. Molto consistente e asciutta.","2a","0","PST","50",528498.9823,4566224.631,555
"1339","SC2","66.85","Argilla verde ricca di materiale carbonatico biancastro pulverulento e ghiaia calcarea media e fine. Molto consistente e asciutta.","2a","0","PST","50",528498.9823,4566224.631,555
"1340","SC2","66.9","Argilla verde ricca di materiale carbonatico biancastro pulverulento e ghiaia calcarea media e fine. Molto consistente e asciutta.","2a","0","PST","50",528498.9823,4566224.631,555
"1341","SC2","66.95","Argilla verde ricca di materiale carbonatico biancastro pulverulento e ghiaia calcarea media e fine. Molto consistente e asciutta.","2a","0","PST","50",528498.9823,4566224.631,555
"1342","SC2","67","Argilla verde ricca di materiale carbonatico biancastro pulverulento e ghiaia calcarea media e fine. Molto consistente e asciutta.","2a","0","PST","50",528498.9823,4566224.631,555
"1343","SC2","67.05","Argilla verde ricca di materiale carbonatico biancastro pulverulento e ghiaia calcarea media e fine. Molto consistente e asciutta.","2a","0","PST","50",528498.9823,4566224.631,555
"1344","SC2","67.1","Argilla verde ricca di materiale carbonatico biancastro pulverulento e ghiaia calcarea media e fine. Molto consistente e asciutta.","2a","0","PST","50",528498.9823,4566224.631,555
"1345","SC2","67.15","Argilla verde ricca di materiale carbonatico biancastro pulverulento e ghiaia calcarea media e fine. Molto consistente e asciutta.","2a","0","PST","50",528498.9823,4566224.631,555
"1346","SC2","67.2","Argilla verde ricca di materiale carbonatico biancastro pulverulento e ghiaia calcarea media e fine. Molto consistente e asciutta.","2a","0","PST","50",528498.9823,4566224.631,555
"1347","SC2","67.25","Argilla verde ricca di materiale carbonatico biancastro pulverulento e ghiaia calcarea media e fine. Molto consistente e asciutta.","2a","0","PST","50",528498.9823,4566224.631,555
"1348","SC2","67.3","Argilla verde ricca di materiale carbonatico biancastro pulverulento e ghiaia calcarea media e fine. Molto consistente e asciutta.","2a","0","PST","50",528498.9823,4566224.631,555
"1349","SC2","67.35","Argilla verde ricca di materiale carbonatico biancastro pulverulento e ghiaia calcarea media e fine. Molto consistente e asciutta.","2a","0","PST","50",528498.9823,4566224.631,555
"1350","SC2","67.4","Argilla verde ricca di materiale carbonatico biancastro pulverulento e ghiaia calcarea media e fine. Molto consistente e asciutta.","2a","0","PST","50",528498.9823,4566224.631,555
"1351","SC2","67.45","Argilla verde ricca di materiale carbonatico biancastro pulverulento e ghiaia calcarea media e fine. Molto consistente e asciutta.","2a","0","PST","50",528498.9823,4566224.631,555
"1352","SC2","67.5","Argilla verde ricca di materiale carbonatico biancastro pulverulento e ghiaia calcarea media e fine. Molto consistente e asciutta.","2a","0","PST","50",528498.9823,4566224.631,555
"1353","SC2","67.55","Argilla verde ricca di materiale carbonatico biancastro pulverulento e ghiaia calcarea media e fine. Molto consistente e asciutta.","2a","0","PST","50",528498.9823,4566224.631,555
"1354","SC2","67.6","Argilla verde ricca di materiale carbonatico biancastro pulverulento e ghiaia calcarea media e fine. Molto consistente e asciutta.","2a","0","PST","50",528498.9823,4566224.631,555
"1355","SC2","67.65","Argilla verde ricca di materiale carbonatico biancastro pulverulento e ghiaia calcarea media e fine. Molto consistente e asciutta.","2a","0","PST","50",528498.9823,4566224.631,555
"1356","SC2","67.7","Argilla verde ricca di materiale carbonatico biancastro pulverulento e ghiaia calcarea media e fine. Molto consistente e asciutta.","2a","0","PST","50",528498.9823,4566224.631,555
"1357","SC2","67.75","Argilla verde ricca di materiale carbonatico biancastro pulverulento e ghiaia calcarea media e fine. Molto consistente e asciutta.","2a","0","PST","50",528498.9823,4566224.631,555
"1358","SC2","67.8","Argilla verde ricca di materiale carbonatico biancastro pulverulento e ghiaia calcarea media e fine. Molto consistente e asciutta.","2a","0","PST","50",528498.9823,4566224.631,555
"1359","SC2","67.85","Argilla verde ricca di materiale carbonatico biancastro pulverulento e ghiaia calcarea media e fine. Molto consistente e asciutta.","2a","0","PST","50",528498.9823,4566224.631,555
"1360","SC2","67.9","Argilla verde ricca di materiale carbonatico biancastro pulverulento e ghiaia calcarea media e fine. Molto consistente e asciutta.","2a","0","PST","50",528498.9823,4566224.631,555
"1361","SC2","67.95","Argilla verde ricca di materiale carbonatico biancastro pulverulento e ghiaia calcarea media e fine. Molto consistente e asciutta.","2a","0","PST","50",528498.9823,4566224.631,555
"1362","SC2","68","Argilla verde ricca di materiale carbonatico biancastro pulverulento e ghiaia calcarea media e fine. Molto consistente e asciutta.","2a","0","PST","50",528498.9823,4566224.631,555
"1363","SC2","68.05","Argilla verde ricca di materiale carbonatico biancastro pulverulento e ghiaia calcarea media e fine. Molto consistente e asciutta.","2a","0","PST","50",528498.9823,4566224.631,555
"1364","SC2","68.1","Argilla verde ricca di materiale carbonatico biancastro pulverulento e ghiaia calcarea media e fine. Molto consistente e asciutta.","2a","0","PST","50",528498.9823,4566224.631,555
"1365","SC2","68.15","Argilla verde ricca di materiale carbonatico biancastro pulverulento e ghiaia calcarea media e fine. Molto consistente e asciutta.","2a","0","PST","50",528498.9823,4566224.631,555
"1366","SC2","68.2","Argilla verde ricca di materiale carbonatico biancastro pulverulento e ghiaia calcarea media e fine. Molto consistente e asciutta.","2a","0","PST","50",528498.9823,4566224.631,555
"1367","SC2","68.25","Argilla verde ricca di materiale carbonatico biancastro pulverulento e ghiaia calcarea media e fine. Molto consistente e asciutta.","2a","0","PST","50",528498.9823,4566224.631,555
"1368","SC2","68.3","Argilla verde ricca di materiale carbonatico biancastro pulverulento e ghiaia calcarea media e fine. Molto consistente e asciutta.","2a","0","PST","50",528498.9823,4566224.631,555
"1369","SC2","68.35","Argilla verde ricca di materiale carbonatico biancastro pulverulento e ghiaia calcarea media e fine. Molto consistente e asciutta.","2a","0","PST","50",528498.9823,4566224.631,555
"1370","SC2","68.4","Argilla verde ricca di materiale carbonatico biancastro pulverulento e ghiaia calcarea media e fine. Molto consistente e asciutta.","2a","0","PST","50",528498.9823,4566224.631,555
"1371","SC2","68.45","Argilla verde ricca di materiale carbonatico biancastro pulverulento e ghiaia calcarea media e fine. Molto consistente e asciutta.","2a","0","PST","50",528498.9823,4566224.631,555
"1372","SC2","68.5","Argilla verde ricca di materiale carbonatico biancastro pulverulento e ghiaia calcarea media e fine. Molto consistente e asciutta.","2a","0","PST","50",528498.9823,4566224.631,555
"1373","SC2","68.55","Argilla verde ricca di materiale carbonatico biancastro pulverulento e ghiaia calcarea media e fine. Molto consistente e asciutta.","2a","0","PST","50",528498.9823,4566224.631,555
"1374","SC2","68.6","Argilla verde ricca di materiale carbonatico biancastro pulverulento e ghiaia calcarea media e fine. Molto consistente e asciutta.","2a","0","PST","50",528498.9823,4566224.631,555
"1375","SC2","68.65","Argilla verde ricca di materiale carbonatico biancastro pulverulento e ghiaia calcarea media e fine. Molto consistente e asciutta.","2a","0","PST","50",528498.9823,4566224.631,555
"1376","SC2","68.7","Argilla verde ricca di materiale carbonatico biancastro pulverulento e ghiaia calcarea media e fine. Molto consistente e asciutta.","2a","0","PST","50",528498.9823,4566224.631,555
"1377","SC2","68.75","Argilla verde ricca di materiale carbonatico biancastro pulverulento e ghiaia calcarea media e fine. Molto consistente e asciutta.","2a","0","PST","50",528498.9823,4566224.631,555
"1378","SC2","68.8","Argilla verde ricca di materiale carbonatico biancastro pulverulento e ghiaia calcarea media e fine. Molto consistente e asciutta.","2a","0","PST","50",528498.9823,4566224.631,555
"1379","SC2","68.85","Argilla verde ricca di materiale carbonatico biancastro pulverulento e ghiaia calcarea media e fine. Molto consistente e asciutta.","2a","0","PST","50",528498.9823,4566224.631,555
"1380","SC2","68.9","Argilla verde ricca di materiale carbonatico biancastro pulverulento e ghiaia calcarea media e fine. Molto consistente e asciutta.","2a","0","PST","50",528498.9823,4566224.631,555
"1381","SC2","68.95","Argilla verde ricca di materiale carbonatico biancastro pulverulento e ghiaia calcarea media e fine. Molto consistente e asciutta.","2a","0","PST","50",528498.9823,4566224.631,555
"1382","SC2","69","Argilla verde ricca di materiale carbonatico biancastro pulverulento e ghiaia calcarea media e fine. Molto consistente e asciutta.","2a","0","PST","50",528498.9823,4566224.631,555
"1383","SC2","69.05","Argilla verde ricca di materiale carbonatico biancastro pulverulento e ghiaia calcarea media e fine. Molto consistente e asciutta.","2a","0","PST","50",528498.9823,4566224.631,555
"1384","SC2","69.1","Argilla verde ricca di materiale carbonatico biancastro pulverulento e ghiaia calcarea media e fine. Molto consistente e asciutta.","2a","0","PST","50",528498.9823,4566224.631,555
"1385","SC2","69.15","Argilla verde ricca di materiale carbonatico biancastro pulverulento e ghiaia calcarea media e fine. Molto consistente e asciutta.","2a","0","PST","50",528498.9823,4566224.631,555
"1386","SC2","69.2","Argilla verde ricca di materiale carbonatico biancastro pulverulento e ghiaia calcarea media e fine. Molto consistente e asciutta.","2a","0","PST","50",528498.9823,4566224.631,555
"1387","SC2","69.25","Argilla verde ricca di materiale carbonatico biancastro pulverulento e ghiaia calcarea media e fine. Molto consistente e asciutta.","2a","0","PST","50",528498.9823,4566224.631,555
"1388","SC2","69.3","Argilla verde ricca di materiale carbonatico biancastro pulverulento e ghiaia calcarea media e fine. Molto consistente e asciutta.","2a","0","PST","50",528498.9823,4566224.631,555
"1389","SC2","69.35","Argilla verde ricca di materiale carbonatico biancastro pulverulento e ghiaia calcarea media e fine. Molto consistente e asciutta.","2a","0","PST","50",528498.9823,4566224.631,555
"1390","SC2","69.4","Argilla verde ricca di materiale carbonatico biancastro pulverulento e ghiaia calcarea media e fine. Molto consistente e asciutta.","2a","0","PST","50",528498.9823,4566224.631,555
"1391","SC2","69.45","Argilla verde ricca di materiale carbonatico biancastro pulverulento e ghiaia calcarea media e fine. Molto consistente e asciutta.","2a","0","PST","50",528498.9823,4566224.631,555
"1392","SC2","69.5","Argilla verde ricca di materiale carbonatico biancastro pulverulento e ghiaia calcarea media e fine. Molto consistente e asciutta.","2a","0","PST","50",528498.9823,4566224.631,555
"1393","SC2","69.55","Argilla verde ricca di materiale carbonatico biancastro pulverulento e ghiaia calcarea media e fine. Molto consistente e asciutta.","2a","0","PST","50",528498.9823,4566224.631,555
"1394","SC2","69.6","Argilla verde ricca di materiale carbonatico biancastro pulverulento e ghiaia calcarea media e fine. Molto consistente e asciutta.","2a","0","PST","50",528498.9823,4566224.631,555
"1395","SC2","69.65","Argilla verde ricca di materiale carbonatico biancastro pulverulento e ghiaia calcarea media e fine. Molto consistente e asciutta.","2a","0","PST","50",528498.9823,4566224.631,555
"1396","SC2","69.7","Argilla verde ricca di materiale carbonatico biancastro pulverulento e ghiaia calcarea media e fine. Molto consistente e asciutta.","2a","0","PST","50",528498.9823,4566224.631,555
"1397","SC2","69.75","Argilla verde ricca di materiale carbonatico biancastro pulverulento e ghiaia calcarea media e fine. Molto consistente e asciutta.","2a","0","PST","50",528498.9823,4566224.631,555
"1398","SC2","69.8","Argilla verde ricca di materiale carbonatico biancastro pulverulento e ghiaia calcarea media e fine. Molto consistente e asciutta.","2a","0","PST","50",528498.9823,4566224.631,555
"1399","SC2","69.85","Argilla verde ricca di materiale carbonatico biancastro pulverulento e ghiaia calcarea media e fine. Molto consistente e asciutta.","2a","0","PST","50",528498.9823,4566224.631,555
"1400","SC2","69.9","Argilla verde ricca di materiale carbonatico biancastro pulverulento e ghiaia calcarea media e fine. Molto consistente e asciutta.","2a","0","PST","50",528498.9823,4566224.631,555
"1401","SC2","69.95","Argilla verde ricca di materiale carbonatico biancastro pulverulento e ghiaia calcarea media e fine. Molto consistente e asciutta.","2a","0","PST","50",528498.9823,4566224.631,555
"1402","SC2","70","Argilla verde ricca di materiale carbonatico biancastro pulverulento e ghiaia calcarea media e fine. Molto consistente e asciutta.","2a","0","PST","50",528498.9823,4566224.631,555
"1403","SC2","70.05","Argilla verde ricca di materiale carbonatico biancastro pulverulento e ghiaia calcarea media e fine. Molto consistente e asciutta.","2a","0","PST","50",528498.9823,4566224.631,555
"1404","SC2","70.1","Argilla verde ricca di materiale carbonatico biancastro pulverulento e ghiaia calcarea media e fine. Molto consistente e asciutta.","2a","0","PST","50",528498.9823,4566224.631,555
"1405","SC2","70.15","Argilla verde ricca di materiale carbonatico biancastro pulverulento e ghiaia calcarea media e fine. Molto consistente e asciutta.","2a","0","PST","50",528498.9823,4566224.631,555
"1406","SC2","70.2","Argilla verde ricca di materiale carbonatico biancastro pulverulento e ghiaia calcarea media e fine. Molto consistente e asciutta.","2a","0","PST","50",528498.9823,4566224.631,555
"1407","SC2","70.25","Argilla verde ricca di materiale carbonatico biancastro pulverulento e ghiaia calcarea media e fine. Molto consistente e asciutta.","2a","0","PST","50",528498.9823,4566224.631,555
"1408","SC2","70.3","Argilla verde ricca di materiale carbonatico biancastro pulverulento e ghiaia calcarea media e fine. Molto consistente e asciutta.","2a","0","PST","50",528498.9823,4566224.631,555
"1409","SC2","70.35","Argilla verde ricca di materiale carbonatico biancastro pulverulento e ghiaia calcarea media e fine. Molto consistente e asciutta.","2a","0","PST","50",528498.9823,4566224.631,555
"1410","SC2","70.4","Argilla verde ricca di materiale carbonatico biancastro pulverulento e ghiaia calcarea media e fine. Molto consistente e asciutta.","2a","0","PST","50",528498.9823,4566224.631,555
"1411","SC2","70.45","Argilla verde ricca di materiale carbonatico biancastro pulverulento e ghiaia calcarea media e fine. Molto consistente e asciutta.","2a","0","PST","50",528498.9823,4566224.631,555
"1412","SC2","70.5","Argilla verde ricca di materiale carbonatico biancastro pulverulento e ghiaia calcarea media e fine. Molto consistente e asciutta.","2a","0","PST","50",528498.9823,4566224.631,555
"1413","SC2","70.55","Argilla verde ricca di materiale carbonatico biancastro pulverulento e ghiaia calcarea media e fine. Molto consistente e asciutta.","2a","0","PST","50",528498.9823,4566224.631,555
"1414","SC2","70.6","Argilla verde ricca di materiale carbonatico biancastro pulverulento e ghiaia calcarea media e fine. Molto consistente e asciutta.","2a","0","PST","50",528498.9823,4566224.631,555
"1415","SC2","70.65","Argilla verde ricca di materiale carbonatico biancastro pulverulento e ghiaia calcarea media e fine. Molto consistente e asciutta.","2a","0","PST","50",528498.9823,4566224.631,555
"1416","SC2","70.7","Argilla verde ricca di materiale carbonatico biancastro pulverulento e ghiaia calcarea media e fine. Molto consistente e asciutta.","2a","0","PST","50",528498.9823,4566224.631,555
"1417","SC2","70.75","Argilla verde ricca di materiale carbonatico biancastro pulverulento e ghiaia calcarea media e fine. Molto consistente e asciutta.","2a","0","PST","50",528498.9823,4566224.631,555
"1418","SC2","70.8","Argilla verde ricca di materiale carbonatico biancastro pulverulento e ghiaia calcarea media e fine. Molto consistente e asciutta.","2a","0","PST","50",528498.9823,4566224.631,555
"1419","SC2","70.85","Argilla verde ricca di materiale carbonatico biancastro pulverulento e ghiaia calcarea media e fine. Molto consistente e asciutta.","2a","0","PST","50",528498.9823,4566224.631,555
"1420","SC2","70.9","Argilla verde ricca di materiale carbonatico biancastro pulverulento e ghiaia calcarea media e fine. Molto consistente e asciutta.","2a","0","PST","50",528498.9823,4566224.631,555
"1421","SC2","70.95","Argilla verde ricca di materiale carbonatico biancastro pulverulento e ghiaia calcarea media e fine. Molto consistente e asciutta.","2a","0","PST","50",528498.9823,4566224.631,555
"1422","SC2","71","Argilla verde ricca di materiale carbonatico biancastro pulverulento e ghiaia calcarea media e fine. Molto consistente e asciutta.","2a","0","PST","50",528498.9823,4566224.631,555
"1423","SC2","71.05","Argilla verde ricca di materiale carbonatico biancastro pulverulento e ghiaia calcarea media e fine. Molto consistente e asciutta.","2a","0","PST","50",528498.9823,4566224.631,555
"1424","SC2","71.1","Argilla verde ricca di materiale carbonatico biancastro pulverulento e ghiaia calcarea media e fine. Molto consistente e asciutta.","2a","0","PST","50",528498.9823,4566224.631,555
"1425","SC2","71.15","Argilla verde ricca di materiale carbonatico biancastro pulverulento e ghiaia calcarea media e fine. Molto consistente e asciutta.","2a","0","PST","50",528498.9823,4566224.631,555
"1426","SC2","71.2","Argilla verde ricca di materiale carbonatico biancastro pulverulento e ghiaia calcarea media e fine. Molto consistente e asciutta.","2a","0","PST","50",528498.9823,4566224.631,555
"1427","SC2","71.25","Argilla verde ricca di materiale carbonatico biancastro pulverulento e ghiaia calcarea media e fine. Molto consistente e asciutta.","2a","0","PST","50",528498.9823,4566224.631,555
"1428","SC2","71.3","Argilla verde ricca di materiale carbonatico biancastro pulverulento e ghiaia calcarea media e fine. Molto consistente e asciutta.","2a","0","PST","50",528498.9823,4566224.631,555
"1429","SC2","71.35","Argilla verde ricca di materiale carbonatico biancastro pulverulento e ghiaia calcarea media e fine. Molto consistente e asciutta.","2a","0","PST","50",528498.9823,4566224.631,555
"1430","SC2","71.4","Argilla verde ricca di materiale carbonatico biancastro pulverulento e ghiaia calcarea media e fine. Molto consistente e asciutta.","2a","0","PST","50",528498.9823,4566224.631,555
"1431","SC2","71.45","Argilla verde ricca di materiale carbonatico biancastro pulverulento e ghiaia calcarea media e fine. Molto consistente e asciutta.","2a","0","PST","50",528498.9823,4566224.631,555
"1432","SC2","71.5","Argilla verde ricca di materiale carbonatico biancastro pulverulento e ghiaia calcarea media e fine. Molto consistente e asciutta.","2a","0","PST","50",528498.9823,4566224.631,555
"1433","SC2","71.55","Argilla verde ricca di materiale carbonatico biancastro pulverulento e ghiaia calcarea media e fine. Molto consistente e asciutta.","2a","0","PST","50",528498.9823,4566224.631,555
"1434","SC2","71.6","Argilla verde ricca di materiale carbonatico biancastro pulverulento e ghiaia calcarea media e fine. Molto consistente e asciutta.","2a","0","PST","50",528498.9823,4566224.631,555
"1435","SC2","71.65","Argilla verde ricca di materiale carbonatico biancastro pulverulento e ghiaia calcarea media e fine. Molto consistente e asciutta.","2a","0","PST","50",528498.9823,4566224.631,555
"1436","SC2","71.7","Argilla verde ricca di materiale carbonatico biancastro pulverulento e ghiaia calcarea media e fine. Molto consistente e asciutta.","2a","0","PST","50",528498.9823,4566224.631,555
"1437","SC2","71.75","Argilla verde ricca di materiale carbonatico biancastro pulverulento e ghiaia calcarea media e fine. Molto consistente e asciutta.","2a","0","PST","50",528498.9823,4566224.631,555
"1438","SC2","71.8","Argilla verde ricca di materiale carbonatico biancastro pulverulento e ghiaia calcarea media e fine. Molto consistente e asciutta.","2a","0","PST","50",528498.9823,4566224.631,555
"1439","SC2","71.85","Argilla verde ricca di materiale carbonatico biancastro pulverulento e ghiaia calcarea media e fine. Molto consistente e asciutta.","2a","0","PST","50",528498.9823,4566224.631,555
"1440","SC2","71.9","Argilla verde ricca di materiale carbonatico biancastro pulverulento e ghiaia calcarea media e fine. Molto consistente e asciutta.","2a","0","PST","50",528498.9823,4566224.631,555
"1441","SC2","71.95","Argilla verde ricca di materiale carbonatico biancastro pulverulento e ghiaia calcarea media e fine. Molto consistente e asciutta.","2a","0","PST","50",528498.9823,4566224.631,555
"1442","SC2","72","Argilla verde ricca di materiale carbonatico biancastro pulverulento e ghiaia calcarea media e fine. Molto consistente e asciutta.","2a","0","PST","50",528498.9823,4566224.631,555
"1443","SC2","72.05","Argilla verde ricca di materiale carbonatico biancastro pulverulento e ghiaia calcarea media e fine. Molto consistente e asciutta.","2a","0","PST","50",528498.9823,4566224.631,555
"1444","SC2","72.1","Argilla verde ricca di materiale carbonatico biancastro pulverulento e ghiaia calcarea media e fine. Molto consistente e asciutta.","2a","0","PST","50",528498.9823,4566224.631,555
"1445","SC2","72.15","Argilla verde ricca di materiale carbonatico biancastro pulverulento e ghiaia calcarea media e fine. Molto consistente e asciutta.","2a","0","PST","50",528498.9823,4566224.631,555
"1446","SC2","72.2","Argilla verde ricca di materiale carbonatico biancastro pulverulento e ghiaia calcarea media e fine. Molto consistente e asciutta.","2a","0","PST","50",528498.9823,4566224.631,555
"1447","SC2","72.25","Argilla verde ricca di materiale carbonatico biancastro pulverulento e ghiaia calcarea media e fine. Molto consistente e asciutta.","2a","0","PST","50",528498.9823,4566224.631,555
"1448","SC2","72.3","Argilla verde ricca di materiale carbonatico biancastro pulverulento e ghiaia calcarea media e fine. Molto consistente e asciutta.","2a","0","PST","50",528498.9823,4566224.631,555
"1449","SC2","72.35","Argilla verde ricca di materiale carbonatico biancastro pulverulento e ghiaia calcarea media e fine. Molto consistente e asciutta.","2a","0","PST","50",528498.9823,4566224.631,555
"1450","SC2","72.4","Argilla verde ricca di materiale carbonatico biancastro pulverulento e ghiaia calcarea media e fine. Molto consistente e asciutta.","2a","0","PST","50",528498.9823,4566224.631,555
"1451","SC2","72.45","Argilla verde ricca di materiale carbonatico biancastro pulverulento e ghiaia calcarea media e fine. Molto consistente e asciutta.","2a","0","PST","50",528498.9823,4566224.631,555
"1452","SC2","72.5","Argilla verde ricca di materiale carbonatico biancastro pulverulento e ghiaia calcarea media e fine. Molto consistente e asciutta.","2a","0","PST","50",528498.9823,4566224.631,555
"1453","SC2","72.55","Argilla verde ricca di materiale carbonatico biancastro pulverulento e ghiaia calcarea media e fine. Molto consistente e asciutta.","2a","0","PST","50",528498.9823,4566224.631,555
"1454","SC2","72.6","Argilla verde ricca di materiale carbonatico biancastro pulverulento e ghiaia calcarea media e fine. Molto consistente e asciutta.","2a","0","PST","50",528498.9823,4566224.631,555
"1455","SC2","72.65","Argilla verde ricca di materiale carbonatico biancastro pulverulento e ghiaia calcarea media e fine. Molto consistente e asciutta.","2a","0","PST","50",528498.9823,4566224.631,555
"1456","SC2","72.7","Argilla verde ricca di materiale carbonatico biancastro pulverulento e ghiaia calcarea media e fine. Molto consistente e asciutta.","2a","0","PST","50",528498.9823,4566224.631,555
"1457","SC2","72.75","Argilla verde ricca di materiale carbonatico biancastro pulverulento e ghiaia calcarea media e fine. Molto consistente e asciutta.","2a","0","PST","50",528498.9823,4566224.631,555
"1458","SC2","72.8","Argilla verde ricca di materiale carbonatico biancastro pulverulento e ghiaia calcarea media e fine. Molto consistente e asciutta.","2a","0","PST","50",528498.9823,4566224.631,555
"1459","SC2","72.85","Argilla verde ricca di materiale carbonatico biancastro pulverulento e ghiaia calcarea media e fine. Molto consistente e asciutta.","2a","0","PST","50",528498.9823,4566224.631,555
"1460","SC2","72.9","Argilla verde ricca di materiale carbonatico biancastro pulverulento e ghiaia calcarea media e fine. Molto consistente e asciutta.","2a","0","PST","50",528498.9823,4566224.631,555
"1461","SC2","72.95","Argilla verde ricca di materiale carbonatico biancastro pulverulento e ghiaia calcarea media e fine. Molto consistente e asciutta.","2a","0","PST","50",528498.9823,4566224.631,555
"1462","SC2","73","Argilla verde ricca di materiale carbonatico biancastro pulverulento e ghiaia calcarea media e fine. Molto consistente e asciutta.","2a","0","PST","50",528498.9823,4566224.631,555
"1463","SC2","73.05","Argilla verde ricca di materiale carbonatico biancastro pulverulento e ghiaia calcarea media e fine. Molto consistente e asciutta.","2a","0","PST","50",528498.9823,4566224.631,555
"1464","SC2","73.1","Argilla verde ricca di materiale carbonatico biancastro pulverulento e ghiaia calcarea media e fine. Molto consistente e asciutta.","2a","0","PST","50",528498.9823,4566224.631,555
"1465","SC2","73.15","Argilla verde ricca di materiale carbonatico biancastro pulverulento e ghiaia calcarea media e fine. Molto consistente e asciutta.","2a","0","PST","50",528498.9823,4566224.631,555
"1466","SC2","73.2","Argilla verde ricca di materiale carbonatico biancastro pulverulento e ghiaia calcarea media e fine. Molto consistente e asciutta.","2a","0","PST","50",528498.9823,4566224.631,555
"1467","SC2","73.25","Argilla verde ricca di materiale carbonatico biancastro pulverulento e ghiaia calcarea media e fine. Molto consistente e asciutta.","2a","0","PST","50",528498.9823,4566224.631,555
"1468","SC2","73.3","Argilla verde ricca di materiale carbonatico biancastro pulverulento e ghiaia calcarea media e fine. Molto consistente e asciutta.","2a","0","PST","50",528498.9823,4566224.631,555
"1469","SC2","73.35","Argilla verde ricca di materiale carbonatico biancastro pulverulento e ghiaia calcarea media e fine. Molto consistente e asciutta.","2a","0","PST","50",528498.9823,4566224.631,555
"1470","SC2","73.4","Argilla verde ricca di materiale carbonatico biancastro pulverulento e ghiaia calcarea media e fine. Molto consistente e asciutta.","2a","0","PST","50",528498.9823,4566224.631,555
"1471","SC2","73.45","Argilla verde ricca di materiale carbonatico biancastro pulverulento e ghiaia calcarea media e fine. Molto consistente e asciutta.","2a","0","PST","50",528498.9823,4566224.631,555
"1472","SC2","73.5","Argilla verde ricca di materiale carbonatico biancastro pulverulento e ghiaia calcarea media e fine. Molto consistente e asciutta.","2a","0","PST","50",528498.9823,4566224.631,555
"1473","SC2","73.55","Argilla verde ricca di materiale carbonatico biancastro pulverulento e ghiaia calcarea media e fine. Molto consistente e asciutta.","2a","0","PST","50",528498.9823,4566224.631,555
"1474","SC2","73.6","Argilla verde ricca di materiale carbonatico biancastro pulverulento e ghiaia calcarea media e fine. Molto consistente e asciutta.","2a","0","PST","50",528498.9823,4566224.631,555
"1475","SC2","73.65","Argilla verde ricca di materiale carbonatico biancastro pulverulento e ghiaia calcarea media e fine. Molto consistente e asciutta.","2a","0","PST","50",528498.9823,4566224.631,555
"1476","SC2","73.7","Argilla verde ricca di materiale carbonatico biancastro pulverulento e ghiaia calcarea media e fine. Molto consistente e asciutta.","2a","0","PST","50",528498.9823,4566224.631,555
"1477","SC2","73.75","Argilla verde ricca di materiale carbonatico biancastro pulverulento e ghiaia calcarea media e fine. Molto consistente e asciutta.","2a","0","PST","50",528498.9823,4566224.631,555
"1478","SC2","73.8","Argilla verde ricca di materiale carbonatico biancastro pulverulento e ghiaia calcarea media e fine. Molto consistente e asciutta.","2a","0","PST","50",528498.9823,4566224.631,555
"1479","SC2","73.85","Argilla verde ricca di materiale carbonatico biancastro pulverulento e ghiaia calcarea media e fine. Molto consistente e asciutta.","2a","0","PST","50",528498.9823,4566224.631,555
"1480","SC2","73.9","Argilla verde ricca di materiale carbonatico biancastro pulverulento e ghiaia calcarea media e fine. Molto consistente e asciutta.","2a","0","PST","50",528498.9823,4566224.631,555
"1481","SC2","73.95","Argilla verde ricca di materiale carbonatico biancastro pulverulento e ghiaia calcarea media e fine. Molto consistente e asciutta.","2a","0","PST","50",528498.9823,4566224.631,555
"1482","SC2","74","Argilla verde ricca di materiale carbonatico biancastro pulverulento e ghiaia calcarea media e fine. Molto consistente e asciutta.","2a","0","PST","50",528498.9823,4566224.631,555
"1483","SC2","74.05","Argilla verde ricca di materiale carbonatico biancastro pulverulento e ghiaia calcarea media e fine. Molto consistente e asciutta.","2a","0","PST","50",528498.9823,4566224.631,555
"1484","SC2","74.1","Argilla verde ricca di materiale carbonatico biancastro pulverulento e ghiaia calcarea media e fine. Molto consistente e asciutta.","2a","0","PST","50",528498.9823,4566224.631,555
"1485","SC2","74.15","Argilla verde ricca di materiale carbonatico biancastro pulverulento e ghiaia calcarea media e fine. Molto consistente e asciutta.","2a","0","PST","50",528498.9823,4566224.631,555
"1486","SC2","74.2","Argilla verde ricca di materiale carbonatico biancastro pulverulento e ghiaia calcarea media e fine. Molto consistente e asciutta.","2a","0","PST","50",528498.9823,4566224.631,555
"1487","SC2","74.25","Argilla verde ricca di materiale carbonatico biancastro pulverulento e ghiaia calcarea media e fine. Molto consistente e asciutta.","2a","0","PST","50",528498.9823,4566224.631,555
"1488","SC2","74.3","Argilla verde ricca di materiale carbonatico biancastro pulverulento e ghiaia calcarea media e fine. Molto consistente e asciutta.","2a","0","PST","50",528498.9823,4566224.631,555
"1489","SC2","74.35","Argilla verde ricca di materiale carbonatico biancastro pulverulento e ghiaia calcarea media e fine. Molto consistente e asciutta.","2a","0","PST","50",528498.9823,4566224.631,555
"1490","SC2","74.4","Argilla verde ricca di materiale carbonatico biancastro pulverulento e ghiaia calcarea media e fine. Molto consistente e asciutta.","2a","0","PST","50",528498.9823,4566224.631,555
"1491","SC2","74.45","Argilla verde ricca di materiale carbonatico biancastro pulverulento e ghiaia calcarea media e fine. Molto consistente e asciutta.","2a","0","PST","50",528498.9823,4566224.631,555
"1492","SC2","74.5","Argilla verde ricca di materiale carbonatico biancastro pulverulento e ghiaia calcarea media e fine. Molto consistente e asciutta.","2a","0","PST","50",528498.9823,4566224.631,555
"1493","SC2","74.55","Argilla verde ricca di materiale carbonatico biancastro pulverulento e ghiaia calcarea media e fine. Molto consistente e asciutta.","2a","0","PST","50",528498.9823,4566224.631,555
"1494","SC2","74.6","Argilla verde ricca di materiale carbonatico biancastro pulverulento e ghiaia calcarea media e fine. Molto consistente e asciutta.","2a","0","PST","50",528498.9823,4566224.631,555
"1495","SC2","74.65","Argilla verde ricca di materiale carbonatico biancastro pulverulento e ghiaia calcarea media e fine. Molto consistente e asciutta.","2a","0","PST","50",528498.9823,4566224.631,555
"1496","SC2","74.7","Argilla verde ricca di materiale carbonatico biancastro pulverulento e ghiaia calcarea media e fine. Molto consistente e asciutta.","2a","0","PST","50",528498.9823,4566224.631,555
"1497","SC2","74.75","Argilla verde ricca di materiale carbonatico biancastro pulverulento e ghiaia calcarea media e fine. Molto consistente e asciutta.","2a","0","PST","50",528498.9823,4566224.631,555
"1498","SC2","74.8","Argilla verde ricca di materiale carbonatico biancastro pulverulento e ghiaia calcarea media e fine. Molto consistente e asciutta.","2a","0","PST","50",528498.9823,4566224.631,555
"1499","SC2","74.85","Argilla verde ricca di materiale carbonatico biancastro pulverulento e ghiaia calcarea media e fine. Molto consistente e asciutta.","2a","0","PST","50",528498.9823,4566224.631,555
"1500","SC2","74.9","Argilla verde ricca di materiale carbonatico biancastro pulverulento e ghiaia calcarea media e fine. Molto consistente e asciutta.","2a","0","PST","50",528498.9823,4566224.631,555
"1501","SC2","74.95","Argilla verde ricca di materiale carbonatico biancastro pulverulento e ghiaia calcarea media e fine. Molto consistente e asciutta.","2a","0","PST","50",528498.9823,4566224.631,555
"1502","SC2","75","Argilla verde ricca di materiale carbonatico biancastro pulverulento e ghiaia calcarea media e fine. Molto consistente e asciutta.","2a","0","PST","50",528498.9823,4566224.631,555
"1503","SC2","75.05","Argilla verde ricca di materiale carbonatico biancastro pulverulento e ghiaia calcarea media e fine. Molto consistente e asciutta.","2a","0","PST","50",528498.9823,4566224.631,555
"1504","SC2","75.1","Argilla verde ricca di materiale carbonatico biancastro pulverulento e ghiaia calcarea media e fine. Molto consistente e asciutta.","2a","0","PST","50",528498.9823,4566224.631,555
"1505","SC2","75.15","Argilla verde ricca di materiale carbonatico biancastro pulverulento e ghiaia calcarea media e fine. Molto consistente e asciutta.","2a","0","PST","50",528498.9823,4566224.631,555
"1506","SC2","75.2","Argilla verde ricca di materiale carbonatico biancastro pulverulento e ghiaia calcarea media e fine. Molto consistente e asciutta.","2a","0","PST","50",528498.9823,4566224.631,555
"1507","SC2","75.25","Argilla verde ricca di materiale carbonatico biancastro pulverulento e ghiaia calcarea media e fine. Molto consistente e asciutta.","2a","0","PST","50",528498.9823,4566224.631,555
"1508","SC2","75.3","Argilla verde ricca di materiale carbonatico biancastro pulverulento e ghiaia calcarea media e fine. Molto consistente e asciutta.","2a","0","PST","50",528498.9823,4566224.631,555
"1509","SC2","75.35","Argilla verde ricca di materiale carbonatico biancastro pulverulento e ghiaia calcarea media e fine. Molto consistente e asciutta.","2a","0","PST","50",528498.9823,4566224.631,555
"1510","SC2","75.4","Argilla verde ricca di materiale carbonatico biancastro pulverulento e ghiaia calcarea media e fine. Molto consistente e asciutta.","2a","0","PST","50",528498.9823,4566224.631,555
"1511","SC2","75.45","Argilla verde ricca di materiale carbonatico biancastro pulverulento e ghiaia calcarea media e fine. Molto consistente e asciutta.","2a","0","PST","50",528498.9823,4566224.631,555
"1512","SC2","75.5","Argilla verde ricca di materiale carbonatico biancastro pulverulento e ghiaia calcarea media e fine. Molto consistente e asciutta.","2a","0","PST","50",528498.9823,4566224.631,555
"1513","SC2","75.55","Argilla verde ricca di materiale carbonatico biancastro pulverulento e ghiaia calcarea media e fine. Molto consistente e asciutta.","2a","0","PST","50",528498.9823,4566224.631,555
"1514","SC2","75.6","Argilla verde ricca di materiale carbonatico biancastro pulverulento e ghiaia calcarea media e fine. Molto consistente e asciutta.","2a","0","PST","50",528498.9823,4566224.631,555
"1515","SC2","75.65","Argilla verde ricca di materiale carbonatico biancastro pulverulento e ghiaia calcarea media e fine. Molto consistente e asciutta.","2a","0","PST","50",528498.9823,4566224.631,555
"1516","SC2","75.7","Argilla verde ricca di materiale carbonatico biancastro pulverulento e ghiaia calcarea media e fine. Molto consistente e asciutta.","2a","0","PST","50",528498.9823,4566224.631,555
"1517","SC2","75.75","Argilla verde ricca di materiale carbonatico biancastro pulverulento e ghiaia calcarea media e fine. Molto consistente e asciutta.","2a","0","PST","50",528498.9823,4566224.631,555
"1518","SC2","75.8","Argilla verde ricca di materiale carbonatico biancastro pulverulento e ghiaia calcarea media e fine. Molto consistente e asciutta.","2a","0","PST","50",528498.9823,4566224.631,555
"1519","SC2","75.85","Argilla verde ricca di materiale carbonatico biancastro pulverulento e ghiaia calcarea media e fine. Molto consistente e asciutta.","2a","0","PST","50",528498.9823,4566224.631,555
"1520","SC2","75.9","Argilla verde ricca di materiale carbonatico biancastro pulverulento e ghiaia calcarea media e fine. Molto consistente e asciutta.","2a","0","PST","50",528498.9823,4566224.631,555
"1521","SC2","75.95","Argilla verde ricca di materiale carbonatico biancastro pulverulento e ghiaia calcarea media e fine. Molto consistente e asciutta.","2a","0","PST","50",528498.9823,4566224.631,555
"1522","SC2","76","Argilla verde ricca di materiale carbonatico biancastro pulverulento e ghiaia calcarea media e fine. Molto consistente e asciutta.","2a","0","PST","50",528498.9823,4566224.631,555
"1523","SC2","76.05","Argilla verde ricca di materiale carbonatico biancastro pulverulento e ghiaia calcarea media e fine. Molto consistente e asciutta.","2a","0","PST","50",528498.9823,4566224.631,555
"1524","SC2","76.1","Argilla verde ricca di materiale carbonatico biancastro pulverulento e ghiaia calcarea media e fine. Molto consistente e asciutta.","2a","0","PST","50",528498.9823,4566224.631,555
"1525","SC2","76.15","Argilla verde ricca di materiale carbonatico biancastro pulverulento e ghiaia calcarea media e fine. Molto consistente e asciutta.","2a","0","PST","50",528498.9823,4566224.631,555
"1526","SC2","76.2","Argilla verde ricca di materiale carbonatico biancastro pulverulento e ghiaia calcarea media e fine. Molto consistente e asciutta.","2a","0","PST","50",528498.9823,4566224.631,555
"1527","SC2","76.25","Argilla verde ricca di materiale carbonatico biancastro pulverulento e ghiaia calcarea media e fine. Molto consistente e asciutta.","2a","0","PST","50",528498.9823,4566224.631,555
"1528","SC2","76.3","Argilla verde ricca di materiale carbonatico biancastro pulverulento e ghiaia calcarea media e fine. Molto consistente e asciutta.","2a","0","PST","50",528498.9823,4566224.631,555
"1529","SC2","76.35","Argilla verde ricca di materiale carbonatico biancastro pulverulento e ghiaia calcarea media e fine. Molto consistente e asciutta.","2a","0","PST","50",528498.9823,4566224.631,555
"1530","SC2","76.4","Argilla verde ricca di materiale carbonatico biancastro pulverulento e ghiaia calcarea media e fine. Molto consistente e asciutta.","2a","0","PST","50",528498.9823,4566224.631,555
"1531","SC2","76.45","Argilla verde ricca di materiale carbonatico biancastro pulverulento e ghiaia calcarea media e fine. Molto consistente e asciutta.","2a","0","PST","50",528498.9823,4566224.631,555
"1532","SC2","76.5","Argilla verde ricca di materiale carbonatico biancastro pulverulento e ghiaia calcarea media e fine. Molto consistente e asciutta.","2a","0","PST","50",528498.9823,4566224.631,555
"1533","SC2","76.55","Argilla verde ricca di materiale carbonatico biancastro pulverulento e ghiaia calcarea media e fine. Molto consistente e asciutta.","2a","0","PST","50",528498.9823,4566224.631,555
"1534","SC2","76.6","Argilla verde ricca di materiale carbonatico biancastro pulverulento e ghiaia calcarea media e fine. Molto consistente e asciutta.","2a","0","PST","50",528498.9823,4566224.631,555
"1535","SC2","76.65","Argilla verde ricca di materiale carbonatico biancastro pulverulento e ghiaia calcarea media e fine. Molto consistente e asciutta.","2a","0","PST","50",528498.9823,4566224.631,555
"1536","SC2","76.7","Argilla verde ricca di materiale carbonatico biancastro pulverulento e ghiaia calcarea media e fine. Molto consistente e asciutta.","2a","0","PST","50",528498.9823,4566224.631,555
