"","borehole","Depth","Description","Unit","Valid","campaign","DEPTH","x","y","z"
"1","T24","0","Terranera organica.","T","1","Botticelli","17.2",528496.5791,4566155.686,555
"2","T24","0.05","Terranera organica.","T","1","Botticelli","17.2",528496.5791,4566155.686,555
"3","T24","0.1","Terranera organica.","T","1","Botticelli","17.2",528496.5791,4566155.686,555
"4","T24","0.15","Terranera organica.","T","1","Botticelli","17.2",528496.5791,4566155.686,555
"5","T24","0.2","Terranera organica.","T","1","Botticelli","17.2",528496.5791,4566155.686,555
"6","T24","0.25","Terranera organica.","T","1","Botticelli","17.2",528496.5791,4566155.686,555
"7","T24","0.3","Terranera organica.","T","1","Botticelli","17.2",528496.5791,4566155.686,555
"8","T24","0.35","Terranera organica.","T","1","Botticelli","17.2",528496.5791,4566155.686,555
"9","T24","0.4","Terranera organica.","T","1","Botticelli","17.2",528496.5791,4566155.686,555
"10","T24","0.45","Terranera organica.","T","1","Botticelli","17.2",528496.5791,4566155.686,555
"11","T24","0.5","Terranera organica.","T","1","Botticelli","17.2",528496.5791,4566155.686,555
"12","T24","0.55","Terranera organica.","T","1","Botticelli","17.2",528496.5791,4566155.686,555
"13","T24","0.6","Terranera organica.","T","1","Botticelli","17.2",528496.5791,4566155.686,555
"14","T24","0.65","Terranera organica.","T","1","Botticelli","17.2",528496.5791,4566155.686,555
"15","T24","0.7","Terranera organica.","T","1","Botticelli","17.2",528496.5791,4566155.686,555
"16","T24","0.75","Terranera organica.","T","1","Botticelli","17.2",528496.5791,4566155.686,555
"17","T24","0.8","Terranera organica.","T","1","Botticelli","17.2",528496.5791,4566155.686,555
"18","T24","0.85","Terranera organica.","T","1","Botticelli","17.2",528496.5791,4566155.686,555
"19","T24","0.9","Terranera organica.","T","1","Botticelli","17.2",528496.5791,4566155.686,555
"20","T24","0.95","Terranera organica.","T","1","Botticelli","17.2",528496.5791,4566155.686,555
"21","T24","1","Terranera organica.","T","1","Botticelli","17.2",528496.5791,4566155.686,555
"22","T24","1.05","Terranera organica.","T","1","Botticelli","17.2",528496.5791,4566155.686,555
"23","T24","1.1","Terranera organica.","T","1","Botticelli","17.2",528496.5791,4566155.686,555
"24","T24","1.15","Terranera organica.","T","1","Botticelli","17.2",528496.5791,4566155.686,555
"25","T24","1.2","Terranera organica.","T","1","Botticelli","17.2",528496.5791,4566155.686,555
"26","T24","1.25","Terranera organica.","T","1","Botticelli","17.2",528496.5791,4566155.686,555
"27","T24","1.3","Terranera organica.","T","1","Botticelli","17.2",528496.5791,4566155.686,555
"28","T24","1.35","Terranera organica.","T","1","Botticelli","17.2",528496.5791,4566155.686,555
"29","T24","1.4","Terranera organica.","T","1","Botticelli","17.2",528496.5791,4566155.686,555
"30","T24","1.45","Terranera organica.","T","1","Botticelli","17.2",528496.5791,4566155.686,555
"31","T24","1.5","Terranera organica.","T","1","Botticelli","17.2",528496.5791,4566155.686,555
"32","T24","1.55","Limo argilloso organico.","4","1","Botticelli","17.2",528496.5791,4566155.686,555
"33","T24","1.6","Limo argilloso organico.","4","1","Botticelli","17.2",528496.5791,4566155.686,555
"34","T24","1.65","Limo argilloso organico.","4","1","Botticelli","17.2",528496.5791,4566155.686,555
"35","T24","1.7","Limo argilloso organico.","4","1","Botticelli","17.2",528496.5791,4566155.686,555
"36","T24","1.75","Limo argilloso organico.","4","1","Botticelli","17.2",528496.5791,4566155.686,555
"37","T24","1.8","Limo argilloso organico.","4","1","Botticelli","17.2",528496.5791,4566155.686,555
"38","T24","1.85","Limo argilloso organico.","4","1","Botticelli","17.2",528496.5791,4566155.686,555
"39","T24","1.9","Limo argilloso organico.","4","1","Botticelli","17.2",528496.5791,4566155.686,555
"40","T24","1.95","Limo argilloso organico.","4","1","Botticelli","17.2",528496.5791,4566155.686,555
"41","T24","2","Limo argilloso organico.","4","1","Botticelli","17.2",528496.5791,4566155.686,555
"42","T24","2.05","Limo argilloso organico.","4","1","Botticelli","17.2",528496.5791,4566155.686,555
"43","T24","2.1","Limo argilloso organico.","4","1","Botticelli","17.2",528496.5791,4566155.686,555
"44","T24","2.15","Limo argilloso organico.","4","1","Botticelli","17.2",528496.5791,4566155.686,555
"45","T24","2.2","Limo argilloso organico.","4","1","Botticelli","17.2",528496.5791,4566155.686,555
"46","T24","2.25","Limo argilloso organico.","4","1","Botticelli","17.2",528496.5791,4566155.686,555
"47","T24","2.3","Limo argilloso organico.","4","1","Botticelli","17.2",528496.5791,4566155.686,555
"48","T24","2.35","Limo argilloso organico.","4","1","Botticelli","17.2",528496.5791,4566155.686,555
"49","T24","2.4","Limo argilloso organico.","4","1","Botticelli","17.2",528496.5791,4566155.686,555
"50","T24","2.45","Limo argilloso organico.","4","1","Botticelli","17.2",528496.5791,4566155.686,555
"51","T24","2.5","Limo argilloso organico.","4","1","Botticelli","17.2",528496.5791,4566155.686,555
"52","T24","2.55","Limo argilloso organico.","4","1","Botticelli","17.2",528496.5791,4566155.686,555
"53","T24","2.6","Limo argilloso organico.","4","1","Botticelli","17.2",528496.5791,4566155.686,555
"54","T24","2.65","Limo argilloso organico.","4","1","Botticelli","17.2",528496.5791,4566155.686,555
"55","T24","2.7","Limo argilloso organico.","4","1","Botticelli","17.2",528496.5791,4566155.686,555
"56","T24","2.75","Limo argilloso organico.","4","1","Botticelli","17.2",528496.5791,4566155.686,555
"57","T24","2.8","Limo argilloso organico.","4","1","Botticelli","17.2",528496.5791,4566155.686,555
"58","T24","2.85","Limo argilloso organico.","4","1","Botticelli","17.2",528496.5791,4566155.686,555
"59","T24","2.9","Limo argilloso organico.","4","1","Botticelli","17.2",528496.5791,4566155.686,555
"60","T24","2.95","Limo argilloso organico.","4","1","Botticelli","17.2",528496.5791,4566155.686,555
"61","T24","3","Limo argilloso organico.","4","1","Botticelli","17.2",528496.5791,4566155.686,555
"62","T24","3.05","Limo argilloso organico.","4","1","Botticelli","17.2",528496.5791,4566155.686,555
"63","T24","3.1","Limo argilloso organico.","4","1","Botticelli","17.2",528496.5791,4566155.686,555
"64","T24","3.15","Limo argilloso organico.","4","1","Botticelli","17.2",528496.5791,4566155.686,555
"65","T24","3.2","Limo argilloso organico.","4","1","Botticelli","17.2",528496.5791,4566155.686,555
"66","T24","3.25","Limo argilloso organico.","4","1","Botticelli","17.2",528496.5791,4566155.686,555
"67","T24","3.3","Limo argilloso organico.","4","1","Botticelli","17.2",528496.5791,4566155.686,555
"68","T24","3.35","Limo argilloso organico.","4","1","Botticelli","17.2",528496.5791,4566155.686,555
"69","T24","3.4","Limo argilloso organico.","4","1","Botticelli","17.2",528496.5791,4566155.686,555
"70","T24","3.45","Limo argilloso organico.","4","1","Botticelli","17.2",528496.5791,4566155.686,555
"71","T24","3.5","Limo argilloso organico.","4","1","Botticelli","17.2",528496.5791,4566155.686,555
"72","T24","3.55","Limo argilloso organico.","4","1","Botticelli","17.2",528496.5791,4566155.686,555
"73","T24","3.6","Limo argilloso organico.","4","1","Botticelli","17.2",528496.5791,4566155.686,555
"74","T24","3.65","Limo argilloso organico.","4","1","Botticelli","17.2",528496.5791,4566155.686,555
"75","T24","3.7","Limo argilloso organico.","4","1","Botticelli","17.2",528496.5791,4566155.686,555
"76","T24","3.75","Limo argilloso organico.","4","1","Botticelli","17.2",528496.5791,4566155.686,555
"77","T24","3.8","Limo argilloso organico.","4","1","Botticelli","17.2",528496.5791,4566155.686,555
"78","T24","3.85","Limo argilloso sabbioso.","4","1","Botticelli","17.2",528496.5791,4566155.686,555
"79","T24","3.9","Limo argilloso sabbioso.","4","1","Botticelli","17.2",528496.5791,4566155.686,555
"80","T24","3.95","Limo argilloso sabbioso.","4","1","Botticelli","17.2",528496.5791,4566155.686,555
"81","T24","4","Limo argilloso sabbioso.","4","1","Botticelli","17.2",528496.5791,4566155.686,555
"82","T24","4.05","Limo argilloso sabbioso.","4","1","Botticelli","17.2",528496.5791,4566155.686,555
"83","T24","4.1","Limo argilloso sabbioso.","4","1","Botticelli","17.2",528496.5791,4566155.686,555
"84","T24","4.15","Limo argilloso sabbioso.","4","1","Botticelli","17.2",528496.5791,4566155.686,555
"85","T24","4.2","Limo argilloso sabbioso.","4","1","Botticelli","17.2",528496.5791,4566155.686,555
"86","T24","4.25","Limo argilloso sabbioso.","4","1","Botticelli","17.2",528496.5791,4566155.686,555
"87","T24","4.3","Limo argilloso sabbioso.","4","1","Botticelli","17.2",528496.5791,4566155.686,555
"88","T24","4.35","Limo argilloso sabbioso.","4","1","Botticelli","17.2",528496.5791,4566155.686,555
"89","T24","4.4","Limo argilloso sabbioso.","4","1","Botticelli","17.2",528496.5791,4566155.686,555
"90","T24","4.45","Limo argilloso sabbioso.","4","1","Botticelli","17.2",528496.5791,4566155.686,555
"91","T24","4.5","Limo argilloso sabbioso.","4","1","Botticelli","17.2",528496.5791,4566155.686,555
"92","T24","4.55","Limo argilloso sabbioso.","4","1","Botticelli","17.2",528496.5791,4566155.686,555
"93","T24","4.6","Limo argilloso sabbioso.","4","1","Botticelli","17.2",528496.5791,4566155.686,555
"94","T24","4.65","Limo argilloso sabbioso.","4","1","Botticelli","17.2",528496.5791,4566155.686,555
"95","T24","4.7","Limo argilloso sabbioso.","4","1","Botticelli","17.2",528496.5791,4566155.686,555
"96","T24","4.75","Limo argilloso sabbioso.","4","1","Botticelli","17.2",528496.5791,4566155.686,555
"97","T24","4.8","Limo argilloso sabbioso.","4","1","Botticelli","17.2",528496.5791,4566155.686,555
"98","T24","4.85","Limo argilloso sabbioso.","4","1","Botticelli","17.2",528496.5791,4566155.686,555
"99","T24","4.9","Limo argilloso sabbioso.","4","1","Botticelli","17.2",528496.5791,4566155.686,555
"100","T24","4.95","Limo argilloso sabbioso.","4","1","Botticelli","17.2",528496.5791,4566155.686,555
"101","T24","5","Limo argilloso sabbioso.","4","1","Botticelli","17.2",528496.5791,4566155.686,555
"102","T24","5.05","Limo argilloso sabbioso.","4","1","Botticelli","17.2",528496.5791,4566155.686,555
"103","T24","5.1","Limo argilloso sabbioso.","4","1","Botticelli","17.2",528496.5791,4566155.686,555
"104","T24","5.15","Limo argilloso sabbioso.","4","1","Botticelli","17.2",528496.5791,4566155.686,555
"105","T24","5.2","Limo argilloso sabbioso.","4","1","Botticelli","17.2",528496.5791,4566155.686,555
"106","T24","5.25","Limo argilloso organico.","4","1","Botticelli","17.2",528496.5791,4566155.686,555
"107","T24","5.3","Limo argilloso organico.","4","1","Botticelli","17.2",528496.5791,4566155.686,555
"108","T24","5.35","Limo argilloso organico.","4","1","Botticelli","17.2",528496.5791,4566155.686,555
"109","T24","5.4","Limo argilloso organico.","4","1","Botticelli","17.2",528496.5791,4566155.686,555
"110","T24","5.45","Limo argilloso organico.","4","1","Botticelli","17.2",528496.5791,4566155.686,555
"111","T24","5.5","Limo argilloso organico.","4","1","Botticelli","17.2",528496.5791,4566155.686,555
"112","T24","5.55","Limo argilloso organico.","4","1","Botticelli","17.2",528496.5791,4566155.686,555
"113","T24","5.6","Limo argilloso organico.","4","1","Botticelli","17.2",528496.5791,4566155.686,555
"114","T24","5.65","Limo argilloso organico.","4","1","Botticelli","17.2",528496.5791,4566155.686,555
"115","T24","5.7","Limo argilloso organico.","4","1","Botticelli","17.2",528496.5791,4566155.686,555
"116","T24","5.75","Limo argilloso organico.","4","1","Botticelli","17.2",528496.5791,4566155.686,555
"117","T24","5.8","Limo argilloso organico.","4","1","Botticelli","17.2",528496.5791,4566155.686,555
"118","T24","5.85","Limo argilloso organico.","4","1","Botticelli","17.2",528496.5791,4566155.686,555
"119","T24","5.9","Limo argilloso organico.","4","1","Botticelli","17.2",528496.5791,4566155.686,555
"120","T24","5.95","Limo argilloso organico.","4","1","Botticelli","17.2",528496.5791,4566155.686,555
"121","T24","6","Limo argilloso organico.","4","1","Botticelli","17.2",528496.5791,4566155.686,555
"122","T24","6.05","Limo argilloso organico.","4","1","Botticelli","17.2",528496.5791,4566155.686,555
"123","T24","6.1","Limo argilloso organico.","4","1","Botticelli","17.2",528496.5791,4566155.686,555
"124","T24","6.15","Limo argilloso organico.","4","1","Botticelli","17.2",528496.5791,4566155.686,555
"125","T24","6.2","Limo argilloso organico.","4","1","Botticelli","17.2",528496.5791,4566155.686,555
"126","T24","6.25","Limo argilloso organico.","4","1","Botticelli","17.2",528496.5791,4566155.686,555
"127","T24","6.3","Limo argilloso organico.","4","1","Botticelli","17.2",528496.5791,4566155.686,555
"128","T24","6.35","Limo argilloso organico.","4","1","Botticelli","17.2",528496.5791,4566155.686,555
"129","T24","6.4","Limo argilloso organico.","4","1","Botticelli","17.2",528496.5791,4566155.686,555
"130","T24","6.45","Limo argilloso organico.","4","1","Botticelli","17.2",528496.5791,4566155.686,555
"131","T24","6.5","Limo argilloso organico.","4","1","Botticelli","17.2",528496.5791,4566155.686,555
"132","T24","6.55","Limo argilloso organico.","4","1","Botticelli","17.2",528496.5791,4566155.686,555
"133","T24","6.6","Limo argilloso organico.","4","1","Botticelli","17.2",528496.5791,4566155.686,555
"134","T24","6.65","Limo argilloso organico.","4","1","Botticelli","17.2",528496.5791,4566155.686,555
"135","T24","6.7","Limo argilloso organico.","4","1","Botticelli","17.2",528496.5791,4566155.686,555
"136","T24","6.75","Limo argilloso organico.","4","1","Botticelli","17.2",528496.5791,4566155.686,555
"137","T24","6.8","Limo argilloso organico.","4","1","Botticelli","17.2",528496.5791,4566155.686,555
"138","T24","6.85","Limo argilloso organico.","4","1","Botticelli","17.2",528496.5791,4566155.686,555
"139","T24","6.9","Limo argilloso organico.","4","1","Botticelli","17.2",528496.5791,4566155.686,555
"140","T24","6.95","Limo argilloso organico.","4","1","Botticelli","17.2",528496.5791,4566155.686,555
"141","T24","7","Limo argilloso organico.","4","1","Botticelli","17.2",528496.5791,4566155.686,555
"142","T24","7.05","Limo argilloso organico.","4","1","Botticelli","17.2",528496.5791,4566155.686,555
"143","T24","7.1","Limo argilloso organico.","4","1","Botticelli","17.2",528496.5791,4566155.686,555
"144","T24","7.15","Limo argilloso organico.","4","1","Botticelli","17.2",528496.5791,4566155.686,555
"145","T24","7.2","Limo argilloso organico.","4","1","Botticelli","17.2",528496.5791,4566155.686,555
"146","T24","7.25","Limo argilloso organico.","4","1","Botticelli","17.2",528496.5791,4566155.686,555
"147","T24","7.3","Limo argilloso organico.","4","1","Botticelli","17.2",528496.5791,4566155.686,555
"148","T24","7.35","Limo argilloso organico.","4","1","Botticelli","17.2",528496.5791,4566155.686,555
"149","T24","7.4","Limo argilloso organico.","4","1","Botticelli","17.2",528496.5791,4566155.686,555
"150","T24","7.45","Limo argilloso organico.","4","1","Botticelli","17.2",528496.5791,4566155.686,555
"151","T24","7.5","Limo argilloso organico.","4","1","Botticelli","17.2",528496.5791,4566155.686,555
"152","T24","7.55","Limo argilloso organico.","4","1","Botticelli","17.2",528496.5791,4566155.686,555
"153","T24","7.6","Limo argilloso organico.","4","1","Botticelli","17.2",528496.5791,4566155.686,555
"154","T24","7.65","Limo argilloso organico.","4","1","Botticelli","17.2",528496.5791,4566155.686,555
"155","T24","7.7","Limo argilloso organico.","4","1","Botticelli","17.2",528496.5791,4566155.686,555
"156","T24","7.75","Limo argilloso organico.","4","1","Botticelli","17.2",528496.5791,4566155.686,555
"157","T24","7.8","Limo argilloso organico.","4","1","Botticelli","17.2",528496.5791,4566155.686,555
"158","T24","7.85","Limo argilloso organico.","4","1","Botticelli","17.2",528496.5791,4566155.686,555
"159","T24","7.9","Limo argilloso organico.","4","1","Botticelli","17.2",528496.5791,4566155.686,555
"160","T24","7.95","Limo argilloso organico.","4","1","Botticelli","17.2",528496.5791,4566155.686,555
"161","T24","8","Limo argilloso organico.","4","1","Botticelli","17.2",528496.5791,4566155.686,555
"162","T24","8.05","Limo argilloso organico.","4","1","Botticelli","17.2",528496.5791,4566155.686,555
"163","T24","8.1","Limo argilloso organico.","4","1","Botticelli","17.2",528496.5791,4566155.686,555
"164","T24","8.15","Limo argilloso organico.","4","1","Botticelli","17.2",528496.5791,4566155.686,555
"165","T24","8.2","Limo argilloso organico.","4","1","Botticelli","17.2",528496.5791,4566155.686,555
"166","T24","8.25","Limo argilloso organico.","4","1","Botticelli","17.2",528496.5791,4566155.686,555
"167","T24","8.3","Limo argilloso organico.","4","1","Botticelli","17.2",528496.5791,4566155.686,555
"168","T24","8.35","Limo argilloso organico.","4","1","Botticelli","17.2",528496.5791,4566155.686,555
"169","T24","8.4","Limo argilloso organico.","4","1","Botticelli","17.2",528496.5791,4566155.686,555
"170","T24","8.45","Limo argilloso organico.","4","1","Botticelli","17.2",528496.5791,4566155.686,555
"171","T24","8.5","Limo argilloso organico.","4","1","Botticelli","17.2",528496.5791,4566155.686,555
"172","T24","8.55","Limo argilloso organico.","4","1","Botticelli","17.2",528496.5791,4566155.686,555
"173","T24","8.6","Limo argilloso organico.","4","1","Botticelli","17.2",528496.5791,4566155.686,555
"174","T24","8.65","Limo argilloso organico.","4","1","Botticelli","17.2",528496.5791,4566155.686,555
"175","T24","8.7","Limo argilloso organico.","4","1","Botticelli","17.2",528496.5791,4566155.686,555
"176","T24","8.75","Limo argilloso organico.","4","1","Botticelli","17.2",528496.5791,4566155.686,555
"177","T24","8.8","Limo argilloso organico.","4","1","Botticelli","17.2",528496.5791,4566155.686,555
"178","T24","8.85","Limo argilloso organico.","4","1","Botticelli","17.2",528496.5791,4566155.686,555
"179","T24","8.9","Limo argilloso organico.","4","1","Botticelli","17.2",528496.5791,4566155.686,555
"180","T24","8.95","Limo argilloso organico.","4","1","Botticelli","17.2",528496.5791,4566155.686,555
"181","T24","9","Limo argilloso organico.","4","1","Botticelli","17.2",528496.5791,4566155.686,555
"182","T24","9.05","Limo argilloso organico.","4","1","Botticelli","17.2",528496.5791,4566155.686,555
"183","T24","9.1","Limo argilloso organico.","4","1","Botticelli","17.2",528496.5791,4566155.686,555
"184","T24","9.15","Limo argilloso organico.","4","1","Botticelli","17.2",528496.5791,4566155.686,555
"185","T24","9.2","Limo argilloso organico.","4","1","Botticelli","17.2",528496.5791,4566155.686,555
"186","T24","9.25","Limo argilloso organico.","4","1","Botticelli","17.2",528496.5791,4566155.686,555
"187","T24","9.3","Limo argilloso organico.","4","1","Botticelli","17.2",528496.5791,4566155.686,555
"188","T24","9.35","Limo argilloso organico.","4","1","Botticelli","17.2",528496.5791,4566155.686,555
"189","T24","9.4","Limo argilloso organico.","4","1","Botticelli","17.2",528496.5791,4566155.686,555
"190","T24","9.45","Limo argilloso organico.","4","1","Botticelli","17.2",528496.5791,4566155.686,555
"191","T24","9.5","Limo argilloso organico.","4","1","Botticelli","17.2",528496.5791,4566155.686,555
"192","T24","9.55","Limo argilloso organico.","4","1","Botticelli","17.2",528496.5791,4566155.686,555
"193","T24","9.6","Limo argilloso organico.","4","1","Botticelli","17.2",528496.5791,4566155.686,555
"194","T24","9.65","Limo argilloso organico.","4","1","Botticelli","17.2",528496.5791,4566155.686,555
"195","T24","9.7","Limo argilloso organico.","4","1","Botticelli","17.2",528496.5791,4566155.686,555
"196","T24","9.75","Limo argilloso organico.","4","1","Botticelli","17.2",528496.5791,4566155.686,555
"197","T24","9.8","Limo argilloso organico.","4","1","Botticelli","17.2",528496.5791,4566155.686,555
"198","T24","9.85","Limo argilloso organico.","4","1","Botticelli","17.2",528496.5791,4566155.686,555
"199","T24","9.9","Limo argilloso organico.","4","1","Botticelli","17.2",528496.5791,4566155.686,555
"200","T24","9.95","Limo argilloso organico.","4","1","Botticelli","17.2",528496.5791,4566155.686,555
"201","T24","10","Limo argilloso organico.","4","1","Botticelli","17.2",528496.5791,4566155.686,555
"202","T24","10.05","Limo argilloso organico.","4","1","Botticelli","17.2",528496.5791,4566155.686,555
"203","T24","10.1","Limo argilloso organico.","4","1","Botticelli","17.2",528496.5791,4566155.686,555
"204","T24","10.15","Limo argilloso organico.","4","1","Botticelli","17.2",528496.5791,4566155.686,555
"205","T24","10.2","Limo argilloso organico.","4","1","Botticelli","17.2",528496.5791,4566155.686,555
"206","T24","10.25","Limo argilloso organico.","4","1","Botticelli","17.2",528496.5791,4566155.686,555
"207","T24","10.3","Limo argilloso organico.","4","1","Botticelli","17.2",528496.5791,4566155.686,555
"208","T24","10.35","Limo argilloso organico.","4","1","Botticelli","17.2",528496.5791,4566155.686,555
"209","T24","10.4","Limo argilloso organico.","4","1","Botticelli","17.2",528496.5791,4566155.686,555
"210","T24","10.45","Limo argilloso organico.","4","1","Botticelli","17.2",528496.5791,4566155.686,555
"211","T24","10.5","Limo argilloso organico.","4","1","Botticelli","17.2",528496.5791,4566155.686,555
"212","T24","10.55","Limo argilloso organico.","4","1","Botticelli","17.2",528496.5791,4566155.686,555
"213","T24","10.6","Limo argilloso organico.","4","1","Botticelli","17.2",528496.5791,4566155.686,555
"214","T24","10.65","Limo argilloso organico.","4","1","Botticelli","17.2",528496.5791,4566155.686,555
"215","T24","10.7","Limo argilloso organico.","4","1","Botticelli","17.2",528496.5791,4566155.686,555
"216","T24","10.75","Limo argilloso organico.","4","1","Botticelli","17.2",528496.5791,4566155.686,555
"217","T24","10.8","Limo argilloso organico.","4","1","Botticelli","17.2",528496.5791,4566155.686,555
"218","T24","10.85","Limo argilloso organico.","4","1","Botticelli","17.2",528496.5791,4566155.686,555
"219","T24","10.9","Limo argilloso organico.","4","1","Botticelli","17.2",528496.5791,4566155.686,555
"220","T24","10.95","Limo argilloso organico.","4","1","Botticelli","17.2",528496.5791,4566155.686,555
"221","T24","11","Limo argilloso organico.","4","1","Botticelli","17.2",528496.5791,4566155.686,555
"222","T24","11.05","Limo argilloso torboso nerastro.","4","1","Botticelli","17.2",528496.5791,4566155.686,555
"223","T24","11.1","Limo argilloso torboso nerastro.","4","1","Botticelli","17.2",528496.5791,4566155.686,555
"224","T24","11.15","Limo argilloso torboso nerastro.","4","1","Botticelli","17.2",528496.5791,4566155.686,555
"225","T24","11.2","Limo argilloso torboso nerastro.","4","1","Botticelli","17.2",528496.5791,4566155.686,555
"226","T24","11.25","Limo argilloso torboso nerastro.","4","1","Botticelli","17.2",528496.5791,4566155.686,555
"227","T24","11.3","Limo argilloso torboso nerastro.","4","1","Botticelli","17.2",528496.5791,4566155.686,555
"228","T24","11.35","Limo argilloso torboso nerastro.","4","1","Botticelli","17.2",528496.5791,4566155.686,555
"229","T24","11.4","Limo argilloso torboso nerastro.","4","1","Botticelli","17.2",528496.5791,4566155.686,555
"230","T24","11.45","Limo argilloso torboso nerastro.","4","1","Botticelli","17.2",528496.5791,4566155.686,555
"231","T24","11.5","Limo argilloso torboso nerastro.","4","1","Botticelli","17.2",528496.5791,4566155.686,555
"232","T24","11.55","Limo argilloso torboso nerastro.","4","1","Botticelli","17.2",528496.5791,4566155.686,555
"233","T24","11.6","Limo argilloso torboso nerastro.","4","1","Botticelli","17.2",528496.5791,4566155.686,555
"234","T24","11.65","Limo argilloso torboso nerastro.","4","1","Botticelli","17.2",528496.5791,4566155.686,555
"235","T24","11.7","Limo argilloso torboso nerastro.","4","1","Botticelli","17.2",528496.5791,4566155.686,555
"236","T24","11.75","Limo argilloso torboso nerastro.","4","1","Botticelli","17.2",528496.5791,4566155.686,555
"237","T24","11.8","Limo argilloso torboso nerastro.","4","1","Botticelli","17.2",528496.5791,4566155.686,555
"238","T24","11.85","Limo argilloso torboso nerastro.","4","1","Botticelli","17.2",528496.5791,4566155.686,555
"239","T24","11.9","Limo argilloso torboso nerastro.","4","1","Botticelli","17.2",528496.5791,4566155.686,555
"240","T24","11.95","Limo argilloso torboso nerastro.","4","1","Botticelli","17.2",528496.5791,4566155.686,555
"241","T24","12","Limo argilloso torboso nerastro.","4","1","Botticelli","17.2",528496.5791,4566155.686,555
"242","T24","12.05","Limo argilloso torboso nerastro.","4","1","Botticelli","17.2",528496.5791,4566155.686,555
"243","T24","12.1","Limo argilloso torboso nerastro.","4","1","Botticelli","17.2",528496.5791,4566155.686,555
"244","T24","12.15","Limo argilloso torboso nerastro.","4","1","Botticelli","17.2",528496.5791,4566155.686,555
"245","T24","12.2","Limo argilloso torboso nerastro.","4","1","Botticelli","17.2",528496.5791,4566155.686,555
"246","T24","12.25","Limo argilloso torboso nerastro.","4","1","Botticelli","17.2",528496.5791,4566155.686,555
"247","T24","12.3","Limo argilloso torboso nerastro.","4","1","Botticelli","17.2",528496.5791,4566155.686,555
"248","T24","12.35","Limo argilloso torboso nerastro.","4","1","Botticelli","17.2",528496.5791,4566155.686,555
"249","T24","12.4","Limo argilloso torboso nerastro.","4","1","Botticelli","17.2",528496.5791,4566155.686,555
"250","T24","12.45","Limo argilloso torboso nerastro.","4","1","Botticelli","17.2",528496.5791,4566155.686,555
"251","T24","12.5","Limo argilloso torboso nerastro.","4","1","Botticelli","17.2",528496.5791,4566155.686,555
"252","T24","12.55","Limo argilloso torboso nerastro.","4","1","Botticelli","17.2",528496.5791,4566155.686,555
"253","T24","12.6","Limo argilloso torboso nerastro.","4","1","Botticelli","17.2",528496.5791,4566155.686,555
"254","T24","12.65","Limo argilloso torboso nerastro.","4","1","Botticelli","17.2",528496.5791,4566155.686,555
"255","T24","12.7","Limo argilloso torboso nerastro.","4","1","Botticelli","17.2",528496.5791,4566155.686,555
"256","T24","12.75","Limo argilloso torboso nerastro.","4","1","Botticelli","17.2",528496.5791,4566155.686,555
"257","T24","12.8","Limo argilloso torboso nerastro.","4","1","Botticelli","17.2",528496.5791,4566155.686,555
"258","T24","12.85","Limo argilloso torboso nerastro.","4","1","Botticelli","17.2",528496.5791,4566155.686,555
"259","T24","12.9","Limo argilloso torboso nerastro.","4","1","Botticelli","17.2",528496.5791,4566155.686,555
"260","T24","12.95","Limo argilloso torboso nerastro.","4","1","Botticelli","17.2",528496.5791,4566155.686,555
"261","T24","13","Limo argilloso torboso nerastro.","4","1","Botticelli","17.2",528496.5791,4566155.686,555
"262","T24","13.05","Limo argilloso torboso nerastro.","4","1","Botticelli","17.2",528496.5791,4566155.686,555
"263","T24","13.1","Limo argilloso torboso nerastro.","4","1","Botticelli","17.2",528496.5791,4566155.686,555
"264","T24","13.15","Limo argilloso torboso nerastro.","4","1","Botticelli","17.2",528496.5791,4566155.686,555
"265","T24","13.2","Limo argilloso torboso nerastro.","4","1","Botticelli","17.2",528496.5791,4566155.686,555
"266","T24","13.25","Limo argilloso torboso nerastro.","4","1","Botticelli","17.2",528496.5791,4566155.686,555
"267","T24","13.3","Limo argilloso torboso nerastro.","4","1","Botticelli","17.2",528496.5791,4566155.686,555
"268","T24","13.35","Limo argilloso torboso nerastro.","4","1","Botticelli","17.2",528496.5791,4566155.686,555
"269","T24","13.4","Limo argilloso torboso nerastro.","4","1","Botticelli","17.2",528496.5791,4566155.686,555
"270","T24","13.45","Limo argilloso torboso nerastro.","4","1","Botticelli","17.2",528496.5791,4566155.686,555
"271","T24","13.5","Limo argilloso torboso nerastro.","4","1","Botticelli","17.2",528496.5791,4566155.686,555
"272","T24","13.55","Limo argilloso torboso nerastro.","4","1","Botticelli","17.2",528496.5791,4566155.686,555
"273","T24","13.6","Limo argilloso torboso nerastro.","4","1","Botticelli","17.2",528496.5791,4566155.686,555
"274","T24","13.65","Limo argilloso torboso nerastro.","4","1","Botticelli","17.2",528496.5791,4566155.686,555
"275","T24","13.7","Limo argilloso torboso nerastro.","4","1","Botticelli","17.2",528496.5791,4566155.686,555
"276","T24","13.75","Limo argilloso torboso nerastro.","4","1","Botticelli","17.2",528496.5791,4566155.686,555
"277","T24","13.8","Limo argilloso torboso nerastro.","4","1","Botticelli","17.2",528496.5791,4566155.686,555
"278","T24","13.85","Limo argilloso torboso nerastro.","4","1","Botticelli","17.2",528496.5791,4566155.686,555
"279","T24","13.9","Limo argilloso torboso nerastro.","4","1","Botticelli","17.2",528496.5791,4566155.686,555
"280","T24","13.95","Limo argilloso torboso nerastro.","4","1","Botticelli","17.2",528496.5791,4566155.686,555
"281","T24","14","Limo argilloso torboso nerastro.","4","1","Botticelli","17.2",528496.5791,4566155.686,555
"282","T24","14.05","Limo argilloso torboso nerastro.","4","1","Botticelli","17.2",528496.5791,4566155.686,555
"283","T24","14.1","Limo argilloso torboso nerastro.","4","1","Botticelli","17.2",528496.5791,4566155.686,555
"284","T24","14.15","Limo argilloso torboso nerastro.","4","1","Botticelli","17.2",528496.5791,4566155.686,555
"285","T24","14.2","Limo argilloso torboso nerastro.","4","1","Botticelli","17.2",528496.5791,4566155.686,555
"286","T24","14.25","Limo argilloso torboso nerastro.","4","1","Botticelli","17.2",528496.5791,4566155.686,555
"287","T24","14.3","Limo argilloso torboso nerastro.","4","1","Botticelli","17.2",528496.5791,4566155.686,555
"288","T24","14.35","Limo argilloso torboso nerastro.","4","1","Botticelli","17.2",528496.5791,4566155.686,555
"289","T24","14.4","Limo argilloso torboso nerastro.","4","1","Botticelli","17.2",528496.5791,4566155.686,555
"290","T24","14.45","Limo argilloso torboso nerastro.","4","1","Botticelli","17.2",528496.5791,4566155.686,555
"291","T24","14.5","Limo argilloso torboso nerastro.","4","1","Botticelli","17.2",528496.5791,4566155.686,555
"292","T24","14.55","Limo argilloso torboso nerastro.","4","1","Botticelli","17.2",528496.5791,4566155.686,555
"293","T24","14.6","Limo argilloso torboso nerastro.","4","1","Botticelli","17.2",528496.5791,4566155.686,555
"294","T24","14.65","Limo argilloso torboso nerastro.","4","1","Botticelli","17.2",528496.5791,4566155.686,555
"295","T24","14.7","Limo argilloso torboso nerastro.","4","1","Botticelli","17.2",528496.5791,4566155.686,555
"296","T24","14.75","Limo argilloso torboso nerastro.","4","1","Botticelli","17.2",528496.5791,4566155.686,555
"297","T24","14.8","Limo argilloso torboso nerastro.","4","1","Botticelli","17.2",528496.5791,4566155.686,555
"298","T24","14.85","Limo argilloso torboso nerastro.","4","1","Botticelli","17.2",528496.5791,4566155.686,555
"299","T24","14.9","Limo argilloso torboso nerastro.","4","1","Botticelli","17.2",528496.5791,4566155.686,555
"300","T24","14.95","Limo argilloso torboso nerastro.","4","1","Botticelli","17.2",528496.5791,4566155.686,555
"301","T24","15","Limo argilloso torboso nerastro.","4","1","Botticelli","17.2",528496.5791,4566155.686,555
"302","T24","15.05","Limo argilloso torboso nerastro.","4","1","Botticelli","17.2",528496.5791,4566155.686,555
"303","T24","15.1","Limo argilloso torboso nerastro.","4","1","Botticelli","17.2",528496.5791,4566155.686,555
"304","T24","15.15","Limo argilloso torboso nerastro.","4","1","Botticelli","17.2",528496.5791,4566155.686,555
"305","T24","15.2","Limo argilloso torboso nerastro.","4","1","Botticelli","17.2",528496.5791,4566155.686,555
"306","T24","15.25","Limo argilloso torboso nerastro.","4","1","Botticelli","17.2",528496.5791,4566155.686,555
"307","T24","15.3","Limo argilloso torboso nerastro.","4","1","Botticelli","17.2",528496.5791,4566155.686,555
"308","T24","15.35","Limo argilloso torboso nerastro.","4","1","Botticelli","17.2",528496.5791,4566155.686,555
"309","T24","15.4","Limo argilloso torboso nerastro.","4","1","Botticelli","17.2",528496.5791,4566155.686,555
"310","T24","15.45","Limo argilloso torboso nerastro.","4","1","Botticelli","17.2",528496.5791,4566155.686,555
"311","T24","15.5","Limo argilloso torboso nerastro.","4","1","Botticelli","17.2",528496.5791,4566155.686,555
"312","T24","15.55","Limo argilloso torboso nerastro.","4","1","Botticelli","17.2",528496.5791,4566155.686,555
"313","T24","15.6","Limo argilloso torboso nerastro.","4","1","Botticelli","17.2",528496.5791,4566155.686,555
"314","T24","15.65","Limo argilloso torboso nerastro.","4","1","Botticelli","17.2",528496.5791,4566155.686,555
"315","T24","15.7","Limo argilloso torboso nerastro.","4","1","Botticelli","17.2",528496.5791,4566155.686,555
"316","T24","15.75","Limo argilloso torboso nerastro.","4","1","Botticelli","17.2",528496.5791,4566155.686,555
"317","T24","15.8","Limo argilloso torboso nerastro.","4","1","Botticelli","17.2",528496.5791,4566155.686,555
"318","T24","15.85","Limo argilloso torboso nerastro.","4","1","Botticelli","17.2",528496.5791,4566155.686,555
"319","T24","15.9","Limo argilloso torboso nerastro.","4","1","Botticelli","17.2",528496.5791,4566155.686,555
"320","T24","15.95","Limo argilloso torboso nerastro.","4","1","Botticelli","17.2",528496.5791,4566155.686,555
"321","T24","16","Limo argilloso torboso nerastro.","4","1","Botticelli","17.2",528496.5791,4566155.686,555
"322","T24","16.05","Limo argilloso torboso nerastro.","4","1","Botticelli","17.2",528496.5791,4566155.686,555
"323","T24","16.1","Limo argilloso torboso nerastro.","4","1","Botticelli","17.2",528496.5791,4566155.686,555
"324","T24","16.15","Limo argilloso torboso nerastro.","4","1","Botticelli","17.2",528496.5791,4566155.686,555
"325","T24","16.2","Limo argilloso torboso nerastro.","4","1","Botticelli","17.2",528496.5791,4566155.686,555
"326","T24","16.25","Limo argilloso torboso nerastro.","4","1","Botticelli","17.2",528496.5791,4566155.686,555
"327","T24","16.3","Limo argilloso torboso nerastro.","4","1","Botticelli","17.2",528496.5791,4566155.686,555
"328","T24","16.35","Limo argilloso torboso nerastro.","4","1","Botticelli","17.2",528496.5791,4566155.686,555
"329","T24","16.4","Limo argilloso torboso nerastro.","4","1","Botticelli","17.2",528496.5791,4566155.686,555
"330","T24","16.45","Limo argilloso torboso nerastro.","4","1","Botticelli","17.2",528496.5791,4566155.686,555
"331","T24","16.5","Limo argilloso torboso nerastro.","4","1","Botticelli","17.2",528496.5791,4566155.686,555
"332","T24","16.55","Limo argilloso torboso nerastro.","4","1","Botticelli","17.2",528496.5791,4566155.686,555
"333","T24","16.6","Limo argilloso torboso nerastro.","4","1","Botticelli","17.2",528496.5791,4566155.686,555
"334","T24","16.65","Limo argilloso torboso nerastro.","4","1","Botticelli","17.2",528496.5791,4566155.686,555
"335","T24","16.7","Limo argilloso torboso nerastro.","4","1","Botticelli","17.2",528496.5791,4566155.686,555
"336","T24","16.75","Limo argilloso torboso nerastro.","4","1","Botticelli","17.2",528496.5791,4566155.686,555
"337","T24","16.8","Limo argilloso torboso nerastro.","4","1","Botticelli","17.2",528496.5791,4566155.686,555
"338","T24","16.85","Limo argilloso torboso nerastro.","4","1","Botticelli","17.2",528496.5791,4566155.686,555
"339","T24","16.9","Limo argilloso torboso nerastro.","4","1","Botticelli","17.2",528496.5791,4566155.686,555
"340","T24","16.95","Limo argilloso torboso nerastro.","4","1","Botticelli","17.2",528496.5791,4566155.686,555
"341","T24","17","Limo argilloso torboso nerastro.","4","1","Botticelli","17.2",528496.5791,4566155.686,555
"342","T24","17.05","Limo argilloso torboso nerastro.","4","1","Botticelli","17.2",528496.5791,4566155.686,555
"343","T24","17.1","Limo argilloso torboso nerastro.","4","1","Botticelli","17.2",528496.5791,4566155.686,555
"344","T24","17.15","Limo argilloso torboso nerastro.","4","1","Botticelli","17.2",528496.5791,4566155.686,555
"345","T24","17.2","Limo argilloso torboso nerastro.","4","1","Botticelli","17.2",528496.5791,4566155.686,555
"346","T24","17.2","Limo argilloso torboso nerastro.","4","0","Botticelli","17.2",528496.5791,4566155.686,555
"347","T24","17.25","Limo argilloso torboso nerastro.","4","0","Botticelli","17.2",528496.5791,4566155.686,555
"348","T24","17.3","Limo argilloso torboso nerastro.","4","0","Botticelli","17.2",528496.5791,4566155.686,555
"349","T24","17.35","Limo argilloso torboso nerastro.","4","0","Botticelli","17.2",528496.5791,4566155.686,555
"350","T24","17.4","Limo argilloso torboso nerastro.","4","0","Botticelli","17.2",528496.5791,4566155.686,555
"351","T24","17.45","Limo argilloso torboso nerastro.","4","0","Botticelli","17.2",528496.5791,4566155.686,555
"352","T24","17.5","Limo argilloso torboso nerastro.","4","0","Botticelli","17.2",528496.5791,4566155.686,555
"353","T24","17.55","Limo argilloso torboso nerastro.","4","0","Botticelli","17.2",528496.5791,4566155.686,555
"354","T24","17.6","Limo argilloso torboso nerastro.","4","0","Botticelli","17.2",528496.5791,4566155.686,555
"355","T24","17.65","Limo argilloso torboso nerastro.","4","0","Botticelli","17.2",528496.5791,4566155.686,555
"356","T24","17.7","Limo argilloso torboso nerastro.","4","0","Botticelli","17.2",528496.5791,4566155.686,555
"357","T24","17.75","Limo argilloso torboso nerastro.","4","0","Botticelli","17.2",528496.5791,4566155.686,555
"358","T24","17.8","Limo argilloso torboso nerastro.","4","0","Botticelli","17.2",528496.5791,4566155.686,555
"359","T24","17.85","Limo argilloso torboso nerastro.","4","0","Botticelli","17.2",528496.5791,4566155.686,555
"360","T24","17.9","Limo argilloso torboso nerastro.","4","0","Botticelli","17.2",528496.5791,4566155.686,555
"361","T24","17.95","Limo argilloso torboso nerastro.","4","0","Botticelli","17.2",528496.5791,4566155.686,555
"362","T24","18","Limo argilloso torboso nerastro.","4","0","Botticelli","17.2",528496.5791,4566155.686,555
"363","T24","18.05","Limo argilloso torboso nerastro.","4","0","Botticelli","17.2",528496.5791,4566155.686,555
"364","T24","18.1","Limo argilloso torboso nerastro.","4","0","Botticelli","17.2",528496.5791,4566155.686,555
"365","T24","18.15","Limo argilloso torboso nerastro.","4","0","Botticelli","17.2",528496.5791,4566155.686,555
"366","T24","18.2","Limo argilloso torboso nerastro.","4","0","Botticelli","17.2",528496.5791,4566155.686,555
"367","T24","18.25","Limo argilloso torboso nerastro.","4","0","Botticelli","17.2",528496.5791,4566155.686,555
"368","T24","18.3","Limo argilloso torboso nerastro.","4","0","Botticelli","17.2",528496.5791,4566155.686,555
"369","T24","18.35","Limo argilloso torboso nerastro.","4","0","Botticelli","17.2",528496.5791,4566155.686,555
"370","T24","18.4","Limo argilloso torboso nerastro.","4","0","Botticelli","17.2",528496.5791,4566155.686,555
"371","T24","18.45","Limo argilloso torboso nerastro.","4","0","Botticelli","17.2",528496.5791,4566155.686,555
"372","T24","18.5","Limo argilloso torboso nerastro.","4","0","Botticelli","17.2",528496.5791,4566155.686,555
"373","T24","18.55","Limo argilloso torboso nerastro.","4","0","Botticelli","17.2",528496.5791,4566155.686,555
"374","T24","18.6","Limo argilloso torboso nerastro.","4","0","Botticelli","17.2",528496.5791,4566155.686,555
"375","T24","18.65","Limo argilloso torboso nerastro.","4","0","Botticelli","17.2",528496.5791,4566155.686,555
"376","T24","18.7","Limo argilloso torboso nerastro.","4","0","Botticelli","17.2",528496.5791,4566155.686,555
"377","T24","18.75","Limo argilloso torboso nerastro.","4","0","Botticelli","17.2",528496.5791,4566155.686,555
"378","T24","18.8","Limo argilloso torboso nerastro.","4","0","Botticelli","17.2",528496.5791,4566155.686,555
"379","T24","18.85","Limo argilloso torboso nerastro.","4","0","Botticelli","17.2",528496.5791,4566155.686,555
"380","T24","18.9","Limo argilloso torboso nerastro.","4","0","Botticelli","17.2",528496.5791,4566155.686,555
"381","T24","18.95","Limo argilloso torboso nerastro.","4","0","Botticelli","17.2",528496.5791,4566155.686,555
"382","T24","19","Limo argilloso torboso nerastro.","4","0","Botticelli","17.2",528496.5791,4566155.686,555
"383","T24","19.05","Limo argilloso torboso nerastro.","4","0","Botticelli","17.2",528496.5791,4566155.686,555
"384","T24","19.1","Limo argilloso torboso nerastro.","4","0","Botticelli","17.2",528496.5791,4566155.686,555
"385","T24","19.15","Limo argilloso torboso nerastro.","4","0","Botticelli","17.2",528496.5791,4566155.686,555
"386","T24","19.2","Limo argilloso torboso nerastro.","4","0","Botticelli","17.2",528496.5791,4566155.686,555
"387","T24","19.25","Limo argilloso torboso nerastro.","4","0","Botticelli","17.2",528496.5791,4566155.686,555
"388","T24","19.3","Limo argilloso torboso nerastro.","4","0","Botticelli","17.2",528496.5791,4566155.686,555
"389","T24","19.35","Limo argilloso torboso nerastro.","4","0","Botticelli","17.2",528496.5791,4566155.686,555
"390","T24","19.4","Limo argilloso torboso nerastro.","4","0","Botticelli","17.2",528496.5791,4566155.686,555
"391","T24","19.45","Limo argilloso torboso nerastro.","4","0","Botticelli","17.2",528496.5791,4566155.686,555
"392","T24","19.5","Limo argilloso torboso nerastro.","4","0","Botticelli","17.2",528496.5791,4566155.686,555
"393","T24","19.55","Limo argilloso torboso nerastro.","4","0","Botticelli","17.2",528496.5791,4566155.686,555
"394","T24","19.6","Limo argilloso torboso nerastro.","4","0","Botticelli","17.2",528496.5791,4566155.686,555
"395","T24","19.65","Limo argilloso torboso nerastro.","4","0","Botticelli","17.2",528496.5791,4566155.686,555
"396","T24","19.7","Limo argilloso torboso nerastro.","4","0","Botticelli","17.2",528496.5791,4566155.686,555
"397","T24","19.75","Limo argilloso torboso nerastro.","4","0","Botticelli","17.2",528496.5791,4566155.686,555
"398","T24","19.8","Limo argilloso torboso nerastro.","4","0","Botticelli","17.2",528496.5791,4566155.686,555
"399","T24","19.85","Limo argilloso torboso nerastro.","4","0","Botticelli","17.2",528496.5791,4566155.686,555
"400","T24","19.9","Limo argilloso torboso nerastro.","4","0","Botticelli","17.2",528496.5791,4566155.686,555
"401","T24","19.95","Limo argilloso torboso nerastro.","4","0","Botticelli","17.2",528496.5791,4566155.686,555
"402","T24","20","Limo argilloso torboso nerastro.","4","0","Botticelli","17.2",528496.5791,4566155.686,555
"403","T24","20.05","Limo argilloso torboso nerastro.","4","0","Botticelli","17.2",528496.5791,4566155.686,555
"404","T24","20.1","Limo argilloso torboso nerastro.","4","0","Botticelli","17.2",528496.5791,4566155.686,555
"405","T24","20.15","Limo argilloso torboso nerastro.","4","0","Botticelli","17.2",528496.5791,4566155.686,555
"406","T24","20.2","Limo argilloso torboso nerastro.","4","0","Botticelli","17.2",528496.5791,4566155.686,555
"407","T24","20.25","Limo argilloso torboso nerastro.","4","0","Botticelli","17.2",528496.5791,4566155.686,555
"408","T24","20.3","Limo argilloso torboso nerastro.","4","0","Botticelli","17.2",528496.5791,4566155.686,555
"409","T24","20.35","Limo argilloso torboso nerastro.","4","0","Botticelli","17.2",528496.5791,4566155.686,555
"410","T24","20.4","Limo argilloso torboso nerastro.","4","0","Botticelli","17.2",528496.5791,4566155.686,555
"411","T24","20.45","Limo argilloso torboso nerastro.","4","0","Botticelli","17.2",528496.5791,4566155.686,555
"412","T24","20.5","Limo argilloso torboso nerastro.","4","0","Botticelli","17.2",528496.5791,4566155.686,555
"413","T24","20.55","Limo argilloso torboso nerastro.","4","0","Botticelli","17.2",528496.5791,4566155.686,555
"414","T24","20.6","Limo argilloso torboso nerastro.","4","0","Botticelli","17.2",528496.5791,4566155.686,555
"415","T24","20.65","Limo argilloso torboso nerastro.","4","0","Botticelli","17.2",528496.5791,4566155.686,555
"416","T24","20.7","Limo argilloso torboso nerastro.","4","0","Botticelli","17.2",528496.5791,4566155.686,555
"417","T24","20.75","Limo argilloso torboso nerastro.","4","0","Botticelli","17.2",528496.5791,4566155.686,555
"418","T24","20.8","Limo argilloso torboso nerastro.","4","0","Botticelli","17.2",528496.5791,4566155.686,555
"419","T24","20.85","Limo argilloso torboso nerastro.","4","0","Botticelli","17.2",528496.5791,4566155.686,555
"420","T24","20.9","Limo argilloso torboso nerastro.","4","0","Botticelli","17.2",528496.5791,4566155.686,555
"421","T24","20.95","Limo argilloso torboso nerastro.","4","0","Botticelli","17.2",528496.5791,4566155.686,555
"422","T24","21","Limo argilloso torboso nerastro.","4","0","Botticelli","17.2",528496.5791,4566155.686,555
"423","T24","21.05","Limo argilloso torboso nerastro.","4","0","Botticelli","17.2",528496.5791,4566155.686,555
"424","T24","21.1","Limo argilloso torboso nerastro.","4","0","Botticelli","17.2",528496.5791,4566155.686,555
"425","T24","21.15","Limo argilloso torboso nerastro.","4","0","Botticelli","17.2",528496.5791,4566155.686,555
"426","T24","21.2","Limo argilloso torboso nerastro.","4","0","Botticelli","17.2",528496.5791,4566155.686,555
"427","T24","21.25","Limo argilloso torboso nerastro.","4","0","Botticelli","17.2",528496.5791,4566155.686,555
"428","T24","21.3","Limo argilloso torboso nerastro.","4","0","Botticelli","17.2",528496.5791,4566155.686,555
"429","T24","21.35","Limo argilloso torboso nerastro.","4","0","Botticelli","17.2",528496.5791,4566155.686,555
"430","T24","21.4","Limo argilloso torboso nerastro.","4","0","Botticelli","17.2",528496.5791,4566155.686,555
"431","T24","21.45","Limo argilloso torboso nerastro.","4","0","Botticelli","17.2",528496.5791,4566155.686,555
"432","T24","21.5","Limo argilloso torboso nerastro.","4","0","Botticelli","17.2",528496.5791,4566155.686,555
"433","T24","21.55","Limo argilloso torboso nerastro.","4","0","Botticelli","17.2",528496.5791,4566155.686,555
"434","T24","21.6","Limo argilloso torboso nerastro.","4","0","Botticelli","17.2",528496.5791,4566155.686,555
"435","T24","21.65","Limo argilloso torboso nerastro.","4","0","Botticelli","17.2",528496.5791,4566155.686,555
"436","T24","21.7","Limo argilloso torboso nerastro.","4","0","Botticelli","17.2",528496.5791,4566155.686,555
"437","T24","21.75","Limo argilloso torboso nerastro.","4","0","Botticelli","17.2",528496.5791,4566155.686,555
"438","T24","21.8","Limo argilloso torboso nerastro.","4","0","Botticelli","17.2",528496.5791,4566155.686,555
"439","T24","21.85","Limo argilloso torboso nerastro.","4","0","Botticelli","17.2",528496.5791,4566155.686,555
"440","T24","21.9","Limo argilloso torboso nerastro.","4","0","Botticelli","17.2",528496.5791,4566155.686,555
"441","T24","21.95","Limo argilloso torboso nerastro.","4","0","Botticelli","17.2",528496.5791,4566155.686,555
"442","T24","22","Limo argilloso torboso nerastro.","4","0","Botticelli","17.2",528496.5791,4566155.686,555
"443","T24","22.05","Limo argilloso torboso nerastro.","4","0","Botticelli","17.2",528496.5791,4566155.686,555
"444","T24","22.1","Limo argilloso torboso nerastro.","4","0","Botticelli","17.2",528496.5791,4566155.686,555
"445","T24","22.15","Limo argilloso torboso nerastro.","4","0","Botticelli","17.2",528496.5791,4566155.686,555
"446","T24","22.2","Limo argilloso torboso nerastro.","4","0","Botticelli","17.2",528496.5791,4566155.686,555
"447","T24","22.25","Limo argilloso torboso nerastro.","4","0","Botticelli","17.2",528496.5791,4566155.686,555
"448","T24","22.3","Limo argilloso torboso nerastro.","4","0","Botticelli","17.2",528496.5791,4566155.686,555
"449","T24","22.35","Limo argilloso torboso nerastro.","4","0","Botticelli","17.2",528496.5791,4566155.686,555
"450","T24","22.4","Limo argilloso torboso nerastro.","4","0","Botticelli","17.2",528496.5791,4566155.686,555
"451","T24","22.45","Limo argilloso torboso nerastro.","4","0","Botticelli","17.2",528496.5791,4566155.686,555
"452","T24","22.5","Limo argilloso torboso nerastro.","4","0","Botticelli","17.2",528496.5791,4566155.686,555
"453","T24","22.55","Limo argilloso torboso nerastro.","4","0","Botticelli","17.2",528496.5791,4566155.686,555
"454","T24","22.6","Limo argilloso torboso nerastro.","4","0","Botticelli","17.2",528496.5791,4566155.686,555
"455","T24","22.65","Limo argilloso torboso nerastro.","4","0","Botticelli","17.2",528496.5791,4566155.686,555
"456","T24","22.7","Limo argilloso torboso nerastro.","4","0","Botticelli","17.2",528496.5791,4566155.686,555
"457","T24","22.75","Limo argilloso torboso nerastro.","4","0","Botticelli","17.2",528496.5791,4566155.686,555
"458","T24","22.8","Limo argilloso torboso nerastro.","4","0","Botticelli","17.2",528496.5791,4566155.686,555
"459","T24","22.85","Limo argilloso torboso nerastro.","4","0","Botticelli","17.2",528496.5791,4566155.686,555
"460","T24","22.9","Limo argilloso torboso nerastro.","4","0","Botticelli","17.2",528496.5791,4566155.686,555
"461","T24","22.95","Limo argilloso torboso nerastro.","4","0","Botticelli","17.2",528496.5791,4566155.686,555
"462","T24","23","Limo argilloso torboso nerastro.","4","0","Botticelli","17.2",528496.5791,4566155.686,555
"463","T24","23.05","Limo argilloso torboso nerastro.","4","0","Botticelli","17.2",528496.5791,4566155.686,555
"464","T24","23.1","Limo argilloso torboso nerastro.","4","0","Botticelli","17.2",528496.5791,4566155.686,555
"465","T24","23.15","Limo argilloso torboso nerastro.","4","0","Botticelli","17.2",528496.5791,4566155.686,555
"466","T24","23.2","Limo argilloso torboso nerastro.","4","0","Botticelli","17.2",528496.5791,4566155.686,555
"467","T24","23.25","Limo argilloso torboso nerastro.","4","0","Botticelli","17.2",528496.5791,4566155.686,555
"468","T24","23.3","Limo argilloso torboso nerastro.","4","0","Botticelli","17.2",528496.5791,4566155.686,555
"469","T24","23.35","Limo argilloso torboso nerastro.","4","0","Botticelli","17.2",528496.5791,4566155.686,555
"470","T24","23.4","Limo argilloso torboso nerastro.","4","0","Botticelli","17.2",528496.5791,4566155.686,555
"471","T24","23.45","Limo argilloso torboso nerastro.","4","0","Botticelli","17.2",528496.5791,4566155.686,555
"472","T24","23.5","Limo argilloso torboso nerastro.","4","0","Botticelli","17.2",528496.5791,4566155.686,555
"473","T24","23.55","Limo argilloso torboso nerastro.","4","0","Botticelli","17.2",528496.5791,4566155.686,555
"474","T24","23.6","Limo argilloso torboso nerastro.","4","0","Botticelli","17.2",528496.5791,4566155.686,555
"475","T24","23.65","Limo argilloso torboso nerastro.","4","0","Botticelli","17.2",528496.5791,4566155.686,555
"476","T24","23.7","Limo argilloso torboso nerastro.","4","0","Botticelli","17.2",528496.5791,4566155.686,555
"477","T24","23.75","Limo argilloso torboso nerastro.","4","0","Botticelli","17.2",528496.5791,4566155.686,555
"478","T24","23.8","Limo argilloso torboso nerastro.","4","0","Botticelli","17.2",528496.5791,4566155.686,555
"479","T24","23.85","Limo argilloso torboso nerastro.","4","0","Botticelli","17.2",528496.5791,4566155.686,555
"480","T24","23.9","Limo argilloso torboso nerastro.","4","0","Botticelli","17.2",528496.5791,4566155.686,555
"481","T24","23.95","Limo argilloso torboso nerastro.","4","0","Botticelli","17.2",528496.5791,4566155.686,555
"482","T24","24","Limo argilloso torboso nerastro.","4","0","Botticelli","17.2",528496.5791,4566155.686,555
"483","T24","24.05","Limo argilloso torboso nerastro.","4","0","Botticelli","17.2",528496.5791,4566155.686,555
"484","T24","24.1","Limo argilloso torboso nerastro.","4","0","Botticelli","17.2",528496.5791,4566155.686,555
"485","T24","24.15","Limo argilloso torboso nerastro.","4","0","Botticelli","17.2",528496.5791,4566155.686,555
"486","T24","24.2","Limo argilloso torboso nerastro.","4","0","Botticelli","17.2",528496.5791,4566155.686,555
"487","T24","24.25","Limo argilloso torboso nerastro.","4","0","Botticelli","17.2",528496.5791,4566155.686,555
"488","T24","24.3","Limo argilloso torboso nerastro.","4","0","Botticelli","17.2",528496.5791,4566155.686,555
"489","T24","24.35","Limo argilloso torboso nerastro.","4","0","Botticelli","17.2",528496.5791,4566155.686,555
"490","T24","24.4","Limo argilloso torboso nerastro.","4","0","Botticelli","17.2",528496.5791,4566155.686,555
"491","T24","24.45","Limo argilloso torboso nerastro.","4","0","Botticelli","17.2",528496.5791,4566155.686,555
"492","T24","24.5","Limo argilloso torboso nerastro.","4","0","Botticelli","17.2",528496.5791,4566155.686,555
"493","T24","24.55","Limo argilloso torboso nerastro.","4","0","Botticelli","17.2",528496.5791,4566155.686,555
"494","T24","24.6","Limo argilloso torboso nerastro.","4","0","Botticelli","17.2",528496.5791,4566155.686,555
"495","T24","24.65","Limo argilloso torboso nerastro.","4","0","Botticelli","17.2",528496.5791,4566155.686,555
"496","T24","24.7","Limo argilloso torboso nerastro.","4","0","Botticelli","17.2",528496.5791,4566155.686,555
"497","T24","24.75","Limo argilloso torboso nerastro.","4","0","Botticelli","17.2",528496.5791,4566155.686,555
"498","T24","24.8","Limo argilloso torboso nerastro.","4","0","Botticelli","17.2",528496.5791,4566155.686,555
"499","T24","24.85","Limo argilloso torboso nerastro.","4","0","Botticelli","17.2",528496.5791,4566155.686,555
"500","T24","24.9","Limo argilloso torboso nerastro.","4","0","Botticelli","17.2",528496.5791,4566155.686,555
"501","T24","24.95","Limo argilloso torboso nerastro.","4","0","Botticelli","17.2",528496.5791,4566155.686,555
"502","T24","25","Limo argilloso torboso nerastro.","4","0","Botticelli","17.2",528496.5791,4566155.686,555
"503","T24","25.05","Limo argilloso torboso nerastro.","4","0","Botticelli","17.2",528496.5791,4566155.686,555
"504","T24","25.1","Limo argilloso torboso nerastro.","4","0","Botticelli","17.2",528496.5791,4566155.686,555
"505","T24","25.15","Limo argilloso torboso nerastro.","4","0","Botticelli","17.2",528496.5791,4566155.686,555
"506","T24","25.2","Limo argilloso torboso nerastro.","4","0","Botticelli","17.2",528496.5791,4566155.686,555
"507","T24","25.25","Limo argilloso torboso nerastro.","4","0","Botticelli","17.2",528496.5791,4566155.686,555
"508","T24","25.3","Limo argilloso torboso nerastro.","4","0","Botticelli","17.2",528496.5791,4566155.686,555
"509","T24","25.35","Limo argilloso torboso nerastro.","4","0","Botticelli","17.2",528496.5791,4566155.686,555
"510","T24","25.4","Limo argilloso torboso nerastro.","4","0","Botticelli","17.2",528496.5791,4566155.686,555
"511","T24","25.45","Limo argilloso torboso nerastro.","4","0","Botticelli","17.2",528496.5791,4566155.686,555
"512","T24","25.5","Limo argilloso torboso nerastro.","4","0","Botticelli","17.2",528496.5791,4566155.686,555
"513","T24","25.55","Limo argilloso torboso nerastro.","4","0","Botticelli","17.2",528496.5791,4566155.686,555
"514","T24","25.6","Limo argilloso torboso nerastro.","4","0","Botticelli","17.2",528496.5791,4566155.686,555
"515","T24","25.65","Limo argilloso torboso nerastro.","4","0","Botticelli","17.2",528496.5791,4566155.686,555
"516","T24","25.7","Limo argilloso torboso nerastro.","4","0","Botticelli","17.2",528496.5791,4566155.686,555
"517","T24","25.75","Limo argilloso torboso nerastro.","4","0","Botticelli","17.2",528496.5791,4566155.686,555
"518","T24","25.8","Limo argilloso torboso nerastro.","4","0","Botticelli","17.2",528496.5791,4566155.686,555
"519","T24","25.85","Limo argilloso torboso nerastro.","4","0","Botticelli","17.2",528496.5791,4566155.686,555
"520","T24","25.9","Limo argilloso torboso nerastro.","4","0","Botticelli","17.2",528496.5791,4566155.686,555
"521","T24","25.95","Limo argilloso torboso nerastro.","4","0","Botticelli","17.2",528496.5791,4566155.686,555
"522","T24","26","Limo argilloso torboso nerastro.","4","0","Botticelli","17.2",528496.5791,4566155.686,555
"523","T24","26.05","Limo argilloso torboso nerastro.","4","0","Botticelli","17.2",528496.5791,4566155.686,555
"524","T24","26.1","Limo argilloso torboso nerastro.","4","0","Botticelli","17.2",528496.5791,4566155.686,555
"525","T24","26.15","Limo argilloso torboso nerastro.","4","0","Botticelli","17.2",528496.5791,4566155.686,555
"526","T24","26.2","Limo argilloso torboso nerastro.","4","0","Botticelli","17.2",528496.5791,4566155.686,555
"527","T24","26.25","Limo argilloso torboso nerastro.","4","0","Botticelli","17.2",528496.5791,4566155.686,555
"528","T24","26.3","Limo argilloso torboso nerastro.","4","0","Botticelli","17.2",528496.5791,4566155.686,555
"529","T24","26.35","Limo argilloso torboso nerastro.","4","0","Botticelli","17.2",528496.5791,4566155.686,555
"530","T24","26.4","Limo argilloso torboso nerastro.","4","0","Botticelli","17.2",528496.5791,4566155.686,555
"531","T24","26.45","Limo argilloso torboso nerastro.","4","0","Botticelli","17.2",528496.5791,4566155.686,555
"532","T24","26.5","Limo argilloso torboso nerastro.","4","0","Botticelli","17.2",528496.5791,4566155.686,555
"533","T24","26.55","Limo argilloso torboso nerastro.","4","0","Botticelli","17.2",528496.5791,4566155.686,555
"534","T24","26.6","Limo argilloso torboso nerastro.","4","0","Botticelli","17.2",528496.5791,4566155.686,555
"535","T24","26.65","Limo argilloso torboso nerastro.","4","0","Botticelli","17.2",528496.5791,4566155.686,555
"536","T24","26.7","Limo argilloso torboso nerastro.","4","0","Botticelli","17.2",528496.5791,4566155.686,555
"537","T24","26.75","Limo argilloso torboso nerastro.","4","0","Botticelli","17.2",528496.5791,4566155.686,555
"538","T24","26.8","Limo argilloso torboso nerastro.","4","0","Botticelli","17.2",528496.5791,4566155.686,555
"539","T24","26.85","Limo argilloso torboso nerastro.","4","0","Botticelli","17.2",528496.5791,4566155.686,555
"540","T24","26.9","Limo argilloso torboso nerastro.","4","0","Botticelli","17.2",528496.5791,4566155.686,555
"541","T24","26.95","Limo argilloso torboso nerastro.","4","0","Botticelli","17.2",528496.5791,4566155.686,555
"542","T24","27","Limo argilloso torboso nerastro.","4","0","Botticelli","17.2",528496.5791,4566155.686,555
"543","T24","27.05","Limo argilloso torboso nerastro.","4","0","Botticelli","17.2",528496.5791,4566155.686,555
"544","T24","27.1","Limo argilloso torboso nerastro.","4","0","Botticelli","17.2",528496.5791,4566155.686,555
"545","T24","27.15","Limo argilloso torboso nerastro.","4","0","Botticelli","17.2",528496.5791,4566155.686,555
"546","T24","27.2","Limo argilloso torboso nerastro.","4","0","Botticelli","17.2",528496.5791,4566155.686,555
"547","T24","27.25","Limo argilloso torboso nerastro.","4","0","Botticelli","17.2",528496.5791,4566155.686,555
"548","T24","27.3","Limo argilloso torboso nerastro.","4","0","Botticelli","17.2",528496.5791,4566155.686,555
"549","T24","27.35","Limo argilloso torboso nerastro.","4","0","Botticelli","17.2",528496.5791,4566155.686,555
"550","T24","27.4","Limo argilloso torboso nerastro.","4","0","Botticelli","17.2",528496.5791,4566155.686,555
"551","T24","27.45","Limo argilloso torboso nerastro.","4","0","Botticelli","17.2",528496.5791,4566155.686,555
"552","T24","27.5","Limo argilloso torboso nerastro.","4","0","Botticelli","17.2",528496.5791,4566155.686,555
"553","T24","27.55","Limo argilloso torboso nerastro.","4","0","Botticelli","17.2",528496.5791,4566155.686,555
"554","T24","27.6","Limo argilloso torboso nerastro.","4","0","Botticelli","17.2",528496.5791,4566155.686,555
"555","T24","27.65","Limo argilloso torboso nerastro.","4","0","Botticelli","17.2",528496.5791,4566155.686,555
"556","T24","27.7","Limo argilloso torboso nerastro.","4","0","Botticelli","17.2",528496.5791,4566155.686,555
"557","T24","27.75","Limo argilloso torboso nerastro.","4","0","Botticelli","17.2",528496.5791,4566155.686,555
"558","T24","27.8","Limo argilloso torboso nerastro.","4","0","Botticelli","17.2",528496.5791,4566155.686,555
"559","T24","27.85","Limo argilloso torboso nerastro.","4","0","Botticelli","17.2",528496.5791,4566155.686,555
"560","T24","27.9","Limo argilloso torboso nerastro.","4","0","Botticelli","17.2",528496.5791,4566155.686,555
"561","T24","27.95","Limo argilloso torboso nerastro.","4","0","Botticelli","17.2",528496.5791,4566155.686,555
"562","T24","28","Limo argilloso torboso nerastro.","4","0","Botticelli","17.2",528496.5791,4566155.686,555
"563","T24","28.05","Limo argilloso torboso nerastro.","4","0","Botticelli","17.2",528496.5791,4566155.686,555
"564","T24","28.1","Limo argilloso torboso nerastro.","4","0","Botticelli","17.2",528496.5791,4566155.686,555
"565","T24","28.15","Limo argilloso torboso nerastro.","4","0","Botticelli","17.2",528496.5791,4566155.686,555
"566","T24","28.2","Limo argilloso torboso nerastro.","4","0","Botticelli","17.2",528496.5791,4566155.686,555
"567","T24","28.25","Limo argilloso torboso nerastro.","4","0","Botticelli","17.2",528496.5791,4566155.686,555
"568","T24","28.3","Limo argilloso torboso nerastro.","4","0","Botticelli","17.2",528496.5791,4566155.686,555
"569","T24","28.35","Limo argilloso torboso nerastro.","4","0","Botticelli","17.2",528496.5791,4566155.686,555
"570","T24","28.4","Limo argilloso torboso nerastro.","4","0","Botticelli","17.2",528496.5791,4566155.686,555
"571","T24","28.45","Limo argilloso torboso nerastro.","4","0","Botticelli","17.2",528496.5791,4566155.686,555
"572","T24","28.5","Limo argilloso torboso nerastro.","4","0","Botticelli","17.2",528496.5791,4566155.686,555
"573","T24","28.55","Limo argilloso torboso nerastro.","4","0","Botticelli","17.2",528496.5791,4566155.686,555
"574","T24","28.6","Limo argilloso torboso nerastro.","4","0","Botticelli","17.2",528496.5791,4566155.686,555
"575","T24","28.65","Limo argilloso torboso nerastro.","4","0","Botticelli","17.2",528496.5791,4566155.686,555
"576","T24","28.7","Limo argilloso torboso nerastro.","4","0","Botticelli","17.2",528496.5791,4566155.686,555
"577","T24","28.75","Limo argilloso torboso nerastro.","4","0","Botticelli","17.2",528496.5791,4566155.686,555
"578","T24","28.8","Limo argilloso torboso nerastro.","4","0","Botticelli","17.2",528496.5791,4566155.686,555
"579","T24","28.85","Limo argilloso torboso nerastro.","4","0","Botticelli","17.2",528496.5791,4566155.686,555
"580","T24","28.9","Limo argilloso torboso nerastro.","4","0","Botticelli","17.2",528496.5791,4566155.686,555
"581","T24","28.95","Limo argilloso torboso nerastro.","4","0","Botticelli","17.2",528496.5791,4566155.686,555
"582","T24","29","Limo argilloso torboso nerastro.","4","0","Botticelli","17.2",528496.5791,4566155.686,555
"583","T24","29.05","Limo argilloso torboso nerastro.","4","0","Botticelli","17.2",528496.5791,4566155.686,555
"584","T24","29.1","Limo argilloso torboso nerastro.","4","0","Botticelli","17.2",528496.5791,4566155.686,555
"585","T24","29.15","Limo argilloso torboso nerastro.","4","0","Botticelli","17.2",528496.5791,4566155.686,555
"586","T24","29.2","Limo argilloso torboso nerastro.","4","0","Botticelli","17.2",528496.5791,4566155.686,555
"587","T24","29.25","Limo argilloso torboso nerastro.","4","0","Botticelli","17.2",528496.5791,4566155.686,555
"588","T24","29.3","Limo argilloso torboso nerastro.","4","0","Botticelli","17.2",528496.5791,4566155.686,555
"589","T24","29.35","Limo argilloso torboso nerastro.","4","0","Botticelli","17.2",528496.5791,4566155.686,555
"590","T24","29.4","Limo argilloso torboso nerastro.","4","0","Botticelli","17.2",528496.5791,4566155.686,555
"591","T24","29.45","Limo argilloso torboso nerastro.","4","0","Botticelli","17.2",528496.5791,4566155.686,555
"592","T24","29.5","Limo argilloso torboso nerastro.","4","0","Botticelli","17.2",528496.5791,4566155.686,555
"593","T24","29.55","Limo argilloso torboso nerastro.","4","0","Botticelli","17.2",528496.5791,4566155.686,555
"594","T24","29.6","Limo argilloso torboso nerastro.","4","0","Botticelli","17.2",528496.5791,4566155.686,555
"595","T24","29.65","Limo argilloso torboso nerastro.","4","0","Botticelli","17.2",528496.5791,4566155.686,555
"596","T24","29.7","Limo argilloso torboso nerastro.","4","0","Botticelli","17.2",528496.5791,4566155.686,555
"597","T24","29.75","Limo argilloso torboso nerastro.","4","0","Botticelli","17.2",528496.5791,4566155.686,555
"598","T24","29.8","Limo argilloso torboso nerastro.","4","0","Botticelli","17.2",528496.5791,4566155.686,555
"599","T24","29.85","Limo argilloso torboso nerastro.","4","0","Botticelli","17.2",528496.5791,4566155.686,555
"600","T24","29.9","Limo argilloso torboso nerastro.","4","0","Botticelli","17.2",528496.5791,4566155.686,555
"601","T24","29.95","Limo argilloso torboso nerastro.","4","0","Botticelli","17.2",528496.5791,4566155.686,555
"602","T24","30","Limo argilloso torboso nerastro.","4","0","Botticelli","17.2",528496.5791,4566155.686,555
"603","T24","30.05","Limo argilloso torboso nerastro.","4","0","Botticelli","17.2",528496.5791,4566155.686,555
"604","T24","30.1","Limo argilloso torboso nerastro.","4","0","Botticelli","17.2",528496.5791,4566155.686,555
"605","T24","30.15","Limo argilloso torboso nerastro.","4","0","Botticelli","17.2",528496.5791,4566155.686,555
"606","T24","30.2","Limo argilloso torboso nerastro.","4","0","Botticelli","17.2",528496.5791,4566155.686,555
"607","T24","30.25","Limo argilloso torboso nerastro.","4","0","Botticelli","17.2",528496.5791,4566155.686,555
"608","T24","30.3","Limo argilloso torboso nerastro.","4","0","Botticelli","17.2",528496.5791,4566155.686,555
"609","T24","30.35","Limo argilloso torboso nerastro.","4","0","Botticelli","17.2",528496.5791,4566155.686,555
"610","T24","30.4","Limo argilloso torboso nerastro.","4","0","Botticelli","17.2",528496.5791,4566155.686,555
"611","T24","30.45","Limo argilloso torboso nerastro.","4","0","Botticelli","17.2",528496.5791,4566155.686,555
"612","T24","30.5","Limo argilloso torboso nerastro.","4","0","Botticelli","17.2",528496.5791,4566155.686,555
"613","T24","30.55","Limo argilloso torboso nerastro.","4","0","Botticelli","17.2",528496.5791,4566155.686,555
"614","T24","30.6","Limo argilloso torboso nerastro.","4","0","Botticelli","17.2",528496.5791,4566155.686,555
"615","T24","30.65","Limo argilloso torboso nerastro.","4","0","Botticelli","17.2",528496.5791,4566155.686,555
"616","T24","30.7","Limo argilloso torboso nerastro.","4","0","Botticelli","17.2",528496.5791,4566155.686,555
"617","T24","30.75","Limo argilloso torboso nerastro.","4","0","Botticelli","17.2",528496.5791,4566155.686,555
"618","T24","30.8","Limo argilloso torboso nerastro.","4","0","Botticelli","17.2",528496.5791,4566155.686,555
"619","T24","30.85","Limo argilloso torboso nerastro.","4","0","Botticelli","17.2",528496.5791,4566155.686,555
"620","T24","30.9","Limo argilloso torboso nerastro.","4","0","Botticelli","17.2",528496.5791,4566155.686,555
"621","T24","30.95","Limo argilloso torboso nerastro.","4","0","Botticelli","17.2",528496.5791,4566155.686,555
"622","T24","31","Limo argilloso torboso nerastro.","4","0","Botticelli","17.2",528496.5791,4566155.686,555
"623","T24","31.05","Limo argilloso torboso nerastro.","4","0","Botticelli","17.2",528496.5791,4566155.686,555
"624","T24","31.1","Limo argilloso torboso nerastro.","4","0","Botticelli","17.2",528496.5791,4566155.686,555
"625","T24","31.15","Limo argilloso torboso nerastro.","4","0","Botticelli","17.2",528496.5791,4566155.686,555
"626","T24","31.2","Limo argilloso torboso nerastro.","4","0","Botticelli","17.2",528496.5791,4566155.686,555
"627","T24","31.25","Limo argilloso torboso nerastro.","4","0","Botticelli","17.2",528496.5791,4566155.686,555
"628","T24","31.3","Limo argilloso torboso nerastro.","4","0","Botticelli","17.2",528496.5791,4566155.686,555
"629","T24","31.35","Limo argilloso torboso nerastro.","4","0","Botticelli","17.2",528496.5791,4566155.686,555
"630","T24","31.4","Limo argilloso torboso nerastro.","4","0","Botticelli","17.2",528496.5791,4566155.686,555
"631","T24","31.45","Limo argilloso torboso nerastro.","4","0","Botticelli","17.2",528496.5791,4566155.686,555
"632","T24","31.5","Limo argilloso torboso nerastro.","4","0","Botticelli","17.2",528496.5791,4566155.686,555
"633","T24","31.55","Limo argilloso torboso nerastro.","4","0","Botticelli","17.2",528496.5791,4566155.686,555
"634","T24","31.6","Limo argilloso torboso nerastro.","4","0","Botticelli","17.2",528496.5791,4566155.686,555
"635","T24","31.65","Limo argilloso torboso nerastro.","4","0","Botticelli","17.2",528496.5791,4566155.686,555
"636","T24","31.7","Limo argilloso torboso nerastro.","4","0","Botticelli","17.2",528496.5791,4566155.686,555
"637","T24","31.75","Limo argilloso torboso nerastro.","4","0","Botticelli","17.2",528496.5791,4566155.686,555
"638","T24","31.8","Limo argilloso torboso nerastro.","4","0","Botticelli","17.2",528496.5791,4566155.686,555
"639","T24","31.85","Limo argilloso torboso nerastro.","4","0","Botticelli","17.2",528496.5791,4566155.686,555
"640","T24","31.9","Limo argilloso torboso nerastro.","4","0","Botticelli","17.2",528496.5791,4566155.686,555
"641","T24","31.95","Limo argilloso torboso nerastro.","4","0","Botticelli","17.2",528496.5791,4566155.686,555
"642","T24","32","Limo argilloso torboso nerastro.","4","0","Botticelli","17.2",528496.5791,4566155.686,555
"643","T24","32.05","Limo argilloso torboso nerastro.","4","0","Botticelli","17.2",528496.5791,4566155.686,555
"644","T24","32.1","Limo argilloso torboso nerastro.","4","0","Botticelli","17.2",528496.5791,4566155.686,555
"645","T24","32.15","Limo argilloso torboso nerastro.","4","0","Botticelli","17.2",528496.5791,4566155.686,555
"646","T24","32.2","Limo argilloso torboso nerastro.","4","0","Botticelli","17.2",528496.5791,4566155.686,555
"647","T24","32.25","Limo argilloso torboso nerastro.","4","0","Botticelli","17.2",528496.5791,4566155.686,555
"648","T24","32.3","Limo argilloso torboso nerastro.","4","0","Botticelli","17.2",528496.5791,4566155.686,555
"649","T24","32.35","Limo argilloso torboso nerastro.","4","0","Botticelli","17.2",528496.5791,4566155.686,555
"650","T24","32.4","Limo argilloso torboso nerastro.","4","0","Botticelli","17.2",528496.5791,4566155.686,555
"651","T24","32.45","Limo argilloso torboso nerastro.","4","0","Botticelli","17.2",528496.5791,4566155.686,555
"652","T24","32.5","Limo argilloso torboso nerastro.","4","0","Botticelli","17.2",528496.5791,4566155.686,555
"653","T24","32.55","Limo argilloso torboso nerastro.","4","0","Botticelli","17.2",528496.5791,4566155.686,555
"654","T24","32.6","Limo argilloso torboso nerastro.","4","0","Botticelli","17.2",528496.5791,4566155.686,555
"655","T24","32.65","Limo argilloso torboso nerastro.","4","0","Botticelli","17.2",528496.5791,4566155.686,555
"656","T24","32.7","Limo argilloso torboso nerastro.","4","0","Botticelli","17.2",528496.5791,4566155.686,555
"657","T24","32.75","Limo argilloso torboso nerastro.","4","0","Botticelli","17.2",528496.5791,4566155.686,555
"658","T24","32.8","Limo argilloso torboso nerastro.","4","0","Botticelli","17.2",528496.5791,4566155.686,555
"659","T24","32.85","Limo argilloso torboso nerastro.","4","0","Botticelli","17.2",528496.5791,4566155.686,555
"660","T24","32.9","Limo argilloso torboso nerastro.","4","0","Botticelli","17.2",528496.5791,4566155.686,555
"661","T24","32.95","Limo argilloso torboso nerastro.","4","0","Botticelli","17.2",528496.5791,4566155.686,555
"662","T24","33","Limo argilloso torboso nerastro.","4","0","Botticelli","17.2",528496.5791,4566155.686,555
"663","T24","33.05","Limo argilloso torboso nerastro.","4","0","Botticelli","17.2",528496.5791,4566155.686,555
"664","T24","33.1","Limo argilloso torboso nerastro.","4","0","Botticelli","17.2",528496.5791,4566155.686,555
"665","T24","33.15","Limo argilloso torboso nerastro.","4","0","Botticelli","17.2",528496.5791,4566155.686,555
"666","T24","33.2","Limo argilloso torboso nerastro.","4","0","Botticelli","17.2",528496.5791,4566155.686,555
"667","T24","33.25","Limo argilloso torboso nerastro.","4","0","Botticelli","17.2",528496.5791,4566155.686,555
"668","T24","33.3","Limo argilloso torboso nerastro.","4","0","Botticelli","17.2",528496.5791,4566155.686,555
"669","T24","33.35","Limo argilloso torboso nerastro.","4","0","Botticelli","17.2",528496.5791,4566155.686,555
"670","T24","33.4","Limo argilloso torboso nerastro.","4","0","Botticelli","17.2",528496.5791,4566155.686,555
"671","T24","33.45","Limo argilloso torboso nerastro.","4","0","Botticelli","17.2",528496.5791,4566155.686,555
"672","T24","33.5","Limo argilloso torboso nerastro.","4","0","Botticelli","17.2",528496.5791,4566155.686,555
"673","T24","33.55","Limo argilloso torboso nerastro.","4","0","Botticelli","17.2",528496.5791,4566155.686,555
"674","T24","33.6","Limo argilloso torboso nerastro.","4","0","Botticelli","17.2",528496.5791,4566155.686,555
"675","T24","33.65","Limo argilloso torboso nerastro.","4","0","Botticelli","17.2",528496.5791,4566155.686,555
"676","T24","33.7","Limo argilloso torboso nerastro.","4","0","Botticelli","17.2",528496.5791,4566155.686,555
"677","T24","33.75","Limo argilloso torboso nerastro.","4","0","Botticelli","17.2",528496.5791,4566155.686,555
"678","T24","33.8","Limo argilloso torboso nerastro.","4","0","Botticelli","17.2",528496.5791,4566155.686,555
"679","T24","33.85","Limo argilloso torboso nerastro.","4","0","Botticelli","17.2",528496.5791,4566155.686,555
"680","T24","33.9","Limo argilloso torboso nerastro.","4","0","Botticelli","17.2",528496.5791,4566155.686,555
"681","T24","33.95","Limo argilloso torboso nerastro.","4","0","Botticelli","17.2",528496.5791,4566155.686,555
"682","T24","34","Limo argilloso torboso nerastro.","4","0","Botticelli","17.2",528496.5791,4566155.686,555
"683","T24","34.05","Limo argilloso torboso nerastro.","4","0","Botticelli","17.2",528496.5791,4566155.686,555
"684","T24","34.1","Limo argilloso torboso nerastro.","4","0","Botticelli","17.2",528496.5791,4566155.686,555
"685","T24","34.15","Limo argilloso torboso nerastro.","4","0","Botticelli","17.2",528496.5791,4566155.686,555
"686","T24","34.2","Limo argilloso torboso nerastro.","4","0","Botticelli","17.2",528496.5791,4566155.686,555
"687","T24","34.25","Limo argilloso torboso nerastro.","4","0","Botticelli","17.2",528496.5791,4566155.686,555
"688","T24","34.3","Limo argilloso torboso nerastro.","4","0","Botticelli","17.2",528496.5791,4566155.686,555
"689","T24","34.35","Limo argilloso torboso nerastro.","4","0","Botticelli","17.2",528496.5791,4566155.686,555
"690","T24","34.4","Limo argilloso torboso nerastro.","4","0","Botticelli","17.2",528496.5791,4566155.686,555
"691","T24","34.45","Limo argilloso torboso nerastro.","4","0","Botticelli","17.2",528496.5791,4566155.686,555
"692","T24","34.5","Limo argilloso torboso nerastro.","4","0","Botticelli","17.2",528496.5791,4566155.686,555
"693","T24","34.55","Limo argilloso torboso nerastro.","4","0","Botticelli","17.2",528496.5791,4566155.686,555
"694","T24","34.6","Limo argilloso torboso nerastro.","4","0","Botticelli","17.2",528496.5791,4566155.686,555
"695","T24","34.65","Limo argilloso torboso nerastro.","4","0","Botticelli","17.2",528496.5791,4566155.686,555
"696","T24","34.7","Limo argilloso torboso nerastro.","4","0","Botticelli","17.2",528496.5791,4566155.686,555
"697","T24","34.75","Limo argilloso torboso nerastro.","4","0","Botticelli","17.2",528496.5791,4566155.686,555
"698","T24","34.8","Limo argilloso torboso nerastro.","4","0","Botticelli","17.2",528496.5791,4566155.686,555
"699","T24","34.85","Limo argilloso torboso nerastro.","4","0","Botticelli","17.2",528496.5791,4566155.686,555
"700","T24","34.9","Limo argilloso torboso nerastro.","4","0","Botticelli","17.2",528496.5791,4566155.686,555
"701","T24","34.95","Limo argilloso torboso nerastro.","4","0","Botticelli","17.2",528496.5791,4566155.686,555
"702","T24","35","Limo argilloso torboso nerastro.","4","0","Botticelli","17.2",528496.5791,4566155.686,555
"703","T24","35.05","Limo argilloso torboso nerastro.","4","0","Botticelli","17.2",528496.5791,4566155.686,555
"704","T24","35.1","Limo argilloso torboso nerastro.","4","0","Botticelli","17.2",528496.5791,4566155.686,555
"705","T24","35.15","Limo argilloso torboso nerastro.","4","0","Botticelli","17.2",528496.5791,4566155.686,555
"706","T24","35.2","Limo argilloso torboso nerastro.","4","0","Botticelli","17.2",528496.5791,4566155.686,555
"707","T24","35.25","Limo argilloso torboso nerastro.","4","0","Botticelli","17.2",528496.5791,4566155.686,555
"708","T24","35.3","Limo argilloso torboso nerastro.","4","0","Botticelli","17.2",528496.5791,4566155.686,555
"709","T24","35.35","Limo argilloso torboso nerastro.","4","0","Botticelli","17.2",528496.5791,4566155.686,555
"710","T24","35.4","Limo argilloso torboso nerastro.","4","0","Botticelli","17.2",528496.5791,4566155.686,555
"711","T24","35.45","Limo argilloso torboso nerastro.","4","0","Botticelli","17.2",528496.5791,4566155.686,555
"712","T24","35.5","Limo argilloso torboso nerastro.","4","0","Botticelli","17.2",528496.5791,4566155.686,555
"713","T24","35.55","Limo argilloso torboso nerastro.","4","0","Botticelli","17.2",528496.5791,4566155.686,555
"714","T24","35.6","Limo argilloso torboso nerastro.","4","0","Botticelli","17.2",528496.5791,4566155.686,555
"715","T24","35.65","Limo argilloso torboso nerastro.","4","0","Botticelli","17.2",528496.5791,4566155.686,555
"716","T24","35.7","Limo argilloso torboso nerastro.","4","0","Botticelli","17.2",528496.5791,4566155.686,555
"717","T24","35.75","Limo argilloso torboso nerastro.","4","0","Botticelli","17.2",528496.5791,4566155.686,555
"718","T24","35.8","Limo argilloso torboso nerastro.","4","0","Botticelli","17.2",528496.5791,4566155.686,555
"719","T24","35.85","Limo argilloso torboso nerastro.","4","0","Botticelli","17.2",528496.5791,4566155.686,555
"720","T24","35.9","Limo argilloso torboso nerastro.","4","0","Botticelli","17.2",528496.5791,4566155.686,555
"721","T24","35.95","Limo argilloso torboso nerastro.","4","0","Botticelli","17.2",528496.5791,4566155.686,555
"722","T24","36","Limo argilloso torboso nerastro.","4","0","Botticelli","17.2",528496.5791,4566155.686,555
"723","T24","36.05","Limo argilloso torboso nerastro.","4","0","Botticelli","17.2",528496.5791,4566155.686,555
"724","T24","36.1","Limo argilloso torboso nerastro.","4","0","Botticelli","17.2",528496.5791,4566155.686,555
"725","T24","36.15","Limo argilloso torboso nerastro.","4","0","Botticelli","17.2",528496.5791,4566155.686,555
"726","T24","36.2","Limo argilloso torboso nerastro.","4","0","Botticelli","17.2",528496.5791,4566155.686,555
"727","T24","36.25","Limo argilloso torboso nerastro.","4","0","Botticelli","17.2",528496.5791,4566155.686,555
"728","T24","36.3","Limo argilloso torboso nerastro.","4","0","Botticelli","17.2",528496.5791,4566155.686,555
"729","T24","36.35","Limo argilloso torboso nerastro.","4","0","Botticelli","17.2",528496.5791,4566155.686,555
"730","T24","36.4","Limo argilloso torboso nerastro.","4","0","Botticelli","17.2",528496.5791,4566155.686,555
"731","T24","36.45","Limo argilloso torboso nerastro.","4","0","Botticelli","17.2",528496.5791,4566155.686,555
"732","T24","36.5","Limo argilloso torboso nerastro.","4","0","Botticelli","17.2",528496.5791,4566155.686,555
"733","T24","36.55","Limo argilloso torboso nerastro.","4","0","Botticelli","17.2",528496.5791,4566155.686,555
"734","T24","36.6","Limo argilloso torboso nerastro.","4","0","Botticelli","17.2",528496.5791,4566155.686,555
"735","T24","36.65","Limo argilloso torboso nerastro.","4","0","Botticelli","17.2",528496.5791,4566155.686,555
"736","T24","36.7","Limo argilloso torboso nerastro.","4","0","Botticelli","17.2",528496.5791,4566155.686,555
"737","T24","36.75","Limo argilloso torboso nerastro.","4","0","Botticelli","17.2",528496.5791,4566155.686,555
"738","T24","36.8","Limo argilloso torboso nerastro.","4","0","Botticelli","17.2",528496.5791,4566155.686,555
"739","T24","36.85","Limo argilloso torboso nerastro.","4","0","Botticelli","17.2",528496.5791,4566155.686,555
"740","T24","36.9","Limo argilloso torboso nerastro.","4","0","Botticelli","17.2",528496.5791,4566155.686,555
"741","T24","36.95","Limo argilloso torboso nerastro.","4","0","Botticelli","17.2",528496.5791,4566155.686,555
"742","T24","37","Limo argilloso torboso nerastro.","4","0","Botticelli","17.2",528496.5791,4566155.686,555
"743","T24","37.05","Limo argilloso torboso nerastro.","4","0","Botticelli","17.2",528496.5791,4566155.686,555
"744","T24","37.1","Limo argilloso torboso nerastro.","4","0","Botticelli","17.2",528496.5791,4566155.686,555
"745","T24","37.15","Limo argilloso torboso nerastro.","4","0","Botticelli","17.2",528496.5791,4566155.686,555
"746","T24","37.2","Limo argilloso torboso nerastro.","4","0","Botticelli","17.2",528496.5791,4566155.686,555
"747","T24","37.25","Limo argilloso torboso nerastro.","4","0","Botticelli","17.2",528496.5791,4566155.686,555
"748","T24","37.3","Limo argilloso torboso nerastro.","4","0","Botticelli","17.2",528496.5791,4566155.686,555
"749","T24","37.35","Limo argilloso torboso nerastro.","4","0","Botticelli","17.2",528496.5791,4566155.686,555
"750","T24","37.4","Limo argilloso torboso nerastro.","4","0","Botticelli","17.2",528496.5791,4566155.686,555
"751","T24","37.45","Limo argilloso torboso nerastro.","4","0","Botticelli","17.2",528496.5791,4566155.686,555
"752","T24","37.5","Limo argilloso torboso nerastro.","4","0","Botticelli","17.2",528496.5791,4566155.686,555
"753","T24","37.55","Limo argilloso torboso nerastro.","4","0","Botticelli","17.2",528496.5791,4566155.686,555
"754","T24","37.6","Limo argilloso torboso nerastro.","4","0","Botticelli","17.2",528496.5791,4566155.686,555
"755","T24","37.65","Limo argilloso torboso nerastro.","4","0","Botticelli","17.2",528496.5791,4566155.686,555
"756","T24","37.7","Limo argilloso torboso nerastro.","4","0","Botticelli","17.2",528496.5791,4566155.686,555
"757","T24","37.75","Limo argilloso torboso nerastro.","4","0","Botticelli","17.2",528496.5791,4566155.686,555
"758","T24","37.8","Limo argilloso torboso nerastro.","4","0","Botticelli","17.2",528496.5791,4566155.686,555
"759","T24","37.85","Limo argilloso torboso nerastro.","4","0","Botticelli","17.2",528496.5791,4566155.686,555
"760","T24","37.9","Limo argilloso torboso nerastro.","4","0","Botticelli","17.2",528496.5791,4566155.686,555
"761","T24","37.95","Limo argilloso torboso nerastro.","4","0","Botticelli","17.2",528496.5791,4566155.686,555
"762","T24","38","Limo argilloso torboso nerastro.","4","0","Botticelli","17.2",528496.5791,4566155.686,555
"763","T24","38.05","Limo argilloso torboso nerastro.","4","0","Botticelli","17.2",528496.5791,4566155.686,555
"764","T24","38.1","Limo argilloso torboso nerastro.","4","0","Botticelli","17.2",528496.5791,4566155.686,555
"765","T24","38.15","Limo argilloso torboso nerastro.","4","0","Botticelli","17.2",528496.5791,4566155.686,555
"766","T24","38.2","Limo argilloso torboso nerastro.","4","0","Botticelli","17.2",528496.5791,4566155.686,555
"767","T24","38.25","Limo argilloso torboso nerastro.","4","0","Botticelli","17.2",528496.5791,4566155.686,555
"768","T24","38.3","Limo argilloso torboso nerastro.","4","0","Botticelli","17.2",528496.5791,4566155.686,555
"769","T24","38.35","Limo argilloso torboso nerastro.","4","0","Botticelli","17.2",528496.5791,4566155.686,555
"770","T24","38.4","Limo argilloso torboso nerastro.","4","0","Botticelli","17.2",528496.5791,4566155.686,555
"771","T24","38.45","Limo argilloso torboso nerastro.","4","0","Botticelli","17.2",528496.5791,4566155.686,555
"772","T24","38.5","Limo argilloso torboso nerastro.","4","0","Botticelli","17.2",528496.5791,4566155.686,555
"773","T24","38.55","Limo argilloso torboso nerastro.","4","0","Botticelli","17.2",528496.5791,4566155.686,555
"774","T24","38.6","Limo argilloso torboso nerastro.","4","0","Botticelli","17.2",528496.5791,4566155.686,555
"775","T24","38.65","Limo argilloso torboso nerastro.","4","0","Botticelli","17.2",528496.5791,4566155.686,555
"776","T24","38.7","Limo argilloso torboso nerastro.","4","0","Botticelli","17.2",528496.5791,4566155.686,555
"777","T24","38.75","Limo argilloso torboso nerastro.","4","0","Botticelli","17.2",528496.5791,4566155.686,555
"778","T24","38.8","Limo argilloso torboso nerastro.","4","0","Botticelli","17.2",528496.5791,4566155.686,555
"779","T24","38.85","Limo argilloso torboso nerastro.","4","0","Botticelli","17.2",528496.5791,4566155.686,555
"780","T24","38.9","Limo argilloso torboso nerastro.","4","0","Botticelli","17.2",528496.5791,4566155.686,555
"781","T24","38.95","Limo argilloso torboso nerastro.","4","0","Botticelli","17.2",528496.5791,4566155.686,555
"782","T24","39","Limo argilloso torboso nerastro.","4","0","Botticelli","17.2",528496.5791,4566155.686,555
"783","T24","39.05","Limo argilloso torboso nerastro.","4","0","Botticelli","17.2",528496.5791,4566155.686,555
"784","T24","39.1","Limo argilloso torboso nerastro.","4","0","Botticelli","17.2",528496.5791,4566155.686,555
"785","T24","39.15","Limo argilloso torboso nerastro.","4","0","Botticelli","17.2",528496.5791,4566155.686,555
"786","T24","39.2","Limo argilloso torboso nerastro.","4","0","Botticelli","17.2",528496.5791,4566155.686,555
"787","T24","39.25","Limo argilloso torboso nerastro.","4","0","Botticelli","17.2",528496.5791,4566155.686,555
"788","T24","39.3","Limo argilloso torboso nerastro.","4","0","Botticelli","17.2",528496.5791,4566155.686,555
"789","T24","39.35","Limo argilloso torboso nerastro.","4","0","Botticelli","17.2",528496.5791,4566155.686,555
"790","T24","39.4","Limo argilloso torboso nerastro.","4","0","Botticelli","17.2",528496.5791,4566155.686,555
"791","T24","39.45","Limo argilloso torboso nerastro.","4","0","Botticelli","17.2",528496.5791,4566155.686,555
"792","T24","39.5","Limo argilloso torboso nerastro.","4","0","Botticelli","17.2",528496.5791,4566155.686,555
"793","T24","39.55","Limo argilloso torboso nerastro.","4","0","Botticelli","17.2",528496.5791,4566155.686,555
"794","T24","39.6","Limo argilloso torboso nerastro.","4","0","Botticelli","17.2",528496.5791,4566155.686,555
"795","T24","39.65","Limo argilloso torboso nerastro.","4","0","Botticelli","17.2",528496.5791,4566155.686,555
"796","T24","39.7","Limo argilloso torboso nerastro.","4","0","Botticelli","17.2",528496.5791,4566155.686,555
"797","T24","39.75","Limo argilloso torboso nerastro.","4","0","Botticelli","17.2",528496.5791,4566155.686,555
"798","T24","39.8","Limo argilloso torboso nerastro.","4","0","Botticelli","17.2",528496.5791,4566155.686,555
"799","T24","39.85","Limo argilloso torboso nerastro.","4","0","Botticelli","17.2",528496.5791,4566155.686,555
"800","T24","39.9","Limo argilloso torboso nerastro.","4","0","Botticelli","17.2",528496.5791,4566155.686,555
"801","T24","39.95","Limo argilloso torboso nerastro.","4","0","Botticelli","17.2",528496.5791,4566155.686,555
"802","T24","40","Limo argilloso torboso nerastro.","4","0","Botticelli","17.2",528496.5791,4566155.686,555
"803","T24","40.05","Limo argilloso torboso nerastro.","4","0","Botticelli","17.2",528496.5791,4566155.686,555
"804","T24","40.1","Limo argilloso torboso nerastro.","4","0","Botticelli","17.2",528496.5791,4566155.686,555
"805","T24","40.15","Limo argilloso torboso nerastro.","4","0","Botticelli","17.2",528496.5791,4566155.686,555
"806","T24","40.2","Limo argilloso torboso nerastro.","4","0","Botticelli","17.2",528496.5791,4566155.686,555
"807","T24","40.25","Limo argilloso torboso nerastro.","4","0","Botticelli","17.2",528496.5791,4566155.686,555
"808","T24","40.3","Limo argilloso torboso nerastro.","4","0","Botticelli","17.2",528496.5791,4566155.686,555
"809","T24","40.35","Limo argilloso torboso nerastro.","4","0","Botticelli","17.2",528496.5791,4566155.686,555
"810","T24","40.4","Limo argilloso torboso nerastro.","4","0","Botticelli","17.2",528496.5791,4566155.686,555
"811","T24","40.45","Limo argilloso torboso nerastro.","4","0","Botticelli","17.2",528496.5791,4566155.686,555
"812","T24","40.5","Limo argilloso torboso nerastro.","4","0","Botticelli","17.2",528496.5791,4566155.686,555
"813","T24","40.55","Limo argilloso torboso nerastro.","4","0","Botticelli","17.2",528496.5791,4566155.686,555
"814","T24","40.6","Limo argilloso torboso nerastro.","4","0","Botticelli","17.2",528496.5791,4566155.686,555
"815","T24","40.65","Limo argilloso torboso nerastro.","4","0","Botticelli","17.2",528496.5791,4566155.686,555
"816","T24","40.7","Limo argilloso torboso nerastro.","4","0","Botticelli","17.2",528496.5791,4566155.686,555
"817","T24","40.75","Limo argilloso torboso nerastro.","4","0","Botticelli","17.2",528496.5791,4566155.686,555
"818","T24","40.8","Limo argilloso torboso nerastro.","4","0","Botticelli","17.2",528496.5791,4566155.686,555
"819","T24","40.85","Limo argilloso torboso nerastro.","4","0","Botticelli","17.2",528496.5791,4566155.686,555
"820","T24","40.9","Limo argilloso torboso nerastro.","4","0","Botticelli","17.2",528496.5791,4566155.686,555
"821","T24","40.95","Limo argilloso torboso nerastro.","4","0","Botticelli","17.2",528496.5791,4566155.686,555
"822","T24","41","Limo argilloso torboso nerastro.","4","0","Botticelli","17.2",528496.5791,4566155.686,555
"823","T24","41.05","Limo argilloso torboso nerastro.","4","0","Botticelli","17.2",528496.5791,4566155.686,555
"824","T24","41.1","Limo argilloso torboso nerastro.","4","0","Botticelli","17.2",528496.5791,4566155.686,555
"825","T24","41.15","Limo argilloso torboso nerastro.","4","0","Botticelli","17.2",528496.5791,4566155.686,555
"826","T24","41.2","Limo argilloso torboso nerastro.","4","0","Botticelli","17.2",528496.5791,4566155.686,555
"827","T24","41.25","Limo argilloso torboso nerastro.","4","0","Botticelli","17.2",528496.5791,4566155.686,555
"828","T24","41.3","Limo argilloso torboso nerastro.","4","0","Botticelli","17.2",528496.5791,4566155.686,555
"829","T24","41.35","Limo argilloso torboso nerastro.","4","0","Botticelli","17.2",528496.5791,4566155.686,555
"830","T24","41.4","Limo argilloso torboso nerastro.","4","0","Botticelli","17.2",528496.5791,4566155.686,555
"831","T24","41.45","Limo argilloso torboso nerastro.","4","0","Botticelli","17.2",528496.5791,4566155.686,555
"832","T24","41.5","Limo argilloso torboso nerastro.","4","0","Botticelli","17.2",528496.5791,4566155.686,555
"833","T24","41.55","Limo argilloso torboso nerastro.","4","0","Botticelli","17.2",528496.5791,4566155.686,555
"834","T24","41.6","Limo argilloso torboso nerastro.","4","0","Botticelli","17.2",528496.5791,4566155.686,555
"835","T24","41.65","Limo argilloso torboso nerastro.","4","0","Botticelli","17.2",528496.5791,4566155.686,555
"836","T24","41.7","Limo argilloso torboso nerastro.","4","0","Botticelli","17.2",528496.5791,4566155.686,555
"837","T24","41.75","Limo argilloso torboso nerastro.","4","0","Botticelli","17.2",528496.5791,4566155.686,555
"838","T24","41.8","Limo argilloso torboso nerastro.","4","0","Botticelli","17.2",528496.5791,4566155.686,555
"839","T24","41.85","Limo argilloso torboso nerastro.","4","0","Botticelli","17.2",528496.5791,4566155.686,555
"840","T24","41.9","Limo argilloso torboso nerastro.","4","0","Botticelli","17.2",528496.5791,4566155.686,555
"841","T24","41.95","Limo argilloso torboso nerastro.","4","0","Botticelli","17.2",528496.5791,4566155.686,555
"842","T24","42","Limo argilloso torboso nerastro.","4","0","Botticelli","17.2",528496.5791,4566155.686,555
"843","T24","42.05","Limo argilloso torboso nerastro.","4","0","Botticelli","17.2",528496.5791,4566155.686,555
"844","T24","42.1","Limo argilloso torboso nerastro.","4","0","Botticelli","17.2",528496.5791,4566155.686,555
"845","T24","42.15","Limo argilloso torboso nerastro.","4","0","Botticelli","17.2",528496.5791,4566155.686,555
"846","T24","42.2","Limo argilloso torboso nerastro.","4","0","Botticelli","17.2",528496.5791,4566155.686,555
"847","T24","42.25","Limo argilloso torboso nerastro.","4","0","Botticelli","17.2",528496.5791,4566155.686,555
"848","T24","42.3","Limo argilloso torboso nerastro.","4","0","Botticelli","17.2",528496.5791,4566155.686,555
"849","T24","42.35","Limo argilloso torboso nerastro.","4","0","Botticelli","17.2",528496.5791,4566155.686,555
"850","T24","42.4","Limo argilloso torboso nerastro.","4","0","Botticelli","17.2",528496.5791,4566155.686,555
"851","T24","42.45","Limo argilloso torboso nerastro.","4","0","Botticelli","17.2",528496.5791,4566155.686,555
"852","T24","42.5","Limo argilloso torboso nerastro.","4","0","Botticelli","17.2",528496.5791,4566155.686,555
"853","T24","42.55","Limo argilloso torboso nerastro.","4","0","Botticelli","17.2",528496.5791,4566155.686,555
"854","T24","42.6","Limo argilloso torboso nerastro.","4","0","Botticelli","17.2",528496.5791,4566155.686,555
"855","T24","42.65","Limo argilloso torboso nerastro.","4","0","Botticelli","17.2",528496.5791,4566155.686,555
"856","T24","42.7","Limo argilloso torboso nerastro.","4","0","Botticelli","17.2",528496.5791,4566155.686,555
"857","T24","42.75","Limo argilloso torboso nerastro.","4","0","Botticelli","17.2",528496.5791,4566155.686,555
"858","T24","42.8","Limo argilloso torboso nerastro.","4","0","Botticelli","17.2",528496.5791,4566155.686,555
"859","T24","42.85","Limo argilloso torboso nerastro.","4","0","Botticelli","17.2",528496.5791,4566155.686,555
"860","T24","42.9","Limo argilloso torboso nerastro.","4","0","Botticelli","17.2",528496.5791,4566155.686,555
"861","T24","42.95","Limo argilloso torboso nerastro.","4","0","Botticelli","17.2",528496.5791,4566155.686,555
"862","T24","43","Limo argilloso torboso nerastro.","4","0","Botticelli","17.2",528496.5791,4566155.686,555
"863","T24","43.05","Limo argilloso torboso nerastro.","4","0","Botticelli","17.2",528496.5791,4566155.686,555
"864","T24","43.1","Limo argilloso torboso nerastro.","4","0","Botticelli","17.2",528496.5791,4566155.686,555
"865","T24","43.15","Limo argilloso torboso nerastro.","4","0","Botticelli","17.2",528496.5791,4566155.686,555
"866","T24","43.2","Limo argilloso torboso nerastro.","4","0","Botticelli","17.2",528496.5791,4566155.686,555
"867","T24","43.25","Limo argilloso torboso nerastro.","4","0","Botticelli","17.2",528496.5791,4566155.686,555
"868","T24","43.3","Limo argilloso torboso nerastro.","4","0","Botticelli","17.2",528496.5791,4566155.686,555
"869","T24","43.35","Limo argilloso torboso nerastro.","4","0","Botticelli","17.2",528496.5791,4566155.686,555
"870","T24","43.4","Limo argilloso torboso nerastro.","4","0","Botticelli","17.2",528496.5791,4566155.686,555
"871","T24","43.45","Limo argilloso torboso nerastro.","4","0","Botticelli","17.2",528496.5791,4566155.686,555
"872","T24","43.5","Limo argilloso torboso nerastro.","4","0","Botticelli","17.2",528496.5791,4566155.686,555
"873","T24","43.55","Limo argilloso torboso nerastro.","4","0","Botticelli","17.2",528496.5791,4566155.686,555
"874","T24","43.6","Limo argilloso torboso nerastro.","4","0","Botticelli","17.2",528496.5791,4566155.686,555
"875","T24","43.65","Limo argilloso torboso nerastro.","4","0","Botticelli","17.2",528496.5791,4566155.686,555
"876","T24","43.7","Limo argilloso torboso nerastro.","4","0","Botticelli","17.2",528496.5791,4566155.686,555
"877","T24","43.75","Limo argilloso torboso nerastro.","4","0","Botticelli","17.2",528496.5791,4566155.686,555
"878","T24","43.8","Limo argilloso torboso nerastro.","4","0","Botticelli","17.2",528496.5791,4566155.686,555
"879","T24","43.85","Limo argilloso torboso nerastro.","4","0","Botticelli","17.2",528496.5791,4566155.686,555
"880","T24","43.9","Limo argilloso torboso nerastro.","4","0","Botticelli","17.2",528496.5791,4566155.686,555
"881","T24","43.95","Limo argilloso torboso nerastro.","4","0","Botticelli","17.2",528496.5791,4566155.686,555
"882","T24","44","Limo argilloso torboso nerastro.","4","0","Botticelli","17.2",528496.5791,4566155.686,555
"883","T24","44.05","Limo argilloso torboso nerastro.","4","0","Botticelli","17.2",528496.5791,4566155.686,555
"884","T24","44.1","Limo argilloso torboso nerastro.","4","0","Botticelli","17.2",528496.5791,4566155.686,555
"885","T24","44.15","Limo argilloso torboso nerastro.","4","0","Botticelli","17.2",528496.5791,4566155.686,555
"886","T24","44.2","Limo argilloso torboso nerastro.","4","0","Botticelli","17.2",528496.5791,4566155.686,555
"887","T24","44.25","Limo argilloso torboso nerastro.","4","0","Botticelli","17.2",528496.5791,4566155.686,555
"888","T24","44.3","Limo argilloso torboso nerastro.","4","0","Botticelli","17.2",528496.5791,4566155.686,555
"889","T24","44.35","Limo argilloso torboso nerastro.","4","0","Botticelli","17.2",528496.5791,4566155.686,555
"890","T24","44.4","Limo argilloso torboso nerastro.","4","0","Botticelli","17.2",528496.5791,4566155.686,555
"891","T24","44.45","Limo argilloso torboso nerastro.","4","0","Botticelli","17.2",528496.5791,4566155.686,555
"892","T24","44.5","Limo argilloso torboso nerastro.","4","0","Botticelli","17.2",528496.5791,4566155.686,555
"893","T24","44.55","Limo argilloso torboso nerastro.","4","0","Botticelli","17.2",528496.5791,4566155.686,555
"894","T24","44.6","Limo argilloso torboso nerastro.","4","0","Botticelli","17.2",528496.5791,4566155.686,555
"895","T24","44.65","Limo argilloso torboso nerastro.","4","0","Botticelli","17.2",528496.5791,4566155.686,555
"896","T24","44.7","Limo argilloso torboso nerastro.","4","0","Botticelli","17.2",528496.5791,4566155.686,555
"897","T24","44.75","Limo argilloso torboso nerastro.","4","0","Botticelli","17.2",528496.5791,4566155.686,555
"898","T24","44.8","Limo argilloso torboso nerastro.","4","0","Botticelli","17.2",528496.5791,4566155.686,555
"899","T24","44.85","Limo argilloso torboso nerastro.","4","0","Botticelli","17.2",528496.5791,4566155.686,555
"900","T24","44.9","Limo argilloso torboso nerastro.","4","0","Botticelli","17.2",528496.5791,4566155.686,555
"901","T24","44.95","Limo argilloso torboso nerastro.","4","0","Botticelli","17.2",528496.5791,4566155.686,555
"902","T24","45","Limo argilloso torboso nerastro.","4","0","Botticelli","17.2",528496.5791,4566155.686,555
"903","T24","45.05","Limo argilloso torboso nerastro.","4","0","Botticelli","17.2",528496.5791,4566155.686,555
"904","T24","45.1","Limo argilloso torboso nerastro.","4","0","Botticelli","17.2",528496.5791,4566155.686,555
"905","T24","45.15","Limo argilloso torboso nerastro.","4","0","Botticelli","17.2",528496.5791,4566155.686,555
"906","T24","45.2","Limo argilloso torboso nerastro.","4","0","Botticelli","17.2",528496.5791,4566155.686,555
"907","T24","45.25","Limo argilloso torboso nerastro.","4","0","Botticelli","17.2",528496.5791,4566155.686,555
"908","T24","45.3","Limo argilloso torboso nerastro.","4","0","Botticelli","17.2",528496.5791,4566155.686,555
"909","T24","45.35","Limo argilloso torboso nerastro.","4","0","Botticelli","17.2",528496.5791,4566155.686,555
"910","T24","45.4","Limo argilloso torboso nerastro.","4","0","Botticelli","17.2",528496.5791,4566155.686,555
"911","T24","45.45","Limo argilloso torboso nerastro.","4","0","Botticelli","17.2",528496.5791,4566155.686,555
"912","T24","45.5","Limo argilloso torboso nerastro.","4","0","Botticelli","17.2",528496.5791,4566155.686,555
"913","T24","45.55","Limo argilloso torboso nerastro.","4","0","Botticelli","17.2",528496.5791,4566155.686,555
"914","T24","45.6","Limo argilloso torboso nerastro.","4","0","Botticelli","17.2",528496.5791,4566155.686,555
"915","T24","45.65","Limo argilloso torboso nerastro.","4","0","Botticelli","17.2",528496.5791,4566155.686,555
"916","T24","45.7","Limo argilloso torboso nerastro.","4","0","Botticelli","17.2",528496.5791,4566155.686,555
"917","T24","45.75","Limo argilloso torboso nerastro.","4","0","Botticelli","17.2",528496.5791,4566155.686,555
"918","T24","45.8","Limo argilloso torboso nerastro.","4","0","Botticelli","17.2",528496.5791,4566155.686,555
"919","T24","45.85","Limo argilloso torboso nerastro.","4","0","Botticelli","17.2",528496.5791,4566155.686,555
"920","T24","45.9","Limo argilloso torboso nerastro.","4","0","Botticelli","17.2",528496.5791,4566155.686,555
"921","T24","45.95","Limo argilloso torboso nerastro.","4","0","Botticelli","17.2",528496.5791,4566155.686,555
"922","T24","46","Limo argilloso torboso nerastro.","4","0","Botticelli","17.2",528496.5791,4566155.686,555
"923","T24","46.05","Limo argilloso torboso nerastro.","4","0","Botticelli","17.2",528496.5791,4566155.686,555
"924","T24","46.1","Limo argilloso torboso nerastro.","4","0","Botticelli","17.2",528496.5791,4566155.686,555
"925","T24","46.15","Limo argilloso torboso nerastro.","4","0","Botticelli","17.2",528496.5791,4566155.686,555
"926","T24","46.2","Limo argilloso torboso nerastro.","4","0","Botticelli","17.2",528496.5791,4566155.686,555
"927","T24","46.25","Limo argilloso torboso nerastro.","4","0","Botticelli","17.2",528496.5791,4566155.686,555
"928","T24","46.3","Limo argilloso torboso nerastro.","4","0","Botticelli","17.2",528496.5791,4566155.686,555
"929","T24","46.35","Limo argilloso torboso nerastro.","4","0","Botticelli","17.2",528496.5791,4566155.686,555
"930","T24","46.4","Limo argilloso torboso nerastro.","4","0","Botticelli","17.2",528496.5791,4566155.686,555
"931","T24","46.45","Limo argilloso torboso nerastro.","4","0","Botticelli","17.2",528496.5791,4566155.686,555
"932","T24","46.5","Limo argilloso torboso nerastro.","4","0","Botticelli","17.2",528496.5791,4566155.686,555
"933","T24","46.55","Limo argilloso torboso nerastro.","4","0","Botticelli","17.2",528496.5791,4566155.686,555
"934","T24","46.6","Limo argilloso torboso nerastro.","4","0","Botticelli","17.2",528496.5791,4566155.686,555
"935","T24","46.65","Limo argilloso torboso nerastro.","4","0","Botticelli","17.2",528496.5791,4566155.686,555
"936","T24","46.7","Limo argilloso torboso nerastro.","4","0","Botticelli","17.2",528496.5791,4566155.686,555
"937","T24","46.75","Limo argilloso torboso nerastro.","4","0","Botticelli","17.2",528496.5791,4566155.686,555
"938","T24","46.8","Limo argilloso torboso nerastro.","4","0","Botticelli","17.2",528496.5791,4566155.686,555
"939","T24","46.85","Limo argilloso torboso nerastro.","4","0","Botticelli","17.2",528496.5791,4566155.686,555
"940","T24","46.9","Limo argilloso torboso nerastro.","4","0","Botticelli","17.2",528496.5791,4566155.686,555
"941","T24","46.95","Limo argilloso torboso nerastro.","4","0","Botticelli","17.2",528496.5791,4566155.686,555
"942","T24","47","Limo argilloso torboso nerastro.","4","0","Botticelli","17.2",528496.5791,4566155.686,555
"943","T24","47.05","Limo argilloso torboso nerastro.","4","0","Botticelli","17.2",528496.5791,4566155.686,555
"944","T24","47.1","Limo argilloso torboso nerastro.","4","0","Botticelli","17.2",528496.5791,4566155.686,555
"945","T24","47.15","Limo argilloso torboso nerastro.","4","0","Botticelli","17.2",528496.5791,4566155.686,555
"946","T24","47.2","Limo argilloso torboso nerastro.","4","0","Botticelli","17.2",528496.5791,4566155.686,555
"947","T24","47.25","Limo argilloso torboso nerastro.","4","0","Botticelli","17.2",528496.5791,4566155.686,555
"948","T24","47.3","Limo argilloso torboso nerastro.","4","0","Botticelli","17.2",528496.5791,4566155.686,555
"949","T24","47.35","Limo argilloso torboso nerastro.","4","0","Botticelli","17.2",528496.5791,4566155.686,555
"950","T24","47.4","Limo argilloso torboso nerastro.","4","0","Botticelli","17.2",528496.5791,4566155.686,555
"951","T24","47.45","Limo argilloso torboso nerastro.","4","0","Botticelli","17.2",528496.5791,4566155.686,555
"952","T24","47.5","Limo argilloso torboso nerastro.","4","0","Botticelli","17.2",528496.5791,4566155.686,555
"953","T24","47.55","Limo argilloso torboso nerastro.","4","0","Botticelli","17.2",528496.5791,4566155.686,555
"954","T24","47.6","Limo argilloso torboso nerastro.","4","0","Botticelli","17.2",528496.5791,4566155.686,555
"955","T24","47.65","Limo argilloso torboso nerastro.","4","0","Botticelli","17.2",528496.5791,4566155.686,555
"956","T24","47.7","Limo argilloso torboso nerastro.","4","0","Botticelli","17.2",528496.5791,4566155.686,555
"957","T24","47.75","Limo argilloso torboso nerastro.","4","0","Botticelli","17.2",528496.5791,4566155.686,555
"958","T24","47.8","Limo argilloso torboso nerastro.","4","0","Botticelli","17.2",528496.5791,4566155.686,555
"959","T24","47.85","Limo argilloso torboso nerastro.","4","0","Botticelli","17.2",528496.5791,4566155.686,555
"960","T24","47.9","Limo argilloso torboso nerastro.","4","0","Botticelli","17.2",528496.5791,4566155.686,555
"961","T24","47.95","Limo argilloso torboso nerastro.","4","0","Botticelli","17.2",528496.5791,4566155.686,555
"962","T24","48","Limo argilloso torboso nerastro.","4","0","Botticelli","17.2",528496.5791,4566155.686,555
"963","T24","48.05","Limo argilloso torboso nerastro.","4","0","Botticelli","17.2",528496.5791,4566155.686,555
"964","T24","48.1","Limo argilloso torboso nerastro.","4","0","Botticelli","17.2",528496.5791,4566155.686,555
"965","T24","48.15","Limo argilloso torboso nerastro.","4","0","Botticelli","17.2",528496.5791,4566155.686,555
"966","T24","48.2","Limo argilloso torboso nerastro.","4","0","Botticelli","17.2",528496.5791,4566155.686,555
"967","T24","48.25","Limo argilloso torboso nerastro.","4","0","Botticelli","17.2",528496.5791,4566155.686,555
"968","T24","48.3","Limo argilloso torboso nerastro.","4","0","Botticelli","17.2",528496.5791,4566155.686,555
"969","T24","48.35","Limo argilloso torboso nerastro.","4","0","Botticelli","17.2",528496.5791,4566155.686,555
"970","T24","48.4","Limo argilloso torboso nerastro.","4","0","Botticelli","17.2",528496.5791,4566155.686,555
"971","T24","48.45","Limo argilloso torboso nerastro.","4","0","Botticelli","17.2",528496.5791,4566155.686,555
"972","T24","48.5","Limo argilloso torboso nerastro.","4","0","Botticelli","17.2",528496.5791,4566155.686,555
"973","T24","48.55","Limo argilloso torboso nerastro.","4","0","Botticelli","17.2",528496.5791,4566155.686,555
"974","T24","48.6","Limo argilloso torboso nerastro.","4","0","Botticelli","17.2",528496.5791,4566155.686,555
"975","T24","48.65","Limo argilloso torboso nerastro.","4","0","Botticelli","17.2",528496.5791,4566155.686,555
"976","T24","48.7","Limo argilloso torboso nerastro.","4","0","Botticelli","17.2",528496.5791,4566155.686,555
"977","T24","48.75","Limo argilloso torboso nerastro.","4","0","Botticelli","17.2",528496.5791,4566155.686,555
"978","T24","48.8","Limo argilloso torboso nerastro.","4","0","Botticelli","17.2",528496.5791,4566155.686,555
"979","T24","48.85","Limo argilloso torboso nerastro.","4","0","Botticelli","17.2",528496.5791,4566155.686,555
"980","T24","48.9","Limo argilloso torboso nerastro.","4","0","Botticelli","17.2",528496.5791,4566155.686,555
"981","T24","48.95","Limo argilloso torboso nerastro.","4","0","Botticelli","17.2",528496.5791,4566155.686,555
"982","T24","49","Limo argilloso torboso nerastro.","4","0","Botticelli","17.2",528496.5791,4566155.686,555
"983","T24","49.05","Limo argilloso torboso nerastro.","4","0","Botticelli","17.2",528496.5791,4566155.686,555
"984","T24","49.1","Limo argilloso torboso nerastro.","4","0","Botticelli","17.2",528496.5791,4566155.686,555
"985","T24","49.15","Limo argilloso torboso nerastro.","4","0","Botticelli","17.2",528496.5791,4566155.686,555
"986","T24","49.2","Limo argilloso torboso nerastro.","4","0","Botticelli","17.2",528496.5791,4566155.686,555
"987","T24","49.25","Limo argilloso torboso nerastro.","4","0","Botticelli","17.2",528496.5791,4566155.686,555
"988","T24","49.3","Limo argilloso torboso nerastro.","4","0","Botticelli","17.2",528496.5791,4566155.686,555
"989","T24","49.35","Limo argilloso torboso nerastro.","4","0","Botticelli","17.2",528496.5791,4566155.686,555
"990","T24","49.4","Limo argilloso torboso nerastro.","4","0","Botticelli","17.2",528496.5791,4566155.686,555
"991","T24","49.45","Limo argilloso torboso nerastro.","4","0","Botticelli","17.2",528496.5791,4566155.686,555
"992","T24","49.5","Limo argilloso torboso nerastro.","4","0","Botticelli","17.2",528496.5791,4566155.686,555
"993","T24","49.55","Limo argilloso torboso nerastro.","4","0","Botticelli","17.2",528496.5791,4566155.686,555
"994","T24","49.6","Limo argilloso torboso nerastro.","4","0","Botticelli","17.2",528496.5791,4566155.686,555
"995","T24","49.65","Limo argilloso torboso nerastro.","4","0","Botticelli","17.2",528496.5791,4566155.686,555
"996","T24","49.7","Limo argilloso torboso nerastro.","4","0","Botticelli","17.2",528496.5791,4566155.686,555
"997","T24","49.75","Limo argilloso torboso nerastro.","4","0","Botticelli","17.2",528496.5791,4566155.686,555
"998","T24","49.8","Limo argilloso torboso nerastro.","4","0","Botticelli","17.2",528496.5791,4566155.686,555
"999","T24","49.85","Limo argilloso torboso nerastro.","4","0","Botticelli","17.2",528496.5791,4566155.686,555
"1000","T24","49.9","Limo argilloso torboso nerastro.","4","0","Botticelli","17.2",528496.5791,4566155.686,555
"1001","T24","49.95","Limo argilloso torboso nerastro.","4","0","Botticelli","17.2",528496.5791,4566155.686,555
"1002","T24","50","Limo argilloso torboso nerastro.","4","0","Botticelli","17.2",528496.5791,4566155.686,555
"1003","T24","50.05","Limo argilloso torboso nerastro.","4","0","Botticelli","17.2",528496.5791,4566155.686,555
"1004","T24","50.1","Limo argilloso torboso nerastro.","4","0","Botticelli","17.2",528496.5791,4566155.686,555
"1005","T24","50.15","Limo argilloso torboso nerastro.","4","0","Botticelli","17.2",528496.5791,4566155.686,555
"1006","T24","50.2","Limo argilloso torboso nerastro.","4","0","Botticelli","17.2",528496.5791,4566155.686,555
"1007","T24","50.25","Limo argilloso torboso nerastro.","4","0","Botticelli","17.2",528496.5791,4566155.686,555
"1008","T24","50.3","Limo argilloso torboso nerastro.","4","0","Botticelli","17.2",528496.5791,4566155.686,555
"1009","T24","50.35","Limo argilloso torboso nerastro.","4","0","Botticelli","17.2",528496.5791,4566155.686,555
"1010","T24","50.4","Limo argilloso torboso nerastro.","4","0","Botticelli","17.2",528496.5791,4566155.686,555
"1011","T24","50.45","Limo argilloso torboso nerastro.","4","0","Botticelli","17.2",528496.5791,4566155.686,555
"1012","T24","50.5","Limo argilloso torboso nerastro.","4","0","Botticelli","17.2",528496.5791,4566155.686,555
"1013","T24","50.55","Limo argilloso torboso nerastro.","4","0","Botticelli","17.2",528496.5791,4566155.686,555
"1014","T24","50.6","Limo argilloso torboso nerastro.","4","0","Botticelli","17.2",528496.5791,4566155.686,555
"1015","T24","50.65","Limo argilloso torboso nerastro.","4","0","Botticelli","17.2",528496.5791,4566155.686,555
"1016","T24","50.7","Limo argilloso torboso nerastro.","4","0","Botticelli","17.2",528496.5791,4566155.686,555
"1017","T24","50.75","Limo argilloso torboso nerastro.","4","0","Botticelli","17.2",528496.5791,4566155.686,555
"1018","T24","50.8","Limo argilloso torboso nerastro.","4","0","Botticelli","17.2",528496.5791,4566155.686,555
"1019","T24","50.85","Limo argilloso torboso nerastro.","4","0","Botticelli","17.2",528496.5791,4566155.686,555
"1020","T24","50.9","Limo argilloso torboso nerastro.","4","0","Botticelli","17.2",528496.5791,4566155.686,555
"1021","T24","50.95","Limo argilloso torboso nerastro.","4","0","Botticelli","17.2",528496.5791,4566155.686,555
"1022","T24","51","Limo argilloso torboso nerastro.","4","0","Botticelli","17.2",528496.5791,4566155.686,555
"1023","T24","51.05","Limo argilloso torboso nerastro.","4","0","Botticelli","17.2",528496.5791,4566155.686,555
"1024","T24","51.1","Limo argilloso torboso nerastro.","4","0","Botticelli","17.2",528496.5791,4566155.686,555
"1025","T24","51.15","Limo argilloso torboso nerastro.","4","0","Botticelli","17.2",528496.5791,4566155.686,555
"1026","T24","51.2","Limo argilloso torboso nerastro.","4","0","Botticelli","17.2",528496.5791,4566155.686,555
"1027","T24","51.25","Limo argilloso torboso nerastro.","4","0","Botticelli","17.2",528496.5791,4566155.686,555
"1028","T24","51.3","Limo argilloso torboso nerastro.","4","0","Botticelli","17.2",528496.5791,4566155.686,555
"1029","T24","51.35","Limo argilloso torboso nerastro.","4","0","Botticelli","17.2",528496.5791,4566155.686,555
"1030","T24","51.4","Limo argilloso torboso nerastro.","4","0","Botticelli","17.2",528496.5791,4566155.686,555
"1031","T24","51.45","Limo argilloso torboso nerastro.","4","0","Botticelli","17.2",528496.5791,4566155.686,555
"1032","T24","51.5","Limo argilloso torboso nerastro.","4","0","Botticelli","17.2",528496.5791,4566155.686,555
"1033","T24","51.55","Limo argilloso torboso nerastro.","4","0","Botticelli","17.2",528496.5791,4566155.686,555
"1034","T24","51.6","Limo argilloso torboso nerastro.","4","0","Botticelli","17.2",528496.5791,4566155.686,555
"1035","T24","51.65","Limo argilloso torboso nerastro.","4","0","Botticelli","17.2",528496.5791,4566155.686,555
"1036","T24","51.7","Limo argilloso torboso nerastro.","4","0","Botticelli","17.2",528496.5791,4566155.686,555
"1037","T24","51.75","Limo argilloso torboso nerastro.","4","0","Botticelli","17.2",528496.5791,4566155.686,555
"1038","T24","51.8","Limo argilloso torboso nerastro.","4","0","Botticelli","17.2",528496.5791,4566155.686,555
"1039","T24","51.85","Limo argilloso torboso nerastro.","4","0","Botticelli","17.2",528496.5791,4566155.686,555
"1040","T24","51.9","Limo argilloso torboso nerastro.","4","0","Botticelli","17.2",528496.5791,4566155.686,555
"1041","T24","51.95","Limo argilloso torboso nerastro.","4","0","Botticelli","17.2",528496.5791,4566155.686,555
"1042","T24","52","Limo argilloso torboso nerastro.","4","0","Botticelli","17.2",528496.5791,4566155.686,555
"1043","T24","52.05","Limo argilloso torboso nerastro.","4","0","Botticelli","17.2",528496.5791,4566155.686,555
"1044","T24","52.1","Limo argilloso torboso nerastro.","4","0","Botticelli","17.2",528496.5791,4566155.686,555
"1045","T24","52.15","Limo argilloso torboso nerastro.","4","0","Botticelli","17.2",528496.5791,4566155.686,555
"1046","T24","52.2","Limo argilloso torboso nerastro.","4","0","Botticelli","17.2",528496.5791,4566155.686,555
"1047","T24","52.25","Limo argilloso torboso nerastro.","4","0","Botticelli","17.2",528496.5791,4566155.686,555
"1048","T24","52.3","Limo argilloso torboso nerastro.","4","0","Botticelli","17.2",528496.5791,4566155.686,555
"1049","T24","52.35","Limo argilloso torboso nerastro.","4","0","Botticelli","17.2",528496.5791,4566155.686,555
"1050","T24","52.4","Limo argilloso torboso nerastro.","4","0","Botticelli","17.2",528496.5791,4566155.686,555
"1051","T24","52.45","Limo argilloso torboso nerastro.","4","0","Botticelli","17.2",528496.5791,4566155.686,555
"1052","T24","52.5","Limo argilloso torboso nerastro.","4","0","Botticelli","17.2",528496.5791,4566155.686,555
"1053","T24","52.55","Limo argilloso torboso nerastro.","4","0","Botticelli","17.2",528496.5791,4566155.686,555
"1054","T24","52.6","Limo argilloso torboso nerastro.","4","0","Botticelli","17.2",528496.5791,4566155.686,555
"1055","T24","52.65","Limo argilloso torboso nerastro.","4","0","Botticelli","17.2",528496.5791,4566155.686,555
"1056","T24","52.7","Limo argilloso torboso nerastro.","4","0","Botticelli","17.2",528496.5791,4566155.686,555
"1057","T24","52.75","Limo argilloso torboso nerastro.","4","0","Botticelli","17.2",528496.5791,4566155.686,555
"1058","T24","52.8","Limo argilloso torboso nerastro.","4","0","Botticelli","17.2",528496.5791,4566155.686,555
"1059","T24","52.85","Limo argilloso torboso nerastro.","4","0","Botticelli","17.2",528496.5791,4566155.686,555
"1060","T24","52.9","Limo argilloso torboso nerastro.","4","0","Botticelli","17.2",528496.5791,4566155.686,555
"1061","T24","52.95","Limo argilloso torboso nerastro.","4","0","Botticelli","17.2",528496.5791,4566155.686,555
"1062","T24","53","Limo argilloso torboso nerastro.","4","0","Botticelli","17.2",528496.5791,4566155.686,555
"1063","T24","53.05","Limo argilloso torboso nerastro.","4","0","Botticelli","17.2",528496.5791,4566155.686,555
"1064","T24","53.1","Limo argilloso torboso nerastro.","4","0","Botticelli","17.2",528496.5791,4566155.686,555
"1065","T24","53.15","Limo argilloso torboso nerastro.","4","0","Botticelli","17.2",528496.5791,4566155.686,555
"1066","T24","53.2","Limo argilloso torboso nerastro.","4","0","Botticelli","17.2",528496.5791,4566155.686,555
"1067","T24","53.25","Limo argilloso torboso nerastro.","4","0","Botticelli","17.2",528496.5791,4566155.686,555
"1068","T24","53.3","Limo argilloso torboso nerastro.","4","0","Botticelli","17.2",528496.5791,4566155.686,555
"1069","T24","53.35","Limo argilloso torboso nerastro.","4","0","Botticelli","17.2",528496.5791,4566155.686,555
"1070","T24","53.4","Limo argilloso torboso nerastro.","4","0","Botticelli","17.2",528496.5791,4566155.686,555
"1071","T24","53.45","Limo argilloso torboso nerastro.","4","0","Botticelli","17.2",528496.5791,4566155.686,555
"1072","T24","53.5","Limo argilloso torboso nerastro.","4","0","Botticelli","17.2",528496.5791,4566155.686,555
"1073","T24","53.55","Limo argilloso torboso nerastro.","4","0","Botticelli","17.2",528496.5791,4566155.686,555
"1074","T24","53.6","Limo argilloso torboso nerastro.","4","0","Botticelli","17.2",528496.5791,4566155.686,555
"1075","T24","53.65","Limo argilloso torboso nerastro.","4","0","Botticelli","17.2",528496.5791,4566155.686,555
"1076","T24","53.7","Limo argilloso torboso nerastro.","4","0","Botticelli","17.2",528496.5791,4566155.686,555
"1077","T24","53.75","Limo argilloso torboso nerastro.","4","0","Botticelli","17.2",528496.5791,4566155.686,555
"1078","T24","53.8","Limo argilloso torboso nerastro.","4","0","Botticelli","17.2",528496.5791,4566155.686,555
"1079","T24","53.85","Limo argilloso torboso nerastro.","4","0","Botticelli","17.2",528496.5791,4566155.686,555
"1080","T24","53.9","Limo argilloso torboso nerastro.","4","0","Botticelli","17.2",528496.5791,4566155.686,555
"1081","T24","53.95","Limo argilloso torboso nerastro.","4","0","Botticelli","17.2",528496.5791,4566155.686,555
"1082","T24","54","Limo argilloso torboso nerastro.","4","0","Botticelli","17.2",528496.5791,4566155.686,555
"1083","T24","54.05","Limo argilloso torboso nerastro.","4","0","Botticelli","17.2",528496.5791,4566155.686,555
"1084","T24","54.1","Limo argilloso torboso nerastro.","4","0","Botticelli","17.2",528496.5791,4566155.686,555
"1085","T24","54.15","Limo argilloso torboso nerastro.","4","0","Botticelli","17.2",528496.5791,4566155.686,555
"1086","T24","54.2","Limo argilloso torboso nerastro.","4","0","Botticelli","17.2",528496.5791,4566155.686,555
"1087","T24","54.25","Limo argilloso torboso nerastro.","4","0","Botticelli","17.2",528496.5791,4566155.686,555
"1088","T24","54.3","Limo argilloso torboso nerastro.","4","0","Botticelli","17.2",528496.5791,4566155.686,555
"1089","T24","54.35","Limo argilloso torboso nerastro.","4","0","Botticelli","17.2",528496.5791,4566155.686,555
"1090","T24","54.4","Limo argilloso torboso nerastro.","4","0","Botticelli","17.2",528496.5791,4566155.686,555
"1091","T24","54.45","Limo argilloso torboso nerastro.","4","0","Botticelli","17.2",528496.5791,4566155.686,555
"1092","T24","54.5","Limo argilloso torboso nerastro.","4","0","Botticelli","17.2",528496.5791,4566155.686,555
"1093","T24","54.55","Limo argilloso torboso nerastro.","4","0","Botticelli","17.2",528496.5791,4566155.686,555
"1094","T24","54.6","Limo argilloso torboso nerastro.","4","0","Botticelli","17.2",528496.5791,4566155.686,555
"1095","T24","54.65","Limo argilloso torboso nerastro.","4","0","Botticelli","17.2",528496.5791,4566155.686,555
"1096","T24","54.7","Limo argilloso torboso nerastro.","4","0","Botticelli","17.2",528496.5791,4566155.686,555
"1097","T24","54.75","Limo argilloso torboso nerastro.","4","0","Botticelli","17.2",528496.5791,4566155.686,555
"1098","T24","54.8","Limo argilloso torboso nerastro.","4","0","Botticelli","17.2",528496.5791,4566155.686,555
"1099","T24","54.85","Limo argilloso torboso nerastro.","4","0","Botticelli","17.2",528496.5791,4566155.686,555
"1100","T24","54.9","Limo argilloso torboso nerastro.","4","0","Botticelli","17.2",528496.5791,4566155.686,555
"1101","T24","54.95","Limo argilloso torboso nerastro.","4","0","Botticelli","17.2",528496.5791,4566155.686,555
"1102","T24","55","Limo argilloso torboso nerastro.","4","0","Botticelli","17.2",528496.5791,4566155.686,555
"1103","T24","55.05","Limo argilloso torboso nerastro.","4","0","Botticelli","17.2",528496.5791,4566155.686,555
"1104","T24","55.1","Limo argilloso torboso nerastro.","4","0","Botticelli","17.2",528496.5791,4566155.686,555
"1105","T24","55.15","Limo argilloso torboso nerastro.","4","0","Botticelli","17.2",528496.5791,4566155.686,555
"1106","T24","55.2","Limo argilloso torboso nerastro.","4","0","Botticelli","17.2",528496.5791,4566155.686,555
"1107","T24","55.25","Limo argilloso torboso nerastro.","4","0","Botticelli","17.2",528496.5791,4566155.686,555
"1108","T24","55.3","Limo argilloso torboso nerastro.","4","0","Botticelli","17.2",528496.5791,4566155.686,555
"1109","T24","55.35","Limo argilloso torboso nerastro.","4","0","Botticelli","17.2",528496.5791,4566155.686,555
"1110","T24","55.4","Limo argilloso torboso nerastro.","4","0","Botticelli","17.2",528496.5791,4566155.686,555
"1111","T24","55.45","Limo argilloso torboso nerastro.","4","0","Botticelli","17.2",528496.5791,4566155.686,555
"1112","T24","55.5","Limo argilloso torboso nerastro.","4","0","Botticelli","17.2",528496.5791,4566155.686,555
"1113","T24","55.55","Limo argilloso torboso nerastro.","4","0","Botticelli","17.2",528496.5791,4566155.686,555
"1114","T24","55.6","Limo argilloso torboso nerastro.","4","0","Botticelli","17.2",528496.5791,4566155.686,555
"1115","T24","55.65","Limo argilloso torboso nerastro.","4","0","Botticelli","17.2",528496.5791,4566155.686,555
"1116","T24","55.7","Limo argilloso torboso nerastro.","4","0","Botticelli","17.2",528496.5791,4566155.686,555
"1117","T24","55.75","Limo argilloso torboso nerastro.","4","0","Botticelli","17.2",528496.5791,4566155.686,555
"1118","T24","55.8","Limo argilloso torboso nerastro.","4","0","Botticelli","17.2",528496.5791,4566155.686,555
"1119","T24","55.85","Limo argilloso torboso nerastro.","4","0","Botticelli","17.2",528496.5791,4566155.686,555
"1120","T24","55.9","Limo argilloso torboso nerastro.","4","0","Botticelli","17.2",528496.5791,4566155.686,555
"1121","T24","55.95","Limo argilloso torboso nerastro.","4","0","Botticelli","17.2",528496.5791,4566155.686,555
"1122","T24","56","Limo argilloso torboso nerastro.","4","0","Botticelli","17.2",528496.5791,4566155.686,555
"1123","T24","56.05","Limo argilloso torboso nerastro.","4","0","Botticelli","17.2",528496.5791,4566155.686,555
"1124","T24","56.1","Limo argilloso torboso nerastro.","4","0","Botticelli","17.2",528496.5791,4566155.686,555
"1125","T24","56.15","Limo argilloso torboso nerastro.","4","0","Botticelli","17.2",528496.5791,4566155.686,555
"1126","T24","56.2","Limo argilloso torboso nerastro.","4","0","Botticelli","17.2",528496.5791,4566155.686,555
"1127","T24","56.25","Limo argilloso torboso nerastro.","4","0","Botticelli","17.2",528496.5791,4566155.686,555
"1128","T24","56.3","Limo argilloso torboso nerastro.","4","0","Botticelli","17.2",528496.5791,4566155.686,555
"1129","T24","56.35","Limo argilloso torboso nerastro.","4","0","Botticelli","17.2",528496.5791,4566155.686,555
"1130","T24","56.4","Limo argilloso torboso nerastro.","4","0","Botticelli","17.2",528496.5791,4566155.686,555
"1131","T24","56.45","Limo argilloso torboso nerastro.","4","0","Botticelli","17.2",528496.5791,4566155.686,555
"1132","T24","56.5","Limo argilloso torboso nerastro.","4","0","Botticelli","17.2",528496.5791,4566155.686,555
"1133","T24","56.55","Limo argilloso torboso nerastro.","4","0","Botticelli","17.2",528496.5791,4566155.686,555
"1134","T24","56.6","Limo argilloso torboso nerastro.","4","0","Botticelli","17.2",528496.5791,4566155.686,555
"1135","T24","56.65","Limo argilloso torboso nerastro.","4","0","Botticelli","17.2",528496.5791,4566155.686,555
"1136","T24","56.7","Limo argilloso torboso nerastro.","4","0","Botticelli","17.2",528496.5791,4566155.686,555
"1137","T24","56.75","Limo argilloso torboso nerastro.","4","0","Botticelli","17.2",528496.5791,4566155.686,555
"1138","T24","56.8","Limo argilloso torboso nerastro.","4","0","Botticelli","17.2",528496.5791,4566155.686,555
"1139","T24","56.85","Limo argilloso torboso nerastro.","4","0","Botticelli","17.2",528496.5791,4566155.686,555
"1140","T24","56.9","Limo argilloso torboso nerastro.","4","0","Botticelli","17.2",528496.5791,4566155.686,555
"1141","T24","56.95","Limo argilloso torboso nerastro.","4","0","Botticelli","17.2",528496.5791,4566155.686,555
"1142","T24","57","Limo argilloso torboso nerastro.","4","0","Botticelli","17.2",528496.5791,4566155.686,555
"1143","T24","57.05","Limo argilloso torboso nerastro.","4","0","Botticelli","17.2",528496.5791,4566155.686,555
"1144","T24","57.1","Limo argilloso torboso nerastro.","4","0","Botticelli","17.2",528496.5791,4566155.686,555
"1145","T24","57.15","Limo argilloso torboso nerastro.","4","0","Botticelli","17.2",528496.5791,4566155.686,555
"1146","T24","57.2","Limo argilloso torboso nerastro.","4","0","Botticelli","17.2",528496.5791,4566155.686,555
"1147","T24","57.25","Limo argilloso torboso nerastro.","4","0","Botticelli","17.2",528496.5791,4566155.686,555
"1148","T24","57.3","Limo argilloso torboso nerastro.","4","0","Botticelli","17.2",528496.5791,4566155.686,555
"1149","T24","57.35","Limo argilloso torboso nerastro.","4","0","Botticelli","17.2",528496.5791,4566155.686,555
"1150","T24","57.4","Limo argilloso torboso nerastro.","4","0","Botticelli","17.2",528496.5791,4566155.686,555
"1151","T24","57.45","Limo argilloso torboso nerastro.","4","0","Botticelli","17.2",528496.5791,4566155.686,555
"1152","T24","57.5","Limo argilloso torboso nerastro.","4","0","Botticelli","17.2",528496.5791,4566155.686,555
"1153","T24","57.55","Limo argilloso torboso nerastro.","4","0","Botticelli","17.2",528496.5791,4566155.686,555
"1154","T24","57.6","Limo argilloso torboso nerastro.","4","0","Botticelli","17.2",528496.5791,4566155.686,555
"1155","T24","57.65","Limo argilloso torboso nerastro.","4","0","Botticelli","17.2",528496.5791,4566155.686,555
"1156","T24","57.7","Limo argilloso torboso nerastro.","4","0","Botticelli","17.2",528496.5791,4566155.686,555
"1157","T24","57.75","Limo argilloso torboso nerastro.","4","0","Botticelli","17.2",528496.5791,4566155.686,555
"1158","T24","57.8","Limo argilloso torboso nerastro.","4","0","Botticelli","17.2",528496.5791,4566155.686,555
"1159","T24","57.85","Limo argilloso torboso nerastro.","4","0","Botticelli","17.2",528496.5791,4566155.686,555
"1160","T24","57.9","Limo argilloso torboso nerastro.","4","0","Botticelli","17.2",528496.5791,4566155.686,555
"1161","T24","57.95","Limo argilloso torboso nerastro.","4","0","Botticelli","17.2",528496.5791,4566155.686,555
"1162","T24","58","Limo argilloso torboso nerastro.","4","0","Botticelli","17.2",528496.5791,4566155.686,555
"1163","T24","58.05","Limo argilloso torboso nerastro.","4","0","Botticelli","17.2",528496.5791,4566155.686,555
"1164","T24","58.1","Limo argilloso torboso nerastro.","4","0","Botticelli","17.2",528496.5791,4566155.686,555
"1165","T24","58.15","Limo argilloso torboso nerastro.","4","0","Botticelli","17.2",528496.5791,4566155.686,555
"1166","T24","58.2","Limo argilloso torboso nerastro.","4","0","Botticelli","17.2",528496.5791,4566155.686,555
"1167","T24","58.25","Limo argilloso torboso nerastro.","4","0","Botticelli","17.2",528496.5791,4566155.686,555
"1168","T24","58.3","Limo argilloso torboso nerastro.","4","0","Botticelli","17.2",528496.5791,4566155.686,555
"1169","T24","58.35","Limo argilloso torboso nerastro.","4","0","Botticelli","17.2",528496.5791,4566155.686,555
"1170","T24","58.4","Limo argilloso torboso nerastro.","4","0","Botticelli","17.2",528496.5791,4566155.686,555
"1171","T24","58.45","Limo argilloso torboso nerastro.","4","0","Botticelli","17.2",528496.5791,4566155.686,555
"1172","T24","58.5","Limo argilloso torboso nerastro.","4","0","Botticelli","17.2",528496.5791,4566155.686,555
"1173","T24","58.55","Limo argilloso torboso nerastro.","4","0","Botticelli","17.2",528496.5791,4566155.686,555
"1174","T24","58.6","Limo argilloso torboso nerastro.","4","0","Botticelli","17.2",528496.5791,4566155.686,555
"1175","T24","58.65","Limo argilloso torboso nerastro.","4","0","Botticelli","17.2",528496.5791,4566155.686,555
"1176","T24","58.7","Limo argilloso torboso nerastro.","4","0","Botticelli","17.2",528496.5791,4566155.686,555
"1177","T24","58.75","Limo argilloso torboso nerastro.","4","0","Botticelli","17.2",528496.5791,4566155.686,555
"1178","T24","58.8","Limo argilloso torboso nerastro.","4","0","Botticelli","17.2",528496.5791,4566155.686,555
"1179","T24","58.85","Limo argilloso torboso nerastro.","4","0","Botticelli","17.2",528496.5791,4566155.686,555
"1180","T24","58.9","Limo argilloso torboso nerastro.","4","0","Botticelli","17.2",528496.5791,4566155.686,555
"1181","T24","58.95","Limo argilloso torboso nerastro.","4","0","Botticelli","17.2",528496.5791,4566155.686,555
"1182","T24","59","Limo argilloso torboso nerastro.","4","0","Botticelli","17.2",528496.5791,4566155.686,555
"1183","T24","59.05","Limo argilloso torboso nerastro.","4","0","Botticelli","17.2",528496.5791,4566155.686,555
"1184","T24","59.1","Limo argilloso torboso nerastro.","4","0","Botticelli","17.2",528496.5791,4566155.686,555
"1185","T24","59.15","Limo argilloso torboso nerastro.","4","0","Botticelli","17.2",528496.5791,4566155.686,555
"1186","T24","59.2","Limo argilloso torboso nerastro.","4","0","Botticelli","17.2",528496.5791,4566155.686,555
"1187","T24","59.25","Limo argilloso torboso nerastro.","4","0","Botticelli","17.2",528496.5791,4566155.686,555
"1188","T24","59.3","Limo argilloso torboso nerastro.","4","0","Botticelli","17.2",528496.5791,4566155.686,555
"1189","T24","59.35","Limo argilloso torboso nerastro.","4","0","Botticelli","17.2",528496.5791,4566155.686,555
"1190","T24","59.4","Limo argilloso torboso nerastro.","4","0","Botticelli","17.2",528496.5791,4566155.686,555
"1191","T24","59.45","Limo argilloso torboso nerastro.","4","0","Botticelli","17.2",528496.5791,4566155.686,555
"1192","T24","59.5","Limo argilloso torboso nerastro.","4","0","Botticelli","17.2",528496.5791,4566155.686,555
"1193","T24","59.55","Limo argilloso torboso nerastro.","4","0","Botticelli","17.2",528496.5791,4566155.686,555
"1194","T24","59.6","Limo argilloso torboso nerastro.","4","0","Botticelli","17.2",528496.5791,4566155.686,555
"1195","T24","59.65","Limo argilloso torboso nerastro.","4","0","Botticelli","17.2",528496.5791,4566155.686,555
"1196","T24","59.7","Limo argilloso torboso nerastro.","4","0","Botticelli","17.2",528496.5791,4566155.686,555
"1197","T24","59.75","Limo argilloso torboso nerastro.","4","0","Botticelli","17.2",528496.5791,4566155.686,555
"1198","T24","59.8","Limo argilloso torboso nerastro.","4","0","Botticelli","17.2",528496.5791,4566155.686,555
"1199","T24","59.85","Limo argilloso torboso nerastro.","4","0","Botticelli","17.2",528496.5791,4566155.686,555
"1200","T24","59.9","Limo argilloso torboso nerastro.","4","0","Botticelli","17.2",528496.5791,4566155.686,555
"1201","T24","59.95","Limo argilloso torboso nerastro.","4","0","Botticelli","17.2",528496.5791,4566155.686,555
"1202","T24","60","Limo argilloso torboso nerastro.","4","0","Botticelli","17.2",528496.5791,4566155.686,555
"1203","T24","60.05","Limo argilloso torboso nerastro.","4","0","Botticelli","17.2",528496.5791,4566155.686,555
"1204","T24","60.1","Limo argilloso torboso nerastro.","4","0","Botticelli","17.2",528496.5791,4566155.686,555
"1205","T24","60.15","Limo argilloso torboso nerastro.","4","0","Botticelli","17.2",528496.5791,4566155.686,555
"1206","T24","60.2","Limo argilloso torboso nerastro.","4","0","Botticelli","17.2",528496.5791,4566155.686,555
"1207","T24","60.25","Limo argilloso torboso nerastro.","4","0","Botticelli","17.2",528496.5791,4566155.686,555
"1208","T24","60.3","Limo argilloso torboso nerastro.","4","0","Botticelli","17.2",528496.5791,4566155.686,555
"1209","T24","60.35","Limo argilloso torboso nerastro.","4","0","Botticelli","17.2",528496.5791,4566155.686,555
"1210","T24","60.4","Limo argilloso torboso nerastro.","4","0","Botticelli","17.2",528496.5791,4566155.686,555
"1211","T24","60.45","Limo argilloso torboso nerastro.","4","0","Botticelli","17.2",528496.5791,4566155.686,555
"1212","T24","60.5","Limo argilloso torboso nerastro.","4","0","Botticelli","17.2",528496.5791,4566155.686,555
"1213","T24","60.55","Limo argilloso torboso nerastro.","4","0","Botticelli","17.2",528496.5791,4566155.686,555
"1214","T24","60.6","Limo argilloso torboso nerastro.","4","0","Botticelli","17.2",528496.5791,4566155.686,555
"1215","T24","60.65","Limo argilloso torboso nerastro.","4","0","Botticelli","17.2",528496.5791,4566155.686,555
"1216","T24","60.7","Limo argilloso torboso nerastro.","4","0","Botticelli","17.2",528496.5791,4566155.686,555
"1217","T24","60.75","Limo argilloso torboso nerastro.","4","0","Botticelli","17.2",528496.5791,4566155.686,555
"1218","T24","60.8","Limo argilloso torboso nerastro.","4","0","Botticelli","17.2",528496.5791,4566155.686,555
"1219","T24","60.85","Limo argilloso torboso nerastro.","4","0","Botticelli","17.2",528496.5791,4566155.686,555
"1220","T24","60.9","Limo argilloso torboso nerastro.","4","0","Botticelli","17.2",528496.5791,4566155.686,555
"1221","T24","60.95","Limo argilloso torboso nerastro.","4","0","Botticelli","17.2",528496.5791,4566155.686,555
"1222","T24","61","Limo argilloso torboso nerastro.","4","0","Botticelli","17.2",528496.5791,4566155.686,555
"1223","T24","61.05","Limo argilloso torboso nerastro.","4","0","Botticelli","17.2",528496.5791,4566155.686,555
"1224","T24","61.1","Limo argilloso torboso nerastro.","4","0","Botticelli","17.2",528496.5791,4566155.686,555
"1225","T24","61.15","Limo argilloso torboso nerastro.","4","0","Botticelli","17.2",528496.5791,4566155.686,555
"1226","T24","61.2","Limo argilloso torboso nerastro.","4","0","Botticelli","17.2",528496.5791,4566155.686,555
"1227","T24","61.25","Limo argilloso torboso nerastro.","4","0","Botticelli","17.2",528496.5791,4566155.686,555
"1228","T24","61.3","Limo argilloso torboso nerastro.","4","0","Botticelli","17.2",528496.5791,4566155.686,555
"1229","T24","61.35","Limo argilloso torboso nerastro.","4","0","Botticelli","17.2",528496.5791,4566155.686,555
"1230","T24","61.4","Limo argilloso torboso nerastro.","4","0","Botticelli","17.2",528496.5791,4566155.686,555
"1231","T24","61.45","Limo argilloso torboso nerastro.","4","0","Botticelli","17.2",528496.5791,4566155.686,555
"1232","T24","61.5","Limo argilloso torboso nerastro.","4","0","Botticelli","17.2",528496.5791,4566155.686,555
"1233","T24","61.55","Limo argilloso torboso nerastro.","4","0","Botticelli","17.2",528496.5791,4566155.686,555
"1234","T24","61.6","Limo argilloso torboso nerastro.","4","0","Botticelli","17.2",528496.5791,4566155.686,555
"1235","T24","61.65","Limo argilloso torboso nerastro.","4","0","Botticelli","17.2",528496.5791,4566155.686,555
"1236","T24","61.7","Limo argilloso torboso nerastro.","4","0","Botticelli","17.2",528496.5791,4566155.686,555
"1237","T24","61.75","Limo argilloso torboso nerastro.","4","0","Botticelli","17.2",528496.5791,4566155.686,555
"1238","T24","61.8","Limo argilloso torboso nerastro.","4","0","Botticelli","17.2",528496.5791,4566155.686,555
"1239","T24","61.85","Limo argilloso torboso nerastro.","4","0","Botticelli","17.2",528496.5791,4566155.686,555
"1240","T24","61.9","Limo argilloso torboso nerastro.","4","0","Botticelli","17.2",528496.5791,4566155.686,555
"1241","T24","61.95","Limo argilloso torboso nerastro.","4","0","Botticelli","17.2",528496.5791,4566155.686,555
"1242","T24","62","Limo argilloso torboso nerastro.","4","0","Botticelli","17.2",528496.5791,4566155.686,555
"1243","T24","62.05","Limo argilloso torboso nerastro.","4","0","Botticelli","17.2",528496.5791,4566155.686,555
"1244","T24","62.1","Limo argilloso torboso nerastro.","4","0","Botticelli","17.2",528496.5791,4566155.686,555
"1245","T24","62.15","Limo argilloso torboso nerastro.","4","0","Botticelli","17.2",528496.5791,4566155.686,555
"1246","T24","62.2","Limo argilloso torboso nerastro.","4","0","Botticelli","17.2",528496.5791,4566155.686,555
"1247","T24","62.25","Limo argilloso torboso nerastro.","4","0","Botticelli","17.2",528496.5791,4566155.686,555
"1248","T24","62.3","Limo argilloso torboso nerastro.","4","0","Botticelli","17.2",528496.5791,4566155.686,555
"1249","T24","62.35","Limo argilloso torboso nerastro.","4","0","Botticelli","17.2",528496.5791,4566155.686,555
"1250","T24","62.4","Limo argilloso torboso nerastro.","4","0","Botticelli","17.2",528496.5791,4566155.686,555
"1251","T24","62.45","Limo argilloso torboso nerastro.","4","0","Botticelli","17.2",528496.5791,4566155.686,555
"1252","T24","62.5","Limo argilloso torboso nerastro.","4","0","Botticelli","17.2",528496.5791,4566155.686,555
"1253","T24","62.55","Limo argilloso torboso nerastro.","4","0","Botticelli","17.2",528496.5791,4566155.686,555
"1254","T24","62.6","Limo argilloso torboso nerastro.","4","0","Botticelli","17.2",528496.5791,4566155.686,555
"1255","T24","62.65","Limo argilloso torboso nerastro.","4","0","Botticelli","17.2",528496.5791,4566155.686,555
"1256","T24","62.7","Limo argilloso torboso nerastro.","4","0","Botticelli","17.2",528496.5791,4566155.686,555
"1257","T24","62.75","Limo argilloso torboso nerastro.","4","0","Botticelli","17.2",528496.5791,4566155.686,555
"1258","T24","62.8","Limo argilloso torboso nerastro.","4","0","Botticelli","17.2",528496.5791,4566155.686,555
"1259","T24","62.85","Limo argilloso torboso nerastro.","4","0","Botticelli","17.2",528496.5791,4566155.686,555
"1260","T24","62.9","Limo argilloso torboso nerastro.","4","0","Botticelli","17.2",528496.5791,4566155.686,555
"1261","T24","62.95","Limo argilloso torboso nerastro.","4","0","Botticelli","17.2",528496.5791,4566155.686,555
"1262","T24","63","Limo argilloso torboso nerastro.","4","0","Botticelli","17.2",528496.5791,4566155.686,555
"1263","T24","63.05","Limo argilloso torboso nerastro.","4","0","Botticelli","17.2",528496.5791,4566155.686,555
"1264","T24","63.1","Limo argilloso torboso nerastro.","4","0","Botticelli","17.2",528496.5791,4566155.686,555
"1265","T24","63.15","Limo argilloso torboso nerastro.","4","0","Botticelli","17.2",528496.5791,4566155.686,555
"1266","T24","63.2","Limo argilloso torboso nerastro.","4","0","Botticelli","17.2",528496.5791,4566155.686,555
"1267","T24","63.25","Limo argilloso torboso nerastro.","4","0","Botticelli","17.2",528496.5791,4566155.686,555
"1268","T24","63.3","Limo argilloso torboso nerastro.","4","0","Botticelli","17.2",528496.5791,4566155.686,555
"1269","T24","63.35","Limo argilloso torboso nerastro.","4","0","Botticelli","17.2",528496.5791,4566155.686,555
"1270","T24","63.4","Limo argilloso torboso nerastro.","4","0","Botticelli","17.2",528496.5791,4566155.686,555
"1271","T24","63.45","Limo argilloso torboso nerastro.","4","0","Botticelli","17.2",528496.5791,4566155.686,555
"1272","T24","63.5","Limo argilloso torboso nerastro.","4","0","Botticelli","17.2",528496.5791,4566155.686,555
"1273","T24","63.55","Limo argilloso torboso nerastro.","4","0","Botticelli","17.2",528496.5791,4566155.686,555
"1274","T24","63.6","Limo argilloso torboso nerastro.","4","0","Botticelli","17.2",528496.5791,4566155.686,555
"1275","T24","63.65","Limo argilloso torboso nerastro.","4","0","Botticelli","17.2",528496.5791,4566155.686,555
"1276","T24","63.7","Limo argilloso torboso nerastro.","4","0","Botticelli","17.2",528496.5791,4566155.686,555
"1277","T24","63.75","Limo argilloso torboso nerastro.","4","0","Botticelli","17.2",528496.5791,4566155.686,555
"1278","T24","63.8","Limo argilloso torboso nerastro.","4","0","Botticelli","17.2",528496.5791,4566155.686,555
"1279","T24","63.85","Limo argilloso torboso nerastro.","4","0","Botticelli","17.2",528496.5791,4566155.686,555
"1280","T24","63.9","Limo argilloso torboso nerastro.","4","0","Botticelli","17.2",528496.5791,4566155.686,555
"1281","T24","63.95","Limo argilloso torboso nerastro.","4","0","Botticelli","17.2",528496.5791,4566155.686,555
"1282","T24","64","Limo argilloso torboso nerastro.","4","0","Botticelli","17.2",528496.5791,4566155.686,555
"1283","T24","64.05","Limo argilloso torboso nerastro.","4","0","Botticelli","17.2",528496.5791,4566155.686,555
"1284","T24","64.1","Limo argilloso torboso nerastro.","4","0","Botticelli","17.2",528496.5791,4566155.686,555
"1285","T24","64.15","Limo argilloso torboso nerastro.","4","0","Botticelli","17.2",528496.5791,4566155.686,555
"1286","T24","64.2","Limo argilloso torboso nerastro.","4","0","Botticelli","17.2",528496.5791,4566155.686,555
"1287","T24","64.25","Limo argilloso torboso nerastro.","4","0","Botticelli","17.2",528496.5791,4566155.686,555
"1288","T24","64.3","Limo argilloso torboso nerastro.","4","0","Botticelli","17.2",528496.5791,4566155.686,555
"1289","T24","64.35","Limo argilloso torboso nerastro.","4","0","Botticelli","17.2",528496.5791,4566155.686,555
"1290","T24","64.4","Limo argilloso torboso nerastro.","4","0","Botticelli","17.2",528496.5791,4566155.686,555
"1291","T24","64.45","Limo argilloso torboso nerastro.","4","0","Botticelli","17.2",528496.5791,4566155.686,555
"1292","T24","64.5","Limo argilloso torboso nerastro.","4","0","Botticelli","17.2",528496.5791,4566155.686,555
"1293","T24","64.55","Limo argilloso torboso nerastro.","4","0","Botticelli","17.2",528496.5791,4566155.686,555
"1294","T24","64.6","Limo argilloso torboso nerastro.","4","0","Botticelli","17.2",528496.5791,4566155.686,555
"1295","T24","64.65","Limo argilloso torboso nerastro.","4","0","Botticelli","17.2",528496.5791,4566155.686,555
"1296","T24","64.7","Limo argilloso torboso nerastro.","4","0","Botticelli","17.2",528496.5791,4566155.686,555
"1297","T24","64.75","Limo argilloso torboso nerastro.","4","0","Botticelli","17.2",528496.5791,4566155.686,555
"1298","T24","64.8","Limo argilloso torboso nerastro.","4","0","Botticelli","17.2",528496.5791,4566155.686,555
"1299","T24","64.85","Limo argilloso torboso nerastro.","4","0","Botticelli","17.2",528496.5791,4566155.686,555
"1300","T24","64.9","Limo argilloso torboso nerastro.","4","0","Botticelli","17.2",528496.5791,4566155.686,555
"1301","T24","64.95","Limo argilloso torboso nerastro.","4","0","Botticelli","17.2",528496.5791,4566155.686,555
"1302","T24","65","Limo argilloso torboso nerastro.","4","0","Botticelli","17.2",528496.5791,4566155.686,555
"1303","T24","65.05","Limo argilloso torboso nerastro.","4","0","Botticelli","17.2",528496.5791,4566155.686,555
"1304","T24","65.1","Limo argilloso torboso nerastro.","4","0","Botticelli","17.2",528496.5791,4566155.686,555
"1305","T24","65.15","Limo argilloso torboso nerastro.","4","0","Botticelli","17.2",528496.5791,4566155.686,555
"1306","T24","65.2","Limo argilloso torboso nerastro.","4","0","Botticelli","17.2",528496.5791,4566155.686,555
"1307","T24","65.25","Limo argilloso torboso nerastro.","4","0","Botticelli","17.2",528496.5791,4566155.686,555
"1308","T24","65.3","Limo argilloso torboso nerastro.","4","0","Botticelli","17.2",528496.5791,4566155.686,555
"1309","T24","65.35","Limo argilloso torboso nerastro.","4","0","Botticelli","17.2",528496.5791,4566155.686,555
"1310","T24","65.4","Limo argilloso torboso nerastro.","4","0","Botticelli","17.2",528496.5791,4566155.686,555
"1311","T24","65.45","Limo argilloso torboso nerastro.","4","0","Botticelli","17.2",528496.5791,4566155.686,555
"1312","T24","65.5","Limo argilloso torboso nerastro.","4","0","Botticelli","17.2",528496.5791,4566155.686,555
"1313","T24","65.55","Limo argilloso torboso nerastro.","4","0","Botticelli","17.2",528496.5791,4566155.686,555
"1314","T24","65.6","Limo argilloso torboso nerastro.","4","0","Botticelli","17.2",528496.5791,4566155.686,555
"1315","T24","65.65","Limo argilloso torboso nerastro.","4","0","Botticelli","17.2",528496.5791,4566155.686,555
"1316","T24","65.7","Limo argilloso torboso nerastro.","4","0","Botticelli","17.2",528496.5791,4566155.686,555
"1317","T24","65.75","Limo argilloso torboso nerastro.","4","0","Botticelli","17.2",528496.5791,4566155.686,555
"1318","T24","65.8","Limo argilloso torboso nerastro.","4","0","Botticelli","17.2",528496.5791,4566155.686,555
"1319","T24","65.85","Limo argilloso torboso nerastro.","4","0","Botticelli","17.2",528496.5791,4566155.686,555
"1320","T24","65.9","Limo argilloso torboso nerastro.","4","0","Botticelli","17.2",528496.5791,4566155.686,555
"1321","T24","65.95","Limo argilloso torboso nerastro.","4","0","Botticelli","17.2",528496.5791,4566155.686,555
"1322","T24","66","Limo argilloso torboso nerastro.","4","0","Botticelli","17.2",528496.5791,4566155.686,555
"1323","T24","66.05","Limo argilloso torboso nerastro.","4","0","Botticelli","17.2",528496.5791,4566155.686,555
"1324","T24","66.1","Limo argilloso torboso nerastro.","4","0","Botticelli","17.2",528496.5791,4566155.686,555
"1325","T24","66.15","Limo argilloso torboso nerastro.","4","0","Botticelli","17.2",528496.5791,4566155.686,555
"1326","T24","66.2","Limo argilloso torboso nerastro.","4","0","Botticelli","17.2",528496.5791,4566155.686,555
"1327","T24","66.25","Limo argilloso torboso nerastro.","4","0","Botticelli","17.2",528496.5791,4566155.686,555
"1328","T24","66.3","Limo argilloso torboso nerastro.","4","0","Botticelli","17.2",528496.5791,4566155.686,555
"1329","T24","66.35","Limo argilloso torboso nerastro.","4","0","Botticelli","17.2",528496.5791,4566155.686,555
"1330","T24","66.4","Limo argilloso torboso nerastro.","4","0","Botticelli","17.2",528496.5791,4566155.686,555
"1331","T24","66.45","Limo argilloso torboso nerastro.","4","0","Botticelli","17.2",528496.5791,4566155.686,555
"1332","T24","66.5","Limo argilloso torboso nerastro.","4","0","Botticelli","17.2",528496.5791,4566155.686,555
"1333","T24","66.55","Limo argilloso torboso nerastro.","4","0","Botticelli","17.2",528496.5791,4566155.686,555
"1334","T24","66.6","Limo argilloso torboso nerastro.","4","0","Botticelli","17.2",528496.5791,4566155.686,555
"1335","T24","66.65","Limo argilloso torboso nerastro.","4","0","Botticelli","17.2",528496.5791,4566155.686,555
"1336","T24","66.7","Limo argilloso torboso nerastro.","4","0","Botticelli","17.2",528496.5791,4566155.686,555
"1337","T24","66.75","Limo argilloso torboso nerastro.","4","0","Botticelli","17.2",528496.5791,4566155.686,555
"1338","T24","66.8","Limo argilloso torboso nerastro.","4","0","Botticelli","17.2",528496.5791,4566155.686,555
"1339","T24","66.85","Limo argilloso torboso nerastro.","4","0","Botticelli","17.2",528496.5791,4566155.686,555
"1340","T24","66.9","Limo argilloso torboso nerastro.","4","0","Botticelli","17.2",528496.5791,4566155.686,555
"1341","T24","66.95","Limo argilloso torboso nerastro.","4","0","Botticelli","17.2",528496.5791,4566155.686,555
"1342","T24","67","Limo argilloso torboso nerastro.","4","0","Botticelli","17.2",528496.5791,4566155.686,555
"1343","T24","67.05","Limo argilloso torboso nerastro.","4","0","Botticelli","17.2",528496.5791,4566155.686,555
"1344","T24","67.1","Limo argilloso torboso nerastro.","4","0","Botticelli","17.2",528496.5791,4566155.686,555
"1345","T24","67.15","Limo argilloso torboso nerastro.","4","0","Botticelli","17.2",528496.5791,4566155.686,555
"1346","T24","67.2","Limo argilloso torboso nerastro.","4","0","Botticelli","17.2",528496.5791,4566155.686,555
"1347","T24","67.25","Limo argilloso torboso nerastro.","4","0","Botticelli","17.2",528496.5791,4566155.686,555
"1348","T24","67.3","Limo argilloso torboso nerastro.","4","0","Botticelli","17.2",528496.5791,4566155.686,555
"1349","T24","67.35","Limo argilloso torboso nerastro.","4","0","Botticelli","17.2",528496.5791,4566155.686,555
"1350","T24","67.4","Limo argilloso torboso nerastro.","4","0","Botticelli","17.2",528496.5791,4566155.686,555
"1351","T24","67.45","Limo argilloso torboso nerastro.","4","0","Botticelli","17.2",528496.5791,4566155.686,555
"1352","T24","67.5","Limo argilloso torboso nerastro.","4","0","Botticelli","17.2",528496.5791,4566155.686,555
"1353","T24","67.55","Limo argilloso torboso nerastro.","4","0","Botticelli","17.2",528496.5791,4566155.686,555
"1354","T24","67.6","Limo argilloso torboso nerastro.","4","0","Botticelli","17.2",528496.5791,4566155.686,555
"1355","T24","67.65","Limo argilloso torboso nerastro.","4","0","Botticelli","17.2",528496.5791,4566155.686,555
"1356","T24","67.7","Limo argilloso torboso nerastro.","4","0","Botticelli","17.2",528496.5791,4566155.686,555
"1357","T24","67.75","Limo argilloso torboso nerastro.","4","0","Botticelli","17.2",528496.5791,4566155.686,555
"1358","T24","67.8","Limo argilloso torboso nerastro.","4","0","Botticelli","17.2",528496.5791,4566155.686,555
"1359","T24","67.85","Limo argilloso torboso nerastro.","4","0","Botticelli","17.2",528496.5791,4566155.686,555
"1360","T24","67.9","Limo argilloso torboso nerastro.","4","0","Botticelli","17.2",528496.5791,4566155.686,555
"1361","T24","67.95","Limo argilloso torboso nerastro.","4","0","Botticelli","17.2",528496.5791,4566155.686,555
"1362","T24","68","Limo argilloso torboso nerastro.","4","0","Botticelli","17.2",528496.5791,4566155.686,555
"1363","T24","68.05","Limo argilloso torboso nerastro.","4","0","Botticelli","17.2",528496.5791,4566155.686,555
"1364","T24","68.1","Limo argilloso torboso nerastro.","4","0","Botticelli","17.2",528496.5791,4566155.686,555
"1365","T24","68.15","Limo argilloso torboso nerastro.","4","0","Botticelli","17.2",528496.5791,4566155.686,555
"1366","T24","68.2","Limo argilloso torboso nerastro.","4","0","Botticelli","17.2",528496.5791,4566155.686,555
"1367","T24","68.25","Limo argilloso torboso nerastro.","4","0","Botticelli","17.2",528496.5791,4566155.686,555
"1368","T24","68.3","Limo argilloso torboso nerastro.","4","0","Botticelli","17.2",528496.5791,4566155.686,555
"1369","T24","68.35","Limo argilloso torboso nerastro.","4","0","Botticelli","17.2",528496.5791,4566155.686,555
"1370","T24","68.4","Limo argilloso torboso nerastro.","4","0","Botticelli","17.2",528496.5791,4566155.686,555
"1371","T24","68.45","Limo argilloso torboso nerastro.","4","0","Botticelli","17.2",528496.5791,4566155.686,555
"1372","T24","68.5","Limo argilloso torboso nerastro.","4","0","Botticelli","17.2",528496.5791,4566155.686,555
"1373","T24","68.55","Limo argilloso torboso nerastro.","4","0","Botticelli","17.2",528496.5791,4566155.686,555
"1374","T24","68.6","Limo argilloso torboso nerastro.","4","0","Botticelli","17.2",528496.5791,4566155.686,555
"1375","T24","68.65","Limo argilloso torboso nerastro.","4","0","Botticelli","17.2",528496.5791,4566155.686,555
"1376","T24","68.7","Limo argilloso torboso nerastro.","4","0","Botticelli","17.2",528496.5791,4566155.686,555
"1377","T24","68.75","Limo argilloso torboso nerastro.","4","0","Botticelli","17.2",528496.5791,4566155.686,555
"1378","T24","68.8","Limo argilloso torboso nerastro.","4","0","Botticelli","17.2",528496.5791,4566155.686,555
"1379","T24","68.85","Limo argilloso torboso nerastro.","4","0","Botticelli","17.2",528496.5791,4566155.686,555
"1380","T24","68.9","Limo argilloso torboso nerastro.","4","0","Botticelli","17.2",528496.5791,4566155.686,555
"1381","T24","68.95","Limo argilloso torboso nerastro.","4","0","Botticelli","17.2",528496.5791,4566155.686,555
"1382","T24","69","Limo argilloso torboso nerastro.","4","0","Botticelli","17.2",528496.5791,4566155.686,555
"1383","T24","69.05","Limo argilloso torboso nerastro.","4","0","Botticelli","17.2",528496.5791,4566155.686,555
"1384","T24","69.1","Limo argilloso torboso nerastro.","4","0","Botticelli","17.2",528496.5791,4566155.686,555
"1385","T24","69.15","Limo argilloso torboso nerastro.","4","0","Botticelli","17.2",528496.5791,4566155.686,555
"1386","T24","69.2","Limo argilloso torboso nerastro.","4","0","Botticelli","17.2",528496.5791,4566155.686,555
"1387","T24","69.25","Limo argilloso torboso nerastro.","4","0","Botticelli","17.2",528496.5791,4566155.686,555
"1388","T24","69.3","Limo argilloso torboso nerastro.","4","0","Botticelli","17.2",528496.5791,4566155.686,555
"1389","T24","69.35","Limo argilloso torboso nerastro.","4","0","Botticelli","17.2",528496.5791,4566155.686,555
"1390","T24","69.4","Limo argilloso torboso nerastro.","4","0","Botticelli","17.2",528496.5791,4566155.686,555
"1391","T24","69.45","Limo argilloso torboso nerastro.","4","0","Botticelli","17.2",528496.5791,4566155.686,555
"1392","T24","69.5","Limo argilloso torboso nerastro.","4","0","Botticelli","17.2",528496.5791,4566155.686,555
"1393","T24","69.55","Limo argilloso torboso nerastro.","4","0","Botticelli","17.2",528496.5791,4566155.686,555
"1394","T24","69.6","Limo argilloso torboso nerastro.","4","0","Botticelli","17.2",528496.5791,4566155.686,555
"1395","T24","69.65","Limo argilloso torboso nerastro.","4","0","Botticelli","17.2",528496.5791,4566155.686,555
"1396","T24","69.7","Limo argilloso torboso nerastro.","4","0","Botticelli","17.2",528496.5791,4566155.686,555
"1397","T24","69.75","Limo argilloso torboso nerastro.","4","0","Botticelli","17.2",528496.5791,4566155.686,555
"1398","T24","69.8","Limo argilloso torboso nerastro.","4","0","Botticelli","17.2",528496.5791,4566155.686,555
"1399","T24","69.85","Limo argilloso torboso nerastro.","4","0","Botticelli","17.2",528496.5791,4566155.686,555
"1400","T24","69.9","Limo argilloso torboso nerastro.","4","0","Botticelli","17.2",528496.5791,4566155.686,555
"1401","T24","69.95","Limo argilloso torboso nerastro.","4","0","Botticelli","17.2",528496.5791,4566155.686,555
"1402","T24","70","Limo argilloso torboso nerastro.","4","0","Botticelli","17.2",528496.5791,4566155.686,555
"1403","T24","70.05","Limo argilloso torboso nerastro.","4","0","Botticelli","17.2",528496.5791,4566155.686,555
"1404","T24","70.1","Limo argilloso torboso nerastro.","4","0","Botticelli","17.2",528496.5791,4566155.686,555
"1405","T24","70.15","Limo argilloso torboso nerastro.","4","0","Botticelli","17.2",528496.5791,4566155.686,555
"1406","T24","70.2","Limo argilloso torboso nerastro.","4","0","Botticelli","17.2",528496.5791,4566155.686,555
"1407","T24","70.25","Limo argilloso torboso nerastro.","4","0","Botticelli","17.2",528496.5791,4566155.686,555
"1408","T24","70.3","Limo argilloso torboso nerastro.","4","0","Botticelli","17.2",528496.5791,4566155.686,555
"1409","T24","70.35","Limo argilloso torboso nerastro.","4","0","Botticelli","17.2",528496.5791,4566155.686,555
"1410","T24","70.4","Limo argilloso torboso nerastro.","4","0","Botticelli","17.2",528496.5791,4566155.686,555
"1411","T24","70.45","Limo argilloso torboso nerastro.","4","0","Botticelli","17.2",528496.5791,4566155.686,555
"1412","T24","70.5","Limo argilloso torboso nerastro.","4","0","Botticelli","17.2",528496.5791,4566155.686,555
"1413","T24","70.55","Limo argilloso torboso nerastro.","4","0","Botticelli","17.2",528496.5791,4566155.686,555
"1414","T24","70.6","Limo argilloso torboso nerastro.","4","0","Botticelli","17.2",528496.5791,4566155.686,555
"1415","T24","70.65","Limo argilloso torboso nerastro.","4","0","Botticelli","17.2",528496.5791,4566155.686,555
"1416","T24","70.7","Limo argilloso torboso nerastro.","4","0","Botticelli","17.2",528496.5791,4566155.686,555
"1417","T24","70.75","Limo argilloso torboso nerastro.","4","0","Botticelli","17.2",528496.5791,4566155.686,555
"1418","T24","70.8","Limo argilloso torboso nerastro.","4","0","Botticelli","17.2",528496.5791,4566155.686,555
"1419","T24","70.85","Limo argilloso torboso nerastro.","4","0","Botticelli","17.2",528496.5791,4566155.686,555
"1420","T24","70.9","Limo argilloso torboso nerastro.","4","0","Botticelli","17.2",528496.5791,4566155.686,555
"1421","T24","70.95","Limo argilloso torboso nerastro.","4","0","Botticelli","17.2",528496.5791,4566155.686,555
"1422","T24","71","Limo argilloso torboso nerastro.","4","0","Botticelli","17.2",528496.5791,4566155.686,555
"1423","T24","71.05","Limo argilloso torboso nerastro.","4","0","Botticelli","17.2",528496.5791,4566155.686,555
"1424","T24","71.1","Limo argilloso torboso nerastro.","4","0","Botticelli","17.2",528496.5791,4566155.686,555
"1425","T24","71.15","Limo argilloso torboso nerastro.","4","0","Botticelli","17.2",528496.5791,4566155.686,555
"1426","T24","71.2","Limo argilloso torboso nerastro.","4","0","Botticelli","17.2",528496.5791,4566155.686,555
"1427","T24","71.25","Limo argilloso torboso nerastro.","4","0","Botticelli","17.2",528496.5791,4566155.686,555
"1428","T24","71.3","Limo argilloso torboso nerastro.","4","0","Botticelli","17.2",528496.5791,4566155.686,555
"1429","T24","71.35","Limo argilloso torboso nerastro.","4","0","Botticelli","17.2",528496.5791,4566155.686,555
"1430","T24","71.4","Limo argilloso torboso nerastro.","4","0","Botticelli","17.2",528496.5791,4566155.686,555
"1431","T24","71.45","Limo argilloso torboso nerastro.","4","0","Botticelli","17.2",528496.5791,4566155.686,555
"1432","T24","71.5","Limo argilloso torboso nerastro.","4","0","Botticelli","17.2",528496.5791,4566155.686,555
"1433","T24","71.55","Limo argilloso torboso nerastro.","4","0","Botticelli","17.2",528496.5791,4566155.686,555
"1434","T24","71.6","Limo argilloso torboso nerastro.","4","0","Botticelli","17.2",528496.5791,4566155.686,555
"1435","T24","71.65","Limo argilloso torboso nerastro.","4","0","Botticelli","17.2",528496.5791,4566155.686,555
"1436","T24","71.7","Limo argilloso torboso nerastro.","4","0","Botticelli","17.2",528496.5791,4566155.686,555
"1437","T24","71.75","Limo argilloso torboso nerastro.","4","0","Botticelli","17.2",528496.5791,4566155.686,555
"1438","T24","71.8","Limo argilloso torboso nerastro.","4","0","Botticelli","17.2",528496.5791,4566155.686,555
"1439","T24","71.85","Limo argilloso torboso nerastro.","4","0","Botticelli","17.2",528496.5791,4566155.686,555
"1440","T24","71.9","Limo argilloso torboso nerastro.","4","0","Botticelli","17.2",528496.5791,4566155.686,555
"1441","T24","71.95","Limo argilloso torboso nerastro.","4","0","Botticelli","17.2",528496.5791,4566155.686,555
"1442","T24","72","Limo argilloso torboso nerastro.","4","0","Botticelli","17.2",528496.5791,4566155.686,555
"1443","T24","72.05","Limo argilloso torboso nerastro.","4","0","Botticelli","17.2",528496.5791,4566155.686,555
"1444","T24","72.1","Limo argilloso torboso nerastro.","4","0","Botticelli","17.2",528496.5791,4566155.686,555
"1445","T24","72.15","Limo argilloso torboso nerastro.","4","0","Botticelli","17.2",528496.5791,4566155.686,555
"1446","T24","72.2","Limo argilloso torboso nerastro.","4","0","Botticelli","17.2",528496.5791,4566155.686,555
"1447","T24","72.25","Limo argilloso torboso nerastro.","4","0","Botticelli","17.2",528496.5791,4566155.686,555
"1448","T24","72.3","Limo argilloso torboso nerastro.","4","0","Botticelli","17.2",528496.5791,4566155.686,555
"1449","T24","72.35","Limo argilloso torboso nerastro.","4","0","Botticelli","17.2",528496.5791,4566155.686,555
"1450","T24","72.4","Limo argilloso torboso nerastro.","4","0","Botticelli","17.2",528496.5791,4566155.686,555
"1451","T24","72.45","Limo argilloso torboso nerastro.","4","0","Botticelli","17.2",528496.5791,4566155.686,555
"1452","T24","72.5","Limo argilloso torboso nerastro.","4","0","Botticelli","17.2",528496.5791,4566155.686,555
"1453","T24","72.55","Limo argilloso torboso nerastro.","4","0","Botticelli","17.2",528496.5791,4566155.686,555
"1454","T24","72.6","Limo argilloso torboso nerastro.","4","0","Botticelli","17.2",528496.5791,4566155.686,555
"1455","T24","72.65","Limo argilloso torboso nerastro.","4","0","Botticelli","17.2",528496.5791,4566155.686,555
"1456","T24","72.7","Limo argilloso torboso nerastro.","4","0","Botticelli","17.2",528496.5791,4566155.686,555
"1457","T24","72.75","Limo argilloso torboso nerastro.","4","0","Botticelli","17.2",528496.5791,4566155.686,555
"1458","T24","72.8","Limo argilloso torboso nerastro.","4","0","Botticelli","17.2",528496.5791,4566155.686,555
"1459","T24","72.85","Limo argilloso torboso nerastro.","4","0","Botticelli","17.2",528496.5791,4566155.686,555
"1460","T24","72.9","Limo argilloso torboso nerastro.","4","0","Botticelli","17.2",528496.5791,4566155.686,555
"1461","T24","72.95","Limo argilloso torboso nerastro.","4","0","Botticelli","17.2",528496.5791,4566155.686,555
"1462","T24","73","Limo argilloso torboso nerastro.","4","0","Botticelli","17.2",528496.5791,4566155.686,555
"1463","T24","73.05","Limo argilloso torboso nerastro.","4","0","Botticelli","17.2",528496.5791,4566155.686,555
"1464","T24","73.1","Limo argilloso torboso nerastro.","4","0","Botticelli","17.2",528496.5791,4566155.686,555
"1465","T24","73.15","Limo argilloso torboso nerastro.","4","0","Botticelli","17.2",528496.5791,4566155.686,555
"1466","T24","73.2","Limo argilloso torboso nerastro.","4","0","Botticelli","17.2",528496.5791,4566155.686,555
"1467","T24","73.25","Limo argilloso torboso nerastro.","4","0","Botticelli","17.2",528496.5791,4566155.686,555
"1468","T24","73.3","Limo argilloso torboso nerastro.","4","0","Botticelli","17.2",528496.5791,4566155.686,555
"1469","T24","73.35","Limo argilloso torboso nerastro.","4","0","Botticelli","17.2",528496.5791,4566155.686,555
"1470","T24","73.4","Limo argilloso torboso nerastro.","4","0","Botticelli","17.2",528496.5791,4566155.686,555
"1471","T24","73.45","Limo argilloso torboso nerastro.","4","0","Botticelli","17.2",528496.5791,4566155.686,555
"1472","T24","73.5","Limo argilloso torboso nerastro.","4","0","Botticelli","17.2",528496.5791,4566155.686,555
"1473","T24","73.55","Limo argilloso torboso nerastro.","4","0","Botticelli","17.2",528496.5791,4566155.686,555
"1474","T24","73.6","Limo argilloso torboso nerastro.","4","0","Botticelli","17.2",528496.5791,4566155.686,555
"1475","T24","73.65","Limo argilloso torboso nerastro.","4","0","Botticelli","17.2",528496.5791,4566155.686,555
"1476","T24","73.7","Limo argilloso torboso nerastro.","4","0","Botticelli","17.2",528496.5791,4566155.686,555
"1477","T24","73.75","Limo argilloso torboso nerastro.","4","0","Botticelli","17.2",528496.5791,4566155.686,555
"1478","T24","73.8","Limo argilloso torboso nerastro.","4","0","Botticelli","17.2",528496.5791,4566155.686,555
"1479","T24","73.85","Limo argilloso torboso nerastro.","4","0","Botticelli","17.2",528496.5791,4566155.686,555
"1480","T24","73.9","Limo argilloso torboso nerastro.","4","0","Botticelli","17.2",528496.5791,4566155.686,555
"1481","T24","73.95","Limo argilloso torboso nerastro.","4","0","Botticelli","17.2",528496.5791,4566155.686,555
"1482","T24","74","Limo argilloso torboso nerastro.","4","0","Botticelli","17.2",528496.5791,4566155.686,555
"1483","T24","74.05","Limo argilloso torboso nerastro.","4","0","Botticelli","17.2",528496.5791,4566155.686,555
"1484","T24","74.1","Limo argilloso torboso nerastro.","4","0","Botticelli","17.2",528496.5791,4566155.686,555
"1485","T24","74.15","Limo argilloso torboso nerastro.","4","0","Botticelli","17.2",528496.5791,4566155.686,555
"1486","T24","74.2","Limo argilloso torboso nerastro.","4","0","Botticelli","17.2",528496.5791,4566155.686,555
"1487","T24","74.25","Limo argilloso torboso nerastro.","4","0","Botticelli","17.2",528496.5791,4566155.686,555
"1488","T24","74.3","Limo argilloso torboso nerastro.","4","0","Botticelli","17.2",528496.5791,4566155.686,555
"1489","T24","74.35","Limo argilloso torboso nerastro.","4","0","Botticelli","17.2",528496.5791,4566155.686,555
"1490","T24","74.4","Limo argilloso torboso nerastro.","4","0","Botticelli","17.2",528496.5791,4566155.686,555
"1491","T24","74.45","Limo argilloso torboso nerastro.","4","0","Botticelli","17.2",528496.5791,4566155.686,555
"1492","T24","74.5","Limo argilloso torboso nerastro.","4","0","Botticelli","17.2",528496.5791,4566155.686,555
"1493","T24","74.55","Limo argilloso torboso nerastro.","4","0","Botticelli","17.2",528496.5791,4566155.686,555
"1494","T24","74.6","Limo argilloso torboso nerastro.","4","0","Botticelli","17.2",528496.5791,4566155.686,555
"1495","T24","74.65","Limo argilloso torboso nerastro.","4","0","Botticelli","17.2",528496.5791,4566155.686,555
"1496","T24","74.7","Limo argilloso torboso nerastro.","4","0","Botticelli","17.2",528496.5791,4566155.686,555
"1497","T24","74.75","Limo argilloso torboso nerastro.","4","0","Botticelli","17.2",528496.5791,4566155.686,555
"1498","T24","74.8","Limo argilloso torboso nerastro.","4","0","Botticelli","17.2",528496.5791,4566155.686,555
"1499","T24","74.85","Limo argilloso torboso nerastro.","4","0","Botticelli","17.2",528496.5791,4566155.686,555
"1500","T24","74.9","Limo argilloso torboso nerastro.","4","0","Botticelli","17.2",528496.5791,4566155.686,555
"1501","T24","74.95","Limo argilloso torboso nerastro.","4","0","Botticelli","17.2",528496.5791,4566155.686,555
"1502","T24","75","Limo argilloso torboso nerastro.","4","0","Botticelli","17.2",528496.5791,4566155.686,555
"1503","T24","75.05","Limo argilloso torboso nerastro.","4","0","Botticelli","17.2",528496.5791,4566155.686,555
"1504","T24","75.1","Limo argilloso torboso nerastro.","4","0","Botticelli","17.2",528496.5791,4566155.686,555
"1505","T24","75.15","Limo argilloso torboso nerastro.","4","0","Botticelli","17.2",528496.5791,4566155.686,555
"1506","T24","75.2","Limo argilloso torboso nerastro.","4","0","Botticelli","17.2",528496.5791,4566155.686,555
"1507","T24","75.25","Limo argilloso torboso nerastro.","4","0","Botticelli","17.2",528496.5791,4566155.686,555
"1508","T24","75.3","Limo argilloso torboso nerastro.","4","0","Botticelli","17.2",528496.5791,4566155.686,555
"1509","T24","75.35","Limo argilloso torboso nerastro.","4","0","Botticelli","17.2",528496.5791,4566155.686,555
"1510","T24","75.4","Limo argilloso torboso nerastro.","4","0","Botticelli","17.2",528496.5791,4566155.686,555
"1511","T24","75.45","Limo argilloso torboso nerastro.","4","0","Botticelli","17.2",528496.5791,4566155.686,555
"1512","T24","75.5","Limo argilloso torboso nerastro.","4","0","Botticelli","17.2",528496.5791,4566155.686,555
"1513","T24","75.55","Limo argilloso torboso nerastro.","4","0","Botticelli","17.2",528496.5791,4566155.686,555
"1514","T24","75.6","Limo argilloso torboso nerastro.","4","0","Botticelli","17.2",528496.5791,4566155.686,555
"1515","T24","75.65","Limo argilloso torboso nerastro.","4","0","Botticelli","17.2",528496.5791,4566155.686,555
"1516","T24","75.7","Limo argilloso torboso nerastro.","4","0","Botticelli","17.2",528496.5791,4566155.686,555
"1517","T24","75.75","Limo argilloso torboso nerastro.","4","0","Botticelli","17.2",528496.5791,4566155.686,555
"1518","T24","75.8","Limo argilloso torboso nerastro.","4","0","Botticelli","17.2",528496.5791,4566155.686,555
"1519","T24","75.85","Limo argilloso torboso nerastro.","4","0","Botticelli","17.2",528496.5791,4566155.686,555
"1520","T24","75.9","Limo argilloso torboso nerastro.","4","0","Botticelli","17.2",528496.5791,4566155.686,555
"1521","T24","75.95","Limo argilloso torboso nerastro.","4","0","Botticelli","17.2",528496.5791,4566155.686,555
"1522","T24","76","Limo argilloso torboso nerastro.","4","0","Botticelli","17.2",528496.5791,4566155.686,555
"1523","T24","76.05","Limo argilloso torboso nerastro.","4","0","Botticelli","17.2",528496.5791,4566155.686,555
"1524","T24","76.1","Limo argilloso torboso nerastro.","4","0","Botticelli","17.2",528496.5791,4566155.686,555
"1525","T24","76.15","Limo argilloso torboso nerastro.","4","0","Botticelli","17.2",528496.5791,4566155.686,555
"1526","T24","76.2","Limo argilloso torboso nerastro.","4","0","Botticelli","17.2",528496.5791,4566155.686,555
"1527","T24","76.25","Limo argilloso torboso nerastro.","4","0","Botticelli","17.2",528496.5791,4566155.686,555
"1528","T24","76.3","Limo argilloso torboso nerastro.","4","0","Botticelli","17.2",528496.5791,4566155.686,555
"1529","T24","76.35","Limo argilloso torboso nerastro.","4","0","Botticelli","17.2",528496.5791,4566155.686,555
"1530","T24","76.4","Limo argilloso torboso nerastro.","4","0","Botticelli","17.2",528496.5791,4566155.686,555
"1531","T24","76.45","Limo argilloso torboso nerastro.","4","0","Botticelli","17.2",528496.5791,4566155.686,555
"1532","T24","76.5","Limo argilloso torboso nerastro.","4","0","Botticelli","17.2",528496.5791,4566155.686,555
"1533","T24","76.55","Limo argilloso torboso nerastro.","4","0","Botticelli","17.2",528496.5791,4566155.686,555
"1534","T24","76.6","Limo argilloso torboso nerastro.","4","0","Botticelli","17.2",528496.5791,4566155.686,555
"1535","T24","76.65","Limo argilloso torboso nerastro.","4","0","Botticelli","17.2",528496.5791,4566155.686,555
"1536","T24","76.7","Limo argilloso torboso nerastro.","4","0","Botticelli","17.2",528496.5791,4566155.686,555
