"","borehole","Depth","Description","Unit","Valid","campaign","DEPTH","x","y","z"
"1","T3","0","Detrito argilloso.","Riporto","1","Botticelli","20",528395.5755,4566420.855,592
"2","T3","0.05","Detrito argilloso.","Riporto","1","Botticelli","20",528395.5755,4566420.855,592
"3","T3","0.1","Detrito argilloso.","Riporto","1","Botticelli","20",528395.5755,4566420.855,592
"4","T3","0.15","Detrito argilloso.","Riporto","1","Botticelli","20",528395.5755,4566420.855,592
"5","T3","0.2","Detrito argilloso.","Riporto","1","Botticelli","20",528395.5755,4566420.855,592
"6","T3","0.25","Detrito argilloso.","Riporto","1","Botticelli","20",528395.5755,4566420.855,592
"7","T3","0.3","Detrito argilloso.","Riporto","1","Botticelli","20",528395.5755,4566420.855,592
"8","T3","0.35","Detrito argilloso.","Riporto","1","Botticelli","20",528395.5755,4566420.855,592
"9","T3","0.4","Detrito argilloso.","Riporto","1","Botticelli","20",528395.5755,4566420.855,592
"10","T3","0.45","Detrito argilloso.","Riporto","1","Botticelli","20",528395.5755,4566420.855,592
"11","T3","0.5","Detrito argilloso.","Riporto","1","Botticelli","20",528395.5755,4566420.855,592
"12","T3","0.55","Detrito argilloso.","Riporto","1","Botticelli","20",528395.5755,4566420.855,592
"13","T3","0.6","Detrito argilloso.","Riporto","1","Botticelli","20",528395.5755,4566420.855,592
"14","T3","0.65","Detrito argilloso.","Riporto","1","Botticelli","20",528395.5755,4566420.855,592
"15","T3","0.7","Detrito argilloso.","Riporto","1","Botticelli","20",528395.5755,4566420.855,592
"16","T3","0.75","Detrito argilloso.","Riporto","1","Botticelli","20",528395.5755,4566420.855,592
"17","T3","0.8","Detrito argilloso.","Riporto","1","Botticelli","20",528395.5755,4566420.855,592
"18","T3","0.85","Detrito argilloso.","Riporto","1","Botticelli","20",528395.5755,4566420.855,592
"19","T3","0.9","Detrito argilloso.","Riporto","1","Botticelli","20",528395.5755,4566420.855,592
"20","T3","0.95","Detrito argilloso.","Riporto","1","Botticelli","20",528395.5755,4566420.855,592
"21","T3","1","Detrito argilloso.","Riporto","1","Botticelli","20",528395.5755,4566420.855,592
"22","T3","1.05","Detrito argilloso.","Riporto","1","Botticelli","20",528395.5755,4566420.855,592
"23","T3","1.1","Detrito argilloso.","Riporto","1","Botticelli","20",528395.5755,4566420.855,592
"24","T3","1.15","Detrito argilloso.","Riporto","1","Botticelli","20",528395.5755,4566420.855,592
"25","T3","1.2","Detrito argilloso.","Riporto","1","Botticelli","20",528395.5755,4566420.855,592
"26","T3","1.25","Detrito argilloso.","Riporto","1","Botticelli","20",528395.5755,4566420.855,592
"27","T3","1.3","Detrito argilloso.","Riporto","1","Botticelli","20",528395.5755,4566420.855,592
"28","T3","1.35","Detrito argilloso.","Riporto","1","Botticelli","20",528395.5755,4566420.855,592
"29","T3","1.4","Detrito argilloso.","Riporto","1","Botticelli","20",528395.5755,4566420.855,592
"30","T3","1.45","Detrito argilloso.","Riporto","1","Botticelli","20",528395.5755,4566420.855,592
"31","T3","1.5","Detrito argilloso.","Riporto","1","Botticelli","20",528395.5755,4566420.855,592
"32","T3","1.55","Detrito argilloso.","Riporto","1","Botticelli","20",528395.5755,4566420.855,592
"33","T3","1.6","Detrito argilloso.","Riporto","1","Botticelli","20",528395.5755,4566420.855,592
"34","T3","1.65","Detrito argilloso.","Riporto","1","Botticelli","20",528395.5755,4566420.855,592
"35","T3","1.7","Detrito argilloso.","Riporto","1","Botticelli","20",528395.5755,4566420.855,592
"36","T3","1.75","Detrito argilloso.","Riporto","1","Botticelli","20",528395.5755,4566420.855,592
"37","T3","1.8","Detrito argilloso.","Riporto","1","Botticelli","20",528395.5755,4566420.855,592
"38","T3","1.85","Detrito argilloso.","Riporto","1","Botticelli","20",528395.5755,4566420.855,592
"39","T3","1.9","Detrito argilloso.","Riporto","1","Botticelli","20",528395.5755,4566420.855,592
"40","T3","1.95","Detrito argilloso.","Riporto","1","Botticelli","20",528395.5755,4566420.855,592
"41","T3","2","Detrito argilloso.","Riporto","1","Botticelli","20",528395.5755,4566420.855,592
"42","T3","2.05","Detrito argilloso.","Riporto","1","Botticelli","20",528395.5755,4566420.855,592
"43","T3","2.1","Detrito argilloso.","Riporto","1","Botticelli","20",528395.5755,4566420.855,592
"44","T3","2.15","Detrito argilloso.","Riporto","1","Botticelli","20",528395.5755,4566420.855,592
"45","T3","2.2","Detrito argilloso.","Riporto","1","Botticelli","20",528395.5755,4566420.855,592
"46","T3","2.25","Detrito argilloso.","Riporto","1","Botticelli","20",528395.5755,4566420.855,592
"47","T3","2.3","Detrito argilloso.","Riporto","1","Botticelli","20",528395.5755,4566420.855,592
"48","T3","2.35","Detrito argilloso.","Riporto","1","Botticelli","20",528395.5755,4566420.855,592
"49","T3","2.4","Detrito argilloso.","Riporto","1","Botticelli","20",528395.5755,4566420.855,592
"50","T3","2.45","Detrito argilloso.","Riporto","1","Botticelli","20",528395.5755,4566420.855,592
"51","T3","2.5","Detrito argilloso.","Riporto","1","Botticelli","20",528395.5755,4566420.855,592
"52","T3","2.55","Detrito argilloso.","Riporto","1","Botticelli","20",528395.5755,4566420.855,592
"53","T3","2.6","Detrito argilloso.","Riporto","1","Botticelli","20",528395.5755,4566420.855,592
"54","T3","2.65","Detrito argilloso.","Riporto","1","Botticelli","20",528395.5755,4566420.855,592
"55","T3","2.7","Detrito argilloso.","Riporto","1","Botticelli","20",528395.5755,4566420.855,592
"56","T3","2.75","Detrito argilloso.","Riporto","1","Botticelli","20",528395.5755,4566420.855,592
"57","T3","2.8","Detrito argilloso.","Riporto","1","Botticelli","20",528395.5755,4566420.855,592
"58","T3","2.85","Detrito argilloso.","Riporto","1","Botticelli","20",528395.5755,4566420.855,592
"59","T3","2.9","Detrito argilloso.","Riporto","1","Botticelli","20",528395.5755,4566420.855,592
"60","T3","2.95","Detrito argilloso.","Riporto","1","Botticelli","20",528395.5755,4566420.855,592
"61","T3","3","Detrito argilloso.","Riporto","1","Botticelli","20",528395.5755,4566420.855,592
"62","T3","3.05","Detrito argilloso.","Riporto","1","Botticelli","20",528395.5755,4566420.855,592
"63","T3","3.1","Detrito argilloso.","Riporto","1","Botticelli","20",528395.5755,4566420.855,592
"64","T3","3.15","Detrito argilloso.","Riporto","1","Botticelli","20",528395.5755,4566420.855,592
"65","T3","3.2","Detrito argilloso.","Riporto","1","Botticelli","20",528395.5755,4566420.855,592
"66","T3","3.25","Detrito argilloso.","Riporto","1","Botticelli","20",528395.5755,4566420.855,592
"67","T3","3.3","Detrito argilloso.","Riporto","1","Botticelli","20",528395.5755,4566420.855,592
"68","T3","3.35","Detrito argilloso.","Riporto","1","Botticelli","20",528395.5755,4566420.855,592
"69","T3","3.4","Detrito argilloso.","Riporto","1","Botticelli","20",528395.5755,4566420.855,592
"70","T3","3.45","Detrito argilloso.","Riporto","1","Botticelli","20",528395.5755,4566420.855,592
"71","T3","3.5","Detrito argilloso.","Riporto","1","Botticelli","20",528395.5755,4566420.855,592
"72","T3","3.55","Detrito argilloso.","Riporto","1","Botticelli","20",528395.5755,4566420.855,592
"73","T3","3.6","Detrito argilloso.","Riporto","1","Botticelli","20",528395.5755,4566420.855,592
"74","T3","3.65","Detrito argilloso.","Riporto","1","Botticelli","20",528395.5755,4566420.855,592
"75","T3","3.7","Detrito argilloso.","Riporto","1","Botticelli","20",528395.5755,4566420.855,592
"76","T3","3.75","Detrito argilloso.","Riporto","1","Botticelli","20",528395.5755,4566420.855,592
"77","T3","3.8","Detrito argilloso.","Riporto","1","Botticelli","20",528395.5755,4566420.855,592
"78","T3","3.85","Detrito argilloso.","Riporto","1","Botticelli","20",528395.5755,4566420.855,592
"79","T3","3.9","Detrito argilloso.","Riporto","1","Botticelli","20",528395.5755,4566420.855,592
"80","T3","3.95","Detrito argilloso.","Riporto","1","Botticelli","20",528395.5755,4566420.855,592
"81","T3","4","Detrito argilloso.","Riporto","1","Botticelli","20",528395.5755,4566420.855,592
"82","T3","4.05","Argilla varicolori gialla grigio-verde marroncina.","3","1","Botticelli","20",528395.5755,4566420.855,592
"83","T3","4.1","Argilla varicolori gialla grigio-verde marroncina.","3","1","Botticelli","20",528395.5755,4566420.855,592
"84","T3","4.15","Argilla varicolori gialla grigio-verde marroncina.","3","1","Botticelli","20",528395.5755,4566420.855,592
"85","T3","4.2","Argilla varicolori gialla grigio-verde marroncina.","3","1","Botticelli","20",528395.5755,4566420.855,592
"86","T3","4.25","Argilla varicolori gialla grigio-verde marroncina.","3","1","Botticelli","20",528395.5755,4566420.855,592
"87","T3","4.3","Argilla varicolori gialla grigio-verde marroncina.","3","1","Botticelli","20",528395.5755,4566420.855,592
"88","T3","4.35","Argilla varicolori gialla grigio-verde marroncina.","3","1","Botticelli","20",528395.5755,4566420.855,592
"89","T3","4.4","Argilla varicolori gialla grigio-verde marroncina.","3","1","Botticelli","20",528395.5755,4566420.855,592
"90","T3","4.45","Argilla varicolori gialla grigio-verde marroncina.","3","1","Botticelli","20",528395.5755,4566420.855,592
"91","T3","4.5","Argilla varicolori gialla grigio-verde marroncina.","3","1","Botticelli","20",528395.5755,4566420.855,592
"92","T3","4.55","Argilla varicolori gialla grigio-verde marroncina.","3","1","Botticelli","20",528395.5755,4566420.855,592
"93","T3","4.6","Argilla varicolori gialla grigio-verde marroncina.","3","1","Botticelli","20",528395.5755,4566420.855,592
"94","T3","4.65","Argilla varicolori gialla grigio-verde marroncina.","3","1","Botticelli","20",528395.5755,4566420.855,592
"95","T3","4.7","Argilla varicolori gialla grigio-verde marroncina.","3","1","Botticelli","20",528395.5755,4566420.855,592
"96","T3","4.75","Argilla varicolori gialla grigio-verde marroncina.","3","1","Botticelli","20",528395.5755,4566420.855,592
"97","T3","4.8","Argilla varicolori gialla grigio-verde marroncina.","3","1","Botticelli","20",528395.5755,4566420.855,592
"98","T3","4.85","Argilla varicolori gialla grigio-verde marroncina.","3","1","Botticelli","20",528395.5755,4566420.855,592
"99","T3","4.9","Argilla varicolori gialla grigio-verde marroncina.","3","1","Botticelli","20",528395.5755,4566420.855,592
"100","T3","4.95","Argilla varicolori gialla grigio-verde marroncina.","3","1","Botticelli","20",528395.5755,4566420.855,592
"101","T3","5","Argilla varicolori gialla grigio-verde marroncina.","3","1","Botticelli","20",528395.5755,4566420.855,592
"102","T3","5.05","Argilla varicolori gialla grigio-verde marroncina.","3","1","Botticelli","20",528395.5755,4566420.855,592
"103","T3","5.1","Argilla varicolori gialla grigio-verde marroncina.","3","1","Botticelli","20",528395.5755,4566420.855,592
"104","T3","5.15","Argilla varicolori gialla grigio-verde marroncina.","3","1","Botticelli","20",528395.5755,4566420.855,592
"105","T3","5.2","Argilla varicolori gialla grigio-verde marroncina.","3","1","Botticelli","20",528395.5755,4566420.855,592
"106","T3","5.25","Argilla varicolori gialla grigio-verde marroncina.","3","1","Botticelli","20",528395.5755,4566420.855,592
"107","T3","5.3","Argilla varicolori gialla grigio-verde marroncina.","3","1","Botticelli","20",528395.5755,4566420.855,592
"108","T3","5.35","Argilla varicolori gialla grigio-verde marroncina.","3","1","Botticelli","20",528395.5755,4566420.855,592
"109","T3","5.4","Argilla varicolori gialla grigio-verde marroncina.","3","1","Botticelli","20",528395.5755,4566420.855,592
"110","T3","5.45","Argilla varicolori gialla grigio-verde marroncina.","3","1","Botticelli","20",528395.5755,4566420.855,592
"111","T3","5.5","Argilla varicolori gialla grigio-verde marroncina.","3","1","Botticelli","20",528395.5755,4566420.855,592
"112","T3","5.55","Argilla varicolori gialla grigio-verde marroncina.","3","1","Botticelli","20",528395.5755,4566420.855,592
"113","T3","5.6","Argilla varicolori gialla grigio-verde marroncina.","3","1","Botticelli","20",528395.5755,4566420.855,592
"114","T3","5.65","Argilla varicolori gialla grigio-verde marroncina.","3","1","Botticelli","20",528395.5755,4566420.855,592
"115","T3","5.7","Argilla varicolori gialla grigio-verde marroncina.","3","1","Botticelli","20",528395.5755,4566420.855,592
"116","T3","5.75","Argilla varicolori gialla grigio-verde marroncina.","3","1","Botticelli","20",528395.5755,4566420.855,592
"117","T3","5.8","Argilla varicolori gialla grigio-verde marroncina.","3","1","Botticelli","20",528395.5755,4566420.855,592
"118","T3","5.85","Argilla varicolori gialla grigio-verde marroncina.","3","1","Botticelli","20",528395.5755,4566420.855,592
"119","T3","5.9","Argilla varicolori gialla grigio-verde marroncina.","3","1","Botticelli","20",528395.5755,4566420.855,592
"120","T3","5.95","Argilla varicolori gialla grigio-verde marroncina.","3","1","Botticelli","20",528395.5755,4566420.855,592
"121","T3","6","Argilla varicolori gialla grigio-verde marroncina.","3","1","Botticelli","20",528395.5755,4566420.855,592
"122","T3","6.05","Sabbia giallo ocra","3","1","Botticelli","20",528395.5755,4566420.855,592
"123","T3","6.1","Sabbia giallo ocra","3","1","Botticelli","20",528395.5755,4566420.855,592
"124","T3","6.15","Sabbia giallo ocra","3","1","Botticelli","20",528395.5755,4566420.855,592
"125","T3","6.2","Sabbia giallo ocra","3","1","Botticelli","20",528395.5755,4566420.855,592
"126","T3","6.25","Argilla varicolori.","3","1","Botticelli","20",528395.5755,4566420.855,592
"127","T3","6.3","Argilla varicolori.","3","1","Botticelli","20",528395.5755,4566420.855,592
"128","T3","6.35","Argilla varicolori.","3","1","Botticelli","20",528395.5755,4566420.855,592
"129","T3","6.4","Argilla varicolori.","3","1","Botticelli","20",528395.5755,4566420.855,592
"130","T3","6.45","Argilla varicolori.","3","1","Botticelli","20",528395.5755,4566420.855,592
"131","T3","6.5","Argilla varicolori.","3","1","Botticelli","20",528395.5755,4566420.855,592
"132","T3","6.55","Argilla varicolori.","3","1","Botticelli","20",528395.5755,4566420.855,592
"133","T3","6.6","Argilla varicolori.","3","1","Botticelli","20",528395.5755,4566420.855,592
"134","T3","6.65","Argilla varicolori.","3","1","Botticelli","20",528395.5755,4566420.855,592
"135","T3","6.7","Argilla varicolori.","3","1","Botticelli","20",528395.5755,4566420.855,592
"136","T3","6.75","Argilla varicolori.","3","1","Botticelli","20",528395.5755,4566420.855,592
"137","T3","6.8","Argilla varicolori.","3","1","Botticelli","20",528395.5755,4566420.855,592
"138","T3","6.85","Argilla varicolori.","3","1","Botticelli","20",528395.5755,4566420.855,592
"139","T3","6.9","Argilla varicolori.","3","1","Botticelli","20",528395.5755,4566420.855,592
"140","T3","6.95","Argilla varicolori.","3","1","Botticelli","20",528395.5755,4566420.855,592
"141","T3","7","Argilla varicolori.","3","1","Botticelli","20",528395.5755,4566420.855,592
"142","T3","7.05","Brecce calcarenitiche in matrice argillo sabbiosa.","3","1","Botticelli","20",528395.5755,4566420.855,592
"143","T3","7.1","Brecce calcarenitiche in matrice argillo sabbiosa.","3","1","Botticelli","20",528395.5755,4566420.855,592
"144","T3","7.15","Brecce calcarenitiche in matrice argillo sabbiosa.","3","1","Botticelli","20",528395.5755,4566420.855,592
"145","T3","7.2","Brecce calcarenitiche in matrice argillo sabbiosa.","3","1","Botticelli","20",528395.5755,4566420.855,592
"146","T3","7.25","Brecce calcarenitiche in matrice argillo sabbiosa.","3","1","Botticelli","20",528395.5755,4566420.855,592
"147","T3","7.3","Brecce calcarenitiche in matrice argillo sabbiosa.","3","1","Botticelli","20",528395.5755,4566420.855,592
"148","T3","7.35","Brecce calcarenitiche in matrice argillo sabbiosa.","3","1","Botticelli","20",528395.5755,4566420.855,592
"149","T3","7.4","Brecce calcarenitiche in matrice argillo sabbiosa.","3","1","Botticelli","20",528395.5755,4566420.855,592
"150","T3","7.45","Brecce calcarenitiche in matrice argillo sabbiosa.","3","1","Botticelli","20",528395.5755,4566420.855,592
"151","T3","7.5","Brecce calcarenitiche in matrice argillo sabbiosa.","3","1","Botticelli","20",528395.5755,4566420.855,592
"152","T3","7.55","Brecce calcarenitiche in matrice argillo sabbiosa.","3","1","Botticelli","20",528395.5755,4566420.855,592
"153","T3","7.6","Brecce calcarenitiche in matrice argillo sabbiosa.","3","1","Botticelli","20",528395.5755,4566420.855,592
"154","T3","7.65","Brecce calcarenitiche in matrice argillo sabbiosa.","3","1","Botticelli","20",528395.5755,4566420.855,592
"155","T3","7.7","Brecce calcarenitiche in matrice argillo sabbiosa.","3","1","Botticelli","20",528395.5755,4566420.855,592
"156","T3","7.75","Brecce calcarenitiche in matrice argillo sabbiosa.","3","1","Botticelli","20",528395.5755,4566420.855,592
"157","T3","7.8","Brecce calcarenitiche in matrice argillo sabbiosa.","3","1","Botticelli","20",528395.5755,4566420.855,592
"158","T3","7.85","Brecce calcarenitiche in matrice argillo sabbiosa.","3","1","Botticelli","20",528395.5755,4566420.855,592
"159","T3","7.9","Brecce calcarenitiche in matrice argillo sabbiosa.","3","1","Botticelli","20",528395.5755,4566420.855,592
"160","T3","7.95","Brecce calcarenitiche in matrice argillo sabbiosa.","3","1","Botticelli","20",528395.5755,4566420.855,592
"161","T3","8","Brecce calcarenitiche in matrice argillo sabbiosa.","3","1","Botticelli","20",528395.5755,4566420.855,592
"162","T3","8.05","Argilla marnosa grigio chiara.","2a","1","Botticelli","20",528395.5755,4566420.855,592
"163","T3","8.1","Argilla marnosa grigio chiara.","2a","1","Botticelli","20",528395.5755,4566420.855,592
"164","T3","8.15","Argilla marnosa grigio chiara.","2a","1","Botticelli","20",528395.5755,4566420.855,592
"165","T3","8.2","Argilla marnosa grigio chiara.","2a","1","Botticelli","20",528395.5755,4566420.855,592
"166","T3","8.25","Argilla marnosa grigio chiara.","2a","1","Botticelli","20",528395.5755,4566420.855,592
"167","T3","8.3","Argilla marnosa grigio chiara.","2a","1","Botticelli","20",528395.5755,4566420.855,592
"168","T3","8.35","Argilla marnosa grigio chiara.","2a","1","Botticelli","20",528395.5755,4566420.855,592
"169","T3","8.4","Argilla marnosa grigio chiara.","2a","1","Botticelli","20",528395.5755,4566420.855,592
"170","T3","8.45","Argilla marnosa grigio chiara.","2a","1","Botticelli","20",528395.5755,4566420.855,592
"171","T3","8.5","Argilla marnosa grigio chiara.","2a","1","Botticelli","20",528395.5755,4566420.855,592
"172","T3","8.55","Argilla marnosa grigio chiara.","2a","1","Botticelli","20",528395.5755,4566420.855,592
"173","T3","8.6","Argilla marnosa grigio chiara.","2a","1","Botticelli","20",528395.5755,4566420.855,592
"174","T3","8.65","Argilla marnosa grigio chiara.","2a","1","Botticelli","20",528395.5755,4566420.855,592
"175","T3","8.7","Argilla marnosa grigio chiara.","2a","1","Botticelli","20",528395.5755,4566420.855,592
"176","T3","8.75","Argilla marnosa grigio chiara.","2a","1","Botticelli","20",528395.5755,4566420.855,592
"177","T3","8.8","Argilla marnosa grigio chiara.","2a","1","Botticelli","20",528395.5755,4566420.855,592
"178","T3","8.85","Argilla marnosa grigio chiara.","2a","1","Botticelli","20",528395.5755,4566420.855,592
"179","T3","8.9","Argilla marnosa grigio chiara.","2a","1","Botticelli","20",528395.5755,4566420.855,592
"180","T3","8.95","Argilla marnosa grigio chiara.","2a","1","Botticelli","20",528395.5755,4566420.855,592
"181","T3","9","Argilla marnosa grigio chiara.","2a","1","Botticelli","20",528395.5755,4566420.855,592
"182","T3","9.05","Argilla marnosa grigio chiara.","2a","1","Botticelli","20",528395.5755,4566420.855,592
"183","T3","9.1","Argilla marnosa grigio chiara.","2a","1","Botticelli","20",528395.5755,4566420.855,592
"184","T3","9.15","Argilla marnosa grigio chiara.","2a","1","Botticelli","20",528395.5755,4566420.855,592
"185","T3","9.2","Argilla marnosa grigio chiara.","2a","1","Botticelli","20",528395.5755,4566420.855,592
"186","T3","9.25","Argilla marnosa grigio chiara.","2a","1","Botticelli","20",528395.5755,4566420.855,592
"187","T3","9.3","Argilla marnosa grigio chiara.","2a","1","Botticelli","20",528395.5755,4566420.855,592
"188","T3","9.35","Argilla marnosa grigio chiara.","2a","1","Botticelli","20",528395.5755,4566420.855,592
"189","T3","9.4","Argilla marnosa grigio chiara.","2a","1","Botticelli","20",528395.5755,4566420.855,592
"190","T3","9.45","Argilla marnosa grigio chiara.","2a","1","Botticelli","20",528395.5755,4566420.855,592
"191","T3","9.5","Argilla marnosa grigio chiara.","2a","1","Botticelli","20",528395.5755,4566420.855,592
"192","T3","9.55","Argilla marnosa grigio chiara.","2a","1","Botticelli","20",528395.5755,4566420.855,592
"193","T3","9.6","Argilla marnosa grigio chiara.","2a","1","Botticelli","20",528395.5755,4566420.855,592
"194","T3","9.65","Argilla marnosa grigio chiara.","2a","1","Botticelli","20",528395.5755,4566420.855,592
"195","T3","9.7","Argilla marnosa grigio chiara.","2a","1","Botticelli","20",528395.5755,4566420.855,592
"196","T3","9.75","Argilla marnosa grigio chiara.","2a","1","Botticelli","20",528395.5755,4566420.855,592
"197","T3","9.8","Argilla marnosa grigio chiara.","2a","1","Botticelli","20",528395.5755,4566420.855,592
"198","T3","9.85","Argilla marnosa grigio chiara.","2a","1","Botticelli","20",528395.5755,4566420.855,592
"199","T3","9.9","Argilla marnosa grigio chiara.","2a","1","Botticelli","20",528395.5755,4566420.855,592
"200","T3","9.95","Argilla marnosa grigio chiara.","2a","1","Botticelli","20",528395.5755,4566420.855,592
"201","T3","10","Argilla marnosa grigio chiara.","2a","1","Botticelli","20",528395.5755,4566420.855,592
"202","T3","10.05","Argilla marnosa grigio chiara.","2a","1","Botticelli","20",528395.5755,4566420.855,592
"203","T3","10.1","Argilla marnosa grigio chiara.","2a","1","Botticelli","20",528395.5755,4566420.855,592
"204","T3","10.15","Argilla marnosa grigio chiara.","2a","1","Botticelli","20",528395.5755,4566420.855,592
"205","T3","10.2","Argilla marnosa grigio chiara.","2a","1","Botticelli","20",528395.5755,4566420.855,592
"206","T3","10.25","Argilla marnosa grigio chiara.","2a","1","Botticelli","20",528395.5755,4566420.855,592
"207","T3","10.3","Argilla marnosa grigio chiara.","2a","1","Botticelli","20",528395.5755,4566420.855,592
"208","T3","10.35","Argilla marnosa grigio chiara.","2a","1","Botticelli","20",528395.5755,4566420.855,592
"209","T3","10.4","Argilla marnosa grigio chiara.","2a","1","Botticelli","20",528395.5755,4566420.855,592
"210","T3","10.45","Argilla marnosa grigio chiara.","2a","1","Botticelli","20",528395.5755,4566420.855,592
"211","T3","10.5","Argilla marnosa grigio chiara.","2a","1","Botticelli","20",528395.5755,4566420.855,592
"212","T3","10.55","Argilla marnosa grigio chiara.","2a","1","Botticelli","20",528395.5755,4566420.855,592
"213","T3","10.6","Argilla marnosa grigio chiara.","2a","1","Botticelli","20",528395.5755,4566420.855,592
"214","T3","10.65","Argilla marnosa grigio chiara.","2a","1","Botticelli","20",528395.5755,4566420.855,592
"215","T3","10.7","Argilla marnosa grigio chiara.","2a","1","Botticelli","20",528395.5755,4566420.855,592
"216","T3","10.75","Argilla marnosa grigio chiara.","2a","1","Botticelli","20",528395.5755,4566420.855,592
"217","T3","10.8","Argilla marnosa grigio chiara.","2a","1","Botticelli","20",528395.5755,4566420.855,592
"218","T3","10.85","Argilla marnosa grigio chiara.","2a","1","Botticelli","20",528395.5755,4566420.855,592
"219","T3","10.9","Argilla marnosa grigio chiara.","2a","1","Botticelli","20",528395.5755,4566420.855,592
"220","T3","10.95","Argilla marnosa grigio chiara.","2a","1","Botticelli","20",528395.5755,4566420.855,592
"221","T3","11","Argilla marnosa grigio chiara.","2a","1","Botticelli","20",528395.5755,4566420.855,592
"222","T3","11.05","Argilla marnosa grigio chiara.","2a","1","Botticelli","20",528395.5755,4566420.855,592
"223","T3","11.1","Argilla marnosa grigio chiara.","2a","1","Botticelli","20",528395.5755,4566420.855,592
"224","T3","11.15","Argilla marnosa grigio chiara.","2a","1","Botticelli","20",528395.5755,4566420.855,592
"225","T3","11.2","Argilla marnosa grigio chiara.","2a","1","Botticelli","20",528395.5755,4566420.855,592
"226","T3","11.25","Argilla marnosa grigio chiara.","2a","1","Botticelli","20",528395.5755,4566420.855,592
"227","T3","11.3","Argilla marnosa grigio chiara.","2a","1","Botticelli","20",528395.5755,4566420.855,592
"228","T3","11.35","Argilla marnosa grigio chiara.","2a","1","Botticelli","20",528395.5755,4566420.855,592
"229","T3","11.4","Argilla marnosa grigio chiara.","2a","1","Botticelli","20",528395.5755,4566420.855,592
"230","T3","11.45","Argilla marnosa grigio chiara.","2a","1","Botticelli","20",528395.5755,4566420.855,592
"231","T3","11.5","Argilla marnosa grigio chiara.","2a","1","Botticelli","20",528395.5755,4566420.855,592
"232","T3","11.55","Argilla marnosa grigio chiara.","2a","1","Botticelli","20",528395.5755,4566420.855,592
"233","T3","11.6","Argilla marnosa grigio chiara.","2a","1","Botticelli","20",528395.5755,4566420.855,592
"234","T3","11.65","Argilla marnosa grigio chiara.","2a","1","Botticelli","20",528395.5755,4566420.855,592
"235","T3","11.7","Argilla marnosa grigio chiara.","2a","1","Botticelli","20",528395.5755,4566420.855,592
"236","T3","11.75","Argilla marnosa grigio chiara.","2a","1","Botticelli","20",528395.5755,4566420.855,592
"237","T3","11.8","Argilla marnosa grigio chiara.","2a","1","Botticelli","20",528395.5755,4566420.855,592
"238","T3","11.85","Argilla marnosa grigio chiara.","2a","1","Botticelli","20",528395.5755,4566420.855,592
"239","T3","11.9","Argilla marnosa grigio chiara.","2a","1","Botticelli","20",528395.5755,4566420.855,592
"240","T3","11.95","Argilla marnosa grigio chiara.","2a","1","Botticelli","20",528395.5755,4566420.855,592
"241","T3","12","Argilla marnosa grigio chiara.","2a","1","Botticelli","20",528395.5755,4566420.855,592
"242","T3","12.05","Argilla marnosa grigio chiara.","2a","1","Botticelli","20",528395.5755,4566420.855,592
"243","T3","12.1","Argilla marnosa grigio chiara.","2a","1","Botticelli","20",528395.5755,4566420.855,592
"244","T3","12.15","Argilla marnosa grigio chiara.","2a","1","Botticelli","20",528395.5755,4566420.855,592
"245","T3","12.2","Argilla marnosa grigio chiara.","2a","1","Botticelli","20",528395.5755,4566420.855,592
"246","T3","12.25","Argilla marnosa grigio chiara.","2a","1","Botticelli","20",528395.5755,4566420.855,592
"247","T3","12.3","Argilla marnosa grigio chiara.","2a","1","Botticelli","20",528395.5755,4566420.855,592
"248","T3","12.35","Argilla marnosa grigio chiara.","2a","1","Botticelli","20",528395.5755,4566420.855,592
"249","T3","12.4","Argilla marnosa grigio chiara.","2a","1","Botticelli","20",528395.5755,4566420.855,592
"250","T3","12.45","Argilla marnosa grigio chiara.","2a","1","Botticelli","20",528395.5755,4566420.855,592
"251","T3","12.5","Argilla marnosa grigio chiara.","2a","1","Botticelli","20",528395.5755,4566420.855,592
"252","T3","12.55","Argilla marnosa grigio chiara.","2a","1","Botticelli","20",528395.5755,4566420.855,592
"253","T3","12.6","Argilla marnosa grigio chiara.","2a","1","Botticelli","20",528395.5755,4566420.855,592
"254","T3","12.65","Argilla marnosa grigio chiara.","2a","1","Botticelli","20",528395.5755,4566420.855,592
"255","T3","12.7","Argilla marnosa grigio chiara.","2a","1","Botticelli","20",528395.5755,4566420.855,592
"256","T3","12.75","Argilla marnosa grigio chiara.","2a","1","Botticelli","20",528395.5755,4566420.855,592
"257","T3","12.8","Argilla marnosa grigio chiara.","2a","1","Botticelli","20",528395.5755,4566420.855,592
"258","T3","12.85","Argilla marnosa grigio chiara.","2a","1","Botticelli","20",528395.5755,4566420.855,592
"259","T3","12.9","Argilla marnosa grigio chiara.","2a","1","Botticelli","20",528395.5755,4566420.855,592
"260","T3","12.95","Argilla marnosa grigio chiara.","2a","1","Botticelli","20",528395.5755,4566420.855,592
"261","T3","13","Argilla marnosa grigio chiara.","2a","1","Botticelli","20",528395.5755,4566420.855,592
"262","T3","13.05","Argilla marnosa grigio chiara.","2a","1","Botticelli","20",528395.5755,4566420.855,592
"263","T3","13.1","Argilla marnosa grigio chiara.","2a","1","Botticelli","20",528395.5755,4566420.855,592
"264","T3","13.15","Argilla marnosa grigio chiara.","2a","1","Botticelli","20",528395.5755,4566420.855,592
"265","T3","13.2","Argilla marnosa grigio chiara.","2a","1","Botticelli","20",528395.5755,4566420.855,592
"266","T3","13.25","Argilla marnosa grigio chiara.","2a","1","Botticelli","20",528395.5755,4566420.855,592
"267","T3","13.3","Argilla marnosa grigio chiara.","2a","1","Botticelli","20",528395.5755,4566420.855,592
"268","T3","13.35","Argilla marnosa grigio chiara.","2a","1","Botticelli","20",528395.5755,4566420.855,592
"269","T3","13.4","Argilla marnosa grigio chiara.","2a","1","Botticelli","20",528395.5755,4566420.855,592
"270","T3","13.45","Argilla marnosa grigio chiara.","2a","1","Botticelli","20",528395.5755,4566420.855,592
"271","T3","13.5","Argilla marnosa grigio chiara.","2a","1","Botticelli","20",528395.5755,4566420.855,592
"272","T3","13.55","Argilla marnosa grigio chiara.","2a","1","Botticelli","20",528395.5755,4566420.855,592
"273","T3","13.6","Argilla marnosa grigio chiara.","2a","1","Botticelli","20",528395.5755,4566420.855,592
"274","T3","13.65","Argilla marnosa grigio chiara.","2a","1","Botticelli","20",528395.5755,4566420.855,592
"275","T3","13.7","Argilla marnosa grigio chiara.","2a","1","Botticelli","20",528395.5755,4566420.855,592
"276","T3","13.75","Argilla marnosa grigio chiara.","2a","1","Botticelli","20",528395.5755,4566420.855,592
"277","T3","13.8","Argilla marnosa grigio chiara.","2a","1","Botticelli","20",528395.5755,4566420.855,592
"278","T3","13.85","Argilla marnosa grigio chiara.","2a","1","Botticelli","20",528395.5755,4566420.855,592
"279","T3","13.9","Argilla marnosa grigio chiara.","2a","1","Botticelli","20",528395.5755,4566420.855,592
"280","T3","13.95","Argilla marnosa grigio chiara.","2a","1","Botticelli","20",528395.5755,4566420.855,592
"281","T3","14","Argilla marnosa grigio chiara.","2a","1","Botticelli","20",528395.5755,4566420.855,592
"282","T3","14.05","Argilla marnosa grigio chiara.","2a","1","Botticelli","20",528395.5755,4566420.855,592
"283","T3","14.1","Argilla marnosa grigio chiara.","2a","1","Botticelli","20",528395.5755,4566420.855,592
"284","T3","14.15","Argilla marnosa grigio chiara.","2a","1","Botticelli","20",528395.5755,4566420.855,592
"285","T3","14.2","Argilla marnosa grigio chiara.","2a","1","Botticelli","20",528395.5755,4566420.855,592
"286","T3","14.25","Argilla marnosa grigio chiara.","2a","1","Botticelli","20",528395.5755,4566420.855,592
"287","T3","14.3","Argilla marnosa grigio chiara.","2a","1","Botticelli","20",528395.5755,4566420.855,592
"288","T3","14.35","Argilla marnosa grigio chiara.","2a","1","Botticelli","20",528395.5755,4566420.855,592
"289","T3","14.4","Argilla marnosa grigio chiara.","2a","1","Botticelli","20",528395.5755,4566420.855,592
"290","T3","14.45","Argilla marnosa grigio chiara.","2a","1","Botticelli","20",528395.5755,4566420.855,592
"291","T3","14.5","Argilla marnosa grigio chiara.","2a","1","Botticelli","20",528395.5755,4566420.855,592
"292","T3","14.55","Argilla marnosa grigio chiara.","2a","1","Botticelli","20",528395.5755,4566420.855,592
"293","T3","14.6","Argilla marnosa grigio chiara.","2a","1","Botticelli","20",528395.5755,4566420.855,592
"294","T3","14.65","Argilla marnosa grigio chiara.","2a","1","Botticelli","20",528395.5755,4566420.855,592
"295","T3","14.7","Argilla marnosa grigio chiara.","2a","1","Botticelli","20",528395.5755,4566420.855,592
"296","T3","14.75","Argilla marnosa grigio chiara.","2a","1","Botticelli","20",528395.5755,4566420.855,592
"297","T3","14.8","Argilla marnosa grigio chiara.","2a","1","Botticelli","20",528395.5755,4566420.855,592
"298","T3","14.85","Argilla marnosa grigio chiara.","2a","1","Botticelli","20",528395.5755,4566420.855,592
"299","T3","14.9","Argilla marnosa grigio chiara.","2a","1","Botticelli","20",528395.5755,4566420.855,592
"300","T3","14.95","Argilla marnosa grigio chiara.","2a","1","Botticelli","20",528395.5755,4566420.855,592
"301","T3","15","Argilla marnosa grigio chiara.","2a","1","Botticelli","20",528395.5755,4566420.855,592
"302","T3","15.05","Argilla marnosa grigio chiara.","2a","1","Botticelli","20",528395.5755,4566420.855,592
"303","T3","15.1","Argilla marnosa grigio chiara.","2a","1","Botticelli","20",528395.5755,4566420.855,592
"304","T3","15.15","Argilla marnosa grigio chiara.","2a","1","Botticelli","20",528395.5755,4566420.855,592
"305","T3","15.2","Argilla marnosa grigio chiara.","2a","1","Botticelli","20",528395.5755,4566420.855,592
"306","T3","15.25","Argilla marnosa grigio chiara.","2a","1","Botticelli","20",528395.5755,4566420.855,592
"307","T3","15.3","Argilla marnosa grigio chiara.","2a","1","Botticelli","20",528395.5755,4566420.855,592
"308","T3","15.35","Argilla marnosa grigio chiara.","2a","1","Botticelli","20",528395.5755,4566420.855,592
"309","T3","15.4","Argilla marnosa grigio chiara.","2a","1","Botticelli","20",528395.5755,4566420.855,592
"310","T3","15.45","Argilla marnosa grigio chiara.","2a","1","Botticelli","20",528395.5755,4566420.855,592
"311","T3","15.5","Argilla marnosa grigio chiara.","2a","1","Botticelli","20",528395.5755,4566420.855,592
"312","T3","15.55","Argilla marnosa grigio chiara.","2a","1","Botticelli","20",528395.5755,4566420.855,592
"313","T3","15.6","Argilla marnosa grigio chiara.","2a","1","Botticelli","20",528395.5755,4566420.855,592
"314","T3","15.65","Argilla marnosa grigio chiara.","2a","1","Botticelli","20",528395.5755,4566420.855,592
"315","T3","15.7","Argilla marnosa grigio chiara.","2a","1","Botticelli","20",528395.5755,4566420.855,592
"316","T3","15.75","Argilla marnosa grigio chiara.","2a","1","Botticelli","20",528395.5755,4566420.855,592
"317","T3","15.8","Argilla marnosa grigio chiara.","2a","1","Botticelli","20",528395.5755,4566420.855,592
"318","T3","15.85","Argilla marnosa grigio chiara.","2a","1","Botticelli","20",528395.5755,4566420.855,592
"319","T3","15.9","Argilla marnosa grigio chiara.","2a","1","Botticelli","20",528395.5755,4566420.855,592
"320","T3","15.95","Argilla marnosa grigio chiara.","2a","1","Botticelli","20",528395.5755,4566420.855,592
"321","T3","16","Argilla marnosa grigio chiara.","2a","1","Botticelli","20",528395.5755,4566420.855,592
"322","T3","16.05","Argilla marnosa grigio chiara.","2a","1","Botticelli","20",528395.5755,4566420.855,592
"323","T3","16.1","Argilla marnosa grigio chiara.","2a","1","Botticelli","20",528395.5755,4566420.855,592
"324","T3","16.15","Argilla marnosa grigio chiara.","2a","1","Botticelli","20",528395.5755,4566420.855,592
"325","T3","16.2","Argilla marnosa grigio chiara.","2a","1","Botticelli","20",528395.5755,4566420.855,592
"326","T3","16.25","Argilla marnosa grigio chiara.","2a","1","Botticelli","20",528395.5755,4566420.855,592
"327","T3","16.3","Argilla marnosa grigio chiara.","2a","1","Botticelli","20",528395.5755,4566420.855,592
"328","T3","16.35","Argilla marnosa grigio chiara.","2a","1","Botticelli","20",528395.5755,4566420.855,592
"329","T3","16.4","Argilla marnosa grigio chiara.","2a","1","Botticelli","20",528395.5755,4566420.855,592
"330","T3","16.45","Argilla marnosa grigio chiara.","2a","1","Botticelli","20",528395.5755,4566420.855,592
"331","T3","16.5","Argilla marnosa grigio chiara.","2a","1","Botticelli","20",528395.5755,4566420.855,592
"332","T3","16.55","Argilla marnosa grigio azzurra con inclusi ciotoli.","2a","1","Botticelli","20",528395.5755,4566420.855,592
"333","T3","16.6","Argilla marnosa grigio azzurra con inclusi ciotoli.","2a","1","Botticelli","20",528395.5755,4566420.855,592
"334","T3","16.65","Argilla marnosa grigio azzurra con inclusi ciotoli.","2a","1","Botticelli","20",528395.5755,4566420.855,592
"335","T3","16.7","Argilla marnosa grigio azzurra con inclusi ciotoli.","2a","1","Botticelli","20",528395.5755,4566420.855,592
"336","T3","16.75","Argilla marnosa grigio azzurra con inclusi ciotoli.","2a","1","Botticelli","20",528395.5755,4566420.855,592
"337","T3","16.8","Argilla marnosa grigio azzurra con inclusi ciotoli.","2a","1","Botticelli","20",528395.5755,4566420.855,592
"338","T3","16.85","Argilla marnosa grigio azzurra con inclusi ciotoli.","2a","1","Botticelli","20",528395.5755,4566420.855,592
"339","T3","16.9","Argilla marnosa grigio azzurra con inclusi ciotoli.","2a","1","Botticelli","20",528395.5755,4566420.855,592
"340","T3","16.95","Argilla marnosa grigio azzurra con inclusi ciotoli.","2a","1","Botticelli","20",528395.5755,4566420.855,592
"341","T3","17","Argilla marnosa grigio azzurra con inclusi ciotoli.","2a","1","Botticelli","20",528395.5755,4566420.855,592
"342","T3","17.05","Argilla marnosa grigio azzurra con inclusi ciotoli.","2a","1","Botticelli","20",528395.5755,4566420.855,592
"343","T3","17.1","Argilla marnosa grigio azzurra con inclusi ciotoli.","2a","1","Botticelli","20",528395.5755,4566420.855,592
"344","T3","17.15","Argilla marnosa grigio azzurra con inclusi ciotoli.","2a","1","Botticelli","20",528395.5755,4566420.855,592
"345","T3","17.2","Argilla marnosa grigio azzurra con inclusi ciotoli.","2a","1","Botticelli","20",528395.5755,4566420.855,592
"346","T3","17.25","Argilla marnosa grigio azzurra con inclusi ciotoli.","2a","1","Botticelli","20",528395.5755,4566420.855,592
"347","T3","17.3","Argilla marnosa grigio azzurra con inclusi ciotoli.","2a","1","Botticelli","20",528395.5755,4566420.855,592
"348","T3","17.35","Argilla marnosa grigio azzurra con inclusi ciotoli.","2a","1","Botticelli","20",528395.5755,4566420.855,592
"349","T3","17.4","Argilla marnosa grigio azzurra con inclusi ciotoli.","2a","1","Botticelli","20",528395.5755,4566420.855,592
"350","T3","17.45","Argilla marnosa grigio azzurra con inclusi ciotoli.","2a","1","Botticelli","20",528395.5755,4566420.855,592
"351","T3","17.5","Argilla marnosa grigio azzurra con inclusi ciotoli.","2a","1","Botticelli","20",528395.5755,4566420.855,592
"352","T3","17.55","Argilla marnosa grigio azzurra con inclusi ciotoli.","2a","1","Botticelli","20",528395.5755,4566420.855,592
"353","T3","17.6","Argilla marnosa grigio azzurra con inclusi ciotoli.","2a","1","Botticelli","20",528395.5755,4566420.855,592
"354","T3","17.65","Argilla marnosa grigio azzurra con inclusi ciotoli.","2a","1","Botticelli","20",528395.5755,4566420.855,592
"355","T3","17.7","Argilla marnosa grigio azzurra con inclusi ciotoli.","2a","1","Botticelli","20",528395.5755,4566420.855,592
"356","T3","17.75","Argilla marnosa grigio azzurra con inclusi ciotoli.","2a","1","Botticelli","20",528395.5755,4566420.855,592
"357","T3","17.8","Argilla marnosa grigio azzurra con inclusi ciotoli.","2a","1","Botticelli","20",528395.5755,4566420.855,592
"358","T3","17.85","Argilla marnosa grigio azzurra con inclusi ciotoli.","2a","1","Botticelli","20",528395.5755,4566420.855,592
"359","T3","17.9","Argilla marnosa grigio azzurra con inclusi ciotoli.","2a","1","Botticelli","20",528395.5755,4566420.855,592
"360","T3","17.95","Argilla marnosa grigio azzurra con inclusi ciotoli.","2a","1","Botticelli","20",528395.5755,4566420.855,592
"361","T3","18","Argilla marnosa grigio azzurra con inclusi ciotoli.","2a","1","Botticelli","20",528395.5755,4566420.855,592
"362","T3","18.05","Argilla marnosa grigio azzurra con inclusi ciotoli.","2a","1","Botticelli","20",528395.5755,4566420.855,592
"363","T3","18.1","Argilla marnosa grigio azzurra con inclusi ciotoli.","2a","1","Botticelli","20",528395.5755,4566420.855,592
"364","T3","18.15","Argilla marnosa grigio azzurra con inclusi ciotoli.","2a","1","Botticelli","20",528395.5755,4566420.855,592
"365","T3","18.2","Argilla marnosa grigio azzurra con inclusi ciotoli.","2a","1","Botticelli","20",528395.5755,4566420.855,592
"366","T3","18.25","Argilla marnosa grigio azzurra con inclusi ciotoli.","2a","1","Botticelli","20",528395.5755,4566420.855,592
"367","T3","18.3","Argilla marnosa grigio azzurra con inclusi ciotoli.","2a","1","Botticelli","20",528395.5755,4566420.855,592
"368","T3","18.35","Argilla marnosa grigio azzurra con inclusi ciotoli.","2a","1","Botticelli","20",528395.5755,4566420.855,592
"369","T3","18.4","Argilla marnosa grigio azzurra con inclusi ciotoli.","2a","1","Botticelli","20",528395.5755,4566420.855,592
"370","T3","18.45","Argilla marnosa grigio azzurra con inclusi ciotoli.","2a","1","Botticelli","20",528395.5755,4566420.855,592
"371","T3","18.5","Argilla marnosa grigio azzurra con inclusi ciotoli.","2a","1","Botticelli","20",528395.5755,4566420.855,592
"372","T3","18.55","Argilla marnosa grigio azzurra con inclusi ciotoli.","2a","1","Botticelli","20",528395.5755,4566420.855,592
"373","T3","18.6","Argilla marnosa grigio azzurra con inclusi ciotoli.","2a","1","Botticelli","20",528395.5755,4566420.855,592
"374","T3","18.65","Argilla marnosa grigio azzurra con inclusi ciotoli.","2a","1","Botticelli","20",528395.5755,4566420.855,592
"375","T3","18.7","Argilla marnosa grigio azzurra con inclusi ciotoli.","2a","1","Botticelli","20",528395.5755,4566420.855,592
"376","T3","18.75","Argilla marnosa grigio azzurra con inclusi ciotoli.","2a","1","Botticelli","20",528395.5755,4566420.855,592
"377","T3","18.8","Argilla marnosa grigio azzurra con inclusi ciotoli.","2a","1","Botticelli","20",528395.5755,4566420.855,592
"378","T3","18.85","Argilla marnosa grigio azzurra con inclusi ciotoli.","2a","1","Botticelli","20",528395.5755,4566420.855,592
"379","T3","18.9","Argilla marnosa grigio azzurra con inclusi ciotoli.","2a","1","Botticelli","20",528395.5755,4566420.855,592
"380","T3","18.95","Argilla marnosa grigio azzurra con inclusi ciotoli.","2a","1","Botticelli","20",528395.5755,4566420.855,592
"381","T3","19","Argilla marnosa grigio azzurra con inclusi ciotoli.","2a","1","Botticelli","20",528395.5755,4566420.855,592
"382","T3","19.05","Argilla marnosa grigio azzurra con inclusi ciotoli.","2a","1","Botticelli","20",528395.5755,4566420.855,592
"383","T3","19.1","Argilla marnosa grigio azzurra con inclusi ciotoli.","2a","1","Botticelli","20",528395.5755,4566420.855,592
"384","T3","19.15","Argilla marnosa grigio azzurra con inclusi ciotoli.","2a","1","Botticelli","20",528395.5755,4566420.855,592
"385","T3","19.2","Argilla marnosa grigio azzurra con inclusi ciotoli.","2a","1","Botticelli","20",528395.5755,4566420.855,592
"386","T3","19.25","Argilla marnosa grigio azzurra con inclusi ciotoli.","2a","1","Botticelli","20",528395.5755,4566420.855,592
"387","T3","19.3","Argilla marnosa grigio azzurra con inclusi ciotoli.","2a","1","Botticelli","20",528395.5755,4566420.855,592
"388","T3","19.35","Argilla marnosa grigio azzurra con inclusi ciotoli.","2a","1","Botticelli","20",528395.5755,4566420.855,592
"389","T3","19.4","Argilla marnosa grigio azzurra con inclusi ciotoli.","2a","1","Botticelli","20",528395.5755,4566420.855,592
"390","T3","19.45","Argilla marnosa grigio azzurra con inclusi ciotoli.","2a","1","Botticelli","20",528395.5755,4566420.855,592
"391","T3","19.5","Argilla marnosa grigio azzurra con inclusi ciotoli.","2a","1","Botticelli","20",528395.5755,4566420.855,592
"392","T3","19.55","Calcareniti grigio azzurrognole.","2a","1","Botticelli","20",528395.5755,4566420.855,592
"393","T3","19.6","Calcareniti grigio azzurrognole.","2a","1","Botticelli","20",528395.5755,4566420.855,592
"394","T3","19.65","Calcareniti grigio azzurrognole.","2a","1","Botticelli","20",528395.5755,4566420.855,592
"395","T3","19.7","Calcareniti grigio azzurrognole.","2a","1","Botticelli","20",528395.5755,4566420.855,592
"396","T3","19.75","Calcareniti grigio azzurrognole.","2a","1","Botticelli","20",528395.5755,4566420.855,592
"397","T3","19.8","Calcareniti grigio azzurrognole.","2a","1","Botticelli","20",528395.5755,4566420.855,592
"398","T3","19.85","Calcareniti grigio azzurrognole.","2a","1","Botticelli","20",528395.5755,4566420.855,592
"399","T3","19.9","Calcareniti grigio azzurrognole.","2a","1","Botticelli","20",528395.5755,4566420.855,592
"400","T3","19.95","Calcareniti grigio azzurrognole.","2a","1","Botticelli","20",528395.5755,4566420.855,592
"401","T3","20","Calcareniti grigio azzurrognole.","2a","1","Botticelli","20",528395.5755,4566420.855,592
"402","T3","20","Calcareniti grigio azzurrognole.","2a","0","Botticelli","20",528395.5755,4566420.855,592
"403","T3","20.05","Calcareniti grigio azzurrognole.","2a","0","Botticelli","20",528395.5755,4566420.855,592
"404","T3","20.1","Calcareniti grigio azzurrognole.","2a","0","Botticelli","20",528395.5755,4566420.855,592
"405","T3","20.15","Calcareniti grigio azzurrognole.","2a","0","Botticelli","20",528395.5755,4566420.855,592
"406","T3","20.2","Calcareniti grigio azzurrognole.","2a","0","Botticelli","20",528395.5755,4566420.855,592
"407","T3","20.25","Calcareniti grigio azzurrognole.","2a","0","Botticelli","20",528395.5755,4566420.855,592
"408","T3","20.3","Calcareniti grigio azzurrognole.","2a","0","Botticelli","20",528395.5755,4566420.855,592
"409","T3","20.35","Calcareniti grigio azzurrognole.","2a","0","Botticelli","20",528395.5755,4566420.855,592
"410","T3","20.4","Calcareniti grigio azzurrognole.","2a","0","Botticelli","20",528395.5755,4566420.855,592
"411","T3","20.45","Calcareniti grigio azzurrognole.","2a","0","Botticelli","20",528395.5755,4566420.855,592
"412","T3","20.5","Calcareniti grigio azzurrognole.","2a","0","Botticelli","20",528395.5755,4566420.855,592
"413","T3","20.55","Calcareniti grigio azzurrognole.","2a","0","Botticelli","20",528395.5755,4566420.855,592
"414","T3","20.6","Calcareniti grigio azzurrognole.","2a","0","Botticelli","20",528395.5755,4566420.855,592
"415","T3","20.65","Calcareniti grigio azzurrognole.","2a","0","Botticelli","20",528395.5755,4566420.855,592
"416","T3","20.7","Calcareniti grigio azzurrognole.","2a","0","Botticelli","20",528395.5755,4566420.855,592
"417","T3","20.75","Calcareniti grigio azzurrognole.","2a","0","Botticelli","20",528395.5755,4566420.855,592
"418","T3","20.8","Calcareniti grigio azzurrognole.","2a","0","Botticelli","20",528395.5755,4566420.855,592
"419","T3","20.85","Calcareniti grigio azzurrognole.","2a","0","Botticelli","20",528395.5755,4566420.855,592
"420","T3","20.9","Calcareniti grigio azzurrognole.","2a","0","Botticelli","20",528395.5755,4566420.855,592
"421","T3","20.95","Calcareniti grigio azzurrognole.","2a","0","Botticelli","20",528395.5755,4566420.855,592
"422","T3","21","Calcareniti grigio azzurrognole.","2a","0","Botticelli","20",528395.5755,4566420.855,592
"423","T3","21.05","Calcareniti grigio azzurrognole.","2a","0","Botticelli","20",528395.5755,4566420.855,592
"424","T3","21.1","Calcareniti grigio azzurrognole.","2a","0","Botticelli","20",528395.5755,4566420.855,592
"425","T3","21.15","Calcareniti grigio azzurrognole.","2a","0","Botticelli","20",528395.5755,4566420.855,592
"426","T3","21.2","Calcareniti grigio azzurrognole.","2a","0","Botticelli","20",528395.5755,4566420.855,592
"427","T3","21.25","Calcareniti grigio azzurrognole.","2a","0","Botticelli","20",528395.5755,4566420.855,592
"428","T3","21.3","Calcareniti grigio azzurrognole.","2a","0","Botticelli","20",528395.5755,4566420.855,592
"429","T3","21.35","Calcareniti grigio azzurrognole.","2a","0","Botticelli","20",528395.5755,4566420.855,592
"430","T3","21.4","Calcareniti grigio azzurrognole.","2a","0","Botticelli","20",528395.5755,4566420.855,592
"431","T3","21.45","Calcareniti grigio azzurrognole.","2a","0","Botticelli","20",528395.5755,4566420.855,592
"432","T3","21.5","Calcareniti grigio azzurrognole.","2a","0","Botticelli","20",528395.5755,4566420.855,592
"433","T3","21.55","Calcareniti grigio azzurrognole.","2a","0","Botticelli","20",528395.5755,4566420.855,592
"434","T3","21.6","Calcareniti grigio azzurrognole.","2a","0","Botticelli","20",528395.5755,4566420.855,592
"435","T3","21.65","Calcareniti grigio azzurrognole.","2a","0","Botticelli","20",528395.5755,4566420.855,592
"436","T3","21.7","Calcareniti grigio azzurrognole.","2a","0","Botticelli","20",528395.5755,4566420.855,592
"437","T3","21.75","Calcareniti grigio azzurrognole.","2a","0","Botticelli","20",528395.5755,4566420.855,592
"438","T3","21.8","Calcareniti grigio azzurrognole.","2a","0","Botticelli","20",528395.5755,4566420.855,592
"439","T3","21.85","Calcareniti grigio azzurrognole.","2a","0","Botticelli","20",528395.5755,4566420.855,592
"440","T3","21.9","Calcareniti grigio azzurrognole.","2a","0","Botticelli","20",528395.5755,4566420.855,592
"441","T3","21.95","Calcareniti grigio azzurrognole.","2a","0","Botticelli","20",528395.5755,4566420.855,592
"442","T3","22","Calcareniti grigio azzurrognole.","2a","0","Botticelli","20",528395.5755,4566420.855,592
"443","T3","22.05","Calcareniti grigio azzurrognole.","2a","0","Botticelli","20",528395.5755,4566420.855,592
"444","T3","22.1","Calcareniti grigio azzurrognole.","2a","0","Botticelli","20",528395.5755,4566420.855,592
"445","T3","22.15","Calcareniti grigio azzurrognole.","2a","0","Botticelli","20",528395.5755,4566420.855,592
"446","T3","22.2","Calcareniti grigio azzurrognole.","2a","0","Botticelli","20",528395.5755,4566420.855,592
"447","T3","22.25","Calcareniti grigio azzurrognole.","2a","0","Botticelli","20",528395.5755,4566420.855,592
"448","T3","22.3","Calcareniti grigio azzurrognole.","2a","0","Botticelli","20",528395.5755,4566420.855,592
"449","T3","22.35","Calcareniti grigio azzurrognole.","2a","0","Botticelli","20",528395.5755,4566420.855,592
"450","T3","22.4","Calcareniti grigio azzurrognole.","2a","0","Botticelli","20",528395.5755,4566420.855,592
"451","T3","22.45","Calcareniti grigio azzurrognole.","2a","0","Botticelli","20",528395.5755,4566420.855,592
"452","T3","22.5","Calcareniti grigio azzurrognole.","2a","0","Botticelli","20",528395.5755,4566420.855,592
"453","T3","22.55","Calcareniti grigio azzurrognole.","2a","0","Botticelli","20",528395.5755,4566420.855,592
"454","T3","22.6","Calcareniti grigio azzurrognole.","2a","0","Botticelli","20",528395.5755,4566420.855,592
"455","T3","22.65","Calcareniti grigio azzurrognole.","2a","0","Botticelli","20",528395.5755,4566420.855,592
"456","T3","22.7","Calcareniti grigio azzurrognole.","2a","0","Botticelli","20",528395.5755,4566420.855,592
"457","T3","22.75","Calcareniti grigio azzurrognole.","2a","0","Botticelli","20",528395.5755,4566420.855,592
"458","T3","22.8","Calcareniti grigio azzurrognole.","2a","0","Botticelli","20",528395.5755,4566420.855,592
"459","T3","22.85","Calcareniti grigio azzurrognole.","2a","0","Botticelli","20",528395.5755,4566420.855,592
"460","T3","22.9","Calcareniti grigio azzurrognole.","2a","0","Botticelli","20",528395.5755,4566420.855,592
"461","T3","22.95","Calcareniti grigio azzurrognole.","2a","0","Botticelli","20",528395.5755,4566420.855,592
"462","T3","23","Calcareniti grigio azzurrognole.","2a","0","Botticelli","20",528395.5755,4566420.855,592
"463","T3","23.05","Calcareniti grigio azzurrognole.","2a","0","Botticelli","20",528395.5755,4566420.855,592
"464","T3","23.1","Calcareniti grigio azzurrognole.","2a","0","Botticelli","20",528395.5755,4566420.855,592
"465","T3","23.15","Calcareniti grigio azzurrognole.","2a","0","Botticelli","20",528395.5755,4566420.855,592
"466","T3","23.2","Calcareniti grigio azzurrognole.","2a","0","Botticelli","20",528395.5755,4566420.855,592
"467","T3","23.25","Calcareniti grigio azzurrognole.","2a","0","Botticelli","20",528395.5755,4566420.855,592
"468","T3","23.3","Calcareniti grigio azzurrognole.","2a","0","Botticelli","20",528395.5755,4566420.855,592
"469","T3","23.35","Calcareniti grigio azzurrognole.","2a","0","Botticelli","20",528395.5755,4566420.855,592
"470","T3","23.4","Calcareniti grigio azzurrognole.","2a","0","Botticelli","20",528395.5755,4566420.855,592
"471","T3","23.45","Calcareniti grigio azzurrognole.","2a","0","Botticelli","20",528395.5755,4566420.855,592
"472","T3","23.5","Calcareniti grigio azzurrognole.","2a","0","Botticelli","20",528395.5755,4566420.855,592
"473","T3","23.55","Calcareniti grigio azzurrognole.","2a","0","Botticelli","20",528395.5755,4566420.855,592
"474","T3","23.6","Calcareniti grigio azzurrognole.","2a","0","Botticelli","20",528395.5755,4566420.855,592
"475","T3","23.65","Calcareniti grigio azzurrognole.","2a","0","Botticelli","20",528395.5755,4566420.855,592
"476","T3","23.7","Calcareniti grigio azzurrognole.","2a","0","Botticelli","20",528395.5755,4566420.855,592
"477","T3","23.75","Calcareniti grigio azzurrognole.","2a","0","Botticelli","20",528395.5755,4566420.855,592
"478","T3","23.8","Calcareniti grigio azzurrognole.","2a","0","Botticelli","20",528395.5755,4566420.855,592
"479","T3","23.85","Calcareniti grigio azzurrognole.","2a","0","Botticelli","20",528395.5755,4566420.855,592
"480","T3","23.9","Calcareniti grigio azzurrognole.","2a","0","Botticelli","20",528395.5755,4566420.855,592
"481","T3","23.95","Calcareniti grigio azzurrognole.","2a","0","Botticelli","20",528395.5755,4566420.855,592
"482","T3","24","Calcareniti grigio azzurrognole.","2a","0","Botticelli","20",528395.5755,4566420.855,592
"483","T3","24.05","Calcareniti grigio azzurrognole.","2a","0","Botticelli","20",528395.5755,4566420.855,592
"484","T3","24.1","Calcareniti grigio azzurrognole.","2a","0","Botticelli","20",528395.5755,4566420.855,592
"485","T3","24.15","Calcareniti grigio azzurrognole.","2a","0","Botticelli","20",528395.5755,4566420.855,592
"486","T3","24.2","Calcareniti grigio azzurrognole.","2a","0","Botticelli","20",528395.5755,4566420.855,592
"487","T3","24.25","Calcareniti grigio azzurrognole.","2a","0","Botticelli","20",528395.5755,4566420.855,592
"488","T3","24.3","Calcareniti grigio azzurrognole.","2a","0","Botticelli","20",528395.5755,4566420.855,592
"489","T3","24.35","Calcareniti grigio azzurrognole.","2a","0","Botticelli","20",528395.5755,4566420.855,592
"490","T3","24.4","Calcareniti grigio azzurrognole.","2a","0","Botticelli","20",528395.5755,4566420.855,592
"491","T3","24.45","Calcareniti grigio azzurrognole.","2a","0","Botticelli","20",528395.5755,4566420.855,592
"492","T3","24.5","Calcareniti grigio azzurrognole.","2a","0","Botticelli","20",528395.5755,4566420.855,592
"493","T3","24.55","Calcareniti grigio azzurrognole.","2a","0","Botticelli","20",528395.5755,4566420.855,592
"494","T3","24.6","Calcareniti grigio azzurrognole.","2a","0","Botticelli","20",528395.5755,4566420.855,592
"495","T3","24.65","Calcareniti grigio azzurrognole.","2a","0","Botticelli","20",528395.5755,4566420.855,592
"496","T3","24.7","Calcareniti grigio azzurrognole.","2a","0","Botticelli","20",528395.5755,4566420.855,592
"497","T3","24.75","Calcareniti grigio azzurrognole.","2a","0","Botticelli","20",528395.5755,4566420.855,592
"498","T3","24.8","Calcareniti grigio azzurrognole.","2a","0","Botticelli","20",528395.5755,4566420.855,592
"499","T3","24.85","Calcareniti grigio azzurrognole.","2a","0","Botticelli","20",528395.5755,4566420.855,592
"500","T3","24.9","Calcareniti grigio azzurrognole.","2a","0","Botticelli","20",528395.5755,4566420.855,592
"501","T3","24.95","Calcareniti grigio azzurrognole.","2a","0","Botticelli","20",528395.5755,4566420.855,592
"502","T3","25","Calcareniti grigio azzurrognole.","2a","0","Botticelli","20",528395.5755,4566420.855,592
"503","T3","25.05","Calcareniti grigio azzurrognole.","2a","0","Botticelli","20",528395.5755,4566420.855,592
"504","T3","25.1","Calcareniti grigio azzurrognole.","2a","0","Botticelli","20",528395.5755,4566420.855,592
"505","T3","25.15","Calcareniti grigio azzurrognole.","2a","0","Botticelli","20",528395.5755,4566420.855,592
"506","T3","25.2","Calcareniti grigio azzurrognole.","2a","0","Botticelli","20",528395.5755,4566420.855,592
"507","T3","25.25","Calcareniti grigio azzurrognole.","2a","0","Botticelli","20",528395.5755,4566420.855,592
"508","T3","25.3","Calcareniti grigio azzurrognole.","2a","0","Botticelli","20",528395.5755,4566420.855,592
"509","T3","25.35","Calcareniti grigio azzurrognole.","2a","0","Botticelli","20",528395.5755,4566420.855,592
"510","T3","25.4","Calcareniti grigio azzurrognole.","2a","0","Botticelli","20",528395.5755,4566420.855,592
"511","T3","25.45","Calcareniti grigio azzurrognole.","2a","0","Botticelli","20",528395.5755,4566420.855,592
"512","T3","25.5","Calcareniti grigio azzurrognole.","2a","0","Botticelli","20",528395.5755,4566420.855,592
"513","T3","25.55","Calcareniti grigio azzurrognole.","2a","0","Botticelli","20",528395.5755,4566420.855,592
"514","T3","25.6","Calcareniti grigio azzurrognole.","2a","0","Botticelli","20",528395.5755,4566420.855,592
"515","T3","25.65","Calcareniti grigio azzurrognole.","2a","0","Botticelli","20",528395.5755,4566420.855,592
"516","T3","25.7","Calcareniti grigio azzurrognole.","2a","0","Botticelli","20",528395.5755,4566420.855,592
"517","T3","25.75","Calcareniti grigio azzurrognole.","2a","0","Botticelli","20",528395.5755,4566420.855,592
"518","T3","25.8","Calcareniti grigio azzurrognole.","2a","0","Botticelli","20",528395.5755,4566420.855,592
"519","T3","25.85","Calcareniti grigio azzurrognole.","2a","0","Botticelli","20",528395.5755,4566420.855,592
"520","T3","25.9","Calcareniti grigio azzurrognole.","2a","0","Botticelli","20",528395.5755,4566420.855,592
"521","T3","25.95","Calcareniti grigio azzurrognole.","2a","0","Botticelli","20",528395.5755,4566420.855,592
"522","T3","26","Calcareniti grigio azzurrognole.","2a","0","Botticelli","20",528395.5755,4566420.855,592
"523","T3","26.05","Calcareniti grigio azzurrognole.","2a","0","Botticelli","20",528395.5755,4566420.855,592
"524","T3","26.1","Calcareniti grigio azzurrognole.","2a","0","Botticelli","20",528395.5755,4566420.855,592
"525","T3","26.15","Calcareniti grigio azzurrognole.","2a","0","Botticelli","20",528395.5755,4566420.855,592
"526","T3","26.2","Calcareniti grigio azzurrognole.","2a","0","Botticelli","20",528395.5755,4566420.855,592
"527","T3","26.25","Calcareniti grigio azzurrognole.","2a","0","Botticelli","20",528395.5755,4566420.855,592
"528","T3","26.3","Calcareniti grigio azzurrognole.","2a","0","Botticelli","20",528395.5755,4566420.855,592
"529","T3","26.35","Calcareniti grigio azzurrognole.","2a","0","Botticelli","20",528395.5755,4566420.855,592
"530","T3","26.4","Calcareniti grigio azzurrognole.","2a","0","Botticelli","20",528395.5755,4566420.855,592
"531","T3","26.45","Calcareniti grigio azzurrognole.","2a","0","Botticelli","20",528395.5755,4566420.855,592
"532","T3","26.5","Calcareniti grigio azzurrognole.","2a","0","Botticelli","20",528395.5755,4566420.855,592
"533","T3","26.55","Calcareniti grigio azzurrognole.","2a","0","Botticelli","20",528395.5755,4566420.855,592
"534","T3","26.6","Calcareniti grigio azzurrognole.","2a","0","Botticelli","20",528395.5755,4566420.855,592
"535","T3","26.65","Calcareniti grigio azzurrognole.","2a","0","Botticelli","20",528395.5755,4566420.855,592
"536","T3","26.7","Calcareniti grigio azzurrognole.","2a","0","Botticelli","20",528395.5755,4566420.855,592
"537","T3","26.75","Calcareniti grigio azzurrognole.","2a","0","Botticelli","20",528395.5755,4566420.855,592
"538","T3","26.8","Calcareniti grigio azzurrognole.","2a","0","Botticelli","20",528395.5755,4566420.855,592
"539","T3","26.85","Calcareniti grigio azzurrognole.","2a","0","Botticelli","20",528395.5755,4566420.855,592
"540","T3","26.9","Calcareniti grigio azzurrognole.","2a","0","Botticelli","20",528395.5755,4566420.855,592
"541","T3","26.95","Calcareniti grigio azzurrognole.","2a","0","Botticelli","20",528395.5755,4566420.855,592
"542","T3","27","Calcareniti grigio azzurrognole.","2a","0","Botticelli","20",528395.5755,4566420.855,592
"543","T3","27.05","Calcareniti grigio azzurrognole.","2a","0","Botticelli","20",528395.5755,4566420.855,592
"544","T3","27.1","Calcareniti grigio azzurrognole.","2a","0","Botticelli","20",528395.5755,4566420.855,592
"545","T3","27.15","Calcareniti grigio azzurrognole.","2a","0","Botticelli","20",528395.5755,4566420.855,592
"546","T3","27.2","Calcareniti grigio azzurrognole.","2a","0","Botticelli","20",528395.5755,4566420.855,592
"547","T3","27.25","Calcareniti grigio azzurrognole.","2a","0","Botticelli","20",528395.5755,4566420.855,592
"548","T3","27.3","Calcareniti grigio azzurrognole.","2a","0","Botticelli","20",528395.5755,4566420.855,592
"549","T3","27.35","Calcareniti grigio azzurrognole.","2a","0","Botticelli","20",528395.5755,4566420.855,592
"550","T3","27.4","Calcareniti grigio azzurrognole.","2a","0","Botticelli","20",528395.5755,4566420.855,592
"551","T3","27.45","Calcareniti grigio azzurrognole.","2a","0","Botticelli","20",528395.5755,4566420.855,592
"552","T3","27.5","Calcareniti grigio azzurrognole.","2a","0","Botticelli","20",528395.5755,4566420.855,592
"553","T3","27.55","Calcareniti grigio azzurrognole.","2a","0","Botticelli","20",528395.5755,4566420.855,592
"554","T3","27.6","Calcareniti grigio azzurrognole.","2a","0","Botticelli","20",528395.5755,4566420.855,592
"555","T3","27.65","Calcareniti grigio azzurrognole.","2a","0","Botticelli","20",528395.5755,4566420.855,592
"556","T3","27.7","Calcareniti grigio azzurrognole.","2a","0","Botticelli","20",528395.5755,4566420.855,592
"557","T3","27.75","Calcareniti grigio azzurrognole.","2a","0","Botticelli","20",528395.5755,4566420.855,592
"558","T3","27.8","Calcareniti grigio azzurrognole.","2a","0","Botticelli","20",528395.5755,4566420.855,592
"559","T3","27.85","Calcareniti grigio azzurrognole.","2a","0","Botticelli","20",528395.5755,4566420.855,592
"560","T3","27.9","Calcareniti grigio azzurrognole.","2a","0","Botticelli","20",528395.5755,4566420.855,592
"561","T3","27.95","Calcareniti grigio azzurrognole.","2a","0","Botticelli","20",528395.5755,4566420.855,592
"562","T3","28","Calcareniti grigio azzurrognole.","2a","0","Botticelli","20",528395.5755,4566420.855,592
"563","T3","28.05","Calcareniti grigio azzurrognole.","2a","0","Botticelli","20",528395.5755,4566420.855,592
"564","T3","28.1","Calcareniti grigio azzurrognole.","2a","0","Botticelli","20",528395.5755,4566420.855,592
"565","T3","28.15","Calcareniti grigio azzurrognole.","2a","0","Botticelli","20",528395.5755,4566420.855,592
"566","T3","28.2","Calcareniti grigio azzurrognole.","2a","0","Botticelli","20",528395.5755,4566420.855,592
"567","T3","28.25","Calcareniti grigio azzurrognole.","2a","0","Botticelli","20",528395.5755,4566420.855,592
"568","T3","28.3","Calcareniti grigio azzurrognole.","2a","0","Botticelli","20",528395.5755,4566420.855,592
"569","T3","28.35","Calcareniti grigio azzurrognole.","2a","0","Botticelli","20",528395.5755,4566420.855,592
"570","T3","28.4","Calcareniti grigio azzurrognole.","2a","0","Botticelli","20",528395.5755,4566420.855,592
"571","T3","28.45","Calcareniti grigio azzurrognole.","2a","0","Botticelli","20",528395.5755,4566420.855,592
"572","T3","28.5","Calcareniti grigio azzurrognole.","2a","0","Botticelli","20",528395.5755,4566420.855,592
"573","T3","28.55","Calcareniti grigio azzurrognole.","2a","0","Botticelli","20",528395.5755,4566420.855,592
"574","T3","28.6","Calcareniti grigio azzurrognole.","2a","0","Botticelli","20",528395.5755,4566420.855,592
"575","T3","28.65","Calcareniti grigio azzurrognole.","2a","0","Botticelli","20",528395.5755,4566420.855,592
"576","T3","28.7","Calcareniti grigio azzurrognole.","2a","0","Botticelli","20",528395.5755,4566420.855,592
"577","T3","28.75","Calcareniti grigio azzurrognole.","2a","0","Botticelli","20",528395.5755,4566420.855,592
"578","T3","28.8","Calcareniti grigio azzurrognole.","2a","0","Botticelli","20",528395.5755,4566420.855,592
"579","T3","28.85","Calcareniti grigio azzurrognole.","2a","0","Botticelli","20",528395.5755,4566420.855,592
"580","T3","28.9","Calcareniti grigio azzurrognole.","2a","0","Botticelli","20",528395.5755,4566420.855,592
"581","T3","28.95","Calcareniti grigio azzurrognole.","2a","0","Botticelli","20",528395.5755,4566420.855,592
"582","T3","29","Calcareniti grigio azzurrognole.","2a","0","Botticelli","20",528395.5755,4566420.855,592
"583","T3","29.05","Calcareniti grigio azzurrognole.","2a","0","Botticelli","20",528395.5755,4566420.855,592
"584","T3","29.1","Calcareniti grigio azzurrognole.","2a","0","Botticelli","20",528395.5755,4566420.855,592
"585","T3","29.15","Calcareniti grigio azzurrognole.","2a","0","Botticelli","20",528395.5755,4566420.855,592
"586","T3","29.2","Calcareniti grigio azzurrognole.","2a","0","Botticelli","20",528395.5755,4566420.855,592
"587","T3","29.25","Calcareniti grigio azzurrognole.","2a","0","Botticelli","20",528395.5755,4566420.855,592
"588","T3","29.3","Calcareniti grigio azzurrognole.","2a","0","Botticelli","20",528395.5755,4566420.855,592
"589","T3","29.35","Calcareniti grigio azzurrognole.","2a","0","Botticelli","20",528395.5755,4566420.855,592
"590","T3","29.4","Calcareniti grigio azzurrognole.","2a","0","Botticelli","20",528395.5755,4566420.855,592
"591","T3","29.45","Calcareniti grigio azzurrognole.","2a","0","Botticelli","20",528395.5755,4566420.855,592
"592","T3","29.5","Calcareniti grigio azzurrognole.","2a","0","Botticelli","20",528395.5755,4566420.855,592
"593","T3","29.55","Calcareniti grigio azzurrognole.","2a","0","Botticelli","20",528395.5755,4566420.855,592
"594","T3","29.6","Calcareniti grigio azzurrognole.","2a","0","Botticelli","20",528395.5755,4566420.855,592
"595","T3","29.65","Calcareniti grigio azzurrognole.","2a","0","Botticelli","20",528395.5755,4566420.855,592
"596","T3","29.7","Calcareniti grigio azzurrognole.","2a","0","Botticelli","20",528395.5755,4566420.855,592
"597","T3","29.75","Calcareniti grigio azzurrognole.","2a","0","Botticelli","20",528395.5755,4566420.855,592
"598","T3","29.8","Calcareniti grigio azzurrognole.","2a","0","Botticelli","20",528395.5755,4566420.855,592
"599","T3","29.85","Calcareniti grigio azzurrognole.","2a","0","Botticelli","20",528395.5755,4566420.855,592
"600","T3","29.9","Calcareniti grigio azzurrognole.","2a","0","Botticelli","20",528395.5755,4566420.855,592
"601","T3","29.95","Calcareniti grigio azzurrognole.","2a","0","Botticelli","20",528395.5755,4566420.855,592
"602","T3","30","Calcareniti grigio azzurrognole.","2a","0","Botticelli","20",528395.5755,4566420.855,592
"603","T3","30.05","Calcareniti grigio azzurrognole.","2a","0","Botticelli","20",528395.5755,4566420.855,592
"604","T3","30.1","Calcareniti grigio azzurrognole.","2a","0","Botticelli","20",528395.5755,4566420.855,592
"605","T3","30.15","Calcareniti grigio azzurrognole.","2a","0","Botticelli","20",528395.5755,4566420.855,592
"606","T3","30.2","Calcareniti grigio azzurrognole.","2a","0","Botticelli","20",528395.5755,4566420.855,592
"607","T3","30.25","Calcareniti grigio azzurrognole.","2a","0","Botticelli","20",528395.5755,4566420.855,592
"608","T3","30.3","Calcareniti grigio azzurrognole.","2a","0","Botticelli","20",528395.5755,4566420.855,592
"609","T3","30.35","Calcareniti grigio azzurrognole.","2a","0","Botticelli","20",528395.5755,4566420.855,592
"610","T3","30.4","Calcareniti grigio azzurrognole.","2a","0","Botticelli","20",528395.5755,4566420.855,592
"611","T3","30.45","Calcareniti grigio azzurrognole.","2a","0","Botticelli","20",528395.5755,4566420.855,592
"612","T3","30.5","Calcareniti grigio azzurrognole.","2a","0","Botticelli","20",528395.5755,4566420.855,592
"613","T3","30.55","Calcareniti grigio azzurrognole.","2a","0","Botticelli","20",528395.5755,4566420.855,592
"614","T3","30.6","Calcareniti grigio azzurrognole.","2a","0","Botticelli","20",528395.5755,4566420.855,592
"615","T3","30.65","Calcareniti grigio azzurrognole.","2a","0","Botticelli","20",528395.5755,4566420.855,592
"616","T3","30.7","Calcareniti grigio azzurrognole.","2a","0","Botticelli","20",528395.5755,4566420.855,592
"617","T3","30.75","Calcareniti grigio azzurrognole.","2a","0","Botticelli","20",528395.5755,4566420.855,592
"618","T3","30.8","Calcareniti grigio azzurrognole.","2a","0","Botticelli","20",528395.5755,4566420.855,592
"619","T3","30.85","Calcareniti grigio azzurrognole.","2a","0","Botticelli","20",528395.5755,4566420.855,592
"620","T3","30.9","Calcareniti grigio azzurrognole.","2a","0","Botticelli","20",528395.5755,4566420.855,592
"621","T3","30.95","Calcareniti grigio azzurrognole.","2a","0","Botticelli","20",528395.5755,4566420.855,592
"622","T3","31","Calcareniti grigio azzurrognole.","2a","0","Botticelli","20",528395.5755,4566420.855,592
"623","T3","31.05","Calcareniti grigio azzurrognole.","2a","0","Botticelli","20",528395.5755,4566420.855,592
"624","T3","31.1","Calcareniti grigio azzurrognole.","2a","0","Botticelli","20",528395.5755,4566420.855,592
"625","T3","31.15","Calcareniti grigio azzurrognole.","2a","0","Botticelli","20",528395.5755,4566420.855,592
"626","T3","31.2","Calcareniti grigio azzurrognole.","2a","0","Botticelli","20",528395.5755,4566420.855,592
"627","T3","31.25","Calcareniti grigio azzurrognole.","2a","0","Botticelli","20",528395.5755,4566420.855,592
"628","T3","31.3","Calcareniti grigio azzurrognole.","2a","0","Botticelli","20",528395.5755,4566420.855,592
"629","T3","31.35","Calcareniti grigio azzurrognole.","2a","0","Botticelli","20",528395.5755,4566420.855,592
"630","T3","31.4","Calcareniti grigio azzurrognole.","2a","0","Botticelli","20",528395.5755,4566420.855,592
"631","T3","31.45","Calcareniti grigio azzurrognole.","2a","0","Botticelli","20",528395.5755,4566420.855,592
"632","T3","31.5","Calcareniti grigio azzurrognole.","2a","0","Botticelli","20",528395.5755,4566420.855,592
"633","T3","31.55","Calcareniti grigio azzurrognole.","2a","0","Botticelli","20",528395.5755,4566420.855,592
"634","T3","31.6","Calcareniti grigio azzurrognole.","2a","0","Botticelli","20",528395.5755,4566420.855,592
"635","T3","31.65","Calcareniti grigio azzurrognole.","2a","0","Botticelli","20",528395.5755,4566420.855,592
"636","T3","31.7","Calcareniti grigio azzurrognole.","2a","0","Botticelli","20",528395.5755,4566420.855,592
"637","T3","31.75","Calcareniti grigio azzurrognole.","2a","0","Botticelli","20",528395.5755,4566420.855,592
"638","T3","31.8","Calcareniti grigio azzurrognole.","2a","0","Botticelli","20",528395.5755,4566420.855,592
"639","T3","31.85","Calcareniti grigio azzurrognole.","2a","0","Botticelli","20",528395.5755,4566420.855,592
"640","T3","31.9","Calcareniti grigio azzurrognole.","2a","0","Botticelli","20",528395.5755,4566420.855,592
"641","T3","31.95","Calcareniti grigio azzurrognole.","2a","0","Botticelli","20",528395.5755,4566420.855,592
"642","T3","32","Calcareniti grigio azzurrognole.","2a","0","Botticelli","20",528395.5755,4566420.855,592
"643","T3","32.05","Calcareniti grigio azzurrognole.","2a","0","Botticelli","20",528395.5755,4566420.855,592
"644","T3","32.1","Calcareniti grigio azzurrognole.","2a","0","Botticelli","20",528395.5755,4566420.855,592
"645","T3","32.15","Calcareniti grigio azzurrognole.","2a","0","Botticelli","20",528395.5755,4566420.855,592
"646","T3","32.2","Calcareniti grigio azzurrognole.","2a","0","Botticelli","20",528395.5755,4566420.855,592
"647","T3","32.25","Calcareniti grigio azzurrognole.","2a","0","Botticelli","20",528395.5755,4566420.855,592
"648","T3","32.3","Calcareniti grigio azzurrognole.","2a","0","Botticelli","20",528395.5755,4566420.855,592
"649","T3","32.35","Calcareniti grigio azzurrognole.","2a","0","Botticelli","20",528395.5755,4566420.855,592
"650","T3","32.4","Calcareniti grigio azzurrognole.","2a","0","Botticelli","20",528395.5755,4566420.855,592
"651","T3","32.45","Calcareniti grigio azzurrognole.","2a","0","Botticelli","20",528395.5755,4566420.855,592
"652","T3","32.5","Calcareniti grigio azzurrognole.","2a","0","Botticelli","20",528395.5755,4566420.855,592
"653","T3","32.55","Calcareniti grigio azzurrognole.","2a","0","Botticelli","20",528395.5755,4566420.855,592
"654","T3","32.6","Calcareniti grigio azzurrognole.","2a","0","Botticelli","20",528395.5755,4566420.855,592
"655","T3","32.65","Calcareniti grigio azzurrognole.","2a","0","Botticelli","20",528395.5755,4566420.855,592
"656","T3","32.7","Calcareniti grigio azzurrognole.","2a","0","Botticelli","20",528395.5755,4566420.855,592
"657","T3","32.75","Calcareniti grigio azzurrognole.","2a","0","Botticelli","20",528395.5755,4566420.855,592
"658","T3","32.8","Calcareniti grigio azzurrognole.","2a","0","Botticelli","20",528395.5755,4566420.855,592
"659","T3","32.85","Calcareniti grigio azzurrognole.","2a","0","Botticelli","20",528395.5755,4566420.855,592
"660","T3","32.9","Calcareniti grigio azzurrognole.","2a","0","Botticelli","20",528395.5755,4566420.855,592
"661","T3","32.95","Calcareniti grigio azzurrognole.","2a","0","Botticelli","20",528395.5755,4566420.855,592
"662","T3","33","Calcareniti grigio azzurrognole.","2a","0","Botticelli","20",528395.5755,4566420.855,592
"663","T3","33.05","Calcareniti grigio azzurrognole.","2a","0","Botticelli","20",528395.5755,4566420.855,592
"664","T3","33.1","Calcareniti grigio azzurrognole.","2a","0","Botticelli","20",528395.5755,4566420.855,592
"665","T3","33.15","Calcareniti grigio azzurrognole.","2a","0","Botticelli","20",528395.5755,4566420.855,592
"666","T3","33.2","Calcareniti grigio azzurrognole.","2a","0","Botticelli","20",528395.5755,4566420.855,592
"667","T3","33.25","Calcareniti grigio azzurrognole.","2a","0","Botticelli","20",528395.5755,4566420.855,592
"668","T3","33.3","Calcareniti grigio azzurrognole.","2a","0","Botticelli","20",528395.5755,4566420.855,592
"669","T3","33.35","Calcareniti grigio azzurrognole.","2a","0","Botticelli","20",528395.5755,4566420.855,592
"670","T3","33.4","Calcareniti grigio azzurrognole.","2a","0","Botticelli","20",528395.5755,4566420.855,592
"671","T3","33.45","Calcareniti grigio azzurrognole.","2a","0","Botticelli","20",528395.5755,4566420.855,592
"672","T3","33.5","Calcareniti grigio azzurrognole.","2a","0","Botticelli","20",528395.5755,4566420.855,592
"673","T3","33.55","Calcareniti grigio azzurrognole.","2a","0","Botticelli","20",528395.5755,4566420.855,592
"674","T3","33.6","Calcareniti grigio azzurrognole.","2a","0","Botticelli","20",528395.5755,4566420.855,592
"675","T3","33.65","Calcareniti grigio azzurrognole.","2a","0","Botticelli","20",528395.5755,4566420.855,592
"676","T3","33.7","Calcareniti grigio azzurrognole.","2a","0","Botticelli","20",528395.5755,4566420.855,592
"677","T3","33.75","Calcareniti grigio azzurrognole.","2a","0","Botticelli","20",528395.5755,4566420.855,592
"678","T3","33.8","Calcareniti grigio azzurrognole.","2a","0","Botticelli","20",528395.5755,4566420.855,592
"679","T3","33.85","Calcareniti grigio azzurrognole.","2a","0","Botticelli","20",528395.5755,4566420.855,592
"680","T3","33.9","Calcareniti grigio azzurrognole.","2a","0","Botticelli","20",528395.5755,4566420.855,592
"681","T3","33.95","Calcareniti grigio azzurrognole.","2a","0","Botticelli","20",528395.5755,4566420.855,592
"682","T3","34","Calcareniti grigio azzurrognole.","2a","0","Botticelli","20",528395.5755,4566420.855,592
"683","T3","34.05","Calcareniti grigio azzurrognole.","2a","0","Botticelli","20",528395.5755,4566420.855,592
"684","T3","34.1","Calcareniti grigio azzurrognole.","2a","0","Botticelli","20",528395.5755,4566420.855,592
"685","T3","34.15","Calcareniti grigio azzurrognole.","2a","0","Botticelli","20",528395.5755,4566420.855,592
"686","T3","34.2","Calcareniti grigio azzurrognole.","2a","0","Botticelli","20",528395.5755,4566420.855,592
"687","T3","34.25","Calcareniti grigio azzurrognole.","2a","0","Botticelli","20",528395.5755,4566420.855,592
"688","T3","34.3","Calcareniti grigio azzurrognole.","2a","0","Botticelli","20",528395.5755,4566420.855,592
"689","T3","34.35","Calcareniti grigio azzurrognole.","2a","0","Botticelli","20",528395.5755,4566420.855,592
"690","T3","34.4","Calcareniti grigio azzurrognole.","2a","0","Botticelli","20",528395.5755,4566420.855,592
"691","T3","34.45","Calcareniti grigio azzurrognole.","2a","0","Botticelli","20",528395.5755,4566420.855,592
"692","T3","34.5","Calcareniti grigio azzurrognole.","2a","0","Botticelli","20",528395.5755,4566420.855,592
"693","T3","34.55","Calcareniti grigio azzurrognole.","2a","0","Botticelli","20",528395.5755,4566420.855,592
"694","T3","34.6","Calcareniti grigio azzurrognole.","2a","0","Botticelli","20",528395.5755,4566420.855,592
"695","T3","34.65","Calcareniti grigio azzurrognole.","2a","0","Botticelli","20",528395.5755,4566420.855,592
"696","T3","34.7","Calcareniti grigio azzurrognole.","2a","0","Botticelli","20",528395.5755,4566420.855,592
"697","T3","34.75","Calcareniti grigio azzurrognole.","2a","0","Botticelli","20",528395.5755,4566420.855,592
"698","T3","34.8","Calcareniti grigio azzurrognole.","2a","0","Botticelli","20",528395.5755,4566420.855,592
"699","T3","34.85","Calcareniti grigio azzurrognole.","2a","0","Botticelli","20",528395.5755,4566420.855,592
"700","T3","34.9","Calcareniti grigio azzurrognole.","2a","0","Botticelli","20",528395.5755,4566420.855,592
"701","T3","34.95","Calcareniti grigio azzurrognole.","2a","0","Botticelli","20",528395.5755,4566420.855,592
"702","T3","35","Calcareniti grigio azzurrognole.","2a","0","Botticelli","20",528395.5755,4566420.855,592
"703","T3","35.05","Calcareniti grigio azzurrognole.","2a","0","Botticelli","20",528395.5755,4566420.855,592
"704","T3","35.1","Calcareniti grigio azzurrognole.","2a","0","Botticelli","20",528395.5755,4566420.855,592
"705","T3","35.15","Calcareniti grigio azzurrognole.","2a","0","Botticelli","20",528395.5755,4566420.855,592
"706","T3","35.2","Calcareniti grigio azzurrognole.","2a","0","Botticelli","20",528395.5755,4566420.855,592
"707","T3","35.25","Calcareniti grigio azzurrognole.","2a","0","Botticelli","20",528395.5755,4566420.855,592
"708","T3","35.3","Calcareniti grigio azzurrognole.","2a","0","Botticelli","20",528395.5755,4566420.855,592
"709","T3","35.35","Calcareniti grigio azzurrognole.","2a","0","Botticelli","20",528395.5755,4566420.855,592
"710","T3","35.4","Calcareniti grigio azzurrognole.","2a","0","Botticelli","20",528395.5755,4566420.855,592
"711","T3","35.45","Calcareniti grigio azzurrognole.","2a","0","Botticelli","20",528395.5755,4566420.855,592
"712","T3","35.5","Calcareniti grigio azzurrognole.","2a","0","Botticelli","20",528395.5755,4566420.855,592
"713","T3","35.55","Calcareniti grigio azzurrognole.","2a","0","Botticelli","20",528395.5755,4566420.855,592
"714","T3","35.6","Calcareniti grigio azzurrognole.","2a","0","Botticelli","20",528395.5755,4566420.855,592
"715","T3","35.65","Calcareniti grigio azzurrognole.","2a","0","Botticelli","20",528395.5755,4566420.855,592
"716","T3","35.7","Calcareniti grigio azzurrognole.","2a","0","Botticelli","20",528395.5755,4566420.855,592
"717","T3","35.75","Calcareniti grigio azzurrognole.","2a","0","Botticelli","20",528395.5755,4566420.855,592
"718","T3","35.8","Calcareniti grigio azzurrognole.","2a","0","Botticelli","20",528395.5755,4566420.855,592
"719","T3","35.85","Calcareniti grigio azzurrognole.","2a","0","Botticelli","20",528395.5755,4566420.855,592
"720","T3","35.9","Calcareniti grigio azzurrognole.","2a","0","Botticelli","20",528395.5755,4566420.855,592
"721","T3","35.95","Calcareniti grigio azzurrognole.","2a","0","Botticelli","20",528395.5755,4566420.855,592
"722","T3","36","Calcareniti grigio azzurrognole.","2a","0","Botticelli","20",528395.5755,4566420.855,592
"723","T3","36.05","Calcareniti grigio azzurrognole.","2a","0","Botticelli","20",528395.5755,4566420.855,592
"724","T3","36.1","Calcareniti grigio azzurrognole.","2a","0","Botticelli","20",528395.5755,4566420.855,592
"725","T3","36.15","Calcareniti grigio azzurrognole.","2a","0","Botticelli","20",528395.5755,4566420.855,592
"726","T3","36.2","Calcareniti grigio azzurrognole.","2a","0","Botticelli","20",528395.5755,4566420.855,592
"727","T3","36.25","Calcareniti grigio azzurrognole.","2a","0","Botticelli","20",528395.5755,4566420.855,592
"728","T3","36.3","Calcareniti grigio azzurrognole.","2a","0","Botticelli","20",528395.5755,4566420.855,592
"729","T3","36.35","Calcareniti grigio azzurrognole.","2a","0","Botticelli","20",528395.5755,4566420.855,592
"730","T3","36.4","Calcareniti grigio azzurrognole.","2a","0","Botticelli","20",528395.5755,4566420.855,592
"731","T3","36.45","Calcareniti grigio azzurrognole.","2a","0","Botticelli","20",528395.5755,4566420.855,592
"732","T3","36.5","Calcareniti grigio azzurrognole.","2a","0","Botticelli","20",528395.5755,4566420.855,592
"733","T3","36.55","Calcareniti grigio azzurrognole.","2a","0","Botticelli","20",528395.5755,4566420.855,592
"734","T3","36.6","Calcareniti grigio azzurrognole.","2a","0","Botticelli","20",528395.5755,4566420.855,592
"735","T3","36.65","Calcareniti grigio azzurrognole.","2a","0","Botticelli","20",528395.5755,4566420.855,592
"736","T3","36.7","Calcareniti grigio azzurrognole.","2a","0","Botticelli","20",528395.5755,4566420.855,592
"737","T3","36.75","Calcareniti grigio azzurrognole.","2a","0","Botticelli","20",528395.5755,4566420.855,592
"738","T3","36.8","Calcareniti grigio azzurrognole.","2a","0","Botticelli","20",528395.5755,4566420.855,592
"739","T3","36.85","Calcareniti grigio azzurrognole.","2a","0","Botticelli","20",528395.5755,4566420.855,592
"740","T3","36.9","Calcareniti grigio azzurrognole.","2a","0","Botticelli","20",528395.5755,4566420.855,592
"741","T3","36.95","Calcareniti grigio azzurrognole.","2a","0","Botticelli","20",528395.5755,4566420.855,592
"742","T3","37","Calcareniti grigio azzurrognole.","2a","0","Botticelli","20",528395.5755,4566420.855,592
"743","T3","37.05","Calcareniti grigio azzurrognole.","2a","0","Botticelli","20",528395.5755,4566420.855,592
"744","T3","37.1","Calcareniti grigio azzurrognole.","2a","0","Botticelli","20",528395.5755,4566420.855,592
"745","T3","37.15","Calcareniti grigio azzurrognole.","2a","0","Botticelli","20",528395.5755,4566420.855,592
"746","T3","37.2","Calcareniti grigio azzurrognole.","2a","0","Botticelli","20",528395.5755,4566420.855,592
"747","T3","37.25","Calcareniti grigio azzurrognole.","2a","0","Botticelli","20",528395.5755,4566420.855,592
"748","T3","37.3","Calcareniti grigio azzurrognole.","2a","0","Botticelli","20",528395.5755,4566420.855,592
"749","T3","37.35","Calcareniti grigio azzurrognole.","2a","0","Botticelli","20",528395.5755,4566420.855,592
"750","T3","37.4","Calcareniti grigio azzurrognole.","2a","0","Botticelli","20",528395.5755,4566420.855,592
"751","T3","37.45","Calcareniti grigio azzurrognole.","2a","0","Botticelli","20",528395.5755,4566420.855,592
"752","T3","37.5","Calcareniti grigio azzurrognole.","2a","0","Botticelli","20",528395.5755,4566420.855,592
"753","T3","37.55","Calcareniti grigio azzurrognole.","2a","0","Botticelli","20",528395.5755,4566420.855,592
"754","T3","37.6","Calcareniti grigio azzurrognole.","2a","0","Botticelli","20",528395.5755,4566420.855,592
"755","T3","37.65","Calcareniti grigio azzurrognole.","2a","0","Botticelli","20",528395.5755,4566420.855,592
"756","T3","37.7","Calcareniti grigio azzurrognole.","2a","0","Botticelli","20",528395.5755,4566420.855,592
"757","T3","37.75","Calcareniti grigio azzurrognole.","2a","0","Botticelli","20",528395.5755,4566420.855,592
"758","T3","37.8","Calcareniti grigio azzurrognole.","2a","0","Botticelli","20",528395.5755,4566420.855,592
"759","T3","37.85","Calcareniti grigio azzurrognole.","2a","0","Botticelli","20",528395.5755,4566420.855,592
"760","T3","37.9","Calcareniti grigio azzurrognole.","2a","0","Botticelli","20",528395.5755,4566420.855,592
"761","T3","37.95","Calcareniti grigio azzurrognole.","2a","0","Botticelli","20",528395.5755,4566420.855,592
"762","T3","38","Calcareniti grigio azzurrognole.","2a","0","Botticelli","20",528395.5755,4566420.855,592
"763","T3","38.05","Calcareniti grigio azzurrognole.","2a","0","Botticelli","20",528395.5755,4566420.855,592
"764","T3","38.1","Calcareniti grigio azzurrognole.","2a","0","Botticelli","20",528395.5755,4566420.855,592
"765","T3","38.15","Calcareniti grigio azzurrognole.","2a","0","Botticelli","20",528395.5755,4566420.855,592
"766","T3","38.2","Calcareniti grigio azzurrognole.","2a","0","Botticelli","20",528395.5755,4566420.855,592
"767","T3","38.25","Calcareniti grigio azzurrognole.","2a","0","Botticelli","20",528395.5755,4566420.855,592
"768","T3","38.3","Calcareniti grigio azzurrognole.","2a","0","Botticelli","20",528395.5755,4566420.855,592
"769","T3","38.35","Calcareniti grigio azzurrognole.","2a","0","Botticelli","20",528395.5755,4566420.855,592
"770","T3","38.4","Calcareniti grigio azzurrognole.","2a","0","Botticelli","20",528395.5755,4566420.855,592
"771","T3","38.45","Calcareniti grigio azzurrognole.","2a","0","Botticelli","20",528395.5755,4566420.855,592
"772","T3","38.5","Calcareniti grigio azzurrognole.","2a","0","Botticelli","20",528395.5755,4566420.855,592
"773","T3","38.55","Calcareniti grigio azzurrognole.","2a","0","Botticelli","20",528395.5755,4566420.855,592
"774","T3","38.6","Calcareniti grigio azzurrognole.","2a","0","Botticelli","20",528395.5755,4566420.855,592
"775","T3","38.65","Calcareniti grigio azzurrognole.","2a","0","Botticelli","20",528395.5755,4566420.855,592
"776","T3","38.7","Calcareniti grigio azzurrognole.","2a","0","Botticelli","20",528395.5755,4566420.855,592
"777","T3","38.75","Calcareniti grigio azzurrognole.","2a","0","Botticelli","20",528395.5755,4566420.855,592
"778","T3","38.8","Calcareniti grigio azzurrognole.","2a","0","Botticelli","20",528395.5755,4566420.855,592
"779","T3","38.85","Calcareniti grigio azzurrognole.","2a","0","Botticelli","20",528395.5755,4566420.855,592
"780","T3","38.9","Calcareniti grigio azzurrognole.","2a","0","Botticelli","20",528395.5755,4566420.855,592
"781","T3","38.95","Calcareniti grigio azzurrognole.","2a","0","Botticelli","20",528395.5755,4566420.855,592
"782","T3","39","Calcareniti grigio azzurrognole.","2a","0","Botticelli","20",528395.5755,4566420.855,592
"783","T3","39.05","Calcareniti grigio azzurrognole.","2a","0","Botticelli","20",528395.5755,4566420.855,592
"784","T3","39.1","Calcareniti grigio azzurrognole.","2a","0","Botticelli","20",528395.5755,4566420.855,592
"785","T3","39.15","Calcareniti grigio azzurrognole.","2a","0","Botticelli","20",528395.5755,4566420.855,592
"786","T3","39.2","Calcareniti grigio azzurrognole.","2a","0","Botticelli","20",528395.5755,4566420.855,592
"787","T3","39.25","Calcareniti grigio azzurrognole.","2a","0","Botticelli","20",528395.5755,4566420.855,592
"788","T3","39.3","Calcareniti grigio azzurrognole.","2a","0","Botticelli","20",528395.5755,4566420.855,592
"789","T3","39.35","Calcareniti grigio azzurrognole.","2a","0","Botticelli","20",528395.5755,4566420.855,592
"790","T3","39.4","Calcareniti grigio azzurrognole.","2a","0","Botticelli","20",528395.5755,4566420.855,592
"791","T3","39.45","Calcareniti grigio azzurrognole.","2a","0","Botticelli","20",528395.5755,4566420.855,592
"792","T3","39.5","Calcareniti grigio azzurrognole.","2a","0","Botticelli","20",528395.5755,4566420.855,592
"793","T3","39.55","Calcareniti grigio azzurrognole.","2a","0","Botticelli","20",528395.5755,4566420.855,592
"794","T3","39.6","Calcareniti grigio azzurrognole.","2a","0","Botticelli","20",528395.5755,4566420.855,592
"795","T3","39.65","Calcareniti grigio azzurrognole.","2a","0","Botticelli","20",528395.5755,4566420.855,592
"796","T3","39.7","Calcareniti grigio azzurrognole.","2a","0","Botticelli","20",528395.5755,4566420.855,592
"797","T3","39.75","Calcareniti grigio azzurrognole.","2a","0","Botticelli","20",528395.5755,4566420.855,592
"798","T3","39.8","Calcareniti grigio azzurrognole.","2a","0","Botticelli","20",528395.5755,4566420.855,592
"799","T3","39.85","Calcareniti grigio azzurrognole.","2a","0","Botticelli","20",528395.5755,4566420.855,592
"800","T3","39.9","Calcareniti grigio azzurrognole.","2a","0","Botticelli","20",528395.5755,4566420.855,592
"801","T3","39.95","Calcareniti grigio azzurrognole.","2a","0","Botticelli","20",528395.5755,4566420.855,592
"802","T3","40","Calcareniti grigio azzurrognole.","2a","0","Botticelli","20",528395.5755,4566420.855,592
"803","T3","40.05","Calcareniti grigio azzurrognole.","2a","0","Botticelli","20",528395.5755,4566420.855,592
"804","T3","40.1","Calcareniti grigio azzurrognole.","2a","0","Botticelli","20",528395.5755,4566420.855,592
"805","T3","40.15","Calcareniti grigio azzurrognole.","2a","0","Botticelli","20",528395.5755,4566420.855,592
"806","T3","40.2","Calcareniti grigio azzurrognole.","2a","0","Botticelli","20",528395.5755,4566420.855,592
"807","T3","40.25","Calcareniti grigio azzurrognole.","2a","0","Botticelli","20",528395.5755,4566420.855,592
"808","T3","40.3","Calcareniti grigio azzurrognole.","2a","0","Botticelli","20",528395.5755,4566420.855,592
"809","T3","40.35","Calcareniti grigio azzurrognole.","2a","0","Botticelli","20",528395.5755,4566420.855,592
"810","T3","40.4","Calcareniti grigio azzurrognole.","2a","0","Botticelli","20",528395.5755,4566420.855,592
"811","T3","40.45","Calcareniti grigio azzurrognole.","2a","0","Botticelli","20",528395.5755,4566420.855,592
"812","T3","40.5","Calcareniti grigio azzurrognole.","2a","0","Botticelli","20",528395.5755,4566420.855,592
"813","T3","40.55","Calcareniti grigio azzurrognole.","2a","0","Botticelli","20",528395.5755,4566420.855,592
"814","T3","40.6","Calcareniti grigio azzurrognole.","2a","0","Botticelli","20",528395.5755,4566420.855,592
"815","T3","40.65","Calcareniti grigio azzurrognole.","2a","0","Botticelli","20",528395.5755,4566420.855,592
"816","T3","40.7","Calcareniti grigio azzurrognole.","2a","0","Botticelli","20",528395.5755,4566420.855,592
"817","T3","40.75","Calcareniti grigio azzurrognole.","2a","0","Botticelli","20",528395.5755,4566420.855,592
"818","T3","40.8","Calcareniti grigio azzurrognole.","2a","0","Botticelli","20",528395.5755,4566420.855,592
"819","T3","40.85","Calcareniti grigio azzurrognole.","2a","0","Botticelli","20",528395.5755,4566420.855,592
"820","T3","40.9","Calcareniti grigio azzurrognole.","2a","0","Botticelli","20",528395.5755,4566420.855,592
"821","T3","40.95","Calcareniti grigio azzurrognole.","2a","0","Botticelli","20",528395.5755,4566420.855,592
"822","T3","41","Calcareniti grigio azzurrognole.","2a","0","Botticelli","20",528395.5755,4566420.855,592
"823","T3","41.05","Calcareniti grigio azzurrognole.","2a","0","Botticelli","20",528395.5755,4566420.855,592
"824","T3","41.1","Calcareniti grigio azzurrognole.","2a","0","Botticelli","20",528395.5755,4566420.855,592
"825","T3","41.15","Calcareniti grigio azzurrognole.","2a","0","Botticelli","20",528395.5755,4566420.855,592
"826","T3","41.2","Calcareniti grigio azzurrognole.","2a","0","Botticelli","20",528395.5755,4566420.855,592
"827","T3","41.25","Calcareniti grigio azzurrognole.","2a","0","Botticelli","20",528395.5755,4566420.855,592
"828","T3","41.3","Calcareniti grigio azzurrognole.","2a","0","Botticelli","20",528395.5755,4566420.855,592
"829","T3","41.35","Calcareniti grigio azzurrognole.","2a","0","Botticelli","20",528395.5755,4566420.855,592
"830","T3","41.4","Calcareniti grigio azzurrognole.","2a","0","Botticelli","20",528395.5755,4566420.855,592
"831","T3","41.45","Calcareniti grigio azzurrognole.","2a","0","Botticelli","20",528395.5755,4566420.855,592
"832","T3","41.5","Calcareniti grigio azzurrognole.","2a","0","Botticelli","20",528395.5755,4566420.855,592
"833","T3","41.55","Calcareniti grigio azzurrognole.","2a","0","Botticelli","20",528395.5755,4566420.855,592
"834","T3","41.6","Calcareniti grigio azzurrognole.","2a","0","Botticelli","20",528395.5755,4566420.855,592
"835","T3","41.65","Calcareniti grigio azzurrognole.","2a","0","Botticelli","20",528395.5755,4566420.855,592
"836","T3","41.7","Calcareniti grigio azzurrognole.","2a","0","Botticelli","20",528395.5755,4566420.855,592
"837","T3","41.75","Calcareniti grigio azzurrognole.","2a","0","Botticelli","20",528395.5755,4566420.855,592
"838","T3","41.8","Calcareniti grigio azzurrognole.","2a","0","Botticelli","20",528395.5755,4566420.855,592
"839","T3","41.85","Calcareniti grigio azzurrognole.","2a","0","Botticelli","20",528395.5755,4566420.855,592
"840","T3","41.9","Calcareniti grigio azzurrognole.","2a","0","Botticelli","20",528395.5755,4566420.855,592
"841","T3","41.95","Calcareniti grigio azzurrognole.","2a","0","Botticelli","20",528395.5755,4566420.855,592
"842","T3","42","Calcareniti grigio azzurrognole.","2a","0","Botticelli","20",528395.5755,4566420.855,592
"843","T3","42.05","Calcareniti grigio azzurrognole.","2a","0","Botticelli","20",528395.5755,4566420.855,592
"844","T3","42.1","Calcareniti grigio azzurrognole.","2a","0","Botticelli","20",528395.5755,4566420.855,592
"845","T3","42.15","Calcareniti grigio azzurrognole.","2a","0","Botticelli","20",528395.5755,4566420.855,592
"846","T3","42.2","Calcareniti grigio azzurrognole.","2a","0","Botticelli","20",528395.5755,4566420.855,592
"847","T3","42.25","Calcareniti grigio azzurrognole.","2a","0","Botticelli","20",528395.5755,4566420.855,592
"848","T3","42.3","Calcareniti grigio azzurrognole.","2a","0","Botticelli","20",528395.5755,4566420.855,592
"849","T3","42.35","Calcareniti grigio azzurrognole.","2a","0","Botticelli","20",528395.5755,4566420.855,592
"850","T3","42.4","Calcareniti grigio azzurrognole.","2a","0","Botticelli","20",528395.5755,4566420.855,592
"851","T3","42.45","Calcareniti grigio azzurrognole.","2a","0","Botticelli","20",528395.5755,4566420.855,592
"852","T3","42.5","Calcareniti grigio azzurrognole.","2a","0","Botticelli","20",528395.5755,4566420.855,592
"853","T3","42.55","Calcareniti grigio azzurrognole.","2a","0","Botticelli","20",528395.5755,4566420.855,592
"854","T3","42.6","Calcareniti grigio azzurrognole.","2a","0","Botticelli","20",528395.5755,4566420.855,592
"855","T3","42.65","Calcareniti grigio azzurrognole.","2a","0","Botticelli","20",528395.5755,4566420.855,592
"856","T3","42.7","Calcareniti grigio azzurrognole.","2a","0","Botticelli","20",528395.5755,4566420.855,592
"857","T3","42.75","Calcareniti grigio azzurrognole.","2a","0","Botticelli","20",528395.5755,4566420.855,592
"858","T3","42.8","Calcareniti grigio azzurrognole.","2a","0","Botticelli","20",528395.5755,4566420.855,592
"859","T3","42.85","Calcareniti grigio azzurrognole.","2a","0","Botticelli","20",528395.5755,4566420.855,592
"860","T3","42.9","Calcareniti grigio azzurrognole.","2a","0","Botticelli","20",528395.5755,4566420.855,592
"861","T3","42.95","Calcareniti grigio azzurrognole.","2a","0","Botticelli","20",528395.5755,4566420.855,592
"862","T3","43","Calcareniti grigio azzurrognole.","2a","0","Botticelli","20",528395.5755,4566420.855,592
"863","T3","43.05","Calcareniti grigio azzurrognole.","2a","0","Botticelli","20",528395.5755,4566420.855,592
"864","T3","43.1","Calcareniti grigio azzurrognole.","2a","0","Botticelli","20",528395.5755,4566420.855,592
"865","T3","43.15","Calcareniti grigio azzurrognole.","2a","0","Botticelli","20",528395.5755,4566420.855,592
"866","T3","43.2","Calcareniti grigio azzurrognole.","2a","0","Botticelli","20",528395.5755,4566420.855,592
"867","T3","43.25","Calcareniti grigio azzurrognole.","2a","0","Botticelli","20",528395.5755,4566420.855,592
"868","T3","43.3","Calcareniti grigio azzurrognole.","2a","0","Botticelli","20",528395.5755,4566420.855,592
"869","T3","43.35","Calcareniti grigio azzurrognole.","2a","0","Botticelli","20",528395.5755,4566420.855,592
"870","T3","43.4","Calcareniti grigio azzurrognole.","2a","0","Botticelli","20",528395.5755,4566420.855,592
"871","T3","43.45","Calcareniti grigio azzurrognole.","2a","0","Botticelli","20",528395.5755,4566420.855,592
"872","T3","43.5","Calcareniti grigio azzurrognole.","2a","0","Botticelli","20",528395.5755,4566420.855,592
"873","T3","43.55","Calcareniti grigio azzurrognole.","2a","0","Botticelli","20",528395.5755,4566420.855,592
"874","T3","43.6","Calcareniti grigio azzurrognole.","2a","0","Botticelli","20",528395.5755,4566420.855,592
"875","T3","43.65","Calcareniti grigio azzurrognole.","2a","0","Botticelli","20",528395.5755,4566420.855,592
"876","T3","43.7","Calcareniti grigio azzurrognole.","2a","0","Botticelli","20",528395.5755,4566420.855,592
"877","T3","43.75","Calcareniti grigio azzurrognole.","2a","0","Botticelli","20",528395.5755,4566420.855,592
"878","T3","43.8","Calcareniti grigio azzurrognole.","2a","0","Botticelli","20",528395.5755,4566420.855,592
"879","T3","43.85","Calcareniti grigio azzurrognole.","2a","0","Botticelli","20",528395.5755,4566420.855,592
"880","T3","43.9","Calcareniti grigio azzurrognole.","2a","0","Botticelli","20",528395.5755,4566420.855,592
"881","T3","43.95","Calcareniti grigio azzurrognole.","2a","0","Botticelli","20",528395.5755,4566420.855,592
"882","T3","44","Calcareniti grigio azzurrognole.","2a","0","Botticelli","20",528395.5755,4566420.855,592
"883","T3","44.05","Calcareniti grigio azzurrognole.","2a","0","Botticelli","20",528395.5755,4566420.855,592
"884","T3","44.1","Calcareniti grigio azzurrognole.","2a","0","Botticelli","20",528395.5755,4566420.855,592
"885","T3","44.15","Calcareniti grigio azzurrognole.","2a","0","Botticelli","20",528395.5755,4566420.855,592
"886","T3","44.2","Calcareniti grigio azzurrognole.","2a","0","Botticelli","20",528395.5755,4566420.855,592
"887","T3","44.25","Calcareniti grigio azzurrognole.","2a","0","Botticelli","20",528395.5755,4566420.855,592
"888","T3","44.3","Calcareniti grigio azzurrognole.","2a","0","Botticelli","20",528395.5755,4566420.855,592
"889","T3","44.35","Calcareniti grigio azzurrognole.","2a","0","Botticelli","20",528395.5755,4566420.855,592
"890","T3","44.4","Calcareniti grigio azzurrognole.","2a","0","Botticelli","20",528395.5755,4566420.855,592
"891","T3","44.45","Calcareniti grigio azzurrognole.","2a","0","Botticelli","20",528395.5755,4566420.855,592
"892","T3","44.5","Calcareniti grigio azzurrognole.","2a","0","Botticelli","20",528395.5755,4566420.855,592
"893","T3","44.55","Calcareniti grigio azzurrognole.","2a","0","Botticelli","20",528395.5755,4566420.855,592
"894","T3","44.6","Calcareniti grigio azzurrognole.","2a","0","Botticelli","20",528395.5755,4566420.855,592
"895","T3","44.65","Calcareniti grigio azzurrognole.","2a","0","Botticelli","20",528395.5755,4566420.855,592
"896","T3","44.7","Calcareniti grigio azzurrognole.","2a","0","Botticelli","20",528395.5755,4566420.855,592
"897","T3","44.75","Calcareniti grigio azzurrognole.","2a","0","Botticelli","20",528395.5755,4566420.855,592
"898","T3","44.8","Calcareniti grigio azzurrognole.","2a","0","Botticelli","20",528395.5755,4566420.855,592
"899","T3","44.85","Calcareniti grigio azzurrognole.","2a","0","Botticelli","20",528395.5755,4566420.855,592
"900","T3","44.9","Calcareniti grigio azzurrognole.","2a","0","Botticelli","20",528395.5755,4566420.855,592
"901","T3","44.95","Calcareniti grigio azzurrognole.","2a","0","Botticelli","20",528395.5755,4566420.855,592
"902","T3","45","Calcareniti grigio azzurrognole.","2a","0","Botticelli","20",528395.5755,4566420.855,592
"903","T3","45.05","Calcareniti grigio azzurrognole.","2a","0","Botticelli","20",528395.5755,4566420.855,592
"904","T3","45.1","Calcareniti grigio azzurrognole.","2a","0","Botticelli","20",528395.5755,4566420.855,592
"905","T3","45.15","Calcareniti grigio azzurrognole.","2a","0","Botticelli","20",528395.5755,4566420.855,592
"906","T3","45.2","Calcareniti grigio azzurrognole.","2a","0","Botticelli","20",528395.5755,4566420.855,592
"907","T3","45.25","Calcareniti grigio azzurrognole.","2a","0","Botticelli","20",528395.5755,4566420.855,592
"908","T3","45.3","Calcareniti grigio azzurrognole.","2a","0","Botticelli","20",528395.5755,4566420.855,592
"909","T3","45.35","Calcareniti grigio azzurrognole.","2a","0","Botticelli","20",528395.5755,4566420.855,592
"910","T3","45.4","Calcareniti grigio azzurrognole.","2a","0","Botticelli","20",528395.5755,4566420.855,592
"911","T3","45.45","Calcareniti grigio azzurrognole.","2a","0","Botticelli","20",528395.5755,4566420.855,592
"912","T3","45.5","Calcareniti grigio azzurrognole.","2a","0","Botticelli","20",528395.5755,4566420.855,592
"913","T3","45.55","Calcareniti grigio azzurrognole.","2a","0","Botticelli","20",528395.5755,4566420.855,592
"914","T3","45.6","Calcareniti grigio azzurrognole.","2a","0","Botticelli","20",528395.5755,4566420.855,592
"915","T3","45.65","Calcareniti grigio azzurrognole.","2a","0","Botticelli","20",528395.5755,4566420.855,592
"916","T3","45.7","Calcareniti grigio azzurrognole.","2a","0","Botticelli","20",528395.5755,4566420.855,592
"917","T3","45.75","Calcareniti grigio azzurrognole.","2a","0","Botticelli","20",528395.5755,4566420.855,592
"918","T3","45.8","Calcareniti grigio azzurrognole.","2a","0","Botticelli","20",528395.5755,4566420.855,592
"919","T3","45.85","Calcareniti grigio azzurrognole.","2a","0","Botticelli","20",528395.5755,4566420.855,592
"920","T3","45.9","Calcareniti grigio azzurrognole.","2a","0","Botticelli","20",528395.5755,4566420.855,592
"921","T3","45.95","Calcareniti grigio azzurrognole.","2a","0","Botticelli","20",528395.5755,4566420.855,592
"922","T3","46","Calcareniti grigio azzurrognole.","2a","0","Botticelli","20",528395.5755,4566420.855,592
"923","T3","46.05","Calcareniti grigio azzurrognole.","2a","0","Botticelli","20",528395.5755,4566420.855,592
"924","T3","46.1","Calcareniti grigio azzurrognole.","2a","0","Botticelli","20",528395.5755,4566420.855,592
"925","T3","46.15","Calcareniti grigio azzurrognole.","2a","0","Botticelli","20",528395.5755,4566420.855,592
"926","T3","46.2","Calcareniti grigio azzurrognole.","2a","0","Botticelli","20",528395.5755,4566420.855,592
"927","T3","46.25","Calcareniti grigio azzurrognole.","2a","0","Botticelli","20",528395.5755,4566420.855,592
"928","T3","46.3","Calcareniti grigio azzurrognole.","2a","0","Botticelli","20",528395.5755,4566420.855,592
"929","T3","46.35","Calcareniti grigio azzurrognole.","2a","0","Botticelli","20",528395.5755,4566420.855,592
"930","T3","46.4","Calcareniti grigio azzurrognole.","2a","0","Botticelli","20",528395.5755,4566420.855,592
"931","T3","46.45","Calcareniti grigio azzurrognole.","2a","0","Botticelli","20",528395.5755,4566420.855,592
"932","T3","46.5","Calcareniti grigio azzurrognole.","2a","0","Botticelli","20",528395.5755,4566420.855,592
"933","T3","46.55","Calcareniti grigio azzurrognole.","2a","0","Botticelli","20",528395.5755,4566420.855,592
"934","T3","46.6","Calcareniti grigio azzurrognole.","2a","0","Botticelli","20",528395.5755,4566420.855,592
"935","T3","46.65","Calcareniti grigio azzurrognole.","2a","0","Botticelli","20",528395.5755,4566420.855,592
"936","T3","46.7","Calcareniti grigio azzurrognole.","2a","0","Botticelli","20",528395.5755,4566420.855,592
"937","T3","46.75","Calcareniti grigio azzurrognole.","2a","0","Botticelli","20",528395.5755,4566420.855,592
"938","T3","46.8","Calcareniti grigio azzurrognole.","2a","0","Botticelli","20",528395.5755,4566420.855,592
"939","T3","46.85","Calcareniti grigio azzurrognole.","2a","0","Botticelli","20",528395.5755,4566420.855,592
"940","T3","46.9","Calcareniti grigio azzurrognole.","2a","0","Botticelli","20",528395.5755,4566420.855,592
"941","T3","46.95","Calcareniti grigio azzurrognole.","2a","0","Botticelli","20",528395.5755,4566420.855,592
"942","T3","47","Calcareniti grigio azzurrognole.","2a","0","Botticelli","20",528395.5755,4566420.855,592
"943","T3","47.05","Calcareniti grigio azzurrognole.","2a","0","Botticelli","20",528395.5755,4566420.855,592
"944","T3","47.1","Calcareniti grigio azzurrognole.","2a","0","Botticelli","20",528395.5755,4566420.855,592
"945","T3","47.15","Calcareniti grigio azzurrognole.","2a","0","Botticelli","20",528395.5755,4566420.855,592
"946","T3","47.2","Calcareniti grigio azzurrognole.","2a","0","Botticelli","20",528395.5755,4566420.855,592
"947","T3","47.25","Calcareniti grigio azzurrognole.","2a","0","Botticelli","20",528395.5755,4566420.855,592
"948","T3","47.3","Calcareniti grigio azzurrognole.","2a","0","Botticelli","20",528395.5755,4566420.855,592
"949","T3","47.35","Calcareniti grigio azzurrognole.","2a","0","Botticelli","20",528395.5755,4566420.855,592
"950","T3","47.4","Calcareniti grigio azzurrognole.","2a","0","Botticelli","20",528395.5755,4566420.855,592
"951","T3","47.45","Calcareniti grigio azzurrognole.","2a","0","Botticelli","20",528395.5755,4566420.855,592
"952","T3","47.5","Calcareniti grigio azzurrognole.","2a","0","Botticelli","20",528395.5755,4566420.855,592
"953","T3","47.55","Calcareniti grigio azzurrognole.","2a","0","Botticelli","20",528395.5755,4566420.855,592
"954","T3","47.6","Calcareniti grigio azzurrognole.","2a","0","Botticelli","20",528395.5755,4566420.855,592
"955","T3","47.65","Calcareniti grigio azzurrognole.","2a","0","Botticelli","20",528395.5755,4566420.855,592
"956","T3","47.7","Calcareniti grigio azzurrognole.","2a","0","Botticelli","20",528395.5755,4566420.855,592
"957","T3","47.75","Calcareniti grigio azzurrognole.","2a","0","Botticelli","20",528395.5755,4566420.855,592
"958","T3","47.8","Calcareniti grigio azzurrognole.","2a","0","Botticelli","20",528395.5755,4566420.855,592
"959","T3","47.85","Calcareniti grigio azzurrognole.","2a","0","Botticelli","20",528395.5755,4566420.855,592
"960","T3","47.9","Calcareniti grigio azzurrognole.","2a","0","Botticelli","20",528395.5755,4566420.855,592
"961","T3","47.95","Calcareniti grigio azzurrognole.","2a","0","Botticelli","20",528395.5755,4566420.855,592
"962","T3","48","Calcareniti grigio azzurrognole.","2a","0","Botticelli","20",528395.5755,4566420.855,592
"963","T3","48.05","Calcareniti grigio azzurrognole.","2a","0","Botticelli","20",528395.5755,4566420.855,592
"964","T3","48.1","Calcareniti grigio azzurrognole.","2a","0","Botticelli","20",528395.5755,4566420.855,592
"965","T3","48.15","Calcareniti grigio azzurrognole.","2a","0","Botticelli","20",528395.5755,4566420.855,592
"966","T3","48.2","Calcareniti grigio azzurrognole.","2a","0","Botticelli","20",528395.5755,4566420.855,592
"967","T3","48.25","Calcareniti grigio azzurrognole.","2a","0","Botticelli","20",528395.5755,4566420.855,592
"968","T3","48.3","Calcareniti grigio azzurrognole.","2a","0","Botticelli","20",528395.5755,4566420.855,592
"969","T3","48.35","Calcareniti grigio azzurrognole.","2a","0","Botticelli","20",528395.5755,4566420.855,592
"970","T3","48.4","Calcareniti grigio azzurrognole.","2a","0","Botticelli","20",528395.5755,4566420.855,592
"971","T3","48.45","Calcareniti grigio azzurrognole.","2a","0","Botticelli","20",528395.5755,4566420.855,592
"972","T3","48.5","Calcareniti grigio azzurrognole.","2a","0","Botticelli","20",528395.5755,4566420.855,592
"973","T3","48.55","Calcareniti grigio azzurrognole.","2a","0","Botticelli","20",528395.5755,4566420.855,592
"974","T3","48.6","Calcareniti grigio azzurrognole.","2a","0","Botticelli","20",528395.5755,4566420.855,592
"975","T3","48.65","Calcareniti grigio azzurrognole.","2a","0","Botticelli","20",528395.5755,4566420.855,592
"976","T3","48.7","Calcareniti grigio azzurrognole.","2a","0","Botticelli","20",528395.5755,4566420.855,592
"977","T3","48.75","Calcareniti grigio azzurrognole.","2a","0","Botticelli","20",528395.5755,4566420.855,592
"978","T3","48.8","Calcareniti grigio azzurrognole.","2a","0","Botticelli","20",528395.5755,4566420.855,592
"979","T3","48.85","Calcareniti grigio azzurrognole.","2a","0","Botticelli","20",528395.5755,4566420.855,592
"980","T3","48.9","Calcareniti grigio azzurrognole.","2a","0","Botticelli","20",528395.5755,4566420.855,592
"981","T3","48.95","Calcareniti grigio azzurrognole.","2a","0","Botticelli","20",528395.5755,4566420.855,592
"982","T3","49","Calcareniti grigio azzurrognole.","2a","0","Botticelli","20",528395.5755,4566420.855,592
"983","T3","49.05","Calcareniti grigio azzurrognole.","2a","0","Botticelli","20",528395.5755,4566420.855,592
"984","T3","49.1","Calcareniti grigio azzurrognole.","2a","0","Botticelli","20",528395.5755,4566420.855,592
"985","T3","49.15","Calcareniti grigio azzurrognole.","2a","0","Botticelli","20",528395.5755,4566420.855,592
"986","T3","49.2","Calcareniti grigio azzurrognole.","2a","0","Botticelli","20",528395.5755,4566420.855,592
"987","T3","49.25","Calcareniti grigio azzurrognole.","2a","0","Botticelli","20",528395.5755,4566420.855,592
"988","T3","49.3","Calcareniti grigio azzurrognole.","2a","0","Botticelli","20",528395.5755,4566420.855,592
"989","T3","49.35","Calcareniti grigio azzurrognole.","2a","0","Botticelli","20",528395.5755,4566420.855,592
"990","T3","49.4","Calcareniti grigio azzurrognole.","2a","0","Botticelli","20",528395.5755,4566420.855,592
"991","T3","49.45","Calcareniti grigio azzurrognole.","2a","0","Botticelli","20",528395.5755,4566420.855,592
"992","T3","49.5","Calcareniti grigio azzurrognole.","2a","0","Botticelli","20",528395.5755,4566420.855,592
"993","T3","49.55","Calcareniti grigio azzurrognole.","2a","0","Botticelli","20",528395.5755,4566420.855,592
"994","T3","49.6","Calcareniti grigio azzurrognole.","2a","0","Botticelli","20",528395.5755,4566420.855,592
"995","T3","49.65","Calcareniti grigio azzurrognole.","2a","0","Botticelli","20",528395.5755,4566420.855,592
"996","T3","49.7","Calcareniti grigio azzurrognole.","2a","0","Botticelli","20",528395.5755,4566420.855,592
"997","T3","49.75","Calcareniti grigio azzurrognole.","2a","0","Botticelli","20",528395.5755,4566420.855,592
"998","T3","49.8","Calcareniti grigio azzurrognole.","2a","0","Botticelli","20",528395.5755,4566420.855,592
"999","T3","49.85","Calcareniti grigio azzurrognole.","2a","0","Botticelli","20",528395.5755,4566420.855,592
"1000","T3","49.9","Calcareniti grigio azzurrognole.","2a","0","Botticelli","20",528395.5755,4566420.855,592
"1001","T3","49.95","Calcareniti grigio azzurrognole.","2a","0","Botticelli","20",528395.5755,4566420.855,592
"1002","T3","50","Calcareniti grigio azzurrognole.","2a","0","Botticelli","20",528395.5755,4566420.855,592
"1003","T3","50.05","Calcareniti grigio azzurrognole.","2a","0","Botticelli","20",528395.5755,4566420.855,592
"1004","T3","50.1","Calcareniti grigio azzurrognole.","2a","0","Botticelli","20",528395.5755,4566420.855,592
"1005","T3","50.15","Calcareniti grigio azzurrognole.","2a","0","Botticelli","20",528395.5755,4566420.855,592
"1006","T3","50.2","Calcareniti grigio azzurrognole.","2a","0","Botticelli","20",528395.5755,4566420.855,592
"1007","T3","50.25","Calcareniti grigio azzurrognole.","2a","0","Botticelli","20",528395.5755,4566420.855,592
"1008","T3","50.3","Calcareniti grigio azzurrognole.","2a","0","Botticelli","20",528395.5755,4566420.855,592
"1009","T3","50.35","Calcareniti grigio azzurrognole.","2a","0","Botticelli","20",528395.5755,4566420.855,592
"1010","T3","50.4","Calcareniti grigio azzurrognole.","2a","0","Botticelli","20",528395.5755,4566420.855,592
"1011","T3","50.45","Calcareniti grigio azzurrognole.","2a","0","Botticelli","20",528395.5755,4566420.855,592
"1012","T3","50.5","Calcareniti grigio azzurrognole.","2a","0","Botticelli","20",528395.5755,4566420.855,592
"1013","T3","50.55","Calcareniti grigio azzurrognole.","2a","0","Botticelli","20",528395.5755,4566420.855,592
"1014","T3","50.6","Calcareniti grigio azzurrognole.","2a","0","Botticelli","20",528395.5755,4566420.855,592
"1015","T3","50.65","Calcareniti grigio azzurrognole.","2a","0","Botticelli","20",528395.5755,4566420.855,592
"1016","T3","50.7","Calcareniti grigio azzurrognole.","2a","0","Botticelli","20",528395.5755,4566420.855,592
"1017","T3","50.75","Calcareniti grigio azzurrognole.","2a","0","Botticelli","20",528395.5755,4566420.855,592
"1018","T3","50.8","Calcareniti grigio azzurrognole.","2a","0","Botticelli","20",528395.5755,4566420.855,592
"1019","T3","50.85","Calcareniti grigio azzurrognole.","2a","0","Botticelli","20",528395.5755,4566420.855,592
"1020","T3","50.9","Calcareniti grigio azzurrognole.","2a","0","Botticelli","20",528395.5755,4566420.855,592
"1021","T3","50.95","Calcareniti grigio azzurrognole.","2a","0","Botticelli","20",528395.5755,4566420.855,592
"1022","T3","51","Calcareniti grigio azzurrognole.","2a","0","Botticelli","20",528395.5755,4566420.855,592
"1023","T3","51.05","Calcareniti grigio azzurrognole.","2a","0","Botticelli","20",528395.5755,4566420.855,592
"1024","T3","51.1","Calcareniti grigio azzurrognole.","2a","0","Botticelli","20",528395.5755,4566420.855,592
"1025","T3","51.15","Calcareniti grigio azzurrognole.","2a","0","Botticelli","20",528395.5755,4566420.855,592
"1026","T3","51.2","Calcareniti grigio azzurrognole.","2a","0","Botticelli","20",528395.5755,4566420.855,592
"1027","T3","51.25","Calcareniti grigio azzurrognole.","2a","0","Botticelli","20",528395.5755,4566420.855,592
"1028","T3","51.3","Calcareniti grigio azzurrognole.","2a","0","Botticelli","20",528395.5755,4566420.855,592
"1029","T3","51.35","Calcareniti grigio azzurrognole.","2a","0","Botticelli","20",528395.5755,4566420.855,592
"1030","T3","51.4","Calcareniti grigio azzurrognole.","2a","0","Botticelli","20",528395.5755,4566420.855,592
"1031","T3","51.45","Calcareniti grigio azzurrognole.","2a","0","Botticelli","20",528395.5755,4566420.855,592
"1032","T3","51.5","Calcareniti grigio azzurrognole.","2a","0","Botticelli","20",528395.5755,4566420.855,592
"1033","T3","51.55","Calcareniti grigio azzurrognole.","2a","0","Botticelli","20",528395.5755,4566420.855,592
"1034","T3","51.6","Calcareniti grigio azzurrognole.","2a","0","Botticelli","20",528395.5755,4566420.855,592
"1035","T3","51.65","Calcareniti grigio azzurrognole.","2a","0","Botticelli","20",528395.5755,4566420.855,592
"1036","T3","51.7","Calcareniti grigio azzurrognole.","2a","0","Botticelli","20",528395.5755,4566420.855,592
"1037","T3","51.75","Calcareniti grigio azzurrognole.","2a","0","Botticelli","20",528395.5755,4566420.855,592
"1038","T3","51.8","Calcareniti grigio azzurrognole.","2a","0","Botticelli","20",528395.5755,4566420.855,592
"1039","T3","51.85","Calcareniti grigio azzurrognole.","2a","0","Botticelli","20",528395.5755,4566420.855,592
"1040","T3","51.9","Calcareniti grigio azzurrognole.","2a","0","Botticelli","20",528395.5755,4566420.855,592
"1041","T3","51.95","Calcareniti grigio azzurrognole.","2a","0","Botticelli","20",528395.5755,4566420.855,592
"1042","T3","52","Calcareniti grigio azzurrognole.","2a","0","Botticelli","20",528395.5755,4566420.855,592
"1043","T3","52.05","Calcareniti grigio azzurrognole.","2a","0","Botticelli","20",528395.5755,4566420.855,592
"1044","T3","52.1","Calcareniti grigio azzurrognole.","2a","0","Botticelli","20",528395.5755,4566420.855,592
"1045","T3","52.15","Calcareniti grigio azzurrognole.","2a","0","Botticelli","20",528395.5755,4566420.855,592
"1046","T3","52.2","Calcareniti grigio azzurrognole.","2a","0","Botticelli","20",528395.5755,4566420.855,592
"1047","T3","52.25","Calcareniti grigio azzurrognole.","2a","0","Botticelli","20",528395.5755,4566420.855,592
"1048","T3","52.3","Calcareniti grigio azzurrognole.","2a","0","Botticelli","20",528395.5755,4566420.855,592
"1049","T3","52.35","Calcareniti grigio azzurrognole.","2a","0","Botticelli","20",528395.5755,4566420.855,592
"1050","T3","52.4","Calcareniti grigio azzurrognole.","2a","0","Botticelli","20",528395.5755,4566420.855,592
"1051","T3","52.45","Calcareniti grigio azzurrognole.","2a","0","Botticelli","20",528395.5755,4566420.855,592
"1052","T3","52.5","Calcareniti grigio azzurrognole.","2a","0","Botticelli","20",528395.5755,4566420.855,592
"1053","T3","52.55","Calcareniti grigio azzurrognole.","2a","0","Botticelli","20",528395.5755,4566420.855,592
"1054","T3","52.6","Calcareniti grigio azzurrognole.","2a","0","Botticelli","20",528395.5755,4566420.855,592
"1055","T3","52.65","Calcareniti grigio azzurrognole.","2a","0","Botticelli","20",528395.5755,4566420.855,592
"1056","T3","52.7","Calcareniti grigio azzurrognole.","2a","0","Botticelli","20",528395.5755,4566420.855,592
"1057","T3","52.75","Calcareniti grigio azzurrognole.","2a","0","Botticelli","20",528395.5755,4566420.855,592
"1058","T3","52.8","Calcareniti grigio azzurrognole.","2a","0","Botticelli","20",528395.5755,4566420.855,592
"1059","T3","52.85","Calcareniti grigio azzurrognole.","2a","0","Botticelli","20",528395.5755,4566420.855,592
"1060","T3","52.9","Calcareniti grigio azzurrognole.","2a","0","Botticelli","20",528395.5755,4566420.855,592
"1061","T3","52.95","Calcareniti grigio azzurrognole.","2a","0","Botticelli","20",528395.5755,4566420.855,592
"1062","T3","53","Calcareniti grigio azzurrognole.","2a","0","Botticelli","20",528395.5755,4566420.855,592
"1063","T3","53.05","Calcareniti grigio azzurrognole.","2a","0","Botticelli","20",528395.5755,4566420.855,592
"1064","T3","53.1","Calcareniti grigio azzurrognole.","2a","0","Botticelli","20",528395.5755,4566420.855,592
"1065","T3","53.15","Calcareniti grigio azzurrognole.","2a","0","Botticelli","20",528395.5755,4566420.855,592
"1066","T3","53.2","Calcareniti grigio azzurrognole.","2a","0","Botticelli","20",528395.5755,4566420.855,592
"1067","T3","53.25","Calcareniti grigio azzurrognole.","2a","0","Botticelli","20",528395.5755,4566420.855,592
"1068","T3","53.3","Calcareniti grigio azzurrognole.","2a","0","Botticelli","20",528395.5755,4566420.855,592
"1069","T3","53.35","Calcareniti grigio azzurrognole.","2a","0","Botticelli","20",528395.5755,4566420.855,592
"1070","T3","53.4","Calcareniti grigio azzurrognole.","2a","0","Botticelli","20",528395.5755,4566420.855,592
"1071","T3","53.45","Calcareniti grigio azzurrognole.","2a","0","Botticelli","20",528395.5755,4566420.855,592
"1072","T3","53.5","Calcareniti grigio azzurrognole.","2a","0","Botticelli","20",528395.5755,4566420.855,592
"1073","T3","53.55","Calcareniti grigio azzurrognole.","2a","0","Botticelli","20",528395.5755,4566420.855,592
"1074","T3","53.6","Calcareniti grigio azzurrognole.","2a","0","Botticelli","20",528395.5755,4566420.855,592
"1075","T3","53.65","Calcareniti grigio azzurrognole.","2a","0","Botticelli","20",528395.5755,4566420.855,592
"1076","T3","53.7","Calcareniti grigio azzurrognole.","2a","0","Botticelli","20",528395.5755,4566420.855,592
"1077","T3","53.75","Calcareniti grigio azzurrognole.","2a","0","Botticelli","20",528395.5755,4566420.855,592
"1078","T3","53.8","Calcareniti grigio azzurrognole.","2a","0","Botticelli","20",528395.5755,4566420.855,592
"1079","T3","53.85","Calcareniti grigio azzurrognole.","2a","0","Botticelli","20",528395.5755,4566420.855,592
"1080","T3","53.9","Calcareniti grigio azzurrognole.","2a","0","Botticelli","20",528395.5755,4566420.855,592
"1081","T3","53.95","Calcareniti grigio azzurrognole.","2a","0","Botticelli","20",528395.5755,4566420.855,592
"1082","T3","54","Calcareniti grigio azzurrognole.","2a","0","Botticelli","20",528395.5755,4566420.855,592
"1083","T3","54.05","Calcareniti grigio azzurrognole.","2a","0","Botticelli","20",528395.5755,4566420.855,592
"1084","T3","54.1","Calcareniti grigio azzurrognole.","2a","0","Botticelli","20",528395.5755,4566420.855,592
"1085","T3","54.15","Calcareniti grigio azzurrognole.","2a","0","Botticelli","20",528395.5755,4566420.855,592
"1086","T3","54.2","Calcareniti grigio azzurrognole.","2a","0","Botticelli","20",528395.5755,4566420.855,592
"1087","T3","54.25","Calcareniti grigio azzurrognole.","2a","0","Botticelli","20",528395.5755,4566420.855,592
"1088","T3","54.3","Calcareniti grigio azzurrognole.","2a","0","Botticelli","20",528395.5755,4566420.855,592
"1089","T3","54.35","Calcareniti grigio azzurrognole.","2a","0","Botticelli","20",528395.5755,4566420.855,592
"1090","T3","54.4","Calcareniti grigio azzurrognole.","2a","0","Botticelli","20",528395.5755,4566420.855,592
"1091","T3","54.45","Calcareniti grigio azzurrognole.","2a","0","Botticelli","20",528395.5755,4566420.855,592
"1092","T3","54.5","Calcareniti grigio azzurrognole.","2a","0","Botticelli","20",528395.5755,4566420.855,592
"1093","T3","54.55","Calcareniti grigio azzurrognole.","2a","0","Botticelli","20",528395.5755,4566420.855,592
"1094","T3","54.6","Calcareniti grigio azzurrognole.","2a","0","Botticelli","20",528395.5755,4566420.855,592
"1095","T3","54.65","Calcareniti grigio azzurrognole.","2a","0","Botticelli","20",528395.5755,4566420.855,592
"1096","T3","54.7","Calcareniti grigio azzurrognole.","2a","0","Botticelli","20",528395.5755,4566420.855,592
"1097","T3","54.75","Calcareniti grigio azzurrognole.","2a","0","Botticelli","20",528395.5755,4566420.855,592
"1098","T3","54.8","Calcareniti grigio azzurrognole.","2a","0","Botticelli","20",528395.5755,4566420.855,592
"1099","T3","54.85","Calcareniti grigio azzurrognole.","2a","0","Botticelli","20",528395.5755,4566420.855,592
"1100","T3","54.9","Calcareniti grigio azzurrognole.","2a","0","Botticelli","20",528395.5755,4566420.855,592
"1101","T3","54.95","Calcareniti grigio azzurrognole.","2a","0","Botticelli","20",528395.5755,4566420.855,592
"1102","T3","55","Calcareniti grigio azzurrognole.","2a","0","Botticelli","20",528395.5755,4566420.855,592
"1103","T3","55.05","Calcareniti grigio azzurrognole.","2a","0","Botticelli","20",528395.5755,4566420.855,592
"1104","T3","55.1","Calcareniti grigio azzurrognole.","2a","0","Botticelli","20",528395.5755,4566420.855,592
"1105","T3","55.15","Calcareniti grigio azzurrognole.","2a","0","Botticelli","20",528395.5755,4566420.855,592
"1106","T3","55.2","Calcareniti grigio azzurrognole.","2a","0","Botticelli","20",528395.5755,4566420.855,592
"1107","T3","55.25","Calcareniti grigio azzurrognole.","2a","0","Botticelli","20",528395.5755,4566420.855,592
"1108","T3","55.3","Calcareniti grigio azzurrognole.","2a","0","Botticelli","20",528395.5755,4566420.855,592
"1109","T3","55.35","Calcareniti grigio azzurrognole.","2a","0","Botticelli","20",528395.5755,4566420.855,592
"1110","T3","55.4","Calcareniti grigio azzurrognole.","2a","0","Botticelli","20",528395.5755,4566420.855,592
"1111","T3","55.45","Calcareniti grigio azzurrognole.","2a","0","Botticelli","20",528395.5755,4566420.855,592
"1112","T3","55.5","Calcareniti grigio azzurrognole.","2a","0","Botticelli","20",528395.5755,4566420.855,592
"1113","T3","55.55","Calcareniti grigio azzurrognole.","2a","0","Botticelli","20",528395.5755,4566420.855,592
"1114","T3","55.6","Calcareniti grigio azzurrognole.","2a","0","Botticelli","20",528395.5755,4566420.855,592
"1115","T3","55.65","Calcareniti grigio azzurrognole.","2a","0","Botticelli","20",528395.5755,4566420.855,592
"1116","T3","55.7","Calcareniti grigio azzurrognole.","2a","0","Botticelli","20",528395.5755,4566420.855,592
"1117","T3","55.75","Calcareniti grigio azzurrognole.","2a","0","Botticelli","20",528395.5755,4566420.855,592
"1118","T3","55.8","Calcareniti grigio azzurrognole.","2a","0","Botticelli","20",528395.5755,4566420.855,592
"1119","T3","55.85","Calcareniti grigio azzurrognole.","2a","0","Botticelli","20",528395.5755,4566420.855,592
"1120","T3","55.9","Calcareniti grigio azzurrognole.","2a","0","Botticelli","20",528395.5755,4566420.855,592
"1121","T3","55.95","Calcareniti grigio azzurrognole.","2a","0","Botticelli","20",528395.5755,4566420.855,592
"1122","T3","56","Calcareniti grigio azzurrognole.","2a","0","Botticelli","20",528395.5755,4566420.855,592
"1123","T3","56.05","Calcareniti grigio azzurrognole.","2a","0","Botticelli","20",528395.5755,4566420.855,592
"1124","T3","56.1","Calcareniti grigio azzurrognole.","2a","0","Botticelli","20",528395.5755,4566420.855,592
"1125","T3","56.15","Calcareniti grigio azzurrognole.","2a","0","Botticelli","20",528395.5755,4566420.855,592
"1126","T3","56.2","Calcareniti grigio azzurrognole.","2a","0","Botticelli","20",528395.5755,4566420.855,592
"1127","T3","56.25","Calcareniti grigio azzurrognole.","2a","0","Botticelli","20",528395.5755,4566420.855,592
"1128","T3","56.3","Calcareniti grigio azzurrognole.","2a","0","Botticelli","20",528395.5755,4566420.855,592
"1129","T3","56.35","Calcareniti grigio azzurrognole.","2a","0","Botticelli","20",528395.5755,4566420.855,592
"1130","T3","56.4","Calcareniti grigio azzurrognole.","2a","0","Botticelli","20",528395.5755,4566420.855,592
"1131","T3","56.45","Calcareniti grigio azzurrognole.","2a","0","Botticelli","20",528395.5755,4566420.855,592
"1132","T3","56.5","Calcareniti grigio azzurrognole.","2a","0","Botticelli","20",528395.5755,4566420.855,592
"1133","T3","56.55","Calcareniti grigio azzurrognole.","2a","0","Botticelli","20",528395.5755,4566420.855,592
"1134","T3","56.6","Calcareniti grigio azzurrognole.","2a","0","Botticelli","20",528395.5755,4566420.855,592
"1135","T3","56.65","Calcareniti grigio azzurrognole.","2a","0","Botticelli","20",528395.5755,4566420.855,592
"1136","T3","56.7","Calcareniti grigio azzurrognole.","2a","0","Botticelli","20",528395.5755,4566420.855,592
"1137","T3","56.75","Calcareniti grigio azzurrognole.","2a","0","Botticelli","20",528395.5755,4566420.855,592
"1138","T3","56.8","Calcareniti grigio azzurrognole.","2a","0","Botticelli","20",528395.5755,4566420.855,592
"1139","T3","56.85","Calcareniti grigio azzurrognole.","2a","0","Botticelli","20",528395.5755,4566420.855,592
"1140","T3","56.9","Calcareniti grigio azzurrognole.","2a","0","Botticelli","20",528395.5755,4566420.855,592
"1141","T3","56.95","Calcareniti grigio azzurrognole.","2a","0","Botticelli","20",528395.5755,4566420.855,592
"1142","T3","57","Calcareniti grigio azzurrognole.","2a","0","Botticelli","20",528395.5755,4566420.855,592
"1143","T3","57.05","Calcareniti grigio azzurrognole.","2a","0","Botticelli","20",528395.5755,4566420.855,592
"1144","T3","57.1","Calcareniti grigio azzurrognole.","2a","0","Botticelli","20",528395.5755,4566420.855,592
"1145","T3","57.15","Calcareniti grigio azzurrognole.","2a","0","Botticelli","20",528395.5755,4566420.855,592
"1146","T3","57.2","Calcareniti grigio azzurrognole.","2a","0","Botticelli","20",528395.5755,4566420.855,592
"1147","T3","57.25","Calcareniti grigio azzurrognole.","2a","0","Botticelli","20",528395.5755,4566420.855,592
"1148","T3","57.3","Calcareniti grigio azzurrognole.","2a","0","Botticelli","20",528395.5755,4566420.855,592
"1149","T3","57.35","Calcareniti grigio azzurrognole.","2a","0","Botticelli","20",528395.5755,4566420.855,592
"1150","T3","57.4","Calcareniti grigio azzurrognole.","2a","0","Botticelli","20",528395.5755,4566420.855,592
"1151","T3","57.45","Calcareniti grigio azzurrognole.","2a","0","Botticelli","20",528395.5755,4566420.855,592
"1152","T3","57.5","Calcareniti grigio azzurrognole.","2a","0","Botticelli","20",528395.5755,4566420.855,592
"1153","T3","57.55","Calcareniti grigio azzurrognole.","2a","0","Botticelli","20",528395.5755,4566420.855,592
"1154","T3","57.6","Calcareniti grigio azzurrognole.","2a","0","Botticelli","20",528395.5755,4566420.855,592
"1155","T3","57.65","Calcareniti grigio azzurrognole.","2a","0","Botticelli","20",528395.5755,4566420.855,592
"1156","T3","57.7","Calcareniti grigio azzurrognole.","2a","0","Botticelli","20",528395.5755,4566420.855,592
"1157","T3","57.75","Calcareniti grigio azzurrognole.","2a","0","Botticelli","20",528395.5755,4566420.855,592
"1158","T3","57.8","Calcareniti grigio azzurrognole.","2a","0","Botticelli","20",528395.5755,4566420.855,592
"1159","T3","57.85","Calcareniti grigio azzurrognole.","2a","0","Botticelli","20",528395.5755,4566420.855,592
"1160","T3","57.9","Calcareniti grigio azzurrognole.","2a","0","Botticelli","20",528395.5755,4566420.855,592
"1161","T3","57.95","Calcareniti grigio azzurrognole.","2a","0","Botticelli","20",528395.5755,4566420.855,592
"1162","T3","58","Calcareniti grigio azzurrognole.","2a","0","Botticelli","20",528395.5755,4566420.855,592
"1163","T3","58.05","Calcareniti grigio azzurrognole.","2a","0","Botticelli","20",528395.5755,4566420.855,592
"1164","T3","58.1","Calcareniti grigio azzurrognole.","2a","0","Botticelli","20",528395.5755,4566420.855,592
"1165","T3","58.15","Calcareniti grigio azzurrognole.","2a","0","Botticelli","20",528395.5755,4566420.855,592
"1166","T3","58.2","Calcareniti grigio azzurrognole.","2a","0","Botticelli","20",528395.5755,4566420.855,592
"1167","T3","58.25","Calcareniti grigio azzurrognole.","2a","0","Botticelli","20",528395.5755,4566420.855,592
"1168","T3","58.3","Calcareniti grigio azzurrognole.","2a","0","Botticelli","20",528395.5755,4566420.855,592
"1169","T3","58.35","Calcareniti grigio azzurrognole.","2a","0","Botticelli","20",528395.5755,4566420.855,592
"1170","T3","58.4","Calcareniti grigio azzurrognole.","2a","0","Botticelli","20",528395.5755,4566420.855,592
"1171","T3","58.45","Calcareniti grigio azzurrognole.","2a","0","Botticelli","20",528395.5755,4566420.855,592
"1172","T3","58.5","Calcareniti grigio azzurrognole.","2a","0","Botticelli","20",528395.5755,4566420.855,592
"1173","T3","58.55","Calcareniti grigio azzurrognole.","2a","0","Botticelli","20",528395.5755,4566420.855,592
"1174","T3","58.6","Calcareniti grigio azzurrognole.","2a","0","Botticelli","20",528395.5755,4566420.855,592
"1175","T3","58.65","Calcareniti grigio azzurrognole.","2a","0","Botticelli","20",528395.5755,4566420.855,592
"1176","T3","58.7","Calcareniti grigio azzurrognole.","2a","0","Botticelli","20",528395.5755,4566420.855,592
"1177","T3","58.75","Calcareniti grigio azzurrognole.","2a","0","Botticelli","20",528395.5755,4566420.855,592
"1178","T3","58.8","Calcareniti grigio azzurrognole.","2a","0","Botticelli","20",528395.5755,4566420.855,592
"1179","T3","58.85","Calcareniti grigio azzurrognole.","2a","0","Botticelli","20",528395.5755,4566420.855,592
"1180","T3","58.9","Calcareniti grigio azzurrognole.","2a","0","Botticelli","20",528395.5755,4566420.855,592
"1181","T3","58.95","Calcareniti grigio azzurrognole.","2a","0","Botticelli","20",528395.5755,4566420.855,592
"1182","T3","59","Calcareniti grigio azzurrognole.","2a","0","Botticelli","20",528395.5755,4566420.855,592
"1183","T3","59.05","Calcareniti grigio azzurrognole.","2a","0","Botticelli","20",528395.5755,4566420.855,592
"1184","T3","59.1","Calcareniti grigio azzurrognole.","2a","0","Botticelli","20",528395.5755,4566420.855,592
"1185","T3","59.15","Calcareniti grigio azzurrognole.","2a","0","Botticelli","20",528395.5755,4566420.855,592
"1186","T3","59.2","Calcareniti grigio azzurrognole.","2a","0","Botticelli","20",528395.5755,4566420.855,592
"1187","T3","59.25","Calcareniti grigio azzurrognole.","2a","0","Botticelli","20",528395.5755,4566420.855,592
"1188","T3","59.3","Calcareniti grigio azzurrognole.","2a","0","Botticelli","20",528395.5755,4566420.855,592
"1189","T3","59.35","Calcareniti grigio azzurrognole.","2a","0","Botticelli","20",528395.5755,4566420.855,592
"1190","T3","59.4","Calcareniti grigio azzurrognole.","2a","0","Botticelli","20",528395.5755,4566420.855,592
"1191","T3","59.45","Calcareniti grigio azzurrognole.","2a","0","Botticelli","20",528395.5755,4566420.855,592
"1192","T3","59.5","Calcareniti grigio azzurrognole.","2a","0","Botticelli","20",528395.5755,4566420.855,592
"1193","T3","59.55","Calcareniti grigio azzurrognole.","2a","0","Botticelli","20",528395.5755,4566420.855,592
"1194","T3","59.6","Calcareniti grigio azzurrognole.","2a","0","Botticelli","20",528395.5755,4566420.855,592
"1195","T3","59.65","Calcareniti grigio azzurrognole.","2a","0","Botticelli","20",528395.5755,4566420.855,592
"1196","T3","59.7","Calcareniti grigio azzurrognole.","2a","0","Botticelli","20",528395.5755,4566420.855,592
"1197","T3","59.75","Calcareniti grigio azzurrognole.","2a","0","Botticelli","20",528395.5755,4566420.855,592
"1198","T3","59.8","Calcareniti grigio azzurrognole.","2a","0","Botticelli","20",528395.5755,4566420.855,592
"1199","T3","59.85","Calcareniti grigio azzurrognole.","2a","0","Botticelli","20",528395.5755,4566420.855,592
"1200","T3","59.9","Calcareniti grigio azzurrognole.","2a","0","Botticelli","20",528395.5755,4566420.855,592
"1201","T3","59.95","Calcareniti grigio azzurrognole.","2a","0","Botticelli","20",528395.5755,4566420.855,592
"1202","T3","60","Calcareniti grigio azzurrognole.","2a","0","Botticelli","20",528395.5755,4566420.855,592
"1203","T3","60.05","Calcareniti grigio azzurrognole.","2a","0","Botticelli","20",528395.5755,4566420.855,592
"1204","T3","60.1","Calcareniti grigio azzurrognole.","2a","0","Botticelli","20",528395.5755,4566420.855,592
"1205","T3","60.15","Calcareniti grigio azzurrognole.","2a","0","Botticelli","20",528395.5755,4566420.855,592
"1206","T3","60.2","Calcareniti grigio azzurrognole.","2a","0","Botticelli","20",528395.5755,4566420.855,592
"1207","T3","60.25","Calcareniti grigio azzurrognole.","2a","0","Botticelli","20",528395.5755,4566420.855,592
"1208","T3","60.3","Calcareniti grigio azzurrognole.","2a","0","Botticelli","20",528395.5755,4566420.855,592
"1209","T3","60.35","Calcareniti grigio azzurrognole.","2a","0","Botticelli","20",528395.5755,4566420.855,592
"1210","T3","60.4","Calcareniti grigio azzurrognole.","2a","0","Botticelli","20",528395.5755,4566420.855,592
"1211","T3","60.45","Calcareniti grigio azzurrognole.","2a","0","Botticelli","20",528395.5755,4566420.855,592
"1212","T3","60.5","Calcareniti grigio azzurrognole.","2a","0","Botticelli","20",528395.5755,4566420.855,592
"1213","T3","60.55","Calcareniti grigio azzurrognole.","2a","0","Botticelli","20",528395.5755,4566420.855,592
"1214","T3","60.6","Calcareniti grigio azzurrognole.","2a","0","Botticelli","20",528395.5755,4566420.855,592
"1215","T3","60.65","Calcareniti grigio azzurrognole.","2a","0","Botticelli","20",528395.5755,4566420.855,592
"1216","T3","60.7","Calcareniti grigio azzurrognole.","2a","0","Botticelli","20",528395.5755,4566420.855,592
"1217","T3","60.75","Calcareniti grigio azzurrognole.","2a","0","Botticelli","20",528395.5755,4566420.855,592
"1218","T3","60.8","Calcareniti grigio azzurrognole.","2a","0","Botticelli","20",528395.5755,4566420.855,592
"1219","T3","60.85","Calcareniti grigio azzurrognole.","2a","0","Botticelli","20",528395.5755,4566420.855,592
"1220","T3","60.9","Calcareniti grigio azzurrognole.","2a","0","Botticelli","20",528395.5755,4566420.855,592
"1221","T3","60.95","Calcareniti grigio azzurrognole.","2a","0","Botticelli","20",528395.5755,4566420.855,592
"1222","T3","61","Calcareniti grigio azzurrognole.","2a","0","Botticelli","20",528395.5755,4566420.855,592
"1223","T3","61.05","Calcareniti grigio azzurrognole.","2a","0","Botticelli","20",528395.5755,4566420.855,592
"1224","T3","61.1","Calcareniti grigio azzurrognole.","2a","0","Botticelli","20",528395.5755,4566420.855,592
"1225","T3","61.15","Calcareniti grigio azzurrognole.","2a","0","Botticelli","20",528395.5755,4566420.855,592
"1226","T3","61.2","Calcareniti grigio azzurrognole.","2a","0","Botticelli","20",528395.5755,4566420.855,592
"1227","T3","61.25","Calcareniti grigio azzurrognole.","2a","0","Botticelli","20",528395.5755,4566420.855,592
"1228","T3","61.3","Calcareniti grigio azzurrognole.","2a","0","Botticelli","20",528395.5755,4566420.855,592
"1229","T3","61.35","Calcareniti grigio azzurrognole.","2a","0","Botticelli","20",528395.5755,4566420.855,592
"1230","T3","61.4","Calcareniti grigio azzurrognole.","2a","0","Botticelli","20",528395.5755,4566420.855,592
"1231","T3","61.45","Calcareniti grigio azzurrognole.","2a","0","Botticelli","20",528395.5755,4566420.855,592
"1232","T3","61.5","Calcareniti grigio azzurrognole.","2a","0","Botticelli","20",528395.5755,4566420.855,592
"1233","T3","61.55","Calcareniti grigio azzurrognole.","2a","0","Botticelli","20",528395.5755,4566420.855,592
"1234","T3","61.6","Calcareniti grigio azzurrognole.","2a","0","Botticelli","20",528395.5755,4566420.855,592
"1235","T3","61.65","Calcareniti grigio azzurrognole.","2a","0","Botticelli","20",528395.5755,4566420.855,592
"1236","T3","61.7","Calcareniti grigio azzurrognole.","2a","0","Botticelli","20",528395.5755,4566420.855,592
"1237","T3","61.75","Calcareniti grigio azzurrognole.","2a","0","Botticelli","20",528395.5755,4566420.855,592
"1238","T3","61.8","Calcareniti grigio azzurrognole.","2a","0","Botticelli","20",528395.5755,4566420.855,592
"1239","T3","61.85","Calcareniti grigio azzurrognole.","2a","0","Botticelli","20",528395.5755,4566420.855,592
"1240","T3","61.9","Calcareniti grigio azzurrognole.","2a","0","Botticelli","20",528395.5755,4566420.855,592
"1241","T3","61.95","Calcareniti grigio azzurrognole.","2a","0","Botticelli","20",528395.5755,4566420.855,592
"1242","T3","62","Calcareniti grigio azzurrognole.","2a","0","Botticelli","20",528395.5755,4566420.855,592
"1243","T3","62.05","Calcareniti grigio azzurrognole.","2a","0","Botticelli","20",528395.5755,4566420.855,592
"1244","T3","62.1","Calcareniti grigio azzurrognole.","2a","0","Botticelli","20",528395.5755,4566420.855,592
"1245","T3","62.15","Calcareniti grigio azzurrognole.","2a","0","Botticelli","20",528395.5755,4566420.855,592
"1246","T3","62.2","Calcareniti grigio azzurrognole.","2a","0","Botticelli","20",528395.5755,4566420.855,592
"1247","T3","62.25","Calcareniti grigio azzurrognole.","2a","0","Botticelli","20",528395.5755,4566420.855,592
"1248","T3","62.3","Calcareniti grigio azzurrognole.","2a","0","Botticelli","20",528395.5755,4566420.855,592
"1249","T3","62.35","Calcareniti grigio azzurrognole.","2a","0","Botticelli","20",528395.5755,4566420.855,592
"1250","T3","62.4","Calcareniti grigio azzurrognole.","2a","0","Botticelli","20",528395.5755,4566420.855,592
"1251","T3","62.45","Calcareniti grigio azzurrognole.","2a","0","Botticelli","20",528395.5755,4566420.855,592
"1252","T3","62.5","Calcareniti grigio azzurrognole.","2a","0","Botticelli","20",528395.5755,4566420.855,592
"1253","T3","62.55","Calcareniti grigio azzurrognole.","2a","0","Botticelli","20",528395.5755,4566420.855,592
"1254","T3","62.6","Calcareniti grigio azzurrognole.","2a","0","Botticelli","20",528395.5755,4566420.855,592
"1255","T3","62.65","Calcareniti grigio azzurrognole.","2a","0","Botticelli","20",528395.5755,4566420.855,592
"1256","T3","62.7","Calcareniti grigio azzurrognole.","2a","0","Botticelli","20",528395.5755,4566420.855,592
"1257","T3","62.75","Calcareniti grigio azzurrognole.","2a","0","Botticelli","20",528395.5755,4566420.855,592
"1258","T3","62.8","Calcareniti grigio azzurrognole.","2a","0","Botticelli","20",528395.5755,4566420.855,592
"1259","T3","62.85","Calcareniti grigio azzurrognole.","2a","0","Botticelli","20",528395.5755,4566420.855,592
"1260","T3","62.9","Calcareniti grigio azzurrognole.","2a","0","Botticelli","20",528395.5755,4566420.855,592
"1261","T3","62.95","Calcareniti grigio azzurrognole.","2a","0","Botticelli","20",528395.5755,4566420.855,592
"1262","T3","63","Calcareniti grigio azzurrognole.","2a","0","Botticelli","20",528395.5755,4566420.855,592
"1263","T3","63.05","Calcareniti grigio azzurrognole.","2a","0","Botticelli","20",528395.5755,4566420.855,592
"1264","T3","63.1","Calcareniti grigio azzurrognole.","2a","0","Botticelli","20",528395.5755,4566420.855,592
"1265","T3","63.15","Calcareniti grigio azzurrognole.","2a","0","Botticelli","20",528395.5755,4566420.855,592
"1266","T3","63.2","Calcareniti grigio azzurrognole.","2a","0","Botticelli","20",528395.5755,4566420.855,592
"1267","T3","63.25","Calcareniti grigio azzurrognole.","2a","0","Botticelli","20",528395.5755,4566420.855,592
"1268","T3","63.3","Calcareniti grigio azzurrognole.","2a","0","Botticelli","20",528395.5755,4566420.855,592
"1269","T3","63.35","Calcareniti grigio azzurrognole.","2a","0","Botticelli","20",528395.5755,4566420.855,592
"1270","T3","63.4","Calcareniti grigio azzurrognole.","2a","0","Botticelli","20",528395.5755,4566420.855,592
"1271","T3","63.45","Calcareniti grigio azzurrognole.","2a","0","Botticelli","20",528395.5755,4566420.855,592
"1272","T3","63.5","Calcareniti grigio azzurrognole.","2a","0","Botticelli","20",528395.5755,4566420.855,592
"1273","T3","63.55","Calcareniti grigio azzurrognole.","2a","0","Botticelli","20",528395.5755,4566420.855,592
"1274","T3","63.6","Calcareniti grigio azzurrognole.","2a","0","Botticelli","20",528395.5755,4566420.855,592
"1275","T3","63.65","Calcareniti grigio azzurrognole.","2a","0","Botticelli","20",528395.5755,4566420.855,592
"1276","T3","63.7","Calcareniti grigio azzurrognole.","2a","0","Botticelli","20",528395.5755,4566420.855,592
"1277","T3","63.75","Calcareniti grigio azzurrognole.","2a","0","Botticelli","20",528395.5755,4566420.855,592
"1278","T3","63.8","Calcareniti grigio azzurrognole.","2a","0","Botticelli","20",528395.5755,4566420.855,592
"1279","T3","63.85","Calcareniti grigio azzurrognole.","2a","0","Botticelli","20",528395.5755,4566420.855,592
"1280","T3","63.9","Calcareniti grigio azzurrognole.","2a","0","Botticelli","20",528395.5755,4566420.855,592
"1281","T3","63.95","Calcareniti grigio azzurrognole.","2a","0","Botticelli","20",528395.5755,4566420.855,592
"1282","T3","64","Calcareniti grigio azzurrognole.","2a","0","Botticelli","20",528395.5755,4566420.855,592
"1283","T3","64.05","Calcareniti grigio azzurrognole.","2a","0","Botticelli","20",528395.5755,4566420.855,592
"1284","T3","64.1","Calcareniti grigio azzurrognole.","2a","0","Botticelli","20",528395.5755,4566420.855,592
"1285","T3","64.15","Calcareniti grigio azzurrognole.","2a","0","Botticelli","20",528395.5755,4566420.855,592
"1286","T3","64.2","Calcareniti grigio azzurrognole.","2a","0","Botticelli","20",528395.5755,4566420.855,592
"1287","T3","64.25","Calcareniti grigio azzurrognole.","2a","0","Botticelli","20",528395.5755,4566420.855,592
"1288","T3","64.3","Calcareniti grigio azzurrognole.","2a","0","Botticelli","20",528395.5755,4566420.855,592
"1289","T3","64.35","Calcareniti grigio azzurrognole.","2a","0","Botticelli","20",528395.5755,4566420.855,592
"1290","T3","64.4","Calcareniti grigio azzurrognole.","2a","0","Botticelli","20",528395.5755,4566420.855,592
"1291","T3","64.45","Calcareniti grigio azzurrognole.","2a","0","Botticelli","20",528395.5755,4566420.855,592
"1292","T3","64.5","Calcareniti grigio azzurrognole.","2a","0","Botticelli","20",528395.5755,4566420.855,592
"1293","T3","64.55","Calcareniti grigio azzurrognole.","2a","0","Botticelli","20",528395.5755,4566420.855,592
"1294","T3","64.6","Calcareniti grigio azzurrognole.","2a","0","Botticelli","20",528395.5755,4566420.855,592
"1295","T3","64.65","Calcareniti grigio azzurrognole.","2a","0","Botticelli","20",528395.5755,4566420.855,592
"1296","T3","64.7","Calcareniti grigio azzurrognole.","2a","0","Botticelli","20",528395.5755,4566420.855,592
"1297","T3","64.75","Calcareniti grigio azzurrognole.","2a","0","Botticelli","20",528395.5755,4566420.855,592
"1298","T3","64.8","Calcareniti grigio azzurrognole.","2a","0","Botticelli","20",528395.5755,4566420.855,592
"1299","T3","64.85","Calcareniti grigio azzurrognole.","2a","0","Botticelli","20",528395.5755,4566420.855,592
"1300","T3","64.9","Calcareniti grigio azzurrognole.","2a","0","Botticelli","20",528395.5755,4566420.855,592
"1301","T3","64.95","Calcareniti grigio azzurrognole.","2a","0","Botticelli","20",528395.5755,4566420.855,592
"1302","T3","65","Calcareniti grigio azzurrognole.","2a","0","Botticelli","20",528395.5755,4566420.855,592
"1303","T3","65.05","Calcareniti grigio azzurrognole.","2a","0","Botticelli","20",528395.5755,4566420.855,592
"1304","T3","65.1","Calcareniti grigio azzurrognole.","2a","0","Botticelli","20",528395.5755,4566420.855,592
"1305","T3","65.15","Calcareniti grigio azzurrognole.","2a","0","Botticelli","20",528395.5755,4566420.855,592
"1306","T3","65.2","Calcareniti grigio azzurrognole.","2a","0","Botticelli","20",528395.5755,4566420.855,592
"1307","T3","65.25","Calcareniti grigio azzurrognole.","2a","0","Botticelli","20",528395.5755,4566420.855,592
"1308","T3","65.3","Calcareniti grigio azzurrognole.","2a","0","Botticelli","20",528395.5755,4566420.855,592
"1309","T3","65.35","Calcareniti grigio azzurrognole.","2a","0","Botticelli","20",528395.5755,4566420.855,592
"1310","T3","65.4","Calcareniti grigio azzurrognole.","2a","0","Botticelli","20",528395.5755,4566420.855,592
"1311","T3","65.45","Calcareniti grigio azzurrognole.","2a","0","Botticelli","20",528395.5755,4566420.855,592
"1312","T3","65.5","Calcareniti grigio azzurrognole.","2a","0","Botticelli","20",528395.5755,4566420.855,592
"1313","T3","65.55","Calcareniti grigio azzurrognole.","2a","0","Botticelli","20",528395.5755,4566420.855,592
"1314","T3","65.6","Calcareniti grigio azzurrognole.","2a","0","Botticelli","20",528395.5755,4566420.855,592
"1315","T3","65.65","Calcareniti grigio azzurrognole.","2a","0","Botticelli","20",528395.5755,4566420.855,592
"1316","T3","65.7","Calcareniti grigio azzurrognole.","2a","0","Botticelli","20",528395.5755,4566420.855,592
"1317","T3","65.75","Calcareniti grigio azzurrognole.","2a","0","Botticelli","20",528395.5755,4566420.855,592
"1318","T3","65.8","Calcareniti grigio azzurrognole.","2a","0","Botticelli","20",528395.5755,4566420.855,592
"1319","T3","65.85","Calcareniti grigio azzurrognole.","2a","0","Botticelli","20",528395.5755,4566420.855,592
"1320","T3","65.9","Calcareniti grigio azzurrognole.","2a","0","Botticelli","20",528395.5755,4566420.855,592
"1321","T3","65.95","Calcareniti grigio azzurrognole.","2a","0","Botticelli","20",528395.5755,4566420.855,592
"1322","T3","66","Calcareniti grigio azzurrognole.","2a","0","Botticelli","20",528395.5755,4566420.855,592
"1323","T3","66.05","Calcareniti grigio azzurrognole.","2a","0","Botticelli","20",528395.5755,4566420.855,592
"1324","T3","66.1","Calcareniti grigio azzurrognole.","2a","0","Botticelli","20",528395.5755,4566420.855,592
"1325","T3","66.15","Calcareniti grigio azzurrognole.","2a","0","Botticelli","20",528395.5755,4566420.855,592
"1326","T3","66.2","Calcareniti grigio azzurrognole.","2a","0","Botticelli","20",528395.5755,4566420.855,592
"1327","T3","66.25","Calcareniti grigio azzurrognole.","2a","0","Botticelli","20",528395.5755,4566420.855,592
"1328","T3","66.3","Calcareniti grigio azzurrognole.","2a","0","Botticelli","20",528395.5755,4566420.855,592
"1329","T3","66.35","Calcareniti grigio azzurrognole.","2a","0","Botticelli","20",528395.5755,4566420.855,592
"1330","T3","66.4","Calcareniti grigio azzurrognole.","2a","0","Botticelli","20",528395.5755,4566420.855,592
"1331","T3","66.45","Calcareniti grigio azzurrognole.","2a","0","Botticelli","20",528395.5755,4566420.855,592
"1332","T3","66.5","Calcareniti grigio azzurrognole.","2a","0","Botticelli","20",528395.5755,4566420.855,592
"1333","T3","66.55","Calcareniti grigio azzurrognole.","2a","0","Botticelli","20",528395.5755,4566420.855,592
"1334","T3","66.6","Calcareniti grigio azzurrognole.","2a","0","Botticelli","20",528395.5755,4566420.855,592
"1335","T3","66.65","Calcareniti grigio azzurrognole.","2a","0","Botticelli","20",528395.5755,4566420.855,592
"1336","T3","66.7","Calcareniti grigio azzurrognole.","2a","0","Botticelli","20",528395.5755,4566420.855,592
"1337","T3","66.75","Calcareniti grigio azzurrognole.","2a","0","Botticelli","20",528395.5755,4566420.855,592
"1338","T3","66.8","Calcareniti grigio azzurrognole.","2a","0","Botticelli","20",528395.5755,4566420.855,592
"1339","T3","66.85","Calcareniti grigio azzurrognole.","2a","0","Botticelli","20",528395.5755,4566420.855,592
"1340","T3","66.9","Calcareniti grigio azzurrognole.","2a","0","Botticelli","20",528395.5755,4566420.855,592
"1341","T3","66.95","Calcareniti grigio azzurrognole.","2a","0","Botticelli","20",528395.5755,4566420.855,592
"1342","T3","67","Calcareniti grigio azzurrognole.","2a","0","Botticelli","20",528395.5755,4566420.855,592
"1343","T3","67.05","Calcareniti grigio azzurrognole.","2a","0","Botticelli","20",528395.5755,4566420.855,592
"1344","T3","67.1","Calcareniti grigio azzurrognole.","2a","0","Botticelli","20",528395.5755,4566420.855,592
"1345","T3","67.15","Calcareniti grigio azzurrognole.","2a","0","Botticelli","20",528395.5755,4566420.855,592
"1346","T3","67.2","Calcareniti grigio azzurrognole.","2a","0","Botticelli","20",528395.5755,4566420.855,592
"1347","T3","67.25","Calcareniti grigio azzurrognole.","2a","0","Botticelli","20",528395.5755,4566420.855,592
"1348","T3","67.3","Calcareniti grigio azzurrognole.","2a","0","Botticelli","20",528395.5755,4566420.855,592
"1349","T3","67.35","Calcareniti grigio azzurrognole.","2a","0","Botticelli","20",528395.5755,4566420.855,592
"1350","T3","67.4","Calcareniti grigio azzurrognole.","2a","0","Botticelli","20",528395.5755,4566420.855,592
"1351","T3","67.45","Calcareniti grigio azzurrognole.","2a","0","Botticelli","20",528395.5755,4566420.855,592
"1352","T3","67.5","Calcareniti grigio azzurrognole.","2a","0","Botticelli","20",528395.5755,4566420.855,592
"1353","T3","67.55","Calcareniti grigio azzurrognole.","2a","0","Botticelli","20",528395.5755,4566420.855,592
"1354","T3","67.6","Calcareniti grigio azzurrognole.","2a","0","Botticelli","20",528395.5755,4566420.855,592
"1355","T3","67.65","Calcareniti grigio azzurrognole.","2a","0","Botticelli","20",528395.5755,4566420.855,592
"1356","T3","67.7","Calcareniti grigio azzurrognole.","2a","0","Botticelli","20",528395.5755,4566420.855,592
"1357","T3","67.75","Calcareniti grigio azzurrognole.","2a","0","Botticelli","20",528395.5755,4566420.855,592
"1358","T3","67.8","Calcareniti grigio azzurrognole.","2a","0","Botticelli","20",528395.5755,4566420.855,592
"1359","T3","67.85","Calcareniti grigio azzurrognole.","2a","0","Botticelli","20",528395.5755,4566420.855,592
"1360","T3","67.9","Calcareniti grigio azzurrognole.","2a","0","Botticelli","20",528395.5755,4566420.855,592
"1361","T3","67.95","Calcareniti grigio azzurrognole.","2a","0","Botticelli","20",528395.5755,4566420.855,592
"1362","T3","68","Calcareniti grigio azzurrognole.","2a","0","Botticelli","20",528395.5755,4566420.855,592
"1363","T3","68.05","Calcareniti grigio azzurrognole.","2a","0","Botticelli","20",528395.5755,4566420.855,592
"1364","T3","68.1","Calcareniti grigio azzurrognole.","2a","0","Botticelli","20",528395.5755,4566420.855,592
"1365","T3","68.15","Calcareniti grigio azzurrognole.","2a","0","Botticelli","20",528395.5755,4566420.855,592
"1366","T3","68.2","Calcareniti grigio azzurrognole.","2a","0","Botticelli","20",528395.5755,4566420.855,592
"1367","T3","68.25","Calcareniti grigio azzurrognole.","2a","0","Botticelli","20",528395.5755,4566420.855,592
"1368","T3","68.3","Calcareniti grigio azzurrognole.","2a","0","Botticelli","20",528395.5755,4566420.855,592
"1369","T3","68.35","Calcareniti grigio azzurrognole.","2a","0","Botticelli","20",528395.5755,4566420.855,592
"1370","T3","68.4","Calcareniti grigio azzurrognole.","2a","0","Botticelli","20",528395.5755,4566420.855,592
"1371","T3","68.45","Calcareniti grigio azzurrognole.","2a","0","Botticelli","20",528395.5755,4566420.855,592
"1372","T3","68.5","Calcareniti grigio azzurrognole.","2a","0","Botticelli","20",528395.5755,4566420.855,592
"1373","T3","68.55","Calcareniti grigio azzurrognole.","2a","0","Botticelli","20",528395.5755,4566420.855,592
"1374","T3","68.6","Calcareniti grigio azzurrognole.","2a","0","Botticelli","20",528395.5755,4566420.855,592
"1375","T3","68.65","Calcareniti grigio azzurrognole.","2a","0","Botticelli","20",528395.5755,4566420.855,592
"1376","T3","68.7","Calcareniti grigio azzurrognole.","2a","0","Botticelli","20",528395.5755,4566420.855,592
"1377","T3","68.75","Calcareniti grigio azzurrognole.","2a","0","Botticelli","20",528395.5755,4566420.855,592
"1378","T3","68.8","Calcareniti grigio azzurrognole.","2a","0","Botticelli","20",528395.5755,4566420.855,592
"1379","T3","68.85","Calcareniti grigio azzurrognole.","2a","0","Botticelli","20",528395.5755,4566420.855,592
"1380","T3","68.9","Calcareniti grigio azzurrognole.","2a","0","Botticelli","20",528395.5755,4566420.855,592
"1381","T3","68.95","Calcareniti grigio azzurrognole.","2a","0","Botticelli","20",528395.5755,4566420.855,592
"1382","T3","69","Calcareniti grigio azzurrognole.","2a","0","Botticelli","20",528395.5755,4566420.855,592
"1383","T3","69.05","Calcareniti grigio azzurrognole.","2a","0","Botticelli","20",528395.5755,4566420.855,592
"1384","T3","69.1","Calcareniti grigio azzurrognole.","2a","0","Botticelli","20",528395.5755,4566420.855,592
"1385","T3","69.15","Calcareniti grigio azzurrognole.","2a","0","Botticelli","20",528395.5755,4566420.855,592
"1386","T3","69.2","Calcareniti grigio azzurrognole.","2a","0","Botticelli","20",528395.5755,4566420.855,592
"1387","T3","69.25","Calcareniti grigio azzurrognole.","2a","0","Botticelli","20",528395.5755,4566420.855,592
"1388","T3","69.3","Calcareniti grigio azzurrognole.","2a","0","Botticelli","20",528395.5755,4566420.855,592
"1389","T3","69.35","Calcareniti grigio azzurrognole.","2a","0","Botticelli","20",528395.5755,4566420.855,592
"1390","T3","69.4","Calcareniti grigio azzurrognole.","2a","0","Botticelli","20",528395.5755,4566420.855,592
"1391","T3","69.45","Calcareniti grigio azzurrognole.","2a","0","Botticelli","20",528395.5755,4566420.855,592
"1392","T3","69.5","Calcareniti grigio azzurrognole.","2a","0","Botticelli","20",528395.5755,4566420.855,592
"1393","T3","69.55","Calcareniti grigio azzurrognole.","2a","0","Botticelli","20",528395.5755,4566420.855,592
"1394","T3","69.6","Calcareniti grigio azzurrognole.","2a","0","Botticelli","20",528395.5755,4566420.855,592
"1395","T3","69.65","Calcareniti grigio azzurrognole.","2a","0","Botticelli","20",528395.5755,4566420.855,592
"1396","T3","69.7","Calcareniti grigio azzurrognole.","2a","0","Botticelli","20",528395.5755,4566420.855,592
"1397","T3","69.75","Calcareniti grigio azzurrognole.","2a","0","Botticelli","20",528395.5755,4566420.855,592
"1398","T3","69.8","Calcareniti grigio azzurrognole.","2a","0","Botticelli","20",528395.5755,4566420.855,592
"1399","T3","69.85","Calcareniti grigio azzurrognole.","2a","0","Botticelli","20",528395.5755,4566420.855,592
"1400","T3","69.9","Calcareniti grigio azzurrognole.","2a","0","Botticelli","20",528395.5755,4566420.855,592
"1401","T3","69.95","Calcareniti grigio azzurrognole.","2a","0","Botticelli","20",528395.5755,4566420.855,592
"1402","T3","70","Calcareniti grigio azzurrognole.","2a","0","Botticelli","20",528395.5755,4566420.855,592
"1403","T3","70.05","Calcareniti grigio azzurrognole.","2a","0","Botticelli","20",528395.5755,4566420.855,592
"1404","T3","70.1","Calcareniti grigio azzurrognole.","2a","0","Botticelli","20",528395.5755,4566420.855,592
"1405","T3","70.15","Calcareniti grigio azzurrognole.","2a","0","Botticelli","20",528395.5755,4566420.855,592
"1406","T3","70.2","Calcareniti grigio azzurrognole.","2a","0","Botticelli","20",528395.5755,4566420.855,592
"1407","T3","70.25","Calcareniti grigio azzurrognole.","2a","0","Botticelli","20",528395.5755,4566420.855,592
"1408","T3","70.3","Calcareniti grigio azzurrognole.","2a","0","Botticelli","20",528395.5755,4566420.855,592
"1409","T3","70.35","Calcareniti grigio azzurrognole.","2a","0","Botticelli","20",528395.5755,4566420.855,592
"1410","T3","70.4","Calcareniti grigio azzurrognole.","2a","0","Botticelli","20",528395.5755,4566420.855,592
"1411","T3","70.45","Calcareniti grigio azzurrognole.","2a","0","Botticelli","20",528395.5755,4566420.855,592
"1412","T3","70.5","Calcareniti grigio azzurrognole.","2a","0","Botticelli","20",528395.5755,4566420.855,592
"1413","T3","70.55","Calcareniti grigio azzurrognole.","2a","0","Botticelli","20",528395.5755,4566420.855,592
"1414","T3","70.6","Calcareniti grigio azzurrognole.","2a","0","Botticelli","20",528395.5755,4566420.855,592
"1415","T3","70.65","Calcareniti grigio azzurrognole.","2a","0","Botticelli","20",528395.5755,4566420.855,592
"1416","T3","70.7","Calcareniti grigio azzurrognole.","2a","0","Botticelli","20",528395.5755,4566420.855,592
"1417","T3","70.75","Calcareniti grigio azzurrognole.","2a","0","Botticelli","20",528395.5755,4566420.855,592
"1418","T3","70.8","Calcareniti grigio azzurrognole.","2a","0","Botticelli","20",528395.5755,4566420.855,592
"1419","T3","70.85","Calcareniti grigio azzurrognole.","2a","0","Botticelli","20",528395.5755,4566420.855,592
"1420","T3","70.9","Calcareniti grigio azzurrognole.","2a","0","Botticelli","20",528395.5755,4566420.855,592
"1421","T3","70.95","Calcareniti grigio azzurrognole.","2a","0","Botticelli","20",528395.5755,4566420.855,592
"1422","T3","71","Calcareniti grigio azzurrognole.","2a","0","Botticelli","20",528395.5755,4566420.855,592
"1423","T3","71.05","Calcareniti grigio azzurrognole.","2a","0","Botticelli","20",528395.5755,4566420.855,592
"1424","T3","71.1","Calcareniti grigio azzurrognole.","2a","0","Botticelli","20",528395.5755,4566420.855,592
"1425","T3","71.15","Calcareniti grigio azzurrognole.","2a","0","Botticelli","20",528395.5755,4566420.855,592
"1426","T3","71.2","Calcareniti grigio azzurrognole.","2a","0","Botticelli","20",528395.5755,4566420.855,592
"1427","T3","71.25","Calcareniti grigio azzurrognole.","2a","0","Botticelli","20",528395.5755,4566420.855,592
"1428","T3","71.3","Calcareniti grigio azzurrognole.","2a","0","Botticelli","20",528395.5755,4566420.855,592
"1429","T3","71.35","Calcareniti grigio azzurrognole.","2a","0","Botticelli","20",528395.5755,4566420.855,592
"1430","T3","71.4","Calcareniti grigio azzurrognole.","2a","0","Botticelli","20",528395.5755,4566420.855,592
"1431","T3","71.45","Calcareniti grigio azzurrognole.","2a","0","Botticelli","20",528395.5755,4566420.855,592
"1432","T3","71.5","Calcareniti grigio azzurrognole.","2a","0","Botticelli","20",528395.5755,4566420.855,592
"1433","T3","71.55","Calcareniti grigio azzurrognole.","2a","0","Botticelli","20",528395.5755,4566420.855,592
"1434","T3","71.6","Calcareniti grigio azzurrognole.","2a","0","Botticelli","20",528395.5755,4566420.855,592
"1435","T3","71.65","Calcareniti grigio azzurrognole.","2a","0","Botticelli","20",528395.5755,4566420.855,592
"1436","T3","71.7","Calcareniti grigio azzurrognole.","2a","0","Botticelli","20",528395.5755,4566420.855,592
"1437","T3","71.75","Calcareniti grigio azzurrognole.","2a","0","Botticelli","20",528395.5755,4566420.855,592
"1438","T3","71.8","Calcareniti grigio azzurrognole.","2a","0","Botticelli","20",528395.5755,4566420.855,592
"1439","T3","71.85","Calcareniti grigio azzurrognole.","2a","0","Botticelli","20",528395.5755,4566420.855,592
"1440","T3","71.9","Calcareniti grigio azzurrognole.","2a","0","Botticelli","20",528395.5755,4566420.855,592
"1441","T3","71.95","Calcareniti grigio azzurrognole.","2a","0","Botticelli","20",528395.5755,4566420.855,592
"1442","T3","72","Calcareniti grigio azzurrognole.","2a","0","Botticelli","20",528395.5755,4566420.855,592
"1443","T3","72.05","Calcareniti grigio azzurrognole.","2a","0","Botticelli","20",528395.5755,4566420.855,592
"1444","T3","72.1","Calcareniti grigio azzurrognole.","2a","0","Botticelli","20",528395.5755,4566420.855,592
"1445","T3","72.15","Calcareniti grigio azzurrognole.","2a","0","Botticelli","20",528395.5755,4566420.855,592
"1446","T3","72.2","Calcareniti grigio azzurrognole.","2a","0","Botticelli","20",528395.5755,4566420.855,592
"1447","T3","72.25","Calcareniti grigio azzurrognole.","2a","0","Botticelli","20",528395.5755,4566420.855,592
"1448","T3","72.3","Calcareniti grigio azzurrognole.","2a","0","Botticelli","20",528395.5755,4566420.855,592
"1449","T3","72.35","Calcareniti grigio azzurrognole.","2a","0","Botticelli","20",528395.5755,4566420.855,592
"1450","T3","72.4","Calcareniti grigio azzurrognole.","2a","0","Botticelli","20",528395.5755,4566420.855,592
"1451","T3","72.45","Calcareniti grigio azzurrognole.","2a","0","Botticelli","20",528395.5755,4566420.855,592
"1452","T3","72.5","Calcareniti grigio azzurrognole.","2a","0","Botticelli","20",528395.5755,4566420.855,592
"1453","T3","72.55","Calcareniti grigio azzurrognole.","2a","0","Botticelli","20",528395.5755,4566420.855,592
"1454","T3","72.6","Calcareniti grigio azzurrognole.","2a","0","Botticelli","20",528395.5755,4566420.855,592
"1455","T3","72.65","Calcareniti grigio azzurrognole.","2a","0","Botticelli","20",528395.5755,4566420.855,592
"1456","T3","72.7","Calcareniti grigio azzurrognole.","2a","0","Botticelli","20",528395.5755,4566420.855,592
"1457","T3","72.75","Calcareniti grigio azzurrognole.","2a","0","Botticelli","20",528395.5755,4566420.855,592
"1458","T3","72.8","Calcareniti grigio azzurrognole.","2a","0","Botticelli","20",528395.5755,4566420.855,592
"1459","T3","72.85","Calcareniti grigio azzurrognole.","2a","0","Botticelli","20",528395.5755,4566420.855,592
"1460","T3","72.9","Calcareniti grigio azzurrognole.","2a","0","Botticelli","20",528395.5755,4566420.855,592
"1461","T3","72.95","Calcareniti grigio azzurrognole.","2a","0","Botticelli","20",528395.5755,4566420.855,592
"1462","T3","73","Calcareniti grigio azzurrognole.","2a","0","Botticelli","20",528395.5755,4566420.855,592
"1463","T3","73.05","Calcareniti grigio azzurrognole.","2a","0","Botticelli","20",528395.5755,4566420.855,592
"1464","T3","73.1","Calcareniti grigio azzurrognole.","2a","0","Botticelli","20",528395.5755,4566420.855,592
"1465","T3","73.15","Calcareniti grigio azzurrognole.","2a","0","Botticelli","20",528395.5755,4566420.855,592
"1466","T3","73.2","Calcareniti grigio azzurrognole.","2a","0","Botticelli","20",528395.5755,4566420.855,592
"1467","T3","73.25","Calcareniti grigio azzurrognole.","2a","0","Botticelli","20",528395.5755,4566420.855,592
"1468","T3","73.3","Calcareniti grigio azzurrognole.","2a","0","Botticelli","20",528395.5755,4566420.855,592
"1469","T3","73.35","Calcareniti grigio azzurrognole.","2a","0","Botticelli","20",528395.5755,4566420.855,592
"1470","T3","73.4","Calcareniti grigio azzurrognole.","2a","0","Botticelli","20",528395.5755,4566420.855,592
"1471","T3","73.45","Calcareniti grigio azzurrognole.","2a","0","Botticelli","20",528395.5755,4566420.855,592
"1472","T3","73.5","Calcareniti grigio azzurrognole.","2a","0","Botticelli","20",528395.5755,4566420.855,592
"1473","T3","73.55","Calcareniti grigio azzurrognole.","2a","0","Botticelli","20",528395.5755,4566420.855,592
"1474","T3","73.6","Calcareniti grigio azzurrognole.","2a","0","Botticelli","20",528395.5755,4566420.855,592
"1475","T3","73.65","Calcareniti grigio azzurrognole.","2a","0","Botticelli","20",528395.5755,4566420.855,592
"1476","T3","73.7","Calcareniti grigio azzurrognole.","2a","0","Botticelli","20",528395.5755,4566420.855,592
"1477","T3","73.75","Calcareniti grigio azzurrognole.","2a","0","Botticelli","20",528395.5755,4566420.855,592
"1478","T3","73.8","Calcareniti grigio azzurrognole.","2a","0","Botticelli","20",528395.5755,4566420.855,592
"1479","T3","73.85","Calcareniti grigio azzurrognole.","2a","0","Botticelli","20",528395.5755,4566420.855,592
"1480","T3","73.9","Calcareniti grigio azzurrognole.","2a","0","Botticelli","20",528395.5755,4566420.855,592
"1481","T3","73.95","Calcareniti grigio azzurrognole.","2a","0","Botticelli","20",528395.5755,4566420.855,592
"1482","T3","74","Calcareniti grigio azzurrognole.","2a","0","Botticelli","20",528395.5755,4566420.855,592
"1483","T3","74.05","Calcareniti grigio azzurrognole.","2a","0","Botticelli","20",528395.5755,4566420.855,592
"1484","T3","74.1","Calcareniti grigio azzurrognole.","2a","0","Botticelli","20",528395.5755,4566420.855,592
"1485","T3","74.15","Calcareniti grigio azzurrognole.","2a","0","Botticelli","20",528395.5755,4566420.855,592
"1486","T3","74.2","Calcareniti grigio azzurrognole.","2a","0","Botticelli","20",528395.5755,4566420.855,592
"1487","T3","74.25","Calcareniti grigio azzurrognole.","2a","0","Botticelli","20",528395.5755,4566420.855,592
"1488","T3","74.3","Calcareniti grigio azzurrognole.","2a","0","Botticelli","20",528395.5755,4566420.855,592
"1489","T3","74.35","Calcareniti grigio azzurrognole.","2a","0","Botticelli","20",528395.5755,4566420.855,592
"1490","T3","74.4","Calcareniti grigio azzurrognole.","2a","0","Botticelli","20",528395.5755,4566420.855,592
"1491","T3","74.45","Calcareniti grigio azzurrognole.","2a","0","Botticelli","20",528395.5755,4566420.855,592
"1492","T3","74.5","Calcareniti grigio azzurrognole.","2a","0","Botticelli","20",528395.5755,4566420.855,592
"1493","T3","74.55","Calcareniti grigio azzurrognole.","2a","0","Botticelli","20",528395.5755,4566420.855,592
"1494","T3","74.6","Calcareniti grigio azzurrognole.","2a","0","Botticelli","20",528395.5755,4566420.855,592
"1495","T3","74.65","Calcareniti grigio azzurrognole.","2a","0","Botticelli","20",528395.5755,4566420.855,592
"1496","T3","74.7","Calcareniti grigio azzurrognole.","2a","0","Botticelli","20",528395.5755,4566420.855,592
"1497","T3","74.75","Calcareniti grigio azzurrognole.","2a","0","Botticelli","20",528395.5755,4566420.855,592
"1498","T3","74.8","Calcareniti grigio azzurrognole.","2a","0","Botticelli","20",528395.5755,4566420.855,592
"1499","T3","74.85","Calcareniti grigio azzurrognole.","2a","0","Botticelli","20",528395.5755,4566420.855,592
"1500","T3","74.9","Calcareniti grigio azzurrognole.","2a","0","Botticelli","20",528395.5755,4566420.855,592
"1501","T3","74.95","Calcareniti grigio azzurrognole.","2a","0","Botticelli","20",528395.5755,4566420.855,592
"1502","T3","75","Calcareniti grigio azzurrognole.","2a","0","Botticelli","20",528395.5755,4566420.855,592
"1503","T3","75.05","Calcareniti grigio azzurrognole.","2a","0","Botticelli","20",528395.5755,4566420.855,592
"1504","T3","75.1","Calcareniti grigio azzurrognole.","2a","0","Botticelli","20",528395.5755,4566420.855,592
"1505","T3","75.15","Calcareniti grigio azzurrognole.","2a","0","Botticelli","20",528395.5755,4566420.855,592
"1506","T3","75.2","Calcareniti grigio azzurrognole.","2a","0","Botticelli","20",528395.5755,4566420.855,592
"1507","T3","75.25","Calcareniti grigio azzurrognole.","2a","0","Botticelli","20",528395.5755,4566420.855,592
"1508","T3","75.3","Calcareniti grigio azzurrognole.","2a","0","Botticelli","20",528395.5755,4566420.855,592
"1509","T3","75.35","Calcareniti grigio azzurrognole.","2a","0","Botticelli","20",528395.5755,4566420.855,592
"1510","T3","75.4","Calcareniti grigio azzurrognole.","2a","0","Botticelli","20",528395.5755,4566420.855,592
"1511","T3","75.45","Calcareniti grigio azzurrognole.","2a","0","Botticelli","20",528395.5755,4566420.855,592
"1512","T3","75.5","Calcareniti grigio azzurrognole.","2a","0","Botticelli","20",528395.5755,4566420.855,592
"1513","T3","75.55","Calcareniti grigio azzurrognole.","2a","0","Botticelli","20",528395.5755,4566420.855,592
"1514","T3","75.6","Calcareniti grigio azzurrognole.","2a","0","Botticelli","20",528395.5755,4566420.855,592
"1515","T3","75.65","Calcareniti grigio azzurrognole.","2a","0","Botticelli","20",528395.5755,4566420.855,592
"1516","T3","75.7","Calcareniti grigio azzurrognole.","2a","0","Botticelli","20",528395.5755,4566420.855,592
"1517","T3","75.75","Calcareniti grigio azzurrognole.","2a","0","Botticelli","20",528395.5755,4566420.855,592
"1518","T3","75.8","Calcareniti grigio azzurrognole.","2a","0","Botticelli","20",528395.5755,4566420.855,592
"1519","T3","75.85","Calcareniti grigio azzurrognole.","2a","0","Botticelli","20",528395.5755,4566420.855,592
"1520","T3","75.9","Calcareniti grigio azzurrognole.","2a","0","Botticelli","20",528395.5755,4566420.855,592
"1521","T3","75.95","Calcareniti grigio azzurrognole.","2a","0","Botticelli","20",528395.5755,4566420.855,592
"1522","T3","76","Calcareniti grigio azzurrognole.","2a","0","Botticelli","20",528395.5755,4566420.855,592
"1523","T3","76.05","Calcareniti grigio azzurrognole.","2a","0","Botticelli","20",528395.5755,4566420.855,592
"1524","T3","76.1","Calcareniti grigio azzurrognole.","2a","0","Botticelli","20",528395.5755,4566420.855,592
"1525","T3","76.15","Calcareniti grigio azzurrognole.","2a","0","Botticelli","20",528395.5755,4566420.855,592
"1526","T3","76.2","Calcareniti grigio azzurrognole.","2a","0","Botticelli","20",528395.5755,4566420.855,592
"1527","T3","76.25","Calcareniti grigio azzurrognole.","2a","0","Botticelli","20",528395.5755,4566420.855,592
"1528","T3","76.3","Calcareniti grigio azzurrognole.","2a","0","Botticelli","20",528395.5755,4566420.855,592
"1529","T3","76.35","Calcareniti grigio azzurrognole.","2a","0","Botticelli","20",528395.5755,4566420.855,592
"1530","T3","76.4","Calcareniti grigio azzurrognole.","2a","0","Botticelli","20",528395.5755,4566420.855,592
"1531","T3","76.45","Calcareniti grigio azzurrognole.","2a","0","Botticelli","20",528395.5755,4566420.855,592
"1532","T3","76.5","Calcareniti grigio azzurrognole.","2a","0","Botticelli","20",528395.5755,4566420.855,592
"1533","T3","76.55","Calcareniti grigio azzurrognole.","2a","0","Botticelli","20",528395.5755,4566420.855,592
"1534","T3","76.6","Calcareniti grigio azzurrognole.","2a","0","Botticelli","20",528395.5755,4566420.855,592
"1535","T3","76.65","Calcareniti grigio azzurrognole.","2a","0","Botticelli","20",528395.5755,4566420.855,592
"1536","T3","76.7","Calcareniti grigio azzurrognole.","2a","0","Botticelli","20",528395.5755,4566420.855,592
