"","borehole","Depth","Description","Unit","Valid","campaign","DEPTH","x","y","z"
"1","U5","0","Terreno di riporto.","T","1","Rampino","25",528277.2358,4565928.364,554
"2","U5","0.05","Terreno di riporto.","T","1","Rampino","25",528277.2358,4565928.364,554
"3","U5","0.1","Terreno di riporto.","T","1","Rampino","25",528277.2358,4565928.364,554
"4","U5","0.15","Terreno di riporto.","T","1","Rampino","25",528277.2358,4565928.364,554
"5","U5","0.2","Terreno di riporto.","T","1","Rampino","25",528277.2358,4565928.364,554
"6","U5","0.25","Terreno di riporto.","T","1","Rampino","25",528277.2358,4565928.364,554
"7","U5","0.3","Terreno di riporto.","T","1","Rampino","25",528277.2358,4565928.364,554
"8","U5","0.35","Terreno di riporto.","T","1","Rampino","25",528277.2358,4565928.364,554
"9","U5","0.4","Terreno di riporto.","T","1","Rampino","25",528277.2358,4565928.364,554
"10","U5","0.45","Terreno di riporto.","T","1","Rampino","25",528277.2358,4565928.364,554
"11","U5","0.5","Terreno di riporto.","T","1","Rampino","25",528277.2358,4565928.364,554
"12","U5","0.55","Terreno di riporto.","T","1","Rampino","25",528277.2358,4565928.364,554
"13","U5","0.6","Terreno di riporto.","T","1","Rampino","25",528277.2358,4565928.364,554
"14","U5","0.65","Terreno di riporto.","T","1","Rampino","25",528277.2358,4565928.364,554
"15","U5","0.7","Terreno di riporto.","T","1","Rampino","25",528277.2358,4565928.364,554
"16","U5","0.75","Terreno di riporto.","T","1","Rampino","25",528277.2358,4565928.364,554
"17","U5","0.8","Terreno di riporto.","T","1","Rampino","25",528277.2358,4565928.364,554
"18","U5","0.85","Terreno di riporto.","T","1","Rampino","25",528277.2358,4565928.364,554
"19","U5","0.9","Terreno di riporto.","T","1","Rampino","25",528277.2358,4565928.364,554
"20","U5","0.95","Terreno di riporto.","T","1","Rampino","25",528277.2358,4565928.364,554
"21","U5","1","Terreno di riporto.","T","1","Rampino","25",528277.2358,4565928.364,554
"22","U5","1.05","Terreno di riporto.","T","1","Rampino","25",528277.2358,4565928.364,554
"23","U5","1.1","Terreno di riporto.","T","1","Rampino","25",528277.2358,4565928.364,554
"24","U5","1.15","Terreno di riporto.","T","1","Rampino","25",528277.2358,4565928.364,554
"25","U5","1.2","Terreno di riporto.","T","1","Rampino","25",528277.2358,4565928.364,554
"26","U5","1.25","Terreno di riporto.","T","1","Rampino","25",528277.2358,4565928.364,554
"27","U5","1.3","Terreno di riporto.","T","1","Rampino","25",528277.2358,4565928.364,554
"28","U5","1.35","Terreno di riporto.","T","1","Rampino","25",528277.2358,4565928.364,554
"29","U5","1.4","Terreno di riporto.","T","1","Rampino","25",528277.2358,4565928.364,554
"30","U5","1.45","Terreno di riporto.","T","1","Rampino","25",528277.2358,4565928.364,554
"31","U5","1.5","Terreno di riporto.","T","1","Rampino","25",528277.2358,4565928.364,554
"32","U5","1.55","Terreno di riporto.","T","1","Rampino","25",528277.2358,4565928.364,554
"33","U5","1.6","Terreno di riporto.","T","1","Rampino","25",528277.2358,4565928.364,554
"34","U5","1.65","Terreno di riporto.","T","1","Rampino","25",528277.2358,4565928.364,554
"35","U5","1.7","Terreno di riporto.","T","1","Rampino","25",528277.2358,4565928.364,554
"36","U5","1.75","Terreno di riporto.","T","1","Rampino","25",528277.2358,4565928.364,554
"37","U5","1.8","Terreno di riporto.","T","1","Rampino","25",528277.2358,4565928.364,554
"38","U5","1.85","Terreno di riporto.","T","1","Rampino","25",528277.2358,4565928.364,554
"39","U5","1.9","Terreno di riporto.","T","1","Rampino","25",528277.2358,4565928.364,554
"40","U5","1.95","Terreno di riporto.","T","1","Rampino","25",528277.2358,4565928.364,554
"41","U5","2","Terreno di riporto.","T","1","Rampino","25",528277.2358,4565928.364,554
"42","U5","2.05","Terreno di riporto.","T","1","Rampino","25",528277.2358,4565928.364,554
"43","U5","2.1","Terreno di riporto.","T","1","Rampino","25",528277.2358,4565928.364,554
"44","U5","2.15","Terreno di riporto.","T","1","Rampino","25",528277.2358,4565928.364,554
"45","U5","2.2","Terreno di riporto.","T","1","Rampino","25",528277.2358,4565928.364,554
"46","U5","2.25","Terreno di riporto.","T","1","Rampino","25",528277.2358,4565928.364,554
"47","U5","2.3","Terreno di riporto.","T","1","Rampino","25",528277.2358,4565928.364,554
"48","U5","2.35","Terreno di riporto.","T","1","Rampino","25",528277.2358,4565928.364,554
"49","U5","2.4","Terreno di riporto.","T","1","Rampino","25",528277.2358,4565928.364,554
"50","U5","2.45","Terreno di riporto.","T","1","Rampino","25",528277.2358,4565928.364,554
"51","U5","2.5","Terreno di riporto.","T","1","Rampino","25",528277.2358,4565928.364,554
"52","U5","2.55","Terreno di riporto.","T","1","Rampino","25",528277.2358,4565928.364,554
"53","U5","2.6","Terreno di riporto.","T","1","Rampino","25",528277.2358,4565928.364,554
"54","U5","2.65","Terreno di riporto.","T","1","Rampino","25",528277.2358,4565928.364,554
"55","U5","2.7","Terreno di riporto.","T","1","Rampino","25",528277.2358,4565928.364,554
"56","U5","2.75","Terreno di riporto.","T","1","Rampino","25",528277.2358,4565928.364,554
"57","U5","2.8","Terreno di riporto.","T","1","Rampino","25",528277.2358,4565928.364,554
"58","U5","2.85","Terreno di riporto.","T","1","Rampino","25",528277.2358,4565928.364,554
"59","U5","2.9","Terreno di riporto.","T","1","Rampino","25",528277.2358,4565928.364,554
"60","U5","2.95","Terreno di riporto.","T","1","Rampino","25",528277.2358,4565928.364,554
"61","U5","3","Terreno di riporto.","T","1","Rampino","25",528277.2358,4565928.364,554
"62","U5","3.05","Argilla sabbiosa alternata a strati calcarenitici","2b","1","Rampino","25",528277.2358,4565928.364,554
"63","U5","3.1","Argilla sabbiosa alternata a strati calcarenitici","2b","1","Rampino","25",528277.2358,4565928.364,554
"64","U5","3.15","Argilla sabbiosa alternata a strati calcarenitici","2b","1","Rampino","25",528277.2358,4565928.364,554
"65","U5","3.2","Argilla sabbiosa alternata a strati calcarenitici","2b","1","Rampino","25",528277.2358,4565928.364,554
"66","U5","3.25","Argilla sabbiosa alternata a strati calcarenitici","2b","1","Rampino","25",528277.2358,4565928.364,554
"67","U5","3.3","Argilla sabbiosa alternata a strati calcarenitici","2b","1","Rampino","25",528277.2358,4565928.364,554
"68","U5","3.35","Argilla sabbiosa alternata a strati calcarenitici","2b","1","Rampino","25",528277.2358,4565928.364,554
"69","U5","3.4","Argilla sabbiosa alternata a strati calcarenitici","2b","1","Rampino","25",528277.2358,4565928.364,554
"70","U5","3.45","Argilla sabbiosa alternata a strati calcarenitici","2b","1","Rampino","25",528277.2358,4565928.364,554
"71","U5","3.5","Argilla sabbiosa alternata a strati calcarenitici","2b","1","Rampino","25",528277.2358,4565928.364,554
"72","U5","3.55","Argilla sabbiosa alternata a strati calcarenitici","2b","1","Rampino","25",528277.2358,4565928.364,554
"73","U5","3.6","Argilla sabbiosa alternata a strati calcarenitici","2b","1","Rampino","25",528277.2358,4565928.364,554
"74","U5","3.65","Argilla sabbiosa alternata a strati calcarenitici","2b","1","Rampino","25",528277.2358,4565928.364,554
"75","U5","3.7","Argilla sabbiosa alternata a strati calcarenitici","2b","1","Rampino","25",528277.2358,4565928.364,554
"76","U5","3.75","Argilla sabbiosa alternata a strati calcarenitici","2b","1","Rampino","25",528277.2358,4565928.364,554
"77","U5","3.8","Argilla sabbiosa alternata a strati calcarenitici","2b","1","Rampino","25",528277.2358,4565928.364,554
"78","U5","3.85","Argilla sabbiosa alternata a strati calcarenitici","2b","1","Rampino","25",528277.2358,4565928.364,554
"79","U5","3.9","Argilla sabbiosa alternata a strati calcarenitici","2b","1","Rampino","25",528277.2358,4565928.364,554
"80","U5","3.95","Argilla sabbiosa alternata a strati calcarenitici","2b","1","Rampino","25",528277.2358,4565928.364,554
"81","U5","4","Argilla sabbiosa alternata a strati calcarenitici","2b","1","Rampino","25",528277.2358,4565928.364,554
"82","U5","4.05","Argilla sabbiosa alternata a strati calcarenitici","2b","1","Rampino","25",528277.2358,4565928.364,554
"83","U5","4.1","Argilla sabbiosa alternata a strati calcarenitici","2b","1","Rampino","25",528277.2358,4565928.364,554
"84","U5","4.15","Argilla sabbiosa alternata a strati calcarenitici","2b","1","Rampino","25",528277.2358,4565928.364,554
"85","U5","4.2","Argilla sabbiosa alternata a strati calcarenitici","2b","1","Rampino","25",528277.2358,4565928.364,554
"86","U5","4.25","Argilla sabbiosa alternata a strati calcarenitici","2b","1","Rampino","25",528277.2358,4565928.364,554
"87","U5","4.3","Argilla sabbiosa alternata a strati calcarenitici","2b","1","Rampino","25",528277.2358,4565928.364,554
"88","U5","4.35","Argilla sabbiosa alternata a strati calcarenitici","2b","1","Rampino","25",528277.2358,4565928.364,554
"89","U5","4.4","Argilla sabbiosa alternata a strati calcarenitici","2b","1","Rampino","25",528277.2358,4565928.364,554
"90","U5","4.45","Argilla sabbiosa alternata a strati calcarenitici","2b","1","Rampino","25",528277.2358,4565928.364,554
"91","U5","4.5","Argilla sabbiosa alternata a strati calcarenitici","2b","1","Rampino","25",528277.2358,4565928.364,554
"92","U5","4.55","Argilla sabbiosa alternata a strati calcarenitici","2b","1","Rampino","25",528277.2358,4565928.364,554
"93","U5","4.6","Argilla sabbiosa alternata a strati calcarenitici","2b","1","Rampino","25",528277.2358,4565928.364,554
"94","U5","4.65","Argilla sabbiosa alternata a strati calcarenitici","2b","1","Rampino","25",528277.2358,4565928.364,554
"95","U5","4.7","Argilla sabbiosa alternata a strati calcarenitici","2b","1","Rampino","25",528277.2358,4565928.364,554
"96","U5","4.75","Argilla sabbiosa alternata a strati calcarenitici","2b","1","Rampino","25",528277.2358,4565928.364,554
"97","U5","4.8","Argilla sabbiosa alternata a strati calcarenitici","2b","1","Rampino","25",528277.2358,4565928.364,554
"98","U5","4.85","Argilla sabbiosa alternata a strati calcarenitici","2b","1","Rampino","25",528277.2358,4565928.364,554
"99","U5","4.9","Argilla sabbiosa alternata a strati calcarenitici","2b","1","Rampino","25",528277.2358,4565928.364,554
"100","U5","4.95","Argilla sabbiosa alternata a strati calcarenitici","2b","1","Rampino","25",528277.2358,4565928.364,554
"101","U5","5","Argilla sabbiosa alternata a strati calcarenitici","2b","1","Rampino","25",528277.2358,4565928.364,554
"102","U5","5.05","Argilla sabbiosa alternata a strati calcarenitici","2b","1","Rampino","25",528277.2358,4565928.364,554
"103","U5","5.1","Argilla sabbiosa alternata a strati calcarenitici","2b","1","Rampino","25",528277.2358,4565928.364,554
"104","U5","5.15","Argilla sabbiosa alternata a strati calcarenitici","2b","1","Rampino","25",528277.2358,4565928.364,554
"105","U5","5.2","Argilla sabbiosa alternata a strati calcarenitici","2b","1","Rampino","25",528277.2358,4565928.364,554
"106","U5","5.25","Argilla sabbiosa alternata a strati calcarenitici","2b","1","Rampino","25",528277.2358,4565928.364,554
"107","U5","5.3","Argilla sabbiosa alternata a strati calcarenitici","2b","1","Rampino","25",528277.2358,4565928.364,554
"108","U5","5.35","Argilla sabbiosa alternata a strati calcarenitici","2b","1","Rampino","25",528277.2358,4565928.364,554
"109","U5","5.4","Argilla sabbiosa alternata a strati calcarenitici","2b","1","Rampino","25",528277.2358,4565928.364,554
"110","U5","5.45","Argilla sabbiosa alternata a strati calcarenitici","2b","1","Rampino","25",528277.2358,4565928.364,554
"111","U5","5.5","Argilla sabbiosa alternata a strati calcarenitici","2b","1","Rampino","25",528277.2358,4565928.364,554
"112","U5","5.55","Argilla sabbiosa alternata a strati calcarenitici","2b","1","Rampino","25",528277.2358,4565928.364,554
"113","U5","5.6","Argilla sabbiosa alternata a strati calcarenitici","2b","1","Rampino","25",528277.2358,4565928.364,554
"114","U5","5.65","Argilla sabbiosa alternata a strati calcarenitici","2b","1","Rampino","25",528277.2358,4565928.364,554
"115","U5","5.7","Argilla sabbiosa alternata a strati calcarenitici","2b","1","Rampino","25",528277.2358,4565928.364,554
"116","U5","5.75","Argilla sabbiosa alternata a strati calcarenitici","2b","1","Rampino","25",528277.2358,4565928.364,554
"117","U5","5.8","Argilla sabbiosa alternata a strati calcarenitici","2b","1","Rampino","25",528277.2358,4565928.364,554
"118","U5","5.85","Argilla sabbiosa alternata a strati calcarenitici","2b","1","Rampino","25",528277.2358,4565928.364,554
"119","U5","5.9","Argilla sabbiosa alternata a strati calcarenitici","2b","1","Rampino","25",528277.2358,4565928.364,554
"120","U5","5.95","Argilla sabbiosa alternata a strati calcarenitici","2b","1","Rampino","25",528277.2358,4565928.364,554
"121","U5","6","Argilla sabbiosa alternata a strati calcarenitici","2b","1","Rampino","25",528277.2358,4565928.364,554
"122","U5","6.05","Argilla sabbiosa alternata a strati calcarenitici","2b","1","Rampino","25",528277.2358,4565928.364,554
"123","U5","6.1","Argilla sabbiosa alternata a strati calcarenitici","2b","1","Rampino","25",528277.2358,4565928.364,554
"124","U5","6.15","Argilla sabbiosa alternata a strati calcarenitici","2b","1","Rampino","25",528277.2358,4565928.364,554
"125","U5","6.2","Argilla sabbiosa alternata a strati calcarenitici","2b","1","Rampino","25",528277.2358,4565928.364,554
"126","U5","6.25","Argilla sabbiosa alternata a strati calcarenitici","2b","1","Rampino","25",528277.2358,4565928.364,554
"127","U5","6.3","Argilla sabbiosa alternata a strati calcarenitici","2b","1","Rampino","25",528277.2358,4565928.364,554
"128","U5","6.35","Argilla sabbiosa alternata a strati calcarenitici","2b","1","Rampino","25",528277.2358,4565928.364,554
"129","U5","6.4","Argilla sabbiosa alternata a strati calcarenitici","2b","1","Rampino","25",528277.2358,4565928.364,554
"130","U5","6.45","Argilla sabbiosa alternata a strati calcarenitici","2b","1","Rampino","25",528277.2358,4565928.364,554
"131","U5","6.5","Argilla sabbiosa alternata a strati calcarenitici","2b","1","Rampino","25",528277.2358,4565928.364,554
"132","U5","6.55","Argilla sabbiosa alternata a strati calcarenitici","2b","1","Rampino","25",528277.2358,4565928.364,554
"133","U5","6.6","Argilla sabbiosa alternata a strati calcarenitici","2b","1","Rampino","25",528277.2358,4565928.364,554
"134","U5","6.65","Argilla sabbiosa alternata a strati calcarenitici","2b","1","Rampino","25",528277.2358,4565928.364,554
"135","U5","6.7","Argilla sabbiosa alternata a strati calcarenitici","2b","1","Rampino","25",528277.2358,4565928.364,554
"136","U5","6.75","Argilla sabbiosa alternata a strati calcarenitici","2b","1","Rampino","25",528277.2358,4565928.364,554
"137","U5","6.8","Argilla sabbiosa alternata a strati calcarenitici","2b","1","Rampino","25",528277.2358,4565928.364,554
"138","U5","6.85","Argilla sabbiosa alternata a strati calcarenitici","2b","1","Rampino","25",528277.2358,4565928.364,554
"139","U5","6.9","Argilla sabbiosa alternata a strati calcarenitici","2b","1","Rampino","25",528277.2358,4565928.364,554
"140","U5","6.95","Argilla sabbiosa alternata a strati calcarenitici","2b","1","Rampino","25",528277.2358,4565928.364,554
"141","U5","7","Argilla sabbiosa alternata a strati calcarenitici","2b","1","Rampino","25",528277.2358,4565928.364,554
"142","U5","7.05","Argilla sabbiosa alternata a strati calcarenitici","2b","1","Rampino","25",528277.2358,4565928.364,554
"143","U5","7.1","Argilla sabbiosa alternata a strati calcarenitici","2b","1","Rampino","25",528277.2358,4565928.364,554
"144","U5","7.15","Argilla sabbiosa alternata a strati calcarenitici","2b","1","Rampino","25",528277.2358,4565928.364,554
"145","U5","7.2","Argilla sabbiosa alternata a strati calcarenitici","2b","1","Rampino","25",528277.2358,4565928.364,554
"146","U5","7.25","Argilla sabbiosa alternata a strati calcarenitici","2b","1","Rampino","25",528277.2358,4565928.364,554
"147","U5","7.3","Argilla sabbiosa alternata a strati calcarenitici","2b","1","Rampino","25",528277.2358,4565928.364,554
"148","U5","7.35","Argilla sabbiosa alternata a strati calcarenitici","2b","1","Rampino","25",528277.2358,4565928.364,554
"149","U5","7.4","Argilla sabbiosa alternata a strati calcarenitici","2b","1","Rampino","25",528277.2358,4565928.364,554
"150","U5","7.45","Argilla sabbiosa alternata a strati calcarenitici","2b","1","Rampino","25",528277.2358,4565928.364,554
"151","U5","7.5","Argilla sabbiosa alternata a strati calcarenitici","2b","1","Rampino","25",528277.2358,4565928.364,554
"152","U5","7.55","Argilla sabbiosa alternata a strati calcarenitici","2b","1","Rampino","25",528277.2358,4565928.364,554
"153","U5","7.6","Argilla sabbiosa alternata a strati calcarenitici","2b","1","Rampino","25",528277.2358,4565928.364,554
"154","U5","7.65","Argilla sabbiosa alternata a strati calcarenitici","2b","1","Rampino","25",528277.2358,4565928.364,554
"155","U5","7.7","Argilla sabbiosa alternata a strati calcarenitici","2b","1","Rampino","25",528277.2358,4565928.364,554
"156","U5","7.75","Argilla sabbiosa alternata a strati calcarenitici","2b","1","Rampino","25",528277.2358,4565928.364,554
"157","U5","7.8","Argilla sabbiosa alternata a strati calcarenitici","2b","1","Rampino","25",528277.2358,4565928.364,554
"158","U5","7.85","Argilla sabbiosa alternata a strati calcarenitici","2b","1","Rampino","25",528277.2358,4565928.364,554
"159","U5","7.9","Argilla sabbiosa alternata a strati calcarenitici","2b","1","Rampino","25",528277.2358,4565928.364,554
"160","U5","7.95","Argilla sabbiosa alternata a strati calcarenitici","2b","1","Rampino","25",528277.2358,4565928.364,554
"161","U5","8","Argilla sabbiosa alternata a strati calcarenitici","2b","1","Rampino","25",528277.2358,4565928.364,554
"162","U5","8.05","Argilla sabbiosa alternata a strati calcarenitici","2b","1","Rampino","25",528277.2358,4565928.364,554
"163","U5","8.1","Argilla sabbiosa alternata a strati calcarenitici","2b","1","Rampino","25",528277.2358,4565928.364,554
"164","U5","8.15","Argilla sabbiosa alternata a strati calcarenitici","2b","1","Rampino","25",528277.2358,4565928.364,554
"165","U5","8.2","Argilla sabbiosa alternata a strati calcarenitici","2b","1","Rampino","25",528277.2358,4565928.364,554
"166","U5","8.25","Argilla sabbiosa alternata a strati calcarenitici","2b","1","Rampino","25",528277.2358,4565928.364,554
"167","U5","8.3","Argilla sabbiosa alternata a strati calcarenitici","2b","1","Rampino","25",528277.2358,4565928.364,554
"168","U5","8.35","Argilla sabbiosa alternata a strati calcarenitici","2b","1","Rampino","25",528277.2358,4565928.364,554
"169","U5","8.4","Argilla sabbiosa alternata a strati calcarenitici","2b","1","Rampino","25",528277.2358,4565928.364,554
"170","U5","8.45","Argilla sabbiosa alternata a strati calcarenitici","2b","1","Rampino","25",528277.2358,4565928.364,554
"171","U5","8.5","Argilla sabbiosa alternata a strati calcarenitici","2b","1","Rampino","25",528277.2358,4565928.364,554
"172","U5","8.55","Argilla sabbiosa alternata a strati calcarenitici","2b","1","Rampino","25",528277.2358,4565928.364,554
"173","U5","8.6","Argilla sabbiosa alternata a strati calcarenitici","2b","1","Rampino","25",528277.2358,4565928.364,554
"174","U5","8.65","Argilla sabbiosa alternata a strati calcarenitici","2b","1","Rampino","25",528277.2358,4565928.364,554
"175","U5","8.7","Argilla sabbiosa alternata a strati calcarenitici","2b","1","Rampino","25",528277.2358,4565928.364,554
"176","U5","8.75","Argilla sabbiosa alternata a strati calcarenitici","2b","1","Rampino","25",528277.2358,4565928.364,554
"177","U5","8.8","Argilla sabbiosa alternata a strati calcarenitici","2b","1","Rampino","25",528277.2358,4565928.364,554
"178","U5","8.85","Argilla sabbiosa alternata a strati calcarenitici","2b","1","Rampino","25",528277.2358,4565928.364,554
"179","U5","8.9","Argilla sabbiosa alternata a strati calcarenitici","2b","1","Rampino","25",528277.2358,4565928.364,554
"180","U5","8.95","Argilla sabbiosa alternata a strati calcarenitici","2b","1","Rampino","25",528277.2358,4565928.364,554
"181","U5","9","Argilla sabbiosa alternata a strati calcarenitici","2b","1","Rampino","25",528277.2358,4565928.364,554
"182","U5","9.05","Argilla sabbiosa alternata a strati calcarenitici","2b","1","Rampino","25",528277.2358,4565928.364,554
"183","U5","9.1","Argilla sabbiosa alternata a strati calcarenitici","2b","1","Rampino","25",528277.2358,4565928.364,554
"184","U5","9.15","Argilla sabbiosa alternata a strati calcarenitici","2b","1","Rampino","25",528277.2358,4565928.364,554
"185","U5","9.2","Argilla sabbiosa alternata a strati calcarenitici","2b","1","Rampino","25",528277.2358,4565928.364,554
"186","U5","9.25","Argilla sabbiosa alternata a strati calcarenitici","2b","1","Rampino","25",528277.2358,4565928.364,554
"187","U5","9.3","Argilla sabbiosa alternata a strati calcarenitici","2b","1","Rampino","25",528277.2358,4565928.364,554
"188","U5","9.35","Argilla sabbiosa alternata a strati calcarenitici","2b","1","Rampino","25",528277.2358,4565928.364,554
"189","U5","9.4","Argilla sabbiosa alternata a strati calcarenitici","2b","1","Rampino","25",528277.2358,4565928.364,554
"190","U5","9.45","Argilla sabbiosa alternata a strati calcarenitici","2b","1","Rampino","25",528277.2358,4565928.364,554
"191","U5","9.5","Argilla sabbiosa alternata a strati calcarenitici","2b","1","Rampino","25",528277.2358,4565928.364,554
"192","U5","9.55","Argilla sabbiosa alternata a strati calcarenitici","2b","1","Rampino","25",528277.2358,4565928.364,554
"193","U5","9.6","Argilla sabbiosa alternata a strati calcarenitici","2b","1","Rampino","25",528277.2358,4565928.364,554
"194","U5","9.65","Argilla sabbiosa alternata a strati calcarenitici","2b","1","Rampino","25",528277.2358,4565928.364,554
"195","U5","9.7","Argilla sabbiosa alternata a strati calcarenitici","2b","1","Rampino","25",528277.2358,4565928.364,554
"196","U5","9.75","Argilla sabbiosa alternata a strati calcarenitici","2b","1","Rampino","25",528277.2358,4565928.364,554
"197","U5","9.8","Argilla sabbiosa alternata a strati calcarenitici","2b","1","Rampino","25",528277.2358,4565928.364,554
"198","U5","9.85","Argilla sabbiosa alternata a strati calcarenitici","2b","1","Rampino","25",528277.2358,4565928.364,554
"199","U5","9.9","Argilla sabbiosa alternata a strati calcarenitici","2b","1","Rampino","25",528277.2358,4565928.364,554
"200","U5","9.95","Argilla sabbiosa alternata a strati calcarenitici","2b","1","Rampino","25",528277.2358,4565928.364,554
"201","U5","10","Argilla sabbiosa alternata a strati calcarenitici","2b","1","Rampino","25",528277.2358,4565928.364,554
"202","U5","10.05","Argilla sabbiosa alternata a strati calcarenitici","2b","1","Rampino","25",528277.2358,4565928.364,554
"203","U5","10.1","Argilla sabbiosa alternata a strati calcarenitici","2b","1","Rampino","25",528277.2358,4565928.364,554
"204","U5","10.15","Argilla sabbiosa alternata a strati calcarenitici","2b","1","Rampino","25",528277.2358,4565928.364,554
"205","U5","10.2","Argilla sabbiosa alternata a strati calcarenitici","2b","1","Rampino","25",528277.2358,4565928.364,554
"206","U5","10.25","Argilla sabbiosa alternata a strati calcarenitici","2b","1","Rampino","25",528277.2358,4565928.364,554
"207","U5","10.3","Argilla sabbiosa alternata a strati calcarenitici","2b","1","Rampino","25",528277.2358,4565928.364,554
"208","U5","10.35","Argilla sabbiosa alternata a strati calcarenitici","2b","1","Rampino","25",528277.2358,4565928.364,554
"209","U5","10.4","Argilla sabbiosa alternata a strati calcarenitici","2b","1","Rampino","25",528277.2358,4565928.364,554
"210","U5","10.45","Argilla sabbiosa alternata a strati calcarenitici","2b","1","Rampino","25",528277.2358,4565928.364,554
"211","U5","10.5","Argilla sabbiosa alternata a strati calcarenitici","2b","1","Rampino","25",528277.2358,4565928.364,554
"212","U5","10.55","Argilla sabbiosa alternata a strati calcarenitici","2b","1","Rampino","25",528277.2358,4565928.364,554
"213","U5","10.6","Argilla sabbiosa alternata a strati calcarenitici","2b","1","Rampino","25",528277.2358,4565928.364,554
"214","U5","10.65","Argilla sabbiosa alternata a strati calcarenitici","2b","1","Rampino","25",528277.2358,4565928.364,554
"215","U5","10.7","Argilla sabbiosa alternata a strati calcarenitici","2b","1","Rampino","25",528277.2358,4565928.364,554
"216","U5","10.75","Argilla sabbiosa alternata a strati calcarenitici","2b","1","Rampino","25",528277.2358,4565928.364,554
"217","U5","10.8","Argilla sabbiosa alternata a strati calcarenitici","2b","1","Rampino","25",528277.2358,4565928.364,554
"218","U5","10.85","Argilla sabbiosa alternata a strati calcarenitici","2b","1","Rampino","25",528277.2358,4565928.364,554
"219","U5","10.9","Argilla sabbiosa alternata a strati calcarenitici","2b","1","Rampino","25",528277.2358,4565928.364,554
"220","U5","10.95","Argilla sabbiosa alternata a strati calcarenitici","2b","1","Rampino","25",528277.2358,4565928.364,554
"221","U5","11","Argilla sabbiosa alternata a strati calcarenitici","2b","1","Rampino","25",528277.2358,4565928.364,554
"222","U5","11.05","Argilla sabbiosa alternata a strati calcarenitici","2b","1","Rampino","25",528277.2358,4565928.364,554
"223","U5","11.1","Argilla sabbiosa alternata a strati calcarenitici","2b","1","Rampino","25",528277.2358,4565928.364,554
"224","U5","11.15","Argilla sabbiosa alternata a strati calcarenitici","2b","1","Rampino","25",528277.2358,4565928.364,554
"225","U5","11.2","Argilla sabbiosa alternata a strati calcarenitici","2b","1","Rampino","25",528277.2358,4565928.364,554
"226","U5","11.25","Argilla sabbiosa alternata a strati calcarenitici","2b","1","Rampino","25",528277.2358,4565928.364,554
"227","U5","11.3","Argilla sabbiosa alternata a strati calcarenitici","2b","1","Rampino","25",528277.2358,4565928.364,554
"228","U5","11.35","Argilla sabbiosa alternata a strati calcarenitici","2b","1","Rampino","25",528277.2358,4565928.364,554
"229","U5","11.4","Argilla sabbiosa alternata a strati calcarenitici","2b","1","Rampino","25",528277.2358,4565928.364,554
"230","U5","11.45","Argilla sabbiosa alternata a strati calcarenitici","2b","1","Rampino","25",528277.2358,4565928.364,554
"231","U5","11.5","Argilla sabbiosa alternata a strati calcarenitici","2b","1","Rampino","25",528277.2358,4565928.364,554
"232","U5","11.55","Argilla sabbiosa alternata a strati calcarenitici","2b","1","Rampino","25",528277.2358,4565928.364,554
"233","U5","11.6","Argilla sabbiosa alternata a strati calcarenitici","2b","1","Rampino","25",528277.2358,4565928.364,554
"234","U5","11.65","Argilla sabbiosa alternata a strati calcarenitici","2b","1","Rampino","25",528277.2358,4565928.364,554
"235","U5","11.7","Argilla sabbiosa alternata a strati calcarenitici","2b","1","Rampino","25",528277.2358,4565928.364,554
"236","U5","11.75","Argilla sabbiosa alternata a strati calcarenitici","2b","1","Rampino","25",528277.2358,4565928.364,554
"237","U5","11.8","Argilla sabbiosa alternata a strati calcarenitici","2b","1","Rampino","25",528277.2358,4565928.364,554
"238","U5","11.85","Argilla sabbiosa alternata a strati calcarenitici","2b","1","Rampino","25",528277.2358,4565928.364,554
"239","U5","11.9","Argilla sabbiosa alternata a strati calcarenitici","2b","1","Rampino","25",528277.2358,4565928.364,554
"240","U5","11.95","Argilla sabbiosa alternata a strati calcarenitici","2b","1","Rampino","25",528277.2358,4565928.364,554
"241","U5","12","Argilla sabbiosa alternata a strati calcarenitici","2b","1","Rampino","25",528277.2358,4565928.364,554
"242","U5","12.05","Argilla sabbiosa alternata a strati calcarenitici","2b","1","Rampino","25",528277.2358,4565928.364,554
"243","U5","12.1","Argilla sabbiosa alternata a strati calcarenitici","2b","1","Rampino","25",528277.2358,4565928.364,554
"244","U5","12.15","Argilla sabbiosa alternata a strati calcarenitici","2b","1","Rampino","25",528277.2358,4565928.364,554
"245","U5","12.2","Argilla sabbiosa alternata a strati calcarenitici","2b","1","Rampino","25",528277.2358,4565928.364,554
"246","U5","12.25","Argilla sabbiosa alternata a strati calcarenitici","2b","1","Rampino","25",528277.2358,4565928.364,554
"247","U5","12.3","Argilla sabbiosa alternata a strati calcarenitici","2b","1","Rampino","25",528277.2358,4565928.364,554
"248","U5","12.35","Argilla sabbiosa alternata a strati calcarenitici","2b","1","Rampino","25",528277.2358,4565928.364,554
"249","U5","12.4","Argilla sabbiosa alternata a strati calcarenitici","2b","1","Rampino","25",528277.2358,4565928.364,554
"250","U5","12.45","Argilla sabbiosa alternata a strati calcarenitici","2b","1","Rampino","25",528277.2358,4565928.364,554
"251","U5","12.5","Argilla sabbiosa alternata a strati calcarenitici","2b","1","Rampino","25",528277.2358,4565928.364,554
"252","U5","12.55","Argilla sabbiosa alternata a strati calcarenitici","2b","1","Rampino","25",528277.2358,4565928.364,554
"253","U5","12.6","Argilla sabbiosa alternata a strati calcarenitici","2b","1","Rampino","25",528277.2358,4565928.364,554
"254","U5","12.65","Argilla sabbiosa alternata a strati calcarenitici","2b","1","Rampino","25",528277.2358,4565928.364,554
"255","U5","12.7","Argilla sabbiosa alternata a strati calcarenitici","2b","1","Rampino","25",528277.2358,4565928.364,554
"256","U5","12.75","Argilla sabbiosa alternata a strati calcarenitici","2b","1","Rampino","25",528277.2358,4565928.364,554
"257","U5","12.8","Argilla sabbiosa alternata a strati calcarenitici","2b","1","Rampino","25",528277.2358,4565928.364,554
"258","U5","12.85","Argilla sabbiosa alternata a strati calcarenitici","2b","1","Rampino","25",528277.2358,4565928.364,554
"259","U5","12.9","Argilla sabbiosa alternata a strati calcarenitici","2b","1","Rampino","25",528277.2358,4565928.364,554
"260","U5","12.95","Argilla sabbiosa alternata a strati calcarenitici","2b","1","Rampino","25",528277.2358,4565928.364,554
"261","U5","13","Argilla sabbiosa alternata a strati calcarenitici","2b","1","Rampino","25",528277.2358,4565928.364,554
"262","U5","13.05","Argilla sabbiosa alternata a strati calcarenitici","2b","1","Rampino","25",528277.2358,4565928.364,554
"263","U5","13.1","Argilla sabbiosa alternata a strati calcarenitici","2b","1","Rampino","25",528277.2358,4565928.364,554
"264","U5","13.15","Argilla sabbiosa alternata a strati calcarenitici","2b","1","Rampino","25",528277.2358,4565928.364,554
"265","U5","13.2","Argilla sabbiosa alternata a strati calcarenitici","2b","1","Rampino","25",528277.2358,4565928.364,554
"266","U5","13.25","Argilla sabbiosa alternata a strati calcarenitici","2b","1","Rampino","25",528277.2358,4565928.364,554
"267","U5","13.3","Argilla sabbiosa alternata a strati calcarenitici","2b","1","Rampino","25",528277.2358,4565928.364,554
"268","U5","13.35","Argilla sabbiosa alternata a strati calcarenitici","2b","1","Rampino","25",528277.2358,4565928.364,554
"269","U5","13.4","Argilla sabbiosa alternata a strati calcarenitici","2b","1","Rampino","25",528277.2358,4565928.364,554
"270","U5","13.45","Argilla sabbiosa alternata a strati calcarenitici","2b","1","Rampino","25",528277.2358,4565928.364,554
"271","U5","13.5","Argilla sabbiosa alternata a strati calcarenitici","2b","1","Rampino","25",528277.2358,4565928.364,554
"272","U5","13.55","Argilla sabbiosa alternata a strati calcarenitici","2b","1","Rampino","25",528277.2358,4565928.364,554
"273","U5","13.6","Argilla sabbiosa alternata a strati calcarenitici","2b","1","Rampino","25",528277.2358,4565928.364,554
"274","U5","13.65","Argilla sabbiosa alternata a strati calcarenitici","2b","1","Rampino","25",528277.2358,4565928.364,554
"275","U5","13.7","Argilla sabbiosa alternata a strati calcarenitici","2b","1","Rampino","25",528277.2358,4565928.364,554
"276","U5","13.75","Argilla sabbiosa alternata a strati calcarenitici","2b","1","Rampino","25",528277.2358,4565928.364,554
"277","U5","13.8","Argilla sabbiosa alternata a strati calcarenitici","2b","1","Rampino","25",528277.2358,4565928.364,554
"278","U5","13.85","Argilla sabbiosa alternata a strati calcarenitici","2b","1","Rampino","25",528277.2358,4565928.364,554
"279","U5","13.9","Argilla sabbiosa alternata a strati calcarenitici","2b","1","Rampino","25",528277.2358,4565928.364,554
"280","U5","13.95","Argilla sabbiosa alternata a strati calcarenitici","2b","1","Rampino","25",528277.2358,4565928.364,554
"281","U5","14","Argilla sabbiosa alternata a strati calcarenitici","2b","1","Rampino","25",528277.2358,4565928.364,554
"282","U5","14.05","Argilla sabbiosa alternata a strati calcarenitici","2b","1","Rampino","25",528277.2358,4565928.364,554
"283","U5","14.1","Argilla sabbiosa alternata a strati calcarenitici","2b","1","Rampino","25",528277.2358,4565928.364,554
"284","U5","14.15","Argilla sabbiosa alternata a strati calcarenitici","2b","1","Rampino","25",528277.2358,4565928.364,554
"285","U5","14.2","Argilla sabbiosa alternata a strati calcarenitici","2b","1","Rampino","25",528277.2358,4565928.364,554
"286","U5","14.25","Argilla sabbiosa alternata a strati calcarenitici","2b","1","Rampino","25",528277.2358,4565928.364,554
"287","U5","14.3","Argilla sabbiosa alternata a strati calcarenitici","2b","1","Rampino","25",528277.2358,4565928.364,554
"288","U5","14.35","Argilla sabbiosa alternata a strati calcarenitici","2b","1","Rampino","25",528277.2358,4565928.364,554
"289","U5","14.4","Argilla sabbiosa alternata a strati calcarenitici","2b","1","Rampino","25",528277.2358,4565928.364,554
"290","U5","14.45","Argilla sabbiosa alternata a strati calcarenitici","2b","1","Rampino","25",528277.2358,4565928.364,554
"291","U5","14.5","Argilla sabbiosa alternata a strati calcarenitici","2b","1","Rampino","25",528277.2358,4565928.364,554
"292","U5","14.55","Argilla sabbiosa alternata a strati calcarenitici","2b","1","Rampino","25",528277.2358,4565928.364,554
"293","U5","14.6","Argilla sabbiosa alternata a strati calcarenitici","2b","1","Rampino","25",528277.2358,4565928.364,554
"294","U5","14.65","Argilla sabbiosa alternata a strati calcarenitici","2b","1","Rampino","25",528277.2358,4565928.364,554
"295","U5","14.7","Argilla sabbiosa alternata a strati calcarenitici","2b","1","Rampino","25",528277.2358,4565928.364,554
"296","U5","14.75","Argilla sabbiosa alternata a strati calcarenitici","2b","1","Rampino","25",528277.2358,4565928.364,554
"297","U5","14.8","Argilla sabbiosa alternata a strati calcarenitici","2b","1","Rampino","25",528277.2358,4565928.364,554
"298","U5","14.85","Argilla sabbiosa alternata a strati calcarenitici","2b","1","Rampino","25",528277.2358,4565928.364,554
"299","U5","14.9","Argilla sabbiosa alternata a strati calcarenitici","2b","1","Rampino","25",528277.2358,4565928.364,554
"300","U5","14.95","Argilla sabbiosa alternata a strati calcarenitici","2b","1","Rampino","25",528277.2358,4565928.364,554
"301","U5","15","Argilla sabbiosa alternata a strati calcarenitici","2b","1","Rampino","25",528277.2358,4565928.364,554
"302","U5","15.05","Argilla sabbiosa alternata a strati calcarenitici","2b","1","Rampino","25",528277.2358,4565928.364,554
"303","U5","15.1","Argilla sabbiosa alternata a strati calcarenitici","2b","1","Rampino","25",528277.2358,4565928.364,554
"304","U5","15.15","Argilla sabbiosa alternata a strati calcarenitici","2b","1","Rampino","25",528277.2358,4565928.364,554
"305","U5","15.2","Argilla sabbiosa alternata a strati calcarenitici","2b","1","Rampino","25",528277.2358,4565928.364,554
"306","U5","15.25","Argilla sabbiosa alternata a strati calcarenitici","2b","1","Rampino","25",528277.2358,4565928.364,554
"307","U5","15.3","Argilla sabbiosa alternata a strati calcarenitici","2b","1","Rampino","25",528277.2358,4565928.364,554
"308","U5","15.35","Argilla sabbiosa alternata a strati calcarenitici","2b","1","Rampino","25",528277.2358,4565928.364,554
"309","U5","15.4","Argilla sabbiosa alternata a strati calcarenitici","2b","1","Rampino","25",528277.2358,4565928.364,554
"310","U5","15.45","Argilla sabbiosa alternata a strati calcarenitici","2b","1","Rampino","25",528277.2358,4565928.364,554
"311","U5","15.5","Argilla sabbiosa alternata a strati calcarenitici","2b","1","Rampino","25",528277.2358,4565928.364,554
"312","U5","15.55","Argilla sabbiosa alternata a strati calcarenitici","2b","1","Rampino","25",528277.2358,4565928.364,554
"313","U5","15.6","Argilla sabbiosa alternata a strati calcarenitici","2b","1","Rampino","25",528277.2358,4565928.364,554
"314","U5","15.65","Argilla sabbiosa alternata a strati calcarenitici","2b","1","Rampino","25",528277.2358,4565928.364,554
"315","U5","15.7","Argilla sabbiosa alternata a strati calcarenitici","2b","1","Rampino","25",528277.2358,4565928.364,554
"316","U5","15.75","Argilla sabbiosa alternata a strati calcarenitici","2b","1","Rampino","25",528277.2358,4565928.364,554
"317","U5","15.8","Argilla sabbiosa alternata a strati calcarenitici","2b","1","Rampino","25",528277.2358,4565928.364,554
"318","U5","15.85","Argilla sabbiosa alternata a strati calcarenitici","2b","1","Rampino","25",528277.2358,4565928.364,554
"319","U5","15.9","Argilla sabbiosa alternata a strati calcarenitici","2b","1","Rampino","25",528277.2358,4565928.364,554
"320","U5","15.95","Argilla sabbiosa alternata a strati calcarenitici","2b","1","Rampino","25",528277.2358,4565928.364,554
"321","U5","16","Argilla sabbiosa alternata a strati calcarenitici","2b","1","Rampino","25",528277.2358,4565928.364,554
"322","U5","16.05","Argilla sabbiosa alternata a strati calcarenitici","2b","1","Rampino","25",528277.2358,4565928.364,554
"323","U5","16.1","Argilla sabbiosa alternata a strati calcarenitici","2b","1","Rampino","25",528277.2358,4565928.364,554
"324","U5","16.15","Argilla sabbiosa alternata a strati calcarenitici","2b","1","Rampino","25",528277.2358,4565928.364,554
"325","U5","16.2","Argilla sabbiosa alternata a strati calcarenitici","2b","1","Rampino","25",528277.2358,4565928.364,554
"326","U5","16.25","Argilla sabbiosa alternata a strati calcarenitici","2b","1","Rampino","25",528277.2358,4565928.364,554
"327","U5","16.3","Argilla sabbiosa alternata a strati calcarenitici","2b","1","Rampino","25",528277.2358,4565928.364,554
"328","U5","16.35","Argilla sabbiosa alternata a strati calcarenitici","2b","1","Rampino","25",528277.2358,4565928.364,554
"329","U5","16.4","Argilla sabbiosa alternata a strati calcarenitici","2b","1","Rampino","25",528277.2358,4565928.364,554
"330","U5","16.45","Argilla sabbiosa alternata a strati calcarenitici","2b","1","Rampino","25",528277.2358,4565928.364,554
"331","U5","16.5","Argilla sabbiosa alternata a strati calcarenitici","2b","1","Rampino","25",528277.2358,4565928.364,554
"332","U5","16.55","Argilla sabbiosa alternata a strati calcarenitici","2b","1","Rampino","25",528277.2358,4565928.364,554
"333","U5","16.6","Argilla sabbiosa alternata a strati calcarenitici","2b","1","Rampino","25",528277.2358,4565928.364,554
"334","U5","16.65","Argilla sabbiosa alternata a strati calcarenitici","2b","1","Rampino","25",528277.2358,4565928.364,554
"335","U5","16.7","Argilla sabbiosa alternata a strati calcarenitici","2b","1","Rampino","25",528277.2358,4565928.364,554
"336","U5","16.75","Argilla sabbiosa alternata a strati calcarenitici","2b","1","Rampino","25",528277.2358,4565928.364,554
"337","U5","16.8","Argilla sabbiosa alternata a strati calcarenitici","2b","1","Rampino","25",528277.2358,4565928.364,554
"338","U5","16.85","Argilla sabbiosa alternata a strati calcarenitici","2b","1","Rampino","25",528277.2358,4565928.364,554
"339","U5","16.9","Argilla sabbiosa alternata a strati calcarenitici","2b","1","Rampino","25",528277.2358,4565928.364,554
"340","U5","16.95","Argilla sabbiosa alternata a strati calcarenitici","2b","1","Rampino","25",528277.2358,4565928.364,554
"341","U5","17","Argilla sabbiosa alternata a strati calcarenitici","2b","1","Rampino","25",528277.2358,4565928.364,554
"342","U5","17.05","Argilla sabbiosa alternata a strati calcarenitici","2b","1","Rampino","25",528277.2358,4565928.364,554
"343","U5","17.1","Argilla sabbiosa alternata a strati calcarenitici","2b","1","Rampino","25",528277.2358,4565928.364,554
"344","U5","17.15","Argilla sabbiosa alternata a strati calcarenitici","2b","1","Rampino","25",528277.2358,4565928.364,554
"345","U5","17.2","Argilla sabbiosa alternata a strati calcarenitici","2b","1","Rampino","25",528277.2358,4565928.364,554
"346","U5","17.25","Argilla sabbiosa alternata a strati calcarenitici","2b","1","Rampino","25",528277.2358,4565928.364,554
"347","U5","17.3","Argilla sabbiosa alternata a strati calcarenitici","2b","1","Rampino","25",528277.2358,4565928.364,554
"348","U5","17.35","Argilla sabbiosa alternata a strati calcarenitici","2b","1","Rampino","25",528277.2358,4565928.364,554
"349","U5","17.4","Argilla sabbiosa alternata a strati calcarenitici","2b","1","Rampino","25",528277.2358,4565928.364,554
"350","U5","17.45","Argilla sabbiosa alternata a strati calcarenitici","2b","1","Rampino","25",528277.2358,4565928.364,554
"351","U5","17.5","Argilla sabbiosa alternata a strati calcarenitici","2b","1","Rampino","25",528277.2358,4565928.364,554
"352","U5","17.55","Argilla sabbiosa alternata a strati calcarenitici","2b","1","Rampino","25",528277.2358,4565928.364,554
"353","U5","17.6","Argilla sabbiosa alternata a strati calcarenitici","2b","1","Rampino","25",528277.2358,4565928.364,554
"354","U5","17.65","Argilla sabbiosa alternata a strati calcarenitici","2b","1","Rampino","25",528277.2358,4565928.364,554
"355","U5","17.7","Argilla sabbiosa alternata a strati calcarenitici","2b","1","Rampino","25",528277.2358,4565928.364,554
"356","U5","17.75","Argilla sabbiosa alternata a strati calcarenitici","2b","1","Rampino","25",528277.2358,4565928.364,554
"357","U5","17.8","Argilla sabbiosa alternata a strati calcarenitici","2b","1","Rampino","25",528277.2358,4565928.364,554
"358","U5","17.85","Argilla sabbiosa alternata a strati calcarenitici","2b","1","Rampino","25",528277.2358,4565928.364,554
"359","U5","17.9","Argilla sabbiosa alternata a strati calcarenitici","2b","1","Rampino","25",528277.2358,4565928.364,554
"360","U5","17.95","Argilla sabbiosa alternata a strati calcarenitici","2b","1","Rampino","25",528277.2358,4565928.364,554
"361","U5","18","Argilla sabbiosa alternata a strati calcarenitici","2b","1","Rampino","25",528277.2358,4565928.364,554
"362","U5","18.05","Argilla sabbiosa alternata a strati calcarenitici","2b","1","Rampino","25",528277.2358,4565928.364,554
"363","U5","18.1","Argilla sabbiosa alternata a strati calcarenitici","2b","1","Rampino","25",528277.2358,4565928.364,554
"364","U5","18.15","Argilla sabbiosa alternata a strati calcarenitici","2b","1","Rampino","25",528277.2358,4565928.364,554
"365","U5","18.2","Argilla sabbiosa alternata a strati calcarenitici","2b","1","Rampino","25",528277.2358,4565928.364,554
"366","U5","18.25","Argilla sabbiosa alternata a strati calcarenitici","2b","1","Rampino","25",528277.2358,4565928.364,554
"367","U5","18.3","Argilla sabbiosa alternata a strati calcarenitici","2b","1","Rampino","25",528277.2358,4565928.364,554
"368","U5","18.35","Argilla sabbiosa alternata a strati calcarenitici","2b","1","Rampino","25",528277.2358,4565928.364,554
"369","U5","18.4","Argilla sabbiosa alternata a strati calcarenitici","2b","1","Rampino","25",528277.2358,4565928.364,554
"370","U5","18.45","Argilla sabbiosa alternata a strati calcarenitici","2b","1","Rampino","25",528277.2358,4565928.364,554
"371","U5","18.5","Argilla sabbiosa alternata a strati calcarenitici","2b","1","Rampino","25",528277.2358,4565928.364,554
"372","U5","18.55","Argilla sabbiosa alternata a strati calcarenitici","2b","1","Rampino","25",528277.2358,4565928.364,554
"373","U5","18.6","Argilla sabbiosa alternata a strati calcarenitici","2b","1","Rampino","25",528277.2358,4565928.364,554
"374","U5","18.65","Argilla sabbiosa alternata a strati calcarenitici","2b","1","Rampino","25",528277.2358,4565928.364,554
"375","U5","18.7","Argilla sabbiosa alternata a strati calcarenitici","2b","1","Rampino","25",528277.2358,4565928.364,554
"376","U5","18.75","Argilla sabbiosa alternata a strati calcarenitici","2b","1","Rampino","25",528277.2358,4565928.364,554
"377","U5","18.8","Argilla sabbiosa alternata a strati calcarenitici","2b","1","Rampino","25",528277.2358,4565928.364,554
"378","U5","18.85","Argilla sabbiosa alternata a strati calcarenitici","2b","1","Rampino","25",528277.2358,4565928.364,554
"379","U5","18.9","Argilla sabbiosa alternata a strati calcarenitici","2b","1","Rampino","25",528277.2358,4565928.364,554
"380","U5","18.95","Argilla sabbiosa alternata a strati calcarenitici","2b","1","Rampino","25",528277.2358,4565928.364,554
"381","U5","19","Argilla sabbiosa alternata a strati calcarenitici","2b","1","Rampino","25",528277.2358,4565928.364,554
"382","U5","19.05","Argilla sabbiosa alternata a strati calcarenitici","2b","1","Rampino","25",528277.2358,4565928.364,554
"383","U5","19.1","Argilla sabbiosa alternata a strati calcarenitici","2b","1","Rampino","25",528277.2358,4565928.364,554
"384","U5","19.15","Argilla sabbiosa alternata a strati calcarenitici","2b","1","Rampino","25",528277.2358,4565928.364,554
"385","U5","19.2","Argilla sabbiosa alternata a strati calcarenitici","2b","1","Rampino","25",528277.2358,4565928.364,554
"386","U5","19.25","Argilla sabbiosa alternata a strati calcarenitici","2b","1","Rampino","25",528277.2358,4565928.364,554
"387","U5","19.3","Argilla sabbiosa alternata a strati calcarenitici","2b","1","Rampino","25",528277.2358,4565928.364,554
"388","U5","19.35","Argilla sabbiosa alternata a strati calcarenitici","2b","1","Rampino","25",528277.2358,4565928.364,554
"389","U5","19.4","Argilla sabbiosa alternata a strati calcarenitici","2b","1","Rampino","25",528277.2358,4565928.364,554
"390","U5","19.45","Argilla sabbiosa alternata a strati calcarenitici","2b","1","Rampino","25",528277.2358,4565928.364,554
"391","U5","19.5","Argilla sabbiosa alternata a strati calcarenitici","2b","1","Rampino","25",528277.2358,4565928.364,554
"392","U5","19.55","Argilla sabbiosa alternata a strati calcarenitici","2b","1","Rampino","25",528277.2358,4565928.364,554
"393","U5","19.6","Argilla sabbiosa alternata a strati calcarenitici","2b","1","Rampino","25",528277.2358,4565928.364,554
"394","U5","19.65","Argilla sabbiosa alternata a strati calcarenitici","2b","1","Rampino","25",528277.2358,4565928.364,554
"395","U5","19.7","Argilla sabbiosa alternata a strati calcarenitici","2b","1","Rampino","25",528277.2358,4565928.364,554
"396","U5","19.75","Argilla sabbiosa alternata a strati calcarenitici","2b","1","Rampino","25",528277.2358,4565928.364,554
"397","U5","19.8","Argilla sabbiosa alternata a strati calcarenitici","2b","1","Rampino","25",528277.2358,4565928.364,554
"398","U5","19.85","Argilla sabbiosa alternata a strati calcarenitici","2b","1","Rampino","25",528277.2358,4565928.364,554
"399","U5","19.9","Argilla sabbiosa alternata a strati calcarenitici","2b","1","Rampino","25",528277.2358,4565928.364,554
"400","U5","19.95","Argilla sabbiosa alternata a strati calcarenitici","2b","1","Rampino","25",528277.2358,4565928.364,554
"401","U5","20","Argilla sabbiosa alternata a strati calcarenitici","2b","1","Rampino","25",528277.2358,4565928.364,554
"402","U5","20.05","Argilla sabbiosa alternata a strati calcarenitici","2b","1","Rampino","25",528277.2358,4565928.364,554
"403","U5","20.1","Argilla sabbiosa alternata a strati calcarenitici","2b","1","Rampino","25",528277.2358,4565928.364,554
"404","U5","20.15","Argilla sabbiosa alternata a strati calcarenitici","2b","1","Rampino","25",528277.2358,4565928.364,554
"405","U5","20.2","Argilla sabbiosa alternata a strati calcarenitici","2b","1","Rampino","25",528277.2358,4565928.364,554
"406","U5","20.25","Argilla sabbiosa alternata a strati calcarenitici","2b","1","Rampino","25",528277.2358,4565928.364,554
"407","U5","20.3","Argilla sabbiosa alternata a strati calcarenitici","2b","1","Rampino","25",528277.2358,4565928.364,554
"408","U5","20.35","Argilla sabbiosa alternata a strati calcarenitici","2b","1","Rampino","25",528277.2358,4565928.364,554
"409","U5","20.4","Argilla sabbiosa alternata a strati calcarenitici","2b","1","Rampino","25",528277.2358,4565928.364,554
"410","U5","20.45","Argilla sabbiosa alternata a strati calcarenitici","2b","1","Rampino","25",528277.2358,4565928.364,554
"411","U5","20.5","Argilla sabbiosa alternata a strati calcarenitici","2b","1","Rampino","25",528277.2358,4565928.364,554
"412","U5","20.55","Argilla sabbiosa alternata a strati calcarenitici","2b","1","Rampino","25",528277.2358,4565928.364,554
"413","U5","20.6","Argilla sabbiosa alternata a strati calcarenitici","2b","1","Rampino","25",528277.2358,4565928.364,554
"414","U5","20.65","Argilla sabbiosa alternata a strati calcarenitici","2b","1","Rampino","25",528277.2358,4565928.364,554
"415","U5","20.7","Argilla sabbiosa alternata a strati calcarenitici","2b","1","Rampino","25",528277.2358,4565928.364,554
"416","U5","20.75","Argilla sabbiosa alternata a strati calcarenitici","2b","1","Rampino","25",528277.2358,4565928.364,554
"417","U5","20.8","Argilla sabbiosa alternata a strati calcarenitici","2b","1","Rampino","25",528277.2358,4565928.364,554
"418","U5","20.85","Argilla sabbiosa alternata a strati calcarenitici","2b","1","Rampino","25",528277.2358,4565928.364,554
"419","U5","20.9","Argilla sabbiosa alternata a strati calcarenitici","2b","1","Rampino","25",528277.2358,4565928.364,554
"420","U5","20.95","Argilla sabbiosa alternata a strati calcarenitici","2b","1","Rampino","25",528277.2358,4565928.364,554
"421","U5","21","Argilla sabbiosa alternata a strati calcarenitici","2b","1","Rampino","25",528277.2358,4565928.364,554
"422","U5","21.05","Argilla sabbiosa alternata a strati calcarenitici","2b","1","Rampino","25",528277.2358,4565928.364,554
"423","U5","21.1","Argilla sabbiosa alternata a strati calcarenitici","2b","1","Rampino","25",528277.2358,4565928.364,554
"424","U5","21.15","Argilla sabbiosa alternata a strati calcarenitici","2b","1","Rampino","25",528277.2358,4565928.364,554
"425","U5","21.2","Argilla sabbiosa alternata a strati calcarenitici","2b","1","Rampino","25",528277.2358,4565928.364,554
"426","U5","21.25","Argilla sabbiosa alternata a strati calcarenitici","2b","1","Rampino","25",528277.2358,4565928.364,554
"427","U5","21.3","Argilla sabbiosa alternata a strati calcarenitici","2b","1","Rampino","25",528277.2358,4565928.364,554
"428","U5","21.35","Argilla sabbiosa alternata a strati calcarenitici","2b","1","Rampino","25",528277.2358,4565928.364,554
"429","U5","21.4","Argilla sabbiosa alternata a strati calcarenitici","2b","1","Rampino","25",528277.2358,4565928.364,554
"430","U5","21.45","Argilla sabbiosa alternata a strati calcarenitici","2b","1","Rampino","25",528277.2358,4565928.364,554
"431","U5","21.5","Argilla sabbiosa alternata a strati calcarenitici","2b","1","Rampino","25",528277.2358,4565928.364,554
"432","U5","21.55","Argilla sabbiosa alternata a strati calcarenitici","2b","1","Rampino","25",528277.2358,4565928.364,554
"433","U5","21.6","Argilla sabbiosa alternata a strati calcarenitici","2b","1","Rampino","25",528277.2358,4565928.364,554
"434","U5","21.65","Argilla sabbiosa alternata a strati calcarenitici","2b","1","Rampino","25",528277.2358,4565928.364,554
"435","U5","21.7","Argilla sabbiosa alternata a strati calcarenitici","2b","1","Rampino","25",528277.2358,4565928.364,554
"436","U5","21.75","Argilla sabbiosa alternata a strati calcarenitici","2b","1","Rampino","25",528277.2358,4565928.364,554
"437","U5","21.8","Argilla sabbiosa alternata a strati calcarenitici","2b","1","Rampino","25",528277.2358,4565928.364,554
"438","U5","21.85","Argilla sabbiosa alternata a strati calcarenitici","2b","1","Rampino","25",528277.2358,4565928.364,554
"439","U5","21.9","Argilla sabbiosa alternata a strati calcarenitici","2b","1","Rampino","25",528277.2358,4565928.364,554
"440","U5","21.95","Argilla sabbiosa alternata a strati calcarenitici","2b","1","Rampino","25",528277.2358,4565928.364,554
"441","U5","22","Argilla sabbiosa alternata a strati calcarenitici","2b","1","Rampino","25",528277.2358,4565928.364,554
"442","U5","22.05","Argilla sabbiosa alternata a strati calcarenitici","2b","1","Rampino","25",528277.2358,4565928.364,554
"443","U5","22.1","Argilla sabbiosa alternata a strati calcarenitici","2b","1","Rampino","25",528277.2358,4565928.364,554
"444","U5","22.15","Argilla sabbiosa alternata a strati calcarenitici","2b","1","Rampino","25",528277.2358,4565928.364,554
"445","U5","22.2","Argilla sabbiosa alternata a strati calcarenitici","2b","1","Rampino","25",528277.2358,4565928.364,554
"446","U5","22.25","Argilla sabbiosa alternata a strati calcarenitici","2b","1","Rampino","25",528277.2358,4565928.364,554
"447","U5","22.3","Argilla sabbiosa alternata a strati calcarenitici","2b","1","Rampino","25",528277.2358,4565928.364,554
"448","U5","22.35","Argilla sabbiosa alternata a strati calcarenitici","2b","1","Rampino","25",528277.2358,4565928.364,554
"449","U5","22.4","Argilla sabbiosa alternata a strati calcarenitici","2b","1","Rampino","25",528277.2358,4565928.364,554
"450","U5","22.45","Argilla sabbiosa alternata a strati calcarenitici","2b","1","Rampino","25",528277.2358,4565928.364,554
"451","U5","22.5","Argilla sabbiosa alternata a strati calcarenitici","2b","1","Rampino","25",528277.2358,4565928.364,554
"452","U5","22.55","Argilla sabbiosa alternata a strati calcarenitici","2b","1","Rampino","25",528277.2358,4565928.364,554
"453","U5","22.6","Argilla sabbiosa alternata a strati calcarenitici","2b","1","Rampino","25",528277.2358,4565928.364,554
"454","U5","22.65","Argilla sabbiosa alternata a strati calcarenitici","2b","1","Rampino","25",528277.2358,4565928.364,554
"455","U5","22.7","Argilla sabbiosa alternata a strati calcarenitici","2b","1","Rampino","25",528277.2358,4565928.364,554
"456","U5","22.75","Argilla sabbiosa alternata a strati calcarenitici","2b","1","Rampino","25",528277.2358,4565928.364,554
"457","U5","22.8","Argilla sabbiosa alternata a strati calcarenitici","2b","1","Rampino","25",528277.2358,4565928.364,554
"458","U5","22.85","Argilla sabbiosa alternata a strati calcarenitici","2b","1","Rampino","25",528277.2358,4565928.364,554
"459","U5","22.9","Argilla sabbiosa alternata a strati calcarenitici","2b","1","Rampino","25",528277.2358,4565928.364,554
"460","U5","22.95","Argilla sabbiosa alternata a strati calcarenitici","2b","1","Rampino","25",528277.2358,4565928.364,554
"461","U5","23","Argilla sabbiosa alternata a strati calcarenitici","2b","1","Rampino","25",528277.2358,4565928.364,554
"462","U5","23.05","Argilla sabbiosa alternata a strati calcarenitici","2b","1","Rampino","25",528277.2358,4565928.364,554
"463","U5","23.1","Argilla sabbiosa alternata a strati calcarenitici","2b","1","Rampino","25",528277.2358,4565928.364,554
"464","U5","23.15","Argilla sabbiosa alternata a strati calcarenitici","2b","1","Rampino","25",528277.2358,4565928.364,554
"465","U5","23.2","Argilla sabbiosa alternata a strati calcarenitici","2b","1","Rampino","25",528277.2358,4565928.364,554
"466","U5","23.25","Argilla sabbiosa alternata a strati calcarenitici","2b","1","Rampino","25",528277.2358,4565928.364,554
"467","U5","23.3","Argilla sabbiosa alternata a strati calcarenitici","2b","1","Rampino","25",528277.2358,4565928.364,554
"468","U5","23.35","Argilla sabbiosa alternata a strati calcarenitici","2b","1","Rampino","25",528277.2358,4565928.364,554
"469","U5","23.4","Argilla sabbiosa alternata a strati calcarenitici","2b","1","Rampino","25",528277.2358,4565928.364,554
"470","U5","23.45","Argilla sabbiosa alternata a strati calcarenitici","2b","1","Rampino","25",528277.2358,4565928.364,554
"471","U5","23.5","Argilla sabbiosa alternata a strati calcarenitici","2b","1","Rampino","25",528277.2358,4565928.364,554
"472","U5","23.55","Argilla sabbiosa alternata a strati calcarenitici","2b","1","Rampino","25",528277.2358,4565928.364,554
"473","U5","23.6","Argilla sabbiosa alternata a strati calcarenitici","2b","1","Rampino","25",528277.2358,4565928.364,554
"474","U5","23.65","Argilla sabbiosa alternata a strati calcarenitici","2b","1","Rampino","25",528277.2358,4565928.364,554
"475","U5","23.7","Argilla sabbiosa alternata a strati calcarenitici","2b","1","Rampino","25",528277.2358,4565928.364,554
"476","U5","23.75","Argilla sabbiosa alternata a strati calcarenitici","2b","1","Rampino","25",528277.2358,4565928.364,554
"477","U5","23.8","Argilla sabbiosa alternata a strati calcarenitici","2b","1","Rampino","25",528277.2358,4565928.364,554
"478","U5","23.85","Argilla sabbiosa alternata a strati calcarenitici","2b","1","Rampino","25",528277.2358,4565928.364,554
"479","U5","23.9","Argilla sabbiosa alternata a strati calcarenitici","2b","1","Rampino","25",528277.2358,4565928.364,554
"480","U5","23.95","Argilla sabbiosa alternata a strati calcarenitici","2b","1","Rampino","25",528277.2358,4565928.364,554
"481","U5","24","Argilla sabbiosa alternata a strati calcarenitici","2b","1","Rampino","25",528277.2358,4565928.364,554
"482","U5","24.05","Argilla sabbiosa alternata a strati calcarenitici","2b","1","Rampino","25",528277.2358,4565928.364,554
"483","U5","24.1","Argilla sabbiosa alternata a strati calcarenitici","2b","1","Rampino","25",528277.2358,4565928.364,554
"484","U5","24.15","Argilla sabbiosa alternata a strati calcarenitici","2b","1","Rampino","25",528277.2358,4565928.364,554
"485","U5","24.2","Argilla sabbiosa alternata a strati calcarenitici","2b","1","Rampino","25",528277.2358,4565928.364,554
"486","U5","24.25","Argilla sabbiosa alternata a strati calcarenitici","2b","1","Rampino","25",528277.2358,4565928.364,554
"487","U5","24.3","Argilla sabbiosa alternata a strati calcarenitici","2b","1","Rampino","25",528277.2358,4565928.364,554
"488","U5","24.35","Argilla sabbiosa alternata a strati calcarenitici","2b","1","Rampino","25",528277.2358,4565928.364,554
"489","U5","24.4","Argilla sabbiosa alternata a strati calcarenitici","2b","1","Rampino","25",528277.2358,4565928.364,554
"490","U5","24.45","Argilla sabbiosa alternata a strati calcarenitici","2b","1","Rampino","25",528277.2358,4565928.364,554
"491","U5","24.5","Argilla sabbiosa alternata a strati calcarenitici","2b","1","Rampino","25",528277.2358,4565928.364,554
"492","U5","24.55","Argilla sabbiosa alternata a strati calcarenitici","2b","1","Rampino","25",528277.2358,4565928.364,554
"493","U5","24.6","Argilla sabbiosa alternata a strati calcarenitici","2b","1","Rampino","25",528277.2358,4565928.364,554
"494","U5","24.65","Argilla sabbiosa alternata a strati calcarenitici","2b","1","Rampino","25",528277.2358,4565928.364,554
"495","U5","24.7","Argilla sabbiosa alternata a strati calcarenitici","2b","1","Rampino","25",528277.2358,4565928.364,554
"496","U5","24.75","Argilla sabbiosa alternata a strati calcarenitici","2b","1","Rampino","25",528277.2358,4565928.364,554
"497","U5","24.8","Argilla sabbiosa alternata a strati calcarenitici","2b","1","Rampino","25",528277.2358,4565928.364,554
"498","U5","24.85","Argilla sabbiosa alternata a strati calcarenitici","2b","1","Rampino","25",528277.2358,4565928.364,554
"499","U5","24.9","Argilla sabbiosa alternata a strati calcarenitici","2b","1","Rampino","25",528277.2358,4565928.364,554
"500","U5","24.95","Argilla sabbiosa alternata a strati calcarenitici","2b","1","Rampino","25",528277.2358,4565928.364,554
"501","U5","25","Argilla sabbiosa alternata a strati calcarenitici","2b","1","Rampino","25",528277.2358,4565928.364,554
"502","U5","25","Argilla sabbiosa alternata a strati calcarenitici","2b","0","Rampino","25",528277.2358,4565928.364,554
"503","U5","25.05","Argilla sabbiosa alternata a strati calcarenitici","2b","0","Rampino","25",528277.2358,4565928.364,554
"504","U5","25.1","Argilla sabbiosa alternata a strati calcarenitici","2b","0","Rampino","25",528277.2358,4565928.364,554
"505","U5","25.15","Argilla sabbiosa alternata a strati calcarenitici","2b","0","Rampino","25",528277.2358,4565928.364,554
"506","U5","25.2","Argilla sabbiosa alternata a strati calcarenitici","2b","0","Rampino","25",528277.2358,4565928.364,554
"507","U5","25.25","Argilla sabbiosa alternata a strati calcarenitici","2b","0","Rampino","25",528277.2358,4565928.364,554
"508","U5","25.3","Argilla sabbiosa alternata a strati calcarenitici","2b","0","Rampino","25",528277.2358,4565928.364,554
"509","U5","25.35","Argilla sabbiosa alternata a strati calcarenitici","2b","0","Rampino","25",528277.2358,4565928.364,554
"510","U5","25.4","Argilla sabbiosa alternata a strati calcarenitici","2b","0","Rampino","25",528277.2358,4565928.364,554
"511","U5","25.45","Argilla sabbiosa alternata a strati calcarenitici","2b","0","Rampino","25",528277.2358,4565928.364,554
"512","U5","25.5","Argilla sabbiosa alternata a strati calcarenitici","2b","0","Rampino","25",528277.2358,4565928.364,554
"513","U5","25.55","Argilla sabbiosa alternata a strati calcarenitici","2b","0","Rampino","25",528277.2358,4565928.364,554
"514","U5","25.6","Argilla sabbiosa alternata a strati calcarenitici","2b","0","Rampino","25",528277.2358,4565928.364,554
"515","U5","25.65","Argilla sabbiosa alternata a strati calcarenitici","2b","0","Rampino","25",528277.2358,4565928.364,554
"516","U5","25.7","Argilla sabbiosa alternata a strati calcarenitici","2b","0","Rampino","25",528277.2358,4565928.364,554
"517","U5","25.75","Argilla sabbiosa alternata a strati calcarenitici","2b","0","Rampino","25",528277.2358,4565928.364,554
"518","U5","25.8","Argilla sabbiosa alternata a strati calcarenitici","2b","0","Rampino","25",528277.2358,4565928.364,554
"519","U5","25.85","Argilla sabbiosa alternata a strati calcarenitici","2b","0","Rampino","25",528277.2358,4565928.364,554
"520","U5","25.9","Argilla sabbiosa alternata a strati calcarenitici","2b","0","Rampino","25",528277.2358,4565928.364,554
"521","U5","25.95","Argilla sabbiosa alternata a strati calcarenitici","2b","0","Rampino","25",528277.2358,4565928.364,554
"522","U5","26","Argilla sabbiosa alternata a strati calcarenitici","2b","0","Rampino","25",528277.2358,4565928.364,554
"523","U5","26.05","Argilla sabbiosa alternata a strati calcarenitici","2b","0","Rampino","25",528277.2358,4565928.364,554
"524","U5","26.1","Argilla sabbiosa alternata a strati calcarenitici","2b","0","Rampino","25",528277.2358,4565928.364,554
"525","U5","26.15","Argilla sabbiosa alternata a strati calcarenitici","2b","0","Rampino","25",528277.2358,4565928.364,554
"526","U5","26.2","Argilla sabbiosa alternata a strati calcarenitici","2b","0","Rampino","25",528277.2358,4565928.364,554
"527","U5","26.25","Argilla sabbiosa alternata a strati calcarenitici","2b","0","Rampino","25",528277.2358,4565928.364,554
"528","U5","26.3","Argilla sabbiosa alternata a strati calcarenitici","2b","0","Rampino","25",528277.2358,4565928.364,554
"529","U5","26.35","Argilla sabbiosa alternata a strati calcarenitici","2b","0","Rampino","25",528277.2358,4565928.364,554
"530","U5","26.4","Argilla sabbiosa alternata a strati calcarenitici","2b","0","Rampino","25",528277.2358,4565928.364,554
"531","U5","26.45","Argilla sabbiosa alternata a strati calcarenitici","2b","0","Rampino","25",528277.2358,4565928.364,554
"532","U5","26.5","Argilla sabbiosa alternata a strati calcarenitici","2b","0","Rampino","25",528277.2358,4565928.364,554
"533","U5","26.55","Argilla sabbiosa alternata a strati calcarenitici","2b","0","Rampino","25",528277.2358,4565928.364,554
"534","U5","26.6","Argilla sabbiosa alternata a strati calcarenitici","2b","0","Rampino","25",528277.2358,4565928.364,554
"535","U5","26.65","Argilla sabbiosa alternata a strati calcarenitici","2b","0","Rampino","25",528277.2358,4565928.364,554
"536","U5","26.7","Argilla sabbiosa alternata a strati calcarenitici","2b","0","Rampino","25",528277.2358,4565928.364,554
"537","U5","26.75","Argilla sabbiosa alternata a strati calcarenitici","2b","0","Rampino","25",528277.2358,4565928.364,554
"538","U5","26.8","Argilla sabbiosa alternata a strati calcarenitici","2b","0","Rampino","25",528277.2358,4565928.364,554
"539","U5","26.85","Argilla sabbiosa alternata a strati calcarenitici","2b","0","Rampino","25",528277.2358,4565928.364,554
"540","U5","26.9","Argilla sabbiosa alternata a strati calcarenitici","2b","0","Rampino","25",528277.2358,4565928.364,554
"541","U5","26.95","Argilla sabbiosa alternata a strati calcarenitici","2b","0","Rampino","25",528277.2358,4565928.364,554
"542","U5","27","Argilla sabbiosa alternata a strati calcarenitici","2b","0","Rampino","25",528277.2358,4565928.364,554
"543","U5","27.05","Argilla sabbiosa alternata a strati calcarenitici","2b","0","Rampino","25",528277.2358,4565928.364,554
"544","U5","27.1","Argilla sabbiosa alternata a strati calcarenitici","2b","0","Rampino","25",528277.2358,4565928.364,554
"545","U5","27.15","Argilla sabbiosa alternata a strati calcarenitici","2b","0","Rampino","25",528277.2358,4565928.364,554
"546","U5","27.2","Argilla sabbiosa alternata a strati calcarenitici","2b","0","Rampino","25",528277.2358,4565928.364,554
"547","U5","27.25","Argilla sabbiosa alternata a strati calcarenitici","2b","0","Rampino","25",528277.2358,4565928.364,554
"548","U5","27.3","Argilla sabbiosa alternata a strati calcarenitici","2b","0","Rampino","25",528277.2358,4565928.364,554
"549","U5","27.35","Argilla sabbiosa alternata a strati calcarenitici","2b","0","Rampino","25",528277.2358,4565928.364,554
"550","U5","27.4","Argilla sabbiosa alternata a strati calcarenitici","2b","0","Rampino","25",528277.2358,4565928.364,554
"551","U5","27.45","Argilla sabbiosa alternata a strati calcarenitici","2b","0","Rampino","25",528277.2358,4565928.364,554
"552","U5","27.5","Argilla sabbiosa alternata a strati calcarenitici","2b","0","Rampino","25",528277.2358,4565928.364,554
"553","U5","27.55","Argilla sabbiosa alternata a strati calcarenitici","2b","0","Rampino","25",528277.2358,4565928.364,554
"554","U5","27.6","Argilla sabbiosa alternata a strati calcarenitici","2b","0","Rampino","25",528277.2358,4565928.364,554
"555","U5","27.65","Argilla sabbiosa alternata a strati calcarenitici","2b","0","Rampino","25",528277.2358,4565928.364,554
"556","U5","27.7","Argilla sabbiosa alternata a strati calcarenitici","2b","0","Rampino","25",528277.2358,4565928.364,554
"557","U5","27.75","Argilla sabbiosa alternata a strati calcarenitici","2b","0","Rampino","25",528277.2358,4565928.364,554
"558","U5","27.8","Argilla sabbiosa alternata a strati calcarenitici","2b","0","Rampino","25",528277.2358,4565928.364,554
"559","U5","27.85","Argilla sabbiosa alternata a strati calcarenitici","2b","0","Rampino","25",528277.2358,4565928.364,554
"560","U5","27.9","Argilla sabbiosa alternata a strati calcarenitici","2b","0","Rampino","25",528277.2358,4565928.364,554
"561","U5","27.95","Argilla sabbiosa alternata a strati calcarenitici","2b","0","Rampino","25",528277.2358,4565928.364,554
"562","U5","28","Argilla sabbiosa alternata a strati calcarenitici","2b","0","Rampino","25",528277.2358,4565928.364,554
"563","U5","28.05","Argilla sabbiosa alternata a strati calcarenitici","2b","0","Rampino","25",528277.2358,4565928.364,554
"564","U5","28.1","Argilla sabbiosa alternata a strati calcarenitici","2b","0","Rampino","25",528277.2358,4565928.364,554
"565","U5","28.15","Argilla sabbiosa alternata a strati calcarenitici","2b","0","Rampino","25",528277.2358,4565928.364,554
"566","U5","28.2","Argilla sabbiosa alternata a strati calcarenitici","2b","0","Rampino","25",528277.2358,4565928.364,554
"567","U5","28.25","Argilla sabbiosa alternata a strati calcarenitici","2b","0","Rampino","25",528277.2358,4565928.364,554
"568","U5","28.3","Argilla sabbiosa alternata a strati calcarenitici","2b","0","Rampino","25",528277.2358,4565928.364,554
"569","U5","28.35","Argilla sabbiosa alternata a strati calcarenitici","2b","0","Rampino","25",528277.2358,4565928.364,554
"570","U5","28.4","Argilla sabbiosa alternata a strati calcarenitici","2b","0","Rampino","25",528277.2358,4565928.364,554
"571","U5","28.45","Argilla sabbiosa alternata a strati calcarenitici","2b","0","Rampino","25",528277.2358,4565928.364,554
"572","U5","28.5","Argilla sabbiosa alternata a strati calcarenitici","2b","0","Rampino","25",528277.2358,4565928.364,554
"573","U5","28.55","Argilla sabbiosa alternata a strati calcarenitici","2b","0","Rampino","25",528277.2358,4565928.364,554
"574","U5","28.6","Argilla sabbiosa alternata a strati calcarenitici","2b","0","Rampino","25",528277.2358,4565928.364,554
"575","U5","28.65","Argilla sabbiosa alternata a strati calcarenitici","2b","0","Rampino","25",528277.2358,4565928.364,554
"576","U5","28.7","Argilla sabbiosa alternata a strati calcarenitici","2b","0","Rampino","25",528277.2358,4565928.364,554
"577","U5","28.75","Argilla sabbiosa alternata a strati calcarenitici","2b","0","Rampino","25",528277.2358,4565928.364,554
"578","U5","28.8","Argilla sabbiosa alternata a strati calcarenitici","2b","0","Rampino","25",528277.2358,4565928.364,554
"579","U5","28.85","Argilla sabbiosa alternata a strati calcarenitici","2b","0","Rampino","25",528277.2358,4565928.364,554
"580","U5","28.9","Argilla sabbiosa alternata a strati calcarenitici","2b","0","Rampino","25",528277.2358,4565928.364,554
"581","U5","28.95","Argilla sabbiosa alternata a strati calcarenitici","2b","0","Rampino","25",528277.2358,4565928.364,554
"582","U5","29","Argilla sabbiosa alternata a strati calcarenitici","2b","0","Rampino","25",528277.2358,4565928.364,554
"583","U5","29.05","Argilla sabbiosa alternata a strati calcarenitici","2b","0","Rampino","25",528277.2358,4565928.364,554
"584","U5","29.1","Argilla sabbiosa alternata a strati calcarenitici","2b","0","Rampino","25",528277.2358,4565928.364,554
"585","U5","29.15","Argilla sabbiosa alternata a strati calcarenitici","2b","0","Rampino","25",528277.2358,4565928.364,554
"586","U5","29.2","Argilla sabbiosa alternata a strati calcarenitici","2b","0","Rampino","25",528277.2358,4565928.364,554
"587","U5","29.25","Argilla sabbiosa alternata a strati calcarenitici","2b","0","Rampino","25",528277.2358,4565928.364,554
"588","U5","29.3","Argilla sabbiosa alternata a strati calcarenitici","2b","0","Rampino","25",528277.2358,4565928.364,554
"589","U5","29.35","Argilla sabbiosa alternata a strati calcarenitici","2b","0","Rampino","25",528277.2358,4565928.364,554
"590","U5","29.4","Argilla sabbiosa alternata a strati calcarenitici","2b","0","Rampino","25",528277.2358,4565928.364,554
"591","U5","29.45","Argilla sabbiosa alternata a strati calcarenitici","2b","0","Rampino","25",528277.2358,4565928.364,554
"592","U5","29.5","Argilla sabbiosa alternata a strati calcarenitici","2b","0","Rampino","25",528277.2358,4565928.364,554
"593","U5","29.55","Argilla sabbiosa alternata a strati calcarenitici","2b","0","Rampino","25",528277.2358,4565928.364,554
"594","U5","29.6","Argilla sabbiosa alternata a strati calcarenitici","2b","0","Rampino","25",528277.2358,4565928.364,554
"595","U5","29.65","Argilla sabbiosa alternata a strati calcarenitici","2b","0","Rampino","25",528277.2358,4565928.364,554
"596","U5","29.7","Argilla sabbiosa alternata a strati calcarenitici","2b","0","Rampino","25",528277.2358,4565928.364,554
"597","U5","29.75","Argilla sabbiosa alternata a strati calcarenitici","2b","0","Rampino","25",528277.2358,4565928.364,554
"598","U5","29.8","Argilla sabbiosa alternata a strati calcarenitici","2b","0","Rampino","25",528277.2358,4565928.364,554
"599","U5","29.85","Argilla sabbiosa alternata a strati calcarenitici","2b","0","Rampino","25",528277.2358,4565928.364,554
"600","U5","29.9","Argilla sabbiosa alternata a strati calcarenitici","2b","0","Rampino","25",528277.2358,4565928.364,554
"601","U5","29.95","Argilla sabbiosa alternata a strati calcarenitici","2b","0","Rampino","25",528277.2358,4565928.364,554
"602","U5","30","Argilla sabbiosa alternata a strati calcarenitici","2b","0","Rampino","25",528277.2358,4565928.364,554
"603","U5","30.05","Argilla sabbiosa alternata a strati calcarenitici","2b","0","Rampino","25",528277.2358,4565928.364,554
"604","U5","30.1","Argilla sabbiosa alternata a strati calcarenitici","2b","0","Rampino","25",528277.2358,4565928.364,554
"605","U5","30.15","Argilla sabbiosa alternata a strati calcarenitici","2b","0","Rampino","25",528277.2358,4565928.364,554
"606","U5","30.2","Argilla sabbiosa alternata a strati calcarenitici","2b","0","Rampino","25",528277.2358,4565928.364,554
"607","U5","30.25","Argilla sabbiosa alternata a strati calcarenitici","2b","0","Rampino","25",528277.2358,4565928.364,554
"608","U5","30.3","Argilla sabbiosa alternata a strati calcarenitici","2b","0","Rampino","25",528277.2358,4565928.364,554
"609","U5","30.35","Argilla sabbiosa alternata a strati calcarenitici","2b","0","Rampino","25",528277.2358,4565928.364,554
"610","U5","30.4","Argilla sabbiosa alternata a strati calcarenitici","2b","0","Rampino","25",528277.2358,4565928.364,554
"611","U5","30.45","Argilla sabbiosa alternata a strati calcarenitici","2b","0","Rampino","25",528277.2358,4565928.364,554
"612","U5","30.5","Argilla sabbiosa alternata a strati calcarenitici","2b","0","Rampino","25",528277.2358,4565928.364,554
"613","U5","30.55","Argilla sabbiosa alternata a strati calcarenitici","2b","0","Rampino","25",528277.2358,4565928.364,554
"614","U5","30.6","Argilla sabbiosa alternata a strati calcarenitici","2b","0","Rampino","25",528277.2358,4565928.364,554
"615","U5","30.65","Argilla sabbiosa alternata a strati calcarenitici","2b","0","Rampino","25",528277.2358,4565928.364,554
"616","U5","30.7","Argilla sabbiosa alternata a strati calcarenitici","2b","0","Rampino","25",528277.2358,4565928.364,554
"617","U5","30.75","Argilla sabbiosa alternata a strati calcarenitici","2b","0","Rampino","25",528277.2358,4565928.364,554
"618","U5","30.8","Argilla sabbiosa alternata a strati calcarenitici","2b","0","Rampino","25",528277.2358,4565928.364,554
"619","U5","30.85","Argilla sabbiosa alternata a strati calcarenitici","2b","0","Rampino","25",528277.2358,4565928.364,554
"620","U5","30.9","Argilla sabbiosa alternata a strati calcarenitici","2b","0","Rampino","25",528277.2358,4565928.364,554
"621","U5","30.95","Argilla sabbiosa alternata a strati calcarenitici","2b","0","Rampino","25",528277.2358,4565928.364,554
"622","U5","31","Argilla sabbiosa alternata a strati calcarenitici","2b","0","Rampino","25",528277.2358,4565928.364,554
"623","U5","31.05","Argilla sabbiosa alternata a strati calcarenitici","2b","0","Rampino","25",528277.2358,4565928.364,554
"624","U5","31.1","Argilla sabbiosa alternata a strati calcarenitici","2b","0","Rampino","25",528277.2358,4565928.364,554
"625","U5","31.15","Argilla sabbiosa alternata a strati calcarenitici","2b","0","Rampino","25",528277.2358,4565928.364,554
"626","U5","31.2","Argilla sabbiosa alternata a strati calcarenitici","2b","0","Rampino","25",528277.2358,4565928.364,554
"627","U5","31.25","Argilla sabbiosa alternata a strati calcarenitici","2b","0","Rampino","25",528277.2358,4565928.364,554
"628","U5","31.3","Argilla sabbiosa alternata a strati calcarenitici","2b","0","Rampino","25",528277.2358,4565928.364,554
"629","U5","31.35","Argilla sabbiosa alternata a strati calcarenitici","2b","0","Rampino","25",528277.2358,4565928.364,554
"630","U5","31.4","Argilla sabbiosa alternata a strati calcarenitici","2b","0","Rampino","25",528277.2358,4565928.364,554
"631","U5","31.45","Argilla sabbiosa alternata a strati calcarenitici","2b","0","Rampino","25",528277.2358,4565928.364,554
"632","U5","31.5","Argilla sabbiosa alternata a strati calcarenitici","2b","0","Rampino","25",528277.2358,4565928.364,554
"633","U5","31.55","Argilla sabbiosa alternata a strati calcarenitici","2b","0","Rampino","25",528277.2358,4565928.364,554
"634","U5","31.6","Argilla sabbiosa alternata a strati calcarenitici","2b","0","Rampino","25",528277.2358,4565928.364,554
"635","U5","31.65","Argilla sabbiosa alternata a strati calcarenitici","2b","0","Rampino","25",528277.2358,4565928.364,554
"636","U5","31.7","Argilla sabbiosa alternata a strati calcarenitici","2b","0","Rampino","25",528277.2358,4565928.364,554
"637","U5","31.75","Argilla sabbiosa alternata a strati calcarenitici","2b","0","Rampino","25",528277.2358,4565928.364,554
"638","U5","31.8","Argilla sabbiosa alternata a strati calcarenitici","2b","0","Rampino","25",528277.2358,4565928.364,554
"639","U5","31.85","Argilla sabbiosa alternata a strati calcarenitici","2b","0","Rampino","25",528277.2358,4565928.364,554
"640","U5","31.9","Argilla sabbiosa alternata a strati calcarenitici","2b","0","Rampino","25",528277.2358,4565928.364,554
"641","U5","31.95","Argilla sabbiosa alternata a strati calcarenitici","2b","0","Rampino","25",528277.2358,4565928.364,554
"642","U5","32","Argilla sabbiosa alternata a strati calcarenitici","2b","0","Rampino","25",528277.2358,4565928.364,554
"643","U5","32.05","Argilla sabbiosa alternata a strati calcarenitici","2b","0","Rampino","25",528277.2358,4565928.364,554
"644","U5","32.1","Argilla sabbiosa alternata a strati calcarenitici","2b","0","Rampino","25",528277.2358,4565928.364,554
"645","U5","32.15","Argilla sabbiosa alternata a strati calcarenitici","2b","0","Rampino","25",528277.2358,4565928.364,554
"646","U5","32.2","Argilla sabbiosa alternata a strati calcarenitici","2b","0","Rampino","25",528277.2358,4565928.364,554
"647","U5","32.25","Argilla sabbiosa alternata a strati calcarenitici","2b","0","Rampino","25",528277.2358,4565928.364,554
"648","U5","32.3","Argilla sabbiosa alternata a strati calcarenitici","2b","0","Rampino","25",528277.2358,4565928.364,554
"649","U5","32.35","Argilla sabbiosa alternata a strati calcarenitici","2b","0","Rampino","25",528277.2358,4565928.364,554
"650","U5","32.4","Argilla sabbiosa alternata a strati calcarenitici","2b","0","Rampino","25",528277.2358,4565928.364,554
"651","U5","32.45","Argilla sabbiosa alternata a strati calcarenitici","2b","0","Rampino","25",528277.2358,4565928.364,554
"652","U5","32.5","Argilla sabbiosa alternata a strati calcarenitici","2b","0","Rampino","25",528277.2358,4565928.364,554
"653","U5","32.55","Argilla sabbiosa alternata a strati calcarenitici","2b","0","Rampino","25",528277.2358,4565928.364,554
"654","U5","32.6","Argilla sabbiosa alternata a strati calcarenitici","2b","0","Rampino","25",528277.2358,4565928.364,554
"655","U5","32.65","Argilla sabbiosa alternata a strati calcarenitici","2b","0","Rampino","25",528277.2358,4565928.364,554
"656","U5","32.7","Argilla sabbiosa alternata a strati calcarenitici","2b","0","Rampino","25",528277.2358,4565928.364,554
"657","U5","32.75","Argilla sabbiosa alternata a strati calcarenitici","2b","0","Rampino","25",528277.2358,4565928.364,554
"658","U5","32.8","Argilla sabbiosa alternata a strati calcarenitici","2b","0","Rampino","25",528277.2358,4565928.364,554
"659","U5","32.85","Argilla sabbiosa alternata a strati calcarenitici","2b","0","Rampino","25",528277.2358,4565928.364,554
"660","U5","32.9","Argilla sabbiosa alternata a strati calcarenitici","2b","0","Rampino","25",528277.2358,4565928.364,554
"661","U5","32.95","Argilla sabbiosa alternata a strati calcarenitici","2b","0","Rampino","25",528277.2358,4565928.364,554
"662","U5","33","Argilla sabbiosa alternata a strati calcarenitici","2b","0","Rampino","25",528277.2358,4565928.364,554
"663","U5","33.05","Argilla sabbiosa alternata a strati calcarenitici","2b","0","Rampino","25",528277.2358,4565928.364,554
"664","U5","33.1","Argilla sabbiosa alternata a strati calcarenitici","2b","0","Rampino","25",528277.2358,4565928.364,554
"665","U5","33.15","Argilla sabbiosa alternata a strati calcarenitici","2b","0","Rampino","25",528277.2358,4565928.364,554
"666","U5","33.2","Argilla sabbiosa alternata a strati calcarenitici","2b","0","Rampino","25",528277.2358,4565928.364,554
"667","U5","33.25","Argilla sabbiosa alternata a strati calcarenitici","2b","0","Rampino","25",528277.2358,4565928.364,554
"668","U5","33.3","Argilla sabbiosa alternata a strati calcarenitici","2b","0","Rampino","25",528277.2358,4565928.364,554
"669","U5","33.35","Argilla sabbiosa alternata a strati calcarenitici","2b","0","Rampino","25",528277.2358,4565928.364,554
"670","U5","33.4","Argilla sabbiosa alternata a strati calcarenitici","2b","0","Rampino","25",528277.2358,4565928.364,554
"671","U5","33.45","Argilla sabbiosa alternata a strati calcarenitici","2b","0","Rampino","25",528277.2358,4565928.364,554
"672","U5","33.5","Argilla sabbiosa alternata a strati calcarenitici","2b","0","Rampino","25",528277.2358,4565928.364,554
"673","U5","33.55","Argilla sabbiosa alternata a strati calcarenitici","2b","0","Rampino","25",528277.2358,4565928.364,554
"674","U5","33.6","Argilla sabbiosa alternata a strati calcarenitici","2b","0","Rampino","25",528277.2358,4565928.364,554
"675","U5","33.65","Argilla sabbiosa alternata a strati calcarenitici","2b","0","Rampino","25",528277.2358,4565928.364,554
"676","U5","33.7","Argilla sabbiosa alternata a strati calcarenitici","2b","0","Rampino","25",528277.2358,4565928.364,554
"677","U5","33.75","Argilla sabbiosa alternata a strati calcarenitici","2b","0","Rampino","25",528277.2358,4565928.364,554
"678","U5","33.8","Argilla sabbiosa alternata a strati calcarenitici","2b","0","Rampino","25",528277.2358,4565928.364,554
"679","U5","33.85","Argilla sabbiosa alternata a strati calcarenitici","2b","0","Rampino","25",528277.2358,4565928.364,554
"680","U5","33.9","Argilla sabbiosa alternata a strati calcarenitici","2b","0","Rampino","25",528277.2358,4565928.364,554
"681","U5","33.95","Argilla sabbiosa alternata a strati calcarenitici","2b","0","Rampino","25",528277.2358,4565928.364,554
"682","U5","34","Argilla sabbiosa alternata a strati calcarenitici","2b","0","Rampino","25",528277.2358,4565928.364,554
"683","U5","34.05","Argilla sabbiosa alternata a strati calcarenitici","2b","0","Rampino","25",528277.2358,4565928.364,554
"684","U5","34.1","Argilla sabbiosa alternata a strati calcarenitici","2b","0","Rampino","25",528277.2358,4565928.364,554
"685","U5","34.15","Argilla sabbiosa alternata a strati calcarenitici","2b","0","Rampino","25",528277.2358,4565928.364,554
"686","U5","34.2","Argilla sabbiosa alternata a strati calcarenitici","2b","0","Rampino","25",528277.2358,4565928.364,554
"687","U5","34.25","Argilla sabbiosa alternata a strati calcarenitici","2b","0","Rampino","25",528277.2358,4565928.364,554
"688","U5","34.3","Argilla sabbiosa alternata a strati calcarenitici","2b","0","Rampino","25",528277.2358,4565928.364,554
"689","U5","34.35","Argilla sabbiosa alternata a strati calcarenitici","2b","0","Rampino","25",528277.2358,4565928.364,554
"690","U5","34.4","Argilla sabbiosa alternata a strati calcarenitici","2b","0","Rampino","25",528277.2358,4565928.364,554
"691","U5","34.45","Argilla sabbiosa alternata a strati calcarenitici","2b","0","Rampino","25",528277.2358,4565928.364,554
"692","U5","34.5","Argilla sabbiosa alternata a strati calcarenitici","2b","0","Rampino","25",528277.2358,4565928.364,554
"693","U5","34.55","Argilla sabbiosa alternata a strati calcarenitici","2b","0","Rampino","25",528277.2358,4565928.364,554
"694","U5","34.6","Argilla sabbiosa alternata a strati calcarenitici","2b","0","Rampino","25",528277.2358,4565928.364,554
"695","U5","34.65","Argilla sabbiosa alternata a strati calcarenitici","2b","0","Rampino","25",528277.2358,4565928.364,554
"696","U5","34.7","Argilla sabbiosa alternata a strati calcarenitici","2b","0","Rampino","25",528277.2358,4565928.364,554
"697","U5","34.75","Argilla sabbiosa alternata a strati calcarenitici","2b","0","Rampino","25",528277.2358,4565928.364,554
"698","U5","34.8","Argilla sabbiosa alternata a strati calcarenitici","2b","0","Rampino","25",528277.2358,4565928.364,554
"699","U5","34.85","Argilla sabbiosa alternata a strati calcarenitici","2b","0","Rampino","25",528277.2358,4565928.364,554
"700","U5","34.9","Argilla sabbiosa alternata a strati calcarenitici","2b","0","Rampino","25",528277.2358,4565928.364,554
"701","U5","34.95","Argilla sabbiosa alternata a strati calcarenitici","2b","0","Rampino","25",528277.2358,4565928.364,554
"702","U5","35","Argilla sabbiosa alternata a strati calcarenitici","2b","0","Rampino","25",528277.2358,4565928.364,554
"703","U5","35.05","Argilla sabbiosa alternata a strati calcarenitici","2b","0","Rampino","25",528277.2358,4565928.364,554
"704","U5","35.1","Argilla sabbiosa alternata a strati calcarenitici","2b","0","Rampino","25",528277.2358,4565928.364,554
"705","U5","35.15","Argilla sabbiosa alternata a strati calcarenitici","2b","0","Rampino","25",528277.2358,4565928.364,554
"706","U5","35.2","Argilla sabbiosa alternata a strati calcarenitici","2b","0","Rampino","25",528277.2358,4565928.364,554
"707","U5","35.25","Argilla sabbiosa alternata a strati calcarenitici","2b","0","Rampino","25",528277.2358,4565928.364,554
"708","U5","35.3","Argilla sabbiosa alternata a strati calcarenitici","2b","0","Rampino","25",528277.2358,4565928.364,554
"709","U5","35.35","Argilla sabbiosa alternata a strati calcarenitici","2b","0","Rampino","25",528277.2358,4565928.364,554
"710","U5","35.4","Argilla sabbiosa alternata a strati calcarenitici","2b","0","Rampino","25",528277.2358,4565928.364,554
"711","U5","35.45","Argilla sabbiosa alternata a strati calcarenitici","2b","0","Rampino","25",528277.2358,4565928.364,554
"712","U5","35.5","Argilla sabbiosa alternata a strati calcarenitici","2b","0","Rampino","25",528277.2358,4565928.364,554
"713","U5","35.55","Argilla sabbiosa alternata a strati calcarenitici","2b","0","Rampino","25",528277.2358,4565928.364,554
"714","U5","35.6","Argilla sabbiosa alternata a strati calcarenitici","2b","0","Rampino","25",528277.2358,4565928.364,554
"715","U5","35.65","Argilla sabbiosa alternata a strati calcarenitici","2b","0","Rampino","25",528277.2358,4565928.364,554
"716","U5","35.7","Argilla sabbiosa alternata a strati calcarenitici","2b","0","Rampino","25",528277.2358,4565928.364,554
"717","U5","35.75","Argilla sabbiosa alternata a strati calcarenitici","2b","0","Rampino","25",528277.2358,4565928.364,554
"718","U5","35.8","Argilla sabbiosa alternata a strati calcarenitici","2b","0","Rampino","25",528277.2358,4565928.364,554
"719","U5","35.85","Argilla sabbiosa alternata a strati calcarenitici","2b","0","Rampino","25",528277.2358,4565928.364,554
"720","U5","35.9","Argilla sabbiosa alternata a strati calcarenitici","2b","0","Rampino","25",528277.2358,4565928.364,554
"721","U5","35.95","Argilla sabbiosa alternata a strati calcarenitici","2b","0","Rampino","25",528277.2358,4565928.364,554
"722","U5","36","Argilla sabbiosa alternata a strati calcarenitici","2b","0","Rampino","25",528277.2358,4565928.364,554
"723","U5","36.05","Argilla sabbiosa alternata a strati calcarenitici","2b","0","Rampino","25",528277.2358,4565928.364,554
"724","U5","36.1","Argilla sabbiosa alternata a strati calcarenitici","2b","0","Rampino","25",528277.2358,4565928.364,554
"725","U5","36.15","Argilla sabbiosa alternata a strati calcarenitici","2b","0","Rampino","25",528277.2358,4565928.364,554
"726","U5","36.2","Argilla sabbiosa alternata a strati calcarenitici","2b","0","Rampino","25",528277.2358,4565928.364,554
"727","U5","36.25","Argilla sabbiosa alternata a strati calcarenitici","2b","0","Rampino","25",528277.2358,4565928.364,554
"728","U5","36.3","Argilla sabbiosa alternata a strati calcarenitici","2b","0","Rampino","25",528277.2358,4565928.364,554
"729","U5","36.35","Argilla sabbiosa alternata a strati calcarenitici","2b","0","Rampino","25",528277.2358,4565928.364,554
"730","U5","36.4","Argilla sabbiosa alternata a strati calcarenitici","2b","0","Rampino","25",528277.2358,4565928.364,554
"731","U5","36.45","Argilla sabbiosa alternata a strati calcarenitici","2b","0","Rampino","25",528277.2358,4565928.364,554
"732","U5","36.5","Argilla sabbiosa alternata a strati calcarenitici","2b","0","Rampino","25",528277.2358,4565928.364,554
"733","U5","36.55","Argilla sabbiosa alternata a strati calcarenitici","2b","0","Rampino","25",528277.2358,4565928.364,554
"734","U5","36.6","Argilla sabbiosa alternata a strati calcarenitici","2b","0","Rampino","25",528277.2358,4565928.364,554
"735","U5","36.65","Argilla sabbiosa alternata a strati calcarenitici","2b","0","Rampino","25",528277.2358,4565928.364,554
"736","U5","36.7","Argilla sabbiosa alternata a strati calcarenitici","2b","0","Rampino","25",528277.2358,4565928.364,554
"737","U5","36.75","Argilla sabbiosa alternata a strati calcarenitici","2b","0","Rampino","25",528277.2358,4565928.364,554
"738","U5","36.8","Argilla sabbiosa alternata a strati calcarenitici","2b","0","Rampino","25",528277.2358,4565928.364,554
"739","U5","36.85","Argilla sabbiosa alternata a strati calcarenitici","2b","0","Rampino","25",528277.2358,4565928.364,554
"740","U5","36.9","Argilla sabbiosa alternata a strati calcarenitici","2b","0","Rampino","25",528277.2358,4565928.364,554
"741","U5","36.95","Argilla sabbiosa alternata a strati calcarenitici","2b","0","Rampino","25",528277.2358,4565928.364,554
"742","U5","37","Argilla sabbiosa alternata a strati calcarenitici","2b","0","Rampino","25",528277.2358,4565928.364,554
"743","U5","37.05","Argilla sabbiosa alternata a strati calcarenitici","2b","0","Rampino","25",528277.2358,4565928.364,554
"744","U5","37.1","Argilla sabbiosa alternata a strati calcarenitici","2b","0","Rampino","25",528277.2358,4565928.364,554
"745","U5","37.15","Argilla sabbiosa alternata a strati calcarenitici","2b","0","Rampino","25",528277.2358,4565928.364,554
"746","U5","37.2","Argilla sabbiosa alternata a strati calcarenitici","2b","0","Rampino","25",528277.2358,4565928.364,554
"747","U5","37.25","Argilla sabbiosa alternata a strati calcarenitici","2b","0","Rampino","25",528277.2358,4565928.364,554
"748","U5","37.3","Argilla sabbiosa alternata a strati calcarenitici","2b","0","Rampino","25",528277.2358,4565928.364,554
"749","U5","37.35","Argilla sabbiosa alternata a strati calcarenitici","2b","0","Rampino","25",528277.2358,4565928.364,554
"750","U5","37.4","Argilla sabbiosa alternata a strati calcarenitici","2b","0","Rampino","25",528277.2358,4565928.364,554
"751","U5","37.45","Argilla sabbiosa alternata a strati calcarenitici","2b","0","Rampino","25",528277.2358,4565928.364,554
"752","U5","37.5","Argilla sabbiosa alternata a strati calcarenitici","2b","0","Rampino","25",528277.2358,4565928.364,554
"753","U5","37.55","Argilla sabbiosa alternata a strati calcarenitici","2b","0","Rampino","25",528277.2358,4565928.364,554
"754","U5","37.6","Argilla sabbiosa alternata a strati calcarenitici","2b","0","Rampino","25",528277.2358,4565928.364,554
"755","U5","37.65","Argilla sabbiosa alternata a strati calcarenitici","2b","0","Rampino","25",528277.2358,4565928.364,554
"756","U5","37.7","Argilla sabbiosa alternata a strati calcarenitici","2b","0","Rampino","25",528277.2358,4565928.364,554
"757","U5","37.75","Argilla sabbiosa alternata a strati calcarenitici","2b","0","Rampino","25",528277.2358,4565928.364,554
"758","U5","37.8","Argilla sabbiosa alternata a strati calcarenitici","2b","0","Rampino","25",528277.2358,4565928.364,554
"759","U5","37.85","Argilla sabbiosa alternata a strati calcarenitici","2b","0","Rampino","25",528277.2358,4565928.364,554
"760","U5","37.9","Argilla sabbiosa alternata a strati calcarenitici","2b","0","Rampino","25",528277.2358,4565928.364,554
"761","U5","37.95","Argilla sabbiosa alternata a strati calcarenitici","2b","0","Rampino","25",528277.2358,4565928.364,554
"762","U5","38","Argilla sabbiosa alternata a strati calcarenitici","2b","0","Rampino","25",528277.2358,4565928.364,554
"763","U5","38.05","Argilla sabbiosa alternata a strati calcarenitici","2b","0","Rampino","25",528277.2358,4565928.364,554
"764","U5","38.1","Argilla sabbiosa alternata a strati calcarenitici","2b","0","Rampino","25",528277.2358,4565928.364,554
"765","U5","38.15","Argilla sabbiosa alternata a strati calcarenitici","2b","0","Rampino","25",528277.2358,4565928.364,554
"766","U5","38.2","Argilla sabbiosa alternata a strati calcarenitici","2b","0","Rampino","25",528277.2358,4565928.364,554
"767","U5","38.25","Argilla sabbiosa alternata a strati calcarenitici","2b","0","Rampino","25",528277.2358,4565928.364,554
"768","U5","38.3","Argilla sabbiosa alternata a strati calcarenitici","2b","0","Rampino","25",528277.2358,4565928.364,554
"769","U5","38.35","Argilla sabbiosa alternata a strati calcarenitici","2b","0","Rampino","25",528277.2358,4565928.364,554
"770","U5","38.4","Argilla sabbiosa alternata a strati calcarenitici","2b","0","Rampino","25",528277.2358,4565928.364,554
"771","U5","38.45","Argilla sabbiosa alternata a strati calcarenitici","2b","0","Rampino","25",528277.2358,4565928.364,554
"772","U5","38.5","Argilla sabbiosa alternata a strati calcarenitici","2b","0","Rampino","25",528277.2358,4565928.364,554
"773","U5","38.55","Argilla sabbiosa alternata a strati calcarenitici","2b","0","Rampino","25",528277.2358,4565928.364,554
"774","U5","38.6","Argilla sabbiosa alternata a strati calcarenitici","2b","0","Rampino","25",528277.2358,4565928.364,554
"775","U5","38.65","Argilla sabbiosa alternata a strati calcarenitici","2b","0","Rampino","25",528277.2358,4565928.364,554
"776","U5","38.7","Argilla sabbiosa alternata a strati calcarenitici","2b","0","Rampino","25",528277.2358,4565928.364,554
"777","U5","38.75","Argilla sabbiosa alternata a strati calcarenitici","2b","0","Rampino","25",528277.2358,4565928.364,554
"778","U5","38.8","Argilla sabbiosa alternata a strati calcarenitici","2b","0","Rampino","25",528277.2358,4565928.364,554
"779","U5","38.85","Argilla sabbiosa alternata a strati calcarenitici","2b","0","Rampino","25",528277.2358,4565928.364,554
"780","U5","38.9","Argilla sabbiosa alternata a strati calcarenitici","2b","0","Rampino","25",528277.2358,4565928.364,554
"781","U5","38.95","Argilla sabbiosa alternata a strati calcarenitici","2b","0","Rampino","25",528277.2358,4565928.364,554
"782","U5","39","Argilla sabbiosa alternata a strati calcarenitici","2b","0","Rampino","25",528277.2358,4565928.364,554
"783","U5","39.05","Argilla sabbiosa alternata a strati calcarenitici","2b","0","Rampino","25",528277.2358,4565928.364,554
"784","U5","39.1","Argilla sabbiosa alternata a strati calcarenitici","2b","0","Rampino","25",528277.2358,4565928.364,554
"785","U5","39.15","Argilla sabbiosa alternata a strati calcarenitici","2b","0","Rampino","25",528277.2358,4565928.364,554
"786","U5","39.2","Argilla sabbiosa alternata a strati calcarenitici","2b","0","Rampino","25",528277.2358,4565928.364,554
"787","U5","39.25","Argilla sabbiosa alternata a strati calcarenitici","2b","0","Rampino","25",528277.2358,4565928.364,554
"788","U5","39.3","Argilla sabbiosa alternata a strati calcarenitici","2b","0","Rampino","25",528277.2358,4565928.364,554
"789","U5","39.35","Argilla sabbiosa alternata a strati calcarenitici","2b","0","Rampino","25",528277.2358,4565928.364,554
"790","U5","39.4","Argilla sabbiosa alternata a strati calcarenitici","2b","0","Rampino","25",528277.2358,4565928.364,554
"791","U5","39.45","Argilla sabbiosa alternata a strati calcarenitici","2b","0","Rampino","25",528277.2358,4565928.364,554
"792","U5","39.5","Argilla sabbiosa alternata a strati calcarenitici","2b","0","Rampino","25",528277.2358,4565928.364,554
"793","U5","39.55","Argilla sabbiosa alternata a strati calcarenitici","2b","0","Rampino","25",528277.2358,4565928.364,554
"794","U5","39.6","Argilla sabbiosa alternata a strati calcarenitici","2b","0","Rampino","25",528277.2358,4565928.364,554
"795","U5","39.65","Argilla sabbiosa alternata a strati calcarenitici","2b","0","Rampino","25",528277.2358,4565928.364,554
"796","U5","39.7","Argilla sabbiosa alternata a strati calcarenitici","2b","0","Rampino","25",528277.2358,4565928.364,554
"797","U5","39.75","Argilla sabbiosa alternata a strati calcarenitici","2b","0","Rampino","25",528277.2358,4565928.364,554
"798","U5","39.8","Argilla sabbiosa alternata a strati calcarenitici","2b","0","Rampino","25",528277.2358,4565928.364,554
"799","U5","39.85","Argilla sabbiosa alternata a strati calcarenitici","2b","0","Rampino","25",528277.2358,4565928.364,554
"800","U5","39.9","Argilla sabbiosa alternata a strati calcarenitici","2b","0","Rampino","25",528277.2358,4565928.364,554
"801","U5","39.95","Argilla sabbiosa alternata a strati calcarenitici","2b","0","Rampino","25",528277.2358,4565928.364,554
"802","U5","40","Argilla sabbiosa alternata a strati calcarenitici","2b","0","Rampino","25",528277.2358,4565928.364,554
"803","U5","40.05","Argilla sabbiosa alternata a strati calcarenitici","2b","0","Rampino","25",528277.2358,4565928.364,554
"804","U5","40.1","Argilla sabbiosa alternata a strati calcarenitici","2b","0","Rampino","25",528277.2358,4565928.364,554
"805","U5","40.15","Argilla sabbiosa alternata a strati calcarenitici","2b","0","Rampino","25",528277.2358,4565928.364,554
"806","U5","40.2","Argilla sabbiosa alternata a strati calcarenitici","2b","0","Rampino","25",528277.2358,4565928.364,554
"807","U5","40.25","Argilla sabbiosa alternata a strati calcarenitici","2b","0","Rampino","25",528277.2358,4565928.364,554
"808","U5","40.3","Argilla sabbiosa alternata a strati calcarenitici","2b","0","Rampino","25",528277.2358,4565928.364,554
"809","U5","40.35","Argilla sabbiosa alternata a strati calcarenitici","2b","0","Rampino","25",528277.2358,4565928.364,554
"810","U5","40.4","Argilla sabbiosa alternata a strati calcarenitici","2b","0","Rampino","25",528277.2358,4565928.364,554
"811","U5","40.45","Argilla sabbiosa alternata a strati calcarenitici","2b","0","Rampino","25",528277.2358,4565928.364,554
"812","U5","40.5","Argilla sabbiosa alternata a strati calcarenitici","2b","0","Rampino","25",528277.2358,4565928.364,554
"813","U5","40.55","Argilla sabbiosa alternata a strati calcarenitici","2b","0","Rampino","25",528277.2358,4565928.364,554
"814","U5","40.6","Argilla sabbiosa alternata a strati calcarenitici","2b","0","Rampino","25",528277.2358,4565928.364,554
"815","U5","40.65","Argilla sabbiosa alternata a strati calcarenitici","2b","0","Rampino","25",528277.2358,4565928.364,554
"816","U5","40.7","Argilla sabbiosa alternata a strati calcarenitici","2b","0","Rampino","25",528277.2358,4565928.364,554
"817","U5","40.75","Argilla sabbiosa alternata a strati calcarenitici","2b","0","Rampino","25",528277.2358,4565928.364,554
"818","U5","40.8","Argilla sabbiosa alternata a strati calcarenitici","2b","0","Rampino","25",528277.2358,4565928.364,554
"819","U5","40.85","Argilla sabbiosa alternata a strati calcarenitici","2b","0","Rampino","25",528277.2358,4565928.364,554
"820","U5","40.9","Argilla sabbiosa alternata a strati calcarenitici","2b","0","Rampino","25",528277.2358,4565928.364,554
"821","U5","40.95","Argilla sabbiosa alternata a strati calcarenitici","2b","0","Rampino","25",528277.2358,4565928.364,554
"822","U5","41","Argilla sabbiosa alternata a strati calcarenitici","2b","0","Rampino","25",528277.2358,4565928.364,554
"823","U5","41.05","Argilla sabbiosa alternata a strati calcarenitici","2b","0","Rampino","25",528277.2358,4565928.364,554
"824","U5","41.1","Argilla sabbiosa alternata a strati calcarenitici","2b","0","Rampino","25",528277.2358,4565928.364,554
"825","U5","41.15","Argilla sabbiosa alternata a strati calcarenitici","2b","0","Rampino","25",528277.2358,4565928.364,554
"826","U5","41.2","Argilla sabbiosa alternata a strati calcarenitici","2b","0","Rampino","25",528277.2358,4565928.364,554
"827","U5","41.25","Argilla sabbiosa alternata a strati calcarenitici","2b","0","Rampino","25",528277.2358,4565928.364,554
"828","U5","41.3","Argilla sabbiosa alternata a strati calcarenitici","2b","0","Rampino","25",528277.2358,4565928.364,554
"829","U5","41.35","Argilla sabbiosa alternata a strati calcarenitici","2b","0","Rampino","25",528277.2358,4565928.364,554
"830","U5","41.4","Argilla sabbiosa alternata a strati calcarenitici","2b","0","Rampino","25",528277.2358,4565928.364,554
"831","U5","41.45","Argilla sabbiosa alternata a strati calcarenitici","2b","0","Rampino","25",528277.2358,4565928.364,554
"832","U5","41.5","Argilla sabbiosa alternata a strati calcarenitici","2b","0","Rampino","25",528277.2358,4565928.364,554
"833","U5","41.55","Argilla sabbiosa alternata a strati calcarenitici","2b","0","Rampino","25",528277.2358,4565928.364,554
"834","U5","41.6","Argilla sabbiosa alternata a strati calcarenitici","2b","0","Rampino","25",528277.2358,4565928.364,554
"835","U5","41.65","Argilla sabbiosa alternata a strati calcarenitici","2b","0","Rampino","25",528277.2358,4565928.364,554
"836","U5","41.7","Argilla sabbiosa alternata a strati calcarenitici","2b","0","Rampino","25",528277.2358,4565928.364,554
"837","U5","41.75","Argilla sabbiosa alternata a strati calcarenitici","2b","0","Rampino","25",528277.2358,4565928.364,554
"838","U5","41.8","Argilla sabbiosa alternata a strati calcarenitici","2b","0","Rampino","25",528277.2358,4565928.364,554
"839","U5","41.85","Argilla sabbiosa alternata a strati calcarenitici","2b","0","Rampino","25",528277.2358,4565928.364,554
"840","U5","41.9","Argilla sabbiosa alternata a strati calcarenitici","2b","0","Rampino","25",528277.2358,4565928.364,554
"841","U5","41.95","Argilla sabbiosa alternata a strati calcarenitici","2b","0","Rampino","25",528277.2358,4565928.364,554
"842","U5","42","Argilla sabbiosa alternata a strati calcarenitici","2b","0","Rampino","25",528277.2358,4565928.364,554
"843","U5","42.05","Argilla sabbiosa alternata a strati calcarenitici","2b","0","Rampino","25",528277.2358,4565928.364,554
"844","U5","42.1","Argilla sabbiosa alternata a strati calcarenitici","2b","0","Rampino","25",528277.2358,4565928.364,554
"845","U5","42.15","Argilla sabbiosa alternata a strati calcarenitici","2b","0","Rampino","25",528277.2358,4565928.364,554
"846","U5","42.2","Argilla sabbiosa alternata a strati calcarenitici","2b","0","Rampino","25",528277.2358,4565928.364,554
"847","U5","42.25","Argilla sabbiosa alternata a strati calcarenitici","2b","0","Rampino","25",528277.2358,4565928.364,554
"848","U5","42.3","Argilla sabbiosa alternata a strati calcarenitici","2b","0","Rampino","25",528277.2358,4565928.364,554
"849","U5","42.35","Argilla sabbiosa alternata a strati calcarenitici","2b","0","Rampino","25",528277.2358,4565928.364,554
"850","U5","42.4","Argilla sabbiosa alternata a strati calcarenitici","2b","0","Rampino","25",528277.2358,4565928.364,554
"851","U5","42.45","Argilla sabbiosa alternata a strati calcarenitici","2b","0","Rampino","25",528277.2358,4565928.364,554
"852","U5","42.5","Argilla sabbiosa alternata a strati calcarenitici","2b","0","Rampino","25",528277.2358,4565928.364,554
"853","U5","42.55","Argilla sabbiosa alternata a strati calcarenitici","2b","0","Rampino","25",528277.2358,4565928.364,554
"854","U5","42.6","Argilla sabbiosa alternata a strati calcarenitici","2b","0","Rampino","25",528277.2358,4565928.364,554
"855","U5","42.65","Argilla sabbiosa alternata a strati calcarenitici","2b","0","Rampino","25",528277.2358,4565928.364,554
"856","U5","42.7","Argilla sabbiosa alternata a strati calcarenitici","2b","0","Rampino","25",528277.2358,4565928.364,554
"857","U5","42.75","Argilla sabbiosa alternata a strati calcarenitici","2b","0","Rampino","25",528277.2358,4565928.364,554
"858","U5","42.8","Argilla sabbiosa alternata a strati calcarenitici","2b","0","Rampino","25",528277.2358,4565928.364,554
"859","U5","42.85","Argilla sabbiosa alternata a strati calcarenitici","2b","0","Rampino","25",528277.2358,4565928.364,554
"860","U5","42.9","Argilla sabbiosa alternata a strati calcarenitici","2b","0","Rampino","25",528277.2358,4565928.364,554
"861","U5","42.95","Argilla sabbiosa alternata a strati calcarenitici","2b","0","Rampino","25",528277.2358,4565928.364,554
"862","U5","43","Argilla sabbiosa alternata a strati calcarenitici","2b","0","Rampino","25",528277.2358,4565928.364,554
"863","U5","43.05","Argilla sabbiosa alternata a strati calcarenitici","2b","0","Rampino","25",528277.2358,4565928.364,554
"864","U5","43.1","Argilla sabbiosa alternata a strati calcarenitici","2b","0","Rampino","25",528277.2358,4565928.364,554
"865","U5","43.15","Argilla sabbiosa alternata a strati calcarenitici","2b","0","Rampino","25",528277.2358,4565928.364,554
"866","U5","43.2","Argilla sabbiosa alternata a strati calcarenitici","2b","0","Rampino","25",528277.2358,4565928.364,554
"867","U5","43.25","Argilla sabbiosa alternata a strati calcarenitici","2b","0","Rampino","25",528277.2358,4565928.364,554
"868","U5","43.3","Argilla sabbiosa alternata a strati calcarenitici","2b","0","Rampino","25",528277.2358,4565928.364,554
"869","U5","43.35","Argilla sabbiosa alternata a strati calcarenitici","2b","0","Rampino","25",528277.2358,4565928.364,554
"870","U5","43.4","Argilla sabbiosa alternata a strati calcarenitici","2b","0","Rampino","25",528277.2358,4565928.364,554
"871","U5","43.45","Argilla sabbiosa alternata a strati calcarenitici","2b","0","Rampino","25",528277.2358,4565928.364,554
"872","U5","43.5","Argilla sabbiosa alternata a strati calcarenitici","2b","0","Rampino","25",528277.2358,4565928.364,554
"873","U5","43.55","Argilla sabbiosa alternata a strati calcarenitici","2b","0","Rampino","25",528277.2358,4565928.364,554
"874","U5","43.6","Argilla sabbiosa alternata a strati calcarenitici","2b","0","Rampino","25",528277.2358,4565928.364,554
"875","U5","43.65","Argilla sabbiosa alternata a strati calcarenitici","2b","0","Rampino","25",528277.2358,4565928.364,554
"876","U5","43.7","Argilla sabbiosa alternata a strati calcarenitici","2b","0","Rampino","25",528277.2358,4565928.364,554
"877","U5","43.75","Argilla sabbiosa alternata a strati calcarenitici","2b","0","Rampino","25",528277.2358,4565928.364,554
"878","U5","43.8","Argilla sabbiosa alternata a strati calcarenitici","2b","0","Rampino","25",528277.2358,4565928.364,554
"879","U5","43.85","Argilla sabbiosa alternata a strati calcarenitici","2b","0","Rampino","25",528277.2358,4565928.364,554
"880","U5","43.9","Argilla sabbiosa alternata a strati calcarenitici","2b","0","Rampino","25",528277.2358,4565928.364,554
"881","U5","43.95","Argilla sabbiosa alternata a strati calcarenitici","2b","0","Rampino","25",528277.2358,4565928.364,554
"882","U5","44","Argilla sabbiosa alternata a strati calcarenitici","2b","0","Rampino","25",528277.2358,4565928.364,554
"883","U5","44.05","Argilla sabbiosa alternata a strati calcarenitici","2b","0","Rampino","25",528277.2358,4565928.364,554
"884","U5","44.1","Argilla sabbiosa alternata a strati calcarenitici","2b","0","Rampino","25",528277.2358,4565928.364,554
"885","U5","44.15","Argilla sabbiosa alternata a strati calcarenitici","2b","0","Rampino","25",528277.2358,4565928.364,554
"886","U5","44.2","Argilla sabbiosa alternata a strati calcarenitici","2b","0","Rampino","25",528277.2358,4565928.364,554
"887","U5","44.25","Argilla sabbiosa alternata a strati calcarenitici","2b","0","Rampino","25",528277.2358,4565928.364,554
"888","U5","44.3","Argilla sabbiosa alternata a strati calcarenitici","2b","0","Rampino","25",528277.2358,4565928.364,554
"889","U5","44.35","Argilla sabbiosa alternata a strati calcarenitici","2b","0","Rampino","25",528277.2358,4565928.364,554
"890","U5","44.4","Argilla sabbiosa alternata a strati calcarenitici","2b","0","Rampino","25",528277.2358,4565928.364,554
"891","U5","44.45","Argilla sabbiosa alternata a strati calcarenitici","2b","0","Rampino","25",528277.2358,4565928.364,554
"892","U5","44.5","Argilla sabbiosa alternata a strati calcarenitici","2b","0","Rampino","25",528277.2358,4565928.364,554
"893","U5","44.55","Argilla sabbiosa alternata a strati calcarenitici","2b","0","Rampino","25",528277.2358,4565928.364,554
"894","U5","44.6","Argilla sabbiosa alternata a strati calcarenitici","2b","0","Rampino","25",528277.2358,4565928.364,554
"895","U5","44.65","Argilla sabbiosa alternata a strati calcarenitici","2b","0","Rampino","25",528277.2358,4565928.364,554
"896","U5","44.7","Argilla sabbiosa alternata a strati calcarenitici","2b","0","Rampino","25",528277.2358,4565928.364,554
"897","U5","44.75","Argilla sabbiosa alternata a strati calcarenitici","2b","0","Rampino","25",528277.2358,4565928.364,554
"898","U5","44.8","Argilla sabbiosa alternata a strati calcarenitici","2b","0","Rampino","25",528277.2358,4565928.364,554
"899","U5","44.85","Argilla sabbiosa alternata a strati calcarenitici","2b","0","Rampino","25",528277.2358,4565928.364,554
"900","U5","44.9","Argilla sabbiosa alternata a strati calcarenitici","2b","0","Rampino","25",528277.2358,4565928.364,554
"901","U5","44.95","Argilla sabbiosa alternata a strati calcarenitici","2b","0","Rampino","25",528277.2358,4565928.364,554
"902","U5","45","Argilla sabbiosa alternata a strati calcarenitici","2b","0","Rampino","25",528277.2358,4565928.364,554
"903","U5","45.05","Argilla sabbiosa alternata a strati calcarenitici","2b","0","Rampino","25",528277.2358,4565928.364,554
"904","U5","45.1","Argilla sabbiosa alternata a strati calcarenitici","2b","0","Rampino","25",528277.2358,4565928.364,554
"905","U5","45.15","Argilla sabbiosa alternata a strati calcarenitici","2b","0","Rampino","25",528277.2358,4565928.364,554
"906","U5","45.2","Argilla sabbiosa alternata a strati calcarenitici","2b","0","Rampino","25",528277.2358,4565928.364,554
"907","U5","45.25","Argilla sabbiosa alternata a strati calcarenitici","2b","0","Rampino","25",528277.2358,4565928.364,554
"908","U5","45.3","Argilla sabbiosa alternata a strati calcarenitici","2b","0","Rampino","25",528277.2358,4565928.364,554
"909","U5","45.35","Argilla sabbiosa alternata a strati calcarenitici","2b","0","Rampino","25",528277.2358,4565928.364,554
"910","U5","45.4","Argilla sabbiosa alternata a strati calcarenitici","2b","0","Rampino","25",528277.2358,4565928.364,554
"911","U5","45.45","Argilla sabbiosa alternata a strati calcarenitici","2b","0","Rampino","25",528277.2358,4565928.364,554
"912","U5","45.5","Argilla sabbiosa alternata a strati calcarenitici","2b","0","Rampino","25",528277.2358,4565928.364,554
"913","U5","45.55","Argilla sabbiosa alternata a strati calcarenitici","2b","0","Rampino","25",528277.2358,4565928.364,554
"914","U5","45.6","Argilla sabbiosa alternata a strati calcarenitici","2b","0","Rampino","25",528277.2358,4565928.364,554
"915","U5","45.65","Argilla sabbiosa alternata a strati calcarenitici","2b","0","Rampino","25",528277.2358,4565928.364,554
"916","U5","45.7","Argilla sabbiosa alternata a strati calcarenitici","2b","0","Rampino","25",528277.2358,4565928.364,554
"917","U5","45.75","Argilla sabbiosa alternata a strati calcarenitici","2b","0","Rampino","25",528277.2358,4565928.364,554
"918","U5","45.8","Argilla sabbiosa alternata a strati calcarenitici","2b","0","Rampino","25",528277.2358,4565928.364,554
"919","U5","45.85","Argilla sabbiosa alternata a strati calcarenitici","2b","0","Rampino","25",528277.2358,4565928.364,554
"920","U5","45.9","Argilla sabbiosa alternata a strati calcarenitici","2b","0","Rampino","25",528277.2358,4565928.364,554
"921","U5","45.95","Argilla sabbiosa alternata a strati calcarenitici","2b","0","Rampino","25",528277.2358,4565928.364,554
"922","U5","46","Argilla sabbiosa alternata a strati calcarenitici","2b","0","Rampino","25",528277.2358,4565928.364,554
"923","U5","46.05","Argilla sabbiosa alternata a strati calcarenitici","2b","0","Rampino","25",528277.2358,4565928.364,554
"924","U5","46.1","Argilla sabbiosa alternata a strati calcarenitici","2b","0","Rampino","25",528277.2358,4565928.364,554
"925","U5","46.15","Argilla sabbiosa alternata a strati calcarenitici","2b","0","Rampino","25",528277.2358,4565928.364,554
"926","U5","46.2","Argilla sabbiosa alternata a strati calcarenitici","2b","0","Rampino","25",528277.2358,4565928.364,554
"927","U5","46.25","Argilla sabbiosa alternata a strati calcarenitici","2b","0","Rampino","25",528277.2358,4565928.364,554
"928","U5","46.3","Argilla sabbiosa alternata a strati calcarenitici","2b","0","Rampino","25",528277.2358,4565928.364,554
"929","U5","46.35","Argilla sabbiosa alternata a strati calcarenitici","2b","0","Rampino","25",528277.2358,4565928.364,554
"930","U5","46.4","Argilla sabbiosa alternata a strati calcarenitici","2b","0","Rampino","25",528277.2358,4565928.364,554
"931","U5","46.45","Argilla sabbiosa alternata a strati calcarenitici","2b","0","Rampino","25",528277.2358,4565928.364,554
"932","U5","46.5","Argilla sabbiosa alternata a strati calcarenitici","2b","0","Rampino","25",528277.2358,4565928.364,554
"933","U5","46.55","Argilla sabbiosa alternata a strati calcarenitici","2b","0","Rampino","25",528277.2358,4565928.364,554
"934","U5","46.6","Argilla sabbiosa alternata a strati calcarenitici","2b","0","Rampino","25",528277.2358,4565928.364,554
"935","U5","46.65","Argilla sabbiosa alternata a strati calcarenitici","2b","0","Rampino","25",528277.2358,4565928.364,554
"936","U5","46.7","Argilla sabbiosa alternata a strati calcarenitici","2b","0","Rampino","25",528277.2358,4565928.364,554
"937","U5","46.75","Argilla sabbiosa alternata a strati calcarenitici","2b","0","Rampino","25",528277.2358,4565928.364,554
"938","U5","46.8","Argilla sabbiosa alternata a strati calcarenitici","2b","0","Rampino","25",528277.2358,4565928.364,554
"939","U5","46.85","Argilla sabbiosa alternata a strati calcarenitici","2b","0","Rampino","25",528277.2358,4565928.364,554
"940","U5","46.9","Argilla sabbiosa alternata a strati calcarenitici","2b","0","Rampino","25",528277.2358,4565928.364,554
"941","U5","46.95","Argilla sabbiosa alternata a strati calcarenitici","2b","0","Rampino","25",528277.2358,4565928.364,554
"942","U5","47","Argilla sabbiosa alternata a strati calcarenitici","2b","0","Rampino","25",528277.2358,4565928.364,554
"943","U5","47.05","Argilla sabbiosa alternata a strati calcarenitici","2b","0","Rampino","25",528277.2358,4565928.364,554
"944","U5","47.1","Argilla sabbiosa alternata a strati calcarenitici","2b","0","Rampino","25",528277.2358,4565928.364,554
"945","U5","47.15","Argilla sabbiosa alternata a strati calcarenitici","2b","0","Rampino","25",528277.2358,4565928.364,554
"946","U5","47.2","Argilla sabbiosa alternata a strati calcarenitici","2b","0","Rampino","25",528277.2358,4565928.364,554
"947","U5","47.25","Argilla sabbiosa alternata a strati calcarenitici","2b","0","Rampino","25",528277.2358,4565928.364,554
"948","U5","47.3","Argilla sabbiosa alternata a strati calcarenitici","2b","0","Rampino","25",528277.2358,4565928.364,554
"949","U5","47.35","Argilla sabbiosa alternata a strati calcarenitici","2b","0","Rampino","25",528277.2358,4565928.364,554
"950","U5","47.4","Argilla sabbiosa alternata a strati calcarenitici","2b","0","Rampino","25",528277.2358,4565928.364,554
"951","U5","47.45","Argilla sabbiosa alternata a strati calcarenitici","2b","0","Rampino","25",528277.2358,4565928.364,554
"952","U5","47.5","Argilla sabbiosa alternata a strati calcarenitici","2b","0","Rampino","25",528277.2358,4565928.364,554
"953","U5","47.55","Argilla sabbiosa alternata a strati calcarenitici","2b","0","Rampino","25",528277.2358,4565928.364,554
"954","U5","47.6","Argilla sabbiosa alternata a strati calcarenitici","2b","0","Rampino","25",528277.2358,4565928.364,554
"955","U5","47.65","Argilla sabbiosa alternata a strati calcarenitici","2b","0","Rampino","25",528277.2358,4565928.364,554
"956","U5","47.7","Argilla sabbiosa alternata a strati calcarenitici","2b","0","Rampino","25",528277.2358,4565928.364,554
"957","U5","47.75","Argilla sabbiosa alternata a strati calcarenitici","2b","0","Rampino","25",528277.2358,4565928.364,554
"958","U5","47.8","Argilla sabbiosa alternata a strati calcarenitici","2b","0","Rampino","25",528277.2358,4565928.364,554
"959","U5","47.85","Argilla sabbiosa alternata a strati calcarenitici","2b","0","Rampino","25",528277.2358,4565928.364,554
"960","U5","47.9","Argilla sabbiosa alternata a strati calcarenitici","2b","0","Rampino","25",528277.2358,4565928.364,554
"961","U5","47.95","Argilla sabbiosa alternata a strati calcarenitici","2b","0","Rampino","25",528277.2358,4565928.364,554
"962","U5","48","Argilla sabbiosa alternata a strati calcarenitici","2b","0","Rampino","25",528277.2358,4565928.364,554
"963","U5","48.05","Argilla sabbiosa alternata a strati calcarenitici","2b","0","Rampino","25",528277.2358,4565928.364,554
"964","U5","48.1","Argilla sabbiosa alternata a strati calcarenitici","2b","0","Rampino","25",528277.2358,4565928.364,554
"965","U5","48.15","Argilla sabbiosa alternata a strati calcarenitici","2b","0","Rampino","25",528277.2358,4565928.364,554
"966","U5","48.2","Argilla sabbiosa alternata a strati calcarenitici","2b","0","Rampino","25",528277.2358,4565928.364,554
"967","U5","48.25","Argilla sabbiosa alternata a strati calcarenitici","2b","0","Rampino","25",528277.2358,4565928.364,554
"968","U5","48.3","Argilla sabbiosa alternata a strati calcarenitici","2b","0","Rampino","25",528277.2358,4565928.364,554
"969","U5","48.35","Argilla sabbiosa alternata a strati calcarenitici","2b","0","Rampino","25",528277.2358,4565928.364,554
"970","U5","48.4","Argilla sabbiosa alternata a strati calcarenitici","2b","0","Rampino","25",528277.2358,4565928.364,554
"971","U5","48.45","Argilla sabbiosa alternata a strati calcarenitici","2b","0","Rampino","25",528277.2358,4565928.364,554
"972","U5","48.5","Argilla sabbiosa alternata a strati calcarenitici","2b","0","Rampino","25",528277.2358,4565928.364,554
"973","U5","48.55","Argilla sabbiosa alternata a strati calcarenitici","2b","0","Rampino","25",528277.2358,4565928.364,554
"974","U5","48.6","Argilla sabbiosa alternata a strati calcarenitici","2b","0","Rampino","25",528277.2358,4565928.364,554
"975","U5","48.65","Argilla sabbiosa alternata a strati calcarenitici","2b","0","Rampino","25",528277.2358,4565928.364,554
"976","U5","48.7","Argilla sabbiosa alternata a strati calcarenitici","2b","0","Rampino","25",528277.2358,4565928.364,554
"977","U5","48.75","Argilla sabbiosa alternata a strati calcarenitici","2b","0","Rampino","25",528277.2358,4565928.364,554
"978","U5","48.8","Argilla sabbiosa alternata a strati calcarenitici","2b","0","Rampino","25",528277.2358,4565928.364,554
"979","U5","48.85","Argilla sabbiosa alternata a strati calcarenitici","2b","0","Rampino","25",528277.2358,4565928.364,554
"980","U5","48.9","Argilla sabbiosa alternata a strati calcarenitici","2b","0","Rampino","25",528277.2358,4565928.364,554
"981","U5","48.95","Argilla sabbiosa alternata a strati calcarenitici","2b","0","Rampino","25",528277.2358,4565928.364,554
"982","U5","49","Argilla sabbiosa alternata a strati calcarenitici","2b","0","Rampino","25",528277.2358,4565928.364,554
"983","U5","49.05","Argilla sabbiosa alternata a strati calcarenitici","2b","0","Rampino","25",528277.2358,4565928.364,554
"984","U5","49.1","Argilla sabbiosa alternata a strati calcarenitici","2b","0","Rampino","25",528277.2358,4565928.364,554
"985","U5","49.15","Argilla sabbiosa alternata a strati calcarenitici","2b","0","Rampino","25",528277.2358,4565928.364,554
"986","U5","49.2","Argilla sabbiosa alternata a strati calcarenitici","2b","0","Rampino","25",528277.2358,4565928.364,554
"987","U5","49.25","Argilla sabbiosa alternata a strati calcarenitici","2b","0","Rampino","25",528277.2358,4565928.364,554
"988","U5","49.3","Argilla sabbiosa alternata a strati calcarenitici","2b","0","Rampino","25",528277.2358,4565928.364,554
"989","U5","49.35","Argilla sabbiosa alternata a strati calcarenitici","2b","0","Rampino","25",528277.2358,4565928.364,554
"990","U5","49.4","Argilla sabbiosa alternata a strati calcarenitici","2b","0","Rampino","25",528277.2358,4565928.364,554
"991","U5","49.45","Argilla sabbiosa alternata a strati calcarenitici","2b","0","Rampino","25",528277.2358,4565928.364,554
"992","U5","49.5","Argilla sabbiosa alternata a strati calcarenitici","2b","0","Rampino","25",528277.2358,4565928.364,554
"993","U5","49.55","Argilla sabbiosa alternata a strati calcarenitici","2b","0","Rampino","25",528277.2358,4565928.364,554
"994","U5","49.6","Argilla sabbiosa alternata a strati calcarenitici","2b","0","Rampino","25",528277.2358,4565928.364,554
"995","U5","49.65","Argilla sabbiosa alternata a strati calcarenitici","2b","0","Rampino","25",528277.2358,4565928.364,554
"996","U5","49.7","Argilla sabbiosa alternata a strati calcarenitici","2b","0","Rampino","25",528277.2358,4565928.364,554
"997","U5","49.75","Argilla sabbiosa alternata a strati calcarenitici","2b","0","Rampino","25",528277.2358,4565928.364,554
"998","U5","49.8","Argilla sabbiosa alternata a strati calcarenitici","2b","0","Rampino","25",528277.2358,4565928.364,554
"999","U5","49.85","Argilla sabbiosa alternata a strati calcarenitici","2b","0","Rampino","25",528277.2358,4565928.364,554
"1000","U5","49.9","Argilla sabbiosa alternata a strati calcarenitici","2b","0","Rampino","25",528277.2358,4565928.364,554
"1001","U5","49.95","Argilla sabbiosa alternata a strati calcarenitici","2b","0","Rampino","25",528277.2358,4565928.364,554
"1002","U5","50","Argilla sabbiosa alternata a strati calcarenitici","2b","0","Rampino","25",528277.2358,4565928.364,554
"1003","U5","50.05","Argilla sabbiosa alternata a strati calcarenitici","2b","0","Rampino","25",528277.2358,4565928.364,554
"1004","U5","50.1","Argilla sabbiosa alternata a strati calcarenitici","2b","0","Rampino","25",528277.2358,4565928.364,554
"1005","U5","50.15","Argilla sabbiosa alternata a strati calcarenitici","2b","0","Rampino","25",528277.2358,4565928.364,554
"1006","U5","50.2","Argilla sabbiosa alternata a strati calcarenitici","2b","0","Rampino","25",528277.2358,4565928.364,554
"1007","U5","50.25","Argilla sabbiosa alternata a strati calcarenitici","2b","0","Rampino","25",528277.2358,4565928.364,554
"1008","U5","50.3","Argilla sabbiosa alternata a strati calcarenitici","2b","0","Rampino","25",528277.2358,4565928.364,554
"1009","U5","50.35","Argilla sabbiosa alternata a strati calcarenitici","2b","0","Rampino","25",528277.2358,4565928.364,554
"1010","U5","50.4","Argilla sabbiosa alternata a strati calcarenitici","2b","0","Rampino","25",528277.2358,4565928.364,554
"1011","U5","50.45","Argilla sabbiosa alternata a strati calcarenitici","2b","0","Rampino","25",528277.2358,4565928.364,554
"1012","U5","50.5","Argilla sabbiosa alternata a strati calcarenitici","2b","0","Rampino","25",528277.2358,4565928.364,554
"1013","U5","50.55","Argilla sabbiosa alternata a strati calcarenitici","2b","0","Rampino","25",528277.2358,4565928.364,554
"1014","U5","50.6","Argilla sabbiosa alternata a strati calcarenitici","2b","0","Rampino","25",528277.2358,4565928.364,554
"1015","U5","50.65","Argilla sabbiosa alternata a strati calcarenitici","2b","0","Rampino","25",528277.2358,4565928.364,554
"1016","U5","50.7","Argilla sabbiosa alternata a strati calcarenitici","2b","0","Rampino","25",528277.2358,4565928.364,554
"1017","U5","50.75","Argilla sabbiosa alternata a strati calcarenitici","2b","0","Rampino","25",528277.2358,4565928.364,554
"1018","U5","50.8","Argilla sabbiosa alternata a strati calcarenitici","2b","0","Rampino","25",528277.2358,4565928.364,554
"1019","U5","50.85","Argilla sabbiosa alternata a strati calcarenitici","2b","0","Rampino","25",528277.2358,4565928.364,554
"1020","U5","50.9","Argilla sabbiosa alternata a strati calcarenitici","2b","0","Rampino","25",528277.2358,4565928.364,554
"1021","U5","50.95","Argilla sabbiosa alternata a strati calcarenitici","2b","0","Rampino","25",528277.2358,4565928.364,554
"1022","U5","51","Argilla sabbiosa alternata a strati calcarenitici","2b","0","Rampino","25",528277.2358,4565928.364,554
"1023","U5","51.05","Argilla sabbiosa alternata a strati calcarenitici","2b","0","Rampino","25",528277.2358,4565928.364,554
"1024","U5","51.1","Argilla sabbiosa alternata a strati calcarenitici","2b","0","Rampino","25",528277.2358,4565928.364,554
"1025","U5","51.15","Argilla sabbiosa alternata a strati calcarenitici","2b","0","Rampino","25",528277.2358,4565928.364,554
"1026","U5","51.2","Argilla sabbiosa alternata a strati calcarenitici","2b","0","Rampino","25",528277.2358,4565928.364,554
"1027","U5","51.25","Argilla sabbiosa alternata a strati calcarenitici","2b","0","Rampino","25",528277.2358,4565928.364,554
"1028","U5","51.3","Argilla sabbiosa alternata a strati calcarenitici","2b","0","Rampino","25",528277.2358,4565928.364,554
"1029","U5","51.35","Argilla sabbiosa alternata a strati calcarenitici","2b","0","Rampino","25",528277.2358,4565928.364,554
"1030","U5","51.4","Argilla sabbiosa alternata a strati calcarenitici","2b","0","Rampino","25",528277.2358,4565928.364,554
"1031","U5","51.45","Argilla sabbiosa alternata a strati calcarenitici","2b","0","Rampino","25",528277.2358,4565928.364,554
"1032","U5","51.5","Argilla sabbiosa alternata a strati calcarenitici","2b","0","Rampino","25",528277.2358,4565928.364,554
"1033","U5","51.55","Argilla sabbiosa alternata a strati calcarenitici","2b","0","Rampino","25",528277.2358,4565928.364,554
"1034","U5","51.6","Argilla sabbiosa alternata a strati calcarenitici","2b","0","Rampino","25",528277.2358,4565928.364,554
"1035","U5","51.65","Argilla sabbiosa alternata a strati calcarenitici","2b","0","Rampino","25",528277.2358,4565928.364,554
"1036","U5","51.7","Argilla sabbiosa alternata a strati calcarenitici","2b","0","Rampino","25",528277.2358,4565928.364,554
"1037","U5","51.75","Argilla sabbiosa alternata a strati calcarenitici","2b","0","Rampino","25",528277.2358,4565928.364,554
"1038","U5","51.8","Argilla sabbiosa alternata a strati calcarenitici","2b","0","Rampino","25",528277.2358,4565928.364,554
"1039","U5","51.85","Argilla sabbiosa alternata a strati calcarenitici","2b","0","Rampino","25",528277.2358,4565928.364,554
"1040","U5","51.9","Argilla sabbiosa alternata a strati calcarenitici","2b","0","Rampino","25",528277.2358,4565928.364,554
"1041","U5","51.95","Argilla sabbiosa alternata a strati calcarenitici","2b","0","Rampino","25",528277.2358,4565928.364,554
"1042","U5","52","Argilla sabbiosa alternata a strati calcarenitici","2b","0","Rampino","25",528277.2358,4565928.364,554
"1043","U5","52.05","Argilla sabbiosa alternata a strati calcarenitici","2b","0","Rampino","25",528277.2358,4565928.364,554
"1044","U5","52.1","Argilla sabbiosa alternata a strati calcarenitici","2b","0","Rampino","25",528277.2358,4565928.364,554
"1045","U5","52.15","Argilla sabbiosa alternata a strati calcarenitici","2b","0","Rampino","25",528277.2358,4565928.364,554
"1046","U5","52.2","Argilla sabbiosa alternata a strati calcarenitici","2b","0","Rampino","25",528277.2358,4565928.364,554
"1047","U5","52.25","Argilla sabbiosa alternata a strati calcarenitici","2b","0","Rampino","25",528277.2358,4565928.364,554
"1048","U5","52.3","Argilla sabbiosa alternata a strati calcarenitici","2b","0","Rampino","25",528277.2358,4565928.364,554
"1049","U5","52.35","Argilla sabbiosa alternata a strati calcarenitici","2b","0","Rampino","25",528277.2358,4565928.364,554
"1050","U5","52.4","Argilla sabbiosa alternata a strati calcarenitici","2b","0","Rampino","25",528277.2358,4565928.364,554
"1051","U5","52.45","Argilla sabbiosa alternata a strati calcarenitici","2b","0","Rampino","25",528277.2358,4565928.364,554
"1052","U5","52.5","Argilla sabbiosa alternata a strati calcarenitici","2b","0","Rampino","25",528277.2358,4565928.364,554
"1053","U5","52.55","Argilla sabbiosa alternata a strati calcarenitici","2b","0","Rampino","25",528277.2358,4565928.364,554
"1054","U5","52.6","Argilla sabbiosa alternata a strati calcarenitici","2b","0","Rampino","25",528277.2358,4565928.364,554
"1055","U5","52.65","Argilla sabbiosa alternata a strati calcarenitici","2b","0","Rampino","25",528277.2358,4565928.364,554
"1056","U5","52.7","Argilla sabbiosa alternata a strati calcarenitici","2b","0","Rampino","25",528277.2358,4565928.364,554
"1057","U5","52.75","Argilla sabbiosa alternata a strati calcarenitici","2b","0","Rampino","25",528277.2358,4565928.364,554
"1058","U5","52.8","Argilla sabbiosa alternata a strati calcarenitici","2b","0","Rampino","25",528277.2358,4565928.364,554
"1059","U5","52.85","Argilla sabbiosa alternata a strati calcarenitici","2b","0","Rampino","25",528277.2358,4565928.364,554
"1060","U5","52.9","Argilla sabbiosa alternata a strati calcarenitici","2b","0","Rampino","25",528277.2358,4565928.364,554
"1061","U5","52.95","Argilla sabbiosa alternata a strati calcarenitici","2b","0","Rampino","25",528277.2358,4565928.364,554
"1062","U5","53","Argilla sabbiosa alternata a strati calcarenitici","2b","0","Rampino","25",528277.2358,4565928.364,554
"1063","U5","53.05","Argilla sabbiosa alternata a strati calcarenitici","2b","0","Rampino","25",528277.2358,4565928.364,554
"1064","U5","53.1","Argilla sabbiosa alternata a strati calcarenitici","2b","0","Rampino","25",528277.2358,4565928.364,554
"1065","U5","53.15","Argilla sabbiosa alternata a strati calcarenitici","2b","0","Rampino","25",528277.2358,4565928.364,554
"1066","U5","53.2","Argilla sabbiosa alternata a strati calcarenitici","2b","0","Rampino","25",528277.2358,4565928.364,554
"1067","U5","53.25","Argilla sabbiosa alternata a strati calcarenitici","2b","0","Rampino","25",528277.2358,4565928.364,554
"1068","U5","53.3","Argilla sabbiosa alternata a strati calcarenitici","2b","0","Rampino","25",528277.2358,4565928.364,554
"1069","U5","53.35","Argilla sabbiosa alternata a strati calcarenitici","2b","0","Rampino","25",528277.2358,4565928.364,554
"1070","U5","53.4","Argilla sabbiosa alternata a strati calcarenitici","2b","0","Rampino","25",528277.2358,4565928.364,554
"1071","U5","53.45","Argilla sabbiosa alternata a strati calcarenitici","2b","0","Rampino","25",528277.2358,4565928.364,554
"1072","U5","53.5","Argilla sabbiosa alternata a strati calcarenitici","2b","0","Rampino","25",528277.2358,4565928.364,554
"1073","U5","53.55","Argilla sabbiosa alternata a strati calcarenitici","2b","0","Rampino","25",528277.2358,4565928.364,554
"1074","U5","53.6","Argilla sabbiosa alternata a strati calcarenitici","2b","0","Rampino","25",528277.2358,4565928.364,554
"1075","U5","53.65","Argilla sabbiosa alternata a strati calcarenitici","2b","0","Rampino","25",528277.2358,4565928.364,554
"1076","U5","53.7","Argilla sabbiosa alternata a strati calcarenitici","2b","0","Rampino","25",528277.2358,4565928.364,554
"1077","U5","53.75","Argilla sabbiosa alternata a strati calcarenitici","2b","0","Rampino","25",528277.2358,4565928.364,554
"1078","U5","53.8","Argilla sabbiosa alternata a strati calcarenitici","2b","0","Rampino","25",528277.2358,4565928.364,554
"1079","U5","53.85","Argilla sabbiosa alternata a strati calcarenitici","2b","0","Rampino","25",528277.2358,4565928.364,554
"1080","U5","53.9","Argilla sabbiosa alternata a strati calcarenitici","2b","0","Rampino","25",528277.2358,4565928.364,554
"1081","U5","53.95","Argilla sabbiosa alternata a strati calcarenitici","2b","0","Rampino","25",528277.2358,4565928.364,554
"1082","U5","54","Argilla sabbiosa alternata a strati calcarenitici","2b","0","Rampino","25",528277.2358,4565928.364,554
"1083","U5","54.05","Argilla sabbiosa alternata a strati calcarenitici","2b","0","Rampino","25",528277.2358,4565928.364,554
"1084","U5","54.1","Argilla sabbiosa alternata a strati calcarenitici","2b","0","Rampino","25",528277.2358,4565928.364,554
"1085","U5","54.15","Argilla sabbiosa alternata a strati calcarenitici","2b","0","Rampino","25",528277.2358,4565928.364,554
"1086","U5","54.2","Argilla sabbiosa alternata a strati calcarenitici","2b","0","Rampino","25",528277.2358,4565928.364,554
"1087","U5","54.25","Argilla sabbiosa alternata a strati calcarenitici","2b","0","Rampino","25",528277.2358,4565928.364,554
"1088","U5","54.3","Argilla sabbiosa alternata a strati calcarenitici","2b","0","Rampino","25",528277.2358,4565928.364,554
"1089","U5","54.35","Argilla sabbiosa alternata a strati calcarenitici","2b","0","Rampino","25",528277.2358,4565928.364,554
"1090","U5","54.4","Argilla sabbiosa alternata a strati calcarenitici","2b","0","Rampino","25",528277.2358,4565928.364,554
"1091","U5","54.45","Argilla sabbiosa alternata a strati calcarenitici","2b","0","Rampino","25",528277.2358,4565928.364,554
"1092","U5","54.5","Argilla sabbiosa alternata a strati calcarenitici","2b","0","Rampino","25",528277.2358,4565928.364,554
"1093","U5","54.55","Argilla sabbiosa alternata a strati calcarenitici","2b","0","Rampino","25",528277.2358,4565928.364,554
"1094","U5","54.6","Argilla sabbiosa alternata a strati calcarenitici","2b","0","Rampino","25",528277.2358,4565928.364,554
"1095","U5","54.65","Argilla sabbiosa alternata a strati calcarenitici","2b","0","Rampino","25",528277.2358,4565928.364,554
"1096","U5","54.7","Argilla sabbiosa alternata a strati calcarenitici","2b","0","Rampino","25",528277.2358,4565928.364,554
"1097","U5","54.75","Argilla sabbiosa alternata a strati calcarenitici","2b","0","Rampino","25",528277.2358,4565928.364,554
"1098","U5","54.8","Argilla sabbiosa alternata a strati calcarenitici","2b","0","Rampino","25",528277.2358,4565928.364,554
"1099","U5","54.85","Argilla sabbiosa alternata a strati calcarenitici","2b","0","Rampino","25",528277.2358,4565928.364,554
"1100","U5","54.9","Argilla sabbiosa alternata a strati calcarenitici","2b","0","Rampino","25",528277.2358,4565928.364,554
"1101","U5","54.95","Argilla sabbiosa alternata a strati calcarenitici","2b","0","Rampino","25",528277.2358,4565928.364,554
"1102","U5","55","Argilla sabbiosa alternata a strati calcarenitici","2b","0","Rampino","25",528277.2358,4565928.364,554
"1103","U5","55.05","Argilla sabbiosa alternata a strati calcarenitici","2b","0","Rampino","25",528277.2358,4565928.364,554
"1104","U5","55.1","Argilla sabbiosa alternata a strati calcarenitici","2b","0","Rampino","25",528277.2358,4565928.364,554
"1105","U5","55.15","Argilla sabbiosa alternata a strati calcarenitici","2b","0","Rampino","25",528277.2358,4565928.364,554
"1106","U5","55.2","Argilla sabbiosa alternata a strati calcarenitici","2b","0","Rampino","25",528277.2358,4565928.364,554
"1107","U5","55.25","Argilla sabbiosa alternata a strati calcarenitici","2b","0","Rampino","25",528277.2358,4565928.364,554
"1108","U5","55.3","Argilla sabbiosa alternata a strati calcarenitici","2b","0","Rampino","25",528277.2358,4565928.364,554
"1109","U5","55.35","Argilla sabbiosa alternata a strati calcarenitici","2b","0","Rampino","25",528277.2358,4565928.364,554
"1110","U5","55.4","Argilla sabbiosa alternata a strati calcarenitici","2b","0","Rampino","25",528277.2358,4565928.364,554
"1111","U5","55.45","Argilla sabbiosa alternata a strati calcarenitici","2b","0","Rampino","25",528277.2358,4565928.364,554
"1112","U5","55.5","Argilla sabbiosa alternata a strati calcarenitici","2b","0","Rampino","25",528277.2358,4565928.364,554
"1113","U5","55.55","Argilla sabbiosa alternata a strati calcarenitici","2b","0","Rampino","25",528277.2358,4565928.364,554
"1114","U5","55.6","Argilla sabbiosa alternata a strati calcarenitici","2b","0","Rampino","25",528277.2358,4565928.364,554
"1115","U5","55.65","Argilla sabbiosa alternata a strati calcarenitici","2b","0","Rampino","25",528277.2358,4565928.364,554
"1116","U5","55.7","Argilla sabbiosa alternata a strati calcarenitici","2b","0","Rampino","25",528277.2358,4565928.364,554
"1117","U5","55.75","Argilla sabbiosa alternata a strati calcarenitici","2b","0","Rampino","25",528277.2358,4565928.364,554
"1118","U5","55.8","Argilla sabbiosa alternata a strati calcarenitici","2b","0","Rampino","25",528277.2358,4565928.364,554
"1119","U5","55.85","Argilla sabbiosa alternata a strati calcarenitici","2b","0","Rampino","25",528277.2358,4565928.364,554
"1120","U5","55.9","Argilla sabbiosa alternata a strati calcarenitici","2b","0","Rampino","25",528277.2358,4565928.364,554
"1121","U5","55.95","Argilla sabbiosa alternata a strati calcarenitici","2b","0","Rampino","25",528277.2358,4565928.364,554
"1122","U5","56","Argilla sabbiosa alternata a strati calcarenitici","2b","0","Rampino","25",528277.2358,4565928.364,554
"1123","U5","56.05","Argilla sabbiosa alternata a strati calcarenitici","2b","0","Rampino","25",528277.2358,4565928.364,554
"1124","U5","56.1","Argilla sabbiosa alternata a strati calcarenitici","2b","0","Rampino","25",528277.2358,4565928.364,554
"1125","U5","56.15","Argilla sabbiosa alternata a strati calcarenitici","2b","0","Rampino","25",528277.2358,4565928.364,554
"1126","U5","56.2","Argilla sabbiosa alternata a strati calcarenitici","2b","0","Rampino","25",528277.2358,4565928.364,554
"1127","U5","56.25","Argilla sabbiosa alternata a strati calcarenitici","2b","0","Rampino","25",528277.2358,4565928.364,554
"1128","U5","56.3","Argilla sabbiosa alternata a strati calcarenitici","2b","0","Rampino","25",528277.2358,4565928.364,554
"1129","U5","56.35","Argilla sabbiosa alternata a strati calcarenitici","2b","0","Rampino","25",528277.2358,4565928.364,554
"1130","U5","56.4","Argilla sabbiosa alternata a strati calcarenitici","2b","0","Rampino","25",528277.2358,4565928.364,554
"1131","U5","56.45","Argilla sabbiosa alternata a strati calcarenitici","2b","0","Rampino","25",528277.2358,4565928.364,554
"1132","U5","56.5","Argilla sabbiosa alternata a strati calcarenitici","2b","0","Rampino","25",528277.2358,4565928.364,554
"1133","U5","56.55","Argilla sabbiosa alternata a strati calcarenitici","2b","0","Rampino","25",528277.2358,4565928.364,554
"1134","U5","56.6","Argilla sabbiosa alternata a strati calcarenitici","2b","0","Rampino","25",528277.2358,4565928.364,554
"1135","U5","56.65","Argilla sabbiosa alternata a strati calcarenitici","2b","0","Rampino","25",528277.2358,4565928.364,554
"1136","U5","56.7","Argilla sabbiosa alternata a strati calcarenitici","2b","0","Rampino","25",528277.2358,4565928.364,554
"1137","U5","56.75","Argilla sabbiosa alternata a strati calcarenitici","2b","0","Rampino","25",528277.2358,4565928.364,554
"1138","U5","56.8","Argilla sabbiosa alternata a strati calcarenitici","2b","0","Rampino","25",528277.2358,4565928.364,554
"1139","U5","56.85","Argilla sabbiosa alternata a strati calcarenitici","2b","0","Rampino","25",528277.2358,4565928.364,554
"1140","U5","56.9","Argilla sabbiosa alternata a strati calcarenitici","2b","0","Rampino","25",528277.2358,4565928.364,554
"1141","U5","56.95","Argilla sabbiosa alternata a strati calcarenitici","2b","0","Rampino","25",528277.2358,4565928.364,554
"1142","U5","57","Argilla sabbiosa alternata a strati calcarenitici","2b","0","Rampino","25",528277.2358,4565928.364,554
"1143","U5","57.05","Argilla sabbiosa alternata a strati calcarenitici","2b","0","Rampino","25",528277.2358,4565928.364,554
"1144","U5","57.1","Argilla sabbiosa alternata a strati calcarenitici","2b","0","Rampino","25",528277.2358,4565928.364,554
"1145","U5","57.15","Argilla sabbiosa alternata a strati calcarenitici","2b","0","Rampino","25",528277.2358,4565928.364,554
"1146","U5","57.2","Argilla sabbiosa alternata a strati calcarenitici","2b","0","Rampino","25",528277.2358,4565928.364,554
"1147","U5","57.25","Argilla sabbiosa alternata a strati calcarenitici","2b","0","Rampino","25",528277.2358,4565928.364,554
"1148","U5","57.3","Argilla sabbiosa alternata a strati calcarenitici","2b","0","Rampino","25",528277.2358,4565928.364,554
"1149","U5","57.35","Argilla sabbiosa alternata a strati calcarenitici","2b","0","Rampino","25",528277.2358,4565928.364,554
"1150","U5","57.4","Argilla sabbiosa alternata a strati calcarenitici","2b","0","Rampino","25",528277.2358,4565928.364,554
"1151","U5","57.45","Argilla sabbiosa alternata a strati calcarenitici","2b","0","Rampino","25",528277.2358,4565928.364,554
"1152","U5","57.5","Argilla sabbiosa alternata a strati calcarenitici","2b","0","Rampino","25",528277.2358,4565928.364,554
"1153","U5","57.55","Argilla sabbiosa alternata a strati calcarenitici","2b","0","Rampino","25",528277.2358,4565928.364,554
"1154","U5","57.6","Argilla sabbiosa alternata a strati calcarenitici","2b","0","Rampino","25",528277.2358,4565928.364,554
"1155","U5","57.65","Argilla sabbiosa alternata a strati calcarenitici","2b","0","Rampino","25",528277.2358,4565928.364,554
"1156","U5","57.7","Argilla sabbiosa alternata a strati calcarenitici","2b","0","Rampino","25",528277.2358,4565928.364,554
"1157","U5","57.75","Argilla sabbiosa alternata a strati calcarenitici","2b","0","Rampino","25",528277.2358,4565928.364,554
"1158","U5","57.8","Argilla sabbiosa alternata a strati calcarenitici","2b","0","Rampino","25",528277.2358,4565928.364,554
"1159","U5","57.85","Argilla sabbiosa alternata a strati calcarenitici","2b","0","Rampino","25",528277.2358,4565928.364,554
"1160","U5","57.9","Argilla sabbiosa alternata a strati calcarenitici","2b","0","Rampino","25",528277.2358,4565928.364,554
"1161","U5","57.95","Argilla sabbiosa alternata a strati calcarenitici","2b","0","Rampino","25",528277.2358,4565928.364,554
"1162","U5","58","Argilla sabbiosa alternata a strati calcarenitici","2b","0","Rampino","25",528277.2358,4565928.364,554
"1163","U5","58.05","Argilla sabbiosa alternata a strati calcarenitici","2b","0","Rampino","25",528277.2358,4565928.364,554
"1164","U5","58.1","Argilla sabbiosa alternata a strati calcarenitici","2b","0","Rampino","25",528277.2358,4565928.364,554
"1165","U5","58.15","Argilla sabbiosa alternata a strati calcarenitici","2b","0","Rampino","25",528277.2358,4565928.364,554
"1166","U5","58.2","Argilla sabbiosa alternata a strati calcarenitici","2b","0","Rampino","25",528277.2358,4565928.364,554
"1167","U5","58.25","Argilla sabbiosa alternata a strati calcarenitici","2b","0","Rampino","25",528277.2358,4565928.364,554
"1168","U5","58.3","Argilla sabbiosa alternata a strati calcarenitici","2b","0","Rampino","25",528277.2358,4565928.364,554
"1169","U5","58.35","Argilla sabbiosa alternata a strati calcarenitici","2b","0","Rampino","25",528277.2358,4565928.364,554
"1170","U5","58.4","Argilla sabbiosa alternata a strati calcarenitici","2b","0","Rampino","25",528277.2358,4565928.364,554
"1171","U5","58.45","Argilla sabbiosa alternata a strati calcarenitici","2b","0","Rampino","25",528277.2358,4565928.364,554
"1172","U5","58.5","Argilla sabbiosa alternata a strati calcarenitici","2b","0","Rampino","25",528277.2358,4565928.364,554
"1173","U5","58.55","Argilla sabbiosa alternata a strati calcarenitici","2b","0","Rampino","25",528277.2358,4565928.364,554
"1174","U5","58.6","Argilla sabbiosa alternata a strati calcarenitici","2b","0","Rampino","25",528277.2358,4565928.364,554
"1175","U5","58.65","Argilla sabbiosa alternata a strati calcarenitici","2b","0","Rampino","25",528277.2358,4565928.364,554
"1176","U5","58.7","Argilla sabbiosa alternata a strati calcarenitici","2b","0","Rampino","25",528277.2358,4565928.364,554
"1177","U5","58.75","Argilla sabbiosa alternata a strati calcarenitici","2b","0","Rampino","25",528277.2358,4565928.364,554
"1178","U5","58.8","Argilla sabbiosa alternata a strati calcarenitici","2b","0","Rampino","25",528277.2358,4565928.364,554
"1179","U5","58.85","Argilla sabbiosa alternata a strati calcarenitici","2b","0","Rampino","25",528277.2358,4565928.364,554
"1180","U5","58.9","Argilla sabbiosa alternata a strati calcarenitici","2b","0","Rampino","25",528277.2358,4565928.364,554
"1181","U5","58.95","Argilla sabbiosa alternata a strati calcarenitici","2b","0","Rampino","25",528277.2358,4565928.364,554
"1182","U5","59","Argilla sabbiosa alternata a strati calcarenitici","2b","0","Rampino","25",528277.2358,4565928.364,554
"1183","U5","59.05","Argilla sabbiosa alternata a strati calcarenitici","2b","0","Rampino","25",528277.2358,4565928.364,554
"1184","U5","59.1","Argilla sabbiosa alternata a strati calcarenitici","2b","0","Rampino","25",528277.2358,4565928.364,554
"1185","U5","59.15","Argilla sabbiosa alternata a strati calcarenitici","2b","0","Rampino","25",528277.2358,4565928.364,554
"1186","U5","59.2","Argilla sabbiosa alternata a strati calcarenitici","2b","0","Rampino","25",528277.2358,4565928.364,554
"1187","U5","59.25","Argilla sabbiosa alternata a strati calcarenitici","2b","0","Rampino","25",528277.2358,4565928.364,554
"1188","U5","59.3","Argilla sabbiosa alternata a strati calcarenitici","2b","0","Rampino","25",528277.2358,4565928.364,554
"1189","U5","59.35","Argilla sabbiosa alternata a strati calcarenitici","2b","0","Rampino","25",528277.2358,4565928.364,554
"1190","U5","59.4","Argilla sabbiosa alternata a strati calcarenitici","2b","0","Rampino","25",528277.2358,4565928.364,554
"1191","U5","59.45","Argilla sabbiosa alternata a strati calcarenitici","2b","0","Rampino","25",528277.2358,4565928.364,554
"1192","U5","59.5","Argilla sabbiosa alternata a strati calcarenitici","2b","0","Rampino","25",528277.2358,4565928.364,554
"1193","U5","59.55","Argilla sabbiosa alternata a strati calcarenitici","2b","0","Rampino","25",528277.2358,4565928.364,554
"1194","U5","59.6","Argilla sabbiosa alternata a strati calcarenitici","2b","0","Rampino","25",528277.2358,4565928.364,554
"1195","U5","59.65","Argilla sabbiosa alternata a strati calcarenitici","2b","0","Rampino","25",528277.2358,4565928.364,554
"1196","U5","59.7","Argilla sabbiosa alternata a strati calcarenitici","2b","0","Rampino","25",528277.2358,4565928.364,554
"1197","U5","59.75","Argilla sabbiosa alternata a strati calcarenitici","2b","0","Rampino","25",528277.2358,4565928.364,554
"1198","U5","59.8","Argilla sabbiosa alternata a strati calcarenitici","2b","0","Rampino","25",528277.2358,4565928.364,554
"1199","U5","59.85","Argilla sabbiosa alternata a strati calcarenitici","2b","0","Rampino","25",528277.2358,4565928.364,554
"1200","U5","59.9","Argilla sabbiosa alternata a strati calcarenitici","2b","0","Rampino","25",528277.2358,4565928.364,554
"1201","U5","59.95","Argilla sabbiosa alternata a strati calcarenitici","2b","0","Rampino","25",528277.2358,4565928.364,554
"1202","U5","60","Argilla sabbiosa alternata a strati calcarenitici","2b","0","Rampino","25",528277.2358,4565928.364,554
"1203","U5","60.05","Argilla sabbiosa alternata a strati calcarenitici","2b","0","Rampino","25",528277.2358,4565928.364,554
"1204","U5","60.1","Argilla sabbiosa alternata a strati calcarenitici","2b","0","Rampino","25",528277.2358,4565928.364,554
"1205","U5","60.15","Argilla sabbiosa alternata a strati calcarenitici","2b","0","Rampino","25",528277.2358,4565928.364,554
"1206","U5","60.2","Argilla sabbiosa alternata a strati calcarenitici","2b","0","Rampino","25",528277.2358,4565928.364,554
"1207","U5","60.25","Argilla sabbiosa alternata a strati calcarenitici","2b","0","Rampino","25",528277.2358,4565928.364,554
"1208","U5","60.3","Argilla sabbiosa alternata a strati calcarenitici","2b","0","Rampino","25",528277.2358,4565928.364,554
"1209","U5","60.35","Argilla sabbiosa alternata a strati calcarenitici","2b","0","Rampino","25",528277.2358,4565928.364,554
"1210","U5","60.4","Argilla sabbiosa alternata a strati calcarenitici","2b","0","Rampino","25",528277.2358,4565928.364,554
"1211","U5","60.45","Argilla sabbiosa alternata a strati calcarenitici","2b","0","Rampino","25",528277.2358,4565928.364,554
"1212","U5","60.5","Argilla sabbiosa alternata a strati calcarenitici","2b","0","Rampino","25",528277.2358,4565928.364,554
"1213","U5","60.55","Argilla sabbiosa alternata a strati calcarenitici","2b","0","Rampino","25",528277.2358,4565928.364,554
"1214","U5","60.6","Argilla sabbiosa alternata a strati calcarenitici","2b","0","Rampino","25",528277.2358,4565928.364,554
"1215","U5","60.65","Argilla sabbiosa alternata a strati calcarenitici","2b","0","Rampino","25",528277.2358,4565928.364,554
"1216","U5","60.7","Argilla sabbiosa alternata a strati calcarenitici","2b","0","Rampino","25",528277.2358,4565928.364,554
"1217","U5","60.75","Argilla sabbiosa alternata a strati calcarenitici","2b","0","Rampino","25",528277.2358,4565928.364,554
"1218","U5","60.8","Argilla sabbiosa alternata a strati calcarenitici","2b","0","Rampino","25",528277.2358,4565928.364,554
"1219","U5","60.85","Argilla sabbiosa alternata a strati calcarenitici","2b","0","Rampino","25",528277.2358,4565928.364,554
"1220","U5","60.9","Argilla sabbiosa alternata a strati calcarenitici","2b","0","Rampino","25",528277.2358,4565928.364,554
"1221","U5","60.95","Argilla sabbiosa alternata a strati calcarenitici","2b","0","Rampino","25",528277.2358,4565928.364,554
"1222","U5","61","Argilla sabbiosa alternata a strati calcarenitici","2b","0","Rampino","25",528277.2358,4565928.364,554
"1223","U5","61.05","Argilla sabbiosa alternata a strati calcarenitici","2b","0","Rampino","25",528277.2358,4565928.364,554
"1224","U5","61.1","Argilla sabbiosa alternata a strati calcarenitici","2b","0","Rampino","25",528277.2358,4565928.364,554
"1225","U5","61.15","Argilla sabbiosa alternata a strati calcarenitici","2b","0","Rampino","25",528277.2358,4565928.364,554
"1226","U5","61.2","Argilla sabbiosa alternata a strati calcarenitici","2b","0","Rampino","25",528277.2358,4565928.364,554
"1227","U5","61.25","Argilla sabbiosa alternata a strati calcarenitici","2b","0","Rampino","25",528277.2358,4565928.364,554
"1228","U5","61.3","Argilla sabbiosa alternata a strati calcarenitici","2b","0","Rampino","25",528277.2358,4565928.364,554
"1229","U5","61.35","Argilla sabbiosa alternata a strati calcarenitici","2b","0","Rampino","25",528277.2358,4565928.364,554
"1230","U5","61.4","Argilla sabbiosa alternata a strati calcarenitici","2b","0","Rampino","25",528277.2358,4565928.364,554
"1231","U5","61.45","Argilla sabbiosa alternata a strati calcarenitici","2b","0","Rampino","25",528277.2358,4565928.364,554
"1232","U5","61.5","Argilla sabbiosa alternata a strati calcarenitici","2b","0","Rampino","25",528277.2358,4565928.364,554
"1233","U5","61.55","Argilla sabbiosa alternata a strati calcarenitici","2b","0","Rampino","25",528277.2358,4565928.364,554
"1234","U5","61.6","Argilla sabbiosa alternata a strati calcarenitici","2b","0","Rampino","25",528277.2358,4565928.364,554
"1235","U5","61.65","Argilla sabbiosa alternata a strati calcarenitici","2b","0","Rampino","25",528277.2358,4565928.364,554
"1236","U5","61.7","Argilla sabbiosa alternata a strati calcarenitici","2b","0","Rampino","25",528277.2358,4565928.364,554
"1237","U5","61.75","Argilla sabbiosa alternata a strati calcarenitici","2b","0","Rampino","25",528277.2358,4565928.364,554
"1238","U5","61.8","Argilla sabbiosa alternata a strati calcarenitici","2b","0","Rampino","25",528277.2358,4565928.364,554
"1239","U5","61.85","Argilla sabbiosa alternata a strati calcarenitici","2b","0","Rampino","25",528277.2358,4565928.364,554
"1240","U5","61.9","Argilla sabbiosa alternata a strati calcarenitici","2b","0","Rampino","25",528277.2358,4565928.364,554
"1241","U5","61.95","Argilla sabbiosa alternata a strati calcarenitici","2b","0","Rampino","25",528277.2358,4565928.364,554
"1242","U5","62","Argilla sabbiosa alternata a strati calcarenitici","2b","0","Rampino","25",528277.2358,4565928.364,554
"1243","U5","62.05","Argilla sabbiosa alternata a strati calcarenitici","2b","0","Rampino","25",528277.2358,4565928.364,554
"1244","U5","62.1","Argilla sabbiosa alternata a strati calcarenitici","2b","0","Rampino","25",528277.2358,4565928.364,554
"1245","U5","62.15","Argilla sabbiosa alternata a strati calcarenitici","2b","0","Rampino","25",528277.2358,4565928.364,554
"1246","U5","62.2","Argilla sabbiosa alternata a strati calcarenitici","2b","0","Rampino","25",528277.2358,4565928.364,554
"1247","U5","62.25","Argilla sabbiosa alternata a strati calcarenitici","2b","0","Rampino","25",528277.2358,4565928.364,554
"1248","U5","62.3","Argilla sabbiosa alternata a strati calcarenitici","2b","0","Rampino","25",528277.2358,4565928.364,554
"1249","U5","62.35","Argilla sabbiosa alternata a strati calcarenitici","2b","0","Rampino","25",528277.2358,4565928.364,554
"1250","U5","62.4","Argilla sabbiosa alternata a strati calcarenitici","2b","0","Rampino","25",528277.2358,4565928.364,554
"1251","U5","62.45","Argilla sabbiosa alternata a strati calcarenitici","2b","0","Rampino","25",528277.2358,4565928.364,554
"1252","U5","62.5","Argilla sabbiosa alternata a strati calcarenitici","2b","0","Rampino","25",528277.2358,4565928.364,554
"1253","U5","62.55","Argilla sabbiosa alternata a strati calcarenitici","2b","0","Rampino","25",528277.2358,4565928.364,554
"1254","U5","62.6","Argilla sabbiosa alternata a strati calcarenitici","2b","0","Rampino","25",528277.2358,4565928.364,554
"1255","U5","62.65","Argilla sabbiosa alternata a strati calcarenitici","2b","0","Rampino","25",528277.2358,4565928.364,554
"1256","U5","62.7","Argilla sabbiosa alternata a strati calcarenitici","2b","0","Rampino","25",528277.2358,4565928.364,554
"1257","U5","62.75","Argilla sabbiosa alternata a strati calcarenitici","2b","0","Rampino","25",528277.2358,4565928.364,554
"1258","U5","62.8","Argilla sabbiosa alternata a strati calcarenitici","2b","0","Rampino","25",528277.2358,4565928.364,554
"1259","U5","62.85","Argilla sabbiosa alternata a strati calcarenitici","2b","0","Rampino","25",528277.2358,4565928.364,554
"1260","U5","62.9","Argilla sabbiosa alternata a strati calcarenitici","2b","0","Rampino","25",528277.2358,4565928.364,554
"1261","U5","62.95","Argilla sabbiosa alternata a strati calcarenitici","2b","0","Rampino","25",528277.2358,4565928.364,554
"1262","U5","63","Argilla sabbiosa alternata a strati calcarenitici","2b","0","Rampino","25",528277.2358,4565928.364,554
"1263","U5","63.05","Argilla sabbiosa alternata a strati calcarenitici","2b","0","Rampino","25",528277.2358,4565928.364,554
"1264","U5","63.1","Argilla sabbiosa alternata a strati calcarenitici","2b","0","Rampino","25",528277.2358,4565928.364,554
"1265","U5","63.15","Argilla sabbiosa alternata a strati calcarenitici","2b","0","Rampino","25",528277.2358,4565928.364,554
"1266","U5","63.2","Argilla sabbiosa alternata a strati calcarenitici","2b","0","Rampino","25",528277.2358,4565928.364,554
"1267","U5","63.25","Argilla sabbiosa alternata a strati calcarenitici","2b","0","Rampino","25",528277.2358,4565928.364,554
"1268","U5","63.3","Argilla sabbiosa alternata a strati calcarenitici","2b","0","Rampino","25",528277.2358,4565928.364,554
"1269","U5","63.35","Argilla sabbiosa alternata a strati calcarenitici","2b","0","Rampino","25",528277.2358,4565928.364,554
"1270","U5","63.4","Argilla sabbiosa alternata a strati calcarenitici","2b","0","Rampino","25",528277.2358,4565928.364,554
"1271","U5","63.45","Argilla sabbiosa alternata a strati calcarenitici","2b","0","Rampino","25",528277.2358,4565928.364,554
"1272","U5","63.5","Argilla sabbiosa alternata a strati calcarenitici","2b","0","Rampino","25",528277.2358,4565928.364,554
"1273","U5","63.55","Argilla sabbiosa alternata a strati calcarenitici","2b","0","Rampino","25",528277.2358,4565928.364,554
"1274","U5","63.6","Argilla sabbiosa alternata a strati calcarenitici","2b","0","Rampino","25",528277.2358,4565928.364,554
"1275","U5","63.65","Argilla sabbiosa alternata a strati calcarenitici","2b","0","Rampino","25",528277.2358,4565928.364,554
"1276","U5","63.7","Argilla sabbiosa alternata a strati calcarenitici","2b","0","Rampino","25",528277.2358,4565928.364,554
"1277","U5","63.75","Argilla sabbiosa alternata a strati calcarenitici","2b","0","Rampino","25",528277.2358,4565928.364,554
"1278","U5","63.8","Argilla sabbiosa alternata a strati calcarenitici","2b","0","Rampino","25",528277.2358,4565928.364,554
"1279","U5","63.85","Argilla sabbiosa alternata a strati calcarenitici","2b","0","Rampino","25",528277.2358,4565928.364,554
"1280","U5","63.9","Argilla sabbiosa alternata a strati calcarenitici","2b","0","Rampino","25",528277.2358,4565928.364,554
"1281","U5","63.95","Argilla sabbiosa alternata a strati calcarenitici","2b","0","Rampino","25",528277.2358,4565928.364,554
"1282","U5","64","Argilla sabbiosa alternata a strati calcarenitici","2b","0","Rampino","25",528277.2358,4565928.364,554
"1283","U5","64.05","Argilla sabbiosa alternata a strati calcarenitici","2b","0","Rampino","25",528277.2358,4565928.364,554
"1284","U5","64.1","Argilla sabbiosa alternata a strati calcarenitici","2b","0","Rampino","25",528277.2358,4565928.364,554
"1285","U5","64.15","Argilla sabbiosa alternata a strati calcarenitici","2b","0","Rampino","25",528277.2358,4565928.364,554
"1286","U5","64.2","Argilla sabbiosa alternata a strati calcarenitici","2b","0","Rampino","25",528277.2358,4565928.364,554
"1287","U5","64.25","Argilla sabbiosa alternata a strati calcarenitici","2b","0","Rampino","25",528277.2358,4565928.364,554
"1288","U5","64.3","Argilla sabbiosa alternata a strati calcarenitici","2b","0","Rampino","25",528277.2358,4565928.364,554
"1289","U5","64.35","Argilla sabbiosa alternata a strati calcarenitici","2b","0","Rampino","25",528277.2358,4565928.364,554
"1290","U5","64.4","Argilla sabbiosa alternata a strati calcarenitici","2b","0","Rampino","25",528277.2358,4565928.364,554
"1291","U5","64.45","Argilla sabbiosa alternata a strati calcarenitici","2b","0","Rampino","25",528277.2358,4565928.364,554
"1292","U5","64.5","Argilla sabbiosa alternata a strati calcarenitici","2b","0","Rampino","25",528277.2358,4565928.364,554
"1293","U5","64.55","Argilla sabbiosa alternata a strati calcarenitici","2b","0","Rampino","25",528277.2358,4565928.364,554
"1294","U5","64.6","Argilla sabbiosa alternata a strati calcarenitici","2b","0","Rampino","25",528277.2358,4565928.364,554
"1295","U5","64.65","Argilla sabbiosa alternata a strati calcarenitici","2b","0","Rampino","25",528277.2358,4565928.364,554
"1296","U5","64.7","Argilla sabbiosa alternata a strati calcarenitici","2b","0","Rampino","25",528277.2358,4565928.364,554
"1297","U5","64.75","Argilla sabbiosa alternata a strati calcarenitici","2b","0","Rampino","25",528277.2358,4565928.364,554
"1298","U5","64.8","Argilla sabbiosa alternata a strati calcarenitici","2b","0","Rampino","25",528277.2358,4565928.364,554
"1299","U5","64.85","Argilla sabbiosa alternata a strati calcarenitici","2b","0","Rampino","25",528277.2358,4565928.364,554
"1300","U5","64.9","Argilla sabbiosa alternata a strati calcarenitici","2b","0","Rampino","25",528277.2358,4565928.364,554
"1301","U5","64.95","Argilla sabbiosa alternata a strati calcarenitici","2b","0","Rampino","25",528277.2358,4565928.364,554
"1302","U5","65","Argilla sabbiosa alternata a strati calcarenitici","2b","0","Rampino","25",528277.2358,4565928.364,554
"1303","U5","65.05","Argilla sabbiosa alternata a strati calcarenitici","2b","0","Rampino","25",528277.2358,4565928.364,554
"1304","U5","65.1","Argilla sabbiosa alternata a strati calcarenitici","2b","0","Rampino","25",528277.2358,4565928.364,554
"1305","U5","65.15","Argilla sabbiosa alternata a strati calcarenitici","2b","0","Rampino","25",528277.2358,4565928.364,554
"1306","U5","65.2","Argilla sabbiosa alternata a strati calcarenitici","2b","0","Rampino","25",528277.2358,4565928.364,554
"1307","U5","65.25","Argilla sabbiosa alternata a strati calcarenitici","2b","0","Rampino","25",528277.2358,4565928.364,554
"1308","U5","65.3","Argilla sabbiosa alternata a strati calcarenitici","2b","0","Rampino","25",528277.2358,4565928.364,554
"1309","U5","65.35","Argilla sabbiosa alternata a strati calcarenitici","2b","0","Rampino","25",528277.2358,4565928.364,554
"1310","U5","65.4","Argilla sabbiosa alternata a strati calcarenitici","2b","0","Rampino","25",528277.2358,4565928.364,554
"1311","U5","65.45","Argilla sabbiosa alternata a strati calcarenitici","2b","0","Rampino","25",528277.2358,4565928.364,554
"1312","U5","65.5","Argilla sabbiosa alternata a strati calcarenitici","2b","0","Rampino","25",528277.2358,4565928.364,554
"1313","U5","65.55","Argilla sabbiosa alternata a strati calcarenitici","2b","0","Rampino","25",528277.2358,4565928.364,554
"1314","U5","65.6","Argilla sabbiosa alternata a strati calcarenitici","2b","0","Rampino","25",528277.2358,4565928.364,554
"1315","U5","65.65","Argilla sabbiosa alternata a strati calcarenitici","2b","0","Rampino","25",528277.2358,4565928.364,554
"1316","U5","65.7","Argilla sabbiosa alternata a strati calcarenitici","2b","0","Rampino","25",528277.2358,4565928.364,554
"1317","U5","65.75","Argilla sabbiosa alternata a strati calcarenitici","2b","0","Rampino","25",528277.2358,4565928.364,554
"1318","U5","65.8","Argilla sabbiosa alternata a strati calcarenitici","2b","0","Rampino","25",528277.2358,4565928.364,554
"1319","U5","65.85","Argilla sabbiosa alternata a strati calcarenitici","2b","0","Rampino","25",528277.2358,4565928.364,554
"1320","U5","65.9","Argilla sabbiosa alternata a strati calcarenitici","2b","0","Rampino","25",528277.2358,4565928.364,554
"1321","U5","65.95","Argilla sabbiosa alternata a strati calcarenitici","2b","0","Rampino","25",528277.2358,4565928.364,554
"1322","U5","66","Argilla sabbiosa alternata a strati calcarenitici","2b","0","Rampino","25",528277.2358,4565928.364,554
"1323","U5","66.05","Argilla sabbiosa alternata a strati calcarenitici","2b","0","Rampino","25",528277.2358,4565928.364,554
"1324","U5","66.1","Argilla sabbiosa alternata a strati calcarenitici","2b","0","Rampino","25",528277.2358,4565928.364,554
"1325","U5","66.15","Argilla sabbiosa alternata a strati calcarenitici","2b","0","Rampino","25",528277.2358,4565928.364,554
"1326","U5","66.2","Argilla sabbiosa alternata a strati calcarenitici","2b","0","Rampino","25",528277.2358,4565928.364,554
"1327","U5","66.25","Argilla sabbiosa alternata a strati calcarenitici","2b","0","Rampino","25",528277.2358,4565928.364,554
"1328","U5","66.3","Argilla sabbiosa alternata a strati calcarenitici","2b","0","Rampino","25",528277.2358,4565928.364,554
"1329","U5","66.35","Argilla sabbiosa alternata a strati calcarenitici","2b","0","Rampino","25",528277.2358,4565928.364,554
"1330","U5","66.4","Argilla sabbiosa alternata a strati calcarenitici","2b","0","Rampino","25",528277.2358,4565928.364,554
"1331","U5","66.45","Argilla sabbiosa alternata a strati calcarenitici","2b","0","Rampino","25",528277.2358,4565928.364,554
"1332","U5","66.5","Argilla sabbiosa alternata a strati calcarenitici","2b","0","Rampino","25",528277.2358,4565928.364,554
"1333","U5","66.55","Argilla sabbiosa alternata a strati calcarenitici","2b","0","Rampino","25",528277.2358,4565928.364,554
"1334","U5","66.6","Argilla sabbiosa alternata a strati calcarenitici","2b","0","Rampino","25",528277.2358,4565928.364,554
"1335","U5","66.65","Argilla sabbiosa alternata a strati calcarenitici","2b","0","Rampino","25",528277.2358,4565928.364,554
"1336","U5","66.7","Argilla sabbiosa alternata a strati calcarenitici","2b","0","Rampino","25",528277.2358,4565928.364,554
"1337","U5","66.75","Argilla sabbiosa alternata a strati calcarenitici","2b","0","Rampino","25",528277.2358,4565928.364,554
"1338","U5","66.8","Argilla sabbiosa alternata a strati calcarenitici","2b","0","Rampino","25",528277.2358,4565928.364,554
"1339","U5","66.85","Argilla sabbiosa alternata a strati calcarenitici","2b","0","Rampino","25",528277.2358,4565928.364,554
"1340","U5","66.9","Argilla sabbiosa alternata a strati calcarenitici","2b","0","Rampino","25",528277.2358,4565928.364,554
"1341","U5","66.95","Argilla sabbiosa alternata a strati calcarenitici","2b","0","Rampino","25",528277.2358,4565928.364,554
"1342","U5","67","Argilla sabbiosa alternata a strati calcarenitici","2b","0","Rampino","25",528277.2358,4565928.364,554
"1343","U5","67.05","Argilla sabbiosa alternata a strati calcarenitici","2b","0","Rampino","25",528277.2358,4565928.364,554
"1344","U5","67.1","Argilla sabbiosa alternata a strati calcarenitici","2b","0","Rampino","25",528277.2358,4565928.364,554
"1345","U5","67.15","Argilla sabbiosa alternata a strati calcarenitici","2b","0","Rampino","25",528277.2358,4565928.364,554
"1346","U5","67.2","Argilla sabbiosa alternata a strati calcarenitici","2b","0","Rampino","25",528277.2358,4565928.364,554
"1347","U5","67.25","Argilla sabbiosa alternata a strati calcarenitici","2b","0","Rampino","25",528277.2358,4565928.364,554
"1348","U5","67.3","Argilla sabbiosa alternata a strati calcarenitici","2b","0","Rampino","25",528277.2358,4565928.364,554
"1349","U5","67.35","Argilla sabbiosa alternata a strati calcarenitici","2b","0","Rampino","25",528277.2358,4565928.364,554
"1350","U5","67.4","Argilla sabbiosa alternata a strati calcarenitici","2b","0","Rampino","25",528277.2358,4565928.364,554
"1351","U5","67.45","Argilla sabbiosa alternata a strati calcarenitici","2b","0","Rampino","25",528277.2358,4565928.364,554
"1352","U5","67.5","Argilla sabbiosa alternata a strati calcarenitici","2b","0","Rampino","25",528277.2358,4565928.364,554
"1353","U5","67.55","Argilla sabbiosa alternata a strati calcarenitici","2b","0","Rampino","25",528277.2358,4565928.364,554
"1354","U5","67.6","Argilla sabbiosa alternata a strati calcarenitici","2b","0","Rampino","25",528277.2358,4565928.364,554
"1355","U5","67.65","Argilla sabbiosa alternata a strati calcarenitici","2b","0","Rampino","25",528277.2358,4565928.364,554
"1356","U5","67.7","Argilla sabbiosa alternata a strati calcarenitici","2b","0","Rampino","25",528277.2358,4565928.364,554
"1357","U5","67.75","Argilla sabbiosa alternata a strati calcarenitici","2b","0","Rampino","25",528277.2358,4565928.364,554
"1358","U5","67.8","Argilla sabbiosa alternata a strati calcarenitici","2b","0","Rampino","25",528277.2358,4565928.364,554
"1359","U5","67.85","Argilla sabbiosa alternata a strati calcarenitici","2b","0","Rampino","25",528277.2358,4565928.364,554
"1360","U5","67.9","Argilla sabbiosa alternata a strati calcarenitici","2b","0","Rampino","25",528277.2358,4565928.364,554
"1361","U5","67.95","Argilla sabbiosa alternata a strati calcarenitici","2b","0","Rampino","25",528277.2358,4565928.364,554
"1362","U5","68","Argilla sabbiosa alternata a strati calcarenitici","2b","0","Rampino","25",528277.2358,4565928.364,554
"1363","U5","68.05","Argilla sabbiosa alternata a strati calcarenitici","2b","0","Rampino","25",528277.2358,4565928.364,554
"1364","U5","68.1","Argilla sabbiosa alternata a strati calcarenitici","2b","0","Rampino","25",528277.2358,4565928.364,554
"1365","U5","68.15","Argilla sabbiosa alternata a strati calcarenitici","2b","0","Rampino","25",528277.2358,4565928.364,554
"1366","U5","68.2","Argilla sabbiosa alternata a strati calcarenitici","2b","0","Rampino","25",528277.2358,4565928.364,554
"1367","U5","68.25","Argilla sabbiosa alternata a strati calcarenitici","2b","0","Rampino","25",528277.2358,4565928.364,554
"1368","U5","68.3","Argilla sabbiosa alternata a strati calcarenitici","2b","0","Rampino","25",528277.2358,4565928.364,554
"1369","U5","68.35","Argilla sabbiosa alternata a strati calcarenitici","2b","0","Rampino","25",528277.2358,4565928.364,554
"1370","U5","68.4","Argilla sabbiosa alternata a strati calcarenitici","2b","0","Rampino","25",528277.2358,4565928.364,554
"1371","U5","68.45","Argilla sabbiosa alternata a strati calcarenitici","2b","0","Rampino","25",528277.2358,4565928.364,554
"1372","U5","68.5","Argilla sabbiosa alternata a strati calcarenitici","2b","0","Rampino","25",528277.2358,4565928.364,554
"1373","U5","68.55","Argilla sabbiosa alternata a strati calcarenitici","2b","0","Rampino","25",528277.2358,4565928.364,554
"1374","U5","68.6","Argilla sabbiosa alternata a strati calcarenitici","2b","0","Rampino","25",528277.2358,4565928.364,554
"1375","U5","68.65","Argilla sabbiosa alternata a strati calcarenitici","2b","0","Rampino","25",528277.2358,4565928.364,554
"1376","U5","68.7","Argilla sabbiosa alternata a strati calcarenitici","2b","0","Rampino","25",528277.2358,4565928.364,554
"1377","U5","68.75","Argilla sabbiosa alternata a strati calcarenitici","2b","0","Rampino","25",528277.2358,4565928.364,554
"1378","U5","68.8","Argilla sabbiosa alternata a strati calcarenitici","2b","0","Rampino","25",528277.2358,4565928.364,554
"1379","U5","68.85","Argilla sabbiosa alternata a strati calcarenitici","2b","0","Rampino","25",528277.2358,4565928.364,554
"1380","U5","68.9","Argilla sabbiosa alternata a strati calcarenitici","2b","0","Rampino","25",528277.2358,4565928.364,554
"1381","U5","68.95","Argilla sabbiosa alternata a strati calcarenitici","2b","0","Rampino","25",528277.2358,4565928.364,554
"1382","U5","69","Argilla sabbiosa alternata a strati calcarenitici","2b","0","Rampino","25",528277.2358,4565928.364,554
"1383","U5","69.05","Argilla sabbiosa alternata a strati calcarenitici","2b","0","Rampino","25",528277.2358,4565928.364,554
"1384","U5","69.1","Argilla sabbiosa alternata a strati calcarenitici","2b","0","Rampino","25",528277.2358,4565928.364,554
"1385","U5","69.15","Argilla sabbiosa alternata a strati calcarenitici","2b","0","Rampino","25",528277.2358,4565928.364,554
"1386","U5","69.2","Argilla sabbiosa alternata a strati calcarenitici","2b","0","Rampino","25",528277.2358,4565928.364,554
"1387","U5","69.25","Argilla sabbiosa alternata a strati calcarenitici","2b","0","Rampino","25",528277.2358,4565928.364,554
"1388","U5","69.3","Argilla sabbiosa alternata a strati calcarenitici","2b","0","Rampino","25",528277.2358,4565928.364,554
"1389","U5","69.35","Argilla sabbiosa alternata a strati calcarenitici","2b","0","Rampino","25",528277.2358,4565928.364,554
"1390","U5","69.4","Argilla sabbiosa alternata a strati calcarenitici","2b","0","Rampino","25",528277.2358,4565928.364,554
"1391","U5","69.45","Argilla sabbiosa alternata a strati calcarenitici","2b","0","Rampino","25",528277.2358,4565928.364,554
"1392","U5","69.5","Argilla sabbiosa alternata a strati calcarenitici","2b","0","Rampino","25",528277.2358,4565928.364,554
"1393","U5","69.55","Argilla sabbiosa alternata a strati calcarenitici","2b","0","Rampino","25",528277.2358,4565928.364,554
"1394","U5","69.6","Argilla sabbiosa alternata a strati calcarenitici","2b","0","Rampino","25",528277.2358,4565928.364,554
"1395","U5","69.65","Argilla sabbiosa alternata a strati calcarenitici","2b","0","Rampino","25",528277.2358,4565928.364,554
"1396","U5","69.7","Argilla sabbiosa alternata a strati calcarenitici","2b","0","Rampino","25",528277.2358,4565928.364,554
"1397","U5","69.75","Argilla sabbiosa alternata a strati calcarenitici","2b","0","Rampino","25",528277.2358,4565928.364,554
"1398","U5","69.8","Argilla sabbiosa alternata a strati calcarenitici","2b","0","Rampino","25",528277.2358,4565928.364,554
"1399","U5","69.85","Argilla sabbiosa alternata a strati calcarenitici","2b","0","Rampino","25",528277.2358,4565928.364,554
"1400","U5","69.9","Argilla sabbiosa alternata a strati calcarenitici","2b","0","Rampino","25",528277.2358,4565928.364,554
"1401","U5","69.95","Argilla sabbiosa alternata a strati calcarenitici","2b","0","Rampino","25",528277.2358,4565928.364,554
"1402","U5","70","Argilla sabbiosa alternata a strati calcarenitici","2b","0","Rampino","25",528277.2358,4565928.364,554
"1403","U5","70.05","Argilla sabbiosa alternata a strati calcarenitici","2b","0","Rampino","25",528277.2358,4565928.364,554
"1404","U5","70.1","Argilla sabbiosa alternata a strati calcarenitici","2b","0","Rampino","25",528277.2358,4565928.364,554
"1405","U5","70.15","Argilla sabbiosa alternata a strati calcarenitici","2b","0","Rampino","25",528277.2358,4565928.364,554
"1406","U5","70.2","Argilla sabbiosa alternata a strati calcarenitici","2b","0","Rampino","25",528277.2358,4565928.364,554
"1407","U5","70.25","Argilla sabbiosa alternata a strati calcarenitici","2b","0","Rampino","25",528277.2358,4565928.364,554
"1408","U5","70.3","Argilla sabbiosa alternata a strati calcarenitici","2b","0","Rampino","25",528277.2358,4565928.364,554
"1409","U5","70.35","Argilla sabbiosa alternata a strati calcarenitici","2b","0","Rampino","25",528277.2358,4565928.364,554
"1410","U5","70.4","Argilla sabbiosa alternata a strati calcarenitici","2b","0","Rampino","25",528277.2358,4565928.364,554
"1411","U5","70.45","Argilla sabbiosa alternata a strati calcarenitici","2b","0","Rampino","25",528277.2358,4565928.364,554
"1412","U5","70.5","Argilla sabbiosa alternata a strati calcarenitici","2b","0","Rampino","25",528277.2358,4565928.364,554
"1413","U5","70.55","Argilla sabbiosa alternata a strati calcarenitici","2b","0","Rampino","25",528277.2358,4565928.364,554
"1414","U5","70.6","Argilla sabbiosa alternata a strati calcarenitici","2b","0","Rampino","25",528277.2358,4565928.364,554
"1415","U5","70.65","Argilla sabbiosa alternata a strati calcarenitici","2b","0","Rampino","25",528277.2358,4565928.364,554
"1416","U5","70.7","Argilla sabbiosa alternata a strati calcarenitici","2b","0","Rampino","25",528277.2358,4565928.364,554
"1417","U5","70.75","Argilla sabbiosa alternata a strati calcarenitici","2b","0","Rampino","25",528277.2358,4565928.364,554
"1418","U5","70.8","Argilla sabbiosa alternata a strati calcarenitici","2b","0","Rampino","25",528277.2358,4565928.364,554
"1419","U5","70.85","Argilla sabbiosa alternata a strati calcarenitici","2b","0","Rampino","25",528277.2358,4565928.364,554
"1420","U5","70.9","Argilla sabbiosa alternata a strati calcarenitici","2b","0","Rampino","25",528277.2358,4565928.364,554
"1421","U5","70.95","Argilla sabbiosa alternata a strati calcarenitici","2b","0","Rampino","25",528277.2358,4565928.364,554
"1422","U5","71","Argilla sabbiosa alternata a strati calcarenitici","2b","0","Rampino","25",528277.2358,4565928.364,554
"1423","U5","71.05","Argilla sabbiosa alternata a strati calcarenitici","2b","0","Rampino","25",528277.2358,4565928.364,554
"1424","U5","71.1","Argilla sabbiosa alternata a strati calcarenitici","2b","0","Rampino","25",528277.2358,4565928.364,554
"1425","U5","71.15","Argilla sabbiosa alternata a strati calcarenitici","2b","0","Rampino","25",528277.2358,4565928.364,554
"1426","U5","71.2","Argilla sabbiosa alternata a strati calcarenitici","2b","0","Rampino","25",528277.2358,4565928.364,554
"1427","U5","71.25","Argilla sabbiosa alternata a strati calcarenitici","2b","0","Rampino","25",528277.2358,4565928.364,554
"1428","U5","71.3","Argilla sabbiosa alternata a strati calcarenitici","2b","0","Rampino","25",528277.2358,4565928.364,554
"1429","U5","71.35","Argilla sabbiosa alternata a strati calcarenitici","2b","0","Rampino","25",528277.2358,4565928.364,554
"1430","U5","71.4","Argilla sabbiosa alternata a strati calcarenitici","2b","0","Rampino","25",528277.2358,4565928.364,554
"1431","U5","71.45","Argilla sabbiosa alternata a strati calcarenitici","2b","0","Rampino","25",528277.2358,4565928.364,554
"1432","U5","71.5","Argilla sabbiosa alternata a strati calcarenitici","2b","0","Rampino","25",528277.2358,4565928.364,554
"1433","U5","71.55","Argilla sabbiosa alternata a strati calcarenitici","2b","0","Rampino","25",528277.2358,4565928.364,554
"1434","U5","71.6","Argilla sabbiosa alternata a strati calcarenitici","2b","0","Rampino","25",528277.2358,4565928.364,554
"1435","U5","71.65","Argilla sabbiosa alternata a strati calcarenitici","2b","0","Rampino","25",528277.2358,4565928.364,554
"1436","U5","71.7","Argilla sabbiosa alternata a strati calcarenitici","2b","0","Rampino","25",528277.2358,4565928.364,554
"1437","U5","71.75","Argilla sabbiosa alternata a strati calcarenitici","2b","0","Rampino","25",528277.2358,4565928.364,554
"1438","U5","71.8","Argilla sabbiosa alternata a strati calcarenitici","2b","0","Rampino","25",528277.2358,4565928.364,554
"1439","U5","71.85","Argilla sabbiosa alternata a strati calcarenitici","2b","0","Rampino","25",528277.2358,4565928.364,554
"1440","U5","71.9","Argilla sabbiosa alternata a strati calcarenitici","2b","0","Rampino","25",528277.2358,4565928.364,554
"1441","U5","71.95","Argilla sabbiosa alternata a strati calcarenitici","2b","0","Rampino","25",528277.2358,4565928.364,554
"1442","U5","72","Argilla sabbiosa alternata a strati calcarenitici","2b","0","Rampino","25",528277.2358,4565928.364,554
"1443","U5","72.05","Argilla sabbiosa alternata a strati calcarenitici","2b","0","Rampino","25",528277.2358,4565928.364,554
"1444","U5","72.1","Argilla sabbiosa alternata a strati calcarenitici","2b","0","Rampino","25",528277.2358,4565928.364,554
"1445","U5","72.15","Argilla sabbiosa alternata a strati calcarenitici","2b","0","Rampino","25",528277.2358,4565928.364,554
"1446","U5","72.2","Argilla sabbiosa alternata a strati calcarenitici","2b","0","Rampino","25",528277.2358,4565928.364,554
"1447","U5","72.25","Argilla sabbiosa alternata a strati calcarenitici","2b","0","Rampino","25",528277.2358,4565928.364,554
"1448","U5","72.3","Argilla sabbiosa alternata a strati calcarenitici","2b","0","Rampino","25",528277.2358,4565928.364,554
"1449","U5","72.35","Argilla sabbiosa alternata a strati calcarenitici","2b","0","Rampino","25",528277.2358,4565928.364,554
"1450","U5","72.4","Argilla sabbiosa alternata a strati calcarenitici","2b","0","Rampino","25",528277.2358,4565928.364,554
"1451","U5","72.45","Argilla sabbiosa alternata a strati calcarenitici","2b","0","Rampino","25",528277.2358,4565928.364,554
"1452","U5","72.5","Argilla sabbiosa alternata a strati calcarenitici","2b","0","Rampino","25",528277.2358,4565928.364,554
"1453","U5","72.55","Argilla sabbiosa alternata a strati calcarenitici","2b","0","Rampino","25",528277.2358,4565928.364,554
"1454","U5","72.6","Argilla sabbiosa alternata a strati calcarenitici","2b","0","Rampino","25",528277.2358,4565928.364,554
"1455","U5","72.65","Argilla sabbiosa alternata a strati calcarenitici","2b","0","Rampino","25",528277.2358,4565928.364,554
"1456","U5","72.7","Argilla sabbiosa alternata a strati calcarenitici","2b","0","Rampino","25",528277.2358,4565928.364,554
"1457","U5","72.75","Argilla sabbiosa alternata a strati calcarenitici","2b","0","Rampino","25",528277.2358,4565928.364,554
"1458","U5","72.8","Argilla sabbiosa alternata a strati calcarenitici","2b","0","Rampino","25",528277.2358,4565928.364,554
"1459","U5","72.85","Argilla sabbiosa alternata a strati calcarenitici","2b","0","Rampino","25",528277.2358,4565928.364,554
"1460","U5","72.9","Argilla sabbiosa alternata a strati calcarenitici","2b","0","Rampino","25",528277.2358,4565928.364,554
"1461","U5","72.95","Argilla sabbiosa alternata a strati calcarenitici","2b","0","Rampino","25",528277.2358,4565928.364,554
"1462","U5","73","Argilla sabbiosa alternata a strati calcarenitici","2b","0","Rampino","25",528277.2358,4565928.364,554
"1463","U5","73.05","Argilla sabbiosa alternata a strati calcarenitici","2b","0","Rampino","25",528277.2358,4565928.364,554
"1464","U5","73.1","Argilla sabbiosa alternata a strati calcarenitici","2b","0","Rampino","25",528277.2358,4565928.364,554
"1465","U5","73.15","Argilla sabbiosa alternata a strati calcarenitici","2b","0","Rampino","25",528277.2358,4565928.364,554
"1466","U5","73.2","Argilla sabbiosa alternata a strati calcarenitici","2b","0","Rampino","25",528277.2358,4565928.364,554
"1467","U5","73.25","Argilla sabbiosa alternata a strati calcarenitici","2b","0","Rampino","25",528277.2358,4565928.364,554
"1468","U5","73.3","Argilla sabbiosa alternata a strati calcarenitici","2b","0","Rampino","25",528277.2358,4565928.364,554
"1469","U5","73.35","Argilla sabbiosa alternata a strati calcarenitici","2b","0","Rampino","25",528277.2358,4565928.364,554
"1470","U5","73.4","Argilla sabbiosa alternata a strati calcarenitici","2b","0","Rampino","25",528277.2358,4565928.364,554
"1471","U5","73.45","Argilla sabbiosa alternata a strati calcarenitici","2b","0","Rampino","25",528277.2358,4565928.364,554
"1472","U5","73.5","Argilla sabbiosa alternata a strati calcarenitici","2b","0","Rampino","25",528277.2358,4565928.364,554
"1473","U5","73.55","Argilla sabbiosa alternata a strati calcarenitici","2b","0","Rampino","25",528277.2358,4565928.364,554
"1474","U5","73.6","Argilla sabbiosa alternata a strati calcarenitici","2b","0","Rampino","25",528277.2358,4565928.364,554
"1475","U5","73.65","Argilla sabbiosa alternata a strati calcarenitici","2b","0","Rampino","25",528277.2358,4565928.364,554
"1476","U5","73.7","Argilla sabbiosa alternata a strati calcarenitici","2b","0","Rampino","25",528277.2358,4565928.364,554
"1477","U5","73.75","Argilla sabbiosa alternata a strati calcarenitici","2b","0","Rampino","25",528277.2358,4565928.364,554
"1478","U5","73.8","Argilla sabbiosa alternata a strati calcarenitici","2b","0","Rampino","25",528277.2358,4565928.364,554
"1479","U5","73.85","Argilla sabbiosa alternata a strati calcarenitici","2b","0","Rampino","25",528277.2358,4565928.364,554
"1480","U5","73.9","Argilla sabbiosa alternata a strati calcarenitici","2b","0","Rampino","25",528277.2358,4565928.364,554
"1481","U5","73.95","Argilla sabbiosa alternata a strati calcarenitici","2b","0","Rampino","25",528277.2358,4565928.364,554
"1482","U5","74","Argilla sabbiosa alternata a strati calcarenitici","2b","0","Rampino","25",528277.2358,4565928.364,554
"1483","U5","74.05","Argilla sabbiosa alternata a strati calcarenitici","2b","0","Rampino","25",528277.2358,4565928.364,554
"1484","U5","74.1","Argilla sabbiosa alternata a strati calcarenitici","2b","0","Rampino","25",528277.2358,4565928.364,554
"1485","U5","74.15","Argilla sabbiosa alternata a strati calcarenitici","2b","0","Rampino","25",528277.2358,4565928.364,554
"1486","U5","74.2","Argilla sabbiosa alternata a strati calcarenitici","2b","0","Rampino","25",528277.2358,4565928.364,554
"1487","U5","74.25","Argilla sabbiosa alternata a strati calcarenitici","2b","0","Rampino","25",528277.2358,4565928.364,554
"1488","U5","74.3","Argilla sabbiosa alternata a strati calcarenitici","2b","0","Rampino","25",528277.2358,4565928.364,554
"1489","U5","74.35","Argilla sabbiosa alternata a strati calcarenitici","2b","0","Rampino","25",528277.2358,4565928.364,554
"1490","U5","74.4","Argilla sabbiosa alternata a strati calcarenitici","2b","0","Rampino","25",528277.2358,4565928.364,554
"1491","U5","74.45","Argilla sabbiosa alternata a strati calcarenitici","2b","0","Rampino","25",528277.2358,4565928.364,554
"1492","U5","74.5","Argilla sabbiosa alternata a strati calcarenitici","2b","0","Rampino","25",528277.2358,4565928.364,554
"1493","U5","74.55","Argilla sabbiosa alternata a strati calcarenitici","2b","0","Rampino","25",528277.2358,4565928.364,554
"1494","U5","74.6","Argilla sabbiosa alternata a strati calcarenitici","2b","0","Rampino","25",528277.2358,4565928.364,554
"1495","U5","74.65","Argilla sabbiosa alternata a strati calcarenitici","2b","0","Rampino","25",528277.2358,4565928.364,554
"1496","U5","74.7","Argilla sabbiosa alternata a strati calcarenitici","2b","0","Rampino","25",528277.2358,4565928.364,554
"1497","U5","74.75","Argilla sabbiosa alternata a strati calcarenitici","2b","0","Rampino","25",528277.2358,4565928.364,554
"1498","U5","74.8","Argilla sabbiosa alternata a strati calcarenitici","2b","0","Rampino","25",528277.2358,4565928.364,554
"1499","U5","74.85","Argilla sabbiosa alternata a strati calcarenitici","2b","0","Rampino","25",528277.2358,4565928.364,554
"1500","U5","74.9","Argilla sabbiosa alternata a strati calcarenitici","2b","0","Rampino","25",528277.2358,4565928.364,554
"1501","U5","74.95","Argilla sabbiosa alternata a strati calcarenitici","2b","0","Rampino","25",528277.2358,4565928.364,554
"1502","U5","75","Argilla sabbiosa alternata a strati calcarenitici","2b","0","Rampino","25",528277.2358,4565928.364,554
"1503","U5","75.05","Argilla sabbiosa alternata a strati calcarenitici","2b","0","Rampino","25",528277.2358,4565928.364,554
"1504","U5","75.1","Argilla sabbiosa alternata a strati calcarenitici","2b","0","Rampino","25",528277.2358,4565928.364,554
"1505","U5","75.15","Argilla sabbiosa alternata a strati calcarenitici","2b","0","Rampino","25",528277.2358,4565928.364,554
"1506","U5","75.2","Argilla sabbiosa alternata a strati calcarenitici","2b","0","Rampino","25",528277.2358,4565928.364,554
"1507","U5","75.25","Argilla sabbiosa alternata a strati calcarenitici","2b","0","Rampino","25",528277.2358,4565928.364,554
"1508","U5","75.3","Argilla sabbiosa alternata a strati calcarenitici","2b","0","Rampino","25",528277.2358,4565928.364,554
"1509","U5","75.35","Argilla sabbiosa alternata a strati calcarenitici","2b","0","Rampino","25",528277.2358,4565928.364,554
"1510","U5","75.4","Argilla sabbiosa alternata a strati calcarenitici","2b","0","Rampino","25",528277.2358,4565928.364,554
"1511","U5","75.45","Argilla sabbiosa alternata a strati calcarenitici","2b","0","Rampino","25",528277.2358,4565928.364,554
"1512","U5","75.5","Argilla sabbiosa alternata a strati calcarenitici","2b","0","Rampino","25",528277.2358,4565928.364,554
"1513","U5","75.55","Argilla sabbiosa alternata a strati calcarenitici","2b","0","Rampino","25",528277.2358,4565928.364,554
"1514","U5","75.6","Argilla sabbiosa alternata a strati calcarenitici","2b","0","Rampino","25",528277.2358,4565928.364,554
"1515","U5","75.65","Argilla sabbiosa alternata a strati calcarenitici","2b","0","Rampino","25",528277.2358,4565928.364,554
"1516","U5","75.7","Argilla sabbiosa alternata a strati calcarenitici","2b","0","Rampino","25",528277.2358,4565928.364,554
"1517","U5","75.75","Argilla sabbiosa alternata a strati calcarenitici","2b","0","Rampino","25",528277.2358,4565928.364,554
"1518","U5","75.8","Argilla sabbiosa alternata a strati calcarenitici","2b","0","Rampino","25",528277.2358,4565928.364,554
"1519","U5","75.85","Argilla sabbiosa alternata a strati calcarenitici","2b","0","Rampino","25",528277.2358,4565928.364,554
"1520","U5","75.9","Argilla sabbiosa alternata a strati calcarenitici","2b","0","Rampino","25",528277.2358,4565928.364,554
"1521","U5","75.95","Argilla sabbiosa alternata a strati calcarenitici","2b","0","Rampino","25",528277.2358,4565928.364,554
"1522","U5","76","Argilla sabbiosa alternata a strati calcarenitici","2b","0","Rampino","25",528277.2358,4565928.364,554
"1523","U5","76.05","Argilla sabbiosa alternata a strati calcarenitici","2b","0","Rampino","25",528277.2358,4565928.364,554
"1524","U5","76.1","Argilla sabbiosa alternata a strati calcarenitici","2b","0","Rampino","25",528277.2358,4565928.364,554
"1525","U5","76.15","Argilla sabbiosa alternata a strati calcarenitici","2b","0","Rampino","25",528277.2358,4565928.364,554
"1526","U5","76.2","Argilla sabbiosa alternata a strati calcarenitici","2b","0","Rampino","25",528277.2358,4565928.364,554
"1527","U5","76.25","Argilla sabbiosa alternata a strati calcarenitici","2b","0","Rampino","25",528277.2358,4565928.364,554
"1528","U5","76.3","Argilla sabbiosa alternata a strati calcarenitici","2b","0","Rampino","25",528277.2358,4565928.364,554
"1529","U5","76.35","Argilla sabbiosa alternata a strati calcarenitici","2b","0","Rampino","25",528277.2358,4565928.364,554
"1530","U5","76.4","Argilla sabbiosa alternata a strati calcarenitici","2b","0","Rampino","25",528277.2358,4565928.364,554
"1531","U5","76.45","Argilla sabbiosa alternata a strati calcarenitici","2b","0","Rampino","25",528277.2358,4565928.364,554
"1532","U5","76.5","Argilla sabbiosa alternata a strati calcarenitici","2b","0","Rampino","25",528277.2358,4565928.364,554
"1533","U5","76.55","Argilla sabbiosa alternata a strati calcarenitici","2b","0","Rampino","25",528277.2358,4565928.364,554
"1534","U5","76.6","Argilla sabbiosa alternata a strati calcarenitici","2b","0","Rampino","25",528277.2358,4565928.364,554
"1535","U5","76.65","Argilla sabbiosa alternata a strati calcarenitici","2b","0","Rampino","25",528277.2358,4565928.364,554
"1536","U5","76.7","Argilla sabbiosa alternata a strati calcarenitici","2b","0","Rampino","25",528277.2358,4565928.364,554
